layer,head,group,mean_score,mean_abs,n
0,0,prefix,0.0,0.0,252
0,1,prefix,0.0,0.0,252
0,2,prefix,0.0,0.0,252
0,3,prefix,0.0,0.0,252
0,4,prefix,0.0,0.0,252
0,5,prefix,0.0,0.0,252
0,6,prefix,0.0,0.0,252
0,7,prefix,0.0,0.0,252
0,8,prefix,0.0,0.0,252
0,9,prefix,0.0,0.0,252
0,10,prefix,0.0,0.0,252
0,11,prefix,0.0,0.0,252
0,12,prefix,0.0,0.0,252
0,13,prefix,0.0,0.0,252
0,14,prefix,0.0,0.0,252
0,15,prefix,0.0,0.0,252
0,16,prefix,0.0,0.0,252
0,17,prefix,0.0,0.0,252
0,18,prefix,0.0,0.0,252
0,19,prefix,0.0,0.0,252
0,20,prefix,0.0,0.0,252
0,21,prefix,0.0,0.0,252
0,22,prefix,0.0,0.0,252
0,23,prefix,0.0,0.0,252
0,24,prefix,0.0,0.0,252
0,25,prefix,0.0,0.0,252
0,26,prefix,0.0,0.0,252
0,27,prefix,0.0,0.0,252
0,28,prefix,0.0,0.0,252
0,29,prefix,0.0,0.0,252
0,30,prefix,0.0,0.0,252
0,31,prefix,0.0,0.0,252
0,0,entity,0.0056123417429810776,0.08750570129135639,252
0,1,entity,0.003583092738976813,0.08378552426530939,252
0,2,entity,-0.034851506476693356,0.31865914251575883,252
0,3,entity,0.07055400748902771,0.2836047488481055,252
0,4,entity,-0.01119692834814371,0.024718460529540954,252
0,5,entity,-0.0012999967532070717,0.020960320121322717,252
0,6,entity,-0.036953903676534075,0.1414985775318489,252
0,7,entity,-0.0009762053040691488,0.029556064004801947,252
0,8,entity,-5.994228281668343e-05,0.026877679407854366,252
0,9,entity,-0.0028049727005718668,0.026669930398802822,252
0,10,entity,0.0032082245048109647,0.024588872031133163,252
0,11,entity,-0.001514554350121346,0.09358233840381246,252
0,12,entity,0.017238596027117824,0.02662388419614419,252
0,13,entity,-0.0004775669824286726,0.005445305166393241,252
0,14,entity,-0.0013288864189263901,0.007334094215655077,252
0,15,entity,0.0019508445686716143,0.020676588619867937,252
0,16,entity,-0.00270963905779989,0.007444241603162294,252
0,17,entity,0.0013106721021936137,0.009351468246540396,252
0,18,entity,-0.000402229556093805,0.0039023652128211297,252
0,19,entity,0.00029594474837347026,0.0032555378998978765,252
0,20,entity,-0.0031453284455993627,0.014860542082123363,252
0,21,entity,-0.004156686028441722,0.020628815701428042,252
0,22,entity,-0.00017496921911573274,0.008334892755397411,252
0,23,entity,-0.003874950666425912,0.07497567522625018,252
0,24,entity,-0.08174860393554563,0.23835534406715028,252
0,25,entity,0.00779855979554769,0.03937209211913536,252
0,26,entity,0.011855974529882789,0.07483591155739434,252
0,27,entity,0.007474531179006648,0.02437270159099994,252
0,28,entity,0.0004260872109813453,0.0078110627493717605,252
0,29,entity,-0.00032749575177784583,0.0013521245300797177,252
0,30,entity,0.0004623948623933728,0.0044271131815433375,252
0,31,entity,-1.4332262152392002e-07,1.4496290243677944e-07,252
0,0,last,-0.00031159339726270573,0.0016573423648849942,252
0,1,last,7.155764592064929e-05,0.0006012857283210559,252
0,2,last,6.971296811354391e-06,0.00024479821155500036,252
0,3,last,-0.00012600022082984825,0.0008294669653892809,252
0,4,last,-0.0001443475129711996,0.0005133291928186303,252
0,5,last,5.273647603023583e-05,0.0005305259022688482,252
0,6,last,-3.495216893382363e-05,0.0005352331348452329,252
0,7,last,0.00045971837980254176,0.0026300864554084707,252
0,8,last,0.0003335079326505019,0.002546004763442195,252
0,9,last,-0.00029305960838211744,0.0013313033444911338,252
0,10,last,-4.2449255979302086e-05,0.0010409656639990678,252
0,11,last,0.000245466473787683,0.006374838127013636,252
0,12,last,9.814272839104801e-05,0.0007644984989527739,252
0,13,last,-3.0613651370725756e-05,0.0005606809836102738,252
0,14,last,-2.0442441757676e-05,0.0003814512093081176,252
0,15,last,-5.01459044966078e-05,0.0013497591739112054,252
0,16,last,-3.536637178325373e-05,0.00018920960575188574,252
0,17,last,-0.00033101685495773655,0.003005988538562734,252
0,18,last,1.978697820872878e-06,0.00010823309769024029,252
0,19,last,6.617305376811788e-05,0.00037992967713401573,252
0,20,last,5.9227268514131e-05,0.000738141248369911,252
0,21,last,2.1546528343952515e-05,0.00019228522474111829,252
0,22,last,-3.5688798605059714e-05,0.00022273229695288354,252
0,23,last,6.918871942963008e-05,0.002983207073980122,252
0,24,last,0.00014681371428037343,0.0007186307391546305,252
0,25,last,-0.0001487382175135223,0.0011283159430084716,252
0,26,last,-9.640952016019987e-05,0.0006088196550124502,252
0,27,last,4.159155200579248e-05,0.0007797338701147098,252
0,28,last,-5.224456727441903e-06,0.0001965691287281631,252
0,29,last,-1.3351980954659724e-06,1.1089038915246968e-05,252
0,30,last,4.315635578677757e-06,7.410954140863078e-05,252
0,31,last,2.9531689968222517e-08,5.8622426588535456e-08,252
0,0,suffix,0.001924487010939398,0.012216093846435551,252
0,1,suffix,0.0006787212785869968,0.00933259844095162,252
0,2,suffix,-0.0028439817200690536,0.027786082567327446,252
0,3,suffix,0.00016464478067569467,0.003447943068984329,252
0,4,suffix,4.809064230790855e-05,0.0035640052768406076,252
0,5,suffix,6.91025678255149e-05,0.0036429722212637395,252
0,6,suffix,0.0006584133817658954,0.004817386728677414,252
0,7,suffix,-0.0004400421873094548,0.00807717180848721,252
0,8,suffix,0.000511607728445337,0.006685291980021348,252
0,9,suffix,0.0002432120101210395,0.004320065243923131,252
0,10,suffix,1.578054070705548e-05,0.002890080798279664,252
0,11,suffix,-0.0037359731045904076,0.01719582432105242,252
0,12,suffix,-0.0001890030703396492,0.003021351516537603,252
0,13,suffix,-0.0003540906801491575,0.004211957785657201,252
0,14,suffix,0.0005910872222600682,0.0030003933715205574,252
0,15,suffix,0.00019404505809010486,0.0028348512273262873,252
0,16,suffix,-5.2725704130179586e-05,0.0032186037577026753,252
0,17,suffix,0.0005846374440316429,0.005159089676165004,252
0,18,suffix,6.937412232464196e-05,0.004217237300512323,252
0,19,suffix,2.6015398614415768e-05,0.003959643572649102,252
0,20,suffix,-0.00035853156681234455,0.004207583975007837,252
0,21,suffix,-4.56847440271679e-05,0.002362280750608151,252
0,22,suffix,0.00019103505756642595,0.003460436941756439,252
0,23,suffix,0.000543316997447532,0.0036932598908938487,252
0,24,suffix,0.00045638248442022206,0.0060444846016945945,252
0,25,suffix,0.00015218547216338466,0.0036238047147298135,252
0,26,suffix,-0.000431347696287539,0.005610365132140162,252
0,27,suffix,0.0002035772365219138,0.0036117694053751214,252
0,28,suffix,0.0005478064099627823,0.004051794415913051,252
0,29,suffix,-0.001112001449094067,0.0039643327904197835,252
0,30,suffix,0.00040646548111210123,0.0043506707088792635,252
0,31,suffix,0.00022678616603967846,0.004044247176100018,252
1,0,prefix,0.0,0.0,252
1,1,prefix,0.0,0.0,252
1,2,prefix,0.0,0.0,252
1,3,prefix,0.0,0.0,252
1,4,prefix,0.0,0.0,252
1,5,prefix,0.0,0.0,252
1,6,prefix,0.0,0.0,252
1,7,prefix,0.0,0.0,252
1,8,prefix,0.0,0.0,252
1,9,prefix,0.0,0.0,252
1,10,prefix,0.0,0.0,252
1,11,prefix,0.0,0.0,252
1,12,prefix,0.0,0.0,252
1,13,prefix,0.0,0.0,252
1,14,prefix,0.0,0.0,252
1,15,prefix,0.0,0.0,252
1,16,prefix,0.0,0.0,252
1,17,prefix,0.0,0.0,252
1,18,prefix,0.0,0.0,252
1,19,prefix,0.0,0.0,252
1,20,prefix,0.0,0.0,252
1,21,prefix,0.0,0.0,252
1,22,prefix,0.0,0.0,252
1,23,prefix,0.0,0.0,252
1,24,prefix,0.0,0.0,252
1,25,prefix,0.0,0.0,252
1,26,prefix,0.0,0.0,252
1,27,prefix,0.0,0.0,252
1,28,prefix,0.0,0.0,252
1,29,prefix,0.0,0.0,252
1,30,prefix,0.0,0.0,252
1,31,prefix,0.0,0.0,252
1,0,entity,0.0007605969992240831,0.07057652279844559,252
1,1,entity,0.024637306951118508,0.06249403370424665,252
1,2,entity,-0.001025861988709371,0.01103931734524806,252
1,3,entity,0.004346465488413828,0.024077148085015078,252
1,4,entity,0.050119077808919846,0.1471265636581169,252
1,5,entity,0.017815600356063065,0.11156488896790145,252
1,6,entity,-0.013943496182166979,0.049011297987629994,252
1,7,entity,0.011491897236925386,0.02832704719473859,252
1,8,entity,0.0012288736117683121,0.008408222329423537,252
1,9,entity,0.001343426269851902,0.008975804038888624,252
1,10,entity,-0.0007103975477216337,0.020850162701251628,252
1,11,entity,0.0008152315366758211,0.031790382211468,252
1,12,entity,-0.009278682647005005,0.04256378516826468,252
1,13,entity,0.0012398564045609432,0.20949911785664016,252
1,14,entity,0.0021773105928000335,0.01292099620554331,252
1,15,entity,-0.011707734444725146,0.09993171751909632,252
1,16,entity,-0.03441550767306508,0.07297568289770483,252
1,17,entity,-0.005566804166630304,0.04723874578436182,252
1,18,entity,0.003848908174115913,0.23137965138483282,252
1,19,entity,0.0011739931466893591,0.00920434415731131,252
1,20,entity,-0.005580300923957978,0.07246450930399569,252
1,21,entity,0.001345218785452686,0.034179065704746686,252
1,22,entity,0.003233225398977834,0.016425327141030087,252
1,23,entity,-0.0005995236023741272,0.028518568041955218,252
1,24,entity,0.059433669837109473,0.3007738958090952,252
1,25,entity,-0.010476279432334685,0.11426185056362079,252
1,26,entity,0.044658108893412325,0.3216246020137554,252
1,27,entity,0.005131529906874575,0.061259478783453926,252
1,28,entity,0.004990499583765909,0.06812114888937988,252
1,29,entity,-0.0003470315320541092,0.028155015374414644,252
1,30,entity,-0.002135196219381806,0.103368980413622,252
1,31,entity,-0.004946253761960497,0.06385759254633394,252
1,0,last,-4.4310817617178335e-05,0.0004945559989758453,252
1,1,last,-0.00011697549641775411,0.0009565093235338166,252
1,2,last,-6.154645384485198e-05,0.0011510023386873645,252
1,3,last,-7.16982213484626e-05,0.00510728133829414,252
1,4,last,-0.00017987904328268966,0.003124616195915252,252
1,5,last,-1.73232035036014e-05,0.00023372752623381242,252
1,6,last,6.824332991700863e-06,0.00012959674924266956,252
1,7,last,-8.778484276725008e-05,0.0006518852609414829,252
1,8,last,-0.00035638813301736103,0.0024815991563382485,252
1,9,last,5.555803701489432e-05,0.0004918072650720465,252
1,10,last,0.00013248070946059352,0.002315868512451989,252
1,11,last,-1.477421418322982e-05,0.0008394518852525387,252
1,12,last,1.2576556256380936e-07,0.0012890987915549583,252
1,13,last,4.390297409184905e-05,0.0002782722464279874,252
1,14,last,1.1814231511957514e-05,0.00037289583445863895,252
1,15,last,-9.549527815593931e-06,0.00028774307266426076,252
1,16,last,-0.000161555539105191,0.002826212066648868,252
1,17,last,-9.062429348381961e-05,0.002068659108368188,252
1,18,last,-4.657973436729258e-05,0.0008455814368351148,252
1,19,last,2.980454005337956e-05,0.001026710136520994,252
1,20,last,8.56419224181168e-06,0.0013614183068663503,252
1,21,last,-4.9138823034433975e-06,0.0007195406594999238,252
1,22,last,0.0002212448090422041,0.0013756707526876458,252
1,23,last,-8.020644831020267e-06,0.000618906172652108,252
1,24,last,0.00014511973223841143,0.0015905864189364135,252
1,25,last,-5.59901607572563e-05,0.0005034551075888365,252
1,26,last,-7.015102822887933e-05,0.0009310155324379189,252
1,27,last,0.0001401234174928894,0.0007310507548575674,252
1,28,last,-0.0004633671307514998,0.003977402612762821,252
1,29,last,0.00014550314240512394,0.0019522109969762997,252
1,30,last,0.00011801935980902128,0.0015665080505959128,252
1,31,last,0.00011659874767896586,0.002515679982833616,252
1,0,suffix,-0.0016349557012550317,0.007285473836331914,252
1,1,suffix,-0.0006734131169188971,0.00461433053882617,252
1,2,suffix,5.242075844257165e-05,0.0022878589559493573,252
1,3,suffix,0.00015991767539826613,0.014077292430801974,252
1,4,suffix,-0.0006515290610805673,0.007441835173787175,252
1,5,suffix,-0.00021060835930285745,0.004161023729949871,252
1,6,suffix,0.0003370667595123768,0.004188483386437766,252
1,7,suffix,5.6062076755407605e-05,0.001626869848988708,252
1,8,suffix,-0.0006932572237236032,0.0038188294870234955,252
1,9,suffix,-1.880281364546612e-05,0.002135312979575362,252
1,10,suffix,-0.00020330669264824661,0.011773367709143454,252
1,11,suffix,0.006603828553558006,0.03364454916848603,252
1,12,suffix,-0.00026989124710650813,0.004094025158164662,252
1,13,suffix,0.00024521648782908976,0.006212605584543838,252
1,14,suffix,0.0002059718205153273,0.002155627435376306,252
1,15,suffix,-5.924575201615447e-05,0.002145100309621378,252
1,16,suffix,0.0008438315985513905,0.04604037729492871,252
1,17,suffix,-0.00077228603076369,0.006904150644596297,252
1,18,suffix,-0.0005191738218927062,0.0073668296026953035,252
1,19,suffix,0.0005838395544497106,0.005213052793863873,252
1,20,suffix,0.014526429100211345,0.03995905324760921,252
1,21,suffix,0.004467672684364111,0.015774265988627106,252
1,22,suffix,-0.0001506032088414825,0.0037638550905588395,252
1,23,suffix,-0.0002580345386261812,0.005888904680215914,252
1,24,suffix,0.001383790941951976,0.007248071297713717,252
1,25,suffix,-0.0002944290493807842,0.003132042853668815,252
1,26,suffix,0.0003883292805088757,0.009347888627481942,252
1,27,suffix,-0.0008163536028030013,0.0035695734021077992,252
1,28,suffix,0.002414911418796576,0.019296730901895365,252
1,29,suffix,-0.0005826689640156157,0.004226805658531486,252
1,30,suffix,-0.0011381039555364248,0.009254701286120088,252
1,31,suffix,-0.0003347827243112353,0.007509439297531831,252
2,0,prefix,0.0,0.0,252
2,1,prefix,0.0,0.0,252
2,2,prefix,0.0,0.0,252
2,3,prefix,0.0,0.0,252
2,4,prefix,0.0,0.0,252
2,5,prefix,0.0,0.0,252
2,6,prefix,0.0,0.0,252
2,7,prefix,0.0,0.0,252
2,8,prefix,0.0,0.0,252
2,9,prefix,0.0,0.0,252
2,10,prefix,0.0,0.0,252
2,11,prefix,0.0,0.0,252
2,12,prefix,0.0,0.0,252
2,13,prefix,0.0,0.0,252
2,14,prefix,0.0,0.0,252
2,15,prefix,0.0,0.0,252
2,16,prefix,0.0,0.0,252
2,17,prefix,0.0,0.0,252
2,18,prefix,0.0,0.0,252
2,19,prefix,0.0,0.0,252
2,20,prefix,0.0,0.0,252
2,21,prefix,0.0,0.0,252
2,22,prefix,0.0,0.0,252
2,23,prefix,0.0,0.0,252
2,24,prefix,0.0,0.0,252
2,25,prefix,0.0,0.0,252
2,26,prefix,0.0,0.0,252
2,27,prefix,0.0,0.0,252
2,28,prefix,0.0,0.0,252
2,29,prefix,0.0,0.0,252
2,30,prefix,0.0,0.0,252
2,31,prefix,0.0,0.0,252
2,0,entity,0.0018190262098147605,0.023048043148163642,252
2,1,entity,-0.0019181219385433314,0.013070637828359538,252
2,2,entity,0.009282471248759918,0.04466441341124693,252
2,3,entity,0.004901701303482234,0.021959859752040223,252
2,4,entity,-0.0024061314470600337,0.03322943836581775,252
2,5,entity,0.009713000846247832,0.06481289113596883,252
2,6,entity,-0.0005872570336722429,0.026083995070260404,252
2,7,entity,0.014239677043247318,0.07800579119736092,252
2,8,entity,0.005436923742453228,0.10864120350743178,252
2,9,entity,0.04728729538276509,0.11164236262895487,252
2,10,entity,-0.0006920092589949952,0.038414069779387244,252
2,11,entity,0.0010641177977381703,0.025684561066598343,252
2,12,entity,-3.399777094836325e-05,0.003304485351922238,252
2,13,entity,-0.0017709981520532719,0.013209788613855222,252
2,14,entity,-0.0019098724303134192,0.008336666954929815,252
2,15,entity,0.0023494165457483927,0.01907783203644194,252
2,16,entity,-0.003238648821097163,0.016239163337486966,252
2,17,entity,-0.002525809629866946,0.06648872474824967,252
2,18,entity,-0.006241650694030954,0.030382169528560814,252
2,19,entity,-0.015921582911687437,0.07391372910875824,252
2,20,entity,0.0002557778564854137,0.004342541001668516,252
2,21,entity,-1.3653589837036951e-05,0.0003055303092728825,252
2,22,entity,-0.00029084234660735494,0.0027668229622360655,252
2,23,entity,-0.0002088549777721392,0.00297735268875638,252
2,24,entity,-3.071093490848037e-05,0.01317796804938726,252
2,25,entity,-3.717460953382778e-05,0.0017897866377032706,252
2,26,entity,-0.0009058809325454474,0.004914781903405835,252
2,27,entity,0.0010849000283188717,0.016470032433914192,252
2,28,entity,-0.010527179493302745,0.028856534669420585,252
2,29,entity,0.0006935535612351414,0.0186690843346595,252
2,30,entity,0.0069096815058444574,0.035014027659787055,252
2,31,entity,0.012174545810950572,0.05225127909712712,252
2,0,last,-9.724030326377408e-06,0.00033626522778672913,252
2,1,last,6.635959762784224e-07,0.0006448288760212664,252
2,2,last,-3.895899678196108e-05,0.0032539067994101,252
2,3,last,3.547994905573663e-05,0.0004500971478721892,252
2,4,last,-0.0005972067059095328,0.005437613643903566,252
2,5,last,0.00015199966317537935,0.002826370192379395,252
2,6,last,0.0002364134658516074,0.0028318593806091934,252
2,7,last,-4.312074128797071e-05,0.0029627043065071725,252
2,8,last,3.479828722317636e-05,0.00027165419724331025,252
2,9,last,-4.351258723458852e-05,0.0005292559321715667,252
2,10,last,1.428346161172533e-05,0.0012115440734464394,252
2,11,last,1.486389005765973e-05,0.0003171140268831449,252
2,12,last,-0.0003035602436024679,0.0009809183365221195,252
2,13,last,8.480405749795618e-06,0.0006183123231682065,252
2,14,last,-3.108026269021341e-05,0.000535978491305806,252
2,15,last,0.0001077915217065888,0.0005439757502273774,252
2,16,last,-7.921181635798089e-05,0.0029297433400874043,252
2,17,last,5.4257754816226516e-05,0.00047661437883294954,252
2,18,last,-0.0019754517443722024,0.01889096044922351,252
2,19,last,0.0011672867847318273,0.007783319746118246,252
2,20,last,0.00013627208559300347,0.001071336300911854,252
2,21,last,-4.488433086451204e-06,3.270440627977858e-05,252
2,22,last,-0.00015449599515979196,0.0006943172153829177,252
2,23,last,1.2547182789617976e-05,9.723453190634332e-05,252
2,24,last,7.639705065576847e-05,0.0014934183896074833,252
2,25,last,-2.867802765202156e-05,0.0003615416786300239,252
2,26,last,-0.0002310800351724971,0.0022240266940311165,252
2,27,last,-2.1411647356303764e-05,0.0007958683654289907,252
2,28,last,-0.00012814132210295942,0.0019861773494446264,252
2,29,last,3.396736734892271e-05,0.0009178598481253536,252
2,30,last,0.0001694683674681333,0.0008177104963766713,252
2,31,last,-4.391654705874056e-05,0.00021154051678639094,252
2,0,suffix,0.0002918879905943565,0.0036445848776392744,252
2,1,suffix,5.7871761811607966e-05,0.002057557729694097,252
2,2,suffix,0.000488683801016859,0.005038207798226346,252
2,3,suffix,0.00037041273010381413,0.0029177298365683536,252
2,4,suffix,0.00021259335242950964,0.01373751412860916,252
2,5,suffix,0.0028249040834553954,0.019364707090149057,252
2,6,suffix,-0.00010556495429242089,0.011873216428429013,252
2,7,suffix,-0.0020096091944969163,0.03015185057226936,252
2,8,suffix,0.002208191892321569,0.010856301668109298,252
2,9,suffix,0.00033108699946231876,0.006716282719386823,252
2,10,suffix,0.0002764326060954888,0.007630964780897586,252
2,11,suffix,-0.0001707956488398994,0.0029507777719175914,252
2,12,suffix,7.901340610072703e-05,0.0013874401088612234,252
2,13,suffix,-5.911146256819068e-05,0.0037956355833976265,252
2,14,suffix,-0.0003100481217549555,0.0029138764138051123,252
2,15,suffix,0.00024255387930564225,0.006351562077819084,252
2,16,suffix,0.005114279909494577,0.015538795616492511,252
2,17,suffix,-0.0016084653525756459,0.006409228640959121,252
2,18,suffix,-0.001016797459207795,0.021277437235536156,252
2,19,suffix,0.0012203546934798064,0.016856848483069963,252
2,20,suffix,6.980951566075664e-05,0.0036666834776258924,252
2,21,suffix,6.0896148639921234e-05,0.00042260849057260965,252
2,22,suffix,0.0004625232460104223,0.002557160562939013,252
2,23,suffix,-3.5618812960689995e-05,0.00027276516030067595,252
2,24,suffix,-2.775390009721002e-06,0.007633682499299683,252
2,25,suffix,-6.945571802437674e-05,0.0007810664314677394,252
2,26,suffix,0.00039723156411734334,0.0046400816054301686,252
2,27,suffix,0.0003253852360319884,0.006581502177588903,252
2,28,suffix,-0.0011728104431717333,0.008928567753938542,252
2,29,suffix,0.001303214063285388,0.0058910093316265535,252
2,30,suffix,-0.00034469841114240273,0.007294548027092542,252
2,31,suffix,-0.0011321277044685086,0.011812139032487706,252
3,0,prefix,0.0,0.0,252
3,1,prefix,0.0,0.0,252
3,2,prefix,0.0,0.0,252
3,3,prefix,0.0,0.0,252
3,4,prefix,0.0,0.0,252
3,5,prefix,0.0,0.0,252
3,6,prefix,0.0,0.0,252
3,7,prefix,0.0,0.0,252
3,8,prefix,0.0,0.0,252
3,9,prefix,0.0,0.0,252
3,10,prefix,0.0,0.0,252
3,11,prefix,0.0,0.0,252
3,12,prefix,0.0,0.0,252
3,13,prefix,0.0,0.0,252
3,14,prefix,0.0,0.0,252
3,15,prefix,0.0,0.0,252
3,16,prefix,0.0,0.0,252
3,17,prefix,0.0,0.0,252
3,18,prefix,0.0,0.0,252
3,19,prefix,0.0,0.0,252
3,20,prefix,0.0,0.0,252
3,21,prefix,0.0,0.0,252
3,22,prefix,0.0,0.0,252
3,23,prefix,0.0,0.0,252
3,24,prefix,0.0,0.0,252
3,25,prefix,0.0,0.0,252
3,26,prefix,0.0,0.0,252
3,27,prefix,0.0,0.0,252
3,28,prefix,0.0,0.0,252
3,29,prefix,0.0,0.0,252
3,30,prefix,0.0,0.0,252
3,31,prefix,0.0,0.0,252
3,0,entity,-0.0013457875564574986,0.010543853351442695,252
3,1,entity,-0.002342801569370966,0.01469528749985618,252
3,2,entity,-0.000566778763135921,0.01592104099923052,252
3,3,entity,0.0007824816868291929,0.005291506578638898,252
3,4,entity,-0.015623434390060234,0.10915969225654754,252
3,5,entity,0.014033763485568916,0.08571673078473568,252
3,6,entity,-0.007309616383974485,0.062275882888657395,252
3,7,entity,-0.027771133796560453,0.13683171894566235,252
3,8,entity,0.003998916697344698,0.03894175785743365,252
3,9,entity,0.0005213581188587658,0.007075874229095851,252
3,10,entity,0.006760253088162115,0.026323357461810772,252
3,11,entity,0.0011866537712656223,0.02852031302311858,252
3,12,entity,0.003747722069665398,0.04263642265418423,252
3,13,entity,-0.0037844693449895,0.08061012333732039,252
3,14,entity,0.0026071868487200674,0.056268550888792866,252
3,15,entity,0.010336519111689764,0.039556570398013316,252
3,16,entity,0.002989790390774798,0.028290123457260223,252
3,17,entity,-0.006958136336516685,0.04854418574044728,252
3,18,entity,0.010150566800254479,0.05352052988861928,252
3,19,entity,0.004681001378764723,0.08055334191308319,252
3,20,entity,-0.014961355808953244,0.10311969018729296,252
3,21,entity,0.003950492541503442,0.05114463511147603,252
3,22,entity,0.020117676020798548,0.12071197464868579,252
3,23,entity,-0.0128517975847769,0.17301443665351215,252
3,24,entity,-0.002526242003590423,0.03557462408242004,252
3,25,entity,0.0026933486395079404,0.04631516811648561,252
3,26,entity,-0.001823177082798562,0.015377296866467481,252
3,27,entity,-0.0015843470388236234,0.019880895170019126,252
3,28,entity,-0.0014762051960421978,0.030379460474669318,252
3,29,entity,-0.0057875650605955535,0.044027549099400716,252
3,30,entity,-0.002364744986629202,0.03239551192728825,252
3,31,entity,-0.0023094659570940873,0.03566980776621864,252
3,0,last,-0.0005893667319989098,0.006132458027596364,252
3,1,last,-3.993251378969511e-05,0.0017669704410807406,252
3,2,last,0.0003752294814191936,0.003379129959429274,252
3,3,last,0.00016751440356500328,0.001966174229026018,252
3,4,last,0.0005283141494839496,0.002848116047624942,252
3,5,last,-0.00011438506263648234,0.0014784987304463154,252
3,6,last,-2.6589220469181854e-05,0.001452054068933995,252
3,7,last,-1.8560090485686762e-05,0.0008740954897745275,252
3,8,last,0.000720229697998591,0.0026812886876758143,252
3,9,last,-7.325700633893055e-05,0.00164198763308204,252
3,10,last,6.26020833835124e-05,0.0011640937838588827,252
3,11,last,2.0599797911321122e-05,0.0022909337851507146,252
3,12,last,0.00024580360643865006,0.0013282136601952112,252
3,13,last,-2.022705377875975e-05,0.0003737849860160153,252
3,14,last,2.5213235915991448e-05,0.0005410807515877495,252
3,15,last,8.106236574738952e-05,0.0011703550525929867,252
3,16,last,-0.0008929812054645033,0.004972583252570725,252
3,17,last,-0.00010087299747355579,0.0014638071549439152,252
3,18,last,0.00013175581804557984,0.003995733057279953,252
3,19,last,-4.535482037768123e-05,0.004207581899309944,252
3,20,last,-0.0005951066601223179,0.003780672241220369,252
3,21,last,-0.0005442448654941963,0.0031380202005190463,252
3,22,last,-0.0007036507784736357,0.006052560039467016,252
3,23,last,-0.00010117950550343338,0.0033971394775093476,252
3,24,last,0.00013836787132147168,0.0017457437758807033,252
3,25,last,-0.0005361023893725821,0.0021113411703337324,252
3,26,last,3.0529802657722955e-08,0.0014456078521713305,252
3,27,last,3.968403006371181e-05,0.0004618001952015523,252
3,28,last,0.000216010420228399,0.0019456066421255293,252
3,29,last,0.0005700389576506697,0.00521776334027804,252
3,30,last,0.0007384988675189633,0.007390254366558991,252
3,31,last,-0.0006568699032031295,0.0043737898665731625,252
3,0,suffix,0.0005648862936054467,0.009520336493421513,252
3,1,suffix,-0.0006288637783394993,0.0045803946261060895,252
3,2,suffix,0.002260311105789105,0.008532019703500463,252
3,3,suffix,0.00029451482077280476,0.0031222653811522516,252
3,4,suffix,0.0034344826043822634,0.014903254693214718,252
3,5,suffix,-0.0007150641942701889,0.009187525535650373,252
3,6,suffix,0.0006423414814933148,0.010037115787608422,252
3,7,suffix,-0.0006376875648461536,0.009330329787341421,252
3,8,suffix,0.0016240607811986202,0.009787072520079423,252
3,9,suffix,-0.000551977438676875,0.0048679519590049975,252
3,10,suffix,0.0014949112505530052,0.0071479829927002785,252
3,11,suffix,0.001358851679671918,0.012174706825236272,252
3,12,suffix,0.00033452202679322836,0.008306532261471263,252
3,13,suffix,0.0006297680173817738,0.0076676546360749135,252
3,14,suffix,0.0013056161151037066,0.013626313447001314,252
3,15,suffix,0.00912294586836767,0.025422208474848294,252
3,16,suffix,0.0014347680284233306,0.012280317943978367,252
3,17,suffix,-0.0022428624553925596,0.03429613801621137,252
3,18,suffix,-0.0008389959997628698,0.01843547503406063,252
3,19,suffix,-0.002042209479239116,0.014831870151514494,252
3,20,suffix,0.001693743424910945,0.00995331712646663,252
3,21,suffix,0.004964897554947086,0.023984294226148263,252
3,22,suffix,0.009627781425522352,0.029297255659739244,252
3,23,suffix,-0.0010984641294127205,0.015324915172626904,252
3,24,suffix,0.0013265456952164338,0.018225631292980757,252
3,25,suffix,0.0036313870294843727,0.01123399018710881,252
3,26,suffix,0.0028653174537058,0.016469822598718032,252
3,27,suffix,0.0003313313408730282,0.0030798222697841185,252
3,28,suffix,0.0006485324258738686,0.016029621039042322,252
3,29,suffix,-0.008631895342818646,0.04788436100687481,252
3,30,suffix,0.022993896303685486,0.08335278737973163,252
3,31,suffix,-0.00010495618207930838,0.047628364766765914,252
4,0,prefix,0.0,0.0,252
4,1,prefix,0.0,0.0,252
4,2,prefix,0.0,0.0,252
4,3,prefix,0.0,0.0,252
4,4,prefix,0.0,0.0,252
4,5,prefix,0.0,0.0,252
4,6,prefix,0.0,0.0,252
4,7,prefix,0.0,0.0,252
4,8,prefix,0.0,0.0,252
4,9,prefix,0.0,0.0,252
4,10,prefix,0.0,0.0,252
4,11,prefix,0.0,0.0,252
4,12,prefix,0.0,0.0,252
4,13,prefix,0.0,0.0,252
4,14,prefix,0.0,0.0,252
4,15,prefix,0.0,0.0,252
4,16,prefix,0.0,0.0,252
4,17,prefix,0.0,0.0,252
4,18,prefix,0.0,0.0,252
4,19,prefix,0.0,0.0,252
4,20,prefix,0.0,0.0,252
4,21,prefix,0.0,0.0,252
4,22,prefix,0.0,0.0,252
4,23,prefix,0.0,0.0,252
4,24,prefix,0.0,0.0,252
4,25,prefix,0.0,0.0,252
4,26,prefix,0.0,0.0,252
4,27,prefix,0.0,0.0,252
4,28,prefix,0.0,0.0,252
4,29,prefix,0.0,0.0,252
4,30,prefix,0.0,0.0,252
4,31,prefix,0.0,0.0,252
4,0,entity,-0.002817221454033787,0.016902607646717648,252
4,1,entity,-0.007048163869989193,0.03541649015604644,252
4,2,entity,0.008715134390744396,0.02851004100548813,252
4,3,entity,-0.0009548501317141696,0.008518319940776564,252
4,4,entity,0.0004939827116946357,0.02345188307149256,252
4,5,entity,0.018717831378111557,0.14722738257333975,252
4,6,entity,7.01613224384981e-05,0.02191278166534926,252
4,7,entity,-0.006262749985450812,0.0437397810782718,252
4,8,entity,0.05583112796693246,0.166041819326878,252
4,9,entity,0.0071407253530600834,0.1311861042659508,252
4,10,entity,0.004086516034837428,0.03640129063223001,252
4,11,entity,-0.03704548861678054,0.16893168947417364,252
4,12,entity,-0.0016644468389189107,0.04667487349393519,252
4,13,entity,-0.011819394964573255,0.038595653973364584,252
4,14,entity,-0.004265774007113318,0.03861134212788856,252
4,15,entity,0.0009793232326508528,0.01873641491196366,252
4,16,entity,0.002978193387481576,0.020449013316436553,252
4,17,entity,-0.00881324539428562,0.04365137335705748,252
4,18,entity,-0.0008452026938343012,0.008678459125327382,252
4,19,entity,-8.879421887012007e-05,0.007246496319567086,252
4,20,entity,-0.0003586233836517388,0.0051758069726236585,252
4,21,entity,0.0009660821855620255,0.005255899373272162,252
4,22,entity,-0.0043124893568419215,0.032407573916504,252
4,23,entity,0.027504460773863166,0.11577835303337668,252
4,24,entity,-0.0032749335328440387,0.022599983840163554,252
4,25,entity,0.0020895763535672958,0.010532776448830163,252
4,26,entity,-0.004989123907372621,0.08096363137999091,252
4,27,entity,0.0013332180092725644,0.009469312039332831,252
4,28,entity,-0.0003759756234810791,0.005122652199047263,252
4,29,entity,0.0001506877824073262,0.0020881655378212193,252
4,30,entity,2.3089760433654264e-06,0.00216410534099013,252
4,31,entity,0.001137268258707269,0.010993275732448276,252
4,0,last,5.9564328867487524e-05,0.0008599969638915297,252
4,1,last,-0.0010373562494466555,0.00794739513135966,252
4,2,last,-0.001186010549038959,0.004378364667423912,252
4,3,last,0.0004880810576853239,0.005599796990512885,252
4,4,last,0.0009308479791451689,0.007263275527899775,252
4,5,last,0.0009277134111413495,0.0054421848264090454,252
4,6,last,-0.00010696036007998156,0.0021341039198829554,252
4,7,last,3.7482748406806164e-05,0.002846096009884532,252
4,8,last,-0.000675725384517425,0.0063019877436870176,252
4,9,last,0.0005001074286632328,0.004700970547948225,252
4,10,last,-0.0003835652917457212,0.008492918927379559,252
4,11,last,0.0008423389926541685,0.004664693026579843,252
4,12,last,0.00047422806632571986,0.0038675461906851048,252
4,13,last,-6.804950114908732e-06,0.0015374503024744742,252
4,14,last,-7.981096744529962e-05,0.001824630922610162,252
4,15,last,-0.0007948173544487902,0.015497732426165528,252
4,16,last,-0.0001243492944114324,0.0014380325019518504,252
4,17,last,-4.811303306413474e-05,0.0007418827464991611,252
4,18,last,8.672854118418717e-05,0.0006995882340272637,252
4,19,last,0.0003356329256464036,0.0010385947321444133,252
4,20,last,7.238517106983751e-05,0.000985557246456174,252
4,21,last,-0.00013940741175449349,0.0009824902491158036,252
4,22,last,0.0003077192608514682,0.003045377457128202,252
4,23,last,-0.0010910149837674533,0.0025308726691571156,252
4,24,last,-0.001013225740207995,0.003555167085973413,252
4,25,last,-0.00031336046485525986,0.0032914380819189346,252
4,26,last,0.001305668041967447,0.0042282618565617925,252
4,27,last,0.0003449549775622371,0.004270160120324276,252
4,28,last,6.843430125468692e-05,0.002809350138935741,252
4,29,last,-5.376634766839238e-05,0.000356246066364711,252
4,30,last,7.539226218853848e-05,0.00044133620293804497,252
4,31,last,0.00041474167526411334,0.0019694923375648196,252
4,0,suffix,4.2438059276647104e-05,0.0036262590441447896,252
4,1,suffix,0.001661410942139651,0.012577293217223737,252
4,2,suffix,-0.0007405100495527713,0.03064149816280059,252
4,3,suffix,0.0038614400240591733,0.021487324401754278,252
4,4,suffix,-0.0013692383312272362,0.02022359256330847,252
4,5,suffix,-0.00030850000228614563,0.029606519640000196,252
4,6,suffix,-0.002677823093050854,0.01993496697745979,252
4,7,suffix,0.0007089343698825115,0.03772903240467944,252
4,8,suffix,-0.001414815226390991,0.04901297234460972,252
4,9,suffix,0.030464596662712874,0.06729153318294612,252
4,10,suffix,-0.003599811630140591,0.020768646366565325,252
4,11,suffix,0.0012884940840035958,0.022449942330976705,252
4,12,suffix,-0.002838375445236803,0.01893687335258518,252
4,13,suffix,-0.0030800828351944106,0.05598027586113728,252
4,14,suffix,-0.012114294799608788,0.11818913850116328,252
4,15,suffix,0.01086787569753748,0.054854494552677754,252
4,16,suffix,0.0013701509182976138,0.008785076050001422,252
4,17,suffix,0.0008856848382695009,0.012370891856248602,252
4,18,suffix,0.00034284724264695783,0.01758919061680827,252
4,19,suffix,6.818948289340672e-05,0.006234443835493284,252
4,20,suffix,-9.853121630998979e-05,0.004000624462706683,252
4,21,suffix,0.0011546983203025154,0.004731179432513143,252
4,22,suffix,-0.00012653600554455937,0.009109753997455257,252
4,23,suffix,0.0026961864970785213,0.09028149375034633,252
4,24,suffix,0.000752614788657483,0.026265091926140325,252
4,25,suffix,0.00021124621854964754,0.017444763108349953,252
4,26,suffix,-0.002076224894630113,0.02172631694708206,252
4,27,suffix,0.0030632531134104947,0.010061002891609586,252
4,28,suffix,-0.0005711106503382787,0.0046940853452623645,252
4,29,suffix,0.00036857258938321065,0.003272095589196281,252
4,30,suffix,-0.0002919842927404095,0.003940785014106401,252
4,31,suffix,0.0008574312126992958,0.011851378725017033,252
5,0,prefix,0.0,0.0,252
5,1,prefix,0.0,0.0,252
5,2,prefix,0.0,0.0,252
5,3,prefix,0.0,0.0,252
5,4,prefix,0.0,0.0,252
5,5,prefix,0.0,0.0,252
5,6,prefix,0.0,0.0,252
5,7,prefix,0.0,0.0,252
5,8,prefix,0.0,0.0,252
5,9,prefix,0.0,0.0,252
5,10,prefix,0.0,0.0,252
5,11,prefix,0.0,0.0,252
5,12,prefix,0.0,0.0,252
5,13,prefix,0.0,0.0,252
5,14,prefix,0.0,0.0,252
5,15,prefix,0.0,0.0,252
5,16,prefix,0.0,0.0,252
5,17,prefix,0.0,0.0,252
5,18,prefix,0.0,0.0,252
5,19,prefix,0.0,0.0,252
5,20,prefix,0.0,0.0,252
5,21,prefix,0.0,0.0,252
5,22,prefix,0.0,0.0,252
5,23,prefix,0.0,0.0,252
5,24,prefix,0.0,0.0,252
5,25,prefix,0.0,0.0,252
5,26,prefix,0.0,0.0,252
5,27,prefix,0.0,0.0,252
5,28,prefix,0.0,0.0,252
5,29,prefix,0.0,0.0,252
5,30,prefix,0.0,0.0,252
5,31,prefix,0.0,0.0,252
5,0,entity,0.00037039015082954727,0.0035508137881974803,252
5,1,entity,0.001381883532361364,0.014545897932192828,252
5,2,entity,-0.0008080083011413484,0.00737943989377758,252
5,3,entity,0.0012979754145138911,0.019742537116389795,252
5,4,entity,0.0021812858670432075,0.009051492107270557,252
5,5,entity,0.0007185989991176896,0.011456330051072338,252
5,6,entity,-0.003173716693882376,0.010240018247367559,252
5,7,entity,0.0007818378747158151,0.008917534045596968,252
5,8,entity,5.0430279141018836e-05,0.0009589835688995576,252
5,9,entity,-0.00016939175094150762,0.002067153335182021,252
5,10,entity,-5.2437667194219163e-05,0.0004746344168108321,252
5,11,entity,-9.998742167399974e-05,0.00517551367663564,252
5,12,entity,0.0001661238008333991,0.011267436152261253,252
5,13,entity,-0.0011044422481929707,0.050362186952880285,252
5,14,entity,0.0019236620566285667,0.04259286209817797,252
5,15,entity,-0.0011077133439689605,0.022946608235182044,252
5,16,entity,0.01901259417192907,0.1043522996104522,252
5,17,entity,0.022993369071396985,0.08095488417108307,252
5,18,entity,0.02185320168352937,0.10159476900044533,252
5,19,entity,-0.04009302820105361,0.16595977067377785,252
5,20,entity,0.004264016141268445,0.02816106021883671,252
5,21,entity,0.0013584256893308419,0.010373405926483906,252
5,22,entity,0.002275118167052001,0.008284560260931141,252
5,23,entity,-0.00040898964993724054,0.009641732151644574,252
5,24,entity,0.0008827355029227744,0.009503218747023123,252
5,25,entity,0.002850640682380698,0.01985694886989511,252
5,26,entity,0.0028932392360441136,0.02022079073815673,252
5,27,entity,0.0019303828707456382,0.01753259523788334,252
5,28,entity,0.0027274731156279497,0.03269505970473845,252
5,29,entity,0.0041552087699066815,0.018168111142816967,252
5,30,entity,0.0007350046133589265,0.008284343398300403,252
5,31,entity,-0.001452079364897809,0.01448731607351441,252
5,0,last,0.00014702613557419103,0.0014544325809794597,252
5,1,last,-8.224560518837756e-05,0.002266635371525476,252
5,2,last,-0.00010762835691344836,0.0007353484212390391,252
5,3,last,7.17800318694023e-05,0.002277805352013462,252
5,4,last,0.0003468543030081376,0.005000272443072708,252
5,5,last,-6.029765040332836e-05,0.00386861584699964,252
5,6,last,0.0007099492599197205,0.0034689196174786914,252
5,7,last,-4.0711874755779426e-05,0.003767574262354405,252
5,8,last,3.576423491072741e-06,0.00022027081767523742,252
5,9,last,7.508791018081533e-05,0.0003369021198725224,252
5,10,last,-7.307440567288607e-06,0.00010576286016628959,252
5,11,last,0.00015975581482052803,0.0024149914529444354,252
5,12,last,-7.933949717202239e-06,0.0017220543177534147,252
5,13,last,0.0006285529012703115,0.005957056624105289,252
5,14,last,-0.0001701797865236932,0.0020881996434394434,252
5,15,last,-0.0003143727384638854,0.003246600366274213,252
5,16,last,0.00017903172683584253,0.001668075575642953,252
5,17,last,-0.0005027121348705675,0.008108005656616851,252
5,18,last,-0.00047398174536370094,0.0032569698941808875,252
5,19,last,0.0018845061616351206,0.011878289106775016,252
5,20,last,8.765833626966923e-06,0.0018808848501990609,252
5,21,last,0.00035233432422429026,0.0012077766004949808,252
5,22,last,-3.971156492918944e-05,0.0007633096756474096,252
5,23,last,6.878583221733274e-05,0.0009403200489783009,252
5,24,last,-0.00030041960602079237,0.00854720524650821,252
5,25,last,-0.00118162907384676,0.006372517154511389,252
5,26,last,5.079454664761821e-05,0.0041777641246361396,252
5,27,last,-0.0007647069412217076,0.008044356052922676,252
5,28,last,-0.0007412115103631679,0.006203556175081296,252
5,29,last,0.00010150389333296242,0.0011410474783458216,252
5,30,last,0.0015540139360209217,0.003852961989376502,252
5,31,last,0.0008323483188943346,0.00463458425517837,252
5,0,suffix,0.00042318131070512917,0.004913256911759307,252
5,1,suffix,0.0019795954691029954,0.0102822602687714,252
5,2,suffix,0.00045336500238229906,0.005677256512244062,252
5,3,suffix,-0.002786217732916287,0.012170287139140003,252
5,4,suffix,-0.0002874743229421299,0.012684693599155816,252
5,5,suffix,0.0026609268387556002,0.009625863300330127,252
5,6,suffix,-0.0010213690316699545,0.007429671516850552,252
5,7,suffix,-0.005274696238634605,0.016743989176503087,252
5,8,suffix,-8.248321514367981e-05,0.0014252453865451354,252
5,9,suffix,3.889460914785833e-05,0.005601006597417937,252
5,10,suffix,9.689530515284816e-06,0.00042539263450537746,252
5,11,suffix,0.0007729572180612613,0.010822978539498951,252
5,12,suffix,-0.002352912751655187,0.012605991217343317,252
5,13,suffix,-0.0019906393307979986,0.032322446569557385,252
5,14,suffix,-0.006646452345468412,0.0430610502227489,252
5,15,suffix,0.012186890854262321,0.033080196584792464,252
5,16,suffix,0.009099004974973107,0.05094250847884853,252
5,17,suffix,0.005507422887834735,0.06956303716334145,252
5,18,suffix,0.0005754050263989022,0.03041106704410003,252
5,19,suffix,-0.013905365615972273,0.0869128895726698,252
5,20,suffix,0.0009196491564147263,0.008639489478059297,252
5,21,suffix,0.0003749335366361294,0.004365193910734166,252
5,22,suffix,0.00039886621409586663,0.003775376247746848,252
5,23,suffix,-0.00011657907545293075,0.003830404687866417,252
5,24,suffix,0.004126640495607197,0.014272431862443069,252
5,25,suffix,0.0010903389374439102,0.011340341827437643,252
5,26,suffix,0.0040499825209692406,0.010355691497857656,252
5,27,suffix,-0.010205657438962675,0.035132958279323896,252
5,28,suffix,0.0028045640221015283,0.01831717918950802,252
5,29,suffix,0.0011808530059444445,0.01564629366273746,252
5,30,suffix,-0.0023897704204356406,0.009986284107764646,252
5,31,suffix,-0.006661918060888725,0.03114517430592622,252
6,0,prefix,0.0,0.0,252
6,1,prefix,0.0,0.0,252
6,2,prefix,0.0,0.0,252
6,3,prefix,0.0,0.0,252
6,4,prefix,0.0,0.0,252
6,5,prefix,0.0,0.0,252
6,6,prefix,0.0,0.0,252
6,7,prefix,0.0,0.0,252
6,8,prefix,0.0,0.0,252
6,9,prefix,0.0,0.0,252
6,10,prefix,0.0,0.0,252
6,11,prefix,0.0,0.0,252
6,12,prefix,0.0,0.0,252
6,13,prefix,0.0,0.0,252
6,14,prefix,0.0,0.0,252
6,15,prefix,0.0,0.0,252
6,16,prefix,0.0,0.0,252
6,17,prefix,0.0,0.0,252
6,18,prefix,0.0,0.0,252
6,19,prefix,0.0,0.0,252
6,20,prefix,0.0,0.0,252
6,21,prefix,0.0,0.0,252
6,22,prefix,0.0,0.0,252
6,23,prefix,0.0,0.0,252
6,24,prefix,0.0,0.0,252
6,25,prefix,0.0,0.0,252
6,26,prefix,0.0,0.0,252
6,27,prefix,0.0,0.0,252
6,28,prefix,0.0,0.0,252
6,29,prefix,0.0,0.0,252
6,30,prefix,0.0,0.0,252
6,31,prefix,0.0,0.0,252
6,0,entity,-0.0010652643268836,0.004698856656042543,252
6,1,entity,-0.005194527117199623,0.011387750082027947,252
6,2,entity,0.0007675593784687595,0.00279231043337599,252
6,3,entity,-0.0002172430289474072,0.008983000387247773,252
6,4,entity,0.0016584521952262591,0.015808777779244654,252
6,5,entity,-0.008159529918985855,0.06292131977453311,252
6,6,entity,-0.000755285387207377,0.012776626486609328,252
6,7,entity,0.00221138158517461,0.029530557357319926,252
6,8,entity,-0.0028348209120200147,0.050666905430030995,252
6,9,entity,-0.001111320333231041,0.01119235875422231,252
6,10,entity,-0.007691364161719176,0.028035883119238342,252
6,11,entity,-0.004284386003356693,0.044023203863790036,252
6,12,entity,-0.002932094966430062,0.027631931250710742,252
6,13,entity,-0.005850818053688041,0.05273896610777315,252
6,14,entity,-0.0001835275666847352,0.0158692402132262,252
6,15,entity,0.0051979319452786716,0.04224166930004093,252
6,16,entity,0.0004269958218275052,0.03554658123106319,252
6,17,entity,0.00034537109650767574,0.009437223050063328,252
6,18,entity,0.04120579774473934,0.11669727143880519,252
6,19,entity,0.0021486735625778296,0.023612511633790932,252
6,20,entity,0.02030047664921435,0.0883798330721061,252
6,21,entity,-0.016713045489427352,0.08386360831135543,252
6,22,entity,0.0021758184430793683,0.03096270268158858,252
6,23,entity,-0.0017022236683664636,0.014037580800100436,252
6,24,entity,-0.0018269910285617077,0.01220699306912369,252
6,25,entity,0.0017162109704388837,0.02211182877409368,252
6,26,entity,0.0005833964282612128,0.010059206329739055,252
6,27,entity,0.0014128606403934851,0.005859377516153183,252
6,28,entity,0.0024954971746728193,0.01561664771078439,252
6,29,entity,-0.003686612693046401,0.02620176434045009,252
6,30,entity,-0.0004599610361361152,0.012985492509970855,252
6,31,entity,0.00030511305669914156,0.0018241079614603627,252
6,0,last,-0.0001075215662399026,0.0015037442969356013,252
6,1,last,-0.00033611963024466403,0.0033381261071929384,252
6,2,last,-0.00012715703384841734,0.0014066596685595521,252
6,3,last,5.381377732625142e-05,0.00235368903945311,252
6,4,last,0.00032300453636303753,0.0032476611865734284,252
6,5,last,0.0005411331898473676,0.004625120112443313,252
6,6,last,-0.00022359387043656575,0.003646516540024932,252
6,7,last,-0.0007174219312478922,0.0037753120820511075,252
6,8,last,-3.713232304324352e-05,0.002487119247523388,252
6,9,last,-0.00010685123902115424,0.003518473705688458,252
6,10,last,0.0001623746161746408,0.0014903490085825546,252
6,11,last,6.312886164648392e-05,0.0011330220195737812,252
6,12,last,0.00046056132562207207,0.0024572277907282114,252
6,13,last,-0.0018868823332475527,0.005052568150743369,252
6,14,last,0.0009044234651059563,0.006904985440159512,252
6,15,last,-0.0005287699639752862,0.004846566861184935,252
6,16,last,0.0004171511409656396,0.003779841987471584,252
6,17,last,0.0013735732890569443,0.004566996078845853,252
6,18,last,-0.0008186450092277179,0.003421760208087988,252
6,19,last,-0.0021225996696600867,0.00842548404207697,252
6,20,last,0.002025330896209371,0.005330945771083139,252
6,21,last,-0.0022337375544122465,0.00684016696149705,252
6,22,last,0.0008981127949294797,0.005330394634502082,252
6,23,last,0.000432927951762741,0.002110552500646066,252
6,24,last,0.0003804203191225136,0.003301386544961364,252
6,25,last,0.0005570345575318835,0.0030989712864134666,252
6,26,last,-2.727096591750899e-06,0.001991706944185324,252
6,27,last,-0.0004005273091486685,0.003952687229829035,252
6,28,last,0.0002243847245861414,0.0010262687455762053,252
6,29,last,0.0004391908255961931,0.0025235246510073054,252
6,30,last,-0.000581657635126566,0.002601720579453589,252
6,31,last,-3.140973572116641e-05,0.0009721412435672912,252
6,0,suffix,-0.0048642648796394785,0.01620418550200633,252
6,1,suffix,-0.0010908357494733378,0.011075096228032924,252
6,2,suffix,0.00016620724370965497,0.0036899561145262503,252
6,3,suffix,0.0006384145110334632,0.010965234256709375,252
6,4,suffix,0.003125782481220085,0.01737572532897863,252
6,5,suffix,0.0029856985720615493,0.03376842067022124,252
6,6,suffix,0.0001433351670360906,0.016119471458180684,252
6,7,suffix,-0.005720282197303493,0.044240186324006774,252
6,8,suffix,0.0003294108854110135,0.02618219503453893,252
6,9,suffix,0.003352363253032395,0.012594581265696592,252
6,10,suffix,-0.0039183185319185245,0.016010543377469443,252
6,11,suffix,-0.0033273222414007047,0.02426038458753961,252
6,12,suffix,-0.011719042944951937,0.05714818294816521,252
6,13,suffix,-0.0034547644470530074,0.03137874917685247,252
6,14,suffix,0.0035977856808001108,0.025137842867335412,252
6,15,suffix,-0.014423723105874304,0.06180034901164675,252
6,16,suffix,0.0025923952598820924,0.02249812469822895,252
6,17,suffix,-7.37093469069805e-05,0.008292530726196543,252
6,18,suffix,-0.015329413773470729,0.040134932825619925,252
6,19,suffix,0.0024768048236774843,0.01612889951964404,252
6,20,suffix,0.0012852756261718386,0.08292596475503015,252
6,21,suffix,-0.04946362601647649,0.09628352800468241,252
6,22,suffix,0.055786669865021454,0.16775568301460544,252
6,23,suffix,0.006896940705152543,0.025246798853278584,252
6,24,suffix,-0.0003227936092390871,0.008309878938783344,252
6,25,suffix,0.002246065313686683,0.008557295448640832,252
6,26,suffix,0.0006995979955905885,0.0054525105943968,252
6,27,suffix,-0.0004838832424750777,0.005949822343955887,252
6,28,suffix,0.0022136088690287927,0.008203190610853226,252
6,29,suffix,0.008125113645349749,0.10347285188043547,252
6,30,suffix,-0.001032445630208092,0.024252144023569323,252
6,31,suffix,0.0029721493951549906,0.010825655224315207,252
7,0,prefix,0.0,0.0,252
7,1,prefix,0.0,0.0,252
7,2,prefix,0.0,0.0,252
7,3,prefix,0.0,0.0,252
7,4,prefix,0.0,0.0,252
7,5,prefix,0.0,0.0,252
7,6,prefix,0.0,0.0,252
7,7,prefix,0.0,0.0,252
7,8,prefix,0.0,0.0,252
7,9,prefix,0.0,0.0,252
7,10,prefix,0.0,0.0,252
7,11,prefix,0.0,0.0,252
7,12,prefix,0.0,0.0,252
7,13,prefix,0.0,0.0,252
7,14,prefix,0.0,0.0,252
7,15,prefix,0.0,0.0,252
7,16,prefix,0.0,0.0,252
7,17,prefix,0.0,0.0,252
7,18,prefix,0.0,0.0,252
7,19,prefix,0.0,0.0,252
7,20,prefix,0.0,0.0,252
7,21,prefix,0.0,0.0,252
7,22,prefix,0.0,0.0,252
7,23,prefix,0.0,0.0,252
7,24,prefix,0.0,0.0,252
7,25,prefix,0.0,0.0,252
7,26,prefix,0.0,0.0,252
7,27,prefix,0.0,0.0,252
7,28,prefix,0.0,0.0,252
7,29,prefix,0.0,0.0,252
7,30,prefix,0.0,0.0,252
7,31,prefix,0.0,0.0,252
7,0,entity,0.00920577826452375,0.05421040292495736,252
7,1,entity,-0.0023506388574282434,0.03821300940243028,252
7,2,entity,0.003555458324309069,0.048534020018580905,252
7,3,entity,0.0007404604889055167,0.006248315948704701,252
7,4,entity,-0.00011431980711345132,0.030638820937643425,252
7,5,entity,0.0044018687601945,0.07253279913412472,252
7,6,entity,-0.003958042789900136,0.03086323837788003,252
7,7,entity,0.00036184537748340517,0.03556736976130947,252
7,8,entity,-0.009910849012648834,0.03777868865798819,252
7,9,entity,0.0010652649461195642,0.013481342736797939,252
7,10,entity,0.0021150273339391413,0.018419316711746403,252
7,11,entity,0.0013683680068453893,0.0172356394974659,252
7,12,entity,-0.0006943645721693184,0.012716921793374544,252
7,13,entity,0.0019374799018213895,0.018690994296833643,252
7,14,entity,-0.0019094987356289667,0.016843012627572217,252
7,15,entity,0.0014151352203505608,0.007752664313253869,252
7,16,entity,0.0013350810313279488,0.028875298817024848,252
7,17,entity,0.0012374060137921737,0.027320280214697713,252
7,18,entity,0.00231433425898782,0.023600672533373453,252
7,19,entity,-0.002176560622978113,0.02947693481502707,252
7,20,entity,0.00483639312537095,0.028552094291150014,252
7,21,entity,0.0193812319028814,0.04586075717458106,252
7,22,entity,0.003936374997248917,0.027737502816423315,252
7,23,entity,-0.012286990564519776,0.05824666386072908,252
7,24,entity,0.0018084280661227355,0.004998470250246187,252
7,25,entity,0.00016239980126671967,0.00312369663533034,252
7,26,entity,-0.0015391058627250863,0.007126404760215553,252
7,27,entity,0.0015279426612641333,0.007533809600130235,252
7,28,entity,-0.004788979422185562,0.020625908561914767,252
7,29,entity,0.007429936836868162,0.021396386151738826,252
7,30,entity,-0.0012355378466530791,0.009115134289170363,252
7,31,entity,9.973847420677351e-05,0.026004785286031187,252
7,0,last,0.00030861044092850374,0.009497621688679497,252
7,1,last,-0.00033436480139027394,0.00531779508529571,252
7,2,last,-0.0021528033971590626,0.005337934360131695,252
7,3,last,-1.976471962518103e-05,0.0038688613163281437,252
7,4,last,0.0036116818581441684,0.007453036505640263,252
7,5,last,-0.0012144555170495537,0.008579937695425801,252
7,6,last,0.006443045705848831,0.014590072817453701,252
7,7,last,-0.0004967869396158863,0.009332256200390734,252
7,8,last,0.004830745275646064,0.010580955892302362,252
7,9,last,-0.0007059200119877619,0.01345181540911278,252
7,10,last,0.001008313330766257,0.013224255338418372,252
7,11,last,-2.759868116949552e-05,0.0051771087694630425,252
7,12,last,0.00041649991619615033,0.004328670397554229,252
7,13,last,0.002646637747862509,0.009617457722520662,252
7,14,last,-0.001281825701765243,0.007243132224262115,252
7,15,last,0.003333619081078925,0.010304694258449008,252
7,16,last,-0.0001383957243801671,0.004655786100932072,252
7,17,last,0.00021759653925925256,0.00166446279105176,252
7,18,last,-0.00036515951103952135,0.004262421002735325,252
7,19,last,-0.00018172642393481163,0.0013961855184456836,252
7,20,last,-0.0007071239672349914,0.006659400531105579,252
7,21,last,0.004008472546942473,0.015204186060665441,252
7,22,last,-0.0006494083745998242,0.004480715758709555,252
7,23,last,0.0016987366400407775,0.006942184848917855,252
7,24,last,-0.0002727196986107008,0.016907696463426367,252
7,25,last,-0.00011296288328825511,0.0024713197297329776,252
7,26,last,0.00042367496621048464,0.004334258870729837,252
7,27,last,-0.0008448773387788115,0.0022695693130824817,252
7,28,last,-0.004394878546470806,0.011230751994021591,252
7,29,last,0.001683605879421405,0.0049856105292241815,252
7,30,last,-0.00040869583516189503,0.003624166811942049,252
7,31,last,0.0001477195794919565,0.0036361045100160743,252
7,0,suffix,-0.0016110118996861967,0.04277497355406734,252
7,1,suffix,-0.050101815127871104,0.2302133135926274,252
7,2,suffix,-0.0002403239415134377,0.02182288752085278,252
7,3,suffix,-0.0017576070246384857,0.009325591568258892,252
7,4,suffix,0.006949486886913378,0.04342355256558799,252
7,5,suffix,-0.006866580149757543,0.04112784825413236,252
7,6,suffix,-0.003673020497935506,0.03898566735214055,252
7,7,suffix,0.0025786253314609418,0.0420987688079809,252
7,8,suffix,-0.006424871507208861,0.05750938222269132,252
7,9,suffix,-0.0034204350618344346,0.08053183166102537,252
7,10,suffix,0.00443637575321306,0.030374623274260628,252
7,11,suffix,0.008933096411950944,0.05339028737987627,252
7,12,suffix,-0.0013026554827067433,0.02042090435821188,252
7,13,suffix,0.0036074705957227188,0.017451057442760053,252
7,14,suffix,0.008204548808746964,0.02655909379788523,252
7,15,suffix,0.001423238049259424,0.025017597983519192,252
7,16,suffix,-0.004300883759054751,0.025207646392132913,252
7,17,suffix,-0.018955434717792655,0.04431684349353981,252
7,18,suffix,-0.004861767161653713,0.03718964957385204,252
7,19,suffix,0.006617800779485338,0.022031075820912464,252
7,20,suffix,0.004483135292835031,0.02706795942180583,252
7,21,suffix,-0.0011870847192190085,0.035142973437489546,252
7,22,suffix,-0.002182017472059381,0.019772145860366033,252
7,23,suffix,-0.00749447015793218,0.037766514858323344,252
7,24,suffix,-0.0014695982193636214,0.02171431890775917,252
7,25,suffix,0.0002031377665382082,0.004468180503762496,252
7,26,suffix,-0.0022606382974897444,0.01265555661221798,252
7,27,suffix,0.0023185281260671288,0.009098180995842706,252
7,28,suffix,-0.02246619935913403,0.07348690371538165,252
7,29,suffix,0.0027921975044938293,0.07171588004781543,252
7,30,suffix,-0.003801017375244844,0.03617588754890936,252
7,31,suffix,0.003143419622834439,0.03091972254298439,252
8,0,prefix,0.0,0.0,252
8,1,prefix,0.0,0.0,252
8,2,prefix,0.0,0.0,252
8,3,prefix,0.0,0.0,252
8,4,prefix,0.0,0.0,252
8,5,prefix,0.0,0.0,252
8,6,prefix,0.0,0.0,252
8,7,prefix,0.0,0.0,252
8,8,prefix,0.0,0.0,252
8,9,prefix,0.0,0.0,252
8,10,prefix,0.0,0.0,252
8,11,prefix,0.0,0.0,252
8,12,prefix,0.0,0.0,252
8,13,prefix,0.0,0.0,252
8,14,prefix,0.0,0.0,252
8,15,prefix,0.0,0.0,252
8,16,prefix,0.0,0.0,252
8,17,prefix,0.0,0.0,252
8,18,prefix,0.0,0.0,252
8,19,prefix,0.0,0.0,252
8,20,prefix,0.0,0.0,252
8,21,prefix,0.0,0.0,252
8,22,prefix,0.0,0.0,252
8,23,prefix,0.0,0.0,252
8,24,prefix,0.0,0.0,252
8,25,prefix,0.0,0.0,252
8,26,prefix,0.0,0.0,252
8,27,prefix,0.0,0.0,252
8,28,prefix,0.0,0.0,252
8,29,prefix,0.0,0.0,252
8,30,prefix,0.0,0.0,252
8,31,prefix,0.0,0.0,252
8,0,entity,0.0017432171786952364,0.006405955809722876,252
8,1,entity,-0.00011143814195848891,0.0011675285747103424,252
8,2,entity,-0.002872218202283543,0.01133232883362253,252
8,3,entity,0.0012733445652725456,0.006709881914762913,252
8,4,entity,0.004331083648370594,0.02506654244724713,252
8,5,entity,-0.005797178383328996,0.054091846094086085,252
8,6,entity,0.0004826380671667201,0.03010576285305433,252
8,7,entity,0.015272807009058028,0.028922453130473428,252
8,8,entity,-0.001126779534677062,0.00904857844054479,252
8,9,entity,-5.025126683037906e-05,0.006789598580831403,252
8,10,entity,-0.001130727768877622,0.0059631494079497764,252
8,11,entity,-0.0002811843448672869,0.00519818651945758,252
8,12,entity,-0.0008840714763787146,0.00817704321837352,252
8,13,entity,-0.0029817378201100623,0.03747697508781187,252
8,14,entity,0.00047156147498060905,0.007050683559288108,252
8,15,entity,0.0008499191928768553,0.015904376251816597,252
8,16,entity,-0.05124106106352031,0.10359414614504203,252
8,17,entity,0.01806216253120626,0.036378031124759076,252
8,18,entity,0.014510798041426045,0.038331480676239905,252
8,19,entity,0.04156968202871559,0.07662835667886408,252
8,20,entity,0.0001799026327457146,0.0059819824064828615,252
8,21,entity,0.004535073687466571,0.01956904625278964,252
8,22,entity,0.0016841942515817383,0.024582979435517845,252
8,23,entity,-0.004768616333696252,0.025760769842669277,252
8,24,entity,0.002274959912317591,0.016317095143128266,252
8,25,entity,0.008347085839930168,0.02265869681021228,252
8,26,entity,-0.0022310699361176895,0.011135723374623228,252
8,27,entity,-0.00013107592634956485,0.01875269019780847,252
8,28,entity,0.0026660441713858515,0.007657701539828272,252
8,29,entity,0.0016408338431949867,0.010867228994198192,252
8,30,entity,-0.009878103150561127,0.0316611386984328,252
8,31,entity,0.003722742739762272,0.019895010015990543,252
8,0,last,0.0002484507203917019,0.004997458602167807,252
8,1,last,-0.0013364355399971828,0.007660894403612936,252
8,2,last,-0.004274747610214122,0.011213795275941107,252
8,3,last,0.0005285083099142722,0.005167761464170846,252
8,4,last,2.9192975027457117e-05,0.013910939229563588,252
8,5,last,0.0046008770300504116,0.024068214050087605,252
8,6,last,0.0047512323598355236,0.011295930934711434,252
8,7,last,-0.0014282385061036736,0.011004865430073724,252
8,8,last,0.0015766921163063556,0.012458313488408864,252
8,9,last,0.0019490054733718612,0.007154047243862546,252
8,10,last,-0.0015501552931262209,0.0055846105817528,252
8,11,last,-0.00047744165099824646,0.002059402338105313,252
8,12,last,0.0007955369699860937,0.0044862035791748125,252
8,13,last,0.0005055773690978568,0.005844447304428156,252
8,14,last,0.0002166489783641217,0.002935163249651576,252
8,15,last,-0.0016687966200397424,0.006346181211050688,252
8,16,last,0.0008534956150614317,0.01035102794782096,252
8,17,last,0.003827275277765852,0.015520687715800863,252
8,18,last,-0.002158774144759047,0.009987254171088958,252
8,19,last,-0.0021945008292465307,0.011605774771952484,252
8,20,last,-0.005467760327201899,0.009117445476549042,252
8,21,last,0.002646645675191567,0.0073085095186436935,252
8,22,last,0.0009205391610203873,0.006768794819926991,252
8,23,last,0.0016529784262520335,0.006985731320344799,252
8,24,last,-0.0009141067127948479,0.005163655444491832,252
8,25,last,0.006504394112169624,0.02156788901802862,252
8,26,last,0.0003530668115080704,0.008140200056091305,252
8,27,last,0.0017321119787141917,0.010473495142327415,252
8,28,last,0.0020223623552795738,0.004539395090273862,252
8,29,last,-0.000652425724270177,0.014286080652955063,252
8,30,last,0.0020944083965058246,0.01995763177188882,252
8,31,last,0.000616763780329613,0.01634718331098113,252
8,0,suffix,0.0005398878340548393,0.016405970244950222,252
8,1,suffix,-0.0025842307883745916,0.010037702330580017,252
8,2,suffix,-0.004968410272715754,0.020445236308284896,252
8,3,suffix,0.003167120984774859,0.012848712421564703,252
8,4,suffix,0.013616273493844635,0.0727097537268174,252
8,5,suffix,0.0021963979125425724,0.07661798580097855,252
8,6,suffix,-0.09130663309862563,0.213721530918274,252
8,7,suffix,0.008532705484189109,0.034426114864468144,252
8,8,suffix,-0.002858638453910807,0.027562985552192134,252
8,9,suffix,0.0017656979915854107,0.020947337394145074,252
8,10,suffix,0.004540416389765654,0.015361310161039463,252
8,11,suffix,-0.002908580528893499,0.013765391791388365,252
8,12,suffix,-0.007834800209099147,0.030772668067410927,252
8,13,suffix,-0.002619083212237687,0.051761866410425496,252
8,14,suffix,0.0041763560841481815,0.014926059786953301,252
8,15,suffix,0.002005740899755712,0.05279001272044427,252
8,16,suffix,-0.0817850469533051,0.24188994635765013,252
8,17,suffix,0.04760740781969775,0.13413752036747553,252
8,18,suffix,0.0028004626312019627,0.05295567872189355,252
8,19,suffix,0.1843285794939942,0.4437872480350687,252
8,20,suffix,0.0010199288463188588,0.015542527910766362,252
8,21,suffix,0.0005740820489581748,0.015776176412016087,252
8,22,suffix,0.005732720304328564,0.025320210911255952,252
8,23,suffix,0.0019489303149240432,0.03201655571319861,252
8,24,suffix,0.00044393612615605227,0.037360224509838086,252
8,25,suffix,0.008383617196823396,0.10218768925424518,252
8,26,suffix,-0.0052080492047631806,0.026055862395936394,252
8,27,suffix,0.004388291587626251,0.046799094521760246,252
8,28,suffix,0.0038321559025332264,0.02615711729912806,252
8,29,suffix,-0.014791619639297659,0.06905804582031182,252
8,30,suffix,-0.014591003901538594,0.13289386263089015,252
8,31,suffix,0.007421025891427047,0.0673842028640109,252
9,0,prefix,0.0,0.0,252
9,1,prefix,0.0,0.0,252
9,2,prefix,0.0,0.0,252
9,3,prefix,0.0,0.0,252
9,4,prefix,0.0,0.0,252
9,5,prefix,0.0,0.0,252
9,6,prefix,0.0,0.0,252
9,7,prefix,0.0,0.0,252
9,8,prefix,0.0,0.0,252
9,9,prefix,0.0,0.0,252
9,10,prefix,0.0,0.0,252
9,11,prefix,0.0,0.0,252
9,12,prefix,0.0,0.0,252
9,13,prefix,0.0,0.0,252
9,14,prefix,0.0,0.0,252
9,15,prefix,0.0,0.0,252
9,16,prefix,0.0,0.0,252
9,17,prefix,0.0,0.0,252
9,18,prefix,0.0,0.0,252
9,19,prefix,0.0,0.0,252
9,20,prefix,0.0,0.0,252
9,21,prefix,0.0,0.0,252
9,22,prefix,0.0,0.0,252
9,23,prefix,0.0,0.0,252
9,24,prefix,0.0,0.0,252
9,25,prefix,0.0,0.0,252
9,26,prefix,0.0,0.0,252
9,27,prefix,0.0,0.0,252
9,28,prefix,0.0,0.0,252
9,29,prefix,0.0,0.0,252
9,30,prefix,0.0,0.0,252
9,31,prefix,0.0,0.0,252
9,0,entity,-0.001405468767246468,0.029419096086048594,252
9,1,entity,0.006933528613502396,0.01741145281370596,252
9,2,entity,0.0014449763765451424,0.011275936381213204,252
9,3,entity,-0.00019247064079132138,0.02255893333633486,252
9,4,entity,0.004362742416271922,0.01406800977271078,252
9,5,entity,-0.0034675283027426635,0.03502271617132161,252
9,6,entity,0.006950516062802524,0.027020988258184858,252
9,7,entity,0.003070090463942116,0.011142406735402007,252
9,8,entity,0.003491931164356333,0.01863135069346292,252
9,9,entity,-0.004647845199441589,0.025586741711156227,252
9,10,entity,0.00957382022586119,0.03537816459327818,252
9,11,entity,-0.0015950992221607724,0.034113108475428325,252
9,12,entity,0.002248692330809602,0.005898664002516953,252
9,13,entity,-0.000999679166737238,0.004585268403937493,252
9,14,entity,-0.00020350462320840008,0.005086380564996886,252
9,15,entity,-0.0006525054645501927,0.004099756542725825,252
9,16,entity,0.0034620856973878477,0.03253415568906348,252
9,17,entity,-0.005043899626812957,0.03631389136994369,252
9,18,entity,-0.010404484854440116,0.04116636499672914,252
9,19,entity,0.006651464858025845,0.0322138382840739,252
9,20,entity,-0.001644775446442913,0.009540384899400312,252
9,21,entity,0.0008542219825141642,0.008128781405950634,252
9,22,entity,0.002197785161866156,0.009844365681009737,252
9,23,entity,-0.0006819967588637068,0.01184828721607263,252
9,24,entity,0.0059140690484329956,0.011306164718888116,252
9,25,entity,0.00014390803789865458,0.004636729398289245,252
9,26,entity,-0.002482424088821207,0.008243968598738624,252
9,27,entity,-3.414259360094244e-05,0.0012693907793863983,252
9,28,entity,-0.0020491994350560986,0.0208157749801767,252
9,29,entity,0.0003983332970251684,0.009989489568743877,252
9,30,entity,0.0016016385416728481,0.0075646798528425045,252
9,31,entity,-0.0004847440421086965,0.006940015576724868,252
9,0,last,-0.010487733486418923,0.021084694265727958,252
9,1,last,0.018657144543433948,0.034537708937441784,252
9,2,last,0.0020011217312125994,0.012330575882630895,252
9,3,last,0.00240717831415139,0.014707877753405936,252
9,4,last,-0.0003576424653782317,0.00808206460917265,252
9,5,last,0.0034780969227930264,0.01643559423234639,252
9,6,last,-0.0010704114905647224,0.010583136283371243,252
9,7,last,-0.0010373755362779197,0.006634775940458187,252
9,8,last,0.0009353436383655265,0.010337481104273585,252
9,9,last,0.0026574788101401832,0.011194908753081802,252
9,10,last,-0.0018917284582534598,0.0136219299581301,252
9,11,last,-0.001892032235720387,0.012470454727816913,252
9,12,last,0.0015119796462674878,0.012190962162715131,252
9,13,last,0.0019303640213957618,0.010026960200371427,252
9,14,last,0.001140602588993571,0.006997455752247738,252
9,15,last,-0.0016219978034126734,0.008819168369795773,252
9,16,last,-0.0018459663450134001,0.009417359861785487,252
9,17,last,-0.002151319977923459,0.021628586755555478,252
9,18,last,-0.003124720154566661,0.02434089600426396,252
9,19,last,-0.00019989920676582388,0.01877035631886905,252
9,20,last,-0.0022777466238328506,0.014807105405322676,252
9,21,last,-0.0022631998179436083,0.010157769629990475,252
9,22,last,0.0018947245091170308,0.016249382077524112,252
9,23,last,0.0008553766325810954,0.010974327252904278,252
9,24,last,0.0014574691442595352,0.016465055610289766,252
9,25,last,-0.00013732602579578283,0.0012243291192654787,252
9,26,last,-0.0011168309138156474,0.005854349674856556,252
9,27,last,0.0018051263351004483,0.00671868961990907,252
9,28,last,-0.0036515138548104064,0.023088560506169285,252
9,29,last,0.0024306223587325167,0.015814280667756166,252
9,30,last,-0.0006724492908226296,0.011562716538762851,252
9,31,last,0.008155987131416739,0.02559509612564441,252
9,0,suffix,-0.03911019130891728,0.10254944109247946,252
9,1,suffix,0.0017037662145744507,0.13926053311955738,252
9,2,suffix,0.008411965693720424,0.04854356609160147,252
9,3,suffix,0.004023144263353768,0.04042635261580544,252
9,4,suffix,0.00023140552019911063,0.024642724690830432,252
9,5,suffix,-0.02266841228496531,0.07112927824761885,252
9,6,suffix,0.00965478652887257,0.09476853590557954,252
9,7,suffix,0.007245000089737698,0.028439060562786403,252
9,8,suffix,-0.001220353461879616,0.02996622539764743,252
9,9,suffix,-0.005314374422711794,0.02001566003563644,252
9,10,suffix,-0.0019435474116887366,0.04706589279591017,252
9,11,suffix,-0.0243713312758325,0.09349226024295647,252
9,12,suffix,0.005225910602593868,0.029722607245766707,252
9,13,suffix,-0.007364481893697909,0.022764816415835252,252
9,14,suffix,0.001084857655639228,0.018903418885967103,252
9,15,suffix,-0.001899007174206273,0.012952931299041088,252
9,16,suffix,-0.0031089491147588614,0.03721867057948469,252
9,17,suffix,0.016343556497650708,0.0798551547149333,252
9,18,suffix,-0.022007596044291165,0.07440470512734637,252
9,19,suffix,-0.00017239888095193438,0.08121387530783457,252
9,20,suffix,0.001886224265497673,0.03630993831988206,252
9,21,suffix,0.003199894758590889,0.029294994096701322,252
9,22,suffix,0.003273915110935738,0.04061343628471525,252
9,23,suffix,-0.008408378990434501,0.03548832710438301,252
9,24,suffix,-0.01517354088799847,0.06560077109327447,252
9,25,suffix,0.0006857843265664535,0.007166247891406769,252
9,26,suffix,-0.005524787091359493,0.06401450244141862,252
9,27,suffix,0.0011237717469431653,0.016632900180411525,252
9,28,suffix,-0.030980166232597733,0.06260367594326713,252
9,29,suffix,-0.0008868158514064456,0.02596149142158942,252
9,30,suffix,0.00885360671178667,0.026258463929970898,252
9,31,suffix,0.015022313116152498,0.042284688522317634,252
10,0,prefix,0.0,0.0,252
10,1,prefix,0.0,0.0,252
10,2,prefix,0.0,0.0,252
10,3,prefix,0.0,0.0,252
10,4,prefix,0.0,0.0,252
10,5,prefix,0.0,0.0,252
10,6,prefix,0.0,0.0,252
10,7,prefix,0.0,0.0,252
10,8,prefix,0.0,0.0,252
10,9,prefix,0.0,0.0,252
10,10,prefix,0.0,0.0,252
10,11,prefix,0.0,0.0,252
10,12,prefix,0.0,0.0,252
10,13,prefix,0.0,0.0,252
10,14,prefix,0.0,0.0,252
10,15,prefix,0.0,0.0,252
10,16,prefix,0.0,0.0,252
10,17,prefix,0.0,0.0,252
10,18,prefix,0.0,0.0,252
10,19,prefix,0.0,0.0,252
10,20,prefix,0.0,0.0,252
10,21,prefix,0.0,0.0,252
10,22,prefix,0.0,0.0,252
10,23,prefix,0.0,0.0,252
10,24,prefix,0.0,0.0,252
10,25,prefix,0.0,0.0,252
10,26,prefix,0.0,0.0,252
10,27,prefix,0.0,0.0,252
10,28,prefix,0.0,0.0,252
10,29,prefix,0.0,0.0,252
10,30,prefix,0.0,0.0,252
10,31,prefix,0.0,0.0,252
10,0,entity,0.001724453962182567,0.016290722115266523,252
10,1,entity,-0.00016415438037097735,0.0065448121264732135,252
10,2,entity,-0.00012437035816436124,0.004538382101340436,252
10,3,entity,-0.00025076463634110356,0.006262564589171292,252
10,4,entity,0.0005545462833926273,0.00474079003689685,252
10,5,entity,-0.0002747160575266222,0.0021732839486792235,252
10,6,entity,-0.0010540994548685534,0.005043185361674183,252
10,7,entity,-0.00017259506669702998,0.005724719838326564,252
10,8,entity,-0.00020614566754028645,0.0036645034677580015,252
10,9,entity,0.004998843396028932,0.01590256713906355,252
10,10,entity,0.006274971285223266,0.028409055271786488,252
10,11,entity,-0.0028238495622876117,0.011616817928341565,252
10,12,entity,2.7524301696671284e-06,0.0006043815756778973,252
10,13,entity,0.00015376969837154955,0.001220031913786688,252
10,14,entity,8.846205049387266e-06,0.0012661301816081951,252
10,15,entity,0.0015443635750541165,0.008695620862266561,252
10,16,entity,0.0037469401841730044,0.00980253655559084,252
10,17,entity,-0.0030649205386113847,0.02225890998277695,252
10,18,entity,-0.0026401190774026514,0.008199256420214494,252
10,19,entity,0.005488160272862943,0.01596960206064516,252
10,20,entity,0.0009845138394291373,0.00793131508804176,252
10,21,entity,0.002017244165183492,0.008107502437240559,252
10,22,entity,-6.09010814283494e-05,0.009344026006724489,252
10,23,entity,-0.0015380181670595434,0.008358173345706226,252
10,24,entity,0.018912333554850655,0.04508518505821167,252
10,25,entity,-0.0004682308834104795,0.011939737875431929,252
10,26,entity,0.02009090104894269,0.029795877545164707,252
10,27,entity,0.0003275189067478225,0.010901898829326946,252
10,28,entity,0.00018799897383908659,0.0038761651143835885,252
10,29,entity,-0.00128495886071635,0.005024234953683816,252
10,30,entity,0.009553882017378725,0.028617698427600164,252
10,31,entity,-0.0006973227844586261,0.0015193621760021963,252
10,0,last,-0.00011171307691949464,0.02377073412173472,252
10,1,last,-0.005375115756159796,0.01984387986446982,252
10,2,last,-0.0002833802732528143,0.003816370614379319,252
10,3,last,0.001502916196523796,0.012249853354804809,252
10,4,last,-0.0013961092003488115,0.004031580982781533,252
10,5,last,0.0007493219759670042,0.005156695831655746,252
10,6,last,0.001193165054751767,0.0122378497432533,252
10,7,last,-0.0020373212372226317,0.012605866761453125,252
10,8,last,-0.0014741981578972338,0.0057069919460604615,252
10,9,last,0.0006521412712847074,0.012463428993849822,252
10,10,last,-0.0003394935176604324,0.017860779076785085,252
10,11,last,-8.204984127558649e-05,0.008706916663204394,252
10,12,last,0.0007017820820374976,0.002325837760018037,252
10,13,last,-0.0008353341476149147,0.006391539252252274,252
10,14,last,-0.0023483420781780125,0.012357875980789744,252
10,15,last,-0.0010228734121598777,0.016960819176996926,252
10,16,last,0.0014301558221054692,0.007487526978366077,252
10,17,last,-0.0062533077915080835,0.02088143877104841,252
10,18,last,-0.008062276998460884,0.03911032490543134,252
10,19,last,0.0027145801346734285,0.010702523257812515,252
10,20,last,0.0018152347858256055,0.010689552385537397,252
10,21,last,0.004936061497862702,0.009505586653840653,252
10,22,last,0.0013438285548343426,0.009413656615097785,252
10,23,last,0.0017428891576220474,0.004778526865670251,252
10,24,last,-0.017675509343722036,0.0475655333545532,252
10,25,last,0.010350737085063306,0.031141485848892776,252
10,26,last,0.0003805070531569303,0.012655358454803861,252
10,27,last,0.015508942573981744,0.036839154188609904,252
10,28,last,0.001796701655072707,0.0066258908066499445,252
10,29,last,-0.0043758788817776515,0.010715864450460123,252
10,30,last,-0.0004937788152823313,0.013201083736180046,252
10,31,last,-0.00043976125709291195,0.002096148262757601,252
10,0,suffix,-0.006242440702321585,0.07680316270344766,252
10,1,suffix,-0.010582649855807955,0.074134124053729,252
10,2,suffix,0.000828747624822542,0.008936868025600796,252
10,3,suffix,0.00026219486746759644,0.022582833023902606,252
10,4,suffix,-0.0030601908932560095,0.017662553001534274,252
10,5,suffix,0.0013777820084157164,0.00456426417457849,252
10,6,suffix,0.0008537070278844257,0.01840766421250125,252
10,7,suffix,-0.0029209902883546115,0.022129552043066176,252
10,8,suffix,0.0013566408350246973,0.011291539665156355,252
10,9,suffix,-0.006834514284809489,0.030344572962291302,252
10,10,suffix,-0.002146261771226169,0.038070878134310496,252
10,11,suffix,-0.0006572941724915013,0.061154310496238484,252
10,12,suffix,-0.00011348093402563199,0.002067359794406031,252
10,13,suffix,-0.0031544423580935617,0.017279389413156352,252
10,14,suffix,-0.0002769631260774091,0.007396057526680774,252
10,15,suffix,-0.0011944329750212279,0.02058401217211559,252
10,16,suffix,0.005555986833993331,0.025897727319961487,252
10,17,suffix,-0.02066142927120266,0.06434600103019629,252
10,18,suffix,-0.023607837990672873,0.08798777442545601,252
10,19,suffix,0.010809491839609109,0.03929213460859111,252
10,20,suffix,0.005754700977016159,0.035392207902092084,252
10,21,suffix,-3.417447857957866e-05,0.0416954061665964,252
10,22,suffix,-0.003369497506586384,0.025160992834860244,252
10,23,suffix,0.004191671045047105,0.023204368957579838,252
10,24,suffix,-0.07336587057862845,0.14982236690804482,252
10,25,suffix,0.02383837799101861,0.07444765118444116,252
10,26,suffix,0.021332713872003035,0.04660268860838158,252
10,27,suffix,-0.055356396720670754,0.26953485083123224,252
10,28,suffix,0.005541862276177632,0.01560284907891256,252
10,29,suffix,-0.007997490807033573,0.02199903970453999,252
10,30,suffix,-0.003840446439945871,0.029685018730459787,252
10,31,suffix,-0.001592752709372675,0.005681292673779396,252
11,0,prefix,0.0,0.0,252
11,1,prefix,0.0,0.0,252
11,2,prefix,0.0,0.0,252
11,3,prefix,0.0,0.0,252
11,4,prefix,0.0,0.0,252
11,5,prefix,0.0,0.0,252
11,6,prefix,0.0,0.0,252
11,7,prefix,0.0,0.0,252
11,8,prefix,0.0,0.0,252
11,9,prefix,0.0,0.0,252
11,10,prefix,0.0,0.0,252
11,11,prefix,0.0,0.0,252
11,12,prefix,0.0,0.0,252
11,13,prefix,0.0,0.0,252
11,14,prefix,0.0,0.0,252
11,15,prefix,0.0,0.0,252
11,16,prefix,0.0,0.0,252
11,17,prefix,0.0,0.0,252
11,18,prefix,0.0,0.0,252
11,19,prefix,0.0,0.0,252
11,20,prefix,0.0,0.0,252
11,21,prefix,0.0,0.0,252
11,22,prefix,0.0,0.0,252
11,23,prefix,0.0,0.0,252
11,24,prefix,0.0,0.0,252
11,25,prefix,0.0,0.0,252
11,26,prefix,0.0,0.0,252
11,27,prefix,0.0,0.0,252
11,28,prefix,0.0,0.0,252
11,29,prefix,0.0,0.0,252
11,30,prefix,0.0,0.0,252
11,31,prefix,0.0,0.0,252
11,0,entity,-0.0001730832485745417,0.015988219391435868,252
11,1,entity,0.002718943265906077,0.015203861799183494,252
11,2,entity,-0.0010004847147987068,0.017215719116061266,252
11,3,entity,0.0008495167803919194,0.031155900011187426,252
11,4,entity,-0.0007816745553951939,0.013544183364934898,252
11,5,entity,-0.0005169768151279728,0.0020226786410704437,252
11,6,entity,-0.0019673977724215504,0.006754563545525473,252
11,7,entity,0.0014398252642999906,0.004504029065073054,252
11,8,entity,-0.0022103010135955023,0.006384852994198722,252
11,9,entity,-0.0007946311278150431,0.008051775975290516,252
11,10,entity,6.549202427979455e-06,0.015402618408881522,252
11,11,entity,0.0015623708109376907,0.011312767576393006,252
11,12,entity,-0.001199185680109492,0.005358253869244003,252
11,13,entity,0.007499054077001462,0.022258472282821514,252
11,14,entity,-0.0045414603629314884,0.015437418169890334,252
11,15,entity,-0.0034186613405518796,0.016876945528247957,252
11,16,entity,0.013008673384319991,0.027998232528463833,252
11,17,entity,-0.0032606435324562463,0.017632185766867932,252
11,18,entity,0.0042685169293171,0.020015746586674748,252
11,19,entity,-0.004576617383131562,0.03273360902358757,252
11,20,entity,0.0004395732189189561,0.011265910119993986,252
11,21,entity,0.005026626830854978,0.012096170170970874,252
11,22,entity,0.007405365527827396,0.020744984566893738,252
11,23,entity,0.0011953626095736769,0.036118292245927955,252
11,24,entity,0.0023983153319383586,0.014244634351699561,252
11,25,entity,-0.002054566340885931,0.024389568260674076,252
11,26,entity,-0.001405792834356405,0.01505467124199698,252
11,27,entity,0.0052455249661718314,0.014055448838224124,252
11,28,entity,0.0003636365377494099,0.0018770844138825417,252
11,29,entity,-0.0005460957829257943,0.0023873107591151936,252
11,30,entity,0.0008555772861683859,0.005008490514084105,252
11,31,entity,0.001726009999113139,0.00923400162170606,252
11,0,last,0.001804101225432186,0.012216629828178576,252
11,1,last,0.014325042968497627,0.05668826896091184,252
11,2,last,-0.018396245570675956,0.030634368148942787,252
11,3,last,-0.0061863026681489176,0.0253086962777796,252
11,4,last,-0.0018288320418269862,0.07542712783943566,252
11,5,last,-0.007157340878158778,0.01687924023154044,252
11,6,last,-0.0013252565538370243,0.008873771864547587,252
11,7,last,0.001725778489979723,0.010352389184787633,252
11,8,last,-0.0027393920010783607,0.010014569830326807,252
11,9,last,0.004157072240819356,0.019108496459444894,252
11,10,last,0.001000284181264717,0.017500204940526082,252
11,11,last,-0.003130324693056681,0.02481004907860465,252
11,12,last,-0.0037476292539698384,0.009393972437089634,252
11,13,last,-0.003591851301727787,0.01894136863790216,252
11,14,last,0.00349681353702816,0.01686040530931057,252
11,15,last,-0.0058932303744811745,0.013782584111184059,252
11,16,last,-0.0013305756202455434,0.026132766629517492,252
11,17,last,0.00873564680602165,0.023448665373189938,252
11,18,last,0.009628073280004578,0.01986088793048458,252
11,19,last,-0.010974991133451344,0.03248564767584737,252
11,20,last,-0.0006108509537409104,0.013498274469932925,252
11,21,last,-0.002256242992607729,0.022519361628736887,252
11,22,last,-0.002236851272062354,0.019348171154325383,252
11,23,last,0.0032725834041937357,0.03328152690618669,252
11,24,last,-0.0006697715855100089,0.03927453599005405,252
11,25,last,-0.0032990443749382854,0.042429713957336926,252
11,26,last,0.022388785608142378,0.056256717872909374,252
11,27,last,0.011238417525347027,0.031177397259318874,252
11,28,last,-0.0001987420330387688,0.0014383515562734655,252
11,29,last,-2.158586698536214e-05,0.0019460885125140305,252
11,30,last,0.00037094078762161116,0.004950662252552334,252
11,31,last,0.004980915863092782,0.015109064122606512,252
11,0,suffix,0.005242743380164491,0.025064310878940253,252
11,1,suffix,0.006194303214590672,0.10278868690430601,252
11,2,suffix,-0.02270072853420898,0.06321885452549424,252
11,3,suffix,0.004325262329768434,0.06723847208218464,252
11,4,suffix,-0.028852969272679368,0.1925153852812761,252
11,5,suffix,0.00443941560251193,0.017972078811691886,252
11,6,suffix,-0.0006901324962359106,0.019336497393172947,252
11,7,suffix,0.010673983602914848,0.024301214923547206,252
11,8,suffix,-0.0024507781437557515,0.017107624761318597,252
11,9,suffix,-0.00950771035191821,0.03414663582837434,252
11,10,suffix,-0.04015744427964646,0.08720621754325712,252
11,11,suffix,0.005604499033772357,0.038383145202440946,252
11,12,suffix,-0.017696492865012722,0.03518250888298517,252
11,13,suffix,0.018895112579071244,0.06948100407894273,252
11,14,suffix,0.004830491513804725,0.057472656561350005,252
11,15,suffix,-0.00539572674795867,0.03215141138288244,252
11,16,suffix,0.007583089398510296,0.03894582386927805,252
11,17,suffix,0.00296753616347569,0.03689452778919423,252
11,18,suffix,0.008363052940925599,0.020939404909898127,252
11,19,suffix,0.00377936844135605,0.10030505663876067,252
11,20,suffix,-0.013795616869520884,0.05256863664498457,252
11,21,suffix,0.008098313360985938,0.07806800795469104,252
11,22,suffix,0.017077398540716368,0.04970058674636733,252
11,23,suffix,-0.025876254137117593,0.10791250140247276,252
11,24,suffix,0.010029022823252331,0.09661879202666035,252
11,25,suffix,-0.004339179985912605,0.15876150669323075,252
11,26,suffix,0.005061446431754452,0.14163379124799994,252
11,27,suffix,-0.02486246335343273,0.08561433857377981,252
11,28,suffix,0.0008099135980840416,0.005889540049157938,252
11,29,suffix,0.0003275948523272139,0.0053789221955600035,252
11,30,suffix,-0.0002911842055341584,0.008956308501803996,252
11,31,suffix,0.0037198936694212968,0.024873206941785093,252
12,0,prefix,0.0,0.0,252
12,1,prefix,0.0,0.0,252
12,2,prefix,0.0,0.0,252
12,3,prefix,0.0,0.0,252
12,4,prefix,0.0,0.0,252
12,5,prefix,0.0,0.0,252
12,6,prefix,0.0,0.0,252
12,7,prefix,0.0,0.0,252
12,8,prefix,0.0,0.0,252
12,9,prefix,0.0,0.0,252
12,10,prefix,0.0,0.0,252
12,11,prefix,0.0,0.0,252
12,12,prefix,0.0,0.0,252
12,13,prefix,0.0,0.0,252
12,14,prefix,0.0,0.0,252
12,15,prefix,0.0,0.0,252
12,16,prefix,0.0,0.0,252
12,17,prefix,0.0,0.0,252
12,18,prefix,0.0,0.0,252
12,19,prefix,0.0,0.0,252
12,20,prefix,0.0,0.0,252
12,21,prefix,0.0,0.0,252
12,22,prefix,0.0,0.0,252
12,23,prefix,0.0,0.0,252
12,24,prefix,0.0,0.0,252
12,25,prefix,0.0,0.0,252
12,26,prefix,0.0,0.0,252
12,27,prefix,0.0,0.0,252
12,28,prefix,0.0,0.0,252
12,29,prefix,0.0,0.0,252
12,30,prefix,0.0,0.0,252
12,31,prefix,0.0,0.0,252
12,0,entity,0.0007303515500559967,0.010064227824754891,252
12,1,entity,0.0009605231496405193,0.005720723890287142,252
12,2,entity,-0.0009175112422420329,0.005732816808039575,252
12,3,entity,0.0002512442449462094,0.009446402057518653,252
12,4,entity,0.00011159025566557253,0.0040358093698333024,252
12,5,entity,-0.00047241812377424574,0.008002044623726617,252
12,6,entity,-0.0012504639218518388,0.005285840887443064,252
12,7,entity,7.247711548390928e-05,0.004332909336953312,252
12,8,entity,0.0001383027832032115,0.0068097799107601446,252
12,9,entity,-0.0007390910368629857,0.005513768287831529,252
12,10,entity,-0.0005713105288339735,0.00746489167708898,252
12,11,entity,0.0007451288713907291,0.008952532880126483,252
12,12,entity,-0.023124128420022316,0.04397072782716899,252
12,13,entity,0.0018713137216677534,0.008747343057216818,252
12,14,entity,1.368118463442587e-06,0.009616698572374714,252
12,15,entity,0.011535271895044143,0.022991585589359546,252
12,16,entity,-0.0004369329945470709,0.0032011349182525127,252
12,17,entity,-0.0006541715206944828,0.0049476018821873625,252
12,18,entity,-0.002504952201325934,0.01268767447040845,252
12,19,entity,0.0036878241141190906,0.011348173002116956,252
12,20,entity,0.000548392236750159,0.017843634909709975,252
12,21,entity,0.0017345406105873519,0.00420182980673821,252
12,22,entity,-0.0005988831149547227,0.007929146900659404,252
12,23,entity,-0.0002437491590200576,0.008221427425023792,252
12,24,entity,-0.0007420233797304155,0.007926270490734457,252
12,25,entity,0.00035309315728862577,0.007855884305692078,252
12,26,entity,0.0016522814319556809,0.008800812107582469,252
12,27,entity,-0.0004216224843398705,0.011593965568502585,252
12,28,entity,-0.001198224838339633,0.007338476148121002,252
12,29,entity,-0.00020648753305731733,0.003302300816473675,252
12,30,entity,0.011876639728027855,0.026304572285014382,252
12,31,entity,0.0013217795471612748,0.00804131944887414,252
12,0,last,0.003320035971848974,0.027144797360672365,252
12,1,last,0.0010539696788385746,0.019070287817157805,252
12,2,last,0.00541653258482083,0.0354002454883552,252
12,3,last,-3.459630996018412e-05,0.021857891674338294,252
12,4,last,0.031255803102376085,0.058459598964656745,252
12,5,last,-0.0035951350305584214,0.03181561955531675,252
12,6,last,-0.011027439961224676,0.026033441497323413,252
12,7,last,-0.0035534498414822985,0.02981949647489403,252
12,8,last,-0.01950589443616096,0.042027616825339106,252
12,9,last,-0.0013569100013387108,0.06334367714127496,252
12,10,last,0.00912996345303125,0.040199010049007715,252
12,11,last,0.010268359263944957,0.05049358884478727,252
12,12,last,0.011688716432434462,0.0737312335838815,252
12,13,last,0.01235969367969249,0.04979646203684665,252
12,14,last,-0.009051122589938579,0.030899752184586037,252
12,15,last,0.033774002891270416,0.08001008565493282,252
12,16,last,-0.0006201850806569888,0.010588371755725275,252
12,17,last,-0.0014105277890819937,0.010677559701781277,252
12,18,last,0.0032471191768150124,0.011565698239590146,252
12,19,last,0.004689818557207694,0.01203378088382398,252
12,20,last,0.009491567899073874,0.03857242036980414,252
12,21,last,-0.00017282989851775623,0.011969684658291202,252
12,22,last,-0.0013032692728475446,0.034961492329510666,252
12,23,last,-0.003683178604299587,0.022998460716316626,252
12,24,last,0.013134495719217711,0.040076461622476696,252
12,25,last,0.000960040260993299,0.03100295518598859,252
12,26,last,0.016592422125136688,0.03084823699291086,252
12,27,last,-0.0055037254970225075,0.03678017757123425,252
12,28,last,-0.001640170124278123,0.0479512934005701,252
12,29,last,-0.003656640751398213,0.021426989769910476,252
12,30,last,-0.008405153853966603,0.03262071638915037,252
12,31,last,-0.010131475648709707,0.06519879017853075,252
12,0,suffix,-0.01812109314108504,0.040800014318573094,252
12,1,suffix,-0.007363243339886327,0.025971286516684653,252
12,2,suffix,-0.0013959998133710571,0.04123668390047175,252
12,3,suffix,0.0016741345367220688,0.02189021399877559,252
12,4,suffix,-0.007244628715044301,0.06749530821033413,252
12,5,suffix,-0.024544715144743566,0.06962123423207751,252
12,6,suffix,-0.010596438465105917,0.06278904396989789,252
12,7,suffix,0.014578935962090905,0.04122597143346895,252
12,8,suffix,-0.0037199460881917426,0.04950420034029299,252
12,9,suffix,0.052767864964340654,0.09836252221638071,252
12,10,suffix,0.006623871536234335,0.045385480346989686,252
12,11,suffix,-0.0471929586704983,0.10101008779435817,252
12,12,suffix,-0.032570206120403275,0.1532544871914156,252
12,13,suffix,-0.01385596816382733,0.10001066700802073,252
12,14,suffix,0.002161088786023255,0.043192965377885334,252
12,15,suffix,0.04022109807244435,0.11188305692127277,252
12,16,suffix,-0.008292179275384923,0.023389598542774958,252
12,17,suffix,0.006800467219739129,0.013075639342180997,252
12,18,suffix,0.0038427221490622736,0.01953675206286356,252
12,19,suffix,0.003703860616201021,0.027222784358898588,252
12,20,suffix,-0.031607125236261045,0.07438431061076237,252
12,21,suffix,0.007864429140421894,0.03464291634678837,252
12,22,suffix,-0.0675460696072569,0.2050677278191812,252
12,23,suffix,0.022408780692208054,0.037375660320755004,252
12,24,suffix,0.01138539467178311,0.05579988188967238,252
12,25,suffix,-0.06338938192736047,0.11493651007278083,252
12,26,suffix,0.015234381466316768,0.053630742487416325,252
12,27,suffix,0.029829692816415374,0.06448569131616895,252
12,28,suffix,-0.08524808422468293,0.15380942207596648,252
12,29,suffix,-0.005259540998691042,0.0261271077999106,252
12,30,suffix,0.003929820488482374,0.11195903803782707,252
12,31,suffix,0.011682918450022707,0.11944645745836804,252
13,0,prefix,0.0,0.0,252
13,1,prefix,0.0,0.0,252
13,2,prefix,0.0,0.0,252
13,3,prefix,0.0,0.0,252
13,4,prefix,0.0,0.0,252
13,5,prefix,0.0,0.0,252
13,6,prefix,0.0,0.0,252
13,7,prefix,0.0,0.0,252
13,8,prefix,0.0,0.0,252
13,9,prefix,0.0,0.0,252
13,10,prefix,0.0,0.0,252
13,11,prefix,0.0,0.0,252
13,12,prefix,0.0,0.0,252
13,13,prefix,0.0,0.0,252
13,14,prefix,0.0,0.0,252
13,15,prefix,0.0,0.0,252
13,16,prefix,0.0,0.0,252
13,17,prefix,0.0,0.0,252
13,18,prefix,0.0,0.0,252
13,19,prefix,0.0,0.0,252
13,20,prefix,0.0,0.0,252
13,21,prefix,0.0,0.0,252
13,22,prefix,0.0,0.0,252
13,23,prefix,0.0,0.0,252
13,24,prefix,0.0,0.0,252
13,25,prefix,0.0,0.0,252
13,26,prefix,0.0,0.0,252
13,27,prefix,0.0,0.0,252
13,28,prefix,0.0,0.0,252
13,29,prefix,0.0,0.0,252
13,30,prefix,0.0,0.0,252
13,31,prefix,0.0,0.0,252
13,0,entity,-0.00073876855146539,0.006835846967684726,252
13,1,entity,0.000934744762465319,0.005854563803661713,252
13,2,entity,0.003634263434356572,0.00939835762934337,252
13,3,entity,0.001079817763970895,0.004943867338408295,252
13,4,entity,0.00011947169377890532,0.001046720655224254,252
13,5,entity,-0.0001335009885642937,0.0013161374810647792,252
13,6,entity,1.9024044507075034e-05,0.0006065405049888622,252
13,7,entity,0.00029400169303641185,0.0012024736823670018,252
13,8,entity,-0.001012521787093387,0.0076553016345618135,252
13,9,entity,0.0007924877234414914,0.0034262583345509253,252
13,10,entity,0.0007053676800852474,0.006309026697592691,252
13,11,entity,-0.0003367176772775969,0.0032336080511023674,252
13,12,entity,0.0010775977171573368,0.0022771092831929325,252
13,13,entity,-0.0019265479193650425,0.006032255417036169,252
13,14,entity,0.00032142048309059834,0.0019456067412965427,252
13,15,entity,-0.0008734560086460468,0.0026461336286783556,252
13,16,entity,-0.0008236831548972062,0.01374891407411067,252
13,17,entity,0.00038493458354394767,0.0032144727633821608,252
13,18,entity,0.0005456425398213989,0.007207924263523651,252
13,19,entity,0.0004683067296961478,0.0051619081406522405,252
13,20,entity,-0.00043081284177657963,0.0019881161818895115,252
13,21,entity,0.0005499276423059143,0.0018482565484509183,252
13,22,entity,-7.677284955005032e-05,0.0019725622133115565,252
13,23,entity,0.00040027863735939183,0.00357862865152244,252
13,24,entity,-0.0011473642512028741,0.006893370212180473,252
13,25,entity,0.0010945858237911515,0.005398927782961336,252
13,26,entity,0.00022982046866961773,0.000746866565509302,252
13,27,entity,-0.0002349336227888714,0.0012516598697958317,252
13,28,entity,-0.010978725498947796,0.04792510093310349,252
13,29,entity,0.0009737791558672186,0.008352233497943316,252
13,30,entity,0.002587698857481998,0.009846821354470209,252
13,31,entity,-0.0006389175568261952,0.010331682339407658,252
13,0,last,0.014334716320422197,0.07892210994078408,252
13,1,last,0.013405346810551626,0.04852837439818633,252
13,2,last,0.01575087444368927,0.04276260918021084,252
13,3,last,-0.005324798976145093,0.06731981740495752,252
13,4,last,0.0034305541720684794,0.013320320527926678,252
13,5,last,-0.00045840392611728656,0.010507788872697375,252
13,6,last,-0.004506621094021414,0.019118665976242885,252
13,7,last,-0.005847598703223325,0.03293706154051636,252
13,8,last,0.0090654761556329,0.07068113584463144,252
13,9,last,0.003554625821018976,0.03715763469448402,252
13,10,last,-0.007775223884169781,0.04961170786474314,252
13,11,last,-0.011742788211752972,0.07213202124786755,252
13,12,last,-0.009387559767457702,0.04286912546330501,252
13,13,last,0.0036335249786220844,0.05624322786868092,252
13,14,last,-0.00416150368151388,0.016451787578666374,252
13,15,last,-0.004756913431698368,0.027051220372659227,252
13,16,last,0.0067705201790741985,0.06432119551824317,252
13,17,last,-0.023379798118387245,0.03802195696866081,252
13,18,last,-0.002301273586612845,0.05994920992100286,252
13,19,last,-0.008923890656747278,0.044467410423778116,252
13,20,last,0.010899342551258288,0.02703943581686222,252
13,21,last,-0.004154170963114926,0.040175769766349165,252
13,22,last,0.009721622040073964,0.031657228541065244,252
13,23,last,-0.003626067359517846,0.024187052857115983,252
13,24,last,-0.006788146071365133,0.03014553536102915,252
13,25,last,0.01011323425013365,0.030699297805161525,252
13,26,last,-0.0014749700545392457,0.011231221804683585,252
13,27,last,0.002393177854606793,0.019292880463162587,252
13,28,last,-0.006817872732109021,0.050775652145227744,252
13,29,last,-0.009086340967018807,0.032986560871543745,252
13,30,last,-0.003511107744767316,0.09408221995118,252
13,31,last,0.034623415301746084,0.09185557299116183,252
13,0,suffix,0.10692107803853494,0.2372497390828184,252
13,1,suffix,-0.052980948878232285,0.15849409660251465,252
13,2,suffix,-0.027188969990270886,0.07338655485468085,252
13,3,suffix,-0.03351137368239477,0.09175314438771383,252
13,4,suffix,0.0009117898976361926,0.02689486735078621,252
13,5,suffix,0.01370868565873169,0.03415245160073345,252
13,6,suffix,0.0020973053985457344,0.016867712845215998,252
13,7,suffix,-0.03441085722500695,0.06758820648708876,252
13,8,suffix,0.002735158469087245,0.07598231862576786,252
13,9,suffix,-0.049655713391234355,0.07874666811241898,252
13,10,suffix,0.08386885144818013,0.12621943648287376,252
13,11,suffix,-0.16414698981957154,0.26714535507499165,252
13,12,suffix,-0.002329177738122073,0.07938350166371073,252
13,13,suffix,-0.017531097630299405,0.07067902081452923,252
13,14,suffix,0.025664347494418347,0.04456066364253361,252
13,15,suffix,-0.01918129269347807,0.05649359573772739,252
13,16,suffix,0.05967669626226693,0.12511014587768826,252
13,17,suffix,0.018966179035372094,0.07253603923648673,252
13,18,suffix,-0.06766883344267077,0.14443714209517652,252
13,19,suffix,-0.015243550103540266,0.047230141202961685,252
13,20,suffix,0.01713325850857747,0.060012478032380356,252
13,21,suffix,-0.038976009711838004,0.0835165282699722,252
13,22,suffix,0.008348659404642631,0.039222777026485085,252
13,23,suffix,-0.027458015739934387,0.04753215568133681,252
13,24,suffix,0.010892225300296328,0.02840052717707179,252
13,25,suffix,-0.013289325212503577,0.03470023610700284,252
13,26,suffix,0.0002632325473631869,0.017391309172400348,252
13,27,suffix,0.006012426196638631,0.014989093470210229,252
13,28,suffix,0.10562271174710496,0.2069406673059954,252
13,29,suffix,-0.03134883991682843,0.05592426998006727,252
13,30,suffix,-0.08612456774091466,0.2655784448854522,252
13,31,suffix,-0.06709165461287493,0.13505502873736006,252
14,0,prefix,0.0,0.0,252
14,1,prefix,0.0,0.0,252
14,2,prefix,0.0,0.0,252
14,3,prefix,0.0,0.0,252
14,4,prefix,0.0,0.0,252
14,5,prefix,0.0,0.0,252
14,6,prefix,0.0,0.0,252
14,7,prefix,0.0,0.0,252
14,8,prefix,0.0,0.0,252
14,9,prefix,0.0,0.0,252
14,10,prefix,0.0,0.0,252
14,11,prefix,0.0,0.0,252
14,12,prefix,0.0,0.0,252
14,13,prefix,0.0,0.0,252
14,14,prefix,0.0,0.0,252
14,15,prefix,0.0,0.0,252
14,16,prefix,0.0,0.0,252
14,17,prefix,0.0,0.0,252
14,18,prefix,0.0,0.0,252
14,19,prefix,0.0,0.0,252
14,20,prefix,0.0,0.0,252
14,21,prefix,0.0,0.0,252
14,22,prefix,0.0,0.0,252
14,23,prefix,0.0,0.0,252
14,24,prefix,0.0,0.0,252
14,25,prefix,0.0,0.0,252
14,26,prefix,0.0,0.0,252
14,27,prefix,0.0,0.0,252
14,28,prefix,0.0,0.0,252
14,29,prefix,0.0,0.0,252
14,30,prefix,0.0,0.0,252
14,31,prefix,0.0,0.0,252
14,0,entity,0.00047013440065971475,0.0032282150205136285,252
14,1,entity,0.0003690560078688404,0.0022718232921039405,252
14,2,entity,0.00011601925116193588,0.0026710111268050877,252
14,3,entity,-0.0008385402525091772,0.0027932969722329172,252
14,4,entity,5.878637091247208e-05,0.001647372021226248,252
14,5,entity,-0.00035603161471419934,0.001692061623294822,252
14,6,entity,-3.865029019300617e-05,0.0025050148001499774,252
14,7,entity,0.0006124392806784257,0.003823789818852674,252
14,8,entity,-0.0008298525282866432,0.008872540466062862,252
14,9,entity,0.0014537336360046452,0.007127063688520658,252
14,10,entity,0.0012976200432315216,0.007276297299309619,252
14,11,entity,-0.000895293321480581,0.005833565194229272,252
14,12,entity,-0.00032805719849189727,0.003736580442718049,252
14,13,entity,-0.0002408984360839,0.008615052700983979,252
14,14,entity,0.0016888594642036228,0.02031284511623011,252
14,15,entity,-0.0003058883863155239,0.004736609482625638,252
14,16,entity,-0.004082797046326699,0.013746638838566715,252
14,17,entity,0.0006049359631394928,0.0023010420451923677,252
14,18,entity,0.00021539532631250618,0.0017301241899451904,252
14,19,entity,0.0017766939929840322,0.008688250692550413,252
14,20,entity,8.939899142148085e-05,0.002042080847014216,252
14,21,entity,-0.0011669321360502167,0.005698850727495728,252
14,22,entity,-0.0004577543472589154,0.0019799144514590374,252
14,23,entity,0.00045892315095457775,0.0034403965206683284,252
14,24,entity,0.0011280411776574005,0.008508059381898737,252
14,25,entity,0.00012056035888640003,0.004582737799604989,252
14,26,entity,4.674714814644263e-05,0.013803521361137789,252
14,27,entity,-0.004089483323609568,0.01685972168701165,252
14,28,entity,0.000625477389644763,0.0038640689515829314,252
14,29,entity,-7.444276207024814e-05,0.002044423754579752,252
14,30,entity,-3.893886199125157e-05,0.0021182196063573573,252
14,31,entity,-0.00029074611532609745,0.002050274633643673,252
14,0,last,-0.020376028526308283,0.061227423970454505,252
14,1,last,0.0105219952787997,0.03553425770674255,252
14,2,last,-0.0010465876188217884,0.08623799972701818,252
14,3,last,-0.0004950188809917087,0.03786886413581669,252
14,4,last,-0.0037605710376593625,0.019846493339938452,252
14,5,last,0.010324298778349268,0.028800316867307715,252
14,6,last,-0.040627354682083165,0.06214750528572097,252
14,7,last,0.021554918451574704,0.048460629866606306,252
14,8,last,-0.01163157138470856,0.08146870317351487,252
14,9,last,-0.005081061192507308,0.07515692173518122,252
14,10,last,0.016993072671106176,0.040411963914742784,252
14,11,last,0.04491533163107104,0.07344111554797679,252
14,12,last,-0.0031667128685743564,0.03499124994102333,252
14,13,last,0.012139977868794212,0.057419169084390716,252
14,14,last,-0.017652122185580314,0.04331116360937438,252
14,15,last,0.005441060869969309,0.02374685349105488,252
14,16,last,-0.011803073939749055,0.04271643149984321,252
14,17,last,-0.0019642707278733954,0.005977191779594351,252
14,18,last,0.006583527019727857,0.019330397722244794,252
14,19,last,0.002558228605064667,0.012749311901325921,252
14,20,last,0.006195091328302782,0.022286496903111654,252
14,21,last,0.005757793815555199,0.044767296723356206,252
14,22,last,-0.004646185929665253,0.03244109575947126,252
14,23,last,0.0006449034563191827,0.047382451823010804,252
14,24,last,0.04874013003242749,0.09260830200750321,252
14,25,last,0.0049042376127862745,0.03239297305440737,252
14,26,last,-0.006291234115552571,0.03476403204960719,252
14,27,last,-0.022996007389063756,0.04415443489542379,252
14,28,last,-0.0003182256154509054,0.040061539421523254,252
14,29,last,-0.006170323998149898,0.04635403270552319,252
14,30,last,0.00225997573533465,0.0484408412261733,252
14,31,last,-0.029511103205131516,0.06986630639053941,252
14,0,suffix,0.0026375053765525717,0.0817465046748689,252
14,1,suffix,-0.03880105160189689,0.07379608244394019,252
14,2,suffix,-0.03560241797614643,0.127842030670662,252
14,3,suffix,-0.024098540147875495,0.06851444121229366,252
14,4,suffix,0.011715741177290006,0.03441896480806116,252
14,5,suffix,-0.026476843099526522,0.04611887474230672,252
14,6,suffix,-0.0007548968449497358,0.03995968927033357,252
14,7,suffix,-0.025788864060785503,0.07432766379151005,252
14,8,suffix,-0.0012641760404221714,0.06773666603054615,252
14,9,suffix,0.007648151874678978,0.06825833528308153,252
14,10,suffix,-0.04135034916855927,0.06515724657774194,252
14,11,suffix,0.010447429649214008,0.04936444370255303,252
14,12,suffix,0.010844276542590547,0.030219453512386064,252
14,13,suffix,-0.0074749104357564764,0.08074170376967808,252
14,14,suffix,-0.006921803068724417,0.07268468673814028,252
14,15,suffix,0.017870158910342965,0.03273227308518327,252
14,16,suffix,-2.175937258889751e-06,0.030539750967392816,252
14,17,suffix,-0.006131103853332451,0.010340202176141448,252
14,18,suffix,0.0025168026319685546,0.0115798156714138,252
14,19,suffix,0.0029751297788895917,0.019766192158082656,252
14,20,suffix,-0.034315209986830485,0.046526805558454405,252
14,21,suffix,0.022673040299513746,0.06124335968597156,252
14,22,suffix,0.0054010316437467865,0.05765447494975108,252
14,23,suffix,-0.045536366039110966,0.06920621594384549,252
14,24,suffix,0.04173719319574986,0.1074539213392806,252
14,25,suffix,-0.0003099084767330039,0.04401891741179584,252
14,26,suffix,0.022088721235391743,0.036276878975008406,252
14,27,suffix,-0.022539782088960424,0.05605451377085133,252
14,28,suffix,-0.007513782942421838,0.09594017171715792,252
14,29,suffix,0.009873164746779135,0.07682750129352493,252
14,30,suffix,0.06700114341866639,0.09343660778055589,252
14,31,suffix,-0.06121718443330518,0.1441139486442331,252
15,0,prefix,0.0,0.0,252
15,1,prefix,0.0,0.0,252
15,2,prefix,0.0,0.0,252
15,3,prefix,0.0,0.0,252
15,4,prefix,0.0,0.0,252
15,5,prefix,0.0,0.0,252
15,6,prefix,0.0,0.0,252
15,7,prefix,0.0,0.0,252
15,8,prefix,0.0,0.0,252
15,9,prefix,0.0,0.0,252
15,10,prefix,0.0,0.0,252
15,11,prefix,0.0,0.0,252
15,12,prefix,0.0,0.0,252
15,13,prefix,0.0,0.0,252
15,14,prefix,0.0,0.0,252
15,15,prefix,0.0,0.0,252
15,16,prefix,0.0,0.0,252
15,17,prefix,0.0,0.0,252
15,18,prefix,0.0,0.0,252
15,19,prefix,0.0,0.0,252
15,20,prefix,0.0,0.0,252
15,21,prefix,0.0,0.0,252
15,22,prefix,0.0,0.0,252
15,23,prefix,0.0,0.0,252
15,24,prefix,0.0,0.0,252
15,25,prefix,0.0,0.0,252
15,26,prefix,0.0,0.0,252
15,27,prefix,0.0,0.0,252
15,28,prefix,0.0,0.0,252
15,29,prefix,0.0,0.0,252
15,30,prefix,0.0,0.0,252
15,31,prefix,0.0,0.0,252
15,0,entity,-0.0008153346534238644,0.006937575393460556,252
15,1,entity,-1.6239630410620432e-05,7.440633210297252e-05,252
15,2,entity,-1.4931634628586229e-05,0.00010193710500332253,252
15,3,entity,-2.1463367786401206e-05,0.00026206902895417383,252
15,4,entity,-0.00024464914736560626,0.0025674425363947178,252
15,5,entity,-0.0012268822276151725,0.003619016990717408,252
15,6,entity,0.0021477669512918627,0.007139194188355413,252
15,7,entity,-0.0015646683185488136,0.003434671316354647,252
15,8,entity,-0.0006621241344772796,0.0026297041401867607,252
15,9,entity,-0.0006734018328903143,0.005596564430056282,252
15,10,entity,0.002842472310750588,0.010182758135482483,252
15,11,entity,-0.00034729284466482655,0.0031891362923777214,252
15,12,entity,0.00034643064656039415,0.007976485732667373,252
15,13,entity,-9.64114807925759e-05,0.0027410479310241327,252
15,14,entity,-0.0017813972218925576,0.007328456110371917,252
15,15,entity,0.00019711393480022145,0.004533498669302173,252
15,16,entity,-0.00026352257497372133,0.0008462068372965506,252
15,17,entity,-0.0002578218632621313,0.001178588088484344,252
15,18,entity,0.0003905526507676566,0.0019890186992583157,252
15,19,entity,0.00010948498220386682,0.0014265432549990012,252
15,20,entity,0.0008355139192579892,0.002316947148536143,252
15,21,entity,-0.0008430534714592334,0.002133580754342268,252
15,22,entity,-0.00018129153948263723,0.001154255902873855,252
15,23,entity,0.0003742241456725496,0.0016458836680775285,252
15,24,entity,-4.358650026655856e-05,0.015536462258910071,252
15,25,entity,-0.0001868465762296211,0.00594474051716148,252
15,26,entity,0.0009122313945154597,0.009925162463245908,252
15,27,entity,-0.0002424497442483525,0.003979493129528626,252
15,28,entity,-2.7797299035156024e-05,0.0001747174245709839,252
15,29,entity,3.573071020878521e-05,0.0003350083907803093,252
15,30,entity,-1.5994494942463333e-05,0.00013229791740275773,252
15,31,entity,-0.0005702582386855659,0.0047471207619367755,252
15,0,last,0.02310195307631696,0.059583330234985736,252
15,1,last,-0.00032884665100908257,0.0010207605580598326,252
15,2,last,0.0025615237042536988,0.005845809081432572,252
15,3,last,0.002372260183273327,0.006821320321048713,252
15,4,last,-0.05735679742481027,0.12274628873204901,252
15,5,last,-0.022644589887931943,0.05468145936417083,252
15,6,last,0.11674185979017426,0.23001315893368826,252
15,7,last,-0.09654819073953799,0.23394678929258908,252
15,8,last,0.02296964810525496,0.05943128084098654,252
15,9,last,0.0225661908653343,0.08648874726338637,252
15,10,last,-0.0661427667807965,0.15448861546991838,252
15,11,last,0.051211032831657025,0.16482159865665294,252
15,12,last,0.002636935096234083,0.026190696321132165,252
15,13,last,-6.313809001493076e-05,0.008332744954959564,252
15,14,last,-0.004102490921800453,0.030555657146217687,252
15,15,last,-0.002703477982394693,0.02179366450974836,252
15,16,last,-0.0017374089862670868,0.013775002063041376,252
15,17,last,0.004468916952314358,0.015092946254530006,252
15,18,last,-8.708161638221807e-05,0.02256080432007799,252
15,19,last,0.02131837864391624,0.03241563952409677,252
15,20,last,0.03044511063490063,0.05774235444712556,252
15,21,last,-0.007942174773825894,0.029308198051275835,252
15,22,last,-0.0029811578505258593,0.0147887577020031,252
15,23,last,-0.02095730649861729,0.03837642440431944,252
15,24,last,-0.030983544527626937,0.07454302548135203,252
15,25,last,0.02460436865184752,0.06189635784054796,252
15,26,last,0.04120036363158198,0.12637693057250646,252
15,27,last,0.005902848627773069,0.03322833540686776,252
15,28,last,0.0015484756585797258,0.0026269041453714534,252
15,29,last,0.00333886381815232,0.0169130842559897,252
15,30,last,0.0004542257049742768,0.0014397953261019818,252
15,31,last,-0.00262615787852112,0.018921511828906775,252
15,0,suffix,-0.000853172870732138,0.02739341165134748,252
15,1,suffix,7.598302411387132e-05,0.0014908543763414263,252
15,2,suffix,-0.00010415137773728179,0.004756337972653888,252
15,3,suffix,-0.001039604401985199,0.010279910842294316,252
15,4,suffix,-0.08335038963929355,0.23276815313921173,252
15,5,suffix,-0.08741229690649706,0.12238145839376283,252
15,6,suffix,0.19773361984987295,0.2975299106186694,252
15,7,suffix,-0.13526328450917924,0.19145909314102028,252
15,8,suffix,-0.013311039550495075,0.0513566178233882,252
15,9,suffix,-0.01064950145957973,0.03879739636648169,252
15,10,suffix,0.06812691697684516,0.12661545201978971,252
15,11,suffix,-0.03738029199984527,0.1109029666135145,252
15,12,suffix,8.684994986290962e-05,0.010434070933144309,252
15,13,suffix,-0.003912561727442413,0.006258448510827351,252
15,14,suffix,-0.004983939909935644,0.013932784957490632,252
15,15,suffix,0.0024261972799389958,0.01002604514331555,252
15,16,suffix,0.005335558003949584,0.009065876920791948,252
15,17,suffix,-0.019221899869167135,0.03338404881778554,252
15,18,suffix,0.005287530881394068,0.02843192593715526,252
15,19,suffix,0.015009772938760256,0.03380965379498472,252
15,20,suffix,0.02079126564306549,0.04537317280765921,252
15,21,suffix,0.0006224296957375445,0.04695899963443812,252
15,22,suffix,0.0015771805601472143,0.01680340327621952,252
15,23,suffix,0.011678721097470972,0.03663468807457003,252
15,24,suffix,0.039560133197930614,0.07402432739105452,252
15,25,suffix,-0.002730543229503498,0.0359404054943875,252
15,26,suffix,-0.01856094526645768,0.06313789860793068,252
15,27,suffix,-0.004679843118841139,0.02181572379107358,252
15,28,suffix,-0.0034132005062164107,0.006206809490950469,252
15,29,suffix,-0.0047031424320367575,0.011216194662218128,252
15,30,suffix,0.0024779818289256844,0.0058989217090425336,252
15,31,suffix,-0.0035066482867275933,0.011816209981632363,252
16,0,prefix,0.0,0.0,252
16,1,prefix,0.0,0.0,252
16,2,prefix,0.0,0.0,252
16,3,prefix,0.0,0.0,252
16,4,prefix,0.0,0.0,252
16,5,prefix,0.0,0.0,252
16,6,prefix,0.0,0.0,252
16,7,prefix,0.0,0.0,252
16,8,prefix,0.0,0.0,252
16,9,prefix,0.0,0.0,252
16,10,prefix,0.0,0.0,252
16,11,prefix,0.0,0.0,252
16,12,prefix,0.0,0.0,252
16,13,prefix,0.0,0.0,252
16,14,prefix,0.0,0.0,252
16,15,prefix,0.0,0.0,252
16,16,prefix,0.0,0.0,252
16,17,prefix,0.0,0.0,252
16,18,prefix,0.0,0.0,252
16,19,prefix,0.0,0.0,252
16,20,prefix,0.0,0.0,252
16,21,prefix,0.0,0.0,252
16,22,prefix,0.0,0.0,252
16,23,prefix,0.0,0.0,252
16,24,prefix,0.0,0.0,252
16,25,prefix,0.0,0.0,252
16,26,prefix,0.0,0.0,252
16,27,prefix,0.0,0.0,252
16,28,prefix,0.0,0.0,252
16,29,prefix,0.0,0.0,252
16,30,prefix,0.0,0.0,252
16,31,prefix,0.0,0.0,252
16,0,entity,0.00018740925392309678,0.0007193237821295967,252
16,1,entity,-2.7106887314980596e-05,0.00024961183710852237,252
16,2,entity,-4.709171371865119e-06,0.0006462433800985915,252
16,3,entity,-2.6761616546926753e-05,0.0006207026936386857,252
16,4,entity,4.525985153642458e-06,0.001713159150192099,252
16,5,entity,-0.00013170411577650358,0.0010045737514687177,252
16,6,entity,-1.8971763839068617e-05,0.0007309002608594927,252
16,7,entity,-3.4697865820427456e-05,0.0013715684173500147,252
16,8,entity,-0.0008751070917032704,0.0029034345838233945,252
16,9,entity,-0.00012807085136407138,0.010043045377454884,252
16,10,entity,-0.000967095084903006,0.0028582406112180915,252
16,11,entity,-0.0002408747921269842,0.001724573096882725,252
16,12,entity,0.0005947206956325173,0.0025746383598094064,252
16,13,entity,-0.00017494280383642844,0.0011569885601577174,252
16,14,entity,0.0005043505859414417,0.0023523943180963317,252
16,15,entity,-0.000142770433206077,0.002172042094369115,252
16,16,entity,-0.0014051464162303236,0.004027980056160607,252
16,17,entity,0.0008112455742385853,0.0033246971014892867,252
16,18,entity,-0.0011588855008489594,0.0033942731143970233,252
16,19,entity,5.465168736023655e-05,0.002111529970895231,252
16,20,entity,2.6503423937933732e-05,0.00011161990194104585,252
16,21,entity,3.6406132896864e-05,0.0002100834275577452,252
16,22,entity,0.006223869867325347,0.033846761358694896,252
16,23,entity,2.562601100490856e-06,7.876058948875017e-05,252
16,24,entity,0.00016983401913905024,0.001409178942841959,252
16,25,entity,-0.0006389919770386076,0.002449617999575691,252
16,26,entity,-9.699924783215841e-05,0.0009113323000444021,252
16,27,entity,-0.0001557565872550936,0.0035239828974566096,252
16,28,entity,2.709749344556633e-06,0.0009814381908668905,252
16,29,entity,0.0001330489538968467,0.0034340621486268308,252
16,30,entity,0.0003774720923199008,0.008611651676700503,252
16,31,entity,-0.0004561239413941087,0.0018941932448508431,252
16,0,last,0.0009648292514842949,0.007370434253798088,252
16,1,last,0.00012838469295289425,0.006246143605075924,252
16,2,last,0.0025166904171263532,0.014864825079077116,252
16,3,last,-0.0018247463620297375,0.017751407679281243,252
16,4,last,-0.09260978485782823,0.19593617244298378,252
16,5,last,0.02330060997129684,0.03427483702664234,252
16,6,last,-0.017550984209048607,0.05963399458218307,252
16,7,last,0.00030890633980374017,0.02156395093160903,252
16,8,last,0.015457959825335632,0.06103194131892884,252
16,9,last,0.028851394035247346,0.09478823484719864,252
16,10,last,-0.007080570112780801,0.04744328150621778,252
16,11,last,0.0015019099847117941,0.03622298511318005,252
16,12,last,-0.013548760284994922,0.036561575731159084,252
16,13,last,-0.02262917510695785,0.0445803878912037,252
16,14,last,-0.008296303152631496,0.024080884612409308,252
16,15,last,0.025732008357798413,0.06884190092225456,252
16,16,last,0.0006153759849627339,0.029398609163416994,252
16,17,last,-0.035215305548811714,0.07186218281646096,252
16,18,last,-0.0014991412116658119,0.055022295549630174,252
16,19,last,-0.005106418051697787,0.04747271528356664,252
16,20,last,0.0001097082810976269,0.0007497677349116808,252
16,21,last,0.00020466737415907637,0.006485490063260798,252
16,22,last,0.006770258084760003,0.01670681630604945,252
16,23,last,0.00016475437552712502,0.0013940201583503198,252
16,24,last,0.0014985113752089322,0.01386086600056539,252
16,25,last,0.0010300608396175363,0.042816204440203454,252
16,26,last,-0.0042123226638299425,0.014436008857234218,252
16,27,last,-0.005351839338554927,0.05008626820626742,252
16,28,last,0.01667739680066468,0.04840753647306609,252
16,29,last,0.016319331849762607,0.11351307336285356,252
16,30,last,-0.08451790013720119,0.13630243789936816,252
16,31,last,0.0138488900016195,0.03755813092917263,252
16,0,suffix,0.0002475752323753402,0.017867371962027045,252
16,1,suffix,0.0014533417883653566,0.009904634623736124,252
16,2,suffix,0.002913077234696839,0.010423436880320503,252
16,3,suffix,-0.0019265293113488633,0.014895268247282873,252
16,4,suffix,-0.04572440427049485,0.12986223637282876,252
16,5,suffix,0.022764685354155115,0.047675742494989425,252
16,6,suffix,0.03426227738006515,0.04236489542826969,252
16,7,suffix,0.0015264166005138015,0.01397015070943737,252
16,8,suffix,-0.0022485585426520196,0.028415476599403765,252
16,9,suffix,0.0025412012531786684,0.03311817873084273,252
16,10,suffix,0.006895641194804494,0.022297731739139896,252
16,11,suffix,0.002562618151805798,0.009977089323521275,252
16,12,suffix,-0.02279396033908496,0.03524779373322143,252
16,13,suffix,-0.0034476546993068447,0.029470542409601168,252
16,14,suffix,-0.011443394359264943,0.02145287505354934,252
16,15,suffix,0.0061990116893924545,0.03917332393584296,252
16,16,suffix,0.01685430937966827,0.028746334971011884,252
16,17,suffix,-0.06718724467617225,0.07779943577233575,252
16,18,suffix,0.0018852005107166609,0.021407875202948207,252
16,19,suffix,-0.01839112544263434,0.03683716551457774,252
16,20,suffix,0.0008287401150760666,0.0026019166166172058,252
16,21,suffix,0.0002746929093237192,0.0055048644267442015,252
16,22,suffix,0.006195320890511207,0.032252252191259656,252
16,23,suffix,0.0006628704602480722,0.0016493114129724788,252
16,24,suffix,-0.001014736558707747,0.01865739497025927,252
16,25,suffix,0.02862577142314833,0.04635720640481085,252
16,26,suffix,-0.019399405307142712,0.04318824686015432,252
16,27,suffix,-0.014527126612313349,0.030025728195849095,252
16,28,suffix,0.02039818572368873,0.027363300587095428,252
16,29,suffix,-0.03221991455321254,0.06848261798857869,252
16,30,suffix,-0.02442020151405207,0.0658368174219273,252
16,31,suffix,-0.0011158966330734232,0.02769140820401801,252
17,0,prefix,0.0,0.0,252
17,1,prefix,0.0,0.0,252
17,2,prefix,0.0,0.0,252
17,3,prefix,0.0,0.0,252
17,4,prefix,0.0,0.0,252
17,5,prefix,0.0,0.0,252
17,6,prefix,0.0,0.0,252
17,7,prefix,0.0,0.0,252
17,8,prefix,0.0,0.0,252
17,9,prefix,0.0,0.0,252
17,10,prefix,0.0,0.0,252
17,11,prefix,0.0,0.0,252
17,12,prefix,0.0,0.0,252
17,13,prefix,0.0,0.0,252
17,14,prefix,0.0,0.0,252
17,15,prefix,0.0,0.0,252
17,16,prefix,0.0,0.0,252
17,17,prefix,0.0,0.0,252
17,18,prefix,0.0,0.0,252
17,19,prefix,0.0,0.0,252
17,20,prefix,0.0,0.0,252
17,21,prefix,0.0,0.0,252
17,22,prefix,0.0,0.0,252
17,23,prefix,0.0,0.0,252
17,24,prefix,0.0,0.0,252
17,25,prefix,0.0,0.0,252
17,26,prefix,0.0,0.0,252
17,27,prefix,0.0,0.0,252
17,28,prefix,0.0,0.0,252
17,29,prefix,0.0,0.0,252
17,30,prefix,0.0,0.0,252
17,31,prefix,0.0,0.0,252
17,0,entity,-0.0003990594383746308,0.002299084253882895,252
17,1,entity,0.00040307863636848023,0.0018522959375230938,252
17,2,entity,-0.00012584587703453768,0.0009735201845304555,252
17,3,entity,-0.0005039159973060282,0.001958244559246518,252
17,4,entity,-0.00021045387663636776,0.002260406165659232,252
17,5,entity,-0.0006988618000947994,0.005519037758873194,252
17,6,entity,0.0007896880755911947,0.003469590483551396,252
17,7,entity,-0.0003686069641108112,0.00170810574380604,252
17,8,entity,-0.00011331115156678159,0.000629667454272893,252
17,9,entity,0.00016828686863218102,0.0008329552328202933,252
17,10,entity,-0.00011580931301241868,0.0006988336694236736,252
17,11,entity,3.695072451043257e-05,0.0014934803521100548,252
17,12,entity,0.001378424419690707,0.008545207911256944,252
17,13,entity,4.470333723951453e-05,0.0024173611368135586,252
17,14,entity,-7.752425120535976e-06,0.0010571565249659807,252
17,15,entity,-0.0004620803358972937,0.00651389440988876,252
17,16,entity,-5.29338474622804e-05,0.00021363094964228714,252
17,17,entity,-2.740916207650506e-05,0.0001527607254491245,252
17,18,entity,-1.9121265625342077e-05,0.0005159801645558694,252
17,19,entity,-0.00018716805774356688,0.0010046443531170973,252
17,20,entity,0.000502150999549276,0.001727879112142062,252
17,21,entity,0.00019605120120521255,0.0006653744069466491,252
17,22,entity,-0.00032197302354169163,0.0023981658039427577,252
17,23,entity,0.00011971130968612713,0.002505233604681832,252
17,24,entity,-0.0004084430172479332,0.0015621443832973426,252
17,25,entity,-0.00013177945477345641,0.0006556649922682511,252
17,26,entity,-0.0003285177832414399,0.0016057400637110833,252
17,27,entity,0.00014225212285849025,0.0020757163787031518,252
17,28,entity,-0.00015049008950680017,0.0011231229787296928,252
17,29,entity,-0.0004022702962683546,0.0007761041842932461,252
17,30,entity,-6.599094303640283e-05,0.0024919640638205553,252
17,31,entity,-7.518143418236732e-05,0.001545198346543693,252
17,0,last,-0.010300208926237824,0.0508238815393905,252
17,1,last,0.0005796048864130936,0.024463587265003413,252
17,2,last,-0.012341068371102982,0.021128776035131146,252
17,3,last,0.00719404981715516,0.0362846842978061,252
17,4,last,0.002490104870900275,0.059687274138605785,252
17,5,last,0.007689480806538273,0.06888939335661394,252
17,6,last,0.006600451493074024,0.06903716420666092,252
17,7,last,0.004214541714948912,0.016361988897967552,252
17,8,last,-0.00635442302177941,0.009119519529612883,252
17,9,last,0.000785074444138445,0.004339800072355299,252
17,10,last,0.001603788491116748,0.008553635824235186,252
17,11,last,0.0021533499086563964,0.01245055824475703,252
17,12,last,-0.010369415513225018,0.06199074678477787,252
17,13,last,0.0444297080375402,0.0727980562156835,252
17,14,last,-0.000848320303558712,0.010012900061343633,252
17,15,last,0.0006150993322657924,0.041681875668776534,252
17,16,last,0.0008703836966084228,0.0042885317012578954,252
17,17,last,-0.0006770578800656256,0.005742885400578084,252
17,18,last,-0.0086408587420241,0.030642312901493694,252
17,19,last,-0.00048369252389030796,0.005984652646085513,252
17,20,last,-0.0832873154505496,0.2332751530902608,252
17,21,last,0.009019762363528744,0.07225985700423489,252
17,22,last,0.040167924042584166,0.10483834334087395,252
17,23,last,0.03027626121645823,0.05694282277568524,252
17,24,last,-0.0010659233241948106,0.021662132043968,252
17,25,last,-0.006947730393481574,0.0182731283508936,252
17,26,last,0.013993962570869675,0.0668768248112414,252
17,27,last,0.013908941045566092,0.03745473314645804,252
17,28,last,-0.0043324179677588365,0.01621861420276146,252
17,29,last,0.0023679342180941373,0.024010651282474607,252
17,30,last,-0.002378827263970697,0.024211784322110432,252
17,31,last,-0.0028827068551133075,0.03103111794085375,252
17,0,suffix,-0.0002800828579489058,0.013838638718699793,252
17,1,suffix,-0.001016882349454641,0.012088798785206174,252
17,2,suffix,-0.0049853431255686455,0.012211003760678558,252
17,3,suffix,0.0037738508253210416,0.014117091744252783,252
17,4,suffix,0.008143962715910185,0.04037609596831779,252
17,5,suffix,0.0005973194987861447,0.024402693985307235,252
17,6,suffix,0.020548109414650954,0.051538742350881905,252
17,7,suffix,-0.001707334712346127,0.01911670480489741,252
17,8,suffix,-0.0023267411591997,0.008369773569303641,252
17,9,suffix,-0.0012429496237975025,0.0035799350462130384,252
17,10,suffix,0.0027851577850101636,0.007037525244312646,252
17,11,suffix,0.005997009243379753,0.009478413049439242,252
17,12,suffix,-0.005270345564996306,0.0275610634195064,252
17,13,suffix,0.02263873281170827,0.04092247378481434,252
17,14,suffix,0.0062874111144415185,0.009747223701962203,252
17,15,suffix,-0.018750726193921142,0.024996899104129017,252
17,16,suffix,-0.0004736254351363251,0.003480873042000952,252
17,17,suffix,-0.010989104544629905,0.012717420048006932,252
17,18,suffix,0.0017000469151320257,0.005772807611200343,252
17,19,suffix,-0.004955358087969101,0.008218835881247546,252
17,20,suffix,-0.25557685943076935,0.31032460875247214,252
17,21,suffix,-0.012224943693985956,0.05973830585493748,252
17,22,suffix,0.10760061738729414,0.16025707352205895,252
17,23,suffix,0.0006261562368727316,0.019694839694303874,252
17,24,suffix,-0.010995700174842367,0.028311062091349398,252
17,25,suffix,-0.006281722947581632,0.011677154366037622,252
17,26,suffix,0.000830612115610815,0.020134530106574063,252
17,27,suffix,0.010100864946815861,0.01945488216312249,252
17,28,suffix,0.029669190561991046,0.04978857439795724,252
17,29,suffix,0.009805664425158962,0.024511400975601616,252
17,30,suffix,0.00578653210696858,0.007957382209165116,252
17,31,suffix,-0.0007511396721990119,0.025586154916882584,252
18,0,prefix,0.0,0.0,252
18,1,prefix,0.0,0.0,252
18,2,prefix,0.0,0.0,252
18,3,prefix,0.0,0.0,252
18,4,prefix,0.0,0.0,252
18,5,prefix,0.0,0.0,252
18,6,prefix,0.0,0.0,252
18,7,prefix,0.0,0.0,252
18,8,prefix,0.0,0.0,252
18,9,prefix,0.0,0.0,252
18,10,prefix,0.0,0.0,252
18,11,prefix,0.0,0.0,252
18,12,prefix,0.0,0.0,252
18,13,prefix,0.0,0.0,252
18,14,prefix,0.0,0.0,252
18,15,prefix,0.0,0.0,252
18,16,prefix,0.0,0.0,252
18,17,prefix,0.0,0.0,252
18,18,prefix,0.0,0.0,252
18,19,prefix,0.0,0.0,252
18,20,prefix,0.0,0.0,252
18,21,prefix,0.0,0.0,252
18,22,prefix,0.0,0.0,252
18,23,prefix,0.0,0.0,252
18,24,prefix,0.0,0.0,252
18,25,prefix,0.0,0.0,252
18,26,prefix,0.0,0.0,252
18,27,prefix,0.0,0.0,252
18,28,prefix,0.0,0.0,252
18,29,prefix,0.0,0.0,252
18,30,prefix,0.0,0.0,252
18,31,prefix,0.0,0.0,252
18,0,entity,-0.0003082459537058495,0.0009437317112955829,252
18,1,entity,2.767408090048342e-05,0.00017048185692861547,252
18,2,entity,0.0001004484203843868,0.00045211693649586476,252
18,3,entity,0.00026752121585191376,0.0011256403206751143,252
18,4,entity,-1.755145146511322e-05,0.0005830299994306823,252
18,5,entity,0.000594024969260202,0.0035623605190645926,252
18,6,entity,0.000538695258870893,0.002079908141200894,252
18,7,entity,0.00012169615959984574,0.0017878353642442693,252
18,8,entity,-0.0001462678920361105,0.0008096628900331223,252
18,9,entity,0.00018614762472773849,0.0008114725605234222,252
18,10,entity,6.625744331467147e-05,0.000616227978910155,252
18,11,entity,5.5321241288332936e-05,0.0003837578671758069,252
18,12,entity,-4.68883696529456e-05,0.0032203138682851723,252
18,13,entity,-3.374011829590826e-05,0.0004716653296969843,252
18,14,entity,-0.0009708932878614481,0.005683178399363348,252
18,15,entity,5.342574406082378e-05,0.0017195771940986026,252
18,16,entity,-0.0002778246280520704,0.001185225879895471,252
18,17,entity,-1.5704537908898184e-05,0.010196497218975498,252
18,18,entity,0.0004585101108887102,0.002707997864485194,252
18,19,entity,-0.0004395424638431226,0.0023397645566777983,252
18,20,entity,7.519741058916095e-06,0.00038389785345857705,252
18,21,entity,-0.0005173447234167523,0.0017104168800283477,252
18,22,entity,0.0001920644236446288,0.0008521480376007925,252
18,23,entity,-0.00020443435527889208,0.0006544889075730535,252
18,24,entity,-6.379632712932584e-05,0.0007388710604291624,252
18,25,entity,0.00017966024663312256,0.0014834485690706002,252
18,26,entity,-0.0001399999966365396,0.0012996850291817701,252
18,27,entity,-0.00022336665397919175,0.0008259802246822714,252
18,28,entity,-0.0001328409989853407,0.0004924886026498955,252
18,29,entity,0.0003277684375151448,0.0013389970292864168,252
18,30,entity,-0.0001399726851869016,0.0005390251799412222,252
18,31,entity,-5.390491433279258e-05,0.0004011178800774071,252
18,0,last,-0.043642343639115254,0.08692546368813113,252
18,1,last,-0.0007261738917025338,0.0025700071666275135,252
18,2,last,0.0015355986554548883,0.009741141133533332,252
18,3,last,0.005282828992228985,0.015463661057375637,252
18,4,last,0.00019787934942296632,0.015698851068182626,252
18,5,last,0.0012037473243831228,0.024656388924793445,252
18,6,last,-0.002016258275409835,0.03972855904130339,252
18,7,last,0.003624439822040528,0.011829968787164294,252
18,8,last,0.008711043874167703,0.023842435461812698,252
18,9,last,-0.003984257389443912,0.011486339912239817,252
18,10,last,-0.006245994622567816,0.01316985069951486,252
18,11,last,0.0005680807923439831,0.01411785209451669,252
18,12,last,-0.00122010046181949,0.010913066048127052,252
18,13,last,0.0002434951970898842,0.0018857683410585327,252
18,14,last,0.0010740330002995,0.07526827480695727,252
18,15,last,0.002714417287192884,0.04092155604638041,252
18,16,last,6.521850642341648e-05,0.006798353171140503,252
18,17,last,-0.011132814440994508,0.09697323590092036,252
18,18,last,-0.00014363445613222817,0.025160122046058643,252
18,19,last,0.0013429955417652512,0.016988674430028786,252
18,20,last,-0.004416310138786064,0.012829486100513134,252
18,21,last,0.009326912459246592,0.060990938204682495,252
18,22,last,0.011117785392949978,0.024451255003759075,252
18,23,last,-0.0034912314371294564,0.012816372605609812,252
18,24,last,-0.0049364718808127305,0.020919920725097494,252
18,25,last,-0.05871268633073048,0.11022755338825167,252
18,26,last,-0.07769482987489373,0.13722306315875835,252
18,27,last,0.020919056146383463,0.027347073185309354,252
18,28,last,-0.0017490654357797688,0.0136034312844646,252
18,29,last,-0.0009131801697159452,0.01877596136459726,252
18,30,last,0.00033623306715901616,0.005475035146879409,252
18,31,last,0.0010183290839435473,0.004259220426320098,252
18,0,suffix,0.027954184946396246,0.09819475598316699,252
18,1,suffix,0.011172621386715527,0.012321356549411201,252
18,2,suffix,-0.011016817936450256,0.012427893701099507,252
18,3,suffix,-0.0028675086401483622,0.006228932133822921,252
18,4,suffix,0.0002588332793580083,0.006884603788616265,252
18,5,suffix,-0.0020394808328683934,0.010295997403960745,252
18,6,suffix,0.0020410042470062864,0.01846290758627555,252
18,7,suffix,0.0004021210905965933,0.013312566471010237,252
18,8,suffix,-0.008412512801889592,0.017902384835199174,252
18,9,suffix,-0.005449562799199951,0.015510224727684487,252
18,10,suffix,0.000789412304396729,0.010360454450857929,252
18,11,suffix,0.011842642924211616,0.01861521991527514,252
18,12,suffix,-0.0023868607945370882,0.006328359234228426,252
18,13,suffix,-0.0007976169152149691,0.0020994770232947405,252
18,14,suffix,0.00016685755969272952,0.015404873953977967,252
18,15,suffix,-0.0008621712242406902,0.010646632923529372,252
18,16,suffix,3.863218796776357e-05,0.004023132088060078,252
18,17,suffix,0.004670271199108992,0.025910155337956417,252
18,18,suffix,-0.0041984164279472765,0.011894593789982479,252
18,19,suffix,0.002821233159958562,0.00461865199894065,252
18,20,suffix,-0.002471278179178799,0.013985309886020475,252
18,21,suffix,0.0012460421747016246,0.018564955731131517,252
18,22,suffix,0.0028216354354616857,0.022418763451833724,252
18,23,suffix,-0.012630852407046261,0.019626437188601395,252
18,24,suffix,0.03981636606598234,0.04801186952421891,252
18,25,suffix,-0.04530233089761327,0.05138801216846318,252
18,26,suffix,-0.036909395834033014,0.0528659388919911,252
18,27,suffix,0.01571329775324268,0.027687326235810893,252
18,28,suffix,0.00171441342468276,0.008100463225226064,252
18,29,suffix,0.0030154335396247686,0.010186225791181237,252
18,30,suffix,-0.00118833067961799,0.003479946045504654,252
18,31,suffix,-0.0009588827226761644,0.0019996519699617917,252
19,0,prefix,0.0,0.0,252
19,1,prefix,0.0,0.0,252
19,2,prefix,0.0,0.0,252
19,3,prefix,0.0,0.0,252
19,4,prefix,0.0,0.0,252
19,5,prefix,0.0,0.0,252
19,6,prefix,0.0,0.0,252
19,7,prefix,0.0,0.0,252
19,8,prefix,0.0,0.0,252
19,9,prefix,0.0,0.0,252
19,10,prefix,0.0,0.0,252
19,11,prefix,0.0,0.0,252
19,12,prefix,0.0,0.0,252
19,13,prefix,0.0,0.0,252
19,14,prefix,0.0,0.0,252
19,15,prefix,0.0,0.0,252
19,16,prefix,0.0,0.0,252
19,17,prefix,0.0,0.0,252
19,18,prefix,0.0,0.0,252
19,19,prefix,0.0,0.0,252
19,20,prefix,0.0,0.0,252
19,21,prefix,0.0,0.0,252
19,22,prefix,0.0,0.0,252
19,23,prefix,0.0,0.0,252
19,24,prefix,0.0,0.0,252
19,25,prefix,0.0,0.0,252
19,26,prefix,0.0,0.0,252
19,27,prefix,0.0,0.0,252
19,28,prefix,0.0,0.0,252
19,29,prefix,0.0,0.0,252
19,30,prefix,0.0,0.0,252
19,31,prefix,0.0,0.0,252
19,0,entity,-2.5232868534795484e-05,0.0002118547291143076,252
19,1,entity,0.00014566655833609803,0.0004872338666278405,252
19,2,entity,-6.330463865168216e-05,0.00030565963089386407,252
19,3,entity,0.00010193520405563404,0.0009935350892935695,252
19,4,entity,-8.706569455954296e-05,0.0002656116407643418,252
19,5,entity,-1.2810240949846278e-06,0.00019012523233099965,252
19,6,entity,2.8290249738961033e-05,0.0001707468884243705,252
19,7,entity,-4.2809408773972255e-05,0.000741392316524886,252
19,8,entity,-0.00019528496693690988,0.0015180190280875288,252
19,9,entity,6.350622652552562e-05,0.0006204596586819265,252
19,10,entity,-0.0002167463184908532,0.00102943110695313,252
19,11,entity,-0.000442767608951221,0.003796912807465849,252
19,12,entity,-1.8849703031892637e-06,6.742178698230433e-05,252
19,13,entity,-1.060021683918147e-05,7.214468170303238e-05,252
19,14,entity,9.758707538562054e-07,0.00016846730342952773,252
19,15,entity,2.8001489276506156e-05,0.00019077406788858478,252
19,16,entity,3.0441209015219692e-05,0.00020415846479445175,252
19,17,entity,-2.200089641750281e-05,0.00013855099919127828,252
19,18,entity,7.1807176857599565e-06,0.00011276132208299786,252
19,19,entity,1.5240316253355213e-05,0.0001482885407652262,252
19,20,entity,-0.0005115817183838179,0.0011999253116979191,252
19,21,entity,-0.0014810794343576264,0.0029777399213651097,252
19,22,entity,-0.0009130363330873551,0.002359732259699899,252
19,23,entity,0.00021842242489446295,0.0010095075108889461,252
19,24,entity,0.000530710746658322,0.0033211878799553982,252
19,25,entity,1.925736977148243e-05,0.0011636774155386587,252
19,26,entity,-0.00036963501287255707,0.005481995124455352,252
19,27,entity,0.0007104007667617369,0.003109140962770934,252
19,28,entity,-0.00011521264500804554,0.0007226434425370422,252
19,29,entity,-6.648556720594772e-05,0.0006714224793237614,252
19,30,entity,-0.00013571814025410624,0.0006638808706828145,252
19,31,entity,-8.08773451812129e-05,0.00039636072366041236,252
19,0,last,0.001143093224931767,0.008146616632219529,252
19,1,last,0.00215668961916688,0.007098063973697006,252
19,2,last,0.003270900577407456,0.0068239481337340775,252
19,3,last,-0.0040483868778831075,0.012776400168640687,252
19,4,last,0.000858389111864011,0.006163507562300693,252
19,5,last,-2.533226633825088e-05,0.002321555957476246,252
19,6,last,0.0004324327388848548,0.003927435699826298,252
19,7,last,-0.003754619961707956,0.03493582341443038,252
19,8,last,0.008097379628221489,0.08117302871468136,252
19,9,last,0.009623562383081114,0.046409737220817496,252
19,10,last,-0.009989418510702393,0.023914902659487865,252
19,11,last,0.002229557801333685,0.0645024180338378,252
19,12,last,0.0034762843688007534,0.00840165006067966,252
19,13,last,0.0037009453762226574,0.008005634910659865,252
19,14,last,-0.009539740933437965,0.021614287147438894,252
19,15,last,-0.0016596615995882848,0.0064862349376891785,252
19,16,last,-0.0005764175388437237,0.009214900622037165,252
19,17,last,4.23578295296812e-05,0.006592657992783527,252
19,18,last,-0.004267386259189585,0.02623715777539589,252
19,19,last,0.004027630126247892,0.007857160071753674,252
19,20,last,0.0009679420063981698,0.017433913097539472,252
19,21,last,0.005873717203189338,0.05231361911772558,252
19,22,last,-0.0026695754569363854,0.03471988785756929,252
19,23,last,-0.0009373858901819894,0.009931377287665825,252
19,24,last,0.02612832478974717,0.08024623278724326,252
19,25,last,0.005986958276942402,0.02468498595315771,252
19,26,last,-0.003343338735811856,0.014201109522550796,252
19,27,last,-0.0003056995374786239,0.08199263802574326,252
19,28,last,-0.005959013288023896,0.009517349257034116,252
19,29,last,-0.0029858225293176634,0.007192742991416405,252
19,30,last,-0.0023801620986815247,0.008079300182760648,252
19,31,last,-0.0016821461714922436,0.005914527949662731,252
19,0,suffix,-0.0017754326230903052,0.004262252462445932,252
19,1,suffix,0.002157774738107614,0.005735728608673497,252
19,2,suffix,0.003007601258321388,0.004916931686816425,252
19,3,suffix,-7.784900985608969e-05,0.009696781660598694,252
19,4,suffix,-0.007648171182302302,0.009851238546021011,252
19,5,suffix,0.003217421090445737,0.005891775249604088,252
19,6,suffix,0.0023812727977093303,0.007614479315970172,252
19,7,suffix,-0.0057689093962344775,0.014959490336141676,252
19,8,suffix,-0.011677119548963558,0.04856775997676965,252
19,9,suffix,-0.015762281032197827,0.05398457020299478,252
19,10,suffix,0.0015107026690693312,0.03690550231239184,252
19,11,suffix,0.10245845032852866,0.1297480189807954,252
19,12,suffix,-0.00744136097033615,0.01251955846657171,252
19,13,suffix,-0.003233997096942172,0.007623339044884565,252
19,14,suffix,0.0030001176264054913,0.010203377361406075,252
19,15,suffix,-0.006098261798514151,0.010403192766397123,252
19,16,suffix,0.005865240486061325,0.010139466693790239,252
19,17,suffix,0.004724496733694924,0.009184464538152713,252
19,18,suffix,0.002339509987252082,0.013738255466665895,252
19,19,suffix,0.002701784812587441,0.006765582265829257,252
19,20,suffix,0.004668119774722737,0.012641941236801185,252
19,21,suffix,0.00011219099688888592,0.01981462785657381,252
19,22,suffix,0.0005589346554491689,0.011073873305959419,252
19,23,suffix,-0.003099597549869883,0.00811916991610887,252
19,24,suffix,0.003595557766468952,0.01924579136127677,252
19,25,suffix,0.0006184103402937407,0.007747145312154973,252
19,26,suffix,-0.0013769104783308186,0.0034076401175460497,252
19,27,suffix,0.006252019379005668,0.022714643006742738,252
19,28,suffix,-0.01138759935107041,0.017531724236509005,252
19,29,suffix,0.01390959792317719,0.01655053172707417,252
19,30,suffix,0.000508159531420013,0.004484178192549893,252
19,31,suffix,-0.009240089780105914,0.011644018935212011,252
20,0,prefix,0.0,0.0,252
20,1,prefix,0.0,0.0,252
20,2,prefix,0.0,0.0,252
20,3,prefix,0.0,0.0,252
20,4,prefix,0.0,0.0,252
20,5,prefix,0.0,0.0,252
20,6,prefix,0.0,0.0,252
20,7,prefix,0.0,0.0,252
20,8,prefix,0.0,0.0,252
20,9,prefix,0.0,0.0,252
20,10,prefix,0.0,0.0,252
20,11,prefix,0.0,0.0,252
20,12,prefix,0.0,0.0,252
20,13,prefix,0.0,0.0,252
20,14,prefix,0.0,0.0,252
20,15,prefix,0.0,0.0,252
20,16,prefix,0.0,0.0,252
20,17,prefix,0.0,0.0,252
20,18,prefix,0.0,0.0,252
20,19,prefix,0.0,0.0,252
20,20,prefix,0.0,0.0,252
20,21,prefix,0.0,0.0,252
20,22,prefix,0.0,0.0,252
20,23,prefix,0.0,0.0,252
20,24,prefix,0.0,0.0,252
20,25,prefix,0.0,0.0,252
20,26,prefix,0.0,0.0,252
20,27,prefix,0.0,0.0,252
20,28,prefix,0.0,0.0,252
20,29,prefix,0.0,0.0,252
20,30,prefix,0.0,0.0,252
20,31,prefix,0.0,0.0,252
20,0,entity,-0.0002799354700809566,0.005103911683753333,252
20,1,entity,-6.639375662744997e-05,0.0005748797214586996,252
20,2,entity,3.84828271910645e-05,0.0007846538242895963,252
20,3,entity,0.0007009760583969182,0.005184354743592155,252
20,4,entity,8.332567576853906e-06,0.0001969427616080295,252
20,5,entity,-3.0091195941485427e-06,0.00022156993941370461,252
20,6,entity,-1.3601381992668307e-05,0.0002274068506375486,252
20,7,entity,4.2068978385732265e-05,0.0002574424553638473,252
20,8,entity,6.982508592493163e-05,0.0007052914979109148,252
20,9,entity,0.00013047753279554145,0.0007389716026431241,252
20,10,entity,1.5264910966978943e-05,0.000739263075157425,252
20,11,entity,-0.00011463266154683041,0.0013983754695815036,252
20,12,entity,-6.899943858274676e-05,0.0004595914980156868,252
20,13,entity,2.467675664868852e-05,0.0002580175919771165,252
20,14,entity,9.333156147599694e-05,0.00039712616825678224,252
20,15,entity,4.292000039911381e-05,0.0001554249039941169,252
20,16,entity,8.291288801887824e-06,7.743990730722948e-05,252
20,17,entity,0.00021016684848883227,0.0006549513136669413,252
20,18,entity,-5.467821021435763e-05,0.0003396745859000865,252
20,19,entity,0.00012647188045126053,0.0007198704449350886,252
20,20,entity,0.0002991176814623667,0.0008178596677384669,252
20,21,entity,9.680667652367173e-05,0.0007237006391188328,252
20,22,entity,-2.2859836581985638e-05,0.0004798639974888641,252
20,23,entity,-5.678361740471758e-05,0.00012672476495097164,252
20,24,entity,5.483081490782506e-07,7.483994852825004e-05,252
20,25,entity,-2.7930232137790996e-05,0.00018572245999852355,252
20,26,entity,-2.5748452294862097e-05,0.000256315449184462,252
20,27,entity,0.00020185118223563467,0.0005520885560007815,252
20,28,entity,2.023801924734933e-05,0.0003030717183261935,252
20,29,entity,-1.559626794898707e-05,0.0005206904567622075,252
20,30,entity,-8.506981369181169e-05,0.0002259882244175962,252
20,31,entity,-7.557029761660344e-05,0.00019819582891590659,252
20,0,last,-0.008113983246157802,0.024690833057291688,252
20,1,last,0.003771044665001451,0.021557532909644087,252
20,2,last,0.0019537707078612467,0.00930563394002901,252
20,3,last,0.01161293625750298,0.07704867353285885,252
20,4,last,0.003468645551326936,0.009163512651982259,252
20,5,last,-0.0032392961277057314,0.006055404606278956,252
20,6,last,-0.00432157018942581,0.012401294509237189,252
20,7,last,-0.007006504102647009,0.010452884509937749,252
20,8,last,-0.004412718462787332,0.03963635943364352,252
20,9,last,0.011536275014458667,0.04546413963128414,252
20,10,last,-0.004756497525026105,0.04810572320517773,252
20,11,last,-0.002542003611331835,0.017533832415384018,252
20,12,last,-0.0017886191476247319,0.010664621021114437,252
20,13,last,0.0006970610443709625,0.003339293824475525,252
20,14,last,-0.0017245212645595155,0.010414703789773204,252
20,15,last,0.0002819793867058165,0.001862150491289203,252
20,16,last,0.0011700807399826036,0.0031588293135254865,252
20,17,last,2.862928926737772e-05,0.003071202424868557,252
20,18,last,0.0003512765384613655,0.0028948552303879136,252
20,19,last,-0.006755170054800276,0.011708059659530779,252
20,20,last,0.006423370047871556,0.045969139559135314,252
20,21,last,-0.0010063580344966982,0.005942022799105857,252
20,22,last,0.014111753049609621,0.031876794808167255,252
20,23,last,7.732325193790038e-05,0.003422848116430927,252
20,24,last,0.006434860188164748,0.00900420588870821,252
20,25,last,0.0006702073148935886,0.006233704912740486,252
20,26,last,0.0032803501891312263,0.012033043254632503,252
20,27,last,-0.005683121573556924,0.010904374294951263,252
20,28,last,-0.05076776910573244,0.07678028510972149,252
20,29,last,-0.0030910125961305483,0.023205066065577463,252
20,30,last,-0.014957101963874366,0.03734224071977512,252
20,31,last,-0.0009207564696211308,0.01884050727249049,252
20,0,suffix,0.020505119644988714,0.028272244990639305,252
20,1,suffix,0.001737616992433311,0.007643624761327836,252
20,2,suffix,0.0006447247678915162,0.005726605654307792,252
20,3,suffix,-0.00998805633626323,0.03234266354443135,252
20,4,suffix,-0.002617722743476435,0.0058038200708873024,252
20,5,suffix,-0.0016461460599986014,0.0034311068373314795,252
20,6,suffix,0.002475412874428147,0.00754346848704324,252
20,7,suffix,-0.005102653437021102,0.015792444886785002,252
20,8,suffix,-0.005782009138933683,0.021770116228602036,252
20,9,suffix,-0.00028840785108831556,0.012273555882028097,252
20,10,suffix,-0.0006235172527773276,0.012334027744871145,252
20,11,suffix,0.006611284444268619,0.011554156599065628,252
20,12,suffix,-0.0016508762907419406,0.006064017917305179,252
20,13,suffix,0.0014376566411722286,0.003909958274132603,252
20,14,suffix,-0.0017153184212547207,0.011288633787299905,252
20,15,suffix,0.0019127303043501704,0.0034343183332213004,252
20,16,suffix,-0.0018034639875435141,0.004012147358668107,252
20,17,suffix,0.00187745102335063,0.0048272491962961794,252
20,18,suffix,-0.0013264022811762559,0.004970693876664824,252
20,19,suffix,-0.0027644975251470377,0.011325926062310164,252
20,20,suffix,0.005361864775867587,0.013310560081834857,252
20,21,suffix,-0.0004957662700917354,0.0015871785666449218,252
20,22,suffix,0.005083554335752769,0.007749200459491996,252
20,23,suffix,0.003993074935344397,0.00981040659732773,252
20,24,suffix,0.0007543958903415697,0.004071198354747846,252
20,25,suffix,0.0028888774446234797,0.010967272208445716,252
20,26,suffix,-0.01237114251311112,0.018099341560967347,252
20,27,suffix,-0.0024867388842866357,0.010552720227527365,252
20,28,suffix,-0.0004120465916488438,0.007644742365382879,252
20,29,suffix,0.0003040323771139291,0.021147789545834496,252
20,30,suffix,0.013992444812201722,0.023920089557330517,252
20,31,suffix,0.05611314562142276,0.06444494913703437,252
21,0,prefix,0.0,0.0,252
21,1,prefix,0.0,0.0,252
21,2,prefix,0.0,0.0,252
21,3,prefix,0.0,0.0,252
21,4,prefix,0.0,0.0,252
21,5,prefix,0.0,0.0,252
21,6,prefix,0.0,0.0,252
21,7,prefix,0.0,0.0,252
21,8,prefix,0.0,0.0,252
21,9,prefix,0.0,0.0,252
21,10,prefix,0.0,0.0,252
21,11,prefix,0.0,0.0,252
21,12,prefix,0.0,0.0,252
21,13,prefix,0.0,0.0,252
21,14,prefix,0.0,0.0,252
21,15,prefix,0.0,0.0,252
21,16,prefix,0.0,0.0,252
21,17,prefix,0.0,0.0,252
21,18,prefix,0.0,0.0,252
21,19,prefix,0.0,0.0,252
21,20,prefix,0.0,0.0,252
21,21,prefix,0.0,0.0,252
21,22,prefix,0.0,0.0,252
21,23,prefix,0.0,0.0,252
21,24,prefix,0.0,0.0,252
21,25,prefix,0.0,0.0,252
21,26,prefix,0.0,0.0,252
21,27,prefix,0.0,0.0,252
21,28,prefix,0.0,0.0,252
21,29,prefix,0.0,0.0,252
21,30,prefix,0.0,0.0,252
21,31,prefix,0.0,0.0,252
21,0,entity,-8.239600530909488e-05,0.000610204097735537,252
21,1,entity,-3.908877529139563e-05,0.00020178014969970387,252
21,2,entity,5.3836132918958254e-05,0.0004222707385264267,252
21,3,entity,-2.2478705179512166e-05,0.0007078010540854372,252
21,4,entity,0.00026156958181903947,0.001087788132165784,252
21,5,entity,-8.003696534398755e-06,0.0011209421252874202,252
21,6,entity,-0.00019801041618472756,0.0012295568223404218,252
21,7,entity,0.00013446889794529795,0.001852428774132672,252
21,8,entity,0.000225697772033787,0.001748883600287497,252
21,9,entity,-8.585174168729282e-05,0.0009492926654397634,252
21,10,entity,2.1924158794544858e-05,0.0025103874729485677,252
21,11,entity,7.963430999689802e-06,0.00016707224625814353,252
21,12,entity,4.8455884957944825e-05,0.00024731991220054597,252
21,13,entity,5.9324949383774344e-05,0.0007565087357346466,252
21,14,entity,-2.073380659971412e-05,0.0011161366165897417,252
21,15,entity,-1.514095475389666e-05,0.0005949320627552071,252
21,16,entity,2.7335178976449646e-05,0.0001746053157056676,252
21,17,entity,-6.850584081045478e-06,0.00037094160111138757,252
21,18,entity,1.2816516580584456e-06,0.00018970319575557716,252
21,19,entity,5.636053241694696e-05,0.0005614647746655003,252
21,20,entity,2.1727857355948626e-05,0.0002808681555514283,252
21,21,entity,-3.266363812292819e-05,0.00010702219520457191,252
21,22,entity,-1.5202063371322173e-05,0.00020603671574537065,252
21,23,entity,-4.2198509472005495e-05,0.00036467900492735927,252
21,24,entity,9.663148725776986e-06,0.0005936732656036405,252
21,25,entity,-8.65098238032188e-05,0.00034663442022700485,252
21,26,entity,1.9560453041314816e-05,0.0005960820334737022,252
21,27,entity,6.954391993451917e-05,0.0005980978229481191,252
21,28,entity,-0.0004405619889964674,0.0009211077281783839,252
21,29,entity,-4.510211078810236e-05,0.00025273387053418325,252
21,30,entity,1.8644036820494383e-05,0.00026746933647227853,252
21,31,entity,7.129994444646458e-05,0.000266448233080808,252
21,0,last,0.0013589887625245851,0.011761448192936811,252
21,1,last,0.0018839619301688221,0.011457803776480317,252
21,2,last,-0.017895920385074402,0.06106490916239896,252
21,3,last,0.015181019712823427,0.07125594457592963,252
21,4,last,0.0050557766628030335,0.010155727888645959,252
21,5,last,0.008904656717768087,0.01835048129682296,252
21,6,last,0.009197969928324695,0.01890700037354633,252
21,7,last,-0.020573753238995632,0.030511628448342282,252
21,8,last,0.03057289798744023,0.06011697368711115,252
21,9,last,-0.3081009332681932,0.3905224048842986,252
21,10,last,0.026469566184835182,0.06805562751463777,252
21,11,last,0.004907013025085834,0.01335533566244911,252
21,12,last,-0.002586009730871338,0.009118386350492651,252
21,13,last,-0.005581324165206521,0.02822965847250695,252
21,14,last,0.0035190863168931435,0.02650652202918002,252
21,15,last,0.004413140445230676,0.0445614981433628,252
21,16,last,-0.0004659818172628533,0.013478573116738097,252
21,17,last,0.0043174661409538535,0.020596893712146475,252
21,18,last,-0.00024253795894014368,0.006707504369842354,252
21,19,last,0.006195698871687498,0.05094835137909589,252
21,20,last,0.00029557635605756546,0.004297486738078222,252
21,21,last,0.0003949720215002474,0.0030580974447989968,252
21,22,last,0.0017788131312016279,0.007797696303838628,252
21,23,last,5.27314728565721e-05,0.007111614031600766,252
21,24,last,-0.00428233664697184,0.017541634911183445,252
21,25,last,-0.005858376125125067,0.013204426713480008,252
21,26,last,0.016268973624969405,0.050254024190103844,252
21,27,last,0.0033736406453138603,0.00924104134254675,252
21,28,last,-0.00020024031208964833,0.0022692060626309644,252
21,29,last,0.000788111885499564,0.005362756600204323,252
21,30,last,0.0007605391798452253,0.0037224351720411388,252
21,31,last,0.0025846355249144375,0.009290867658343077,252
21,0,suffix,0.001927608658766148,0.005291176069401142,252
21,1,suffix,-0.005041668325634058,0.007674682466127735,252
21,2,suffix,0.003796317464353446,0.011415675401571611,252
21,3,suffix,0.007638376188720391,0.02490792022081945,252
21,4,suffix,0.0022478722293441484,0.01837254980760116,252
21,5,suffix,-0.0063992514622203175,0.010656106737838306,252
21,6,suffix,0.023241762156142196,0.02911342075956435,252
21,7,suffix,-0.025865871219803157,0.029627606511851246,252
21,8,suffix,0.07705622986456244,0.08559468248809964,252
21,9,suffix,-0.06295280329154665,0.07467205052497529,252
21,10,suffix,0.01615001212963213,0.027030628423845984,252
21,11,suffix,-0.003504333875980592,0.007024028041783707,252
21,12,suffix,-0.013252848357859918,0.015140361501560994,252
21,13,suffix,-0.002002508266821043,0.007620356730938742,252
21,14,suffix,-0.001210527919695215,0.007917886969297551,252
21,15,suffix,0.007225104924476086,0.014075106178413281,252
21,16,suffix,-0.005962256530755627,0.009056056858024396,252
21,17,suffix,-0.0048998132894508125,0.007814606922130181,252
21,18,suffix,0.0005877896740021098,0.003888547422188966,252
21,19,suffix,0.01004832307643165,0.020367983314137802,252
21,20,suffix,-0.0008353133108711416,0.0027915041246413036,252
21,21,suffix,-0.0007117824705054383,0.0025759760702251857,252
21,22,suffix,0.004676474607367348,0.008058792869414829,252
21,23,suffix,0.0012606257849992765,0.0059538037283504855,252
21,24,suffix,-0.0001937407423196101,0.006167938806928731,252
21,25,suffix,-0.0007956489663943753,0.0037844449299904055,252
21,26,suffix,0.0009851995156883017,0.014743064222023075,252
21,27,suffix,-0.0006208431110129217,0.004265248965534089,252
21,28,suffix,0.0002770679318572663,0.001479801247604601,252
21,29,suffix,-0.0018656010281962688,0.004457968483370859,252
21,30,suffix,0.00045588556494951464,0.002476056509231562,252
21,31,suffix,-0.00030735237963755126,0.002967776069015469,252
22,0,prefix,0.0,0.0,252
22,1,prefix,0.0,0.0,252
22,2,prefix,0.0,0.0,252
22,3,prefix,0.0,0.0,252
22,4,prefix,0.0,0.0,252
22,5,prefix,0.0,0.0,252
22,6,prefix,0.0,0.0,252
22,7,prefix,0.0,0.0,252
22,8,prefix,0.0,0.0,252
22,9,prefix,0.0,0.0,252
22,10,prefix,0.0,0.0,252
22,11,prefix,0.0,0.0,252
22,12,prefix,0.0,0.0,252
22,13,prefix,0.0,0.0,252
22,14,prefix,0.0,0.0,252
22,15,prefix,0.0,0.0,252
22,16,prefix,0.0,0.0,252
22,17,prefix,0.0,0.0,252
22,18,prefix,0.0,0.0,252
22,19,prefix,0.0,0.0,252
22,20,prefix,0.0,0.0,252
22,21,prefix,0.0,0.0,252
22,22,prefix,0.0,0.0,252
22,23,prefix,0.0,0.0,252
22,24,prefix,0.0,0.0,252
22,25,prefix,0.0,0.0,252
22,26,prefix,0.0,0.0,252
22,27,prefix,0.0,0.0,252
22,28,prefix,0.0,0.0,252
22,29,prefix,0.0,0.0,252
22,30,prefix,0.0,0.0,252
22,31,prefix,0.0,0.0,252
22,0,entity,-4.0761850292320947e-05,0.00011282781174793219,252
22,1,entity,2.3005389629639063e-05,0.0001680598602266826,252
22,2,entity,-1.5434948475031555e-05,0.00024055739239819168,252
22,3,entity,1.497874809041648e-05,0.00037685091095972386,252
22,4,entity,-1.5547159560153683e-05,0.00018933579417986068,252
22,5,entity,2.0650686924761705e-05,0.00016545556068709154,252
22,6,entity,-2.4410039680600357e-05,0.00019163313014009946,252
22,7,entity,-0.00011941133716336914,0.000513981065062631,252
22,8,entity,-6.1003604373798314e-05,0.0003002302351375427,252
22,9,entity,0.0006511100264900066,0.0013658035448474587,252
22,10,entity,-6.594271207581591e-05,0.00044456365966768303,252
22,11,entity,-3.180700247636225e-05,0.0007287620271221212,252
22,12,entity,2.301038171838497e-05,0.0003188081360080437,252
22,13,entity,4.4371222287509227e-05,0.00017202530677688324,252
22,14,entity,7.92729399599632e-05,0.0004044695348699269,252
22,15,entity,9.611420222109512e-07,0.00011675901667706692,252
22,16,entity,7.531619226101034e-05,0.00043092315255553184,252
22,17,entity,-5.9423204579471775e-05,0.0003905170910388372,252
22,18,entity,-6.802010303934887e-05,0.0004447730632905621,252
22,19,entity,0.0002437160576103033,0.0007782088762124903,252
22,20,entity,-0.00042608931590758215,0.0008310544655834804,252
22,21,entity,-0.00013840053353912177,0.0010057029340562924,252
22,22,entity,-0.000687145727000363,0.002271899281277723,252
22,23,entity,-0.0005444894701151988,0.0012341516988845754,252
22,24,entity,-5.0504440634670444e-05,0.0001449556384668107,252
22,25,entity,1.2107668848806324e-05,0.00014081999052176263,252
22,26,entity,-2.021386544556879e-05,8.842240497063445e-05,252
22,27,entity,-2.646709720552497e-06,0.00041105142679859295,252
22,28,entity,-1.3838208028501535e-05,0.0002228837285966865,252
22,29,entity,-5.888227654409887e-05,0.00022845611802978734,252
22,30,entity,0.00012818802507184494,0.00031903641456936037,252
22,31,entity,7.767231157877465e-06,0.00012116885491493468,252
22,0,last,-0.0021264966939241506,0.006575912841533806,252
22,1,last,0.0056001239808254125,0.010347777309583589,252
22,2,last,-0.0006738123264522218,0.007205205872730677,252
22,3,last,-0.0004230732500593784,0.004472109691714794,252
22,4,last,-0.00021040216383952942,0.010713216717473216,252
22,5,last,-0.0006079694403091534,0.007067446517924379,252
22,6,last,-0.0008912744129442476,0.009048715883095394,252
22,7,last,-0.0045448579092783525,0.009118401600206862,252
22,8,last,-0.007407782960356036,0.018662544359344,252
22,9,last,-0.005847650707610661,0.024238261133654133,252
22,10,last,-0.02128745804056673,0.0558387057417782,252
22,11,last,-0.0004018718489475312,0.01736912453669079,252
22,12,last,0.00022545103598127348,0.004404473570517323,252
22,13,last,0.004082372330779594,0.009253110847018275,252
22,14,last,-7.469479584999914e-05,0.00790354340925761,252
22,15,last,0.00019326326559715356,0.0032715253052181593,252
22,16,last,-0.032186602632189906,0.05276893187011222,252
22,17,last,-0.016596098186536914,0.05978768186584588,252
22,18,last,0.005302280971100406,0.017256475462105184,252
22,19,last,-0.009451856555801535,0.03150488354546565,252
22,20,last,-0.001581036739119713,0.022265341656979187,252
22,21,last,0.006174864932767204,0.04278721187854119,252
22,22,last,0.004514909533590692,0.015155387517422372,252
22,23,last,-0.003499805110059531,0.04288663840362995,252
22,24,last,0.008976529256740053,0.023141158794123116,252
22,25,last,0.00022246170463779616,0.005487667632729022,252
22,26,last,-2.366817433438781e-05,0.0017787775330592892,252
22,27,last,-0.011687164293742546,0.026486708256896467,252
22,28,last,-0.00135658422068301,0.008529314368691606,252
22,29,last,-0.000654655438940233,0.0071641997021201645,252
22,30,last,-0.0021608078167200946,0.005594342642801902,252
22,31,last,-0.0009703755296493274,0.006399384420272702,252
22,0,suffix,-0.00019525789491130097,0.0033567588615493974,252
22,1,suffix,0.0010627341098424516,0.005951134043999763,252
22,2,suffix,-0.0018996426005132312,0.005400324413663218,252
22,3,suffix,-0.0049543360112076175,0.006408521993020735,252
22,4,suffix,-0.010056180762531435,0.018781459614187736,252
22,5,suffix,-0.00029404946399298504,0.006154775411708951,252
22,6,suffix,0.008743955563976858,0.011041562115209787,252
22,7,suffix,-0.0007967278906512042,0.0036782544484594837,252
22,8,suffix,0.00423293987766794,0.010166906256795444,252
22,9,suffix,0.0007582339197445739,0.00819451325589889,252
22,10,suffix,-0.005106580491915987,0.015219694360970001,252
22,11,suffix,0.0009161931801527894,0.008065386250634566,252
22,12,suffix,0.0004689267637454505,0.0049975570092022,252
22,13,suffix,-0.0007560622829213037,0.004631543903381874,252
22,14,suffix,-0.00035197386393289007,0.005634521492029741,252
22,15,suffix,0.0013620334018433202,0.0043865850946473535,252
22,16,suffix,0.005001517262003506,0.02726559915719831,252
22,17,suffix,-0.013304865621482769,0.029678888299915544,252
22,18,suffix,0.0032048528100930857,0.01412441174160348,252
22,19,suffix,-0.0076476949801139605,0.01063048551214338,252
22,20,suffix,-0.0025870828585845902,0.009936703333231716,252
22,21,suffix,0.009554630707090462,0.01864557394862589,252
22,22,suffix,0.0056457785418471094,0.00943254996370039,252
22,23,suffix,0.001850080695037702,0.01634415176141872,252
22,24,suffix,0.003301706991179806,0.005773304372570555,252
22,25,suffix,-0.00032063435143000454,0.002669954579172128,252
22,26,suffix,-0.0002610534722654689,0.001215516616737782,252
22,27,suffix,-0.003723707051496228,0.008954067578640337,252
22,28,suffix,-0.0009373700199686272,0.004753723518848664,252
22,29,suffix,0.0007610520411411752,0.004535193073062753,252
22,30,suffix,0.0002368887239718167,0.003728559878445883,252
22,31,suffix,-0.0015554568164033197,0.003550174824300802,252
23,0,prefix,0.0,0.0,252
23,1,prefix,0.0,0.0,252
23,2,prefix,0.0,0.0,252
23,3,prefix,0.0,0.0,252
23,4,prefix,0.0,0.0,252
23,5,prefix,0.0,0.0,252
23,6,prefix,0.0,0.0,252
23,7,prefix,0.0,0.0,252
23,8,prefix,0.0,0.0,252
23,9,prefix,0.0,0.0,252
23,10,prefix,0.0,0.0,252
23,11,prefix,0.0,0.0,252
23,12,prefix,0.0,0.0,252
23,13,prefix,0.0,0.0,252
23,14,prefix,0.0,0.0,252
23,15,prefix,0.0,0.0,252
23,16,prefix,0.0,0.0,252
23,17,prefix,0.0,0.0,252
23,18,prefix,0.0,0.0,252
23,19,prefix,0.0,0.0,252
23,20,prefix,0.0,0.0,252
23,21,prefix,0.0,0.0,252
23,22,prefix,0.0,0.0,252
23,23,prefix,0.0,0.0,252
23,24,prefix,0.0,0.0,252
23,25,prefix,0.0,0.0,252
23,26,prefix,0.0,0.0,252
23,27,prefix,0.0,0.0,252
23,28,prefix,0.0,0.0,252
23,29,prefix,0.0,0.0,252
23,30,prefix,0.0,0.0,252
23,31,prefix,0.0,0.0,252
23,0,entity,-2.8474715359080287e-06,0.0003078272542379203,252
23,1,entity,2.7459796957907474e-06,0.000274861496009974,252
23,2,entity,-4.2855434477883496e-05,0.00032321278997498004,252
23,3,entity,3.076305564436985e-05,0.00018209601941656555,252
23,4,entity,-6.548080454923899e-05,0.0002993760501415939,252
23,5,entity,-2.4175707981807397e-05,0.00021446661278043885,252
23,6,entity,8.908116004902926e-06,0.00021572441617009313,252
23,7,entity,3.2077955640690765e-05,0.0003176386629648833,252
23,8,entity,-2.2729196387675953e-05,0.0005510894920050868,252
23,9,entity,1.2627655811980182e-05,0.0001780520146389285,252
23,10,entity,-0.00013029683796662178,0.0005296083792678647,252
23,11,entity,1.55200344067005e-06,0.0001664415228860312,252
23,12,entity,-2.2565309937557947e-05,0.00012751765964439405,252
23,13,entity,-1.453743499494536e-05,0.00013036673833819387,252
23,14,entity,0.00012002589257268223,0.00022271410912325668,252
23,15,entity,4.966580375381339e-05,0.00022817959685859197,252
23,16,entity,-1.883938858872358e-05,0.0006807443581324367,252
23,17,entity,-3.4282388490567876e-05,0.0002119355827660673,252
23,18,entity,-2.832109039571959e-05,0.00018006672344506389,252
23,19,entity,3.334720963315314e-05,0.0002636748766642468,252
23,20,entity,-1.8822796428753104e-05,0.0002174118765639024,252
23,21,entity,-6.40729139203835e-05,0.00028562517200007566,252
23,22,entity,-2.422689701165476e-05,0.00018884794551215437,252
23,23,entity,-3.5551513921262316e-05,0.0005190112474960664,252
23,24,entity,-3.5749289758141024e-05,0.0002128149325154294,252
23,25,entity,-7.584991386639081e-06,0.000478000343729859,252
23,26,entity,-4.9277769960553996e-05,0.0008900265915323351,252
23,27,entity,-2.3498496781420336e-05,0.0002614862289195997,252
23,28,entity,-4.953763112013572e-05,0.0003318486210153041,252
23,29,entity,4.673626257308281e-05,0.00043499898898094865,252
23,30,entity,9.970638816574657e-05,0.0006046338997479656,252
23,31,entity,0.00010351162165447714,0.0004455267598139414,252
23,0,last,-0.00021526007578128004,0.0036352310286481893,252
23,1,last,-0.0005572556676472434,0.005089965148409459,252
23,2,last,-0.0011867730744785467,0.005754193593886504,252
23,3,last,-0.0030897870643197428,0.007910482568337419,252
23,4,last,-0.00021774604725318829,0.004432809332871647,252
23,5,last,0.0009022074897537038,0.005559064732450578,252
23,6,last,-0.001042486802029926,0.010253089688217549,252
23,7,last,-8.720067322313313e-05,0.005569000148199617,252
23,8,last,0.000559722880430017,0.023500951364107934,252
23,9,last,0.0046468017385378185,0.01312637256064807,252
23,10,last,-0.0010631062161539579,0.004320164866623513,252
23,11,last,0.00020849016598529287,0.0028456067236783426,252
23,12,last,0.0006656595370649094,0.004833676397827239,252
23,13,last,0.0006300343538030228,0.00478963710361674,252
23,14,last,-0.0009758903956574772,0.005447151900120338,252
23,15,last,0.0037306124563439794,0.00657371057166038,252
23,16,last,-0.0014392300776856404,0.005535283292706553,252
23,17,last,0.0005223252244630001,0.010515302285923445,252
23,18,last,0.0025089900584481213,0.009492708040015136,252
23,19,last,-0.0026272105224918398,0.00888431898506713,252
23,20,last,-0.0004604375470311396,0.00719278681577952,252
23,21,last,0.0008193126021300457,0.0030933166690085764,252
23,22,last,0.002089355139192083,0.006373081785337519,252
23,23,last,-0.00674114919023677,0.029161766670378193,252
23,24,last,-0.0004887944380734264,0.00798196610297069,252
23,25,last,-0.002493603244638218,0.025070404396429363,252
23,26,last,0.006037448185481249,0.02756585394926665,252
23,27,last,0.0031702080298037756,0.013740820883189344,252
23,28,last,-0.0027462022456650934,0.02150205393979651,252
23,29,last,-0.0034852519507579034,0.01231776386968762,252
23,30,last,0.011228974502060621,0.25876352760852095,252
23,31,last,0.00421027686180813,0.01433998053072996,252
23,0,suffix,-0.0002829056252772312,0.002120917615345192,252
23,1,suffix,-0.002452285026900802,0.004926037982270841,252
23,2,suffix,-0.006068216183310806,0.008864935760180338,252
23,3,suffix,-0.003901170763045893,0.005880669315693301,252
23,4,suffix,-0.00045253500036865476,0.002356512241187865,252
23,5,suffix,0.0027674930549766133,0.004664850959149214,252
23,6,suffix,-0.0007467735245658303,0.0035275427602618225,252
23,7,suffix,-0.0044320340232009885,0.006038187542606191,252
23,8,suffix,-0.008547932258218838,0.011389755389646303,252
23,9,suffix,-0.0007399831625690918,0.008070940312257061,252
23,10,suffix,-0.0016095087334944101,0.0034858473028136707,252
23,11,suffix,-0.00030160080492199387,0.0038142724136699304,252
23,12,suffix,-0.001123833519210664,0.003343060343902091,252
23,13,suffix,-0.00017687926572487788,0.002988649741415169,252
23,14,suffix,-0.0021739815281199256,0.0031401241299713477,252
23,15,suffix,0.0014832931059616038,0.0051976537573402365,252
23,16,suffix,0.005514993623616452,0.011151425304982846,252
23,17,suffix,-0.0011661940958627758,0.006467924542926807,252
23,18,suffix,-0.00018377298253892063,0.002171321077526045,252
23,19,suffix,-0.0017193075643212473,0.0036297668141034795,252
23,20,suffix,0.0007136000701379204,0.003975449431054007,252
23,21,suffix,-7.700979978063328e-05,0.0025035213276613007,252
23,22,suffix,0.0011901131450280272,0.0028076582122272906,252
23,23,suffix,0.002240307021526268,0.006108140927009362,252
23,24,suffix,0.00043726294003525775,0.0035580585507100225,252
23,25,suffix,-0.0001617323849705783,0.007130205103584962,252
23,26,suffix,9.480469668146508e-05,0.010809203395219522,252
23,27,suffix,0.0013249706450717475,0.005145889848094273,252
23,28,suffix,0.0019585052245532546,0.008244242846843455,252
23,29,suffix,0.017817246024492306,0.02027914489476896,252
23,30,suffix,-0.014525326144911964,0.016051672880536667,252
23,31,suffix,-0.0033895127504628983,0.005130825265147963,252
24,0,prefix,0.0,0.0,252
24,1,prefix,0.0,0.0,252
24,2,prefix,0.0,0.0,252
24,3,prefix,0.0,0.0,252
24,4,prefix,0.0,0.0,252
24,5,prefix,0.0,0.0,252
24,6,prefix,0.0,0.0,252
24,7,prefix,0.0,0.0,252
24,8,prefix,0.0,0.0,252
24,9,prefix,0.0,0.0,252
24,10,prefix,0.0,0.0,252
24,11,prefix,0.0,0.0,252
24,12,prefix,0.0,0.0,252
24,13,prefix,0.0,0.0,252
24,14,prefix,0.0,0.0,252
24,15,prefix,0.0,0.0,252
24,16,prefix,0.0,0.0,252
24,17,prefix,0.0,0.0,252
24,18,prefix,0.0,0.0,252
24,19,prefix,0.0,0.0,252
24,20,prefix,0.0,0.0,252
24,21,prefix,0.0,0.0,252
24,22,prefix,0.0,0.0,252
24,23,prefix,0.0,0.0,252
24,24,prefix,0.0,0.0,252
24,25,prefix,0.0,0.0,252
24,26,prefix,0.0,0.0,252
24,27,prefix,0.0,0.0,252
24,28,prefix,0.0,0.0,252
24,29,prefix,0.0,0.0,252
24,30,prefix,0.0,0.0,252
24,31,prefix,0.0,0.0,252
24,0,entity,-9.184580810885982e-05,0.0003339227273951139,252
24,1,entity,4.920294448253579e-05,0.00034587545185728693,252
24,2,entity,2.7739874490685503e-05,0.0003122811838202613,252
24,3,entity,7.68728975149965e-05,0.0006827961600799701,252
24,4,entity,-3.90000547581405e-06,4.324546364387061e-05,252
24,5,entity,-1.6692363397212484e-05,0.00014052854103852042,252
24,6,entity,1.0469921317648879e-05,7.387787870640302e-05,252
24,7,entity,8.582933198506488e-06,0.00010585168918295394,252
24,8,entity,6.479059480275354e-05,0.0006910301912535755,252
24,9,entity,0.00018512815732099134,0.0013329027175341397,252
24,10,entity,0.00018084072259882074,0.0006477666369480377,252
24,11,entity,1.6291129654403462e-05,0.00024810064988310654,252
24,12,entity,2.967082594788432e-05,0.00035590059125764937,252
24,13,entity,-0.00014266984178556457,0.0006946417534631369,252
24,14,entity,-2.4145361258267675e-05,0.00048569112726591624,252
24,15,entity,0.00011935440521223686,0.0007673034804336942,252
24,16,entity,8.348013952150896e-06,0.00013897886387236025,252
24,17,entity,1.3898515904076796e-05,0.0001287741091186629,252
24,18,entity,-7.745909389061328e-06,0.00010568698473754185,252
24,19,entity,-4.8776034123507305e-05,0.00035698088367556893,252
24,20,entity,-1.1080081030343983e-05,0.00014098367473292138,252
24,21,entity,2.3346268426123407e-05,0.00026600060964402213,252
24,22,entity,-8.060697208773288e-06,8.575047050114682e-05,252
24,23,entity,5.831700788247771e-06,0.00013019916725931854,252
24,24,entity,2.7400986551035043e-05,0.00013595141902601065,252
24,25,entity,-6.500215761207073e-06,0.00011430522104254643,252
24,26,entity,-6.031099596135564e-05,0.00014609084899488845,252
24,27,entity,-1.726934859410297e-06,0.0002840235677428017,252
24,28,entity,0.00010458843187027216,0.0006230977680843353,252
24,29,entity,-5.778989736521157e-05,0.00048404748359925654,252
24,30,entity,5.6616610385794454e-05,0.0004902157248789225,252
24,31,entity,4.1375535304377125e-06,0.00014632268077696334,252
24,0,last,0.0041538936555817986,0.013885635381152424,252
24,1,last,0.0029220152923482515,0.011486350378531608,252
24,2,last,-0.0019179449850020723,0.008728331296301876,252
24,3,last,0.00677753780462173,0.03179993879674594,252
24,4,last,0.0011640742041414515,0.004079735537137215,252
24,5,last,0.0022365435823245667,0.003763008688688315,252
24,6,last,-0.0018787276899924368,0.00950150940017978,252
24,7,last,0.0007753217724668849,0.001631016067178626,252
24,8,last,-0.0014608313738588346,0.004324697158442596,252
24,9,last,-0.0005619632960703697,0.004322977879801617,252
24,10,last,0.007659934613334443,0.01587285870609487,252
24,11,last,-0.001799295663889978,0.009468869974957743,252
24,12,last,0.001650031833306125,0.006586031668929435,252
24,13,last,8.890241576683899e-05,0.012553055281011713,252
24,14,last,0.000788269742828099,0.010085337003508199,252
24,15,last,-5.58374426512432e-06,0.006721884048948553,252
24,16,last,0.0014110948612806313,0.005110951263174813,252
24,17,last,-0.000456011197197118,0.003846698150496989,252
24,18,last,0.0014189639717057747,0.004642826763821566,252
24,19,last,-0.0015576016980164227,0.004314520614339955,252
24,20,last,-0.0001521067063708509,0.003961463821941011,252
24,21,last,-0.003749510683331801,0.01036375053693533,252
24,22,last,0.0010203158869574378,0.0035673800399915003,252
24,23,last,-0.0002711341981517358,0.00742096906123195,252
24,24,last,-0.0006294223740475164,0.0032694387251496434,252
24,25,last,0.0002733236610693561,0.0031778867356941133,252
24,26,last,0.00026985639031784284,0.0034837831926923836,252
24,27,last,0.00034442629447088593,0.005402686736834724,252
24,28,last,-0.003745827106675798,0.008202406035187388,252
24,29,last,0.014432520495675918,0.02446815519619526,252
24,30,last,0.0273798983091385,0.06760267548296335,252
24,31,last,0.0015936945798337488,0.0037456510261917072,252
24,0,suffix,0.004696937416842018,0.007332344985678944,252
24,1,suffix,-0.0009514924047777192,0.005329705807294915,252
24,2,suffix,-0.004404871083341364,0.007822767941798514,252
24,3,suffix,0.000438317036609771,0.011075215938648946,252
24,4,suffix,-0.0011504585774623087,0.004512974893281179,252
24,5,suffix,0.00042740023230447745,0.004733592515403221,252
24,6,suffix,0.0016954804804541594,0.005955075874087217,252
24,7,suffix,0.0019094321510544708,0.003015593835490859,252
24,8,suffix,4.8366779481959445e-05,0.001612772679698263,252
24,9,suffix,0.0010845531144331477,0.0019110900716206801,252
24,10,suffix,0.00020751297556094033,0.006291813811506992,252
24,11,suffix,0.0001545790425881124,0.003466905707070856,252
24,12,suffix,-0.000274950688168564,0.004219239596865904,252
24,13,suffix,-0.0008701267442885427,0.006015065333933365,252
24,14,suffix,-0.002299821911961656,0.009063984565742315,252
24,15,suffix,-0.008002109525506736,0.011232631959905525,252
24,16,suffix,0.0004071327835080165,0.002561194773418734,252
24,17,suffix,-0.000687258877230797,0.0030823004649518124,252
24,18,suffix,-0.0003520617459697759,0.0027871737976734976,252
24,19,suffix,0.001554930517463906,0.002996517088144217,252
24,20,suffix,-0.0006158731585108919,0.0029290495633036004,252
24,21,suffix,0.0029161382761768682,0.004731578802556041,252
24,22,suffix,0.0006730890282986886,0.0023750803529692926,252
24,23,suffix,0.0005851975040820709,0.004624630132871928,252
24,24,suffix,0.0013937025884467678,0.004925140614547658,252
24,25,suffix,-0.0015983334744254939,0.003005721227307529,252
24,26,suffix,-0.003469291234296179,0.006032808628106068,252
24,27,suffix,0.007950792055879223,0.012845569762631053,252
24,28,suffix,-0.0024096756038662057,0.006500801988165351,252
24,29,suffix,0.002852410612838809,0.007345681987252257,252
24,30,suffix,0.00443379516025469,0.005844383143045297,252
24,31,suffix,-0.002444873019897834,0.0044654729967969755,252
25,0,prefix,0.0,0.0,252
25,1,prefix,0.0,0.0,252
25,2,prefix,0.0,0.0,252
25,3,prefix,0.0,0.0,252
25,4,prefix,0.0,0.0,252
25,5,prefix,0.0,0.0,252
25,6,prefix,0.0,0.0,252
25,7,prefix,0.0,0.0,252
25,8,prefix,0.0,0.0,252
25,9,prefix,0.0,0.0,252
25,10,prefix,0.0,0.0,252
25,11,prefix,0.0,0.0,252
25,12,prefix,0.0,0.0,252
25,13,prefix,0.0,0.0,252
25,14,prefix,0.0,0.0,252
25,15,prefix,0.0,0.0,252
25,16,prefix,0.0,0.0,252
25,17,prefix,0.0,0.0,252
25,18,prefix,0.0,0.0,252
25,19,prefix,0.0,0.0,252
25,20,prefix,0.0,0.0,252
25,21,prefix,0.0,0.0,252
25,22,prefix,0.0,0.0,252
25,23,prefix,0.0,0.0,252
25,24,prefix,0.0,0.0,252
25,25,prefix,0.0,0.0,252
25,26,prefix,0.0,0.0,252
25,27,prefix,0.0,0.0,252
25,28,prefix,0.0,0.0,252
25,29,prefix,0.0,0.0,252
25,30,prefix,0.0,0.0,252
25,31,prefix,0.0,0.0,252
25,0,entity,-0.00016467088685402135,0.00038811661041321827,252
25,1,entity,-0.00011498166866348338,0.00043689588816115635,252
25,2,entity,7.459005634325241e-06,0.0002102147076537597,252
25,3,entity,1.547483735441982e-05,0.00015533080359488401,252
25,4,entity,5.553856518807672e-06,0.00010020033425195242,252
25,5,entity,-3.817617119506077e-05,0.0001391606328402376,252
25,6,entity,1.536300305274164e-05,0.000107533317967113,252
25,7,entity,-1.4546985935808946e-05,0.00011467433692645038,252
25,8,entity,4.7168402271302235e-06,6.728143942622309e-05,252
25,9,entity,-5.32645693882596e-05,0.00026208982498181807,252
25,10,entity,6.768016192829294e-06,8.427821453208723e-05,252
25,11,entity,2.162152672250765e-05,0.0003774918354955454,252
25,12,entity,-9.183040668227073e-06,0.00011203391096614723,252
25,13,entity,-2.3389869094144737e-05,0.00011732371948997276,252
25,14,entity,-6.297361160196011e-06,0.00010335692950059003,252
25,15,entity,1.466224005305718e-06,0.000112484814345346,252
25,16,entity,8.741647714068388e-06,0.00016945795484555256,252
25,17,entity,7.625470500118224e-06,0.0003258931114130194,252
25,18,entity,-1.7597065648837926e-05,0.00030469165595164554,252
25,19,entity,5.729479852063724e-05,0.00019784815080786048,252
25,20,entity,-8.96198379710508e-05,0.0008706360808612353,252
25,21,entity,-0.00021292836721379047,0.001552566653651685,252
25,22,entity,-0.0006632625813186418,0.00205428059054236,252
25,23,entity,0.00037506045392575964,0.0009737823181766875,252
25,24,entity,0.00011619755105581163,0.0003763619407709123,252
25,25,entity,-5.49220204585066e-05,0.00020513666321863956,252
25,26,entity,2.4931865934398784e-05,0.0001289767254874393,252
25,27,entity,-2.2824283598585303e-05,0.0003831324692533772,252
25,28,entity,3.906095095035631e-06,0.0009131398609179809,252
25,29,entity,-0.00015496695911881235,0.0011687053420643232,252
25,30,entity,1.2516437674916925e-05,0.00043767994883464346,252
25,31,entity,-7.131383942997051e-06,0.00020735346183322516,252
25,0,last,-0.001009253830979726,0.003794463101214552,252
25,1,last,0.0004257136209898384,0.001578483113310843,252
25,2,last,0.0007195947680249071,0.005769114238939928,252
25,3,last,-0.005319945564556364,0.011899323267806764,252
25,4,last,-0.00036373393335712275,0.003591435001460865,252
25,5,last,0.0008002214712582321,0.003704795372045954,252
25,6,last,-0.0004431476291280151,0.0026538735073122622,252
25,7,last,0.00012499405154755102,0.0037538300295838984,252
25,8,last,0.0007280021841685834,0.002272048292705597,252
25,9,last,-0.0011287672805049204,0.002329191461617556,252
25,10,last,0.0004381330032224974,0.0014654557202852124,252
25,11,last,0.03024489788794964,0.10183269350691551,252
25,12,last,3.224231350320643e-05,0.0038204850479526195,252
25,13,last,0.0003783054678009764,0.0027896664142312987,252
25,14,last,-3.662319732173937e-05,0.0030666125746234133,252
25,15,last,0.00026620815495132573,0.00413427505289234,252
25,16,last,0.001546996910797639,0.01204195638678761,252
25,17,last,0.0044155286408827776,0.020934685925206555,252
25,18,last,0.08832344859616742,0.14115124592365372,252
25,19,last,-0.0014134327876880498,0.007561363108661247,252
25,20,last,-0.009008652724636098,0.05025585415026557,252
25,21,last,0.008325036291757392,0.027319018900882275,252
25,22,last,-0.010987508440545449,0.051511048746760935,252
25,23,last,-0.001360989903794631,0.0368034711277615,252
25,24,last,-0.0035796797730856473,0.008629653604686378,252
25,25,last,0.0008759242029757135,0.003857706401345601,252
25,26,last,0.0007580427531686996,0.002548004161831664,252
25,27,last,-0.0002818908842672254,0.006873372920496863,252
25,28,last,-0.0009406800339107461,0.0020005783538051347,252
25,29,last,-4.542399487007291e-05,0.002395018515969804,252
25,30,last,-0.00041825025936492553,0.0019474688112192478,252
25,31,last,-0.00027999446181292155,0.005562538193078667,252
25,0,suffix,-0.0012678051827321277,0.003334705818485331,252
25,1,suffix,0.0015505907925086962,0.0029572681404903367,252
25,2,suffix,0.00011302944145853193,0.004975962438816313,252
25,3,suffix,0.004148962913195502,0.00612743560789149,252
25,4,suffix,-0.0004273145885227742,0.0022788576534425813,252
25,5,suffix,-0.0003905553287044284,0.002679245152636314,252
25,6,suffix,-0.0009669270417066039,0.002441793290692716,252
25,7,suffix,0.001267671295842038,0.0029578650383586687,252
25,8,suffix,0.0014068063792256865,0.0025400896008235694,252
25,9,suffix,-0.0012526820661703044,0.003788714828944634,252
25,10,suffix,-0.005782855990033236,0.007923444985103454,252
25,11,suffix,-0.004802076273971045,0.012220064813636638,252
25,12,suffix,0.00032645148332127814,0.003346920089772055,252
25,13,suffix,0.001518164161904592,0.002707269599974487,252
25,14,suffix,-0.0002412432113568944,0.0018133060127954398,252
25,15,suffix,-0.0009529794402544847,0.002331300136820429,252
25,16,suffix,0.0025527488194834335,0.004608687260557302,252
25,17,suffix,-0.002461675553272399,0.007667336959977027,252
25,18,suffix,-0.0115026500754867,0.016992543904296196,252
25,19,suffix,0.0017004236827861383,0.004483460916844706,252
25,20,suffix,-0.015376781309261412,0.02163487204724954,252
25,21,suffix,0.001126501649968492,0.0060903050569770184,252
25,22,suffix,0.005749629801155404,0.01455884983857282,252
25,23,suffix,0.0075285193127182,0.012196749110054432,252
25,24,suffix,0.007549160610033646,0.009977136967583488,252
25,25,suffix,-0.00013249441137813412,0.0014654073832466854,252
25,26,suffix,0.0012071098764397988,0.002609166450984698,252
25,27,suffix,-0.002477181216933772,0.004016197866082029,252
25,28,suffix,0.003095167512626739,0.004068314227929982,252
25,29,suffix,-0.0010462673131599778,0.0023501069808970795,252
25,30,suffix,0.001229603999949148,0.001793009723704537,252
25,31,suffix,0.00017977462503690082,0.0016461694120239588,252
26,0,prefix,0.0,0.0,252
26,1,prefix,0.0,0.0,252
26,2,prefix,0.0,0.0,252
26,3,prefix,0.0,0.0,252
26,4,prefix,0.0,0.0,252
26,5,prefix,0.0,0.0,252
26,6,prefix,0.0,0.0,252
26,7,prefix,0.0,0.0,252
26,8,prefix,0.0,0.0,252
26,9,prefix,0.0,0.0,252
26,10,prefix,0.0,0.0,252
26,11,prefix,0.0,0.0,252
26,12,prefix,0.0,0.0,252
26,13,prefix,0.0,0.0,252
26,14,prefix,0.0,0.0,252
26,15,prefix,0.0,0.0,252
26,16,prefix,0.0,0.0,252
26,17,prefix,0.0,0.0,252
26,18,prefix,0.0,0.0,252
26,19,prefix,0.0,0.0,252
26,20,prefix,0.0,0.0,252
26,21,prefix,0.0,0.0,252
26,22,prefix,0.0,0.0,252
26,23,prefix,0.0,0.0,252
26,24,prefix,0.0,0.0,252
26,25,prefix,0.0,0.0,252
26,26,prefix,0.0,0.0,252
26,27,prefix,0.0,0.0,252
26,28,prefix,0.0,0.0,252
26,29,prefix,0.0,0.0,252
26,30,prefix,0.0,0.0,252
26,31,prefix,0.0,0.0,252
26,0,entity,-0.0006966016808652807,0.001434041617812909,252
26,1,entity,-0.0006636462417118887,0.0027395179689240954,252
26,2,entity,-6.518982825993936e-05,0.00023409564917507115,252
26,3,entity,0.0024408933341975273,0.004327851990334845,252
26,4,entity,-5.6735251099499215e-06,0.00014975277603855916,252
26,5,entity,2.5137355149827126e-05,0.0001370541188160291,252
26,6,entity,6.504864604577296e-06,0.00029063969653122065,252
26,7,entity,-3.602669978807258e-05,0.0001314989381586519,252
26,8,entity,1.2473152828479647e-05,0.00012430133354956842,252
26,9,entity,5.481686383655682e-06,0.0002016616002648002,252
26,10,entity,-2.109833672110408e-05,0.00015414904380613446,252
26,11,entity,-4.0697381748378534e-05,0.0004345810521910954,252
26,12,entity,-2.6511330822759626e-05,9.511281727387064e-05,252
26,13,entity,-2.4369576028531145e-05,0.0001748565058370505,252
26,14,entity,-1.588733111397853e-05,8.894347808793085e-05,252
26,15,entity,6.918600526961517e-05,0.00018558925113628297,252
26,16,entity,-5.770698403502759e-07,9.576598117990085e-05,252
26,17,entity,-8.993953928987299e-06,8.718453110604392e-05,252
26,18,entity,-9.79467653819267e-06,4.666068489241875e-05,252
26,19,entity,7.95909962212208e-05,0.0002936844768270483,252
26,20,entity,6.398063203866355e-05,0.00028408142913887124,252
26,21,entity,0.00013954148726367878,0.0004927454818240251,252
26,22,entity,-0.00018596467753158078,0.000928696541017243,252
26,23,entity,-1.9603555864748723e-05,0.0007332873517606501,252
26,24,entity,5.197835603816823e-05,0.00014118010330001934,252
26,25,entity,8.463813735993932e-06,0.00039836415104554403,252
26,26,entity,-7.791231540172775e-05,0.0002855829531468439,252
26,27,entity,8.239030471991606e-06,0.00044296201331379715,252
26,28,entity,-4.095492790333487e-05,0.00039578809703146235,252
26,29,entity,-2.1693216550620345e-05,0.00014575143375312774,252
26,30,entity,5.899596145365562e-05,0.0003566199934656623,252
26,31,entity,1.972173153116533e-05,7.9859599019806e-05,252
26,0,last,-0.0069036541131532025,0.023763420800345818,252
26,1,last,0.014454401626680342,0.051672273045701406,252
26,2,last,0.00274229186193441,0.019186472276776348,252
26,3,last,-0.00045811547712969875,0.050319834532851854,252
26,4,last,0.0005666969740386343,0.004599403645399781,252
26,5,last,0.0014735874445048263,0.0038151498133268593,252
26,6,last,-0.000997456573208587,0.0034532676846350707,252
26,7,last,-2.992228537406181e-05,0.0022733108889374377,252
26,8,last,0.00708233691254882,0.013584966227109174,252
26,9,last,0.0041189707874778715,0.011513418280556503,252
26,10,last,0.0015153420903342998,0.019894103761226502,252
26,11,last,-0.0027556527544104954,0.00789497593775325,252
26,12,last,4.888696553063623e-05,0.004910147373425028,252
26,13,last,-0.0004438217865609904,0.0047049911100036715,252
26,14,last,0.0012934358096644578,0.00446747613669787,252
26,15,last,-0.00011877345830379498,0.0069062253118433534,252
26,16,last,0.0034331439313800296,0.004330597616018846,252
26,17,last,0.021637409368330345,0.037345906727880775,252
26,18,last,-0.00033687287745239687,0.003797299141643591,252
26,19,last,0.002630133357357293,0.03066439121141143,252
26,20,last,0.006885080471254205,0.010164369120805835,252
26,21,last,-0.11831867786878277,0.14933833338335037,252
26,22,last,0.09845830571453368,0.14174401343593168,252
26,23,last,-0.034109023501283475,0.04971864732492361,252
26,24,last,-0.0007455982294419617,0.0025934403636797684,252
26,25,last,-0.001236261242339092,0.004219230353584631,252
26,26,last,-0.0018304434032336483,0.0061338858967434455,252
26,27,last,0.005149743989080427,0.021695563998368996,252
26,28,last,-0.000522715787704487,0.0037997436253742003,252
26,29,last,-0.00021125864533666846,0.004913248258133766,252
26,30,last,0.0007179372076366452,0.03167964618455338,252
26,31,last,0.0007679307849944703,0.0034416562077009103,252
26,0,suffix,-0.01062073528168733,0.016604489437278453,252
26,1,suffix,-0.008346113408454888,0.0195116071343306,252
26,2,suffix,0.0007567919318471612,0.006429043158898403,252
26,3,suffix,0.0008353430487818153,0.017634192291119517,252
26,4,suffix,0.0009647757492476081,0.007763308537543405,252
26,5,suffix,-0.0009106788800253857,0.003567908863191954,252
26,6,suffix,-0.002463386519810315,0.004653235744929892,252
26,7,suffix,-0.0016575747895195665,0.003577650181775591,252
26,8,suffix,0.0009815434877729844,0.002186467771391815,252
26,9,suffix,-0.0014572942798456517,0.0032650699705220813,252
26,10,suffix,-0.007884410158576357,0.011976618689778834,252
26,11,suffix,-0.0024079446063318584,0.003300845854854497,252
26,12,suffix,-0.00048180682500110887,0.0028566834948129498,252
26,13,suffix,0.004136396671289355,0.006154443230359773,252
26,14,suffix,0.00034270100556590304,0.0024664371883733427,252
26,15,suffix,2.116242895349315e-05,0.003943110570162389,252
26,16,suffix,0.0035863089211481624,0.004738385323283485,252
26,17,suffix,-0.0005738052653806148,0.0047976324916644015,252
26,18,suffix,0.0012805628167823684,0.003382884046492751,252
26,19,suffix,-0.0024124010859496695,0.00755296645007504,252
26,20,suffix,0.0027659469154290464,0.003953934719541552,252
26,21,suffix,-0.0017860253600185878,0.009312266025097141,252
26,22,suffix,0.034826373608579854,0.052079916301625506,252
26,23,suffix,-0.014896835620960239,0.02217679530888976,252
26,24,suffix,-0.0008723900908940716,0.0028883392827307513,252
26,25,suffix,-0.0019981406435651897,0.004903535285548637,252
26,26,suffix,0.002458046640368496,0.008568730238296879,252
26,27,suffix,0.0034615353557051597,0.007966493038060839,252
26,28,suffix,0.0013343460053250502,0.0028077473549357156,252
26,29,suffix,-0.0005607866482968968,0.0028604848247928273,252
26,30,suffix,-0.0011461212854144485,0.006999791717701569,252
26,31,suffix,0.000830429330894803,0.0018657985606440643,252
27,0,prefix,0.0,0.0,252
27,1,prefix,0.0,0.0,252
27,2,prefix,0.0,0.0,252
27,3,prefix,0.0,0.0,252
27,4,prefix,0.0,0.0,252
27,5,prefix,0.0,0.0,252
27,6,prefix,0.0,0.0,252
27,7,prefix,0.0,0.0,252
27,8,prefix,0.0,0.0,252
27,9,prefix,0.0,0.0,252
27,10,prefix,0.0,0.0,252
27,11,prefix,0.0,0.0,252
27,12,prefix,0.0,0.0,252
27,13,prefix,0.0,0.0,252
27,14,prefix,0.0,0.0,252
27,15,prefix,0.0,0.0,252
27,16,prefix,0.0,0.0,252
27,17,prefix,0.0,0.0,252
27,18,prefix,0.0,0.0,252
27,19,prefix,0.0,0.0,252
27,20,prefix,0.0,0.0,252
27,21,prefix,0.0,0.0,252
27,22,prefix,0.0,0.0,252
27,23,prefix,0.0,0.0,252
27,24,prefix,0.0,0.0,252
27,25,prefix,0.0,0.0,252
27,26,prefix,0.0,0.0,252
27,27,prefix,0.0,0.0,252
27,28,prefix,0.0,0.0,252
27,29,prefix,0.0,0.0,252
27,30,prefix,0.0,0.0,252
27,31,prefix,0.0,0.0,252
27,0,entity,2.7766358989935277e-05,0.00025460792844948327,252
27,1,entity,4.720893171398955e-05,0.00016660041765455556,252
27,2,entity,2.0667963262948908e-05,0.00019788774894083063,252
27,3,entity,-2.632899462523277e-05,0.00014217156148340962,252
27,4,entity,4.49788429282957e-06,7.48618820441354e-05,252
27,5,entity,1.6528312571716968e-05,0.0001383572291480223,252
27,6,entity,-2.35245956341642e-06,0.00015511722728881125,252
27,7,entity,-5.9804616214586575e-06,0.0001045916201968837,252
27,8,entity,-1.894241183746335e-05,0.00045786886962812586,252
27,9,entity,8.726013886589932e-05,0.0005203415775409912,252
27,10,entity,1.3027165666229964e-05,0.00023281097624960008,252
27,11,entity,-0.00012069648784514385,0.0009571581642506187,252
27,12,entity,4.373632121870388e-05,0.0003791014579339014,252
27,13,entity,6.62079772891524e-05,0.0004620817033081414,252
27,14,entity,-1.363503953677811e-05,0.0007011785864455709,252
27,15,entity,-7.06970780674243e-05,0.00029345545781253016,252
27,16,entity,-9.307168692618097e-05,0.00032457507431322556,252
27,17,entity,5.534347604817225e-06,0.00019603574261444528,252
27,18,entity,-2.795876423894538e-05,0.00019930517471168838,252
27,19,entity,1.6982740745904253e-05,0.00011923127770672629,252
27,20,entity,2.0498195893770527e-05,0.0002638373596133598,252
27,21,entity,2.2302974955545368e-05,0.00043223438879861546,252
27,22,entity,-1.3751658747828009e-05,0.00011398075106525439,252
27,23,entity,-7.89332372032876e-06,0.00011846910621667149,252
27,24,entity,6.622591448441588e-06,0.00025502259250385705,252
27,25,entity,-2.988976164863469e-05,0.0005891475150184263,252
27,26,entity,-0.00018669212664419667,0.0009204781309556041,252
27,27,entity,6.823654115802157e-05,0.000416938534703337,252
27,28,entity,-0.00010592044518778002,0.0003266102384735686,252
27,29,entity,0.0005962067514030336,0.0010159493858556369,252
27,30,entity,-9.428815217017386e-05,0.0002612968656407363,252
27,31,entity,-0.00015749953347548874,0.0004345076149159843,252
27,0,last,-0.0003276814534310399,0.003347935978487681,252
27,1,last,0.0007470201540161811,0.005808935443859636,252
27,2,last,-4.615439360754358e-05,0.005334521209569796,252
27,3,last,-0.0006691701010923781,0.0022807066492936835,252
27,4,last,-0.0015593886191564953,0.00338506870644374,252
27,5,last,0.0003788553467962802,0.006053979637698152,252
27,6,last,-0.00013355991275544973,0.0044109578933178755,252
27,7,last,9.96631631370826e-05,0.0029093810831361065,252
27,8,last,-0.00781028388282432,0.027977069765920678,252
27,9,last,-0.0009430983142616848,0.010683890196516933,252
27,10,last,-0.013312942127139115,0.019213409010147203,252
27,11,last,0.004243412657478262,0.05143202286553643,252
27,12,last,0.0005584833117955853,0.009625768999473028,252
27,13,last,0.0017030659577040564,0.010486655498093496,252
27,14,last,0.006256724571040462,0.03549280934893186,252
27,15,last,0.006173253567549326,0.010134232386628845,252
27,16,last,-0.000873305045792626,0.03184689826235944,252
27,17,last,-0.00022987812259262207,0.0021625909999235613,252
27,18,last,-0.00018329523115267327,0.00737956148909039,252
27,19,last,-9.547117605550392e-05,0.008644359571917448,252
27,20,last,0.00035218537162845243,0.008300250027368459,252
27,21,last,8.844367172088593e-05,0.005250770047756045,252
27,22,last,7.536124446362789e-05,0.005510051824597804,252
27,23,last,-0.0026737510929778514,0.006839116120577923,252
27,24,last,-0.003345062840029612,0.01440353814530046,252
27,25,last,0.001656717163906063,0.005233108581344981,252
27,26,last,-0.0013210679245521388,0.011554670231398343,252
27,27,last,-0.0008581278891055955,0.006510553918425492,252
27,28,last,-0.0004149811815411325,0.010863122623598587,252
27,29,last,0.005288556968379352,0.011615315525208616,252
27,30,last,7.008007424513972e-05,0.005443623569417035,252
27,31,last,-0.0008784708775310141,0.004555020845145918,252
27,0,suffix,-0.0021497828975706548,0.003480878587422485,252
27,1,suffix,0.000342962661418387,0.0015677385148297248,252
27,2,suffix,-7.449348318492152e-05,0.0024089331600254216,252
27,3,suffix,0.0005003756174472881,0.002637670816408813,252
27,4,suffix,-0.00013205779479961614,0.0019065282621167647,252
27,5,suffix,0.00023923696803902002,0.006071435480091875,252
27,6,suffix,0.00029280932852680775,0.005325877939759223,252
27,7,suffix,0.0037095690130201316,0.005754788163917582,252
27,8,suffix,0.0014329002856284783,0.006775159165730627,252
27,9,suffix,0.012605151756180556,0.014538489480090656,252
27,10,suffix,0.00025872513565590205,0.005958043203741504,252
27,11,suffix,-0.014220790268284742,0.018611273718783024,252
27,12,suffix,-0.0056977343443818315,0.011115968229458553,252
27,13,suffix,0.015593240492055176,0.017453970205209886,252
27,14,suffix,0.0038741906483495308,0.008835044710375018,252
27,15,suffix,0.00552821658946789,0.00911367404475482,252
27,16,suffix,-0.003178956842006416,0.008928017328286394,252
27,17,suffix,0.0007085112653988016,0.0018194825537854004,252
27,18,suffix,-0.0005456009969131108,0.00362478100655716,252
27,19,suffix,0.0016906725947974915,0.003892980534453547,252
27,20,suffix,-0.0006204036016502609,0.006405789233321272,252
27,21,suffix,-9.668266004212903e-05,0.0034061767868306127,252
27,22,suffix,-0.0009679069055455185,0.0035146203717579465,252
27,23,suffix,-8.973918844341305e-06,0.003096761149465909,252
27,24,suffix,0.00022107145742658816,0.004736979138816163,252
27,25,suffix,-0.0005307850614780732,0.002467883131704267,252
27,26,suffix,0.0011193326636067642,0.004184071790431307,252
27,27,suffix,7.573137251633563e-05,0.002551052087067687,252
27,28,suffix,-0.005582789128701344,0.007459866061412507,252
27,29,suffix,-0.017559241493393253,0.023476535246558457,252
27,30,suffix,7.061026362212683e-06,0.003974285762338364,252
27,31,suffix,0.004337764459370149,0.005318796175270253,252
28,0,prefix,0.0,0.0,252
28,1,prefix,0.0,0.0,252
28,2,prefix,0.0,0.0,252
28,3,prefix,0.0,0.0,252
28,4,prefix,0.0,0.0,252
28,5,prefix,0.0,0.0,252
28,6,prefix,0.0,0.0,252
28,7,prefix,0.0,0.0,252
28,8,prefix,0.0,0.0,252
28,9,prefix,0.0,0.0,252
28,10,prefix,0.0,0.0,252
28,11,prefix,0.0,0.0,252
28,12,prefix,0.0,0.0,252
28,13,prefix,0.0,0.0,252
28,14,prefix,0.0,0.0,252
28,15,prefix,0.0,0.0,252
28,16,prefix,0.0,0.0,252
28,17,prefix,0.0,0.0,252
28,18,prefix,0.0,0.0,252
28,19,prefix,0.0,0.0,252
28,20,prefix,0.0,0.0,252
28,21,prefix,0.0,0.0,252
28,22,prefix,0.0,0.0,252
28,23,prefix,0.0,0.0,252
28,24,prefix,0.0,0.0,252
28,25,prefix,0.0,0.0,252
28,26,prefix,0.0,0.0,252
28,27,prefix,0.0,0.0,252
28,28,prefix,0.0,0.0,252
28,29,prefix,0.0,0.0,252
28,30,prefix,0.0,0.0,252
28,31,prefix,0.0,0.0,252
28,0,entity,1.8902188919979843e-06,0.0005387103416098167,252
28,1,entity,1.6360196567015848e-05,0.0001658984900065286,252
28,2,entity,4.25929052339381e-05,0.00024722924716310705,252
28,3,entity,5.70820683108087e-05,0.0003634951497133443,252
28,4,entity,2.577486291932199e-05,0.0002030185477350541,252
28,5,entity,0.0002248100098594954,0.0006675458269325775,252
28,6,entity,-2.5658301378176214e-05,0.0005024672763615926,252
28,7,entity,0.00015710137796261171,0.000471406219384378,252
28,8,entity,-7.420660639336491e-07,0.0002031115611338291,252
28,9,entity,0.0003325820144341595,0.0010585829987785618,252
28,10,entity,-5.738425497405669e-06,0.00045162645975208775,252
28,11,entity,-0.00012125374821643784,0.0008954739845872639,252
28,12,entity,-2.345473267864474e-05,0.0002759367423378997,252
28,13,entity,-7.821389074378101e-06,0.00011315894752783606,252
28,14,entity,3.284830244688742e-05,0.0003059310980896202,252
28,15,entity,-2.6072856750640008e-06,0.0002974488797015453,252
28,16,entity,-6.66727075191548e-06,0.00015523030317527153,252
28,17,entity,-6.608310849558274e-06,0.0006002023963822192,252
28,18,entity,-2.2477096698431914e-05,0.0004637262308358278,252
28,19,entity,8.767700780791775e-06,0.00017200915247770802,252
28,20,entity,2.8031139328006594e-05,0.0003447394682848787,252
28,21,entity,-4.51806015065351e-05,0.0007580875834113007,252
28,22,entity,9.939971624546507e-06,0.0002288656464265336,252
28,23,entity,4.616740841176204e-05,0.00031944136156790404,252
28,24,entity,8.974960177518311e-05,0.00045985571611008855,252
28,25,entity,5.029791852469619e-05,0.0003165169095387639,252
28,26,entity,-6.244505682785991e-05,0.00153595359954904,252
28,27,entity,-3.496384841530435e-05,0.00012404054547548386,252
28,28,entity,-8.01569063111986e-06,0.00011105014913670265,252
28,29,entity,-3.568698127945402e-05,0.0006744532770678941,252
28,30,entity,0.00017294293507217975,0.0007106430762160161,252
28,31,entity,4.452537948256779e-05,0.000320668661497765,252
28,0,last,0.0035066187939798783,0.03527854777140809,252
28,1,last,-0.0049721568421874605,0.012896226217327196,252
28,2,last,0.00025465327122392844,0.005262492435345877,252
28,3,last,-0.005187036011308905,0.015336851033175157,252
28,4,last,8.934419990206759e-05,0.011918453630873018,252
28,5,last,0.013282411175573038,0.02112484851201612,252
28,6,last,-0.0034118512957652526,0.01948282922551568,252
28,7,last,-0.0010080463958614032,0.0029299292940459776,252
28,8,last,-0.008854475852179652,0.014029806177224225,252
28,9,last,-0.014931240965360923,0.026670026145727624,252
28,10,last,-0.023760341492200656,0.07758470850863627,252
28,11,last,0.024747338545109545,0.06722462033143356,252
28,12,last,-0.00015028259249880822,0.004336171835593487,252
28,13,last,0.0002970619012586891,0.004769578780738696,252
28,14,last,0.0003376028711615603,0.004632686246103341,252
28,15,last,-0.0016059621074606502,0.006601186775480441,252
28,16,last,0.0004593291100935035,0.0034162074028115186,252
28,17,last,-0.004310309942368241,0.02484360803288245,252
28,18,last,0.013042118236799502,0.04011430398335621,252
28,19,last,0.0024717445000230023,0.009637514673014512,252
28,20,last,0.03719955809517867,0.04558844286357126,252
28,21,last,-0.02484443499189284,0.03967433929857281,252
28,22,last,0.0026761206162128864,0.00487938183262789,252
28,23,last,0.015360514123347543,0.02547338187310194,252
28,24,last,0.002330559707294765,0.004820385162944033,252
28,25,last,-0.0037911282073880086,0.0080668129346108,252
28,26,last,-0.0018130137450209566,0.008498944726491731,252
28,27,last,0.0016845836052818903,0.005888630274779326,252
28,28,last,-0.0029941340887619716,0.006298704577068473,252
28,29,last,-0.003995412127262662,0.022673764578362423,252
28,30,last,-0.01118871232398623,0.042978041651954374,252
28,31,last,0.0071026058830616495,0.01257734286547121,252
28,0,suffix,0.005567625900867925,0.010343495950283318,252
28,1,suffix,0.001772701242139246,0.002859796606138219,252
28,2,suffix,0.0005560648222374059,0.0023784905570769367,252
28,3,suffix,-0.001912804448949597,0.005589134466256996,252
28,4,suffix,0.0027489568860792203,0.004379107688122538,252
28,5,suffix,-0.016313973279343443,0.02016500534014879,252
28,6,suffix,-0.0015886347789293926,0.004255657892841439,252
28,7,suffix,-0.000526100004237147,0.0027319713318710065,252
28,8,suffix,0.0041725408717693,0.008620356825628863,252
28,9,suffix,0.019177913311743452,0.02415725507116154,252
28,10,suffix,-0.0041318735383616256,0.011318000436108016,252
28,11,suffix,-0.029629049708878554,0.03997158436938648,252
28,12,suffix,0.0019145258714482383,0.003928432199185885,252
28,13,suffix,0.0017580474328832722,0.003293288288315154,252
28,14,suffix,-0.0011488914816094086,0.0029859569843252425,252
28,15,suffix,0.0020123142064531994,0.004637489403349387,252
28,16,suffix,-0.0017559702425192622,0.0032001806832578864,252
28,17,suffix,-0.00028233802868271596,0.008913776417239927,252
28,18,suffix,0.0011588445770882125,0.007040845994074588,252
28,19,suffix,0.004317591759880246,0.005234646212363895,252
28,20,suffix,0.01311762579480129,0.01448010056417352,252
28,21,suffix,-0.010018425482990602,0.013771726577625298,252
28,22,suffix,-0.0002507647737081878,0.002843570360739921,252
28,23,suffix,-0.0011062358338214894,0.009294506677958583,252
28,24,suffix,4.019641293025993e-05,0.002668300032609302,252
28,25,suffix,0.0004431599873357069,0.0023616089066400663,252
28,26,suffix,0.049916808279523675,0.05253297891170852,252
28,27,suffix,-0.001524747367553241,0.003040439490140064,252
28,28,suffix,-0.001970703669207473,0.0029180725745831413,252
28,29,suffix,-0.006534450086205436,0.0147564738867697,252
28,30,suffix,0.006774533204948273,0.019931594329786355,252
28,31,suffix,0.0008863670826081539,0.010585209617815169,252
29,0,prefix,0.0,0.0,252
29,1,prefix,0.0,0.0,252
29,2,prefix,0.0,0.0,252
29,3,prefix,0.0,0.0,252
29,4,prefix,0.0,0.0,252
29,5,prefix,0.0,0.0,252
29,6,prefix,0.0,0.0,252
29,7,prefix,0.0,0.0,252
29,8,prefix,0.0,0.0,252
29,9,prefix,0.0,0.0,252
29,10,prefix,0.0,0.0,252
29,11,prefix,0.0,0.0,252
29,12,prefix,0.0,0.0,252
29,13,prefix,0.0,0.0,252
29,14,prefix,0.0,0.0,252
29,15,prefix,0.0,0.0,252
29,16,prefix,0.0,0.0,252
29,17,prefix,0.0,0.0,252
29,18,prefix,0.0,0.0,252
29,19,prefix,0.0,0.0,252
29,20,prefix,0.0,0.0,252
29,21,prefix,0.0,0.0,252
29,22,prefix,0.0,0.0,252
29,23,prefix,0.0,0.0,252
29,24,prefix,0.0,0.0,252
29,25,prefix,0.0,0.0,252
29,26,prefix,0.0,0.0,252
29,27,prefix,0.0,0.0,252
29,28,prefix,0.0,0.0,252
29,29,prefix,0.0,0.0,252
29,30,prefix,0.0,0.0,252
29,31,prefix,0.0,0.0,252
29,0,entity,-1.8317564671821265e-05,0.00025852950471881553,252
29,1,entity,-1.508730100243026e-05,0.00011077586862300104,252
29,2,entity,4.87401733785588e-05,0.00017379544988351708,252
29,3,entity,-3.918967477797456e-05,0.0002834067129820069,252
29,4,entity,-2.36718391090021e-07,0.00010249430641581042,252
29,5,entity,8.910699987623842e-06,0.00012169879921332592,252
29,6,entity,-2.3481534057397753e-05,0.00013659452178404853,252
29,7,entity,-4.580099500384359e-05,0.0001498564898585957,252
29,8,entity,4.039933080476326e-05,0.00027791449965192556,252
29,9,entity,7.756045194568402e-05,0.0005296388219773819,252
29,10,entity,-4.3967958087402316e-05,0.0005284902133589351,252
29,11,entity,-4.023507670945758e-05,0.00022729900099456867,252
29,12,entity,1.1096026867107867e-05,0.00017936276212334894,252
29,13,entity,-0.0001021638866247832,0.000305960406628567,252
29,14,entity,-5.6949828824202534e-05,0.00028125118647148197,252
29,15,entity,-1.0127860664830395e-06,0.00019734187419129422,252
29,16,entity,1.6181397362353372e-05,0.00022348234680853312,252
29,17,entity,-1.2505597019587604e-06,0.00027009485470822864,252
29,18,entity,-6.0458069454069926e-05,0.00022855431612175915,252
29,19,entity,2.35574937357616e-05,9.277760696275234e-05,252
29,20,entity,-8.866891588486252e-06,0.00014446696268585526,252
29,21,entity,1.0453579200599513e-05,0.00011497532440018173,252
29,22,entity,-7.249432524401658e-05,0.00020936457700293157,252
29,23,entity,-2.0646873404003267e-05,0.00020833228798379885,252
29,24,entity,7.545656653169389e-05,0.001140946635558297,252
29,25,entity,-0.00044848538918957937,0.0024092722058787967,252
29,26,entity,0.00417657922302862,0.007761807907656244,252
29,27,entity,0.0005293369529407221,0.006673536486571734,252
29,28,entity,1.9928780666702103e-05,0.00020587495512588234,252
29,29,entity,-0.00011105389888500992,0.0003098506141702909,252
29,30,entity,-7.474642883326375e-05,0.00021356407155724897,252
29,31,entity,9.996247897669535e-06,0.0004909188881479095,252
29,0,last,-0.07107122107926342,0.23916094340679664,252
29,1,last,-0.0005835567294741937,0.005243655124869537,252
29,2,last,-0.0006343806001943506,0.0017398146318598827,252
29,3,last,0.002175912953495595,0.014143569518290903,252
29,4,last,-0.00016675355194214111,0.008481345447228431,252
29,5,last,0.0025211062322976806,0.013710587414809398,252
29,6,last,-0.0009679374888369311,0.0024223578123686216,252
29,7,last,0.0006775614613341907,0.0034152633609390625,252
29,8,last,0.00829237386665588,0.02610783030035063,252
29,9,last,0.003224292272953169,0.03163352611822091,252
29,10,last,-0.0012440612864872767,0.03726206361390059,252
29,11,last,0.0013699930711900668,0.05734996759842727,252
29,12,last,-0.0011977396497968584,0.0076709239783379,252
29,13,last,0.0020864786807607513,0.004189067677211752,252
29,14,last,0.0009415906768279254,0.0026726392115094875,252
29,15,last,-0.0006904411963501295,0.0038969323285282516,252
29,16,last,-0.00017627893294769502,0.00884814661260443,252
29,17,last,-0.0026943791985219816,0.006151880475550165,252
29,18,last,-0.002808244949846994,0.0036014683253828453,252
29,19,last,0.000827594348857741,0.003966864467310231,252
29,20,last,0.0007023228215061069,0.009041757476682375,252
29,21,last,4.5394921067377756e-05,0.003668242479935067,252
29,22,last,-0.0018059811148319453,0.005144410450676722,252
29,23,last,-0.0018498008998687424,0.012744140935995216,252
29,24,last,-0.0021732446353232102,0.007701428296665351,252
29,25,last,-0.011278288823271554,0.03340760254973753,252
29,26,last,0.011410782614441973,0.042513404874914576,252
29,27,last,-0.008535191282770404,0.02232292292562003,252
29,28,last,0.004871737302949888,0.013158548188613846,252
29,29,last,0.004406924765106172,0.010528417970312553,252
29,30,last,0.006227012557376709,0.010574542568989157,252
29,31,last,0.008600559823828497,0.02868045749612123,252
29,0,suffix,-0.0003307451696384435,0.0028586107128543994,252
29,1,suffix,0.0017969798447723853,0.0025977508695856186,252
29,2,suffix,-0.001000282414278019,0.0016032506294635144,252
29,3,suffix,0.00023309496727582277,0.0012481635704104867,252
29,4,suffix,0.000963524279791092,0.0020661288109892436,252
29,5,suffix,2.0179609340709523e-05,0.0025775370189820472,252
29,6,suffix,0.0009871871871803071,0.0020854668384159263,252
29,7,suffix,-0.0002198393120116699,0.0008210144808123863,252
29,8,suffix,-0.001952327505438324,0.006067717701557379,252
29,9,suffix,0.00566476888815891,0.008057178251625547,252
29,10,suffix,-0.004431502909158423,0.012268675897050545,252
29,11,suffix,0.000697377222206255,0.013141946103623634,252
29,12,suffix,1.8502524670883945e-05,0.0021602056753522447,252
29,13,suffix,-0.0009602472762488048,0.0014874879447692336,252
29,14,suffix,0.00038874897048601036,0.0011893404080056927,252
29,15,suffix,6.512554475125037e-05,0.0014766929013562153,252
29,16,suffix,-0.0011502102073239126,0.0036614760776829927,252
29,17,suffix,-0.00024344129286014827,0.0023313846729219483,252
29,18,suffix,-0.00032682920274084375,0.0010954433755289625,252
29,19,suffix,-0.0002775945302577355,0.0016002737559516853,252
29,20,suffix,-0.00013697471488032735,0.002760532055906388,252
29,21,suffix,0.0018452296285395567,0.002980800313696905,252
29,22,suffix,0.0008974869148647803,0.005075754494407466,252
29,23,suffix,-0.0013840834749244673,0.005113411604436387,252
29,24,suffix,0.0009792964401568165,0.0049826635866786146,252
29,25,suffix,-0.005876263017312124,0.01621014905898962,252
29,26,suffix,0.009710982255733648,0.03597235188110625,252
29,27,suffix,-0.013221241247990855,0.024133870558299596,252
29,28,suffix,0.0015193734048033374,0.004298729083794273,252
29,29,suffix,0.0008104141048202037,0.0039684511310057015,252
29,30,suffix,-0.0005249070294457707,0.0025213994839117415,252
29,31,suffix,-0.0010138832900114692,0.003307982896435605,252
30,0,prefix,0.0,0.0,252
30,1,prefix,0.0,0.0,252
30,2,prefix,0.0,0.0,252
30,3,prefix,0.0,0.0,252
30,4,prefix,0.0,0.0,252
30,5,prefix,0.0,0.0,252
30,6,prefix,0.0,0.0,252
30,7,prefix,0.0,0.0,252
30,8,prefix,0.0,0.0,252
30,9,prefix,0.0,0.0,252
30,10,prefix,0.0,0.0,252
30,11,prefix,0.0,0.0,252
30,12,prefix,0.0,0.0,252
30,13,prefix,0.0,0.0,252
30,14,prefix,0.0,0.0,252
30,15,prefix,0.0,0.0,252
30,16,prefix,0.0,0.0,252
30,17,prefix,0.0,0.0,252
30,18,prefix,0.0,0.0,252
30,19,prefix,0.0,0.0,252
30,20,prefix,0.0,0.0,252
30,21,prefix,0.0,0.0,252
30,22,prefix,0.0,0.0,252
30,23,prefix,0.0,0.0,252
30,24,prefix,0.0,0.0,252
30,25,prefix,0.0,0.0,252
30,26,prefix,0.0,0.0,252
30,27,prefix,0.0,0.0,252
30,28,prefix,0.0,0.0,252
30,29,prefix,0.0,0.0,252
30,30,prefix,0.0,0.0,252
30,31,prefix,0.0,0.0,252
30,0,entity,-3.431575686724341e-05,0.00020132395796927373,252
30,1,entity,-5.524917781263823e-06,9.810790040327382e-05,252
30,2,entity,-1.1672581425024137e-05,0.00014461951302979605,252
30,3,entity,9.77783112996385e-06,5.8994079146097124e-05,252
30,4,entity,1.0186280472150125e-05,6.308679275476274e-05,252
30,5,entity,-3.6015764474916706e-05,0.00019215894247909525,252
30,6,entity,-2.46549993176265e-05,0.00015703712447536836,252
30,7,entity,-1.0791106177972353e-05,0.00012644837706631503,252
30,8,entity,-1.2700165251815287e-05,0.00015641580380866394,252
30,9,entity,4.361933741216086e-06,0.00016095026243481206,252
30,10,entity,7.519487871200504e-05,0.00031301814454125286,252
30,11,entity,-8.075599805940169e-06,4.5115368738014885e-05,252
30,12,entity,-1.9025357131694263e-06,7.68054463147593e-05,252
30,13,entity,-1.260470504251186e-05,0.00015253726358077118,252
30,14,entity,9.237364798493564e-06,0.00010148818104324973,252
30,15,entity,-8.522519867674707e-07,8.954888492116735e-05,252
30,16,entity,-4.690939574304918e-06,0.0001935866818878403,252
30,17,entity,-7.799418282292974e-06,0.00010728342498089386,252
30,18,entity,-1.054751470068339e-05,0.00025887219905981176,252
30,19,entity,0.00019922344483622135,0.0007473089961797722,252
30,20,entity,-2.7342125962251077e-05,0.00018499100707639092,252
30,21,entity,-8.858220806608924e-06,8.312948822159732e-05,252
30,22,entity,-0.00025162678591027904,0.00065194303042806,252
30,23,entity,-5.248039234366222e-05,0.00020771755826008159,252
30,24,entity,-0.00011557030093027852,0.0003176218071588202,252
30,25,entity,0.00018360713768324498,0.0005683742763808585,252
30,26,entity,-5.700283326773171e-05,0.00013765354763758557,252
30,27,entity,-0.00010492922679474311,0.0004063622664269075,252
30,28,entity,1.083075152075527e-06,7.920225920065785e-05,252
30,29,entity,-9.542985579521825e-06,5.145255396053738e-05,252
30,30,entity,5.438541126158458e-07,5.9840537509956896e-05,252
30,31,entity,-1.0703312062065696e-05,0.00010571355579668668,252
30,0,last,0.022891413952623094,0.049383959185982505,252
30,1,last,-0.01716623191780869,0.07676698745317048,252
30,2,last,0.007315244789915307,0.046172447049886815,252
30,3,last,0.0023627080367915037,0.009364939771965885,252
30,4,last,0.0006056977960277379,0.013146463014501413,252
30,5,last,0.0057814516938321054,0.011188547524239218,252
30,6,last,-0.0019057578220593905,0.025306394731160253,252
30,7,last,-7.617284485142649e-05,0.0035067455202575756,252
30,8,last,0.0013457066238588018,0.0057136815317097075,252
30,9,last,-0.004666290807700347,0.02736628392992157,252
30,10,last,0.011419283752773134,0.02042396672047852,252
30,11,last,-0.001152389245001518,0.005061960445706814,252
30,12,last,-0.0001772354287187761,0.006221586510138068,252
30,13,last,0.0012980219261306855,0.007537700575850312,252
30,14,last,-0.0029585217504525586,0.011574583371088559,252
30,15,last,0.0008739436720682693,0.007042260839611233,252
30,16,last,0.0007268431488358017,0.014270316888411929,252
30,17,last,8.426857317635227e-05,0.01169484114322427,252
30,18,last,-0.008155015888549978,0.021370972876274395,252
30,19,last,0.023694812998338234,0.048196686149042635,252
30,20,last,-0.000776235898171315,0.007557552249867484,252
30,21,last,0.0015519107807435036,0.009632780023070702,252
30,22,last,-0.0036883240525004647,0.010925742599832278,252
30,23,last,0.0007703574399726228,0.009386211626521784,252
30,24,last,0.005750722543794721,0.04558213122765578,252
30,25,last,0.01624770863868651,0.062004052250394744,252
30,26,last,0.003346718504049239,0.05614578135178557,252
30,27,last,-0.0106847419824806,0.05776875823484882,252
30,28,last,-0.0007330958966150998,0.003539582348561713,252
30,29,last,0.00028070174217674997,0.004146361984783739,252
30,30,last,0.0010090074589705123,0.006777951974303476,252
30,31,last,0.002221989255289488,0.005977901040866513,252
30,0,suffix,-0.002830380148093499,0.006776439022037122,252
30,1,suffix,0.001531434851556927,0.008911955492705948,252
30,2,suffix,0.0016458813859911074,0.005430067881636407,252
30,3,suffix,0.00033829828395016287,0.0008656151017731872,252
30,4,suffix,0.0008733225774019755,0.002484590120111029,252
30,5,suffix,-0.00022491761874082132,0.0031912409112252018,252
30,6,suffix,-0.001037340946205794,0.005064428455369356,252
30,7,suffix,-0.00011939712858148842,0.002326480298044829,252
30,8,suffix,0.0005969772796588369,0.00202824955756695,252
30,9,suffix,0.0011481695562957207,0.005136083773860509,252
30,10,suffix,0.005468778723317724,0.006629057413494001,252
30,11,suffix,-5.480681965948298e-05,0.0015197503766552515,252
30,12,suffix,0.00045404739404646187,0.002497032157827836,252
30,13,suffix,0.002188306381972397,0.00401078501820285,252
30,14,suffix,0.0011119925692590128,0.003968032830940386,252
30,15,suffix,-0.000523777044360854,0.0034155436335638677,252
30,16,suffix,-0.0005780064191898173,0.005091371294336042,252
30,17,suffix,0.0006304561151466714,0.0014831187904237127,252
30,18,suffix,0.0010087101185299327,0.0034704659658563474,252
30,19,suffix,0.0055748555297188635,0.013123972892893266,252
30,20,suffix,-0.000481747324882358,0.0026854059286436148,252
30,21,suffix,5.993624256100861e-05,0.00451405228242915,252
30,22,suffix,0.0010841076179877703,0.004945938471579096,252
30,23,suffix,-0.00022156166170451985,0.0026943165206476907,252
30,24,suffix,-0.00441724035308364,0.008603202507286384,252
30,25,suffix,0.008541147856689465,0.015576096095375962,252
30,26,suffix,0.001965781475017514,0.006216980309614334,252
30,27,suffix,0.002942259668904467,0.005571037732662507,252
30,28,suffix,-0.0003672675647606642,0.0020625455870131983,252
30,29,suffix,-0.001493575015926819,0.0025929785102690285,252
30,30,suffix,0.00020244890194340943,0.0022073315905487786,252
30,31,suffix,0.0004091246096106174,0.0019263937606843857,252
31,0,prefix,0.0,0.0,252
31,1,prefix,0.0,0.0,252
31,2,prefix,0.0,0.0,252
31,3,prefix,0.0,0.0,252
31,4,prefix,0.0,0.0,252
31,5,prefix,0.0,0.0,252
31,6,prefix,0.0,0.0,252
31,7,prefix,0.0,0.0,252
31,8,prefix,0.0,0.0,252
31,9,prefix,0.0,0.0,252
31,10,prefix,0.0,0.0,252
31,11,prefix,0.0,0.0,252
31,12,prefix,0.0,0.0,252
31,13,prefix,0.0,0.0,252
31,14,prefix,0.0,0.0,252
31,15,prefix,0.0,0.0,252
31,16,prefix,0.0,0.0,252
31,17,prefix,0.0,0.0,252
31,18,prefix,0.0,0.0,252
31,19,prefix,0.0,0.0,252
31,20,prefix,0.0,0.0,252
31,21,prefix,0.0,0.0,252
31,22,prefix,0.0,0.0,252
31,23,prefix,0.0,0.0,252
31,24,prefix,0.0,0.0,252
31,25,prefix,0.0,0.0,252
31,26,prefix,0.0,0.0,252
31,27,prefix,0.0,0.0,252
31,28,prefix,0.0,0.0,252
31,29,prefix,0.0,0.0,252
31,30,prefix,0.0,0.0,252
31,31,prefix,0.0,0.0,252
31,0,entity,0.0,0.0,252
31,1,entity,0.0,0.0,252
31,2,entity,0.0,0.0,252
31,3,entity,0.0,0.0,252
31,4,entity,0.0,0.0,252
31,5,entity,0.0,0.0,252
31,6,entity,0.0,0.0,252
31,7,entity,0.0,0.0,252
31,8,entity,0.0,0.0,252
31,9,entity,0.0,0.0,252
31,10,entity,0.0,0.0,252
31,11,entity,0.0,0.0,252
31,12,entity,0.0,0.0,252
31,13,entity,0.0,0.0,252
31,14,entity,0.0,0.0,252
31,15,entity,0.0,0.0,252
31,16,entity,0.0,0.0,252
31,17,entity,0.0,0.0,252
31,18,entity,0.0,0.0,252
31,19,entity,0.0,0.0,252
31,20,entity,0.0,0.0,252
31,21,entity,0.0,0.0,252
31,22,entity,0.0,0.0,252
31,23,entity,0.0,0.0,252
31,24,entity,0.0,0.0,252
31,25,entity,0.0,0.0,252
31,26,entity,0.0,0.0,252
31,27,entity,0.0,0.0,252
31,28,entity,0.0,0.0,252
31,29,entity,0.0,0.0,252
31,30,entity,0.0,0.0,252
31,31,entity,0.0,0.0,252
31,0,last,-0.06379287711359442,0.079288331651321,252
31,1,last,-0.03340543903380869,0.044018492172841754,252
31,2,last,0.030360245883154374,0.05579332665665933,252
31,3,last,0.015854911396412978,0.03574527943292485,252
31,4,last,-0.0004336799809982675,0.010975225380019448,252
31,5,last,0.08786355368312566,0.13362516639273733,252
31,6,last,0.00048929045627278,0.010793350263690901,252
31,7,last,0.013429124819277416,0.04312882521226707,252
31,8,last,-0.0006842975027023978,0.013449470428953184,252
31,9,last,-0.005720933032866996,0.007775056603898678,252
31,10,last,0.002179565675933624,0.004985196242434165,252
31,11,last,0.00691165651346276,0.019397278411483896,252
31,12,last,-3.3949471322730894e-05,0.00844235790778868,252
31,13,last,-0.0006785439410513001,0.0043267598255567015,252
31,14,last,-0.01123795188992979,0.15985738433572272,252
31,15,last,0.004374451911269081,0.026018891160169408,252
31,16,last,0.0035283434292992634,0.0057979708575340546,252
31,17,last,0.002654534467775005,0.00611218931416737,252
31,18,last,0.07651954087694841,0.1366504657318786,252
31,19,last,-0.00015825631260032958,0.0029861615029013982,252
31,20,last,0.0022665360260621776,0.0062640502620192745,252
31,21,last,0.00029133323135153787,0.002958200904859474,252
31,22,last,-0.0010336792241552816,0.004019139596493915,252
31,23,last,0.001806798227046365,0.006536906519036237,252
31,24,last,-0.17673140580928515,0.2344507309829905,252
31,25,last,0.1784938022804757,0.2685415026997881,252
31,26,last,-0.21622702667105292,0.26841228436087333,252
31,27,last,0.022271265635185594,0.0333655951886497,252
31,28,last,0.01613708757721479,0.03788453053742174,252
31,29,last,-0.001081310425116311,0.017445216629846348,252
31,30,last,0.0018315883103891142,0.0061954094802901625,252
31,31,last,0.05441251065256813,0.07588510718640118,252
31,0,suffix,0.0,0.0,252
31,1,suffix,0.0,0.0,252
31,2,suffix,0.0,0.0,252
31,3,suffix,0.0,0.0,252
31,4,suffix,0.0,0.0,252
31,5,suffix,0.0,0.0,252
31,6,suffix,0.0,0.0,252
31,7,suffix,0.0,0.0,252
31,8,suffix,0.0,0.0,252
31,9,suffix,0.0,0.0,252
31,10,suffix,0.0,0.0,252
31,11,suffix,0.0,0.0,252
31,12,suffix,0.0,0.0,252
31,13,suffix,0.0,0.0,252
31,14,suffix,0.0,0.0,252
31,15,suffix,0.0,0.0,252
31,16,suffix,0.0,0.0,252
31,17,suffix,0.0,0.0,252
31,18,suffix,0.0,0.0,252
31,19,suffix,0.0,0.0,252
31,20,suffix,0.0,0.0,252
31,21,suffix,0.0,0.0,252
31,22,suffix,0.0,0.0,252
31,23,suffix,0.0,0.0,252
31,24,suffix,0.0,0.0,252
31,25,suffix,0.0,0.0,252
31,26,suffix,0.0,0.0,252
31,27,suffix,0.0,0.0,252
31,28,suffix,0.0,0.0,252
31,29,suffix,0.0,0.0,252
31,30,suffix,0.0,0.0,252
31,31,suffix,0.0,0.0,252
