neuron_id,layer,neuron,score_last,score_all,abs_all
L17_N5607,17,5607,-0.05604608356952667,-0.24159474670886993,0.24159474670886993
L18_N6394,18,6394,-0.059096064418554306,-0.18624761700630188,0.18624761700630188
L18_N8429,18,8429,-0.04359402135014534,-0.15545175969600677,0.15545175969600677
L18_N2351,18,2351,0.08987896144390106,0.15525870025157928,0.15525870025157928
L17_N11316,17,11316,-0.01709718070924282,-0.1219811737537384,0.1219811737537384
L16_N12347,16,12347,-7.631847256561741e-05,0.11568909883499146,0.11568909883499146
L24_N10925,24,10925,-0.03301117941737175,-0.10898294299840927,0.10898294299840927
L16_N9086,16,9086,-0.004882366396486759,-0.10430266708135605,0.10430266708135605
L19_N14030,19,14030,-0.09374909102916718,-0.10382441431283951,0.10382441431283951
L16_N1227,16,1227,0.006149581633508205,0.1035783588886261,0.1035783588886261
L14_N1518,14,1518,-0.02839116007089615,-0.09479252994060516,0.09479252994060516
L17_N10831,17,10831,0.00612356374040246,0.08497286587953568,0.08497286587953568
L20_N12078,20,12078,0.01871158927679062,0.0835135355591774,0.0835135355591774
L20_N9424,20,9424,0.04981888085603714,0.07837530225515366,0.07837530225515366
L20_N8953,20,8953,0.0028571023140102625,0.07590872049331665,0.07590872049331665
L17_N8326,17,8326,-0.006633796729147434,-0.07481205463409424,0.07481205463409424
L13_N2212,13,2212,0.00022882154735270888,-0.073279969394207,0.073279969394207
L22_N3410,22,3410,0.06874474883079529,0.06948450952768326,0.06948450952768326
L17_N2810,17,2810,0.008031086064875126,0.06533968448638916,0.06533968448638916
L18_N2546,18,2546,-0.019912438467144966,-0.0648687556385994,0.0648687556385994
L21_N13120,21,13120,-0.0534948892891407,-0.06468469649553299,0.06468469649553299
L16_N9686,16,9686,-0.021349454298615456,-0.06460142135620117,0.06460142135620117
L17_N9172,17,9172,-0.0035548536106944084,-0.06319387257099152,0.06319387257099152
L22_N3334,22,3334,0.02435648813843727,0.06155833229422569,0.06155833229422569
L26_N4065,26,4065,-0.055785663425922394,-0.057963937520980835,0.057963937520980835
L15_N11966,15,11966,-0.010673487558960915,-0.057107895612716675,0.057107895612716675
L21_N6737,21,6737,-0.0013416153378784657,-0.0548434779047966,0.0548434779047966
L16_N2991,16,2991,-0.010990137234330177,-0.05475594103336334,0.05475594103336334
L21_N4332,21,4332,0.024447614327073097,0.05233323201537132,0.05233323201537132
L22_N11208,22,11208,-0.0014373691519722342,-0.051646146923303604,0.051646146923303604
L21_N9243,21,9243,-0.028833622112870216,-0.05156496912240982,0.05156496912240982
L17_N10179,17,10179,-0.0020416327752172947,-0.05082174018025398,0.05082174018025398
L19_N2223,19,2223,-0.029929393902420998,-0.04908246174454689,0.04908246174454689
L17_N13086,17,13086,0.007864503189921379,0.04824361205101013,0.04824361205101013
L19_N2045,19,2045,-0.0003378988476470113,-0.047306131571531296,0.047306131571531296
L14_N2672,14,2672,8.528977923560888e-05,0.04711884260177612,0.04711884260177612
L18_N7056,18,7056,0.011626948602497578,0.04698055982589722,0.04698055982589722
L15_N10929,15,10929,-0.005159178748726845,-0.04670337587594986,0.04670337587594986
L21_N3205,21,3205,0.04398447647690773,0.0462823212146759,0.0462823212146759
L20_N9082,20,9082,-0.0141820153221488,-0.04594152793288231,0.04594152793288231
L16_N11339,16,11339,-0.003724138019606471,0.04583423212170601,0.04583423212170601
L16_N830,16,830,-0.02028600685298443,-0.04411260411143303,0.04411260411143303
L16_N11035,16,11035,-0.0006839214474894106,0.04364680126309395,0.04364680126309395
L21_N4937,21,4937,-0.029410073533654213,-0.042741451412439346,0.042741451412439346
L19_N7006,19,7006,-0.020791705697774887,-0.04251939430832863,0.04251939430832863
L20_N12816,20,12816,4.7608766180928797e-05,0.041147615760564804,0.041147615760564804
L17_N5617,17,5617,0.001210669637657702,0.04114510118961334,0.04114510118961334
L22_N3127,22,3127,0.009175603277981281,0.03992905467748642,0.03992905467748642
L21_N5221,21,5221,0.012727177701890469,0.039780788123607635,0.039780788123607635
L16_N13602,16,13602,0.0009779850952327251,0.03893198072910309,0.03893198072910309
L19_N7074,19,7074,0.02631491981446743,0.03755597397685051,0.03755597397685051
L18_N10965,18,10965,-0.001855391194112599,0.03735266625881195,0.03735266625881195
L22_N3766,22,3766,-0.02977399341762066,-0.03714983910322189,0.03714983910322189
L15_N877,15,877,-0.026937486603856087,-0.036325257271528244,0.036325257271528244
L18_N7148,18,7148,0.004542754963040352,0.03539649024605751,0.03539649024605751
L16_N4434,16,4434,-0.0006967809749767184,-0.03513321280479431,0.03513321280479431
L14_N1049,14,1049,0.0011889920569956303,0.03424326702952385,0.03424326702952385
L17_N6809,17,6809,-0.005816365592181683,-0.034183699637651443,0.034183699637651443
L14_N11430,14,11430,0.00020371150458231568,-0.033535316586494446,0.033535316586494446
L14_N14173,14,14173,0.002202644245699048,0.03305728733539581,0.03305728733539581
L20_N5237,20,5237,-0.014512662775814533,-0.03303462639451027,0.03303462639451027
L17_N2547,17,2547,0.0036786033306270838,0.03294319659471512,0.03294319659471512
L23_N945,23,945,-0.03377353399991989,-0.03287932276725769,0.03287932276725769
L16_N6443,16,6443,0.012518656440079212,0.03279973194003105,0.03279973194003105
L13_N736,13,736,-0.0019171996973454952,-0.03271631896495819,0.03271631896495819
L19_N4387,19,4387,0.0026486776769161224,0.03270493075251579,0.03270493075251579
L20_N2452,20,2452,0.002266913652420044,0.032642826437950134,0.032642826437950134
L18_N7317,18,7317,-0.01737421192228794,-0.03260825574398041,0.03260825574398041
L22_N4598,22,4598,-0.022380487993359566,-0.03231042996048927,0.03231042996048927
L14_N4109,14,4109,0.028372155502438545,0.03216103836894035,0.03216103836894035
L24_N6721,24,6721,-0.0010029174154624343,0.03208012506365776,0.03208012506365776
L20_N4991,20,4991,0.013825641013681889,0.03168778121471405,0.03168778121471405
L19_N11933,19,11933,0.0007323698373511434,0.031632911413908005,0.031632911413908005
L14_N4589,14,4589,-0.001679703127592802,0.03132632374763489,0.03132632374763489
L16_N13926,16,13926,0.0008167498162947595,0.031107835471630096,0.031107835471630096
L23_N5876,23,5876,0.004330440890043974,0.03092014417052269,0.03092014417052269
L15_N7441,15,7441,-0.002000897191464901,-0.03070463053882122,0.03070463053882122
L14_N13329,14,13329,-0.015599320642650127,-0.030484316870570183,0.030484316870570183
L24_N3242,24,3242,0.032328780740499496,0.030351964756846428,0.030351964756846428
L14_N2607,14,2607,-0.0019415059359744191,-0.030256308615207672,0.030256308615207672
L16_N3669,16,3669,-0.0012962232576683164,-0.029975127428770065,0.029975127428770065
L16_N9160,16,9160,-0.0016369519289582968,0.029847433790564537,0.029847433790564537
L19_N9441,19,9441,-0.005707418080419302,0.029764557257294655,0.029764557257294655
L16_N6901,16,6901,-0.00283253681845963,-0.029518838971853256,0.029518838971853256
L15_N5159,15,5159,-0.006424169987440109,-0.029492884874343872,0.029492884874343872
L16_N8505,16,8505,0.004910706542432308,0.029352659359574318,0.029352659359574318
L15_N8624,15,8624,0.029396237805485725,0.029218656942248344,0.029218656942248344
L17_N5495,17,5495,-0.009438963606953621,-0.02902355045080185,0.02902355045080185
L22_N13456,22,13456,-0.02822955884039402,-0.028644774109125137,0.028644774109125137
L13_N9720,13,9720,-0.01880582980811596,-0.027754418551921844,0.027754418551921844
L20_N5425,20,5425,-0.011915599927306175,-0.02744235284626484,0.02744235284626484
L24_N1056,24,1056,0.013819080777466297,0.027047688141465187,0.027047688141465187
L17_N2578,17,2578,-0.00737400446087122,-0.027039872482419014,0.027039872482419014
L20_N14269,20,14269,-0.020817071199417114,-0.026815524324774742,0.026815524324774742
L15_N5228,15,5228,-0.0016459595644846559,0.026802660897374153,0.026802660897374153
L15_N5679,15,5679,0.002951337257400155,-0.026477059349417686,0.026477059349417686
L19_N2606,19,2606,-0.004582069348543882,-0.0260440893471241,0.0260440893471241
L16_N11462,16,11462,0.00035401509376242757,-0.02577684074640274,0.02577684074640274
L14_N7309,14,7309,-1.1482238733151462e-05,-0.02548392489552498,0.02548392489552498
L13_N14007,13,14007,-0.0027323681861162186,-0.025069406256079674,0.025069406256079674
L17_N10567,17,10567,0.011876341886818409,0.02489914931356907,0.02489914931356907
L21_N4149,21,4149,0.012570995837450027,0.024522842839360237,0.024522842839360237
L20_N12410,20,12410,-0.007302138488739729,-0.024450339376926422,0.024450339376926422
L12_N678,12,678,0.003766291541978717,-0.024376800283789635,0.024376800283789635
L26_N14065,26,14065,-0.01919669471681118,-0.024335872381925583,0.024335872381925583
L14_N8124,14,8124,0.007861621677875519,0.02415679767727852,0.02415679767727852
L12_N4302,12,4302,-0.0008134896052069962,-0.02411610260605812,0.02411610260605812
L18_N11925,18,11925,0.0015023130690678954,0.02411431260406971,0.02411431260406971
L23_N717,23,717,0.025904083624482155,0.023991171270608902,0.023991171270608902
L21_N7029,21,7029,-0.017476540058851242,-0.023936426267027855,0.023936426267027855
L22_N7760,22,7760,0.007422672584652901,0.023880358785390854,0.023880358785390854
L15_N4419,15,4419,-0.0022060531191527843,-0.023791775107383728,0.023791775107383728
L19_N11929,19,11929,0.009178795851767063,0.023661067709326744,0.023661067709326744
L21_N6349,21,6349,0.01801399141550064,-0.023659242317080498,0.023659242317080498
L19_N12457,19,12457,-0.0004908221890218556,-0.023501917719841003,0.023501917719841003
L17_N9282,17,9282,-0.0032298832666128874,-0.023480268195271492,0.023480268195271492
L15_N12132,15,12132,0.0011082435958087444,-0.023432109504938126,0.023432109504938126
L14_N4754,14,4754,0.0062983981333673,0.0227372869849205,0.0227372869849205
L14_N13493,14,13493,-0.00027787164435721934,-0.022486167028546333,0.022486167028546333
L19_N4142,19,4142,0.0017205425538122654,0.02240675874054432,0.02240675874054432
L13_N2158,13,2158,0.0008869090816006064,0.022308465093374252,0.022308465093374252
L15_N4689,15,4689,-0.00317938975058496,-0.02229088917374611,0.02229088917374611
L19_N14096,19,14096,-0.0004131371097173542,0.022283989936113358,0.022283989936113358
L17_N4424,17,4424,0.0015331204049289227,-0.022189650684595108,0.022189650684595108
L18_N11325,18,11325,-0.011305931955575943,0.022154754027724266,0.022154754027724266
L20_N9379,20,9379,-0.006942146923393011,-0.021884940564632416,0.021884940564632416
L20_N8899,20,8899,-0.001998682040721178,0.0216596107929945,0.0216596107929945
L19_N5117,19,5117,0.0026257801800966263,0.021613609045743942,0.021613609045743942
L15_N477,15,477,-0.0021205972880125046,-0.021595630794763565,0.021595630794763565
L17_N10046,17,10046,0.0022454261779785156,0.021451760083436966,0.021451760083436966
L19_N10860,19,10860,-0.005068474914878607,-0.021308105438947678,0.021308105438947678
L13_N6025,13,6025,-0.0030805848073214293,-0.020869996398687363,0.020869996398687363
L15_N2777,15,2777,6.049146759323776e-05,0.020801406353712082,0.020801406353712082
L24_N3448,24,3448,-0.022889133542776108,-0.02080058865249157,0.02080058865249157
L13_N13999,13,13999,-0.002165070967748761,-0.02075454220175743,0.02075454220175743
L17_N8198,17,8198,-0.0006515182903967798,0.02064317651093006,0.02064317651093006
L19_N6925,19,6925,0.020682675763964653,0.020488059148192406,0.020488059148192406
L18_N13565,18,13565,-0.0003687649732455611,-0.020403871312737465,0.020403871312737465
L15_N6763,15,6763,0.0002282857894897461,0.020210370421409607,0.020210370421409607
L14_N3444,14,3444,-0.0030581194441765547,-0.020012278109788895,0.020012278109788895
L15_N10673,15,10673,-0.0006468522478826344,-0.019901789724826813,0.019901789724826813
L13_N4357,13,4357,-0.002085551619529724,-0.01987219788134098,0.01987219788134098
L16_N10251,16,10251,-0.004905337002128363,-0.019741762429475784,0.019741762429475784
L19_N6476,19,6476,0.004087074659764767,-0.01947404444217682,0.01947404444217682
L18_N10041,18,10041,-0.005033333320170641,-0.01940978690981865,0.01940978690981865
L18_N9037,18,9037,0.01688961312174797,0.019397372379899025,0.019397372379899025
L26_N7711,26,7711,0.004791127517819405,0.01936335861682892,0.01936335861682892
L17_N2725,17,2725,-6.174490408739075e-06,-0.019349796697497368,0.019349796697497368
L15_N5685,15,5685,0.0003551842528395355,0.019334280863404274,0.019334280863404274
L15_N7194,15,7194,-0.005462703760713339,-0.01931718736886978,0.01931718736886978
L20_N7654,20,7654,-0.0037661439273506403,-0.0192509014159441,0.0192509014159441
L17_N6643,17,6643,-0.00041075682383961976,-0.019209887832403183,0.019209887832403183
L15_N3892,15,3892,-0.009038939140737057,-0.019153360277414322,0.019153360277414322
L19_N8853,19,8853,-0.0006965326610952616,0.019109053537249565,0.019109053537249565
L21_N11727,21,11727,-0.014334476552903652,-0.019082745537161827,0.019082745537161827
L12_N11760,12,11760,-0.0001902236690511927,0.019059615209698677,0.019059615209698677
L16_N2995,16,2995,0.0001711155055090785,0.0189670380204916,0.0189670380204916
L26_N12549,26,12549,0.01799626275897026,0.018885932862758636,0.018885932862758636
L17_N13509,17,13509,0.004630296491086483,0.018827147781848907,0.018827147781848907
L15_N1030,15,1030,-0.00019453851564321667,-0.0185994952917099,0.0185994952917099
L14_N3118,14,3118,-0.015181375667452812,-0.018587950617074966,0.018587950617074966
L15_N13866,15,13866,-0.009615903720259666,-0.0185070987790823,0.0185070987790823
L19_N8664,19,8664,-0.006016487721353769,-0.01850571669638157,0.01850571669638157
L20_N6776,20,6776,0.02110142447054386,0.018387099727988243,0.018387099727988243
L18_N8841,18,8841,-0.0017238801810890436,-0.018340906128287315,0.018340906128287315
L23_N2789,23,2789,-0.004441112279891968,-0.018322687596082687,0.018322687596082687
L16_N11460,16,11460,-0.001169965835288167,-0.01823725737631321,0.01823725737631321
L19_N8064,19,8064,-0.0006995059666223824,0.018091971054673195,0.018091971054673195
L21_N10381,21,10381,0.01569145731627941,0.018081966787576675,0.018081966787576675
L19_N144,19,144,0.0006374648655764759,0.017907196655869484,0.017907196655869484
L18_N2583,18,2583,-0.015888670459389687,-0.0178486630320549,0.0178486630320549
L14_N4503,14,4503,-0.014748175628483295,-0.01774619147181511,0.01774619147181511
L14_N3478,14,3478,-0.0024921961594372988,-0.017734788358211517,0.017734788358211517
L12_N28,12,28,0.003291380126029253,0.017643790692090988,0.017643790692090988
L16_N4974,16,4974,-0.002436046488583088,-0.01764182187616825,0.01764182187616825
L17_N14052,17,14052,-0.005486828275024891,-0.017630914226174355,0.017630914226174355
L16_N14211,16,14211,0.0004906782414764166,0.017592892050743103,0.017592892050743103
L17_N14289,17,14289,0.008693781681358814,0.01752673275768757,0.01752673275768757
L16_N10393,16,10393,0.0004951492883265018,-0.017490899190306664,0.017490899190306664
L16_N14256,16,14256,8.766691462369636e-05,-0.01738925278186798,0.01738925278186798
L17_N11497,17,11497,-0.005211327224969864,-0.01736105978488922,0.01736105978488922
L14_N7055,14,7055,0.0023922324180603027,0.017329826951026917,0.017329826951026917
L12_N2091,12,2091,0.0027474656235426664,0.017326505854725838,0.017326505854725838
L19_N4395,19,4395,-0.002255733124911785,-0.017230384051799774,0.017230384051799774
L14_N3405,14,3405,0.013895775191485882,0.017207855358719826,0.017207855358719826
L20_N4260,20,4260,0.0036362982355058193,0.01718020811676979,0.01718020811676979
L13_N10918,13,10918,-0.0007325767655856907,-0.017179695889353752,0.017179695889353752
L14_N12995,14,12995,-0.00042092736111953855,-0.01715460605919361,0.01715460605919361
L17_N2637,17,2637,0.004151731729507446,0.017053579911589622,0.017053579911589622
L14_N3152,14,3152,-0.010050441138446331,-0.016942055895924568,0.016942055895924568
L20_N7238,20,7238,-0.0017257047584280372,-0.016904205083847046,0.016904205083847046
L20_N9050,20,9050,-0.0035267630591988564,-0.016883809119462967,0.016883809119462967
L16_N4457,16,4457,0.002301181433722377,0.01688326708972454,0.01688326708972454
L22_N11396,22,11396,0.000282998604234308,-0.016863003373146057,0.016863003373146057
L19_N4816,19,4816,-0.010203324258327484,-0.01679219864308834,0.01679219864308834
L14_N5792,14,5792,-0.0005544275045394897,-0.0167099516838789,0.0167099516838789
L23_N5843,23,5843,-0.016719289124011993,-0.016662416979670525,0.016662416979670525
L22_N5547,22,5547,0.0021382751874625683,0.01658104918897152,0.01658104918897152
L12_N10203,12,10203,-0.00010918457701336592,-0.016571786254644394,0.016571786254644394
L17_N5545,17,5545,0.0012477069394662976,0.016530701890587807,0.016530701890587807
L17_N11751,17,11751,-0.004952140152454376,-0.016512388363480568,0.016512388363480568
L16_N7512,16,7512,-0.01162284892052412,-0.016484428197145462,0.016484428197145462
L18_N5462,18,5462,-0.0001792878465494141,-0.016454825177788734,0.016454825177788734
L14_N12373,14,12373,0.00033526626066304743,0.01644109934568405,0.01644109934568405
L17_N11366,17,11366,0.0014676201390102506,-0.0164240300655365,0.0164240300655365
L19_N8567,19,8567,-0.004609338939189911,-0.016376951709389687,0.016376951709389687
L16_N7051,16,7051,0.0016515901079401374,-0.016369326040148735,0.016369326040148735
L22_N4697,22,4697,-0.003585351398214698,-0.016334066167473793,0.016334066167473793
L20_N1486,20,1486,0.013904014602303505,0.01632075570523739,0.01632075570523739
L19_N7241,19,7241,0.004483620636165142,0.016272082924842834,0.016272082924842834
L19_N1723,19,1723,0.0170698631554842,0.016268914565443993,0.016268914565443993
L14_N13798,14,13798,-0.0018884718883782625,-0.016253715381026268,0.016253715381026268
L19_N10869,19,10869,-0.005709750112146139,-0.01624228246510029,0.01624228246510029
L15_N1816,15,1816,-0.006616491358727217,-0.016185330227017403,0.016185330227017403
L25_N8750,25,8750,0.015045864507555962,0.016156485304236412,0.016156485304236412
L17_N11981,17,11981,0.00045606528874486685,0.016103126108646393,0.016103126108646393
L18_N5610,18,5610,0.006764927878975868,0.016078833490610123,0.016078833490610123
L25_N8647,25,8647,0.01132120005786419,0.01601448655128479,0.01601448655128479
L16_N2874,16,2874,0.013566356152296066,0.015974847599864006,0.015974847599864006
L12_N2565,12,2565,0.007091965526342392,0.015956735238432884,0.015956735238432884
L22_N2399,22,2399,-0.013206913135945797,-0.015934770926833153,0.015934770926833153
L12_N8893,12,8893,0.0005599578726105392,0.015883607789874077,0.015883607789874077
L19_N2358,19,2358,0.00023275271814782172,0.015870103612542152,0.015870103612542152
L17_N2671,17,2671,0.00511939637362957,0.01586957462131977,0.01586957462131977
L13_N5122,13,5122,0.00042233752901665866,-0.01584814116358757,0.01584814116358757
L17_N12760,17,12760,0.00018370804900769144,-0.015838004648685455,0.015838004648685455
L12_N12301,12,12301,0.001986562740057707,0.015835298225283623,0.015835298225283623
L14_N2585,14,2585,0.0009531454415991902,-0.015825845301151276,0.015825845301151276
L19_N2110,19,2110,-0.0006191930151544511,-0.015781795606017113,0.015781795606017113
L25_N11916,25,11916,0.015552965924143791,0.01571703888475895,0.01571703888475895
L17_N3267,17,3267,0.00029110998730175197,0.015638401731848717,0.015638401731848717
L14_N4121,14,4121,0.0015879299025982618,-0.015606014989316463,0.015606014989316463
L18_N416,18,416,0.00981440395116806,0.015528546646237373,0.015528546646237373
L17_N9220,17,9220,-0.007361683063209057,-0.015505567193031311,0.015505567193031311
L17_N7115,17,7115,0.0007750554941594601,0.015418089926242828,0.015418089926242828
L19_N520,19,520,0.008970838040113449,0.015412583947181702,0.015412583947181702
L19_N7631,19,7631,-0.00932259764522314,-0.015276489779353142,0.015276489779353142
L23_N2565,23,2565,-0.004258014727383852,-0.015233650803565979,0.015233650803565979
L19_N11544,19,11544,0.0002823240065481514,-0.015210630372166634,0.015210630372166634
L16_N10985,16,10985,0.00056844501523301,0.015207949094474316,0.015207949094474316
L15_N2550,15,2550,-0.0017640162259340286,-0.01510562002658844,0.01510562002658844
L20_N8083,20,8083,-0.005283778999000788,-0.014979860745370388,0.014979860745370388
L16_N12777,16,12777,-0.00027459836564958096,0.014917614869773388,0.014917614869773388
L20_N3423,20,3423,0.01341149304062128,0.014743863604962826,0.014743863604962826
L17_N2291,17,2291,0.0018179573817178607,0.014718805439770222,0.014718805439770222
L14_N5063,14,5063,-0.002616133075207472,-0.014703957363963127,0.014703957363963127
L16_N12330,16,12330,-0.0019838528241962194,-0.014702602289617062,0.014702602289617062
L16_N9614,16,9614,5.141454948898172e-06,-0.014683853834867477,0.014683853834867477
L17_N14163,17,14163,0.00021719092910643667,-0.014636198990046978,0.014636198990046978
L15_N1681,15,1681,-0.0016682865098118782,0.01459740474820137,0.01459740474820137
L14_N7324,14,7324,-0.013838726095855236,-0.014596009626984596,0.014596009626984596
L18_N2813,18,2813,0.00013936081086285412,-0.014552024193108082,0.014552024193108082
L13_N13480,13,13480,-0.0010298204142600298,-0.014534308575093746,0.014534308575093746
L13_N4847,13,4847,0.0010501175420358777,-0.014519172720611095,0.014519172720611095
L14_N3240,14,3240,-0.0008258444140665233,-0.014456463046371937,0.014456463046371937
L17_N1830,17,1830,-0.0004385287465993315,-0.014424631372094154,0.014424631372094154
L12_N522,12,522,-0.003595855552703142,-0.014413251541554928,0.014413251541554928
L20_N12826,20,12826,-0.008742492645978928,-0.014412163756787777,0.014412163756787777
L17_N5585,17,5585,-0.001809441950172186,-0.014401567168533802,0.014401567168533802
L22_N2337,22,2337,0.01245386153459549,0.014384512789547443,0.014384512789547443
L17_N1219,17,1219,0.005221533123403788,0.014372098259627819,0.014372098259627819
L19_N8080,19,8080,0.00024805590510368347,0.014334479346871376,0.014334479346871376
L20_N2771,20,2771,-0.0012219774071127176,-0.014296299777925014,0.014296299777925014
L23_N5263,23,5263,-0.000693192589096725,0.014276965521275997,0.014276965521275997
L12_N7294,12,7294,0.0011077042436227202,0.01426796242594719,0.01426796242594719
L17_N11042,17,11042,0.006295718718320131,0.014261741191148758,0.014261741191148758
L20_N8171,20,8171,0.0022880646865814924,0.014259934425354004,0.014259934425354004
L14_N6295,14,6295,-0.005878241267055273,-0.014210102148354053,0.014210102148354053
L17_N11378,17,11378,-0.0006498140865005553,0.014164291322231293,0.014164291322231293
L12_N10054,12,10054,-0.0019411477260291576,-0.014141613617539406,0.014141613617539406
L20_N10034,20,10034,-0.008089466951787472,-0.014124523848295212,0.014124523848295212
L15_N12538,15,12538,0.01409038994461298,0.01410102378576994,0.01410102378576994
L19_N1512,19,1512,-0.003404185874387622,-0.014098767191171646,0.014098767191171646
L21_N5205,21,5205,-0.0104780662804842,-0.014073611237108707,0.014073611237108707
L21_N10658,21,10658,-0.006294977385550737,-0.014039226807653904,0.014039226807653904
L13_N8812,13,8812,0.00064839021069929,0.014002908021211624,0.014002908021211624
L17_N7829,17,7829,0.003011794527992606,0.013989496044814587,0.013989496044814587
L19_N6032,19,6032,0.0001452209980925545,0.013962888158857822,0.013962888158857822
L13_N960,13,960,-0.0021068856585770845,-0.01396191120147705,0.01396191120147705
L16_N12230,16,12230,-0.008383763022720814,-0.013906757347285748,0.013906757347285748
L12_N12671,12,12671,-0.00024798596859909594,-0.013888509012758732,0.013888509012758732
L16_N14010,16,14010,0.009216347709298134,0.013880014419555664,0.013880014419555664
L20_N218,20,218,-0.0016790658701211214,-0.013775906525552273,0.013775906525552273
L14_N1771,14,1771,0.001669510267674923,0.013758296146988869,0.013758296146988869
L21_N1197,21,1197,-0.012820634059607983,-0.013734123669564724,0.013734123669564724
L18_N1523,18,1523,-0.006510366685688496,-0.013733064755797386,0.013733064755797386
L18_N13487,18,13487,-0.0010083651868626475,-0.013706703670322895,0.013706703670322895
L13_N8716,13,8716,-0.005676644388586283,-0.013696486130356789,0.013696486130356789
L18_N6154,18,6154,-0.005589406006038189,-0.013688961043953896,0.013688961043953896
L18_N13921,18,13921,6.903628218424274e-06,0.01368730515241623,0.01368730515241623
L16_N4969,16,4969,0.0037033085245639086,0.013632009737193584,0.013632009737193584
L15_N5760,15,5760,0.0009314926574006677,0.013629862107336521,0.013629862107336521
L15_N3052,15,3052,-0.0028692393098026514,-0.01349544059485197,0.01349544059485197
L19_N525,19,525,-0.0001803692866815254,0.013407556340098381,0.013407556340098381
L20_N10194,20,10194,-0.00026118301320821047,-0.013381607830524445,0.013381607830524445
L22_N7467,22,7467,-0.005024968180805445,-0.01337716355919838,0.01337716355919838
L16_N10397,16,10397,-0.0002684864157345146,-0.013359944336116314,0.013359944336116314
L12_N3735,12,3735,0.002656158059835434,0.013351582922041416,0.013351582922041416
L18_N4298,18,4298,-0.008169347420334816,-0.01331220380961895,0.01331220380961895
L13_N5418,13,5418,-0.0005345477256923914,0.01329899113625288,0.01329899113625288
L19_N6632,19,6632,0.004339461214840412,0.013287470676004887,0.013287470676004887
L17_N7753,17,7753,0.0026406373362988234,0.013258805498480797,0.013258805498480797
L25_N1472,25,1472,0.011037281714379787,0.013246937654912472,0.013246937654912472
L16_N5812,16,5812,-0.0025696458760648966,-0.013175415806472301,0.013175415806472301
L17_N4697,17,4697,-0.003558236639946699,-0.013138961046934128,0.013138961046934128
L15_N11452,15,11452,-0.005906315054744482,-0.013127865269780159,0.013127865269780159
L18_N10726,18,10726,-0.0009604237275198102,0.013121385127305984,0.013121385127305984
L24_N679,24,679,0.0036355091724544764,-0.013120931573212147,0.013120931573212147
L12_N8804,12,8804,0.012554005719721317,0.013106092810630798,0.013106092810630798
L16_N1250,16,1250,0.00015179887122940272,0.013029557652771473,0.013029557652771473
L20_N12757,20,12757,1.6083378795883618e-05,-0.01302519254386425,0.01302519254386425
L15_N2278,15,2278,-0.007394913583993912,-0.013008135370910168,0.013008135370910168
L12_N1844,12,1844,0.0002543723676353693,-0.012956196442246437,0.012956196442246437
L18_N5537,18,5537,-0.012125082314014435,-0.01287036668509245,0.01287036668509245
L13_N1281,13,1281,0.004185634199529886,0.012859506532549858,0.012859506532549858
L18_N6588,18,6588,8.552157669328153e-05,0.012857458554208279,0.012857458554208279
L22_N5788,22,5788,-0.0006335273501463234,0.012822226621210575,0.012822226621210575
L22_N9772,22,9772,-0.001036956557072699,-0.01281488686800003,0.01281488686800003
L21_N4657,21,4657,0.00437092175707221,0.012802249751985073,0.012802249751985073
L19_N3990,19,3990,-0.0028895572759211063,-0.012788377702236176,0.012788377702236176
L15_N10424,15,10424,0.011737523600459099,0.012771133333444595,0.012771133333444595
L18_N542,18,542,0.002658634213730693,0.012764778919517994,0.012764778919517994
L17_N3822,17,3822,2.4639786715852097e-05,0.01275903545320034,0.01275903545320034
L14_N1849,14,1849,0.0015968024963513017,-0.012751293368637562,0.012751293368637562
L25_N4969,25,4969,0.010513324290513992,0.012749339453876019,0.012749339453876019
L14_N6217,14,6217,0.0009990624384954572,0.012733801268041134,0.012733801268041134
L19_N527,19,527,-0.009050676599144936,-0.012730094604194164,0.012730094604194164
L22_N12476,22,12476,-0.010445794090628624,-0.012721274048089981,0.012721274048089981
L17_N8305,17,8305,-0.006355215795338154,-0.012719451449811459,0.012719451449811459
L12_N13758,12,13758,0.00024174546706490219,0.012698512524366379,0.012698512524366379
L24_N398,24,398,-0.004075615666806698,-0.012666388414800167,0.012666388414800167
L17_N9031,17,9031,0.010173116810619831,0.012640254572033882,0.012640254572033882
L24_N2804,24,2804,0.014744251035153866,0.012637918815016747,0.012637918815016747
L19_N1711,19,1711,-0.003600160824134946,-0.012600402347743511,0.012600402347743511
L15_N9635,15,9635,-0.000390292436350137,-0.012582642957568169,0.012582642957568169
L17_N11290,17,11290,0.0014243661426007748,-0.012564833275973797,0.012564833275973797
L15_N12426,15,12426,0.013207638636231422,0.012560072354972363,0.012560072354972363
L17_N5956,17,5956,0.0006265743286348879,0.012559346854686737,0.012559346854686737
L21_N10692,21,10692,-0.006027003284543753,-0.012524113990366459,0.012524113990366459
L13_N5196,13,5196,-0.0006617094040848315,-0.012519972398877144,0.012519972398877144
L23_N5048,23,5048,-0.0041920798830688,-0.012505986727774143,0.012505986727774143
L22_N4146,22,4146,0.007187618408352137,0.012493133544921875,0.012493133544921875
L20_N7321,20,7321,0.0032834005542099476,0.012486769817769527,0.012486769817769527
L19_N10901,19,10901,0.0011667102808132768,0.012484025210142136,0.012484025210142136
L15_N4373,15,4373,0.001250913948751986,0.012475108727812767,0.012475108727812767
L17_N9787,17,9787,0.002409394597634673,0.012454242445528507,0.012454242445528507
L17_N7926,17,7926,-0.0005778386839665473,-0.012447674758732319,0.012447674758732319
L16_N9495,16,9495,0.005464710295200348,0.012436403892934322,0.012436403892934322
L15_N6062,15,6062,0.0020007016137242317,0.012430552393198013,0.012430552393198013
L17_N219,17,219,-0.003257693024352193,-0.012428333051502705,0.012428333051502705
L14_N14019,14,14019,0.0010415100259706378,-0.012402728199958801,0.012402728199958801
L18_N2325,18,2325,0.010030506178736687,0.01238997746258974,0.01238997746258974
L20_N1385,20,1385,3.6901943531120196e-05,0.012360399588942528,0.012360399588942528
L20_N5198,20,5198,0.011115084402263165,0.012352487072348595,0.012352487072348595
L20_N9623,20,9623,0.0013651781482622027,0.012313468381762505,0.012313468381762505
L13_N8022,13,8022,2.3190405045170337e-05,-0.012311404570937157,0.012311404570937157
L12_N13578,12,13578,0.00017883443797472864,-0.012267735786736012,0.012267735786736012
L14_N2671,14,2671,0.007408777251839638,0.012262675911188126,0.012262675911188126
L14_N1201,14,1201,4.58408503618557e-05,0.012238379567861557,0.012238379567861557
L22_N10220,22,10220,-0.006997260730713606,-0.01223601121455431,0.01223601121455431
L15_N12628,15,12628,-0.0041044712997972965,-0.012215905822813511,0.012215905822813511
L16_N12533,16,12533,0.00046069195377640426,-0.012199998833239079,0.012199998833239079
L20_N8651,20,8651,-0.0022165565751492977,-0.012161471880972385,0.012161471880972385
L17_N14284,17,14284,-0.0026450338773429394,-0.012136164121329784,0.012136164121329784
L20_N5074,20,5074,-0.009179333224892616,-0.012134740129113197,0.012134740129113197
L15_N12191,15,12191,0.0012613735161721706,0.012117213569581509,0.012117213569581509
L23_N3118,23,3118,0.012113858945667744,0.01211623102426529,0.01211623102426529
L15_N6379,15,6379,4.5662603952223435e-05,0.012093557976186275,0.012093557976186275
L14_N9687,14,9687,0.0011881327955052257,0.012034124694764614,0.012034124694764614
L14_N2535,14,2535,0.009403844363987446,0.012016983702778816,0.012016983702778816
L14_N8256,14,8256,-0.007257177960127592,-0.012007633224129677,0.012007633224129677
L14_N10799,14,10799,-0.0004913160228170455,-0.012001210823655128,0.012001210823655128
L16_N1566,16,1566,-0.001942497561685741,-0.011960037983953953,0.011960037983953953
L19_N7324,19,7324,0.0006705730338580906,0.011940266005694866,0.011940266005694866
L14_N9500,14,9500,-3.711453473442816e-06,-0.01190220471471548,0.01190220471471548
L15_N8627,15,8627,-0.004636590369045734,-0.011893844231963158,0.011893844231963158
L15_N6785,15,6785,0.0016971444711089134,0.01188869308680296,0.01188869308680296
L16_N9328,16,9328,-0.0004369695670902729,0.011878101155161858,0.011878101155161858
L15_N9747,15,9747,0.006705988198518753,0.011867688968777657,0.011867688968777657
L18_N10745,18,10745,0.003357882145792246,0.011832314543426037,0.011832314543426037
L15_N7583,15,7583,0.0011759797343984246,0.011830763891339302,0.011830763891339302
L17_N13378,17,13378,-0.0006615630118176341,-0.01182500645518303,0.01182500645518303
L17_N14276,17,14276,0.005158520769327879,0.011819294653832912,0.011819294653832912
L17_N5154,17,5154,0.004150052089244127,0.011812048964202404,0.011812048964202404
L21_N2877,21,2877,0.011052174493670464,0.011810995638370514,0.011810995638370514
L24_N11504,24,11504,-0.0114602567628026,-0.011791802942752838,0.011791802942752838
L14_N8939,14,8939,-0.00017270412354264408,0.011776618659496307,0.011776618659496307
L19_N12993,19,12993,-0.0046930694952607155,0.01177201047539711,0.01177201047539711
L14_N553,14,553,0.0012012806255370378,0.011750751174986362,0.011750751174986362
L14_N300,14,300,0.0024965880438685417,0.011733469553291798,0.011733469553291798
L16_N9449,16,9449,-0.00015570021059829742,0.011721815913915634,0.011721815913915634
L14_N5120,14,5120,-0.00016288178449030966,0.011721447110176086,0.011721447110176086
L17_N2856,17,2856,0.0018535462440922856,0.011703550815582275,0.011703550815582275
L14_N3306,14,3306,-0.0004875855811405927,-0.01170017197728157,0.01170017197728157
L13_N9733,13,9733,-0.0016814232803881168,-0.01167889405041933,0.01167889405041933
L20_N8546,20,8546,0.0027413340285420418,0.011658930219709873,0.011658930219709873
L23_N6477,23,6477,0.010247299447655678,0.01164682861417532,0.01164682861417532
L22_N13585,22,13585,-0.006356269586831331,-0.011645161546766758,0.011645161546766758
L25_N11569,25,11569,-0.011200876906514168,-0.01163837593048811,0.01163837593048811
L15_N12757,15,12757,-0.010925239883363247,-0.011624774895608425,0.011624774895608425
L13_N12286,13,12286,-0.01122817862778902,-0.011613402515649796,0.011613402515649796
L14_N10904,14,10904,0.008460389450192451,0.011611348949372768,0.011611348949372768
L17_N1993,17,1993,0.0038483990356326103,0.011599671095609665,0.011599671095609665
L25_N883,25,883,0.012010538950562477,0.011543620377779007,0.011543620377779007
L23_N13591,23,13591,-0.00539032369852066,-0.011527779512107372,0.011527779512107372
L15_N12091,15,12091,-0.007250112481415272,-0.011520623229444027,0.011520623229444027
L17_N13352,17,13352,0.0017227036878466606,0.01152021810412407,0.01152021810412407
L20_N3438,20,3438,-0.009504980407655239,-0.01149783656001091,0.01149783656001091
L12_N11834,12,11834,-0.0021090025547891855,-0.011469963937997818,0.011469963937997818
L22_N6590,22,6590,0.00024544281768612564,-0.011455624364316463,0.011455624364316463
L14_N6249,14,6249,0.001764050335623324,0.011446519754827023,0.011446519754827023
L14_N11411,14,11411,-0.0016077319160103798,0.011440339498221874,0.011440339498221874
L18_N2427,18,2427,-0.00070616090670228,-0.011423631571233273,0.011423631571233273
L18_N13561,18,13561,9.663688251748681e-05,0.01141747273504734,0.01141747273504734
L21_N3492,21,3492,0.0035906443372368813,0.011386031284928322,0.011386031284928322
L15_N1706,15,1706,-0.0012622491922229528,0.011375783011317253,0.011375783011317253
L16_N10642,16,10642,-0.0006027076160535216,-0.01136802788823843,0.01136802788823843
L17_N12712,17,12712,-0.003285778686404228,-0.011354900896549225,0.011354900896549225
L16_N14007,16,14007,-0.012432214803993702,-0.01134767197072506,0.01134767197072506
L20_N1323,20,1323,0.0021368374582380056,0.011343514546751976,0.011343514546751976
L16_N5775,16,5775,-0.000163413627888076,-0.011281177401542664,0.011281177401542664
L16_N12528,16,12528,-0.0052146692760288715,-0.011203719303011894,0.011203719303011894
L16_N12271,16,12271,-0.0018970107194036245,-0.011198816820979118,0.011198816820979118
L16_N6812,16,6812,0.0002060893311863765,0.011197871528565884,0.011197871528565884
L13_N10692,13,10692,-0.0006188791594468057,-0.011181371286511421,0.011181371286511421
L19_N7875,19,7875,0.002600273350253701,0.01116110011935234,0.01116110011935234
L23_N9223,23,9223,-7.309547800105065e-05,-0.01113817933946848,0.01113817933946848
L20_N8441,20,8441,-0.005652920342981815,-0.011122345924377441,0.011122345924377441
L12_N8109,12,8109,0.0016083306400105357,-0.01111733727157116,0.01111733727157116
L16_N13967,16,13967,2.1768586520920508e-05,0.011113482527434826,0.011113482527434826
L21_N1694,21,1694,0.005822927691042423,0.011102380231022835,0.011102380231022835
L20_N4447,20,4447,0.0029404410161077976,0.011066135950386524,0.011066135950386524
L14_N10181,14,10181,-0.001702414359897375,-0.011061310768127441,0.011061310768127441
L22_N748,22,748,-0.0002732955035753548,0.011046514846384525,0.011046514846384525
L22_N4164,22,4164,-0.016097592189908028,-0.01104278676211834,0.01104278676211834
L19_N13064,19,13064,-0.0011729943798854947,0.011040233075618744,0.011040233075618744
L14_N8505,14,8505,0.0028253321070224047,0.01103324443101883,0.01103324443101883
L22_N13052,22,13052,0.002348752925172448,0.011026968248188496,0.011026968248188496
L23_N4489,23,4489,-0.010011373087763786,-0.011004125699400902,0.011004125699400902
L21_N7712,21,7712,-0.0036163285840302706,-0.010998142883181572,0.010998142883181572
L13_N11655,13,11655,-0.0011357974726706743,0.01098047848790884,0.01098047848790884
L18_N2425,18,2425,-0.001570215099491179,-0.010975949466228485,0.010975949466228485
L15_N1800,15,1800,0.0002760282077360898,-0.01094682328402996,0.01094682328402996
L13_N567,13,567,0.0019527045078575611,0.010942605324089527,0.010942605324089527
L17_N611,17,611,0.0073588076047599316,0.010940607637166977,0.010940607637166977
L17_N9511,17,9511,0.0007502538501285017,0.010940401814877987,0.010940401814877987
L13_N10179,13,10179,0.0017968608299270272,0.010937976650893688,0.010937976650893688
L19_N1482,19,1482,-0.008014542981982231,-0.010935261845588684,0.010935261845588684
L19_N4323,19,4323,0.01062991563230753,0.010923228226602077,0.010923228226602077
L20_N5877,20,5877,-0.0006013570819050074,-0.010918300598859787,0.010918300598859787
L15_N5470,15,5470,-0.0003183966036885977,-0.010897926986217499,0.010897926986217499
L19_N665,19,665,-0.004206488840281963,-0.010896111838519573,0.010896111838519573
L17_N13522,17,13522,0.000572840275708586,0.01089379284530878,0.01089379284530878
L12_N1286,12,1286,0.00012094444537069649,0.010883355513215065,0.010883355513215065
L18_N1343,18,1343,0.000672430673148483,0.010874844156205654,0.010874844156205654
L17_N1290,17,1290,-0.0034003588370978832,-0.01086227223277092,0.01086227223277092
L14_N9932,14,9932,-0.0003367182507645339,-0.01084319781512022,0.01084319781512022
L20_N3811,20,3811,0.000524339615367353,0.010833959095180035,0.010833959095180035
L21_N2258,21,2258,0.010416065342724323,0.010827756486833096,0.010827756486833096
L12_N2780,12,2780,0.0049235462211072445,0.010822960175573826,0.010822960175573826
L17_N6628,17,6628,0.003697886597365141,0.010819368064403534,0.010819368064403534
L22_N3319,22,3319,0.005625483579933643,0.010812400840222836,0.010812400840222836
L25_N12746,25,12746,-0.006898147519677877,-0.01079517975449562,0.01079517975449562
L15_N4806,15,4806,0.010169672779738903,0.010784827172756195,0.010784827172756195
L16_N5964,16,5964,-0.004285970237106085,-0.010781243443489075,0.010781243443489075
L13_N11800,13,11800,0.00013505005335900933,0.010771436616778374,0.010771436616778374
L20_N1404,20,1404,0.00010049118282040581,0.01076630037277937,0.01076630037277937
L15_N14004,15,14004,4.123001872358145e-06,-0.010763264261186123,0.010763264261186123
L18_N3430,18,3430,0.007280989550054073,0.010762954130768776,0.010762954130768776
L20_N5496,20,5496,-0.0107278972864151,-0.010724350810050964,0.010724350810050964
L22_N456,22,456,-0.01069145929068327,-0.010718750767409801,0.010718750767409801
L21_N13209,21,13209,-0.009291408583521843,-0.010684780776500702,0.010684780776500702
L13_N11672,13,11672,0.0012343517737463117,0.010667513124644756,0.010667513124644756
L14_N4425,14,4425,0.001877961098216474,0.010661193169653416,0.010661193169653416
L18_N11468,18,11468,0.0005765962996520102,0.010656408034265041,0.010656408034265041
L16_N5230,16,5230,0.001932170707732439,0.010649018920958042,0.010649018920958042
L22_N11622,22,11622,0.0051424456760287285,0.010610746219754219,0.010610746219754219
L19_N6557,19,6557,-0.0007674107910133898,0.010594779625535011,0.010594779625535011
L18_N6578,18,6578,0.004912771284580231,0.010584166273474693,0.010584166273474693
L25_N6603,25,6603,-0.010702387429773808,-0.010575402528047562,0.010575402528047562
L14_N8387,14,8387,0.001103695365600288,0.010561920702457428,0.010561920702457428
L17_N7078,17,7078,-2.374848918407224e-05,0.01055852323770523,0.01055852323770523
L17_N9530,17,9530,-0.0006961451144888997,-0.010549860075116158,0.010549860075116158
L15_N9863,15,9863,-0.0037634160835295916,-0.010538054630160332,0.010538054630160332
L16_N2146,16,2146,-0.007774178870022297,-0.010537907481193542,0.010537907481193542
L16_N2821,16,2821,-0.003527403110638261,-0.010534679517149925,0.010534679517149925
L17_N13177,17,13177,0.0011076463852077723,0.010496795177459717,0.010496795177459717
L12_N10349,12,10349,6.807028694311157e-05,0.010476525872945786,0.010476525872945786
L13_N7470,13,7470,0.005501981824636459,0.010465371422469616,0.010465371422469616
L12_N13181,12,13181,4.809720485354774e-05,0.0104526337236166,0.0104526337236166
L23_N3421,23,3421,-0.005469671916216612,-0.010440303944051266,0.010440303944051266
L21_N4602,21,4602,0.00011346201063133776,0.010430441237986088,0.010430441237986088
L19_N2049,19,2049,0.00025572653976269066,-0.010411077179014683,0.010411077179014683
L18_N14324,18,14324,-0.005591819994151592,-0.010370700620114803,0.010370700620114803
L20_N11110,20,11110,2.322980981261935e-05,-0.010369054973125458,0.010369054973125458
L16_N11927,16,11927,-0.010530121624469757,-0.010357009246945381,0.010357009246945381
L20_N2673,20,2673,0.0002764243690762669,-0.010352675803005695,0.010352675803005695
L16_N668,16,668,0.0012881186557933688,0.010352020151913166,0.010352020151913166
L25_N5,25,5,0.00020748462702613324,0.010332027450203896,0.010332027450203896
L12_N9288,12,9288,0.005735984072089195,0.010313632898032665,0.010313632898032665
L16_N4864,16,4864,-0.0024331961758434772,0.010296153835952282,0.010296153835952282
L17_N12946,17,12946,-0.0019324910826981068,-0.010286547243595123,0.010286547243595123
L15_N5031,15,5031,-0.0003795952652581036,-0.01027428638190031,0.01027428638190031
L17_N11731,17,11731,0.0024609160609543324,0.01027240976691246,0.01027240976691246
L12_N2485,12,2485,0.001456869882531464,0.010270369239151478,0.010270369239151478
L20_N12648,20,12648,0.00031288358150050044,-0.010263909585773945,0.010263909585773945
L14_N6807,14,6807,0.0067651281133294106,0.01026133168488741,0.01026133168488741
L19_N13471,19,13471,-0.0029825090896338224,-0.010243818163871765,0.010243818163871765
L19_N7091,19,7091,-0.001193937729112804,-0.010241926647722721,0.010241926647722721
L14_N4506,14,4506,0.0030044345185160637,0.010234848596155643,0.010234848596155643
L21_N14011,21,14011,-0.006432387977838516,-0.010226843878626823,0.010226843878626823
L21_N13283,21,13283,0.0056461431086063385,0.01019125897437334,0.01019125897437334
L21_N8761,21,8761,-0.03345531225204468,-0.010184585116803646,0.010184585116803646
L18_N1483,18,1483,-0.0009324899292550981,-0.010173994116485119,0.010173994116485119
L19_N3076,19,3076,0.004887056071311235,0.010167357511818409,0.010167357511818409
L16_N1215,16,1215,0.0020305393263697624,0.010166468098759651,0.010166468098759651
L16_N1211,16,1211,0.0006680270889773965,0.010152866132557392,0.010152866132557392
L15_N2157,15,2157,0.0022132222075015306,0.010131096467375755,0.010131096467375755
L12_N4862,12,4862,-0.00032145914155989885,0.010120674967765808,0.010120674967765808
L18_N11253,18,11253,0.0005107929464429617,0.010115847922861576,0.010115847922861576
L16_N12425,16,12425,-0.0016027248930186033,-0.010088914074003696,0.010088914074003696
L16_N3481,16,3481,-0.0004730303189717233,0.010074544697999954,0.010074544697999954
L16_N686,16,686,0.0067453207448124886,0.010073279030621052,0.010073279030621052
L24_N1460,24,1460,0.008883191272616386,0.010072072967886925,0.010072072967886925
L21_N5964,21,5964,-0.002199529903009534,-0.010071526281535625,0.010071526281535625
L23_N2417,23,2417,0.0005139787681400776,0.010067318566143513,0.010067318566143513
L15_N2150,15,2150,0.0019211908802390099,0.010061339475214481,0.010061339475214481
L18_N126,18,126,0.00035295760608278215,0.010012883692979813,0.010012883692979813
L14_N8260,14,8260,-0.004066656343638897,-0.010004785843193531,0.010004785843193531
L18_N9293,18,9293,0.002541610738262534,-0.00999078806489706,0.00999078806489706
L12_N11775,12,11775,0.002169925719499588,0.009990775026381016,0.009990775026381016
L17_N3390,17,3390,-0.004623723216354847,-0.009990674443542957,0.009990674443542957
L17_N10608,17,10608,-0.0011035329662263393,-0.009964875876903534,0.009964875876903534
L18_N4511,18,4511,0.0024570520035922527,0.00996472779661417,0.00996472779661417
L18_N3245,18,3245,0.004520775750279427,0.009949665516614914,0.009949665516614914
L19_N95,19,95,0.0022806497290730476,0.009947557933628559,0.009947557933628559
L16_N796,16,796,0.0005236456636339426,-0.009908992797136307,0.009908992797136307
L17_N969,17,969,-0.0014140469720587134,-0.009904227219522,0.009904227219522
L20_N962,20,962,-0.005671605933457613,-0.009892871603369713,0.009892871603369713
L15_N12870,15,12870,9.721957758301869e-05,0.009866317734122276,0.009866317734122276
L14_N2229,14,2229,0.0006025092443451285,0.009850161150097847,0.009850161150097847
L16_N2881,16,2881,0.00035292498068884015,-0.009847934357821941,0.009847934357821941
L14_N626,14,626,0.0019600095693022013,0.009842137806117535,0.009842137806117535
L15_N402,15,402,-0.004545204341411591,-0.009835791774094105,0.009835791774094105
L26_N7263,26,7263,0.00986329186707735,0.009834892116487026,0.009834892116487026
L12_N9833,12,9833,-4.6946197471697815e-06,-0.009830663911998272,0.009830663911998272
L19_N6535,19,6535,-0.000148099847137928,0.009830391965806484,0.009830391965806484
L18_N1238,18,1238,-0.0019845287315547466,0.009819463826715946,0.009819463826715946
L14_N13058,14,13058,0.006343167275190353,0.009808694943785667,0.009808694943785667
L14_N7797,14,7797,-0.001542094862088561,-0.009788088500499725,0.009788088500499725
L19_N6072,19,6072,0.00010332910460419953,0.009787137620151043,0.009787137620151043
L21_N6801,21,6801,-0.0005605224287137389,-0.009783374145627022,0.009783374145627022
L16_N5742,16,5742,0.001098467968404293,0.009770365431904793,0.009770365431904793
L12_N3301,12,3301,-8.089024049695581e-06,-0.009754450991749763,0.009754450991749763
L21_N1599,21,1599,-0.008010040037333965,-0.00974411703646183,0.00974411703646183
L18_N12559,18,12559,-0.004988756962120533,-0.009736771695315838,0.009736771695315838
L15_N11260,15,11260,-0.0003849714412353933,-0.009717367589473724,0.009717367589473724
L14_N7862,14,7862,0.0010031876154243946,0.009688803926110268,0.009688803926110268
L25_N10006,25,10006,0.01236915122717619,0.009687323123216629,0.009687323123216629
L24_N11056,24,11056,0.007607512641698122,0.009686966426670551,0.009686966426670551
L18_N12370,18,12370,0.00305869965814054,0.009652351960539818,0.009652351960539818
L21_N3655,21,3655,-0.0018463064916431904,-0.009651610627770424,0.009651610627770424
L16_N6079,16,6079,0.000849300529807806,0.009642216376960278,0.009642216376960278
L15_N6125,15,6125,-0.0007217174279503524,-0.009638005867600441,0.009638005867600441
L18_N6358,18,6358,-0.00571932690218091,-0.009633326902985573,0.009633326902985573
L18_N9274,18,9274,-0.007122365292161703,-0.009626206941902637,0.009626206941902637
L17_N12575,17,12575,-0.0018574345158413053,-0.00962471216917038,0.00962471216917038
L14_N1441,14,1441,1.352797062281752e-05,0.009620482102036476,0.009620482102036476
L13_N9807,13,9807,-0.0008521662093698978,0.009619228541851044,0.009619228541851044
L19_N6216,19,6216,-0.0007206753361970186,-0.009617711417376995,0.009617711417376995
L16_N5557,16,5557,-0.0005655970890074968,0.00961664505302906,0.00961664505302906
L14_N9944,14,9944,-5.831738963024691e-05,0.009592678397893906,0.009592678397893906
L15_N8675,15,8675,0.000761192524805665,0.00958577822893858,0.00958577822893858
L16_N9214,16,9214,0.008094383403658867,0.009576751850545406,0.009576751850545406
L17_N9629,17,9629,-8.496411464875564e-05,0.009575435891747475,0.009575435891747475
L15_N12049,15,12049,0.00023249885998666286,-0.009573291055858135,0.009573291055858135
L17_N11589,17,11589,0.001149481046013534,0.009572679176926613,0.009572679176926613
L25_N7027,25,7027,-0.010532458312809467,-0.009569746442139149,0.009569746442139149
L15_N11016,15,11016,-0.000199900969164446,0.009568347595632076,0.009568347595632076
L14_N383,14,383,-0.0005923207500018179,-0.009563934989273548,0.009563934989273548
L19_N986,19,986,-0.008387338370084763,-0.009545847773551941,0.009545847773551941
L15_N11459,15,11459,0.0004407829255796969,0.009533124975860119,0.009533124975860119
L14_N4953,14,4953,-0.0007226032903417945,-0.009522320702672005,0.009522320702672005
L16_N12338,16,12338,-0.00164041540119797,-0.009516834281384945,0.009516834281384945
L20_N2128,20,2128,-0.004543948918581009,-0.009512281976640224,0.009512281976640224
L17_N13950,17,13950,0.0005104303127154708,-0.009507047943770885,0.009507047943770885
L15_N14291,15,14291,-0.00023693416733294725,-0.009502594359219074,0.009502594359219074
L18_N7697,18,7697,-0.0044668144546449184,-0.009496239013969898,0.009496239013969898
L17_N308,17,308,0.001607026788406074,0.00949014164507389,0.00949014164507389
L13_N13730,13,13730,0.00033241475466638803,-0.009488285519182682,0.009488285519182682
L19_N4664,19,4664,-2.0793735529878177e-05,0.009482878260314465,0.009482878260314465
L12_N7408,12,7408,0.00024688878329470754,-0.00947597436606884,0.00947597436606884
L15_N10875,15,10875,-0.0022291038185358047,-0.009462956339120865,0.009462956339120865
L24_N5326,24,5326,-0.0001817442534957081,-0.009454118087887764,0.009454118087887764
L14_N13014,14,13014,-0.0038005977403372526,-0.009440976195037365,0.009440976195037365
L26_N12228,26,12228,0.006201324053108692,0.00941549800336361,0.00941549800336361
L12_N13378,12,13378,0.002160091418772936,0.00941547192633152,0.00941547192633152
L13_N9700,13,9700,-0.0013442736817523837,-0.009411073289811611,0.009411073289811611
L16_N7160,16,7160,0.00026047660503536463,0.00940586905926466,0.00940586905926466
L18_N10444,18,10444,-0.0008785682148300111,0.009403218515217304,0.009403218515217304
L17_N5919,17,5919,-0.00033585785422474146,-0.00939470250159502,0.00939470250159502
L17_N7495,17,7495,-0.008105585351586342,-0.009385917335748672,0.009385917335748672
L21_N11531,21,11531,0.004359760787338018,0.009373804554343224,0.009373804554343224
L16_N1683,16,1683,-0.007668598089367151,-0.009372471831738949,0.009372471831738949
L21_N9299,21,9299,-0.0064842370338737965,-0.009358632378280163,0.009358632378280163
L20_N10061,20,10061,-0.0072079915553331375,-0.009346538223326206,0.009346538223326206
L16_N12299,16,12299,0.00013835448771715164,0.009341999888420105,0.009341999888420105
L22_N10292,22,10292,-0.0014141679275780916,-0.009313678368926048,0.009313678368926048
L12_N923,12,923,-0.0005197493592277169,-0.009313023649156094,0.009313023649156094
L15_N4816,15,4816,0.005455730017274618,0.009299959056079388,0.009299959056079388
L21_N8536,21,8536,0.009052300825715065,0.009260101243853569,0.009260101243853569
L17_N7605,17,7605,0.008902047760784626,0.009256464429199696,0.009256464429199696
L22_N1002,22,1002,-0.00023733967100270092,-0.009249428287148476,0.009249428287148476
L20_N10785,20,10785,-0.007052403409034014,-0.00923561118543148,0.00923561118543148
L20_N11293,20,11293,-0.010319211520254612,-0.00921880453824997,0.00921880453824997
L18_N8214,18,8214,0.0018719373038038611,0.009200995787978172,0.009200995787978172
L13_N7919,13,7919,-0.0008335710735991597,-0.009198851883411407,0.009198851883411407
L21_N10065,21,10065,-0.00330637046135962,-0.009187189862132072,0.009187189862132072
L16_N8705,16,8705,0.0021496221888810396,0.009170716628432274,0.009170716628432274
L16_N1223,16,1223,0.0009381276904605329,0.009166842326521873,0.009166842326521873
L16_N8936,16,8936,-0.0005654707783833146,-0.009164446964859962,0.009164446964859962
L17_N2857,17,2857,-0.00021771169849671423,0.009164159186184406,0.009164159186184406
L19_N5686,19,5686,-0.0038729377556592226,-0.009163889102637768,0.009163889102637768
L21_N9052,21,9052,-0.005958185531198978,-0.009159567765891552,0.009159567765891552
L14_N7541,14,7541,-0.0003033675020560622,-0.009152592159807682,0.009152592159807682
L14_N11932,14,11932,-0.00323301088064909,-0.009136696346104145,0.009136696346104145
L16_N3238,16,3238,0.000540113658644259,-0.009135846048593521,0.009135846048593521
L13_N7693,13,7693,0.0017950312467291951,0.009135328233242035,0.009135328233242035
L16_N10500,16,10500,-7.7143864473328e-05,0.009126094169914722,0.009126094169914722
L18_N4582,18,4582,-0.0020597379188984632,-0.009126025252044201,0.009126025252044201
L15_N11853,15,11853,0.004342587664723396,0.00911650899797678,0.00911650899797678
L22_N11221,22,11221,-0.0021478047128766775,-0.009106473997235298,0.009106473997235298
L20_N13809,20,13809,0.00016282535216305405,0.009103162214159966,0.009103162214159966
L23_N1938,23,1938,0.009049701504409313,0.009101511910557747,0.009101511910557747
L17_N2525,17,2525,0.0017163705779239535,0.009101159870624542,0.009101159870624542
L15_N9949,15,9949,0.00024296615447383374,-0.009100150316953659,0.009100150316953659
L13_N5922,13,5922,0.004974274430423975,0.009084342047572136,0.009084342047572136
L21_N8599,21,8599,-0.004321864806115627,-0.009073217399418354,0.009073217399418354
L21_N8252,21,8252,-0.005073193926364183,-0.009049075655639172,0.009049075655639172
L12_N4077,12,4077,0.0037187892012298107,0.00904752779752016,0.00904752779752016
L14_N233,14,233,0.008079659193754196,0.009044035337865353,0.009044035337865353
L16_N7791,16,7791,0.0010388894006609917,0.009035563096404076,0.009035563096404076
L15_N14269,15,14269,-0.001413654419593513,-0.009032868780195713,0.009032868780195713
L18_N11024,18,11024,-0.001977663952857256,-0.009021568112075329,0.009021568112075329
L15_N854,15,854,-0.001520858728326857,-0.009019030258059502,0.009019030258059502
L17_N1858,17,1858,0.0023163047153502703,0.009015481919050217,0.009015481919050217
L15_N10229,15,10229,0.00035796582233160734,-0.009010398760437965,0.009010398760437965
L14_N14243,14,14243,-3.040801857423503e-05,0.008993115276098251,0.008993115276098251
L22_N11137,22,11137,0.007784859277307987,0.008990412577986717,0.008990412577986717
L22_N12033,22,12033,-0.00860261358320713,-0.00894863624125719,0.00894863624125719
L16_N4292,16,4292,0.0010094199096783996,0.008941569365561008,0.008941569365561008
L14_N7250,14,7250,-0.0029160145204514265,-0.008936934173107147,0.008936934173107147
L18_N11460,18,11460,-0.00033040426205843687,-0.008930870331823826,0.008930870331823826
L13_N8664,13,8664,-0.003386575495824218,-0.008924797177314758,0.008924797177314758
L20_N11839,20,11839,0.00015636670286767185,-0.00892146397382021,0.00892146397382021
L15_N8177,15,8177,0.0008288472308777273,0.00892020296305418,0.00892020296305418
L16_N4634,16,4634,0.0014778155600652099,0.008912850171327591,0.008912850171327591
L12_N12062,12,12062,-0.0023210186045616865,-0.008909654803574085,0.008909654803574085
L17_N7241,17,7241,0.0005829713772982359,-0.008909041993319988,0.008909041993319988
L14_N3094,14,3094,-5.199150564294541e-06,0.008885751478374004,0.008885751478374004
L25_N12361,25,12361,-0.007700573652982712,-0.008885420858860016,0.008885420858860016
L19_N10442,19,10442,-0.00010688942711567506,-0.00887986458837986,0.00887986458837986
L14_N644,14,644,0.0024532440584152937,0.008875961415469646,0.008875961415469646
L21_N11673,21,11673,0.0007629556930623949,0.008870987221598625,0.008870987221598625
L18_N2483,18,2483,0.000744363060221076,0.008860697969794273,0.008860697969794273
L21_N13774,21,13774,-0.0004128076252527535,0.00885535217821598,0.00885535217821598
L26_N13716,26,13716,0.0091545470058918,0.008844100870192051,0.008844100870192051
L13_N5509,13,5509,-0.0003690299636218697,0.008842733688652515,0.008842733688652515
L23_N2240,23,2240,0.007014205679297447,-0.008821538649499416,0.008821538649499416
L24_N3980,24,3980,-0.005157479550689459,-0.008805007673799992,0.008805007673799992
L21_N7499,21,7499,0.0015093941474333405,0.008772552944719791,0.008772552944719791
L14_N6660,14,6660,0.0009831164497882128,0.008771253749728203,0.008771253749728203
L14_N9252,14,9252,0.002944524399936199,0.00876814965158701,0.00876814965158701
L18_N1396,18,1396,-0.0009839305421337485,0.008762331679463387,0.008762331679463387
L18_N3695,18,3695,-0.00108928547706455,-0.00876009464263916,0.00876009464263916
L15_N3496,15,3496,0.00048435095231980085,0.00875497329980135,0.00875497329980135
L15_N13662,15,13662,-0.008946651592850685,-0.008754480630159378,0.008754480630159378
L14_N10412,14,10412,-0.0012761562829837203,-0.008751995861530304,0.008751995861530304
L16_N4194,16,4194,0.0004927251720800996,0.008710332214832306,0.008710332214832306
L14_N14198,14,14198,0.0011982639553025365,0.008696915581822395,0.008696915581822395
L19_N10704,19,10704,-0.0017223370959982276,-0.008681944571435452,0.008681944571435452
L15_N14169,15,14169,0.0035092378966510296,0.008677578531205654,0.008677578531205654
L21_N4239,21,4239,0.00031516069429926574,-0.008672247640788555,0.008672247640788555
L13_N13148,13,13148,-0.0033322670497000217,-0.008659922517836094,0.008659922517836094
L16_N14291,16,14291,0.0002708433894440532,0.008655630983412266,0.008655630983412266
L12_N5503,12,5503,-0.0033708156552165747,-0.008648737333714962,0.008648737333714962
L14_N9157,14,9157,-0.0014231642708182335,-0.008642560802400112,0.008642560802400112
L15_N14133,15,14133,-0.004152361769229174,-0.008641856722533703,0.008641856722533703
L14_N10200,14,10200,-0.0018516152631491423,-0.008639530278742313,0.008639530278742313
L14_N4203,14,4203,-0.0009947012877091765,-0.008637191727757454,0.008637191727757454
L20_N5508,20,5508,-0.004164362791925669,-0.008636734448373318,0.008636734448373318
L14_N12758,14,12758,-0.0016854526475071907,-0.008636649698019028,0.008636649698019028
L12_N279,12,279,0.0023665213957428932,0.008628498762845993,0.008628498762845993
L14_N12797,14,12797,-0.0011086388258263469,-0.008612851612269878,0.008612851612269878
L13_N4118,13,4118,-0.0034470530226826668,-0.008610919117927551,0.008610919117927551
L16_N6304,16,6304,-0.00105627893935889,-0.008601742796599865,0.008601742796599865
L20_N1117,20,1117,0.0074551524594426155,0.00859995000064373,0.00859995000064373
L15_N5812,15,5812,0.0003455407568253577,-0.008597309701144695,0.008597309701144695
L13_N7773,13,7773,-0.0016242054989561439,-0.008595820516347885,0.008595820516347885
L13_N12394,13,12394,0.0004334117111284286,-0.00859116856008768,0.00859116856008768
L16_N819,16,819,0.0004081962688360363,0.008588581345975399,0.008588581345975399
L12_N7592,12,7592,0.0005665220669470727,0.008584873750805855,0.008584873750805855
L16_N7647,16,7647,-0.0007996165077202022,-0.008580452762544155,0.008580452762544155
L25_N14254,25,14254,-0.008332815952599049,-0.008562949486076832,0.008562949486076832
L18_N2766,18,2766,0.0005291058332659304,0.008561505936086178,0.008561505936086178
L16_N1669,16,1669,0.0007045017555356026,-0.008550399914383888,0.008550399914383888
L14_N2802,14,2802,-0.002009763615205884,-0.008549811318516731,0.008549811318516731
L13_N6640,13,6640,0.0019708063919097185,-0.008549395948648453,0.008549395948648453
L20_N13554,20,13554,-0.004512942861765623,-0.008545026183128357,0.008545026183128357
L19_N1308,19,1308,0.002977753058075905,0.008528209291398525,0.008528209291398525
L14_N6233,14,6233,0.004045676905661821,0.00851607508957386,0.00851607508957386
L12_N2553,12,2553,0.00036648762761615217,-0.008515368215739727,0.008515368215739727
L14_N1554,14,1554,-0.0008173744427040219,-0.008491982705891132,0.008491982705891132
L13_N1631,13,1631,-0.00016142739332281053,0.00848793238401413,0.00848793238401413
L21_N10353,21,10353,-0.00041739727021194994,0.008479809388518333,0.008479809388518333
L15_N5698,15,5698,-0.0012772438349202275,-0.008476736955344677,0.008476736955344677
L12_N1631,12,1631,0.00026529590832069516,0.00846895482391119,0.00846895482391119
L12_N6191,12,6191,-0.0001631064515095204,0.008465266786515713,0.008465266786515713
L17_N4609,17,4609,-0.0006969915120862424,0.008457199670374393,0.008457199670374393
L14_N7185,14,7185,0.0001673384540481493,0.008437642827630043,0.008437642827630043
L13_N6373,13,6373,0.007289486937224865,0.008437220938503742,0.008437220938503742
L14_N9513,14,9513,-0.0007300478755496442,-0.008424310944974422,0.008424310944974422
L12_N3635,12,3635,0.0005461229593493044,0.008394062519073486,0.008394062519073486
L16_N12896,16,12896,0.0022185600828379393,0.008381201885640621,0.008381201885640621
L14_N4454,14,4454,0.008407823741436005,0.008380484767258167,0.008380484767258167
L17_N14208,17,14208,0.003495772834867239,0.008380183018743992,0.008380183018743992
L19_N9838,19,9838,0.003526917425915599,0.008367420174181461,0.008367420174181461
L15_N7092,15,7092,-0.0016349799698218703,-0.008363544940948486,0.008363544940948486
L20_N8718,20,8718,-0.0054538073018193245,-0.008359662257134914,0.008359662257134914
L16_N9248,16,9248,0.0012480254517868161,0.008359208703041077,0.008359208703041077
L15_N4681,15,4681,-0.00776508916169405,-0.008355362340807915,0.008355362340807915
L19_N4907,19,4907,3.0074017558945343e-05,-0.008347619324922562,0.008347619324922562
L16_N12940,16,12940,0.004480735398828983,0.008347288705408573,0.008347288705408573
L17_N1393,17,1393,0.0001308574719587341,0.00834620837122202,0.00834620837122202
L15_N11259,15,11259,-0.0030751293525099754,0.0083449836820364,0.0083449836820364
L17_N8818,17,8818,-0.0001583512785146013,-0.008337690494954586,0.008337690494954586
L14_N10347,14,10347,-0.0006290592136792839,-0.008326016366481781,0.008326016366481781
L16_N6239,16,6239,0.0013490994460880756,0.008322260342538357,0.008322260342538357
L21_N80,21,80,-0.00038244767347350717,0.00832207128405571,0.00832207128405571
L16_N11868,16,11868,0.0005158773856237531,0.008308639749884605,0.008308639749884605
L16_N9703,16,9703,-0.0001794130657799542,-0.00830142106860876,0.00830142106860876
L12_N11951,12,11951,0.0005546702886931598,-0.008301411755383015,0.008301411755383015
L16_N14101,16,14101,-0.0038088953588157892,-0.00830138474702835,0.00830138474702835
L18_N2157,18,2157,0.00038877001497894526,0.008299160748720169,0.008299160748720169
L20_N7113,20,7113,0.007353908848017454,0.008295495994389057,0.008295495994389057
L16_N3285,16,3285,0.00015877252735663205,0.008295471780002117,0.008295471780002117
L19_N6240,19,6240,0.003112269099801779,0.00827802438288927,0.00827802438288927
L24_N8068,24,8068,-0.00857684575021267,-0.008275783620774746,0.008275783620774746
L16_N458,16,458,-0.008630668744444847,-0.008273076266050339,0.008273076266050339
L17_N10466,17,10466,7.078290946083143e-05,0.008271079510450363,0.008271079510450363
L23_N12220,23,12220,0.000978023512288928,-0.008265674114227295,0.008265674114227295
L15_N4888,15,4888,0.007968525402247906,0.008265162818133831,0.008265162818133831
L12_N6801,12,6801,1.7220332665601745e-05,-0.008264797739684582,0.008264797739684582
L22_N5315,22,5315,0.00048843800323084,0.008261669427156448,0.008261669427156448
L12_N6932,12,6932,0.0005744588561356068,0.0082523413002491,0.0082523413002491
L13_N7549,13,7549,-0.005925273057073355,-0.008247695863246918,0.008247695863246918
L24_N11264,24,11264,-0.005081935320049524,-0.008246559649705887,0.008246559649705887
L13_N7107,13,7107,-0.003981573041528463,-0.008242830634117126,0.008242830634117126
L22_N8600,22,8600,-0.007497245445847511,-0.008236699737608433,0.008236699737608433
L17_N11996,17,11996,-0.0007141059613786638,-0.008230832405388355,0.008230832405388355
L20_N9973,20,9973,0.002674527931958437,0.008220997639000416,0.008220997639000416
L15_N1884,15,1884,0.0038527878932654858,0.008219461888074875,0.008219461888074875
L16_N9422,16,9422,0.0021842936985194683,0.008218278177082539,0.008218278177082539
L16_N8398,16,8398,0.01028429251164198,0.008217833004891872,0.008217833004891872
L17_N7942,17,7942,-0.001459198072552681,-0.008214645087718964,0.008214645087718964
L15_N4676,15,4676,0.0015551495598629117,0.008213140070438385,0.008213140070438385
L20_N10788,20,10788,0.000738994509447366,-0.008209711872041225,0.008209711872041225
L20_N8264,20,8264,0.0004622821870725602,0.008203155361115932,0.008203155361115932
L19_N5781,19,5781,0.008446669206023216,0.008203082717955112,0.008203082717955112
L15_N7508,15,7508,0.0006955001153983176,0.008197199553251266,0.008197199553251266
L20_N5724,20,5724,-0.0101724648848176,-0.008196302689611912,0.008196302689611912
L20_N3493,20,3493,-0.00020373064035084099,0.008187233470380306,0.008187233470380306
L13_N6012,13,6012,0.0010465376544743776,0.008181620389223099,0.008181620389223099
L12_N12263,12,12263,0.004180298186838627,0.008180975914001465,0.008180975914001465
L14_N8999,14,8999,-0.0015300505328923464,0.008179033175110817,0.008179033175110817
L16_N12965,16,12965,0.003246908774599433,0.008173024281859398,0.008173024281859398
L12_N4194,12,4194,-0.002581811510026455,-0.008161730132997036,0.008161730132997036
L18_N10631,18,10631,0.0018305170815438032,-0.008154883049428463,0.008154883049428463
L14_N7367,14,7367,0.004642546642571688,0.00814688391983509,0.00814688391983509
L25_N1674,25,1674,-0.007855546660721302,-0.008145877160131931,0.008145877160131931
L14_N883,14,883,0.003580609569326043,0.008125567808747292,0.008125567808747292
L16_N9337,16,9337,-0.0008120964048430324,-0.008123042993247509,0.008123042993247509
L16_N3759,16,3759,-0.002697134390473366,-0.008113945834338665,0.008113945834338665
L16_N11651,16,11651,-0.0007152913021855056,-0.008113378658890724,0.008113378658890724
L21_N1892,21,1892,-0.0035242438316345215,-0.008111221715807915,0.008111221715807915
L15_N13594,15,13594,0.0008291781996376812,0.008110424503684044,0.008110424503684044
L13_N1842,13,1842,-0.002263846341520548,-0.008095845580101013,0.008095845580101013
L23_N10942,23,10942,0.005935458932071924,0.00809184368699789,0.00809184368699789
L18_N7417,18,7417,0.001422831672243774,-0.00809001550078392,0.00809001550078392
L23_N6011,23,6011,-0.007521690335124731,-0.008085791952908039,0.008085791952908039
L13_N11253,13,11253,-0.0004496669862419367,-0.008085508830845356,0.008085508830845356
L14_N12052,14,12052,-0.0010873130522668362,-0.008080903440713882,0.008080903440713882
L19_N4391,19,4391,0.003444214118644595,0.008076383732259274,0.008076383732259274
L16_N11285,16,11285,-0.0004914864548482001,-0.008060704916715622,0.008060704916715622
L19_N438,19,438,0.006231606472283602,0.00806063786149025,0.00806063786149025
L18_N1724,18,1724,-0.00016773185052443296,0.008060114458203316,0.008060114458203316
L18_N3419,18,3419,-0.0006677613127976656,0.00805450975894928,0.00805450975894928
L15_N4947,15,4947,0.005961804185062647,0.008040197193622589,0.008040197193622589
L22_N2070,22,2070,0.009513378143310547,0.008035833947360516,0.008035833947360516
L19_N4593,19,4593,-0.000883605214767158,-0.00803434569388628,0.00803434569388628
L12_N1171,12,1171,-0.0008822050294838846,-0.008022511377930641,0.008022511377930641
L17_N3724,17,3724,-0.00017432350432500243,0.008022483438253403,0.008022483438253403
L20_N1292,20,1292,0.001667322008870542,0.0080190971493721,0.0080190971493721
L14_N7170,14,7170,0.001847655512392521,0.0080124381929636,0.0080124381929636
L15_N5496,15,5496,0.0008020207169465721,0.008012266829609871,0.008012266829609871
L24_N7970,24,7970,0.0004754164256155491,-0.008006161078810692,0.008006161078810692
L14_N3122,14,3122,-0.006754998583346605,-0.007998890243470669,0.007998890243470669
L18_N7650,18,7650,0.00027990576927550137,-0.007998419925570488,0.007998419925570488
L15_N12571,15,12571,0.00023722370679024607,0.007989210076630116,0.007989210076630116
L13_N747,13,747,0.002270591212436557,0.007980183698236942,0.007980183698236942
L25_N5853,25,5853,-0.0053597670048475266,-0.007979764603078365,0.007979764603078365
L14_N13983,14,13983,-0.0038264940958470106,-0.007978679612278938,0.007978679612278938
L16_N13356,16,13356,0.0017248057993128896,0.007974780164659023,0.007974780164659023
L17_N7386,17,7386,-8.675680874148384e-05,0.007966572418808937,0.007966572418808937
L14_N748,14,748,0.00013154203770682216,0.007951771840453148,0.007951771840453148
L14_N3052,14,3052,0.00106639857403934,0.007944442331790924,0.007944442331790924
L20_N9555,20,9555,-0.0005713600548915565,-0.007937065325677395,0.007937065325677395
L14_N3527,14,3527,-0.0025549486745148897,-0.00793072022497654,0.00793072022497654
L16_N847,16,847,6.515434506582096e-05,0.007930631749331951,0.007930631749331951
L16_N5323,16,5323,0.007578547112643719,0.007930250838398933,0.007930250838398933
L16_N3715,16,3715,0.010922347195446491,0.007926191203296185,0.007926191203296185
L17_N6528,17,6528,0.0018598232418298721,0.007926042191684246,0.007926042191684246
L14_N3965,14,3965,0.0017065976280719042,0.00792376697063446,0.00792376697063446
L16_N7240,16,7240,-0.0013049258850514889,0.007922506891191006,0.007922506891191006
L18_N10309,18,10309,-0.007368077058345079,-0.007918762043118477,0.007918762043118477
L17_N8324,17,8324,-0.006160660646855831,-0.007917004637420177,0.007917004637420177
L15_N3927,15,3927,0.0007017920725047588,0.00791221484541893,0.00791221484541893
L14_N3855,14,3855,-0.00032804670627228916,-0.007906599901616573,0.007906599901616573
L19_N12280,19,12280,-0.0046233609318733215,-0.007895207032561302,0.007895207032561302
L13_N8061,13,8061,-0.0009483271860517561,-0.007886704057455063,0.007886704057455063
L13_N8648,13,8648,0.003899912815541029,0.007879399694502354,0.007879399694502354
L15_N4183,15,4183,0.00016072859580162913,-0.00785133894532919,0.00785133894532919
L18_N3323,18,3323,0.0006582815549336374,0.007848415523767471,0.007848415523767471
L18_N9882,18,9882,0.003581056836992502,0.00782268587499857,0.00782268587499857
L15_N1015,15,1015,-0.00030786546994931996,0.007818776182830334,0.007818776182830334
L14_N13243,14,13243,0.0005822053062729537,0.007812044117599726,0.007812044117599726
L14_N13193,14,13193,0.00017049380403477699,0.007809176575392485,0.007809176575392485
L16_N1425,16,1425,0.00024616983137093484,0.007805973757058382,0.007805973757058382
L17_N1589,17,1589,-0.0010803459445014596,0.007800854742527008,0.007800854742527008
L19_N644,19,644,0.0029772347770631313,0.007796473801136017,0.007796473801136017
L20_N13127,20,13127,-0.0005710024270229042,-0.007795393001288176,0.007795393001288176
L16_N12205,16,12205,-0.003920631483197212,-0.00778742041438818,0.00778742041438818
L18_N7462,18,7462,0.0013113931054249406,0.007779572159051895,0.007779572159051895
L18_N4139,18,4139,-0.004687038250267506,-0.007774717640131712,0.007774717640131712
L13_N12265,13,12265,0.0017327980604022741,0.007774312514811754,0.007774312514811754
L12_N4697,12,4697,-0.0016673683421686292,0.0077661434188485146,0.0077661434188485146
L17_N10545,17,10545,0.000541171757504344,0.007764192298054695,0.007764192298054695
L18_N6503,18,6503,-0.00067513482645154,-0.007756373379379511,0.007756373379379511
L14_N9958,14,9958,-0.0003154118312522769,-0.007755697704851627,0.007755697704851627
L14_N2756,14,2756,0.0006229373393580317,0.0077463421039283276,0.0077463421039283276
L19_N5919,19,5919,-0.004816655535250902,-0.007740361616015434,0.007740361616015434
L16_N1208,16,1208,-0.0002913054486270994,0.007738983724266291,0.007738983724266291
L16_N5705,16,5705,-0.002756162779405713,-0.007738532964140177,0.007738532964140177
L18_N8935,18,8935,-0.0009828906040638685,-0.00773005373775959,0.00773005373775959
L20_N8621,20,8621,0.004369808826595545,0.007728490978479385,0.007728490978479385
L17_N9004,17,9004,-0.0003657654160633683,0.007713767234236002,0.007713767234236002
L18_N12447,18,12447,-0.00751089584082365,-0.007708284538239241,0.007708284538239241
L16_N2921,16,2921,0.00033298603375442326,0.007706915494054556,0.007706915494054556
L14_N1516,14,1516,0.0002527929318603128,0.0077055152505636215,0.0077055152505636215
L17_N6889,17,6889,-0.0023767948150634766,-0.007697830908000469,0.007697830908000469
L22_N958,22,958,-0.006477591581642628,-0.00769105413928628,0.00769105413928628
L16_N12481,16,12481,-0.012699524872004986,-0.00768714863806963,0.00768714863806963
L12_N3103,12,3103,-0.0003151626733597368,-0.007686845492571592,0.007686845492571592
L14_N6154,14,6154,-0.0003118941676802933,-0.007673888932913542,0.007673888932913542
L12_N4516,12,4516,-0.0027387691661715508,-0.0076605877839028835,0.0076605877839028835
L23_N5564,23,5564,0.006268315948545933,0.007653374224901199,0.007653374224901199
L17_N1883,17,1883,0.0075372266583144665,0.007628805469721556,0.007628805469721556
L12_N8332,12,8332,-0.0034140164498239756,-0.007625250611454248,0.007625250611454248
L15_N486,15,486,-0.007152552716434002,-0.007622349541634321,0.007622349541634321
L12_N3510,12,3510,0.0004395747382659465,-0.00761878676712513,0.00761878676712513
L18_N10727,18,10727,0.001998955849558115,0.007615957874804735,0.007615957874804735
L17_N1596,17,1596,0.001918167807161808,0.007609266322106123,0.007609266322106123
L13_N1358,13,1358,0.0032148943282663822,-0.007598108612000942,0.007598108612000942
L17_N5307,17,5307,1.1769788216042798e-05,-0.007595829199999571,0.007595829199999571
L26_N7958,26,7958,0.007539675571024418,0.007592499256134033,0.007592499256134033
L19_N1495,19,1495,-0.004831546451896429,-0.007589830085635185,0.007589830085635185
L18_N1623,18,1623,-0.0025930004194378853,-0.007586496416479349,0.007586496416479349
L16_N10070,16,10070,-0.0007834569551050663,-0.007584032136946917,0.007584032136946917
L21_N9628,21,9628,0.001900515053421259,0.0075787827372550964,0.0075787827372550964
L19_N2736,19,2736,-0.007068432867527008,-0.0075771380215883255,0.0075771380215883255
L18_N7170,18,7170,-0.00038810537080280483,-0.007573525886982679,0.007573525886982679
L14_N1111,14,1111,0.00035944231785833836,0.007567091379314661,0.007567091379314661
L13_N1679,13,1679,0.0006329804891720414,0.00756635470315814,0.00756635470315814
L12_N7295,12,7295,-2.4635728550492786e-05,-0.007559353951364756,0.007559353951364756
L12_N8019,12,8019,0.005920614581555128,0.007550747133791447,0.007550747133791447
L14_N2914,14,2914,9.89429245237261e-05,-0.007548266090452671,0.007548266090452671
L13_N1413,13,1413,0.0014632368693128228,0.00754340598359704,0.00754340598359704
L16_N2633,16,2633,0.00506555987522006,0.0075392890721559525,0.0075392890721559525
L14_N10148,14,10148,0.005926411598920822,0.007537378929555416,0.007537378929555416
L13_N2754,13,2754,-0.0002648252702783793,-0.00753592187538743,0.00753592187538743
L20_N12911,20,12911,0.0023412031587213278,0.0075352005660533905,0.0075352005660533905
L17_N12255,17,12255,-0.006742116529494524,-0.007534452714025974,0.007534452714025974
L20_N4176,20,4176,-0.001622229116037488,0.007533522322773933,0.007533522322773933
L15_N11268,15,11268,-0.0010537946363911033,0.007531860377639532,0.007531860377639532
L17_N10605,17,10605,-0.0006638503400608897,0.00752566521987319,0.00752566521987319
L18_N12430,18,12430,-0.004724429454654455,-0.007512587122619152,0.007512587122619152
L17_N12262,17,12262,-0.00031949637923389673,-0.007509945891797543,0.007509945891797543
L16_N10761,16,10761,0.0003115794970653951,-0.007506750989705324,0.007506750989705324
L16_N3027,16,3027,-0.0015468427445739508,-0.007503746077418327,0.007503746077418327
L16_N10249,16,10249,-7.565424311906099e-05,0.007502732332795858,0.007502732332795858
L19_N8627,19,8627,-0.0007581794634461403,-0.007500342093408108,0.007500342093408108
L14_N1463,14,1463,0.001951957936398685,0.00749849621206522,0.00749849621206522
L25_N5977,25,5977,0.006540844216942787,0.007498455233871937,0.007498455233871937
L18_N8208,18,8208,0.005911910906434059,0.007489106152206659,0.007489106152206659
L13_N10462,13,10462,-0.0017535496735945344,-0.007486244663596153,0.007486244663596153
L12_N13917,12,13917,9.729593875817955e-05,-0.007481242995709181,0.007481242995709181
L12_N9947,12,9947,1.6122938177431934e-05,-0.0074690780602395535,0.0074690780602395535
L19_N4787,19,4787,-0.001310641528107226,-0.007465855218470097,0.007465855218470097
L14_N13392,14,13392,-0.007854567840695381,-0.00745958648622036,0.00745958648622036
L21_N8742,21,8742,0.0011141776340082288,-0.007456829305738211,0.007456829305738211
L17_N5068,17,5068,0.003107036231085658,0.007454461418092251,0.007454461418092251
L14_N6820,14,6820,-0.0020530361216515303,-0.0074544502422213554,0.0074544502422213554
L13_N7774,13,7774,-0.0009625706006772816,0.007451038341969252,0.007451038341969252
L14_N2120,14,2120,-0.0024890180211514235,-0.0074443393386900425,0.0074443393386900425
L17_N5321,17,5321,-0.0003561594639904797,-0.007438683416694403,0.007438683416694403
L12_N9164,12,9164,-0.002784973243251443,-0.00743700098246336,0.00743700098246336
L26_N9659,26,9659,-0.00808483175933361,-0.007429579272866249,0.007429579272866249
L20_N10553,20,10553,0.007973781786859035,0.0074254488572478294,0.0074254488572478294
L18_N4138,18,4138,0.00013388264051172882,0.0074209594167768955,0.0074209594167768955
L17_N11424,17,11424,-0.0002010847529163584,-0.007418641820549965,0.007418641820549965
L15_N3518,15,3518,0.0005230382084846497,0.007412654347717762,0.007412654347717762
L16_N7821,16,7821,0.004561493638902903,0.007411002181470394,0.007411002181470394
L26_N13993,26,13993,0.000405127095291391,0.007410925813019276,0.007410925813019276
L18_N3312,18,3312,0.00046817216207273304,0.007410119287669659,0.007410119287669659
L16_N3371,16,3371,0.0004226354358252138,0.0074089206755161285,0.0074089206755161285
L18_N11728,18,11728,-0.005569265689700842,-0.007407023571431637,0.007407023571431637
L18_N3124,18,3124,-0.004525981843471527,-0.007405882701277733,0.007405882701277733
L22_N3100,22,3100,0.0022439113818109035,0.00738529721274972,0.00738529721274972
L13_N12139,13,12139,0.0018453783122822642,0.007382635027170181,0.007382635027170181
L19_N13866,19,13866,0.0035309037193655968,0.0073816366493701935,0.0073816366493701935
L16_N1488,16,1488,-0.005167622584849596,-0.00737835792824626,0.00737835792824626
L15_N5149,15,5149,-0.00014683518384117633,-0.007373424246907234,0.007373424246907234
L14_N12730,14,12730,0.0006488415529020131,0.0073696039617061615,0.0073696039617061615
L15_N1820,15,1820,-0.0005644587799906731,-0.007363391108810902,0.007363391108810902
L14_N6687,14,6687,0.0067113246768713,0.007360123563557863,0.007360123563557863
L12_N4611,12,4611,-0.0001792738476069644,0.007358938455581665,0.007358938455581665
L14_N2188,14,2188,-0.009997238405048847,-0.007358850911259651,0.007358850911259651
L22_N5344,22,5344,-0.0071296351961791515,-0.007352023851126432,0.007352023851126432
L14_N13223,14,13223,0.00018735139747150242,0.0073462543077766895,0.0073462543077766895
L15_N10034,15,10034,-0.0013498394982889295,-0.0073377336375415325,0.0073377336375415325
L12_N9580,12,9580,-0.00042694498552009463,-0.007329192478209734,0.007329192478209734
L19_N14268,19,14268,-0.001532688387669623,-0.0073266299441456795,0.0073266299441456795
L13_N12759,13,12759,-0.0007212016498669982,0.0073173996061086655,0.0073173996061086655
L15_N8281,15,8281,-0.0003505249915178865,-0.007314788643270731,0.007314788643270731
L15_N8148,15,8148,4.103968240087852e-05,0.007309551816433668,0.007309551816433668
L17_N8336,17,8336,-0.0009156404412351549,-0.0073074656538665295,0.0073074656538665295
L12_N8204,12,8204,0.004046645015478134,0.007300088182091713,0.007300088182091713
L12_N10107,12,10107,-0.0004646634333766997,-0.0072984290309250355,0.0072984290309250355
L13_N9242,13,9242,-0.0013918649638071656,-0.007287687622010708,0.007287687622010708
L17_N1944,17,1944,0.0009486261988058686,0.007282343693077564,0.007282343693077564
L19_N6624,19,6624,-2.973076334455982e-05,0.007282107137143612,0.007282107137143612
L15_N13898,15,13898,0.0044013578444719315,0.007281325291842222,0.007281325291842222
L20_N13553,20,13553,0.006348899565637112,0.007277493365108967,0.007277493365108967
L26_N2128,26,2128,0.0015942812897264957,0.007272776216268539,0.007272776216268539
L16_N3805,16,3805,-0.0020944231655448675,-0.007270478643476963,0.007270478643476963
L12_N88,12,88,0.0011409121798351407,0.007268108893185854,0.007268108893185854
L16_N3224,16,3224,0.0008170990622602403,0.00725510623306036,0.00725510623306036
L16_N3034,16,3034,-0.00016013527056202292,0.007250754162669182,0.007250754162669182
L17_N8775,17,8775,0.004474623594433069,0.0072479709051549435,0.0072479709051549435
L19_N4368,19,4368,-0.003323077689856291,-0.007243366912007332,0.007243366912007332
L14_N6116,14,6116,0.0012483192840591073,0.007240792270749807,0.007240792270749807
L17_N7810,17,7810,0.0008572550723329186,0.007236434146761894,0.007236434146761894
L22_N3970,22,3970,-0.0003485284687485546,0.007232250180095434,0.007232250180095434
L25_N5344,25,5344,-0.006584221497178078,-0.007231409195810556,0.007231409195810556
L14_N4123,14,4123,-5.32046688022092e-05,-0.007230288814753294,0.007230288814753294
L17_N795,17,795,0.0010391545947641134,0.0072241579182446,0.0072241579182446
L19_N8393,19,8393,-0.0035272338427603245,-0.007221942767500877,0.007221942767500877
L13_N11841,13,11841,-0.0019262847490608692,-0.007219353225082159,0.007219353225082159
L16_N11130,16,11130,-0.006342784967273474,-0.0072148386389017105,0.0072148386389017105
L17_N5437,17,5437,-0.00023790016712155193,-0.007210723590105772,0.007210723590105772
L15_N6292,15,6292,0.003882345277816057,0.0072037577629089355,0.0072037577629089355
L14_N5314,14,5314,-0.0008620175649411976,-0.007200276479125023,0.007200276479125023
L19_N11637,19,11637,0.0009543018531985581,-0.007194213569164276,0.007194213569164276
L15_N2994,15,2994,-0.004237518645823002,-0.007192645687609911,0.007192645687609911
L14_N3423,14,3423,-0.00230723200365901,-0.007191000040620565,0.007191000040620565
L18_N4525,18,4525,-7.698929402977228e-05,-0.007187987212091684,0.007187987212091684
L14_N7908,14,7908,0.0037602109368890524,0.007180113811045885,0.007180113811045885
L17_N10927,17,10927,0.0027878007385879755,0.007179591804742813,0.007179591804742813
L16_N10836,16,10836,-0.007395803462713957,-0.0071721067652106285,0.0071721067652106285
L17_N11673,17,11673,-0.005995730869472027,0.007170641329139471,0.007170641329139471
L17_N12290,17,12290,0.0005071726045571268,0.007163086906075478,0.007163086906075478
L15_N4156,15,4156,0.000263725349213928,0.0071532828733325005,0.0071532828733325005
L17_N4117,17,4117,-0.0009550860850140452,-0.00714502390474081,0.00714502390474081
L20_N3951,20,3951,0.006036520004272461,0.007139203604310751,0.007139203604310751
L25_N8102,25,8102,0.008773192763328552,0.007129928097128868,0.007129928097128868
L21_N1112,21,1112,-0.0014637047424912453,-0.007128641474992037,0.007128641474992037
L12_N12515,12,12515,0.00034833201789297163,0.007127024233341217,0.007127024233341217
L25_N8113,25,8113,0.006960982922464609,0.007122365292161703,0.007122365292161703
L13_N10441,13,10441,0.0022205240093171597,-0.007120485417544842,0.007120485417544842
L21_N2408,21,2408,0.00035383287467993796,0.007119885645806789,0.007119885645806789
L19_N1041,19,1041,0.007491924334317446,0.007115552201867104,0.007115552201867104
L18_N8831,18,8831,-0.004083265084773302,-0.007109630852937698,0.007109630852937698
L15_N6068,15,6068,-0.0034282247070223093,-0.007103440817445517,0.007103440817445517
L15_N3738,15,3738,0.002459591953083873,-0.0071005504578351974,0.0071005504578351974
L15_N11052,15,11052,-0.006337373983114958,-0.007095536682754755,0.007095536682754755
L19_N851,19,851,-0.0037346533499658108,-0.007094868924468756,0.007094868924468756
L16_N7429,16,7429,-2.368412424402777e-05,0.0070943706668913364,0.0070943706668913364
L14_N9783,14,9783,-5.54542857571505e-05,0.007081180810928345,0.007081180810928345
L12_N2114,12,2114,0.000632608134765178,-0.007077474612742662,0.007077474612742662
L17_N12467,17,12467,-0.0009746246505528688,0.007077444810420275,0.007077444810420275
L17_N9964,17,9964,0.0024858922697603703,0.0070688603445887566,0.0070688603445887566
L17_N9507,17,9507,0.0002087309112539515,-0.007061353884637356,0.007061353884637356
L12_N1395,12,1395,0.0007616924704052508,0.007060681935399771,0.007060681935399771
L13_N853,13,853,0.0017102832207456231,0.00706036202609539,0.00706036202609539
L12_N8908,12,8908,-0.0025316819082945585,-0.0070574963465332985,0.0070574963465332985
L12_N13282,12,13282,0.0006541938055306673,0.007054217625409365,0.007054217625409365
L12_N13464,12,13464,-0.0006891846423968673,-0.00704721687361598,0.00704721687361598
L19_N9895,19,9895,0.006709710694849491,0.007044466678053141,0.007044466678053141
L24_N6381,24,6381,0.00485198525711894,0.007040546741336584,0.007040546741336584
L20_N1942,20,1942,0.0011970304185524583,0.007038906682282686,0.007038906682282686
L16_N11277,16,11277,-0.0006838454864919186,0.007029227912425995,0.007029227912425995
L21_N1917,21,1917,-0.00022961180366110057,0.007027777843177319,0.007027777843177319
L16_N12478,16,12478,5.99841951043345e-06,-0.007026231847703457,0.007026231847703457
L13_N12722,13,12722,0.0016382121248170733,0.0070162429474294186,0.0070162429474294186
L17_N8851,17,8851,-0.0004571280733216554,-0.007013731636106968,0.007013731636106968
L13_N11759,13,11759,-0.0016178371151909232,-0.007008807733654976,0.007008807733654976
L21_N11497,21,11497,-0.0003091807884629816,-0.0070034503005445,0.0070034503005445
L17_N1660,17,1660,-0.00032004996319301426,0.007002371829003096,0.007002371829003096
L14_N3826,14,3826,-0.0015420715790241957,-0.00700127799063921,0.00700127799063921
L17_N9795,17,9795,0.0031257246155291796,0.006997601129114628,0.006997601129114628
L16_N12292,16,12292,3.183747685397975e-05,-0.006997221149504185,0.006997221149504185
L21_N3060,21,3060,0.0001857345487223938,0.006995513569563627,0.006995513569563627
L12_N3551,12,3551,-0.0014991267817094922,-0.006994069088250399,0.006994069088250399
L19_N3356,19,3356,0.0023154132068157196,0.006992005277425051,0.006992005277425051
L22_N7568,22,7568,-0.003014829708263278,-0.006989553105086088,0.006989553105086088
L19_N5197,19,5197,0.0008981616119854152,0.006988069973886013,0.006988069973886013
L17_N2885,17,2885,1.9661903934320435e-05,0.006986971944570541,0.006986971944570541
L16_N5376,16,5376,0.0001464664237573743,-0.00697284983471036,0.00697284983471036
L14_N6780,14,6780,-0.0013946793042123318,-0.006967596709728241,0.006967596709728241
L12_N7358,12,7358,0.004269622731953859,0.006964942906051874,0.006964942906051874
L15_N11099,15,11099,-0.0042550936341285706,-0.00696396641433239,0.00696396641433239
L15_N976,15,976,0.001319115050137043,0.0069541954435408115,0.0069541954435408115
L17_N6913,17,6913,-0.0010474050650373101,-0.006950844544917345,0.006950844544917345
L14_N10969,14,10969,0.0009386232122778893,0.006947506219148636,0.006947506219148636
L22_N4209,22,4209,-0.002735296729952097,-0.006945163477212191,0.006945163477212191
L17_N12960,17,12960,-0.0009995654691010714,0.006941448897123337,0.006941448897123337
L19_N11122,19,11122,-0.001102364039979875,-0.0069334739819169044,0.0069334739819169044
L15_N3958,15,3958,-8.484587306156754e-05,-0.006931664887815714,0.006931664887815714
L18_N11017,18,11017,-0.004526402801275253,-0.0069297607988119125,0.0069297607988119125
L17_N6451,17,6451,-0.0011990588391199708,-0.0069277724251151085,0.0069277724251151085
L12_N995,12,995,-0.00036427174927666783,-0.0069257174618542194,0.0069257174618542194
L16_N5187,16,5187,0.0007220981060527265,-0.006920408923178911,0.006920408923178911
L18_N223,18,223,-0.0005531924543902278,-0.006916518323123455,0.006916518323123455
L12_N3025,12,3025,6.893128738738596e-05,-0.00691045168787241,0.00691045168787241
L14_N951,14,951,0.0012369437608867884,0.006909138057380915,0.006909138057380915
L17_N13281,17,13281,0.0005644627963192761,0.006909005809575319,0.006909005809575319
L25_N8010,25,8010,0.0018923365278169513,0.006908735726028681,0.006908735726028681
L14_N7853,14,7853,0.00216670916415751,0.006908628158271313,0.006908628158271313
L21_N8730,21,8730,-0.0027202521450817585,-0.006904386915266514,0.006904386915266514
L16_N8601,16,8601,-5.340429925126955e-05,-0.006899219937622547,0.006899219937622547
L19_N4375,19,4375,-0.0010487777180969715,-0.0068969931453466415,0.0068969931453466415
L14_N4340,14,4340,-5.59557838641922e-06,-0.0068905106745660305,0.0068905106745660305
L18_N5371,18,5371,0.00505403894931078,-0.00688684917986393,0.00688684917986393
L16_N11010,16,11010,-0.002255127066746354,-0.0068829054944217205,0.0068829054944217205
L16_N3710,16,3710,0.0012361231492832303,0.006881448905915022,0.006881448905915022
L14_N8090,14,8090,0.0018843013094738126,0.00687750056385994,0.00687750056385994
L14_N3445,14,3445,-0.006364613771438599,-0.006876257713884115,0.006876257713884115
L17_N10339,17,10339,0.00193021260201931,0.006875026971101761,0.006875026971101761
L16_N8002,16,8002,0.001463153283111751,0.006869249511510134,0.006869249511510134
L15_N14187,15,14187,-0.001491075148805976,0.006853173486888409,0.006853173486888409
L13_N5720,13,5720,0.004548212047666311,0.006851400248706341,0.006851400248706341
L14_N9261,14,9261,-0.0005999075947329402,-0.006840813439339399,0.006840813439339399
L21_N11192,21,11192,0.006772603373974562,0.006831408478319645,0.006831408478319645
L19_N5115,19,5115,0.002045316155999899,0.006831138860434294,0.006831138860434294
L12_N13006,12,13006,0.005031168926507235,0.006827122066169977,0.006827122066169977
L17_N7032,17,7032,-0.002353646093979478,-0.0068264314904809,0.0068264314904809
L12_N3164,12,3164,-0.0008092969073913991,-0.006826114375144243,0.006826114375144243
L15_N1381,15,1381,-0.0006687443819828331,-0.006823072209954262,0.006823072209954262
L13_N7913,13,7913,-0.0005078913527540863,-0.006820110138505697,0.006820110138505697
L17_N513,17,513,0.0005175137775950134,0.006819815840572119,0.006819815840572119
L17_N2969,17,2969,-0.0002363193198107183,0.0068150474689900875,0.0068150474689900875
L13_N6153,13,6153,0.003783081891015172,0.00681436387822032,0.00681436387822032
L13_N6745,13,6745,0.001370479236356914,0.0068138157948851585,0.0068138157948851585
L16_N5021,16,5021,0.0035843676887452602,0.0068133813329041,0.0068133813329041
L15_N11181,15,11181,-0.004071174189448357,0.006808945443481207,0.006808945443481207
L15_N5480,15,5480,-0.0025201572570949793,-0.006805769633501768,0.006805769633501768
L16_N936,16,936,0.0030359760858118534,-0.006802048068493605,0.006802048068493605
L14_N1858,14,1858,-0.0019986634142696857,-0.006793868727982044,0.006793868727982044
L19_N12028,19,12028,-0.0001656534877838567,0.0067938524298369884,0.0067938524298369884
L16_N2744,16,2744,0.0010634346399456263,0.006792319938540459,0.006792319938540459
L18_N14100,18,14100,-0.0004307250492274761,0.006780283525586128,0.006780283525586128
L17_N5269,17,5269,-0.00624926807358861,-0.006779261399060488,0.006779261399060488
L19_N7763,19,7763,-2.6943871489493176e-05,-0.006778426934033632,0.006778426934033632
L16_N6987,16,6987,-0.00021159459720365703,-0.00677113002166152,0.00677113002166152
L19_N10113,19,10113,0.005718642380088568,0.006762807257473469,0.006762807257473469
L15_N4497,15,4497,1.9182361938874237e-06,-0.006758302915841341,0.006758302915841341
L19_N11072,19,11072,0.0002519268891774118,-0.006755156442523003,0.006755156442523003
L14_N11327,14,11327,0.0008625716436654329,0.0067549096420407295,0.0067549096420407295
L14_N6888,14,6888,-1.2467407941585407e-05,-0.006754002533853054,0.006754002533853054
L16_N12097,16,12097,-0.0004204029100947082,-0.006752330809831619,0.006752330809831619
L13_N11662,13,11662,0.0025766154285520315,0.006750819273293018,0.006750819273293018
L15_N11330,15,11330,0.0032336951699107885,0.006750235799700022,0.006750235799700022
L14_N2273,14,2273,7.445341179845855e-05,-0.006749851629137993,0.006749851629137993
L19_N4513,19,4513,-0.002880027750506997,-0.006749251391738653,0.006749251391738653
L14_N10172,14,10172,-0.0018501465674489737,-0.006745869293808937,0.006745869293808937
L24_N1814,24,1814,-0.006442403886467218,-0.006745626218616962,0.006745626218616962
L18_N3396,18,3396,-2.0597219190676697e-05,0.006743291392922401,0.006743291392922401
L13_N2358,13,2358,-0.00019718750263564289,-0.006731943693011999,0.006731943693011999
L20_N1081,20,1081,0.005855009891092777,0.006724481005221605,0.006724481005221605
L16_N8856,16,8856,0.005707076750695705,0.006723138969391584,0.006723138969391584
L17_N3831,17,3831,-0.00021601039043162018,-0.006719055585563183,0.006719055585563183
L12_N12300,12,12300,-0.0010801877360790968,-0.006714290473610163,0.006714290473610163
L15_N5100,15,5100,8.112353680189699e-05,0.006713635753840208,0.006713635753840208
L18_N13950,18,13950,-0.007689389865845442,-0.006712709087878466,0.006712709087878466
L19_N3520,19,3520,-0.0022568891290575266,-0.0067125423811376095,0.0067125423811376095
L16_N1864,16,1864,-0.0002702191995922476,0.006708841770887375,0.006708841770887375
L16_N12937,16,12937,0.003507028566673398,0.006707681342959404,0.006707681342959404
L18_N14070,18,14070,-0.0011687905061990023,0.006706121377646923,0.006706121377646923
L16_N8115,16,8115,0.00600585388019681,0.006705828011035919,0.006705828011035919
L16_N11331,16,11331,0.0004470545973163098,0.006701775826513767,0.006701775826513767
L19_N13895,19,13895,0.0007535774493589997,0.006694226060062647,0.006694226060062647
L20_N2979,20,2979,0.002599286148324609,-0.006693939212709665,0.006693939212709665
L20_N9760,20,9760,0.0006692809402011335,-0.006692307535558939,0.006692307535558939
L16_N7434,16,7434,-0.00013426397345028818,-0.006691970396786928,0.006691970396786928
L14_N9984,14,9984,0.0012277470668777823,0.006690026726573706,0.006690026726573706
L15_N13441,15,13441,-0.0004847648669965565,-0.006689609028398991,0.006689609028398991
L15_N13327,15,13327,0.000839907384943217,0.006687622517347336,0.006687622517347336
L16_N13281,16,13281,-0.00012703119136858732,-0.0066841342486441135,0.0066841342486441135
L13_N3286,13,3286,-0.0004287990741431713,0.006683625280857086,0.006683625280857086
L16_N182,16,182,-0.0025516331661492586,-0.006676940713077784,0.006676940713077784
L14_N87,14,87,-0.000511711579747498,-0.006666842382401228,0.006666842382401228
L12_N9128,12,9128,-0.002540075685828924,-0.006659538950771093,0.006659538950771093
L18_N11979,18,11979,0.0004326176713220775,-0.0066556562669575214,0.0066556562669575214
L20_N6038,20,6038,0.0040342239663004875,0.006654821801930666,0.006654821801930666
L14_N758,14,758,-0.0005276771844364703,-0.006653117947280407,0.006653117947280407
L18_N12104,18,12104,0.0007951355655677617,0.006651753559708595,0.006651753559708595
L13_N449,13,449,0.0005694105639122427,0.006645208224654198,0.006645208224654198
L13_N11737,13,11737,-0.001066320575773716,-0.006640470586717129,0.006640470586717129
L18_N5528,18,5528,-0.0007869986584410071,0.006632447242736816,0.006632447242736816
L16_N7731,16,7731,-0.0023502956610172987,-0.006626381538808346,0.006626381538808346
L16_N5347,16,5347,0.0002643690968398005,-0.006624514237046242,0.006624514237046242
L22_N1544,22,1544,0.001681737252511084,0.0066232020035386086,0.0066232020035386086
L12_N6137,12,6137,0.000752588442992419,0.0066202315501868725,0.0066202315501868725
L18_N8671,18,8671,-0.0017772909486666322,-0.00661612069234252,0.00661612069234252
L15_N13924,15,13924,0.00047211992205120623,0.006612400524318218,0.006612400524318218
L25_N7791,25,7791,0.006977957207709551,0.006611939985305071,0.006611939985305071
L17_N11999,17,11999,-0.0009923981269821525,-0.006607559509575367,0.006607559509575367
L13_N14077,13,14077,0.000286551978206262,0.0066065238788723946,0.0066065238788723946
L26_N8456,26,8456,0.004270083270967007,0.006604701280593872,0.006604701280593872
L26_N5286,26,5286,-0.005079692229628563,-0.006604088936001062,0.006604088936001062
L19_N10266,19,10266,-0.003395914565771818,-0.00659930519759655,0.00659930519759655
L16_N524,16,524,-8.80551160662435e-05,-0.0065954565070569515,0.0065954565070569515
L17_N6734,17,6734,-0.0014537875540554523,-0.006594785489141941,0.006594785489141941
L16_N6805,16,6805,0.0010390771785750985,0.006579159293323755,0.006579159293323755
L13_N2184,13,2184,-0.006841212511062622,-0.006578820291906595,0.006578820291906595
L14_N2549,14,2549,0.000908649992197752,0.006576090585440397,0.006576090585440397
L14_N6973,14,6973,-0.0003201469371560961,-0.006569258403033018,0.006569258403033018
L16_N12805,16,12805,0.007090417202562094,0.0065669710747897625,0.0065669710747897625
L17_N12570,17,12570,-0.005532978568226099,-0.006565284449607134,0.006565284449607134
L16_N10577,16,10577,-0.0023747181985527277,-0.006562055088579655,0.006562055088579655
L12_N2254,12,2254,-0.00029789155814796686,-0.00655836658552289,0.00655836658552289
L19_N13947,19,13947,-0.0009796801023185253,-0.00655774213373661,0.00655774213373661
L18_N9419,18,9419,-0.0012729193549603224,-0.006556959822773933,0.006556959822773933
L16_N5033,16,5033,0.004879659507423639,0.006554019171744585,0.006554019171744585
L19_N13563,19,13563,-0.002139511751011014,-0.00654592365026474,0.00654592365026474
L17_N13729,17,13729,0.001385001465678215,0.006545674987137318,0.006545674987137318
L14_N12677,14,12677,0.0014320684131234884,0.006545018404722214,0.006545018404722214
L15_N1915,15,1915,-0.0033340558875352144,-0.006537575274705887,0.006537575274705887
L14_N9061,14,9061,0.0001785259082680568,-0.006535959430038929,0.006535959430038929
L16_N11987,16,11987,0.0036149483639746904,0.006532228551805019,0.006532228551805019
L15_N3218,15,3218,-0.004197790287435055,-0.0065317293629050255,0.0065317293629050255
L14_N12205,14,12205,-0.0008206192869693041,-0.006531150080263615,0.006531150080263615
L13_N11666,13,11666,-0.0025219018571078777,-0.006526833865791559,0.006526833865791559
L13_N3236,13,3236,-0.003207618370652199,-0.006526686251163483,0.006526686251163483
L16_N8599,16,8599,0.005057930015027523,0.006521494127810001,0.006521494127810001
L20_N5376,20,5376,0.0011427286081016064,-0.00651808874681592,0.00651808874681592
L20_N8849,20,8849,0.004054287914186716,0.0065140449441969395,0.0065140449441969395
L20_N13691,20,13691,0.003532191039994359,0.0065122684463858604,0.0065122684463858604
L23_N4802,23,4802,0.003350890940055251,0.00651012035086751,0.00651012035086751
L19_N11313,19,11313,0.001857609604485333,0.00650897528976202,0.00650897528976202
L16_N6826,16,6826,0.0037623848766088486,0.006507921498268843,0.006507921498268843
L15_N4461,15,4461,0.00014053382619749755,0.006506431382149458,0.006506431382149458
L17_N14159,17,14159,0.002008408075198531,0.006504184100776911,0.006504184100776911
L17_N6691,17,6691,-0.005845231935381889,-0.0064988271333277225,0.0064988271333277225
L25_N406,25,406,-0.005480188876390457,-0.006497236900031567,0.006497236900031567
L20_N11884,20,11884,-0.0025962258223444223,-0.0064917574636638165,0.0064917574636638165
L13_N14240,13,14240,-0.0007292156224139035,-0.006490291561931372,0.006490291561931372
L16_N13758,16,13758,0.006254251580685377,0.006483853794634342,0.006483853794634342
L16_N3564,16,3564,-0.0003292538458481431,-0.006481911055743694,0.006481911055743694
L13_N1957,13,1957,-0.0011138289701193571,-0.006477386225014925,0.006477386225014925
L13_N1410,13,1410,-0.00010387515067122877,0.006476237904280424,0.006476237904280424
L14_N7767,14,7767,0.0029656251426786184,0.0064738159999251366,0.0064738159999251366
L16_N8383,16,8383,-0.0019768879283219576,-0.006470138672739267,0.006470138672739267
L14_N1802,14,1802,-0.0002933467330876738,-0.006465984042733908,0.006465984042733908
L18_N1397,18,1397,0.0025388768408447504,0.006464460864663124,0.006464460864663124
L20_N10278,20,10278,0.000546277966350317,0.006458641495555639,0.006458641495555639
L13_N13650,13,13650,0.0033750664442777634,0.006457870360463858,0.006457870360463858
L20_N11010,20,11010,-0.000394193222746253,-0.006457827053964138,0.006457827053964138
L16_N9956,16,9956,-0.0016650912584736943,-0.006451773457229137,0.006451773457229137
L15_N5066,15,5066,0.001251758774742484,0.006450182758271694,0.006450182758271694
L12_N7597,12,7597,-0.00023034318292047828,-0.006448391359299421,0.006448391359299421
L13_N13867,13,13867,0.000653838156722486,0.006448143627494574,0.006448143627494574
L18_N4548,18,4548,0.0007871377165429294,-0.006447929888963699,0.006447929888963699
L19_N6465,19,6465,-3.082820330746472e-05,0.006446101702749729,0.006446101702749729
L18_N11259,18,11259,-0.0008165885228663683,-0.006445826962590218,0.006445826962590218
L16_N8926,16,8926,-0.00026046604034490883,-0.00644449470564723,0.00644449470564723
L16_N14185,16,14185,-9.854020754573867e-05,0.0064441729336977005,0.0064441729336977005
L12_N12584,12,12584,-0.00012558481830637902,-0.006441861391067505,0.006441861391067505
L18_N14213,18,14213,-0.0013436677400022745,-0.006437921896576881,0.006437921896576881
L19_N10288,19,10288,-0.0007500643259845674,-0.0064362590201199055,0.0064362590201199055
L13_N12059,13,12059,-0.006114008836448193,-0.0064345165155828,0.0064345165155828
L16_N7506,16,7506,-0.0019074298907071352,-0.0064329225569963455,0.0064329225569963455
L19_N14169,19,14169,-0.0006271119927987456,-0.0064281015656888485,0.0064281015656888485
L15_N9694,15,9694,0.0010732837254181504,-0.006410520989447832,0.006410520989447832
L17_N13435,17,13435,-0.0011840868974104524,-0.006407144013792276,0.006407144013792276
L20_N2356,20,2356,-0.0030520791187882423,-0.006404899060726166,0.006404899060726166
L23_N13141,23,13141,-0.003412780351936817,-0.006403174251317978,0.006403174251317978
L16_N7615,16,7615,-0.0007432434940710664,0.006400905083864927,0.006400905083864927
L17_N6808,17,6808,-0.006489498075097799,-0.006400126963853836,0.006400126963853836
L18_N9279,18,9279,-0.002681106561794877,-0.006397739984095097,0.006397739984095097
L15_N9405,15,9405,0.0002655257994774729,0.006392170209437609,0.006392170209437609
L18_N5314,18,5314,0.0002772487932816148,0.006389299873262644,0.006389299873262644
L20_N13936,20,13936,-0.00024958737776614726,-0.006389040499925613,0.006389040499925613
L22_N4433,22,4433,0.0006147121312096715,-0.006383371539413929,0.006383371539413929
L14_N2412,14,2412,0.006755026523023844,0.00638257060199976,0.00638257060199976
L17_N13161,17,13161,-0.0025345657486468554,-0.0063766976818442345,0.0063766976818442345
L18_N6868,18,6868,0.0025303042493760586,0.0063747563399374485,0.0063747563399374485
L12_N13120,12,13120,0.00038218204281292856,0.006373479496687651,0.006373479496687651
L12_N12810,12,12810,-0.0037471214309334755,-0.006373060867190361,0.006373060867190361
L25_N842,25,842,-0.004535345826297998,-0.006371964700520039,0.006371964700520039
L21_N6368,21,6368,0.006191772874444723,0.006366413552314043,0.006366413552314043
L12_N10021,12,10021,0.0016773134702816606,0.0063659073784947395,0.0063659073784947395
L17_N13589,17,13589,0.004565421026200056,0.006363506428897381,0.006363506428897381
L19_N1443,19,1443,-0.004558284766972065,-0.006363423075526953,0.006363423075526953
L20_N1502,20,1502,0.003865792416036129,0.006363259628415108,0.006363259628415108
L19_N13243,19,13243,-0.00513989944010973,-0.006359866354614496,0.006359866354614496
L19_N6875,19,6875,-0.0009750267490744591,-0.0063585215248167515,0.0063585215248167515
L26_N6704,26,6704,0.005336254369467497,0.00635660532861948,0.00635660532861948
L14_N7707,14,7707,0.006164131220430136,0.006353114731609821,0.006353114731609821
L18_N1121,18,1121,0.0005049009341746569,-0.006352786906063557,0.006352786906063557
L26_N511,26,511,-0.005437989719212055,-0.006351708900183439,0.006351708900183439
L14_N3533,14,3533,0.0013031333219259977,0.006350374314934015,0.006350374314934015
L20_N10646,20,10646,-0.0036254252772778273,-0.006349741015583277,0.006349741015583277
L21_N9082,21,9082,0.004850609228014946,0.0063480171374976635,0.0063480171374976635
L17_N13346,17,13346,0.0007004915387369692,0.006343575194478035,0.006343575194478035
L18_N11890,18,11890,0.003470438066869974,0.0063431039452552795,0.0063431039452552795
L26_N9754,26,9754,-0.003192602191120386,-0.006340130232274532,0.006340130232274532
L14_N10851,14,10851,0.0018622730858623981,0.006339211016893387,0.006339211016893387
L18_N4266,18,4266,-0.003195627825334668,-0.006337613333016634,0.006337613333016634
L12_N2336,12,2336,-0.0014189766952767968,-0.006336307618767023,0.006336307618767023
L14_N537,14,537,0.00035117880906909704,0.006336007732897997,0.006336007732897997
L13_N9677,13,9677,-0.0015142866177484393,-0.006333608645945787,0.006333608645945787
L15_N1215,15,1215,0.004206187557429075,0.006332396063953638,0.006332396063953638
L14_N3461,14,3461,-0.0008439343073405325,-0.006328206043690443,0.006328206043690443
L22_N5193,22,5193,-0.006413077004253864,-0.006320927292108536,0.006320927292108536
L21_N1841,21,1841,-0.0001226179301738739,-0.006320057902485132,0.006320057902485132
L12_N11027,12,11027,-0.0030803075060248375,-0.006319214589893818,0.006319214589893818
L13_N13103,13,13103,0.00045526769827120006,0.006318922620266676,0.006318922620266676
L17_N4581,17,4581,0.0001766864297678694,0.006317450199276209,0.006317450199276209
L15_N7618,15,7618,0.00037965402589179575,-0.0063119251281023026,0.0063119251281023026
L13_N7088,13,7088,0.0013275055680423975,0.0063114590011537075,0.0063114590011537075
L26_N9783,26,9783,0.0068496223539114,0.006309689953923225,0.006309689953923225
L16_N14223,16,14223,0.0003068632504437119,0.006306812632828951,0.006306812632828951
L12_N1330,12,1330,-0.00016840164607856423,0.00630209082737565,0.00630209082737565
L16_N11504,16,11504,0.003585421945899725,0.006293448619544506,0.006293448619544506
L14_N4633,14,4633,0.002086525782942772,0.006291797384619713,0.006291797384619713
L13_N12881,13,12881,0.0052106031216681,0.00628437427803874,0.00628437427803874
L15_N11766,15,11766,0.0025970980059355497,0.006284330505877733,0.006284330505877733
L23_N3486,23,3486,0.0033493321388959885,0.006274158135056496,0.006274158135056496
L18_N12666,18,12666,-0.0005515007069334388,0.006271697115153074,0.006271697115153074
L13_N825,13,825,-0.0005073508364148438,0.006269059609621763,0.006269059609621763
L15_N12783,15,12783,-0.00033234377042390406,0.006268019322305918,0.006268019322305918
L19_N13275,19,13275,0.00016405839414801449,0.006261535454541445,0.006261535454541445
L12_N6596,12,6596,0.00024837313685566187,-0.006260975729674101,0.006260975729674101
L12_N13833,12,13833,-0.0057800691574811935,-0.006260497961193323,0.006260497961193323
L14_N5535,14,5535,-0.0008350976277142763,-0.006250809878110886,0.006250809878110886
L22_N5523,22,5523,-0.0023243469186127186,-0.006245503202080727,0.006245503202080727
L23_N306,23,306,-0.002498138463124633,-0.006242692936211824,0.006242692936211824
L19_N6092,19,6092,-0.0003465743502601981,-0.006242535542696714,0.006242535542696714
L14_N13182,14,13182,0.00036359968362376094,0.006232685875147581,0.006232685875147581
L15_N7233,15,7233,0.005320368334650993,0.006229879334568977,0.006229879334568977
L17_N9890,17,9890,0.002749810228124261,0.006227847654372454,0.006227847654372454
L16_N12931,16,12931,0.007212089840322733,0.006227845326066017,0.006227845326066017
L14_N13902,14,13902,0.0017941301921382546,0.0062269908376038074,0.0062269908376038074
L20_N12279,20,12279,0.0044930740259587765,0.0062241628766059875,0.0062241628766059875
L17_N6925,17,6925,-0.0031561749055981636,-0.006223172415047884,0.006223172415047884
L13_N8333,13,8333,0.0002356277109356597,0.006220037583261728,0.006220037583261728
L26_N2541,26,2541,0.000680000928696245,0.00621934374794364,0.00621934374794364
L15_N3158,15,3158,0.0009708356810733676,0.006214017979800701,0.006214017979800701
L12_N11340,12,11340,0.00015353213530033827,0.006210565101355314,0.006210565101355314
L12_N12764,12,12764,-0.0008090078481473029,0.0062096016481518745,0.0062096016481518745
L16_N5599,16,5599,0.0004011009878013283,0.0062081958167254925,0.0062081958167254925
L20_N12900,20,12900,0.0007004556828178465,0.006203005090355873,0.006203005090355873
L19_N10193,19,10193,0.000243715665419586,0.0062011899426579475,0.0062011899426579475
L23_N3923,23,3923,-0.004764843732118607,-0.006183633115142584,0.006183633115142584
L13_N5325,13,5325,0.0015271841548383236,0.0061831106431782246,0.0061831106431782246
L18_N45,18,45,7.735194230917841e-05,0.006181919947266579,0.006181919947266579
L12_N5416,12,5416,-0.00030290454742498696,-0.006181641481816769,0.006181641481816769
L14_N6570,14,6570,0.0010806509526446462,0.006180005148053169,0.006180005148053169
L19_N2386,19,2386,0.0022468147799372673,0.006175295915454626,0.006175295915454626
L19_N2841,19,2841,-0.0020770307164639235,-0.006174539681524038,0.006174539681524038
L25_N2887,25,2887,-0.005409490317106247,-0.006173274479806423,0.006173274479806423
L17_N3963,17,3963,0.0005406943382695317,0.0061722020618617535,0.0061722020618617535
L16_N13604,16,13604,-8.970519411377609e-05,0.006171626504510641,0.006171626504510641
L19_N10054,19,10054,1.333056661678711e-05,-0.00616306159645319,0.00616306159645319
L17_N13186,17,13186,-0.0007141054957173765,-0.006161980796605349,0.006161980796605349
L21_N5700,21,5700,-0.00010464609658811241,-0.006157395429909229,0.006157395429909229
L20_N2238,20,2238,-0.001102202688343823,0.006155539304018021,0.006155539304018021
L12_N9068,12,9068,0.000281617947621271,0.0061547295190393925,0.0061547295190393925
L13_N9679,13,9679,-0.0010100806830450892,-0.00615323381498456,0.00615323381498456
L19_N5451,19,5451,0.001747317728586495,0.006152914837002754,0.006152914837002754
L12_N3402,12,3402,-0.004508055280894041,-0.006152735091745853,0.006152735091745853
L21_N1011,21,1011,-0.002612751442939043,-0.006149710156023502,0.006149710156023502
L26_N1943,26,1943,-0.004220237024128437,-0.006148606538772583,0.006148606538772583
L16_N8453,16,8453,0.0005668320809490979,0.0061432793736457825,0.0061432793736457825
L22_N11569,22,11569,0.00019129835709463805,-0.006142588797956705,0.006142588797956705
L20_N1490,20,1490,0.006510408595204353,0.0061418148688972,0.0061418148688972
L13_N7550,13,7550,8.97748104762286e-05,0.006140132900327444,0.006140132900327444
L15_N4380,15,4380,0.0049470034427940845,0.006139714736491442,0.006139714736491442
L19_N4484,19,4484,0.0006263903924264014,0.006138386204838753,0.006138386204838753
L14_N12201,14,12201,0.001030894462019205,0.006138008553534746,0.006138008553534746
L25_N9209,25,9209,0.00748813059180975,0.006136456038802862,0.006136456038802862
L21_N10589,21,10589,-0.003996802493929863,-0.006135107018053532,0.006135107018053532
L18_N754,18,754,0.0012144652428105474,0.0061343698762357235,0.0061343698762357235
L20_N12109,20,12109,0.00021850121265742928,-0.0061331624165177345,0.0061331624165177345
L18_N3102,18,3102,-0.000172926826053299,0.006130711175501347,0.006130711175501347
L17_N3485,17,3485,-0.003130466677248478,-0.006129617802798748,0.006129617802798748
L22_N14108,22,14108,-0.0005497982492670417,-0.006125807762145996,0.006125807762145996
L15_N7655,15,7655,-0.00036594067933037877,-0.006124130450189114,0.006124130450189114
L19_N569,19,569,-0.00601257523521781,-0.006123560946434736,0.006123560946434736
L12_N7548,12,7548,0.000126314684166573,-0.006121593527495861,0.006121593527495861
L21_N2594,21,2594,0.0019710022024810314,0.00611666776239872,0.00611666776239872
L23_N6441,23,6441,-0.006384989246726036,-0.006113538518548012,0.006113538518548012
L18_N13661,18,13661,0.00042931249481625855,-0.006111001130193472,0.006111001130193472
L18_N5162,18,5162,0.0004080255748704076,0.006109512876719236,0.006109512876719236
L20_N12141,20,12141,0.00019754617824219167,-0.006108108442276716,0.006108108442276716
L17_N4219,17,4219,-0.0007197322556748986,-0.0061073931865394115,0.0061073931865394115
L14_N5889,14,5889,-0.0022249515168368816,-0.006103017833083868,0.006103017833083868
L19_N13761,19,13761,0.0010110337752848864,-0.006096601951867342,0.006096601951867342
L15_N4468,15,4468,-0.001556859351694584,-0.006095923017710447,0.006095923017710447
L12_N4702,12,4702,-0.0012221328215673566,-0.006095110438764095,0.006095110438764095
L12_N2971,12,2971,-0.00013386935461312532,-0.0060947067104279995,0.0060947067104279995
L15_N9449,15,9449,0.0001665161835262552,0.006091979797929525,0.006091979797929525
L12_N8655,12,8655,-0.0006914015975780785,-0.006091970019042492,0.006091970019042492
L13_N11980,13,11980,-0.0034902128390967846,-0.006084138993173838,0.006084138993173838
L18_N8547,18,8547,8.369677379960194e-05,-0.006077295169234276,0.006077295169234276
L19_N10738,19,10738,0.00021928879141341895,0.006072139833122492,0.006072139833122492
L17_N5030,17,5030,-0.007055990397930145,-0.006069125607609749,0.006069125607609749
L20_N8538,20,8538,0.0005815729964524508,-0.006066341884434223,0.006066341884434223
L17_N9261,17,9261,8.485784201184288e-05,0.006064399611204863,0.006064399611204863
L14_N6736,14,6736,-0.00048163477913476527,0.006063475739210844,0.006063475739210844
L12_N2440,12,2440,0.001797527656890452,0.006060565356165171,0.006060565356165171
L14_N5763,14,5763,-0.0011531736236065626,-0.006058472208678722,0.006058472208678722
L18_N1363,18,1363,0.00019364847685210407,0.0060537271201610565,0.0060537271201610565
L17_N4533,17,4533,0.0007496034377254546,0.006052644457668066,0.006052644457668066
L16_N11559,16,11559,0.00160334468819201,0.006050593219697475,0.006050593219697475
L15_N7294,15,7294,0.0008960649138316512,0.006045819725841284,0.006045819725841284
L16_N10048,16,10048,0.00547325424849987,0.006041808985173702,0.006041808985173702
L14_N10491,14,10491,0.004423236474394798,0.006041787099093199,0.006041787099093199
L17_N4104,17,4104,0.005303292069584131,0.006036987993866205,0.006036987993866205
L14_N2416,14,2416,-0.0006712490576319396,-0.006031163036823273,0.006031163036823273
L20_N7440,20,7440,-0.0007710633799433708,-0.006027990952134132,0.006027990952134132
L22_N4108,22,4108,-0.005404803901910782,-0.006026908289641142,0.006026908289641142
L20_N14146,20,14146,0.00010691012721508741,-0.006022584158927202,0.006022584158927202
L18_N151,18,151,0.0007518863421864808,0.006019652355462313,0.006019652355462313
L18_N13864,18,13864,-0.0012813715729862452,-0.006019303109496832,0.006019303109496832
L15_N4344,15,4344,-0.004488047212362289,-0.006018389016389847,0.006018389016389847
L25_N11944,25,11944,-0.0008865513955242932,0.0060177878476679325,0.0060177878476679325
L17_N4701,17,4701,0.0004975342890247703,-0.006017000414431095,0.006017000414431095
L17_N1308,17,1308,0.00013203061826061457,0.0060168178752064705,0.0060168178752064705
L15_N9651,15,9651,-0.0048139868304133415,-0.0060145058669149876,0.0060145058669149876
L16_N5310,16,5310,-0.0001822069607442245,-0.00601043738424778,0.00601043738424778
L12_N2723,12,2723,-0.003474031575024128,-0.006005081348121166,0.006005081348121166
L16_N12011,16,12011,-0.00127869239076972,-0.006004958413541317,0.006004958413541317
L20_N3078,20,3078,-0.0005201835883781314,0.006004666443914175,0.006004666443914175
L25_N4354,25,4354,0.0001072705490514636,0.006003807298839092,0.006003807298839092
L16_N8412,16,8412,-0.0012975467834621668,-0.00600031204521656,0.00600031204521656
L13_N5458,13,5458,0.0010142086539417505,0.005999050568789244,0.005999050568789244
L13_N8903,13,8903,0.0005973075749352574,0.005991210229694843,0.005991210229694843
L14_N11519,14,11519,-0.002000550739467144,-0.005989505909383297,0.005989505909383297
L12_N8201,12,8201,-0.0007216559606604278,-0.005986941047012806,0.005986941047012806
L21_N2205,21,2205,-0.0045654806308448315,-0.005983517970889807,0.005983517970889807
L16_N1374,16,1374,0.004354769363999367,0.005980637855827808,0.005980637855827808
L19_N6568,19,6568,0.0005370926228351891,-0.005980071611702442,0.005980071611702442
L17_N13962,17,13962,-0.0009027650812640786,-0.005977025721222162,0.005977025721222162
L14_N3980,14,3980,0.0012370282784104347,0.005971933249384165,0.005971933249384165
L14_N5500,14,5500,0.0028162773232907057,0.0059717264957726,0.0059717264957726
L20_N10107,20,10107,0.0034987383987754583,0.005971165373921394,0.005971165373921394
L17_N171,17,171,-9.150982077699155e-05,-0.005970574449747801,0.005970574449747801
L16_N2320,16,2320,0.002979984739795327,0.005969591438770294,0.005969591438770294
L14_N3505,14,3505,-0.0012663836823776364,-0.005967800505459309,0.005967800505459309
L14_N9188,14,9188,-0.00034480748581700027,0.005964687094092369,0.005964687094092369
L18_N3374,18,3374,-0.004227448720484972,-0.00596134876832366,0.00596134876832366
L17_N4949,17,4949,0.0057776812463998795,0.0059580872766673565,0.0059580872766673565
L15_N14092,15,14092,0.0017424382967874408,0.005955843720585108,0.005955843720585108
L17_N4816,17,4816,-0.00019267592870164663,-0.005954324267804623,0.005954324267804623
L19_N2006,19,2006,-0.0008018228691071272,-0.005949618760496378,0.005949618760496378
L17_N354,17,354,-5.920862531638704e-05,-0.005948998499661684,0.005948998499661684
L14_N3605,14,3605,0.00195832340978086,0.005944275762885809,0.005944275762885809
L18_N1299,18,1299,-0.0005231167306192219,0.00594316516071558,0.00594316516071558
L17_N1121,17,1121,0.004449077416211367,0.005942918360233307,0.005942918360233307
L18_N5177,18,5177,0.00259950733743608,0.005940558388829231,0.005940558388829231
L20_N7469,20,7469,-0.00022210521274246275,-0.00594038050621748,0.00594038050621748
L21_N9782,21,9782,0.00604788213968277,0.005940367933362722,0.005940367933362722
L16_N3147,16,3147,0.0034266458824276924,0.005939363036304712,0.005939363036304712
L21_N905,21,905,-0.0025848604273051023,-0.005935309920459986,0.005935309920459986
L18_N2434,18,2434,-0.0021484619937837124,-0.0059353057295084,0.0059353057295084
L12_N12893,12,12893,-3.0604737730755005e-06,-0.0059321061708033085,0.0059321061708033085
L18_N10807,18,10807,0.004361170344054699,0.005927492398768663,0.005927492398768663
L13_N6356,13,6356,0.004403280094265938,0.0059200432151556015,0.0059200432151556015
L12_N11556,12,11556,-0.00047200534027069807,-0.005919591523706913,0.005919591523706913
L16_N11886,16,11886,-0.00144962000194937,0.0059172180481255054,0.0059172180481255054
L16_N7388,16,7388,0.0009327614679932594,0.005914758425205946,0.005914758425205946
L16_N8205,16,8205,-0.005706090945750475,-0.005913502536714077,0.005913502536714077
L14_N12362,14,12362,0.0037925979122519493,0.0059035103768110275,0.0059035103768110275
L12_N11105,12,11105,0.002705399179831147,0.005902986973524094,0.005902986973524094
L19_N13871,19,13871,-0.0006390757043845952,-0.005900442134588957,0.005900442134588957
L14_N13716,14,13716,0.000225647643674165,0.005899176467210054,0.005899176467210054
L17_N13126,17,13126,-0.006989647168666124,-0.005894368514418602,0.005894368514418602
L14_N4020,14,4020,0.00028224269044585526,0.005894360598176718,0.005894360598176718
L20_N14290,20,14290,0.0001780477905413136,-0.005890225525945425,0.005890225525945425
L19_N13012,19,13012,0.004192238673567772,0.005887630861252546,0.005887630861252546
L15_N1345,15,1345,-0.0026542572304606438,-0.005885484628379345,0.005885484628379345
L12_N254,12,254,-0.0025426994543522596,-0.005885081831365824,0.005885081831365824
L15_N6717,15,6717,-0.001008510240353644,-0.005879930220544338,0.005879930220544338
L14_N2741,14,2741,0.0003536127624101937,0.005876640323549509,0.005876640323549509
L17_N3958,17,3958,0.0004548583528958261,0.005873572081327438,0.005873572081327438
L17_N10807,17,10807,-0.00018679698405321687,-0.0058731078170239925,0.0058731078170239925
L17_N9250,17,9250,0.001849604770541191,0.005872471258044243,0.005872471258044243
L15_N5681,15,5681,-0.00010656334779923782,0.005870024207979441,0.005870024207979441
L16_N7384,16,7384,-0.001098254811950028,-0.005868243984878063,0.005868243984878063
L14_N13061,14,13061,0.0029868625570088625,0.005866598337888718,0.005866598337888718
L13_N6293,13,6293,0.0017650683876127005,0.005864727310836315,0.005864727310836315
L20_N5692,20,5692,0.0003536400618031621,0.00586287397891283,0.00586287397891283
L17_N1055,17,1055,-0.0002631741517689079,0.005855640396475792,0.005855640396475792
L19_N6022,19,6022,-0.003178873099386692,-0.005854333750903606,0.005854333750903606
L16_N6497,16,6497,-0.0009592408896423876,-0.005854273214936256,0.005854273214936256
L15_N8409,15,8409,0.001451975549571216,0.005852087400853634,0.005852087400853634
L13_N3640,13,3640,-0.0014427319401875138,-0.005849294830113649,0.005849294830113649
L19_N454,19,454,-0.0005655051791109145,-0.005848015192896128,0.005848015192896128
L16_N11368,16,11368,0.0036919161211699247,0.005842926446348429,0.005842926446348429
L21_N3447,21,3447,-0.00017240938905160874,-0.00584207521751523,0.00584207521751523
L25_N12046,25,12046,0.0007513423915952444,0.005838525481522083,0.005838525481522083
L18_N419,18,419,-0.0011016508797183633,-0.005838159006088972,0.005838159006088972
L14_N12753,14,12753,0.0031317078974097967,0.0058380053378641605,0.0058380053378641605
L23_N11124,23,11124,-0.0008244750206358731,-0.005837412551045418,0.005837412551045418
L19_N12004,19,12004,-1.6166044588317163e-05,0.0058350651524960995,0.0058350651524960995
L16_N10800,16,10800,-0.00037453437107615173,-0.005834230221807957,0.005834230221807957
L15_N4561,15,4561,0.0014933861093595624,0.005832548253238201,0.005832548253238201
L18_N53,18,53,-0.00021430304332170635,-0.005830167792737484,0.005830167792737484
L14_N4693,14,4693,-0.0006346339359879494,-0.005829454865306616,0.005829454865306616
L17_N4884,17,4884,-0.002227106364443898,-0.005828359629958868,0.005828359629958868
L14_N11462,14,11462,-1.0887604275922058e-06,0.005825010593980551,0.005825010593980551
L24_N6584,24,6584,-0.004419676028192043,-0.005824940744787455,0.005824940744787455
L19_N7647,19,7647,0.0018927787896245718,0.005824900232255459,0.005824900232255459
L17_N11287,17,11287,0.003776741214096546,0.005824851803481579,0.005824851803481579
L25_N7428,25,7428,-0.004745904356241226,-0.0058227414265275,0.0058227414265275
L19_N1943,19,1943,0.003775437129661441,0.005818486213684082,0.005818486213684082
L14_N11435,14,11435,0.005906954873353243,0.005816502496600151,0.005816502496600151
L15_N8147,15,8147,-0.003258346812799573,-0.005815018899738789,0.005815018899738789
L22_N208,22,208,-0.0025584008544683456,-0.005810711067169905,0.005810711067169905
L15_N1494,15,1494,0.007726444397121668,0.005807672627270222,0.005807672627270222
L15_N1080,15,1080,0.0018686054972931743,0.0057954988442361355,0.0057954988442361355
L14_N5764,14,5764,5.184979454497807e-05,0.005792766343802214,0.005792766343802214
L15_N11113,15,11113,-0.0002964691666420549,0.005788004491478205,0.005788004491478205
L13_N10472,13,10472,0.0025676400400698185,0.005780670791864395,0.005780670791864395
L14_N11899,14,11899,-0.0003663686802610755,0.005779782775789499,0.005779782775789499
L15_N780,15,780,-0.0015753308543935418,-0.005777606274932623,0.005777606274932623
L16_N10860,16,10860,-0.0003511097456794232,-0.005776721518486738,0.005776721518486738
L14_N9273,14,9273,-0.00021847394236829132,-0.005776470992714167,0.005776470992714167
L19_N9535,19,9535,0.0024987913202494383,0.005770486779510975,0.005770486779510975
L24_N12144,24,12144,-0.005658153910189867,-0.005770375020802021,0.005770375020802021
L17_N167,17,167,0.0014421910746023059,0.005769479554146528,0.005769479554146528
L20_N2662,20,2662,0.007053704932332039,0.0057691605761647224,0.0057691605761647224
L15_N12585,15,12585,-0.0016473515424877405,-0.005764715373516083,0.005764715373516083
L23_N12238,23,12238,0.00024835701333358884,0.005762937944382429,0.005762937944382429
L12_N626,12,626,0.0007308353669941425,-0.005761212669312954,0.005761212669312954
L16_N3327,16,3327,0.0009139622561633587,0.005760916043072939,0.005760916043072939
L23_N6955,23,6955,-0.0006402076105587184,0.00575951999053359,0.00575951999053359
L22_N11642,22,11642,0.0006480058073066175,0.005758384242653847,0.005758384242653847
L12_N1181,12,1181,0.00010278748231939971,-0.005754044279456139,0.005754044279456139
L15_N3008,15,3008,0.00012475829862523824,0.005752225872129202,0.005752225872129202
L18_N14196,18,14196,0.00017284009663853794,-0.005751680117100477,0.005751680117100477
L17_N1377,17,1377,0.0006116082076914608,0.0057512568309903145,0.0057512568309903145
L16_N9575,16,9575,-0.001493592164479196,-0.005749434698373079,0.005749434698373079
L21_N9890,21,9890,-0.006167099345475435,-0.005743400659412146,0.005743400659412146
L19_N2039,19,2039,-0.0008672790718264878,-0.005743319168686867,0.005743319168686867
L20_N234,20,234,-2.088252040266525e-05,0.005740339867770672,0.005740339867770672
L17_N4964,17,4964,-0.0006208923296071589,-0.0057401531375944614,0.0057401531375944614
L14_N6673,14,6673,-0.0006808073376305401,-0.00573895825073123,0.00573895825073123
L26_N12575,26,12575,0.004965567030012608,0.005736319813877344,0.005736319813877344
L17_N7522,17,7522,-0.00598076032474637,-0.005731427576392889,0.005731427576392889
L19_N11055,19,11055,0.005410002078860998,0.005731331184506416,0.005731331184506416
L19_N7540,19,7540,-0.004205726087093353,-0.005726331379264593,0.005726331379264593
L19_N12130,19,12130,0.00011989861377514899,-0.0057260990142822266,0.0057260990142822266
L14_N2563,14,2563,-2.6497886210563593e-05,-0.005725738126784563,0.005725738126784563
L14_N10067,14,10067,-0.000265892333118245,0.005724901333451271,0.005724901333451271
L15_N2626,15,2626,-0.004026689101010561,-0.005720300134271383,0.005720300134271383
L19_N8964,19,8964,0.002527175471186638,0.005719092674553394,0.005719092674553394
L15_N13493,15,13493,0.0004270148929208517,0.005718045402318239,0.005718045402318239
L13_N13342,13,13342,0.0015858551487326622,0.005717959720641375,0.005717959720641375
L12_N6183,12,6183,0.0001313344546360895,0.005716064479202032,0.005716064479202032
L14_N8761,14,8761,-0.004169747699052095,-0.005710179451853037,0.005710179451853037
L18_N2089,18,2089,0.004235565662384033,0.005706846714019775,0.005706846714019775
L12_N11850,12,11850,0.00020254869014024734,0.0057009123265743256,0.0057009123265743256
L21_N9535,21,9535,0.000623157829977572,0.005699708126485348,0.005699708126485348
L17_N2720,17,2720,0.001274586422368884,0.005698049906641245,0.005698049906641245
L19_N8524,19,8524,0.00018756712961476296,0.0056967162527143955,0.0056967162527143955
L17_N4862,17,4862,0.00011461208487162367,0.005696376319974661,0.005696376319974661
L18_N3134,18,3134,-0.002871444681659341,-0.005696128588169813,0.005696128588169813
L18_N12511,18,12511,-0.00582268787547946,-0.00569436838850379,0.00569436838850379
L13_N6846,13,6846,-0.002265254268422723,-0.005693919491022825,0.005693919491022825
L12_N12124,12,12124,0.00015826734306756407,-0.0056916531175374985,0.0056916531175374985
L18_N2582,18,2582,0.0007021290366537869,0.005691504571586847,0.005691504571586847
L18_N7372,18,7372,-0.002853939076885581,-0.005691464990377426,0.005691464990377426
L20_N4796,20,4796,0.00017410595319233835,0.005689450539648533,0.005689450539648533
L20_N9205,20,9205,0.0008286933298222721,0.005688792560249567,0.005688792560249567
L19_N11259,19,11259,0.003367531346157193,0.005688558332622051,0.005688558332622051
L19_N6053,19,6053,-0.0005406402633525431,-0.005684545263648033,0.005684545263648033
L13_N9053,13,9053,-0.002056257566437125,-0.005684136878699064,0.005684136878699064
L18_N14282,18,14282,0.001985507318750024,0.0056820218451321125,0.0056820218451321125
L13_N10489,13,10489,0.004662924446165562,0.005680294241756201,0.005680294241756201
L15_N6119,15,6119,0.004702128469944,0.005677966400980949,0.005677966400980949
L16_N9789,16,9789,-0.0018869048217311502,-0.005676282569766045,0.005676282569766045
L19_N3316,19,3316,-0.0008740332559682429,-0.005674801766872406,0.005674801766872406
L18_N9217,18,9217,-0.00011903190898010507,-0.005674016196280718,0.005674016196280718
L21_N6243,21,6243,-0.0005039519746787846,-0.005673086736351252,0.005673086736351252
L20_N10203,20,10203,0.0002806443953886628,0.005672554485499859,0.005672554485499859
L21_N188,21,188,-0.004369301255792379,-0.0056708864867687225,0.0056708864867687225
L18_N6223,18,6223,-0.0010758189018815756,-0.005668757017701864,0.005668757017701864
L19_N8690,19,8690,5.888902524020523e-05,-0.005666676443070173,0.005666676443070173
L16_N4278,16,4278,-0.0017813368467614055,-0.005666096694767475,0.005666096694767475
L13_N7723,13,7723,0.001648029312491417,0.005664716009050608,0.005664716009050608
L19_N10256,19,10256,0.000683942053001374,0.005663919262588024,0.005663919262588024
L26_N2335,26,2335,-0.005611111875623465,-0.005663292482495308,0.005663292482495308
L20_N7428,20,7428,0.00019269179028924555,0.0056576053611934185,0.0056576053611934185
L16_N2413,16,2413,-0.0005752600263804197,-0.005656556226313114,0.005656556226313114
L14_N2497,14,2497,9.881332516670227e-07,-0.005655405577272177,0.005655405577272177
L23_N9449,23,9449,-0.005550208501517773,-0.005654467735439539,0.005654467735439539
L13_N8674,13,8674,-0.00029617774998769164,0.005653869826346636,0.005653869826346636
L18_N1676,18,1676,-0.004803288262337446,-0.00565281743183732,0.00565281743183732
L15_N13008,15,13008,-0.000291928939986974,0.005650686100125313,0.005650686100125313
L14_N13032,14,13032,-0.0007069308194331825,-0.00564845185726881,0.00564845185726881
L14_N5805,14,5805,-0.00042073053191415966,-0.005647349637001753,0.005647349637001753
L15_N6708,15,6708,-0.000785886833909899,-0.005646074656397104,0.005646074656397104
L15_N7050,15,7050,-0.001806213054805994,-0.005644579418003559,0.005644579418003559
L19_N11643,19,11643,-0.0012755491770803928,-0.005641516298055649,0.005641516298055649
L14_N7284,14,7284,0.0013535633916035295,0.005641043186187744,0.005641043186187744
L17_N10925,17,10925,0.0009243805543519557,-0.005638170056045055,0.005638170056045055
L13_N12408,13,12408,3.527929584379308e-05,0.00563563359901309,0.00563563359901309
L24_N9483,24,9483,0.0018668523989617825,0.005635525099933147,0.005635525099933147
L14_N10517,14,10517,0.0005052974447607994,0.005633961409330368,0.005633961409330368
L20_N568,20,568,0.00030132176470942795,0.0056333537213504314,0.0056333537213504314
L12_N2015,12,2015,-0.0008297571330331266,0.0056329574435949326,0.0056329574435949326
L21_N4397,21,4397,-0.006810000166296959,-0.005628806073218584,0.005628806073218584
L18_N14014,18,14014,-0.00030400592368096113,0.0056280894204974174,0.0056280894204974174
L20_N10343,20,10343,-0.000688932545017451,0.005626245401799679,0.005626245401799679
L16_N7613,16,7613,0.0017148867482319474,0.005625562742352486,0.005625562742352486
L15_N10088,15,10088,0.005823357496410608,0.005625041667371988,0.005625041667371988
L21_N5091,21,5091,0.006240643095225096,0.005624458659440279,0.005624458659440279
L22_N4767,22,4767,-0.0007739134016446769,-0.0056236484088003635,0.0056236484088003635
L20_N3738,20,3738,0.005310364067554474,0.00562294339761138,0.00562294339761138
L19_N11813,19,11813,0.0014846334233880043,0.005622923839837313,0.005622923839837313
L13_N13066,13,13066,0.000344734697137028,0.005622540600597858,0.005622540600597858
L15_N1377,15,1377,-0.002214142819866538,-0.0056218551471829414,0.0056218551471829414
L16_N4794,16,4794,-5.6968085118569434e-05,0.00562098016962409,0.00562098016962409
L14_N10269,14,10269,-0.00038052687887102365,-0.005614017602056265,0.005614017602056265
L14_N14133,14,14133,-0.0003280530800111592,-0.005609934683889151,0.005609934683889151
L13_N12436,13,12436,0.001013788627460599,0.005609920248389244,0.005609920248389244
L26_N12020,26,12020,0.0001077396227628924,-0.005606174003332853,0.005606174003332853
L13_N6714,13,6714,0.0006179803749546409,0.005603184923529625,0.005603184923529625
L17_N6445,17,6445,0.002385647501796484,0.005602980963885784,0.005602980963885784
L26_N4164,26,4164,-0.005072955973446369,-0.005602968391031027,0.005602968391031027
L20_N12946,20,12946,-0.0034506209194660187,-0.005601674318313599,0.005601674318313599
L21_N12854,21,12854,-0.000403240934247151,-0.005601649172604084,0.005601649172604084
L16_N13510,16,13510,-0.00017891707830131054,-0.005599421914666891,0.005599421914666891
L16_N10418,16,10418,0.002686484018340707,0.005596332252025604,0.005596332252025604
L17_N8099,17,8099,-0.0013936267932876945,-0.0055962372571229935,0.0055962372571229935
L17_N6817,17,6817,-0.0033835540525615215,-0.005595159716904163,0.005595159716904163
L14_N9649,14,9649,-0.0003587490937206894,0.005589559208601713,0.005589559208601713
L15_N7174,15,7174,0.0002956987882498652,-0.005588076543062925,0.005588076543062925
L16_N6737,16,6737,-0.0029726859647780657,-0.005588014144450426,0.005588014144450426
L18_N9017,18,9017,-0.004420685116201639,-0.005587075371295214,0.005587075371295214
L15_N636,15,636,-0.0002748348342720419,-0.005587060935795307,0.005587060935795307
L15_N1084,15,1084,-0.005388373509049416,-0.0055865091271698475,0.0055865091271698475
L18_N12618,18,12618,-0.0010811657411977649,-0.005586395505815744,0.005586395505815744
L19_N13423,19,13423,-8.688749221619219e-05,0.005583732854574919,0.005583732854574919
L21_N6996,21,6996,-0.0036899351980537176,-0.005583594087511301,0.005583594087511301
L14_N9929,14,9929,-0.0025633929762989283,-0.0055824522860348225,0.0055824522860348225
L17_N3440,17,3440,-0.00011852803436340764,0.0055805472657084465,0.0055805472657084465
L18_N1460,18,1460,0.0003665978438220918,-0.005579882301390171,0.005579882301390171
L23_N300,23,300,0.00045412284089252353,0.005578084848821163,0.005578084848821163
L14_N12142,14,12142,-0.00015758720110170543,0.0055776601657271385,0.0055776601657271385
L16_N2962,16,2962,-0.0012330885510891676,-0.005572934169322252,0.005572934169322252
L21_N9225,21,9225,0.005693886894732714,0.005561625584959984,0.005561625584959984
L13_N10701,13,10701,-6.688138091703877e-05,-0.005560543853789568,0.005560543853789568
L16_N9033,16,9033,-0.0008461002144031227,-0.005559842102229595,0.005559842102229595
L20_N7978,20,7978,-0.0018911742372438312,-0.005559572484344244,0.005559572484344244
L22_N12913,22,12913,0.004243689589202404,0.005557155702263117,0.005557155702263117
L20_N8633,20,8633,-0.0027058126870542765,-0.005556785501539707,0.005556785501539707
L12_N13634,12,13634,-0.00046515167923644185,-0.005556751508265734,0.005556751508265734
L16_N2410,16,2410,-0.00036392975016497076,-0.005555204581469297,0.005555204581469297
L14_N11080,14,11080,-0.00031266891164705157,-0.005553369875997305,0.005553369875997305
L12_N9248,12,9248,0.00042951933573931456,0.005553354974836111,0.005553354974836111
L17_N2843,17,2843,0.0005722037167288363,0.0055522313341498375,0.0055522313341498375
L19_N881,19,881,0.004428161308169365,0.005550452973693609,0.005550452973693609
L17_N10852,17,10852,0.0015126063954085112,0.005550370551645756,0.005550370551645756
L19_N6324,19,6324,-5.152989615453407e-05,0.0055490038357675076,0.0055490038357675076
L26_N7911,26,7911,0.0002410235902061686,-0.005547441076487303,0.005547441076487303
L22_N11529,22,11529,-0.006466246675699949,-0.00554504431784153,0.00554504431784153
L13_N13028,13,13028,-0.0014028387377038598,0.005541604943573475,0.005541604943573475
L14_N5820,14,5820,0.004889626521617174,0.005541159771382809,0.005541159771382809
L14_N4044,14,4044,-0.0014882892137393355,-0.005540034268051386,0.005540034268051386
L14_N13429,14,13429,0.0006694914191029966,0.005538799799978733,0.005538799799978733
L16_N12516,16,12516,-2.8550166462082416e-05,0.005533834919333458,0.005533834919333458
L16_N11913,16,11913,0.0007857091259211302,0.0055320365354418755,0.0055320365354418755
L23_N3462,23,3462,-0.0013069654814898968,-0.0055315843783319,0.0055315843783319
L14_N3069,14,3069,-0.001191549003124237,-0.0055307126604020596,0.0055307126604020596
L25_N67,25,67,-0.0005397538770921528,-0.00553025770932436,0.00553025770932436
L17_N2113,17,2113,0.00011634753900580108,0.005527873057872057,0.005527873057872057
L14_N11677,14,11677,-0.0005171886878088117,-0.0055235386826097965,0.0055235386826097965
L19_N8931,19,8931,0.0013995544286444783,0.005520484410226345,0.005520484410226345
L20_N13483,20,13483,0.00018079212168231606,-0.00551961874589324,0.00551961874589324
L14_N583,14,583,0.005085668060928583,0.005518336780369282,0.005518336780369282
L18_N6146,18,6146,0.0016909700352698565,0.005515333730727434,0.005515333730727434
L17_N11535,17,11535,-0.001999133499339223,-0.005514881573617458,0.005514881573617458
L12_N8305,12,8305,-0.0015912562375888228,-0.0055144126527011395,0.0055144126527011395
L15_N11485,15,11485,-0.001788064488209784,-0.005513698328286409,0.005513698328286409
L17_N7583,17,7583,0.0003791077760979533,-0.005512590985745192,0.005512590985745192
L17_N9134,17,9134,0.003034846391528845,0.005512575153261423,0.005512575153261423
L15_N5830,15,5830,-0.0012016812106594443,-0.005509427282959223,0.005509427282959223
L15_N1686,15,1686,0.0005854439223185182,-0.00550915626809001,0.00550915626809001
L20_N14176,20,14176,-0.005268549080938101,-0.005507966969162226,0.005507966969162226
L15_N482,15,482,-4.671526767197065e-05,0.005506652407348156,0.005506652407348156
L19_N6316,19,6316,0.0001604128337930888,-0.005506612826138735,0.005506612826138735
L12_N4240,12,4240,-0.0016603843541815877,-0.005502915475517511,0.005502915475517511
L14_N1400,14,1400,-0.0016130580333992839,-0.005499453283846378,0.005499453283846378
L20_N8978,20,8978,0.0005490934709087014,0.0054960837587714195,0.0054960837587714195
L18_N14007,18,14007,0.00019884070206899196,0.005495864432305098,0.005495864432305098
L12_N10135,12,10135,0.0001921280927490443,-0.005493427161127329,0.005493427161127329
L26_N5933,26,5933,-0.0038472136948257685,-0.0054922206327319145,0.0054922206327319145
L24_N3233,24,3233,6.345443398458883e-05,-0.005491496529430151,0.005491496529430151
L17_N2545,17,2545,-0.0005479748942889273,-0.005491022486239672,0.005491022486239672
L14_N13440,14,13440,-0.00025291217025369406,-0.005489754490554333,0.005489754490554333
L14_N3734,14,3734,0.0004316948470659554,0.005489547736942768,0.005489547736942768
L19_N14088,19,14088,-0.00011607175110839307,0.005484039895236492,0.005484039895236492
L17_N8692,17,8692,-0.00044130379683338106,-0.005483846180140972,0.005483846180140972
L26_N5805,26,5805,-0.003171991789713502,-0.005483713466674089,0.005483713466674089
L12_N13483,12,13483,-0.0005595580441877246,-0.005482603330165148,0.005482603330165148
L18_N1379,18,1379,-0.00028355119866319,-0.00548128504306078,0.00548128504306078
L15_N12491,15,12491,0.004305449314415455,0.005479400511831045,0.005479400511831045
L15_N1046,15,1046,0.001590705942362547,0.0054789078421890736,0.0054789078421890736
L15_N3965,15,3965,-7.666588498977944e-05,-0.005478907376527786,0.005478907376527786
L19_N8654,19,8654,-2.571494405856356e-05,0.005474293138831854,0.005474293138831854
L20_N6492,20,6492,0.0002898552920669317,-0.005473984871059656,0.005473984871059656
L19_N1055,19,1055,-0.0015063879545778036,-0.005473943427205086,0.005473943427205086
L14_N4135,14,4135,0.0008692482952028513,0.00547393225133419,0.00547393225133419
L14_N10068,14,10068,-0.00023135081573855132,-0.005469576455652714,0.005469576455652714
L14_N7276,14,7276,-0.0012579734902828932,-0.0054694777354598045,0.0054694777354598045
L14_N13221,14,13221,0.0006971871480345726,0.005468274001032114,0.005468274001032114
L25_N4006,25,4006,-0.0046532959677278996,-0.005467696115374565,0.005467696115374565
L12_N9204,12,9204,-4.0647653804626316e-05,-0.005467616021633148,0.005467616021633148
L15_N9070,15,9070,0.0007785393390804529,0.005465742200613022,0.005465742200613022
L22_N12518,22,12518,-0.0031886352226138115,-0.005465410184115171,0.005465410184115171
L18_N5765,18,5765,0.00026638954295776784,0.005464737769216299,0.005464737769216299
L14_N11321,14,11321,0.00024189092800952494,-0.005463034845888615,0.005463034845888615
L16_N2246,16,2246,0.00012130741379223764,-0.005461149848997593,0.005461149848997593
L25_N2397,25,2397,-0.0002519919944461435,0.0054608304053545,0.0054608304053545
L12_N5583,12,5583,0.00010805329657159746,-0.005457854829728603,0.005457854829728603
L17_N10589,17,10589,0.000183566749910824,0.005456180777400732,0.005456180777400732
L14_N6788,14,6788,0.0006318223313428462,0.0054543823935091496,0.0054543823935091496
L19_N8791,19,8791,0.004886586219072342,0.005449920427054167,0.005449920427054167
L17_N3730,17,3730,-0.0036292709410190582,-0.005449630785733461,0.005449630785733461
L16_N14294,16,14294,-0.003630364080891013,-0.005449618678539991,0.005449618678539991
L14_N10454,14,10454,-0.0007274916279129684,-0.005446809809654951,0.005446809809654951
L20_N1001,20,1001,-0.00016954068269114941,-0.005446722265332937,0.005446722265332937
L15_N11690,15,11690,0.00013957987539470196,0.0054415445774793625,0.0054415445774793625
L14_N6362,14,6362,0.0022148126736283302,0.0054406654089689255,0.0054406654089689255
L17_N9570,17,9570,5.396366759669036e-05,0.0054405247792601585,0.0054405247792601585
L21_N10581,21,10581,-0.0003464223409537226,-0.005437241867184639,0.005437241867184639
L14_N1524,14,1524,0.0014246421633288264,0.005437087267637253,0.005437087267637253
L16_N7091,16,7091,0.00024554214905947447,0.005436957348138094,0.005436957348138094
L15_N13719,15,13719,0.00028665384161286056,0.005436654202640057,0.005436654202640057
L13_N5183,13,5183,0.0007518633501604199,0.00543421832844615,0.00543421832844615
L22_N6296,22,6296,0.005392060615122318,0.005432456266134977,0.005432456266134977
L15_N3796,15,3796,0.0022838173899799585,0.005430952180176973,0.005430952180176973
L17_N8177,17,8177,-0.00038702579331584275,-0.005430810619145632,0.005430810619145632
L18_N9585,18,9585,0.00584407988935709,0.005425105337053537,0.005425105337053537
L20_N355,20,355,-0.0031940420158207417,-0.005424549337476492,0.005424549337476492
L16_N9496,16,9496,-0.005104920826852322,-0.005424488801509142,0.005424488801509142
L13_N11811,13,11811,-0.00024123027105815709,-0.005424022674560547,0.005424022674560547
L26_N10944,26,10944,-0.0049003781750798225,-0.005420819856226444,0.005420819856226444
L17_N2199,17,2199,-0.001431443146429956,0.005419992841780186,0.005419992841780186
L15_N11224,15,11224,-0.0038092234171926975,-0.005416231229901314,0.005416231229901314
L16_N10874,16,10874,-0.0008158684941008687,0.0054128170013427734,0.0054128170013427734
L19_N1387,19,1387,-0.002221635775640607,-0.005410763900727034,0.005410763900727034
L19_N3160,19,3160,0.0016016673762351274,0.005408007651567459,0.005408007651567459
L16_N3523,16,3523,-0.00395921990275383,-0.005402762908488512,0.005402762908488512
L13_N2165,13,2165,0.0006736999494023621,0.005402290262281895,0.005402290262281895
L16_N1078,16,1078,7.369009836111218e-05,-0.005398566368967295,0.005398566368967295
L14_N9078,14,9078,0.0005293441354297101,0.005397654138505459,0.005397654138505459
L14_N10258,14,10258,-0.00042076499084942043,-0.0053974236361682415,0.0053974236361682415
L20_N4569,20,4569,-0.002192332409322262,-0.0053968289867043495,0.0053968289867043495
L14_N7411,14,7411,-0.001802514772862196,-0.00539677869528532,0.00539677869528532
L18_N9719,18,9719,-0.003501629689708352,-0.005395123735070229,0.005395123735070229
L13_N13738,13,13738,-0.0004181266704108566,-0.0053928024135529995,0.0053928024135529995
L17_N2272,17,2272,-0.00010905012459261343,0.005390558857470751,0.005390558857470751
L25_N6705,25,6705,0.005703912582248449,0.005390417296439409,0.005390417296439409
L13_N5059,13,5059,-0.001285225385800004,-0.005387973040342331,0.005387973040342331
L16_N3104,16,3104,0.001848603249527514,0.005387364886701107,0.005387364886701107
L12_N14048,12,14048,1.8322933101444505e-05,-0.005386252887547016,0.005386252887547016
L17_N11700,17,11700,-0.0013193016638979316,-0.005381150636821985,0.005381150636821985
L24_N10353,24,10353,-0.0038391868583858013,-0.005378687288612127,0.005378687288612127
L20_N12384,20,12384,0.0010882761562243104,0.005376981105655432,0.005376981105655432
L20_N2081,20,2081,-0.0002779611968435347,-0.0053746383637189865,0.0053746383637189865
L14_N4264,14,4264,0.003569646505638957,0.0053743901662528515,0.0053743901662528515
L15_N2983,15,2983,0.0001359805028187111,0.005369833670556545,0.005369833670556545
L12_N8094,12,8094,0.00037476353463716805,0.005365992430597544,0.005365992430597544
L15_N3960,15,3960,-0.0005895853973925114,0.00536569207906723,0.00536569207906723
L17_N13325,17,13325,-0.0019106073305010796,-0.005365632940083742,0.005365632940083742
L15_N14059,15,14059,0.000870298536028713,0.005365543067455292,0.005365543067455292
L19_N13977,19,13977,-0.0016633124323561788,-0.005364217329770327,0.005364217329770327
L17_N12672,17,12672,0.0008054825011640787,-0.005361157935112715,0.005361157935112715
L12_N5447,12,5447,-0.0004950506263412535,-0.005354022141546011,0.005354022141546011
L19_N11347,19,11347,3.8889302231837064e-05,0.00535386661067605,0.00535386661067605
L21_N13014,21,13014,0.00014992828073445708,0.005350810009986162,0.005350810009986162
L14_N10559,14,10559,-0.00524386391043663,-0.005349372047930956,0.005349372047930956
L13_N12643,13,12643,-0.001616672263480723,-0.005347890313714743,0.005347890313714743
L12_N1416,12,1416,-0.0011780502973124385,-0.005345991346985102,0.005345991346985102
L15_N10094,15,10094,-0.0005130954086780548,-0.005345621146261692,0.005345621146261692
L15_N10677,15,10677,-0.003092925064265728,-0.0053434292785823345,0.0053434292785823345
L15_N4263,15,4263,0.00013913791917730123,-0.00534324673935771,0.00534324673935771
L18_N2420,18,2420,0.0038059174548834562,0.0053417738527059555,0.0053417738527059555
L12_N11481,12,11481,0.0011840220540761948,0.005341121926903725,0.005341121926903725
L13_N13247,13,13247,-0.0017151508945971727,-0.005339168477803469,0.005339168477803469
L14_N330,14,330,0.0013261031126603484,0.005338169168680906,0.005338169168680906
L12_N9656,12,9656,-0.0013421052135527134,-0.005337248556315899,0.005337248556315899
L18_N12412,18,12412,0.005436405073851347,0.0053361766040325165,0.0053361766040325165
L19_N1355,19,1355,-0.004368852823972702,0.005333594977855682,0.005333594977855682
L13_N5441,13,5441,0.002027568407356739,0.005328575149178505,0.005328575149178505
L17_N12646,17,12646,0.0036225169897079468,0.005327946040779352,0.005327946040779352
L15_N8261,15,8261,-0.0006548737874254584,-0.005326564889401197,0.005326564889401197
L19_N14302,19,14302,0.0006233672029338777,0.005326040089130402,0.005326040089130402
L19_N9447,19,9447,-0.00039598450530320406,0.00532532436773181,0.00532532436773181
L14_N7584,14,7584,-0.00020746630616486073,-0.005323956720530987,0.005323956720530987
L14_N183,14,183,-0.000601533567532897,0.005323747638612986,0.005323747638612986
L21_N8466,21,8466,0.001979599939659238,0.005321994889527559,0.005321994889527559
L18_N5855,18,5855,0.0010948594426736236,0.005321037955582142,0.005321037955582142
L17_N4053,17,4053,-0.0027581544127315283,-0.0053199236281216145,0.0053199236281216145
L16_N1172,16,1172,0.0007351166568696499,-0.005318299401551485,0.005318299401551485
L26_N1396,26,1396,-0.005605641286820173,-0.005315934773534536,0.005315934773534536
L17_N11046,17,11046,-0.0022928230464458466,-0.005315800663083792,0.005315800663083792
L21_N9511,21,9511,0.004917587619274855,0.005315045826137066,0.005315045826137066
L26_N13667,26,13667,-4.537382847047411e-05,-0.005313863046467304,0.005313863046467304
L16_N5355,16,5355,-0.0014268155209720135,-0.00531304394826293,0.00531304394826293
L15_N8253,15,8253,-0.004346215631812811,-0.005308874882757664,0.005308874882757664
L15_N12109,15,12109,0.0043077534064650536,0.0053036026656627655,0.0053036026656627655
L16_N13464,16,13464,0.00034074444556608796,0.005303170997649431,0.005303170997649431
L18_N1277,18,1277,-0.0009347243467345834,-0.005299437325447798,0.005299437325447798
L19_N8469,19,8469,0.0003138739848509431,-0.005298998206853867,0.005298998206853867
L17_N6607,17,6607,-0.004366201348602772,-0.005298656411468983,0.005298656411468983
L12_N4911,12,4911,-5.2038907597307116e-05,0.005297696217894554,0.005297696217894554
L21_N8769,21,8769,-0.0028301936108618975,-0.005292295012623072,0.005292295012623072
L19_N10646,19,10646,-0.00012981453619431704,0.005289837252348661,0.005289837252348661
L16_N7130,16,7130,-0.0026505342684686184,-0.005288918036967516,0.005288918036967516
L14_N13927,14,13927,-0.0012921735178679228,-0.005287886131554842,0.005287886131554842
L12_N11035,12,11035,-0.0006190925487317145,0.005287285428494215,0.005287285428494215
L17_N12417,17,12417,0.00011981122224824503,-0.005286282394081354,0.005286282394081354
L24_N5318,24,5318,-0.00044377220910973847,0.005286176688969135,0.005286176688969135
L15_N12770,15,12770,-0.0004960672813467681,0.0052849953062832355,0.0052849953062832355
L18_N5843,18,5843,0.0004088980203960091,0.005282918456941843,0.005282918456941843
L12_N8855,12,8855,0.005338032729923725,0.005279373377561569,0.005279373377561569
L18_N10396,18,10396,0.0005124827730469406,0.005278921686112881,0.005278921686112881
L13_N7230,13,7230,-0.0019643523264676332,-0.0052784099243581295,0.0052784099243581295
L17_N9005,17,9005,8.768760017119348e-05,-0.005277897696942091,0.005277897696942091
L12_N13076,12,13076,0.0006114575080573559,0.005277005955576897,0.005277005955576897
L19_N1889,19,1889,-0.0001303687458857894,-0.005275609903037548,0.005275609903037548
L17_N5316,17,5316,0.0018151989206671715,0.00527541246265173,0.00527541246265173
L16_N11871,16,11871,-0.0005135518149472773,0.005274159833788872,0.005274159833788872
L17_N2293,17,2293,-0.0006085651111789048,-0.005272986833006144,0.005272986833006144
L14_N1810,14,1810,-0.005141423083841801,-0.005272683221846819,0.005272683221846819
L13_N3605,13,3605,0.0011571063660085201,0.005272040143609047,0.005272040143609047
L20_N3121,20,3121,0.0006141851772554219,0.005271249450743198,0.005271249450743198
L15_N9855,15,9855,-0.0034216507337987423,-0.005270680878311396,0.005270680878311396
L13_N12488,13,12488,-0.0038005656097084284,-0.005269537214189768,0.005269537214189768
L14_N5525,14,5525,-0.0004722283047158271,-0.005267811473459005,0.005267811473459005
L15_N3119,15,3119,0.0009377889800816774,0.005267547909170389,0.005267547909170389
L18_N6980,18,6980,0.0011973619693890214,0.005266906693577766,0.005266906693577766
L16_N9366,16,9366,0.0012546336511150002,0.0052663423120975494,0.0052663423120975494
L13_N3485,13,3485,1.4618261047871783e-05,0.005266111809760332,0.005266111809760332
L20_N10868,20,10868,2.2110580175649375e-05,-0.005262948572635651,0.005262948572635651
L14_N8403,14,8403,0.002768415492027998,0.005259248428046703,0.005259248428046703
L20_N5697,20,5697,-0.005346762016415596,-0.005258699879050255,0.005258699879050255
L13_N2042,13,2042,-0.0005460298852995038,-0.0052584996446967125,0.0052584996446967125
L19_N8298,19,8298,-2.130675784428604e-05,-0.005257162731140852,0.005257162731140852
L19_N6622,19,6622,0.0007917979964986444,0.0052570016123354435,0.0052570016123354435
L13_N4260,13,4260,0.0007354432600550354,0.005253822077065706,0.005253822077065706
L19_N3358,19,3358,-0.0004721438745036721,0.005250460933893919,0.005250460933893919
L16_N1203,16,1203,-0.00023579009575769305,-0.005246016662567854,0.005246016662567854
L12_N9719,12,9719,-0.00012039895227644593,-0.005245667416602373,0.005245667416602373
L23_N3596,23,3596,-0.00395708903670311,-0.005245504435151815,0.005245504435151815
L15_N3441,15,3441,0.000853423320222646,0.005242606159299612,0.005242606159299612
L14_N5108,14,5108,-0.0015070238150656223,-0.005242599174380302,0.005242599174380302
L18_N12477,18,12477,0.004796531517058611,0.005238976329565048,0.005238976329565048
L16_N4231,16,4231,-0.0007708841585554183,-0.00523889996111393,0.00523889996111393
L20_N4542,20,4542,-0.0063467686995863914,-0.005237733945250511,0.005237733945250511
L12_N13782,12,13782,0.0004763175384141505,-0.005236088298261166,0.005236088298261166
L12_N5898,12,5898,-0.0003641506191343069,-0.005230456590652466,0.005230456590652466
L20_N14265,20,14265,-0.0011976027162745595,-0.0052290260791778564,0.0052290260791778564
L13_N5932,13,5932,-0.00026865635300055146,0.005228818394243717,0.005228818394243717
L17_N11633,17,11633,0.0008044408168643713,-0.00522697065025568,0.00522697065025568
L13_N2045,13,2045,-0.0002581653534434736,-0.0052267154678702354,0.0052267154678702354
L24_N10825,24,10825,-0.0005068714381195605,0.0052249012514948845,0.0052249012514948845
L17_N11302,17,11302,-0.00024377687077503651,-0.005224055610597134,0.005224055610597134
L14_N2302,14,2302,0.001162958680652082,0.00522118154913187,0.00522118154913187
L16_N14127,16,14127,-7.615162303409306e-06,0.005217054393142462,0.005217054393142462
L19_N783,19,783,-0.0014221112942323089,-0.005216825287789106,0.005216825287789106
L16_N5147,16,5147,0.003005643142387271,0.005216605961322784,0.005216605961322784
L15_N10857,15,10857,-0.0024907439947128296,-0.005215608514845371,0.005215608514845371
L14_N7180,14,7180,-5.066501398687251e-05,0.0052141607739031315,0.0052141607739031315
L24_N1111,24,1111,-0.003390376688912511,-0.0052116634324193,0.0052116634324193
L19_N12007,19,12007,-0.0006590560078620911,-0.005211420822888613,0.005211420822888613
L19_N5842,19,5842,-0.0005871054599992931,-0.00520902406424284,0.00520902406424284
L19_N8301,19,8301,0.0018417407991364598,0.005208075046539307,0.005208075046539307
L16_N5368,16,5368,-0.0007720316061750054,-0.005204874090850353,0.005204874090850353
L19_N6337,19,6337,-0.003951899707317352,-0.005204810760915279,0.005204810760915279
L12_N1484,12,1484,-0.0019346559420228004,-0.005201792344450951,0.005201792344450951
L18_N9819,18,9819,-0.004478494171053171,-0.0051975068636238575,0.0051975068636238575
L14_N6449,14,6449,-0.00255531445145607,-0.0051963902078568935,0.0051963902078568935
L14_N9745,14,9745,-0.001212014933116734,-0.005195314530283213,0.005195314530283213
L14_N18,14,18,0.00029778125463053584,0.0051948679611086845,0.0051948679611086845
L16_N2956,16,2956,-0.0033780380617827177,-0.005194231402128935,0.005194231402128935
L17_N3303,17,3303,-0.0007238055695779622,-0.005193410441279411,0.005193410441279411
L13_N1436,13,1436,-0.0018427342874929309,-0.0051933047361671925,0.0051933047361671925
L15_N904,15,904,-0.0011626331834122539,0.005190696567296982,0.005190696567296982
L17_N10150,17,10150,-0.003351955907419324,-0.005190661177039146,0.005190661177039146
L13_N1041,13,1041,-0.00022660012473352253,-0.005190429277718067,0.005190429277718067
L15_N4782,15,4782,0.0010861437767744064,0.005188847426325083,0.005188847426325083
L12_N1464,12,1464,0.0015396137023344636,0.005187126807868481,0.005187126807868481
L26_N5031,26,5031,-0.00012283514661248773,0.00518686231225729,0.00518686231225729
L16_N1943,16,1943,-0.0003825320163741708,0.0051864031702280045,0.0051864031702280045
L15_N13811,15,13811,-0.0013806491624563932,-0.00518539035692811,0.00518539035692811
L16_N6102,16,6102,0.005822221748530865,0.005185027606785297,0.005185027606785297
L16_N6084,16,6084,0.0009053766261786222,0.005184243433177471,0.005184243433177471
L26_N10629,26,10629,0.004614226054400206,0.005179448518902063,0.005179448518902063
L18_N7288,18,7288,0.0012987704249098897,0.0051786391995847225,0.0051786391995847225
L22_N4042,22,4042,0.004631448537111282,0.00517731998115778,0.00517731998115778
L12_N1364,12,1364,-0.0012852920917794108,-0.005175946746021509,0.005175946746021509
L14_N136,14,136,0.0018371029291301966,0.005174556281417608,0.005174556281417608
L21_N8315,21,8315,-0.00018351495964452624,-0.005173887591809034,0.005173887591809034
L21_N6066,21,6066,-0.0010080180363729596,-0.005171278025954962,0.005171278025954962
L12_N6334,12,6334,-0.0037375797983258963,-0.005170385353267193,0.005170385353267193
L13_N107,13,107,-0.0021782394032925367,-0.005169279873371124,0.005169279873371124
L18_N294,18,294,0.0029981492552906275,-0.005169156473129988,0.005169156473129988
L20_N6814,20,6814,0.0023958543315529823,0.005166557151824236,0.005166557151824236
L18_N7378,18,7378,0.0025929012335836887,0.005163427907973528,0.005163427907973528
L17_N10875,17,10875,0.0047879936173558235,0.005160382483154535,0.005160382483154535
L13_N6850,13,6850,-0.00045771172153763473,-0.005157915875315666,0.005157915875315666
L17_N3104,17,3104,-0.00018191088747698814,-0.005156378261744976,0.005156378261744976
L15_N8573,15,8573,0.0026665960904210806,0.005155051127076149,0.005155051127076149
L16_N12498,16,12498,0.001032032072544098,0.005153367295861244,0.005153367295861244
L17_N9812,17,9812,-7.27437436580658e-05,0.005152668338268995,0.005152668338268995
L14_N14329,14,14329,0.0003285514540039003,0.005149751901626587,0.005149751901626587
L12_N6744,12,6744,-0.000736510322894901,-0.005149588920176029,0.005149588920176029
L15_N1965,15,1965,-0.0018015116220340133,-0.0051492671482264996,0.0051492671482264996
L18_N9093,18,9093,0.0006934943376109004,0.00514874467626214,0.00514874467626214
L13_N5269,13,5269,0.0011565734166651964,0.0051481034606695175,0.0051481034606695175
L15_N5813,15,5813,9.785757720237598e-05,0.005148093681782484,0.005148093681782484
L15_N13467,15,13467,-0.0005843864055350423,0.005145679693669081,0.005145679693669081
L17_N13050,17,13050,-0.00039177286089397967,-0.005144454538822174,0.005144454538822174
L12_N5660,12,5660,-0.0001705331524135545,-0.0051442962139844894,0.0051442962139844894
L15_N7299,15,7299,-0.0005774355377070606,-0.005137758329510689,0.005137758329510689
L19_N13987,19,13987,-0.0015108829829841852,-0.005136847496032715,0.005136847496032715
L24_N8765,24,8765,0.0014854064211249352,0.005134026054292917,0.005134026054292917
L14_N9173,14,9173,-0.00098774628713727,0.0051338449120521545,0.0051338449120521545
L21_N3637,21,3637,0.004791677463799715,0.005133151542395353,0.005133151542395353
L19_N13717,19,13717,0.00029230702784843743,0.005133059341460466,0.005133059341460466
L18_N7007,18,7007,0.0027497538831084967,0.005131979007273912,0.005131979007273912
L26_N8031,26,8031,-0.005584157537668943,-0.005131910089403391,0.005131910089403391
L18_N7304,18,7304,0.005294043570756912,0.005131490994244814,0.005131490994244814
L12_N3911,12,3911,0.0001957491331268102,0.005131053272634745,0.005131053272634745
L15_N7809,15,7809,-0.0014632848324254155,-0.005130945239216089,0.005130945239216089
L14_N13358,14,13358,-0.00031192245660349727,0.005130710080265999,0.005130710080265999
L17_N4209,17,4209,0.00027454321389086545,0.005128995515406132,0.005128995515406132
L14_N2388,14,2388,0.00012302174582146108,0.0051278104074299335,0.0051278104074299335
L13_N8731,13,8731,-7.463418296538293e-05,-0.005126619711518288,0.005126619711518288
L17_N2311,17,2311,0.002881360938772559,0.0051257251761853695,0.0051257251761853695
L16_N4026,16,4026,0.0005000174278393388,0.005124818533658981,0.005124818533658981
L15_N8930,15,8930,0.005631256848573685,0.0051246145740151405,0.0051246145740151405
L17_N128,17,128,0.0019057780737057328,0.005120569374412298,0.005120569374412298
L21_N7104,21,7104,0.0002919210819527507,-0.005119544919580221,0.005119544919580221
L16_N2521,16,2521,-0.0005068551399745047,-0.005119150038808584,0.005119150038808584
L14_N11163,14,11163,-0.0056951167061924934,-0.005115438252687454,0.005115438252687454
L25_N11622,25,11622,-0.004478568211197853,-0.00511516910046339,0.00511516910046339
L15_N7933,15,7933,0.0006465350743383169,0.005112338345497847,0.005112338345497847
L18_N13024,18,13024,0.004470282234251499,0.0051105995662510395,0.0051105995662510395
L17_N232,17,232,-0.00169807905331254,-0.005110338795930147,0.005110338795930147
L20_N8507,20,8507,-0.00017570149793755263,0.005109958350658417,0.005109958350658417
L13_N4808,13,4808,-0.00105686963070184,-0.005109014455229044,0.005109014455229044
L14_N10044,14,10044,-0.005513453856110573,-0.005107230506837368,0.005107230506837368
L25_N8557,25,8557,-0.0060759782791137695,-0.005106767639517784,0.005106767639517784
L14_N10476,14,10476,0.0015097490977495909,0.005105904769152403,0.005105904769152403
L16_N13537,16,13537,0.000378888042178005,0.005105768796056509,0.005105768796056509
L17_N2864,17,2864,0.00015965758939273655,-0.005103627219796181,0.005103627219796181
L21_N7186,21,7186,-0.0007939102943055332,-0.005103567615151405,0.005103567615151405
L15_N11830,15,11830,0.00011633613030426204,0.00510314991697669,0.00510314991697669
L13_N6003,13,6003,4.1810617403825745e-06,-0.005102888680994511,0.005102888680994511
L17_N1295,17,1295,0.005069478414952755,0.0051027145236730576,0.0051027145236730576
L12_N9906,12,9906,-0.0019035274162888527,-0.00510238204151392,0.00510238204151392
L23_N7812,23,7812,-0.0009716360364109278,-0.005102348513901234,0.005102348513901234
L12_N11764,12,11764,-0.000687146675772965,-0.005101582035422325,0.005101582035422325
L18_N7830,18,7830,0.0021922471933066845,0.005100840236991644,0.005100840236991644
L20_N8748,20,8748,-0.0019220021786168218,-0.005098975263535976,0.005098975263535976
L17_N4846,17,4846,-0.002124805934727192,-0.005096935201436281,0.005096935201436281
L18_N6431,18,6431,0.0021237710025161505,0.005094010848551989,0.005094010848551989
L18_N295,18,295,0.0007180348038673401,0.005093970336019993,0.005093970336019993
L19_N8506,19,8506,-0.0001563382102176547,-0.005093588028103113,0.005093588028103113
L16_N10140,16,10140,-0.00010693333751987666,-0.005091385915875435,0.005091385915875435
L15_N57,15,57,-0.004504865501075983,-0.0050896708853542805,0.0050896708853542805
L15_N3241,15,3241,-0.001394115504808724,-0.00508924713358283,0.00508924713358283
L17_N3910,17,3910,0.001397059764713049,0.0050856610760092735,0.0050856610760092735
L18_N8600,18,8600,0.0014289714163169265,0.005085238721221685,0.005085238721221685
L15_N10298,15,10298,-0.0004359568702057004,-0.005083012394607067,0.005083012394607067
L15_N13157,15,13157,0.0026418762281537056,0.005082474555820227,0.005082474555820227
L17_N14313,17,14313,-0.0005473846103996038,-0.005082131829112768,0.005082131829112768
L20_N175,20,175,0.005570247303694487,0.005082116462290287,0.005082116462290287
L16_N7246,16,7246,-0.0016188091831281781,-0.005078362766653299,0.005078362766653299
L19_N572,19,572,-0.0022069665137678385,-0.005073866341263056,0.005073866341263056
L15_N1210,15,1210,-0.0005974485538899899,-0.005071850959211588,0.005071850959211588
L18_N9052,18,9052,0.0007750708027742803,0.005071671679615974,0.005071671679615974
L14_N10368,14,10368,0.0008289603283628821,0.005071524530649185,0.005071524530649185
L16_N3767,16,3767,0.0002054285869235173,-0.005070412997156382,0.005070412997156382
L17_N8757,17,8757,-0.00018360446847509593,0.0050660003907978535,0.0050660003907978535
L19_N12184,19,12184,0.0005520933191291988,0.005065894685685635,0.005065894685685635
L18_N7568,18,7568,-0.00028907565865665674,-0.005064249970018864,0.005064249970018864
L22_N3360,22,3360,-0.0006447635241784155,-0.005063840188086033,0.005063840188086033
L14_N5436,14,5436,-0.0009444024180993438,-0.005061914678663015,0.005061914678663015
L14_N5654,14,5654,0.0002633556432556361,0.005061901640146971,0.005061901640146971
L20_N14248,20,14248,-0.00044712694943882525,-0.005061262287199497,0.005061262287199497
L14_N13899,14,13899,0.004721523262560368,0.00506051117554307,0.00506051117554307
L18_N8469,18,8469,-0.000621022074483335,-0.005058475770056248,0.005058475770056248
L13_N3306,13,3306,-0.0007363187614828348,0.0050550056621432304,0.0050550056621432304
L13_N2033,13,2033,0.0005857007927261293,0.005053179804235697,0.005053179804235697
L15_N292,15,292,-0.0021749092265963554,-0.005052720662206411,0.005052720662206411
L21_N3338,21,3338,0.0038827545940876007,0.00505158631131053,0.00505158631131053
L21_N9081,21,9081,-0.005612303502857685,-0.005050672218203545,0.005050672218203545
L15_N14029,15,14029,0.0011858349898830056,0.005049673840403557,0.005049673840403557
L21_N13108,21,13108,0.003985529765486717,0.005047085229307413,0.005047085229307413
L14_N8410,14,8410,-0.000341483682859689,-0.005044638179242611,0.005044638179242611
L19_N919,19,919,-0.0014155679382383823,-0.0050406139343976974,0.0050406139343976974
L21_N12102,21,12102,-0.006807577796280384,-0.005038298200815916,0.005038298200815916
L14_N7957,14,7957,0.0010182301048189402,0.005038282368332148,0.005038282368332148
L15_N12716,15,12716,-0.00011406259727664292,0.005036717280745506,0.005036717280745506
L16_N8331,16,8331,-0.0005785957910120487,-0.005036466754972935,0.005036466754972935
L19_N487,19,487,0.0002685525978449732,-0.005035093519836664,0.005035093519836664
L14_N4688,14,4688,0.00023288081865757704,-0.005034663714468479,0.005034663714468479
L22_N1833,22,1833,-0.003951917868107557,-0.0050346567295491695,0.0050346567295491695
L26_N13203,26,13203,-0.0031801664736121893,-0.00503189954906702,0.00503189954906702
L24_N4361,24,4361,0.00012164875079179183,-0.005028312560170889,0.005028312560170889
L17_N393,17,393,0.0001582844415679574,-0.005026591010391712,0.005026591010391712
L16_N6458,16,6458,0.0009065778576768935,0.005026570521295071,0.005026570521295071
L19_N9842,19,9842,2.2590575099457055e-05,0.005024545826017857,0.005024545826017857
L16_N3659,16,3659,0.0009995215805247426,0.005024247337132692,0.005024247337132692
L12_N30,12,30,-0.0004216989909764379,0.005021785385906696,0.005021785385906696
L13_N2036,13,2036,0.00014053746417630464,-0.005021509248763323,0.005021509248763323
L21_N13728,21,13728,0.00018941776943393052,-0.005021143238991499,0.005021143238991499
L13_N3717,13,3717,-0.0028777020052075386,-0.005020858254283667,0.005020858254283667
L19_N2866,19,2866,0.0014200324658304453,0.005020585842430592,0.005020585842430592
L13_N4659,13,4659,0.0013433608692139387,0.005019839387387037,0.005019839387387037
L17_N6730,17,6730,-0.0022746692411601543,-0.005019481759518385,0.005019481759518385
L14_N4634,14,4634,0.00045005272841081023,0.0050189499743282795,0.0050189499743282795
L20_N3338,20,3338,-4.035655001644045e-05,0.005018634721636772,0.005018634721636772
L23_N6674,23,6674,-0.00444628344848752,-0.005016662180423737,0.005016662180423737
L16_N13678,16,13678,-0.0014472085749730468,-0.00501488521695137,0.00501488521695137
L22_N368,22,368,-4.683087536250241e-05,0.005014305468648672,0.005014305468648672
L14_N7906,14,7906,-0.0002650929382070899,-0.00501368148252368,0.00501368148252368
L14_N8347,14,8347,0.0012581594055518508,0.005010788328945637,0.005010788328945637
L14_N5850,14,5850,-0.002971306908875704,-0.005010280292481184,0.005010280292481184
L17_N1141,17,1141,-0.0013172045582905412,-0.005009693093597889,0.005009693093597889
L12_N12425,12,12425,-0.002564410911872983,-0.005005561746656895,0.005005561746656895
L20_N455,20,455,0.001906871679238975,0.0050055161118507385,0.0050055161118507385
L18_N13977,18,13977,-0.001125845592468977,-0.0050049698911607265,0.0050049698911607265
L18_N62,18,62,-0.0003178181068506092,0.005003004800528288,0.005003004800528288
L13_N9215,13,9215,0.0010428105015307665,0.005002250894904137,0.005002250894904137
L23_N3782,23,3782,-0.0008900812827050686,-0.00500003807246685,0.00500003807246685
L23_N12440,23,12440,-0.00025816616835072637,-0.004996946547180414,0.004996946547180414
L14_N6413,14,6413,0.0007423209608532488,0.0049969288520514965,0.0049969288520514965
L18_N11612,18,11612,-6.430502980947495e-05,-0.004996357019990683,0.004996357019990683
L15_N1451,15,1451,-0.001418037456460297,-0.004995317198336124,0.004995317198336124
L14_N13518,14,13518,0.0008151716901920736,0.004994271323084831,0.004994271323084831
L18_N1259,18,1259,-0.0027766763232648373,-0.004993782378733158,0.004993782378733158
L13_N10773,13,10773,-0.001181911095045507,0.004991150461137295,0.004991150461137295
L14_N2985,14,2985,0.004967547487467527,0.0049906582571566105,0.0049906582571566105
L24_N12734,24,12734,0.00010310843936167657,0.004990619141608477,0.004990619141608477
L22_N11619,22,11619,0.0002381377125857398,0.004989726934581995,0.004989726934581995
L19_N2491,19,2491,-0.0009777015075087547,0.004985777661204338,0.004985777661204338
L15_N7358,15,7358,0.00032524840207770467,0.004984796047210693,0.004984796047210693
L14_N11890,14,11890,0.0013925463426858187,0.004982884041965008,0.004982884041965008
L18_N8235,18,8235,-0.005230434238910675,-0.004981333389878273,0.004981333389878273
L13_N4020,13,4020,1.5003060070739593e-05,-0.004981307312846184,0.004981307312846184
L16_N7409,16,7409,0.0004935382166877389,0.004978295415639877,0.004978295415639877
L17_N9894,17,9894,-0.002691569970920682,-0.0049776555970311165,0.0049776555970311165
L15_N13954,15,13954,-0.00207819533534348,-0.004977432079613209,0.004977432079613209
L19_N13696,19,13696,-0.00054977583931759,-0.004976579453796148,0.004976579453796148
L17_N11916,17,11916,0.0010222905548289418,-0.004972467198967934,0.004972467198967934
L14_N11521,14,11521,0.0014255623100325465,0.004972360096871853,0.004972360096871853
L18_N3379,18,3379,-0.0022763952147215605,-0.004969880450516939,0.004969880450516939
L17_N9037,17,9037,-0.00045553207746706903,-0.004966170527040958,0.004966170527040958
L20_N6878,20,6878,-0.00010445365478517488,0.004965169820934534,0.004965169820934534
L16_N13570,16,13570,-0.0047049433924257755,-0.00496338214725256,0.00496338214725256
