pair,layer,positions,rec
0,0,last,0.5750500653164735
0,0,all,2.0
0,1,last,0.2672274195042336
0,1,all,1.482653605501276
0,2,last,0.7142843454458927
0,2,all,2.0
0,3,last,0.3043268570479509
0,3,all,2.0
0,4,last,-0.10937714594159526
0,4,all,2.0
0,5,last,0.3560450476059676
0,5,all,1.6744269238017062
0,6,last,0.8087201484552414
0,6,all,-0.9545244034481988
0,7,last,0.3109431443254517
0,7,all,-1.0
0,8,last,0.45751714357806517
0,8,all,2.0
0,9,last,0.9810438498711237
0,9,all,0.1174770274456947
0,10,last,1.2167181426486229
0,10,all,2.0
0,11,last,-0.739503850318278
0,11,all,2.0
0,12,last,2.0
0,12,all,2.0
0,13,last,2.0
0,13,all,2.0
0,14,last,2.0
0,14,all,2.0
0,15,last,1.1040719790731768
0,15,all,-1.0
0,16,last,2.0
0,16,all,2.0
0,17,last,2.0
0,17,all,2.0
0,18,last,2.0
0,18,all,2.0
0,19,last,2.0
0,19,all,2.0
0,20,last,2.0
0,20,all,2.0
0,21,last,2.0
0,21,all,0.8746562500998112
0,22,last,2.0
0,22,all,1.3937353676726574
0,23,last,1.6589841292148289
0,23,all,-1.0
0,24,last,-0.8342510643870312
0,24,all,-1.0
0,25,last,-0.0881053751145833
0,25,all,-1.0
0,26,last,-0.3156558316911058
0,26,all,-0.8950161454656953
0,27,last,-1.0
0,27,all,-1.0
0,28,last,2.0
0,28,all,2.0
0,29,last,1.4421462130818197
0,29,all,0.3954137934338579
0,30,last,2.0
0,30,all,2.0
0,31,last,2.0
0,31,all,2.0
1,0,last,-0.002713322202254331
1,0,all,0.18325470330865645
1,1,last,-0.0035311600144972495
1,1,all,0.010383632800071159
1,2,last,-0.00218423455098133
1,2,all,-0.0037965446452001756
1,3,last,0.0013417478744226657
1,3,all,0.041606088136727296
1,4,last,-0.006340112729832959
1,4,all,0.006926109608233517
1,5,last,2.482587590867795e-05
1,5,all,-0.05977566435769795
1,6,last,0.0018193694050507602
1,6,all,0.0009029361355448571
1,7,last,0.0004677531343221496
1,7,all,0.07297209987525108
1,8,last,-0.0037845078568808166
1,8,all,-0.038835989466040104
1,9,last,0.005583919204828522
1,9,all,-0.007988754453501046
1,10,last,0.015392751109752056
1,10,all,0.1095696228635254
1,11,last,0.012558662748220038
1,11,all,0.025692524667671798
1,12,last,0.005170906905620516
1,12,all,0.114430693102168
1,13,last,0.043422271333105285
1,13,all,0.06928408546296719
1,14,last,0.023283219876277746
1,14,all,0.1002465328960557
1,15,last,0.06592546749868015
1,15,all,0.13580302857984927
1,16,last,0.07254417434933857
1,16,all,-0.009985400968872954
1,17,last,0.014681253011962886
1,17,all,0.07827069851872273
1,18,last,0.01719986246199229
1,18,all,0.1282022614116055
1,19,last,0.07903877394690272
1,19,all,0.040194641947587754
1,20,last,0.0003625639952224571
1,20,all,-0.02639773885391189
1,21,last,0.03828256272073899
1,21,all,0.07254101026711492
1,22,last,-0.017259249851420893
1,22,all,-0.06009702890466554
1,23,last,0.04109983498094249
1,23,all,0.011054285472791327
1,24,last,0.06301789719963234
1,24,all,0.13040039137263199
1,25,last,0.05862776630398466
1,25,all,0.05599206368523091
1,26,last,0.0330781121182579
1,26,all,0.0058611193593596424
1,27,last,0.06558160035296112
1,27,all,0.032664259013983475
1,28,last,-0.0020050545660361663
1,28,all,-0.0014106938898695823
1,29,last,0.005636358889234553
1,29,all,0.012342177570064507
1,30,last,0.12343511794946231
1,30,all,0.1499907290178202
1,31,last,0.21213830446790535
1,31,all,0.21213830446790535
2,0,last,-0.0051788239404009255
2,0,all,0.10304972693885756
2,1,last,0.0008740425336866334
2,1,all,-0.012976754249460484
2,2,last,-0.004264987459943314
2,2,all,0.02453534200976609
2,3,last,-0.0051674727386647355
2,3,all,0.07659411119507739
2,4,last,-0.009563020598805672
2,4,all,0.5091027358424726
2,5,last,0.005223840303179808
2,5,all,0.04434942572630319
2,6,last,-0.0051868086260328464
2,6,all,-0.002178179079925106
2,7,last,-0.009366899455500548
2,7,all,-0.006912018648082232
2,8,last,-0.011434112985373394
2,8,all,0.0006270352046515929
2,9,last,-0.014289609209199756
2,9,all,0.01495061169813417
2,10,last,-3.625478881520774e-05
2,10,all,0.04914455315174317
2,11,last,-0.013709057823064804
2,11,all,0.010537454369140132
2,12,last,-0.016475384530590907
2,12,all,-0.003415157945929694
2,13,last,-0.008949753581811283
2,13,all,-0.11298744509611468
2,14,last,0.04533631129017716
2,14,all,0.05907199911883599
2,15,last,0.00972159213940933
2,15,all,0.08521856436819794
2,16,last,-0.00013759555564628843
2,16,all,-0.069042799770887
2,17,last,-0.038935010399297726
2,17,all,-0.007538233803939195
2,18,last,0.016619885760297232
2,18,all,0.010750019648800724
2,19,last,0.05790759457115613
2,19,all,0.0639654029182429
2,20,last,-0.01048488492535808
2,20,all,-0.0491742259699699
2,21,last,0.06485647225453382
2,21,all,0.10127339334853243
2,22,last,-0.0029983141954805555
2,22,all,-0.03504478523850019
2,23,last,0.04027876825045568
2,23,all,0.02972547399144033
2,24,last,-0.0007107233421666976
2,24,all,0.06714434365085636
2,25,last,0.10518293281646665
2,25,all,0.09969639635599664
2,26,last,-0.009391457758876565
2,26,all,-0.04546950447861017
2,27,last,0.10038605739228022
2,27,all,0.07266599114787539
2,28,last,0.021938851723654087
2,28,all,-0.00672414115318628
2,29,last,0.04405994850179891
2,29,all,0.04504139584735059
2,30,last,-0.016789894823562832
2,30,all,-0.007255532772106325
2,31,last,-0.04789356871553556
2,31,all,-0.04789356871553556
3,0,last,-0.006090671186368409
3,0,all,0.6498496153190174
3,1,last,-0.013437740397854564
3,1,all,0.09983878353577831
3,2,last,-0.00011470253291618476
3,2,all,0.3178247847190021
3,3,last,0.007090959441717344
3,3,all,0.9221589526159728
3,4,last,-0.0072282582625797474
3,4,all,0.5612627283168908
3,5,last,-0.01906085718879526
3,5,all,0.5416852655768927
3,6,last,-0.006190550110238794
3,6,all,0.04464190935190959
3,7,last,-0.005499697753829044
3,7,all,0.016820354736181955
3,8,last,-0.0271865822686984
3,8,all,0.047451122063926064
3,9,last,0.0031662007500857215
3,9,all,0.06901916787032152
3,10,last,-0.017256402022495464
3,10,all,-0.046267315307824734
3,11,last,0.022099641524049113
3,11,all,0.12685930807168275
3,12,last,0.039431660608418656
3,12,all,0.031202086986492416
3,13,last,-0.010451366126043537
3,13,all,0.02395509101584916
3,14,last,0.05978847320602129
3,14,all,0.10836457950251302
3,15,last,0.02429783839579014
3,15,all,0.10202268423025607
3,16,last,-0.06896581398158363
3,16,all,-0.0306249933377038
3,17,last,0.00883309437897628
3,17,all,-0.02565783512682347
3,18,last,0.11250497451449627
3,18,all,0.016950907982141494
3,19,last,-0.026286561571164872
3,19,all,0.14333524985387364
3,20,last,0.051252989150228564
3,20,all,0.08643146762390538
3,21,last,0.100964378478829
3,21,all,0.3259199465150861
3,22,last,-0.016950907982141494
3,22,all,0.07684842076930867
3,23,last,-0.045333538976209384
3,23,all,0.0654729941602753
3,24,last,0.04277341286338384
3,24,all,0.02613704854060181
3,25,last,-0.019881402244572004
3,25,all,-0.00132882273672915
3,26,last,0.014949054531338553
3,26,all,0.000892359056903116
3,27,last,0.05433141414787455
3,27,all,0.017894400162382366
3,28,last,0.04403955449669461
3,28,all,0.18674976992870454
3,29,last,-0.0610923678511341
3,29,all,-0.052198924172409567
3,30,last,-0.019426700528897486
3,30,all,0.0033049985875932054
3,31,last,0.376450673358277
3,31,all,0.376450673358277
4,0,last,-0.05167736989083043
4,0,all,-0.21038394274860311
4,1,last,-0.02495478694814386
4,1,all,-0.4952755379749383
4,2,last,-0.014988381228308034
4,2,all,0.6950582690753143
4,3,last,-0.01659753493563622
4,3,all,1.6705747917879175
4,4,last,6.499598185132234e-05
4,4,all,0.06077183497981928
4,5,last,-0.04274758496715157
4,5,all,0.2643051538853864
4,6,last,0.008512697776024557
4,6,all,0.37236446621132385
4,7,last,-0.034438162420341444
4,7,all,-0.156126031115672
4,8,last,-0.002668505338668134
4,8,all,1.4630445159729106
4,9,last,-0.05201193937117986
4,9,all,-0.14243899020158937
4,10,last,-0.04406254010453343
4,10,all,-0.19586568728337633
4,11,last,0.020665525705022898
4,11,all,0.057747450002817675
4,12,last,-0.1214326203585884
4,12,all,0.23206193773740108
4,13,last,0.07432639774510115
4,13,all,0.19773837661110713
4,14,last,0.02127700884939827
4,14,all,0.06522352698268526
4,15,last,-0.2074284606157499
4,15,all,0.02241698391177784
4,16,last,-0.001519651043795216
4,16,all,0.062440183570436465
4,17,last,0.44596892315983233
4,17,all,0.19069726363364714
4,18,last,-0.19791205439867707
4,18,all,-0.5757074143722335
4,19,last,-0.11108168467690722
4,19,all,0.00886360504416175
4,20,last,-0.6006116488900486
4,20,all,-0.6377026891998698
4,21,last,-0.1393024901156384
4,21,all,0.030684022922153047
4,22,last,-0.003213808603526405
4,22,all,0.139153910958583
4,23,last,0.20691097894603747
4,23,all,0.3457384893181649
4,24,last,-0.020785928097632727
4,24,all,0.20264942090829577
4,25,last,-0.16569583111747155
4,25,all,-0.29589308267536246
4,26,last,-0.017014740473057094
4,26,all,-0.04591581351054545
4,27,last,0.17708729445760676
4,27,all,0.2523899342179101
4,28,last,0.1560613903031204
4,28,all,0.28586156258390877
4,29,last,0.5806922154940003
4,29,all,0.5214152880967614
4,30,last,0.11265757085982699
4,30,all,0.18879710788007023
4,31,last,0.29661881194448564
4,31,all,0.29661881194448564
5,0,last,0.022167248420938014
5,0,all,0.1959620190631458
5,1,last,-0.005159379862124529
5,1,all,-0.21261740235097035
5,2,last,-0.004557942134922562
5,2,all,-0.39026316542545175
5,3,last,-0.0008057455099171199
5,3,all,0.07194411265564234
5,4,last,-0.020886569240481843
5,4,all,-0.32537758329946587
5,5,last,0.005060778726397779
5,5,all,-0.2957047087087547
5,6,last,-0.006070085778121293
5,6,all,0.1268662106204617
5,7,last,-0.013912591050313314
5,7,all,-0.011188130382952017
5,8,last,0.09477853289426681
5,8,all,0.2674170519162396
5,9,last,0.025415505315733555
5,9,all,-0.1045511740543327
5,10,last,0.08984049457473126
5,10,all,-0.10874689734119555
5,11,last,-0.1419542284378394
5,11,all,-0.27695024708036486
5,12,last,-0.16604703796542802
5,12,all,-0.2616275851650682
5,13,last,0.11904625480181691
5,13,all,0.19428167920816442
5,14,last,-0.10710909321801337
5,14,all,-0.18890867977459372
5,15,last,-0.18476529068711461
5,15,all,-0.19393685101780447
5,16,last,-0.25558043818357695
5,16,all,-0.3879637051782565
5,17,last,0.0947423239875636
5,17,all,-0.024030482189078887
5,18,last,0.2532820161846026
5,18,all,0.09223261847564007
5,19,last,0.32881541783034285
5,19,all,0.37115764611737667
5,20,last,0.07144714865566647
5,20,all,0.07086222556422789
5,21,last,0.32527680833152667
5,21,all,0.3820620427287162
5,22,last,0.03537386312630945
5,22,all,0.01724329134289815
5,23,last,-0.046314890432691894
5,23,all,0.08795098014849935
5,24,last,0.005844526352134992
5,24,all,0.06616840269339758
5,25,last,-0.029751002769332457
5,25,all,-0.054721002262537545
5,26,last,0.02179088344086881
5,26,all,0.05544242254976502
5,27,last,-0.0741191777878733
5,27,all,-0.12975185932411468
5,28,last,-0.04817423077000446
5,28,all,0.07166985289904534
5,29,last,-0.05523989925617951
5,29,all,-0.03162406745031479
5,30,last,0.1722635816332073
5,30,all,0.2200674173504126
5,31,last,0.5255821441551849
5,31,all,0.5255821441551849
6,0,last,-0.008049193476827964
6,0,all,-0.3160154587748281
6,1,last,-0.01124123976319882
6,1,all,-0.13210766577485897
6,2,last,0.0032244714309198857
6,2,all,-0.025084335883355947
6,3,last,0.009690149851236575
6,3,all,0.3683013094354207
6,4,last,0.015300135680053777
6,4,all,0.27799100603194854
6,5,last,-0.013203701905535095
6,5,all,0.2954216567540443
6,6,last,-0.0028080872494394894
6,6,all,0.4989636592577536
6,7,last,0.02213295041445785
6,7,all,-0.1172968708515209
6,8,last,0.006793154947388459
6,8,all,0.010471665566361806
6,9,last,-0.026620607852916756
6,9,all,0.03859869159311883
6,10,last,0.07031287998216268
6,10,all,-0.056297547072680615
6,11,last,0.01587093153779386
6,11,all,0.19302806221931984
6,12,last,-0.05810646918242787
6,12,all,-0.07184435791153479
6,13,last,0.01034623604215199
6,13,all,-0.09162679042147284
6,14,last,-0.13029229350194874
6,14,all,-0.165172683942528
6,15,last,0.02772328067850138
6,15,all,0.1524097286590686
6,16,last,-0.011788806317115473
6,16,all,-0.0653168799549674
6,17,last,-0.1291261214349556
6,17,all,0.0074828865839918456
6,18,last,0.010935379999159736
6,18,all,0.13664389555686612
6,19,last,-0.06568005029035322
6,19,all,0.24299765057165007
6,20,last,-0.29227432578797896
6,20,all,-0.2583781953803234
6,21,last,0.0650085360064669
6,21,all,0.36642993405666974
6,22,last,0.014515656376448258
6,22,all,0.022386947380091903
6,23,last,0.06664051445106758
6,23,all,0.19132360660350273
6,24,last,0.14415465294722773
6,24,all,0.2699687899267279
6,25,last,0.0920525883545965
6,25,all,0.11103851287827374
6,26,last,0.029638194658602453
6,26,all,-0.09883179700325419
6,27,last,0.09726532258050458
6,27,all,-0.03248973334502498
6,28,last,-0.06896327050467646
6,28,all,0.10828228842723929
6,29,last,0.111587517644247
6,29,all,0.10502430229718203
6,30,last,-0.17707833409369717
6,30,all,-0.08041732207007005
6,31,last,0.5222138825292798
6,31,all,0.5222138825292798
7,0,last,0.002724786092359892
7,0,all,0.6992042921743333
7,1,last,-7.481389755238085e-05
7,1,all,-0.14626477612842761
7,2,last,-0.0038119023616483855
7,2,all,0.8264050548719654
7,3,last,0.00027884482431318156
7,3,all,0.5480685046689243
7,4,last,-0.025551388655921395
7,4,all,0.3064408959722602
7,5,last,-0.005585643957362063
7,5,all,0.23249673235915153
7,6,last,-0.0012019076444047619
7,6,all,-0.10425369057596061
7,7,last,-0.016636871552390166
7,7,all,0.12939438290607053
7,8,last,-0.046809815194582376
7,8,all,-0.06363202059369547
7,9,last,-0.02540651825737894
7,9,all,-0.06530677764803215
7,10,last,-0.053140682303768776
7,10,all,-0.11164489441572188
7,11,last,0.09361773766150018
7,11,all,0.10302265027196195
7,12,last,0.08743910724230756
7,12,all,0.09865339076789854
7,13,last,0.03706546489714023
7,13,all,-0.1577877533051501
7,14,last,0.09059474465236654
7,14,all,-0.10420181960699096
7,15,last,0.037687635173366436
7,15,all,-0.01836365304010173
7,16,last,-0.06137138759497081
7,16,all,-0.16493044711803312
7,17,last,-0.1176556347755867
7,17,all,-0.07711371512924235
7,18,last,-0.04965852379417006
7,18,all,-0.011850879455909343
7,19,last,-0.02574879503585619
7,19,all,-0.11058471114955223
7,20,last,0.0343637751977683
7,20,all,-0.009471516162334034
7,21,last,0.05293486095894689
7,21,all,0.17296698157051074
7,22,last,-0.024071863902445336
7,22,all,-0.10505150086397902
7,23,last,-0.025037820023800283
7,23,all,-0.022206708676012956
7,24,last,0.0129969516342092
7,24,all,0.052251918778247364
7,25,last,-0.0449726672221055
7,25,all,0.0007576537686484191
7,26,last,-0.06362475661184765
7,26,all,-0.08425139577155431
7,27,last,0.017892517316028277
7,27,all,-0.0731447163714344
7,28,last,-0.06738228141924087
7,28,all,-0.08990113669550313
7,29,last,0.035969959240365515
7,29,all,0.05868703937339051
7,30,last,-0.12014625976295785
7,30,all,-0.11233052222351303
7,31,last,0.21916539457463427
7,31,all,0.21916539457463427
8,0,last,-0.004078911258907539
8,0,all,0.9666392895532817
8,1,last,0.003354761343780368
8,1,all,0.0808436193497867
8,2,last,-0.003767727412925124
8,2,all,-0.04251924036798581
8,3,last,0.0034088260658833042
8,3,all,0.3196574710829535
8,4,last,0.00319302055040324
8,4,all,0.6387467242034698
8,5,last,0.012644599400385962
8,5,all,0.14549499610878514
8,6,last,0.005239120926886956
8,6,all,-0.06454837609608219
8,7,last,-0.003677506199520643
8,7,all,-0.044599797087277265
8,8,last,0.008812067994038712
8,8,all,0.17115618740000116
8,9,last,0.006361417283454566
8,9,all,0.18821462731257385
8,10,last,0.02453521127957851
8,10,all,0.0022673180313357204
8,11,last,0.05082735601265307
8,11,all,-0.04587213154842299
8,12,last,-0.040776361475371864
8,12,all,-0.0680969543681561
8,13,last,0.01511871216018459
8,13,all,0.07739274294449001
8,14,last,-0.05578991945121473
8,14,all,-0.010854598058685442
8,15,last,-0.08443365290930119
8,15,all,0.0964741612140307
8,16,last,0.019274271780354416
8,16,all,0.027310136979547355
8,17,last,-0.01019151181029403
8,17,all,0.12809581810224607
8,18,last,0.05809364899612607
8,18,all,0.06277540457512794
8,19,last,0.020810950996478284
8,19,all,0.0351215825775583
8,20,last,-0.030726868735926845
8,20,all,0.031562208362548735
8,21,last,0.061339090791754904
8,21,all,0.09650082520957518
8,22,last,-0.1282453744980843
8,22,all,-0.11318245554430467
8,23,last,0.0372213226390215
8,23,all,0.08512705847249875
8,24,last,-0.030060268847314907
8,24,all,0.05304389627564054
8,25,last,0.06210463932270618
8,25,all,0.04355210891377938
8,26,last,-0.030126659645997915
8,26,all,-0.07043536694234102
8,27,last,0.024534672899222138
8,27,all,0.014560185044162066
8,28,last,0.011177371250233948
8,28,all,0.08028441217436666
8,29,last,0.08274092839725443
8,29,all,0.07818764737276762
8,30,last,0.12868446618241716
8,30,all,0.2088053807432964
8,31,last,0.41085091440361554
8,31,all,0.41085091440361554
9,0,last,0.00019250806474590951
9,0,all,-0.05429018303405006
9,1,last,0.006082844973030691
9,1,all,-0.08599920973852816
9,2,last,0.006621827889196007
9,2,all,-0.005667947784038477
9,3,last,8.442060394248848e-05
9,3,all,0.2512874472643923
9,4,last,0.00907957808737288
9,4,all,0.010265532217698856
9,5,last,-0.00038151237693978155
9,5,all,0.13250610396665116
9,6,last,0.014875346731022006
9,6,all,0.014032462862371475
9,7,last,0.0010654052099742712
9,7,all,0.05320352392887805
9,8,last,-0.0033264494511966603
9,8,all,-0.019379387582396858
9,9,last,0.01246291393613611
9,9,all,0.10382669937452728
9,10,last,-0.00683284634478287
9,10,all,-0.010279613336445724
9,11,last,0.019010865533315102
9,11,all,0.1031078681787805
9,12,last,-0.002800886568391035
9,12,all,0.037266870717282276
9,13,last,0.06958776500186195
9,13,all,-0.01495223096155068
9,14,last,0.02524929695221787
9,14,all,-0.0654892339269814
9,15,last,-0.027928808243523232
9,15,all,0.02684307465789327
9,16,last,-0.05776616999982614
9,16,all,-0.27098359391005494
9,17,last,-0.04384344731172602
9,17,all,-0.040392251047969084
9,18,last,0.04584329671647482
9,18,all,0.07655867902975672
9,19,last,0.0961831640194494
9,19,all,0.16355576410595904
9,20,last,-0.13278528032565595
9,20,all,-0.23309441046355373
9,21,last,-0.02478739659219738
9,21,all,0.020708565861854704
9,22,last,0.09881342444941008
9,22,all,0.010625261831131159
9,23,last,-0.00961099157585502
9,23,all,-0.046014319506137484
9,24,last,-0.028453313389709373
9,24,all,0.04228001342532204
9,25,last,-0.018593290948504818
9,25,all,0.008242214281705275
9,26,last,-0.049210535136060295
9,26,all,-0.1249340980504658
9,27,last,0.12663612848829142
9,27,all,0.048062163709995324
9,28,last,-0.040381673681774255
9,28,all,-0.06678430020046092
9,29,last,0.19313282349106103
9,29,all,0.1987878470557802
9,30,last,-0.01621840780361057
9,30,all,0.023659518813134894
9,31,last,0.024386249979258447
9,31,all,0.024386249979258447
10,0,last,-5.116687890105438e-05
10,0,all,0.498798987438751
10,1,last,0.003007469692091736
10,1,all,0.24549072165310956
10,2,last,-0.0004978622638295619
10,2,all,0.36835798840893086
10,3,last,-0.0110549415932275
10,3,all,0.05354157537726718
10,4,last,-0.0017370108262807155
10,4,all,0.1710513674096301
10,5,last,-0.000758195413730884
10,5,all,0.35402309216315775
10,6,last,-0.0063734436503997535
10,6,all,0.1843097942248598
10,7,last,-0.0023768682891626225
10,7,all,0.042474481973487126
10,8,last,0.011219663263504721
10,8,all,0.06034739078909307
10,9,last,0.009204324265738481
10,9,all,0.15622886037424888
10,10,last,0.014037874969969515
10,10,all,0.11041652166367905
10,11,last,-0.017573043499034734
10,11,all,0.015093944871734278
10,12,last,-0.032904052096208
10,12,all,-0.01622633848573548
10,13,last,0.023232943175755204
10,13,all,0.017418896489429837
10,14,last,-0.029356654191842028
10,14,all,0.03466927063592028
10,15,last,-0.012000093905055164
10,15,all,0.13144840997954255
10,16,last,-0.04538010915118207
10,16,all,0.0073347811396867685
10,17,last,-0.01945106703755716
10,17,all,0.02482604553919445
10,18,last,0.15098460432825775
10,18,all,0.1516363162701574
10,19,last,-0.006995228526949252
10,19,all,0.1443852274937868
10,20,last,0.060829223004959694
10,20,all,0.09179842245712505
10,21,last,0.15991480184637194
10,21,all,0.2830592333024557
10,22,last,0.038341134106243645
10,22,all,0.05962461661037707
10,23,last,0.07576074729394693
10,23,all,0.1182780708633608
10,24,last,0.055393588870223935
10,24,all,0.11306654714111333
10,25,last,0.03181830075079574
10,25,all,0.021548624668423628
10,26,last,-0.0470896103467651
10,26,all,-0.08067106124398757
10,27,last,-0.04095594518799161
10,27,all,-0.11815008902881799
10,28,last,0.06844385775618007
10,28,all,0.12051056530119271
10,29,last,-0.06027903039100596
10,29,all,-0.06541133465041724
10,30,last,0.019630603574742063
10,30,all,0.020954065018495057
10,31,last,0.18959535349927156
10,31,all,0.18959535349927156
11,0,last,0.0005011644484919358
11,0,all,-0.11413761982213894
11,1,last,0.008449626143269289
11,1,all,-0.121722188335856
11,2,last,0.0013600866885329797
11,2,all,-0.2988420356460318
11,3,last,0.0004836947341469527
11,3,all,0.3190424504048211
11,4,last,0.0011072763491487422
11,4,all,-0.10881035798415513
11,5,last,0.002075957478392369
11,5,all,-0.17793113955269588
11,6,last,-0.018924156865893205
11,6,all,-0.27465316562364506
11,7,last,0.003378920461423916
11,7,all,-0.04741971511836506
11,8,last,-0.0747608836885471
11,8,all,-0.1588382594752453
11,9,last,0.01496366606185719
11,9,all,0.055416872430946916
11,10,last,-0.013545906711919147
11,10,all,-0.21842044784533032
11,11,last,0.04063226286824487
11,11,all,-0.04547718621607892
11,12,last,-0.005920327963048422
11,12,all,-0.11442462688516705
11,13,last,-0.025194557237839893
11,13,all,-0.28877592811570985
11,14,last,-0.018714358836134693
11,14,all,-0.22330970745526357
11,15,last,0.00983948561669335
11,15,all,0.03453578464317818
11,16,last,-0.1117238284223469
11,16,all,-0.406063586078982
11,17,last,-0.060683329329722584
11,17,all,-0.07423382143801324
11,18,last,0.17207226235933046
11,18,all,0.09305219127212426
11,19,last,0.14747965141558453
11,19,all,0.12295527246150761
11,20,last,-0.18811982570714642
11,20,all,-0.18616580102240776
11,21,last,0.15327162057175436
11,21,all,0.2392203870339328
11,22,last,0.09430171178336108
11,22,all,0.0195664998561897
11,23,last,0.03172600228772529
11,23,all,-0.0064136132797470565
11,24,last,0.027520483401527112
11,24,all,0.11668264397442266
11,25,last,0.0778815365430742
11,25,all,0.06756093951413333
11,26,last,-0.01593809508232708
11,26,all,-0.11124462221000024
11,27,last,0.1683853130529217
11,27,all,0.15160905918032036
11,28,last,-0.10174846007374286
11,28,all,-0.08915876996290253
11,29,last,0.14095879798548683
11,29,all,0.13323615091624455
11,30,last,0.047444418134028485
11,30,all,0.06782979874081786
11,31,last,0.07231790075129137
11,31,all,0.07231790075129137
12,0,last,-0.004616541988949957
12,0,all,-0.37130968597522046
12,1,last,-0.004938962927109402
12,1,all,-0.11829943338445228
12,2,last,-0.005016034711524194
12,2,all,-0.16137792907263843
12,3,last,-0.00811385726503059
12,3,all,-0.1190658259450736
12,4,last,-0.00045303087772229344
12,4,all,0.10253895164731489
12,5,last,0.007105316941621307
12,5,all,0.8817013839919622
12,6,last,-0.00503517494256313
12,6,all,0.020611542642340226
12,7,last,0.00612494204716078
12,7,all,-0.05294136819343839
12,8,last,0.008925069299045574
12,8,all,0.009745783333878818
12,9,last,-0.0019268967824215845
12,9,all,-0.018410382015511966
12,10,last,-0.03182717311354717
12,10,all,-0.09417620326407691
12,11,last,-0.013639560228330015
12,11,all,0.004173830488460399
12,12,last,-0.008595360087857067
12,12,all,-0.03751073189689191
12,13,last,0.012874189388226789
12,13,all,-0.11939471777984763
12,14,last,-0.031807215506093764
12,14,all,-0.1034465800408872
12,15,last,-0.15591421048743664
12,15,all,-0.0003477596070081445
12,16,last,0.03748709609557337
12,16,all,0.020061278028646115
12,17,last,0.0670272840587725
12,17,all,0.07035407418038346
12,18,last,-0.22613042051257878
12,18,all,-0.33664413920506125
12,19,last,0.1348549158567176
12,19,all,0.17468471492822565
12,20,last,0.0027657633851262764
12,20,all,-0.025245658224201377
12,21,last,-0.008823033476638717
12,21,all,0.15674595910386527
12,22,last,-0.05311989682529979
12,22,all,-0.10095582976188087
12,23,last,0.015037171725028988
12,23,all,0.0179554439261559
12,24,last,0.008670354373885069
12,24,all,0.009778308103704768
12,25,last,0.004254682638792133
12,25,all,-0.004872074290524935
12,26,last,-0.1245691532290268
12,26,all,-0.16597519460114704
12,27,last,0.040168908111463036
12,27,all,-0.042931231704178396
12,28,last,0.061588120823355526
12,28,all,0.03095710997769005
12,29,last,-0.012308156221203445
12,29,all,0.0025620663711691995
12,30,last,-0.005798945087188009
12,30,all,0.003573263167925523
12,31,last,-0.08764883956219004
12,31,all,-0.08764883956219004
13,0,last,0.003651143215991114
13,0,all,0.49763240893887045
13,1,last,0.0014545232197433393
13,1,all,0.24754664136904106
13,2,last,0.009319530649172226
13,2,all,0.14963124175534204
13,3,last,0.002094635276582221
13,3,all,0.6668945528765388
13,4,last,0.004119607318215904
13,4,all,0.2789658038691694
13,5,last,-0.003775803741688499
13,5,all,0.23676079833728805
13,6,last,0.009417002770622488
13,6,all,0.1503762717206864
13,7,last,0.008545732870205379
13,7,all,0.19875752941114092
13,8,last,-0.007366816586460874
13,8,all,0.09840577802100682
13,9,last,0.023606755043646413
13,9,all,0.04625164977770377
13,10,last,-0.011524611767073669
13,10,all,0.04006831848068038
13,11,last,0.04843529605408259
13,11,all,0.14120622088739568
13,12,last,-0.009356985214359133
13,12,all,0.1317048607338861
13,13,last,0.03915857868047792
13,13,all,0.1975132368607524
13,14,last,-0.008798833222605454
13,14,all,0.12122285658071634
13,15,last,0.23798018698627596
13,15,all,0.37947865501558936
13,16,last,0.09719250958334842
13,16,all,0.13532991549144507
13,17,last,0.12096118229170721
13,17,all,0.2226612698248311
13,18,last,0.0242188889915505
13,18,all,0.09638768769165146
13,19,last,0.12813632626897364
13,19,all,0.07706395242909213
13,20,last,-0.003292786510219399
13,20,all,-0.020892370809671806
13,21,last,0.06759370099952923
13,21,all,0.14845683806981283
13,22,last,0.07243639577426765
13,22,all,0.07333115938914311
13,23,last,0.0001884009754883562
13,23,all,0.037822398348930565
13,24,last,-0.02074396273586646
13,24,all,0.020582298904803696
13,25,last,-0.005449526419739548
13,25,all,0.03301371728323988
13,26,last,0.018793674194695825
13,26,all,0.0010382360343828396
13,27,last,0.02822252253563345
13,27,all,0.03091253873924549
13,28,last,-0.03106089040557315
13,28,all,-0.025282169946028197
13,29,last,0.04098409388099579
13,29,all,0.07200798098120356
13,30,last,-0.028965239794392486
13,30,all,-0.003949707995410236
13,31,last,0.20780148132805315
13,31,all,0.20780148132805315
14,0,last,-2.871624178708604e-05
14,0,all,-0.16271310685423662
14,1,last,0.0055667306283489855
14,1,all,0.14730051271794642
14,2,last,0.0007870360388834428
14,2,all,0.39045973969139675
14,3,last,-0.005949858505993942
14,3,all,0.11221651312346012
14,4,last,5.215713564203966e-05
14,4,all,0.3188529466946734
14,5,last,-0.004436246502788365
14,5,all,0.30768622780970767
14,6,last,-0.010440028239166843
14,6,all,0.29363871022789045
14,7,last,-0.0070647918233024505
14,7,all,0.0031461257615423466
14,8,last,-0.016766500714924325
14,8,all,0.060720539131384144
14,9,last,-0.004528702709372825
14,9,all,-0.017193230490043124
14,10,last,-0.019616495967111187
14,10,all,-0.0722330456051535
14,11,last,-0.004035136569583445
14,11,all,0.011560924993268197
14,12,last,0.0323405204979378
14,12,all,0.006267434451508314
14,13,last,-0.021201348103695908
14,13,all,-0.1714231650160944
14,14,last,0.06347071562617691
14,14,all,0.016361973273711198
14,15,last,0.04131067624914505
14,15,all,0.11394240054019562
14,16,last,-0.022289033102120184
14,16,all,-0.13328698672584843
14,17,last,-0.012732029297906237
14,17,all,-0.025254397919953247
14,18,last,-0.010724690600843781
14,18,all,0.034231640986425844
14,19,last,-0.016301926052466317
14,19,all,-0.046155441108538676
14,20,last,-0.05770859069768082
14,20,all,-0.15566157220965057
14,21,last,0.05388543136978767
14,21,all,0.08809500764007998
14,22,last,-0.004505697605129657
14,22,all,-0.04269063845930482
14,23,last,0.08123301854032498
14,23,all,0.09220399908071328
14,24,last,0.08322781108382711
14,24,all,0.12563582851174177
14,25,last,0.02494989566279242
14,25,all,0.0029525204924330866
14,26,last,0.0029060974306303216
14,26,all,-0.053455215277774595
14,27,last,0.010746411272546951
14,27,all,-0.11043151887358936
14,28,last,0.07439502080551352
14,28,all,0.06710990292901078
14,29,last,0.039477240543480105
14,29,all,0.034948285534858355
14,30,last,-0.06682888743829563
14,30,all,-0.05701770360893433
14,31,last,-0.027313641453408814
14,31,all,-0.027313641453408814
15,0,last,0.007705576045177351
15,0,all,0.1688621728254941
15,1,last,0.0035454360705652267
15,1,all,-0.0003148092857804932
15,2,last,0.0007457333757044093
15,2,all,-0.013655521871993904
15,3,last,-0.0016030065041675516
15,3,all,-0.043999275677864776
15,4,last,0.003639087372409823
15,4,all,-0.030578362440877756
15,5,last,0.00210818367806498
15,5,all,-0.043061984900683414
15,6,last,0.004180727705843228
15,6,all,0.013671671803381859
15,7,last,0.0061555028855306585
15,7,all,0.0249445984152571
15,8,last,0.006210037498036159
15,8,all,0.006465874371468003
15,9,last,0.011990020165911493
15,9,all,-0.03048937769144554
15,10,last,0.002019244679146614
15,10,all,-0.04238277277211239
15,11,last,0.011788992408068232
15,11,all,-0.005399658646266086
15,12,last,0.03820250257140763
15,12,all,-0.03341535180452379
15,13,last,0.06510554323290882
15,13,all,0.014620537460566489
15,14,last,0.07397368558544966
15,14,all,0.14505351391854157
15,15,last,0.1683147908025729
15,15,all,0.2192624943967058
15,16,last,0.0015656740848684842
15,16,all,-0.1268921611893084
15,17,last,0.010823290561787945
15,17,all,-0.0026015572193899095
15,18,last,0.06526251324591752
15,18,all,0.10705542464300188
15,19,last,0.06593518305100844
15,19,all,0.031121100786643485
15,20,last,0.05325085308695644
15,20,all,0.00652237625606892
15,21,last,0.10985764361612428
15,21,all,0.1666732852410032
15,22,last,0.06217403330765509
15,22,all,0.015191641124917294
15,23,last,0.07999774724469817
15,23,all,0.07149931479455411
15,24,last,0.09155839883815656
15,24,all,0.1472011345395426
15,25,last,0.13512514915811277
15,25,all,0.11905839220433204
15,26,last,0.0326678799092932
15,26,all,-0.013695965326234561
15,27,last,0.12680596722122084
15,27,all,0.088087764857731
15,28,last,0.07491930295615115
15,28,all,0.04396665556149194
15,29,last,0.06493384155444142
15,29,all,0.05798589401856867
15,30,last,0.05933681519143982
15,30,all,0.06824169520659971
15,31,last,0.08709589371753029
15,31,all,0.08709589371753029
16,0,last,0.011315768966416189
16,0,all,0.28118951006861803
16,1,last,-0.008852239162344134
16,1,all,0.14082349053948193
16,2,last,-0.000651156977917295
16,2,all,0.053561960626786136
16,3,last,0.0028599880539899284
16,3,all,0.028760148819957157
16,4,last,0.006025365195851449
16,4,all,0.059887326010219025
16,5,last,0.007294272307030176
16,5,all,-0.031265022440540996
16,6,last,0.015377980556565838
16,6,all,-0.15374407834944903
16,7,last,0.004276780901702674
16,7,all,-0.14080271562407765
16,8,last,0.017362071720537834
16,8,all,-0.004396572793866898
16,9,last,0.012647347795255054
16,9,all,0.10578503433862564
16,10,last,0.00197174114902132
16,10,all,0.005419704848955251
16,11,last,0.014730076435966544
16,11,all,0.12809213228256067
16,12,last,-0.024368921554949505
16,12,all,-0.04036697261633028
16,13,last,-0.06285479931285341
16,13,all,-0.1792046479774617
16,14,last,0.02327792405334994
16,14,all,0.06299434689179562
16,15,last,0.15190239727885907
16,15,all,0.23605060660963909
16,16,last,-0.06172180742327846
16,16,all,-0.08526696454815985
16,17,last,-0.006485644506348488
16,17,all,-0.032902174685832807
16,18,last,-0.09702140300962382
16,18,all,-0.08880173616705347
16,19,last,-0.19665269271691427
16,19,all,-0.2453676140255791
16,20,last,-0.12912873116694554
16,20,all,-0.1433815158486419
16,21,last,0.053812918568869855
16,21,all,0.07669173871501661
16,22,last,-0.1003789155904019
16,22,all,-0.08258728237530667
16,23,last,-0.04020829823635823
16,23,all,0.01272782348530238
16,24,last,0.06041688033873174
16,24,all,0.10699082517497743
16,25,last,-0.018930501933558025
16,25,all,-0.008700612639894415
16,26,last,0.03220308143390591
16,26,all,0.028226560948370116
16,27,last,0.0449998654943499
16,27,all,0.05143954712679504
16,28,last,0.000768942941402085
16,28,all,0.06259975361340674
16,29,last,0.006652819686778249
16,29,all,0.03453414404513127
16,30,last,-0.029255472246626783
16,30,all,0.0030775825228486933
16,31,last,0.3199342718976039
16,31,all,0.3199342718976039
17,0,last,-0.00026910311676678843
17,0,all,0.1306022207973489
17,1,last,0.007826570987693765
17,1,all,-0.04553436897260089
17,2,last,0.008202408283602362
17,2,all,0.21806674883443258
17,3,last,0.010490524651146523
17,3,all,0.0030790715971297845
17,4,last,0.01729074484564141
17,4,all,-0.05996560253740621
17,5,last,0.005081077331065152
17,5,all,-0.14359358069053016
17,6,last,0.013396907495347195
17,6,all,-0.10999322293693296
17,7,last,5.813303779329679e-05
17,7,all,-0.1364739074424029
17,8,last,0.019328418321112102
17,8,all,0.1460299026737642
17,9,last,-0.0009874545060935434
17,9,all,0.01830220205064531
17,10,last,0.0718489179039475
17,10,all,0.0039305428386199005
17,11,last,0.032971733026570256
17,11,all,0.023834910628381625
17,12,last,-0.027009839280887595
17,12,all,0.05818646253546716
17,13,last,-0.04382381634649135
17,13,all,-0.023317267155323694
17,14,last,-0.014611801506327902
17,14,all,-0.024257100614259623
17,15,last,0.03972342894984925
17,15,all,0.0014322635284947493
17,16,last,-0.05450547858239561
17,16,all,0.06386487844958323
17,17,last,-0.009949147524642403
17,17,all,0.1295008255371805
17,18,last,0.06550703587519481
17,18,all,0.10742451136779543
17,19,last,0.02609118354348827
17,19,all,0.16619601326509442
17,20,last,-0.05879250666103721
17,20,all,0.005698824934326482
17,21,last,-0.06084793713714295
17,21,all,0.04697862424178424
17,22,last,0.20577959622617614
17,22,all,0.18645390679477203
17,23,last,0.019297343570000777
17,23,all,0.017299796303757324
17,24,last,0.0501742693950311
17,24,all,0.05963575279833707
17,25,last,-0.12802699448447188
17,25,all,-0.142364850055678
17,26,last,-0.015477436069753112
17,26,all,-0.07200019832494216
17,27,last,0.05295831342316826
17,27,all,0.010231895089949105
17,28,last,0.014860860736014224
17,28,all,0.07091308169190777
17,29,last,0.04695018229271512
17,29,all,0.04140788416593456
17,30,last,-0.008423256174617425
17,30,all,-0.006936626244827721
17,31,last,0.16216790301064757
17,31,all,0.16216790301064757
18,0,last,-0.0016177466135654656
18,0,all,0.3746302242998744
18,1,last,0.011497547115457352
18,1,all,0.17419789192050128
18,2,last,0.0031901883590827237
18,2,all,-0.027897909348908363
18,3,last,-0.00017611424609809817
18,3,all,0.26429068373939896
18,4,last,-0.0012917827436679462
18,4,all,0.00473482428197082
18,5,last,0.009161151631122948
18,5,all,0.02857584484428033
18,6,last,0.0008808923138926752
18,6,all,0.0420962495018391
18,7,last,-0.0026469152425868587
18,7,all,-0.007307376608611791
18,8,last,-0.00035306330904187556
18,8,all,-0.002955958017189264
18,9,last,0.007535442149183311
18,9,all,0.03714177206443399
18,10,last,-0.058505987370633894
18,10,all,-0.026841288089000208
18,11,last,0.018090416829188383
18,11,all,0.15613049677124952
18,12,last,-0.04948948381219498
18,12,all,-0.049577974397836976
18,13,last,0.002881948292985779
18,13,all,-0.10295109039281215
18,14,last,-0.0521044512562645
18,14,all,-0.04420265294518888
18,15,last,0.18735441275836456
18,15,all,0.24640303107868997
18,16,last,-0.16003442142504776
18,16,all,-0.12483009871773416
18,17,last,-0.12166617498095013
18,17,all,-0.11511469291776065
18,18,last,-0.1431106290293559
18,18,all,-0.14433681443395757
18,19,last,-0.03672478105001722
18,19,all,0.009088297807167326
18,20,last,-0.1792136962877236
18,20,all,-0.2145453606723435
18,21,last,0.058846881618732985
18,21,all,0.21982544878790375
18,22,last,-0.1574012485520744
18,22,all,-0.22534712005526744
18,23,last,-0.014857781244336891
18,23,all,0.07411388365915379
18,24,last,-0.09356794169741897
18,24,all,-0.0792669511808099
18,25,last,-0.06058843799218072
18,25,all,-0.020532063452758806
18,26,last,-0.0055521741905712185
18,26,all,-0.00814517952993133
18,27,last,0.02895337470856865
18,27,all,0.05143749681324723
18,28,last,0.025960813183530374
18,28,all,0.10343200911260382
18,29,last,0.04795509044983656
18,29,all,0.023805123437945303
18,30,last,-0.20400823822949987
18,30,all,-0.20230726679808825
18,31,last,0.09948330937837098
18,31,all,0.09948330937837098
19,0,last,-0.00012451462446719128
19,0,all,0.6503378567023067
19,1,last,-0.003096650493013132
19,1,all,0.1433911090994119
19,2,last,0.0015322094851846872
19,2,all,0.17183240736924682
19,3,last,0.01077697324382217
19,3,all,0.22406595451826133
19,4,last,0.011680966109487899
19,4,all,0.08551722433096043
19,5,last,0.01723643268502136
19,5,all,0.07862150666034012
19,6,last,-0.003566014589711992
19,6,all,0.09099896775667371
19,7,last,0.01845848828276846
19,7,all,0.11364417583340841
19,8,last,0.010532117003368174
19,8,all,-0.07084695340375013
19,9,last,0.013413758202296561
19,9,all,0.15893604260411148
19,10,last,-0.03500633482558792
19,10,all,0.0030534896624445492
19,11,last,0.15232428822484712
19,11,all,0.3055362548393485
19,12,last,0.32729932866626715
19,12,all,0.11948924919748079
19,13,last,0.14705014203529865
19,13,all,0.10269324775036094
19,14,last,0.23540534994789503
19,14,all,0.38713862094310547
19,15,last,0.33071312780378975
19,15,all,0.4598419669765596
19,16,last,0.028603906500287362
19,16,all,0.12346274812956817
19,17,last,0.06414879787747275
19,17,all,0.013985182163544335
19,18,last,0.02940246135168196
19,18,all,-0.01926908524434932
19,19,last,-0.004604418071384119
19,19,all,-0.05198221280968144
19,20,last,-0.059410247390647604
19,20,all,-0.05836675681292319
19,21,last,-0.018467629158487403
19,21,all,-0.0792803650849865
19,22,last,-0.01787096843166776
19,22,all,-0.027905941024739065
19,23,last,-0.006897943275143181
19,23,all,0.009394276691049091
19,24,last,0.03109229132861158
19,24,all,0.11761632350560691
19,25,last,-0.1300079330878359
19,25,all,-0.13253367627779408
19,26,last,0.03016723470585437
19,26,all,0.03030184403655031
19,27,last,0.08935746519224076
19,27,all,0.10022417798986022
19,28,last,0.003430809114947426
19,28,all,0.016151410737182615
19,29,last,0.05843690309833162
19,29,all,0.048270739067224504
19,30,last,0.009046645213163831
19,30,all,0.005053155583308491
19,31,last,0.08227384291118928
19,31,all,0.08227384291118928
20,0,last,-0.07903188142057058
20,0,all,-1.0
20,1,last,-0.17920353982300885
20,1,all,-1.0
20,2,last,-0.11126321825298595
20,2,all,-1.0
20,3,last,-0.0270726404403119
20,3,all,-1.0
20,4,last,0.12505378678290735
20,4,all,-1.0
20,5,last,-0.09325564507395259
20,5,all,-1.0
20,6,last,-0.11902096451667801
20,6,all,-1.0
20,7,last,-0.22304762438888545
20,7,all,-0.5145791190280958
20,8,last,-0.41367958645336966
20,8,all,-0.7522032033232254
20,9,last,0.41024061668420075
20,9,all,0.15455215069775358
20,10,last,-0.3825273696160035
20,10,all,0.9911170825855561
20,11,last,-0.9658252077015904
20,11,all,-1.0
20,12,last,-1.0
20,12,all,-1.0
20,13,last,-1.0
20,13,all,-1.0
20,14,last,-1.0
20,14,all,-1.0
20,15,last,-0.6153375972755121
20,15,all,-0.5166913078624915
20,16,last,-1.0
20,16,all,-1.0
20,17,last,-1.0
20,17,all,-0.727827395917136
20,18,last,0.0986055565010211
20,18,all,0.3111356287517792
20,19,last,-1.0
20,19,all,-1.0
20,20,last,-1.0
20,20,all,-1.0
20,21,last,-1.0
20,21,all,-1.0
20,22,last,-1.0
20,22,all,-1.0
20,23,last,-1.0
20,23,all,-1.0
20,24,last,-0.3265972136270809
20,24,all,-0.038038012872083665
20,25,last,-0.13696798223899995
20,25,all,-0.2544710716551148
20,26,last,-1.0
20,26,all,-1.0
20,27,last,-0.6585844672473544
20,27,all,-0.5773505911953091
20,28,last,-1.0
20,28,all,-0.826580775419271
20,29,last,-0.9618041319852714
20,29,all,-0.8336714447057367
20,30,last,-0.26170787177424343
20,30,all,-0.02174581502568228
20,31,last,0.504993347360604
20,31,all,0.504993347360604
21,0,last,-0.006279605607828835
21,0,all,0.2912662524198485
21,1,last,-0.008011595945259296
21,1,all,0.07902034819329967
21,2,last,-0.0004893005777282784
21,2,all,0.14444702460225356
21,3,last,-0.0006752240246045032
21,3,all,0.0692979587044
21,4,last,0.0011198814297614455
21,4,all,0.11427425996020389
21,5,last,-0.0018479231752150738
21,5,all,0.0252664197762981
21,6,last,0.001320284599749878
21,6,all,0.0387923822208391
21,7,last,-0.0004716841093466866
21,7,all,0.06075441511946706
21,8,last,0.0013317859990709532
21,8,all,-0.015051149384261657
21,9,last,0.0002099718272748366
21,9,all,-0.10453140241631409
21,10,last,-0.009041905871217216
21,10,all,-0.05739480251447838
21,11,last,0.007918760959003785
21,11,all,0.07346960812261139
21,12,last,0.060075357295088866
21,12,all,-0.0012283050894769262
21,13,last,0.03405767118462544
21,13,all,-0.06772797017062976
21,14,last,0.055525048859560215
21,14,all,0.06580042436044536
21,15,last,0.1540170918398142
21,15,all,0.1524570046484347
21,16,last,0.06670000488254996
21,16,all,0.03800743548039745
21,17,last,0.05421483986582715
21,17,all,0.08262839736048272
21,18,last,0.08290192788483215
21,18,all,0.10732430970930071
21,19,last,0.09746353905914815
21,19,all,0.10508527558857778
21,20,last,0.022372217790117332
21,20,all,-0.03747228772686312
21,21,last,0.00803589780002311
21,21,all,0.05675154794418507
21,22,last,-0.013218434670958748
21,22,all,-0.06826977162625066
21,23,last,-0.003928947713529736
21,23,all,-0.046189556304846904
21,24,last,0.06274846626622153
21,24,all,0.07851967295343293
21,25,last,-0.01571997318114479
21,25,all,-0.022715675554967073
21,26,last,0.01900186420890318
21,26,all,-0.018274994782388615
21,27,last,0.0952232375665992
21,27,all,0.07888784446888994
21,28,last,-0.03388255208256598
21,28,all,-0.0685774261370155
21,29,last,0.02727026137040852
21,29,all,0.02791266046471927
21,30,last,-0.011523926855282645
21,30,all,-0.0035692042207157186
21,31,last,0.09949542125490912
21,31,all,0.09949542125490912
22,0,last,0.012582847641013322
22,0,all,1.3536665631165221
22,1,last,0.0034808200448998242
22,1,all,0.24044900426301496
22,2,last,-0.00368761931595497
22,2,all,0.6172268910092588
22,3,last,0.0059554878867402235
22,3,all,0.4504762403591504
22,4,last,-0.0019039379758716123
22,4,all,0.1634314771969939
22,5,last,0.03187162069822899
22,5,all,0.11021528195440061
22,6,last,-0.0007998044587969761
22,6,all,0.4720027802009716
22,7,last,0.045098345545627985
22,7,all,0.6579563385632177
22,8,last,-0.0005728369910013721
22,8,all,0.5538653402615604
22,9,last,-0.007426110650553782
22,9,all,0.24998254096401573
22,10,last,0.02037213634182625
22,10,all,0.2791354435889517
22,11,last,0.0006551653762030932
22,11,all,0.15567530046097874
22,12,last,0.03047519883734861
22,12,all,-0.1530099378036894
22,13,last,0.039592277326552
22,13,all,0.2417448109035894
22,14,last,0.08608629218840587
22,14,all,-0.3808628496397719
22,15,last,0.12460739745375012
22,15,all,-0.50327657942567
22,16,last,0.3085383415481108
22,16,all,0.2720409793676337
22,17,last,0.7075936571924305
22,17,all,0.4912398534404234
22,18,last,0.21138527817963662
22,18,all,-0.16562785402560218
22,19,last,0.1759335015421145
22,19,all,0.17379717777693493
22,20,last,0.12088817126230636
22,20,all,0.057581104747593516
22,21,last,-0.04504897861629313
22,21,all,-0.08308634817772817
22,22,last,-0.013532860012847443
22,22,all,-0.05476086840040914
22,23,last,-0.08704653916754113
22,23,all,-0.26475980881753564
22,24,last,0.5168669338501208
22,24,all,0.30463444089845404
22,25,last,-0.24210144181535445
22,25,all,-0.22321347404112266
22,26,last,0.3846204556085949
22,26,all,0.27432721002798865
22,27,last,0.21371515642995223
22,27,all,0.10179204963664133
22,28,last,0.142157792359083
22,28,all,-0.0027967569539641343
22,29,last,0.21591078071390601
22,29,all,0.1385895266253309
22,30,last,0.3641702051316321
22,30,all,0.2830435584886736
22,31,last,0.2986873062573787
22,31,all,0.2986873062573787
23,0,last,0.003607854302618267
23,0,all,-0.46415976962585964
23,1,last,-0.01751204737309458
23,1,all,-0.38920250991199734
23,2,last,0.0021528756000091234
23,2,all,-0.2387715808623143
23,3,last,-0.018327068777975193
23,3,all,-0.06677787923761974
23,4,last,-0.04402315014719542
23,4,all,0.07553370629656633
23,5,last,-0.016808448275274446
23,5,all,-0.06689919846724852
23,6,last,-0.05004703332208624
23,6,all,0.41403519948656603
23,7,last,-0.05622631784405963
23,7,all,0.3858346068247605
23,8,last,-0.06849456927675387
23,8,all,0.1398257538636668
23,9,last,-0.08144380763318833
23,9,all,0.37561665692704616
23,10,last,0.15428286374729736
23,10,all,0.2997244985144129
23,11,last,-0.2745967036824679
23,11,all,-0.06352139845744337
23,12,last,-0.16727286955960924
23,12,all,-0.16733329977555614
23,13,last,-0.15985293041978418
23,13,all,-0.3221840895761941
23,14,last,0.08293975041927559
23,14,all,0.2821155465054425
23,15,last,-0.013034902447803892
23,15,all,0.5573735743515812
23,16,last,0.011934246681647068
23,16,all,0.06376954248952041
23,17,last,-0.020265423665626114
23,17,all,0.14611292139588816
23,18,last,-0.03240979970988253
23,18,all,-0.01289595227664612
23,19,last,-0.03929517394595153
23,19,all,0.09148433389254224
23,20,last,-0.04200345697539035
23,20,all,0.11855962679557047
23,21,last,-0.047566182884117916
23,21,all,0.12359027841681748
23,22,last,-0.26078023929316835
23,22,all,-0.3483199613456354
23,23,last,0.009028090743375551
23,23,all,0.0326943853906217
23,24,last,0.04850488304983566
23,24,all,0.0747342512434074
23,25,last,-0.05608225535528379
23,25,all,-0.10774222488587079
23,26,last,-0.04790284210777447
23,26,all,-0.07976355924271632
23,27,last,-0.08488669137882353
23,27,all,-0.14506260229550927
23,28,last,0.06727600249271364
23,28,all,0.1706862591651402
23,29,last,-0.04163045441687201
23,29,all,-0.02218005215612651
23,30,last,0.06457748530077599
23,30,all,0.08525235317358258
23,31,last,0.39271745767328725
23,31,all,0.39271745767328725
24,0,last,0.01343323119278638
24,0,all,0.689165150169463
24,1,last,-0.0045451010171124444
24,1,all,-0.19720418826420727
24,2,last,0.020711128469057045
24,2,all,0.0722376926773814
24,3,last,0.010928571587867354
24,3,all,0.2779975281653116
24,4,last,-0.0002702306023560345
24,4,all,0.40508274666635447
24,5,last,0.018663683014172
24,5,all,0.049576077702640546
24,6,last,-0.007921293516361165
24,6,all,0.42856134314819244
24,7,last,-0.02096686314226026
24,7,all,0.14168847328316628
24,8,last,-0.04578643760868462
24,8,all,-0.01676412391343254
24,9,last,-0.01847485262936641
24,9,all,0.028600119758676233
24,10,last,0.05500612731774575
24,10,all,-0.06762471168433219
24,11,last,-0.030693527065851104
24,11,all,-0.0623706691320897
24,12,last,-0.06827269017125825
24,12,all,0.02886421746792915
24,13,last,-0.12022939320040567
24,13,all,-0.12049091230687659
24,14,last,-0.18081364814031167
24,14,all,-0.11648419915845556
24,15,last,-0.018252361024460765
24,15,all,0.1665844649914948
24,16,last,-0.08075128079897101
24,16,all,-0.09226442860671262
24,17,last,-0.145353399602031
24,17,all,-0.04967883850810127
24,18,last,0.0012918277248025905
24,18,all,0.0807677281032021
24,19,last,0.1761499313952276
24,19,all,0.18205987989565162
24,20,last,-0.10292689884127348
24,20,all,-0.1530107347930734
24,21,last,0.13478429918036672
24,21,all,0.24295724342066016
24,22,last,0.030895964807229233
24,22,all,0.019902806188869693
24,23,last,0.07068643660512029
24,23,all,0.07708983907846033
24,24,last,-0.05268183052363199
24,24,all,0.020663842469392683
24,25,last,0.013198891953476987
24,25,all,0.029984620376704595
24,26,last,0.1489913202836519
24,26,all,0.14628929302795987
24,27,last,0.1360404968869992
24,27,all,0.14575594040389003
24,28,last,0.18125382260439438
24,28,all,0.22491845342931868
24,29,last,0.26162479433900515
24,29,all,0.27549579562300996
24,30,last,0.2217268052589001
24,30,all,0.26537383886213645
24,31,last,-0.15068438208593074
24,31,all,-0.15068438208593074
25,0,last,0.06286235609513519
25,0,all,-1.0
25,1,last,-0.015896743702584773
25,1,all,-1.0
25,2,last,0.10699878980947289
25,2,all,-1.0
25,3,last,0.08880106387088975
25,3,all,-1.0
25,4,last,0.0247140597716965
25,4,all,-1.0
25,5,last,-0.018267520654873852
25,5,all,-1.0
25,6,last,0.06489737060869717
25,6,all,-1.0
25,7,last,-0.13965872876402283
25,7,all,-0.581604356187364
25,8,last,-0.17161648301931942
25,8,all,0.5523548861909907
25,9,last,0.007961084460331051
25,9,all,-0.3614655893353674
25,10,last,0.1447614703254054
25,10,all,-0.25443938017306594
25,11,last,-0.29761837994000145
25,11,all,-1.0
25,12,last,-0.21202911935270385
25,12,all,-0.1645672166739577
25,13,last,0.14010167594562492
25,13,all,0.2567785002361803
25,14,last,-0.0682667105376312
25,14,all,1.8536163010545235
25,15,last,0.9518102381370793
25,15,all,2.0
25,16,last,-0.7255265450493735
25,16,all,-0.5380055910553085
25,17,last,-0.15264727619888005
25,17,all,0.18295413614705747
25,18,last,-0.9211142726455812
25,18,all,0.3531475547545781
25,19,last,-0.3407355615296509
25,19,all,0.2122487234421757
25,20,last,0.4659019159895956
25,20,all,0.2829614895189524
25,21,last,0.0012281377398725996
25,21,all,-0.9298271459071007
25,22,last,-0.0952525883245903
25,22,all,-0.5789720983158285
25,23,last,0.41373908990182623
25,23,all,0.9101622353253493
25,24,last,0.20925428084646036
25,24,all,0.6055788412332228
25,25,last,1.0734449799527142
25,25,all,1.2431348795355661
25,26,last,-0.9173421174969122
25,26,all,-1.0
25,27,last,0.5275012369867128
25,27,all,0.9221095951532555
25,28,last,-0.5443347254886565
25,28,all,-0.6314529888964084
25,29,last,0.2762926043773751
25,29,all,0.5238838765481029
25,30,last,-1.0
25,30,all,-0.772646702885139
25,31,last,0.2739913728745328
25,31,all,0.2739913728745328
26,0,last,0.004271298697799477
26,0,all,0.21466275526677642
26,1,last,0.003786157288531415
26,1,all,0.031070263034770156
26,2,last,-0.0010624656407789118
26,2,all,0.09313646972763753
26,3,last,0.003895161522019153
26,3,all,0.069140428862624
26,4,last,0.006603929749618504
26,4,all,0.2057455837468845
26,5,last,-0.005699369524574817
26,5,all,-0.095830947198781
26,6,last,0.002706684158949534
26,6,all,-0.09086956126931094
26,7,last,-0.009093982415521906
26,7,all,-0.007832302141127472
26,8,last,-0.008327863893644618
26,8,all,-0.03295065118957894
26,9,last,0.0030249139986742346
26,9,all,-0.0239226518761307
26,10,last,-0.01029001452744711
26,10,all,0.00870984390474675
26,11,last,0.0752424702227527
26,11,all,0.05321481358973531
26,12,last,0.013335955290177531
26,12,all,0.051494191626241935
26,13,last,0.022703248422918265
26,13,all,-0.02771796418051667
26,14,last,0.069324943369156
26,14,all,0.15229603331770777
26,15,last,0.06189602015830288
26,15,all,0.249155784727022
26,16,last,-0.03316385885555752
26,16,all,-0.01056239485687584
26,17,last,-0.009978967281461956
26,17,all,0.0032348839151432746
26,18,last,-0.06323749048957601
26,18,all,-0.14024833017720983
26,19,last,-0.02660187098751658
26,19,all,-0.06574972360039531
26,20,last,0.0158324462395884
26,20,all,0.021454891301678016
26,21,last,0.04165316363853973
26,21,all,0.08551134633960882
26,22,last,-0.033855992940366314
26,22,all,-0.05303891447413961
26,23,last,-0.011265395871072963
26,23,all,-0.037561578646275344
26,24,last,-0.008035424403461399
26,24,all,0.018488182363152236
26,25,last,-0.009737922412803685
26,25,all,-0.0230506552237404
26,26,last,0.015019324526555427
26,26,all,-0.0006992422475251312
26,27,last,0.03672456457479269
26,27,all,-0.0003541055929108321
26,28,last,0.0564498835824366
26,28,all,0.1012475904817012
26,29,last,0.02668966237939011
26,29,all,0.04423990220358999
26,30,last,-0.0551654460226964
26,30,all,-0.05802192261585151
26,31,last,0.12353063856310016
26,31,all,0.12353063856310016
27,0,last,0.009606402112673022
27,0,all,0.5801748957801653
27,1,last,0.01360439172650683
27,1,all,0.08783159902664055
27,2,last,0.01546906619765354
27,2,all,0.3622840843347848
27,3,last,0.025931441248542717
27,3,all,0.2915224704887186
27,4,last,0.040300763860586286
27,4,all,0.8630200816118725
27,5,last,0.022535128576026353
27,5,all,0.2357863926061063
27,6,last,-0.0019394621866160454
27,6,all,-0.042810282529247706
27,7,last,0.01182658469684351
27,7,all,-0.1318931546457627
27,8,last,-0.07563072046639112
27,8,all,-0.07473557724014411
27,9,last,-0.02950881657899761
27,9,all,0.02706946690703545
27,10,last,-0.07580672029798552
27,10,all,-0.14514390351105674
27,11,last,0.127892322743455
27,11,all,0.20454324712894445
27,12,last,0.1559531265772758
27,12,all,-0.02639477868054485
27,13,last,0.15574777123503697
27,13,all,0.28350450793613574
27,14,last,0.0595635301880125
27,14,all,0.25849099263238856
27,15,last,0.3390272365401764
27,15,all,0.5085381235486842
27,16,last,-0.11875254445883204
27,16,all,-0.06050934608845815
27,17,last,0.19734199840503205
27,17,all,0.31591063791745166
27,18,last,0.02130663820470046
27,18,all,0.17546619193343432
27,19,last,0.08847648763491267
27,19,all,-0.06419437309486178
27,20,last,-0.014063288082768506
27,20,all,-0.010434573916753901
27,21,last,0.046426339629402
27,21,all,0.14015013589469713
27,22,last,0.09766898148857486
27,22,all,0.07232416193458943
27,23,last,-0.06825187312361775
27,23,all,-0.012407388582180797
27,24,last,0.12737107368379727
27,24,all,0.22048062476342944
27,25,last,0.04630447651108379
27,25,all,0.026689532877439144
27,26,last,-0.06584063546109269
27,26,all,-0.07721431925392415
27,27,last,-0.0049458928198774735
27,27,all,-0.004700168099157852
27,28,last,0.19482901569729308
27,28,all,0.1982237295825429
27,29,last,0.026254263044116714
27,29,all,0.014247859190542
27,30,last,0.10150411685500603
27,30,all,0.06383517888897342
27,31,last,-0.48957535188752604
27,31,all,-0.48957535188752604
28,0,last,0.006179461249224574
28,0,all,0.02299781350354919
28,1,last,0.003934424529618494
28,1,all,0.029005523098314726
28,2,last,0.003579932829200892
28,2,all,0.05009391012122556
28,3,last,0.00552414298574794
28,3,all,0.03604467121629925
28,4,last,0.010455957501544662
28,4,all,0.0170920947538285
28,5,last,-0.00019659160989105357
28,5,all,-0.013603551293366567
28,6,last,0.010223073246489703
28,6,all,-0.025132269860811515
28,7,last,-0.011155190639500009
28,7,all,0.04104071365424105
28,8,last,-0.001518758209614943
28,8,all,-0.008135201478542244
28,9,last,-0.00503330237108982
28,9,all,-0.05160388535594476
28,10,last,0.013992207605383028
28,10,all,-0.0301984213318418
28,11,last,0.0715701409342462
28,11,all,-0.028593767949237656
28,12,last,0.04882989687510652
28,12,all,0.061280905189643194
28,13,last,-0.00533358725287775
28,13,all,-0.022969104396180728
28,14,last,0.07210033082409802
28,14,all,0.1840001126697044
28,15,last,0.06542759139449536
28,15,all,0.23200270747775906
28,16,last,0.030586845494742075
28,16,all,-0.013425918527964122
28,17,last,0.0629275775622772
28,17,all,0.15253787154934037
28,18,last,0.15892541578970726
28,18,all,0.2608585330876525
28,19,last,-0.0478562634818181
28,19,all,-0.1265525697610996
28,20,last,0.17157413776819655
28,20,all,0.171064570458166
28,21,last,0.10342672601997326
28,21,all,0.17480774280756575
28,22,last,0.02962238199154304
28,22,all,0.014475309916168246
28,23,last,0.06782201607036781
28,23,all,0.06650186142965087
28,24,last,-0.02171665991435168
28,24,all,0.054893515715353766
28,25,last,0.029079578666378388
28,25,all,0.05136384316980737
28,26,last,-0.0374081990502238
28,26,all,-0.04827165563371543
28,27,last,-0.00821227498511634
28,27,all,-0.00969416017677691
28,28,last,0.01975097596455733
28,28,all,0.0016297254871523456
28,29,last,-0.019845112431171173
28,29,all,-0.008365377327241689
28,30,last,-0.060834211598579976
28,30,all,-0.07733115340154365
28,31,last,0.0066042167488081175
28,31,all,0.0066042167488081175
29,0,last,-0.029484793718054715
29,0,all,0.12172717012608253
29,1,last,0.0053308938816909205
29,1,all,0.04857182912893692
29,2,last,-0.016151118124315186
29,2,all,0.17559566709609065
29,3,last,0.0034393409719462122
29,3,all,0.15715069904337275
29,4,last,-0.015484227483943144
29,4,all,0.4182470117798698
29,5,last,-0.0011616637880121788
29,5,all,0.3364568826640121
29,6,last,0.007491459709603329
29,6,all,-0.06135036586603119
29,7,last,-0.0410993159775338
29,7,all,-0.050681432006256216
29,8,last,-0.012323537257536946
29,8,all,-0.13931700431501987
29,9,last,-0.0694213175765669
29,9,all,-0.14886287271006396
29,10,last,0.0043761377925350935
29,10,all,0.1848511783113718
29,11,last,-0.05934268888989812
29,11,all,0.03856409724069473
29,12,last,-0.013114356253779321
29,12,all,0.09508877943451247
29,13,last,-0.10203901636992031
29,13,all,0.030736959055782522
29,14,last,0.022899336795240924
29,14,all,0.1398196757797261
29,15,last,0.03753863240828056
29,15,all,0.41811880516892197
29,16,last,0.10955694484445345
29,16,all,0.123756285391395
29,17,last,0.06645155035971663
29,17,all,0.17321709831439572
29,18,last,0.15025213026543893
29,18,all,0.29255248878321444
29,19,last,0.14104842824900798
29,19,all,0.05649008004286153
29,20,last,0.11880427565991615
29,20,all,-0.011831867020172773
29,21,last,0.12838714390931152
29,21,all,0.211773814389737
29,22,last,0.08775340551454856
29,22,all,0.07222239930750565
29,23,last,0.050856699423056144
29,23,all,0.025374001767906638
29,24,last,0.15157716698085985
29,24,all,0.260135914992294
29,25,last,0.04015015452963312
29,25,all,0.014574651648957042
29,26,last,-0.07317917698972005
29,26,all,-0.0858863938042592
29,27,last,0.03580293021921497
29,27,all,0.017536473534949158
29,28,last,0.11705484544356902
29,28,all,0.1050069970626723
29,29,last,0.027403493143555578
29,29,all,0.036196294617381546
29,30,last,0.07772569276468083
29,30,all,0.09651404955460544
29,31,last,0.007087705263391479
29,31,all,0.007087705263391479
30,0,last,0.0076009860497653434
30,0,all,-0.09845887642033656
30,1,last,-0.0015984748207826217
30,1,all,-0.04533390903196914
30,2,last,0.014237911661383489
30,2,all,0.003152945140182607
30,3,last,0.009998035951806865
30,3,all,0.08439297648095098
30,4,last,0.00900324990366342
30,4,all,0.07217239012193932
30,5,last,0.010094057521637403
30,5,all,0.05009240460659281
30,6,last,0.011383208483214917
30,6,all,0.331390339667903
30,7,last,-0.0022751490329396954
30,7,all,0.2044858162862469
30,8,last,-0.01854534494246605
30,8,all,0.17962679465751752
30,9,last,-0.0064217171066917565
30,9,all,0.10067948830325137
30,10,last,0.024501266971012826
30,10,all,0.010096739146905216
30,11,last,-0.04730050961541972
30,11,all,-0.1580262708165604
30,12,last,-0.034427448289137616
30,12,all,0.0038531078049866534
30,13,last,-0.018282190270100727
30,13,all,0.07104352281040531
30,14,last,0.07480729695436188
30,14,all,0.1552137951591753
30,15,last,0.002230982987866227
30,15,all,0.24021562981087208
30,16,last,0.005748887634376485
30,16,all,0.12886495299611692
30,17,last,-0.025103146454314686
30,17,all,-0.007407909030482939
30,18,last,0.030145635837421008
30,18,all,0.01624199038110709
30,19,last,-0.057279095706850414
30,19,all,-0.030079693702823387
30,20,last,-0.03301268095356914
30,20,all,0.011762965391622778
30,21,last,0.1151864025186083
30,21,all,0.18888967758108613
30,22,last,-0.00027349346857857284
30,22,all,-0.017038255387587093
30,23,last,0.11664717749732573
30,23,all,0.10959201527014353
30,24,last,0.07136334700951451
30,24,all,0.08870551454266383
30,25,last,-0.003846532976769791
30,25,all,-0.0008924804287395401
30,26,last,0.010133910350165658
30,26,all,0.015091460060632517
30,27,last,-0.0008324669475954529
30,27,all,0.013871385181254768
30,28,last,0.05097511164203702
30,28,all,0.07926884291649816
30,29,last,0.03968750471505648
30,29,all,0.04637001795622741
30,30,last,-0.013188313838940747
30,30,all,-0.012080350281000404
30,31,last,0.2477458193381303
30,31,all,0.2477458193381303
31,0,last,-0.006228650031134455
31,0,all,-0.5976151206228788
31,1,last,-0.01034251265683284
31,1,all,-0.5479910360913418
31,2,last,0.004891420977754963
31,2,all,-0.41136343369523537
31,3,last,0.0014886567643140867
31,3,all,-0.02842542865896384
31,4,last,-0.00565230698588036
31,4,all,-0.18132282965468516
31,5,last,0.0036132334359115863
31,5,all,0.21384273360362924
31,6,last,-0.011766162575543691
31,6,all,0.08744231407239132
31,7,last,-0.016909771874918263
31,7,all,-0.1509104858795189
31,8,last,-0.03222251674996975
31,8,all,-0.31422741352445244
31,9,last,-0.0409449058570862
31,9,all,-0.5002815561201039
31,10,last,-0.0037377406649022533
31,10,all,-0.28139612678506887
31,11,last,0.037270107114456254
31,11,all,-0.281131357726859
31,12,last,-0.0983888168035201
31,12,all,-0.2919437551594404
31,13,last,0.009087842297369456
31,13,all,0.15157428225176983
31,14,last,-0.1455713589321624
31,14,all,-0.07422848728458452
31,15,last,-0.07781659748663651
31,15,all,-0.1420235529743844
31,16,last,-0.004314772017933324
31,16,all,-0.1428294466632598
31,17,last,-0.08955021840005764
31,17,all,0.1424664025502262
31,18,last,-0.05936941371320173
31,18,all,0.06207648996072516
31,19,last,0.1311511580472433
31,19,all,0.19415281013886532
31,20,last,-0.1715822039094964
31,20,all,-0.12553204279194155
31,21,last,0.14150093617505533
31,21,all,0.22464063833357323
31,22,last,-0.08579045188629217
31,22,all,-0.09519594822273579
31,23,last,-0.04028145363872377
31,23,all,-0.02339175740730062
31,24,last,0.05556731627115227
31,24,all,0.19049521909065978
31,25,last,-0.08721891995944185
31,25,all,-0.09908243984610662
31,26,last,-0.06042516312511921
31,26,all,-0.07622763898348872
31,27,last,0.04093289871031007
31,27,all,0.046187746194308064
31,28,last,0.06720851274585397
31,28,all,0.09812286232636099
31,29,last,0.07677721450408266
31,29,all,0.08824143940145979
31,30,last,0.14644895134780606
31,30,all,0.17620927646157186
31,31,last,-0.20424974987660172
31,31,all,-0.20424974987660172
32,0,last,-0.01265390474639358
32,0,all,-0.11615024122253846
32,1,last,-0.006288668598565575
32,1,all,-0.10297481314935936
32,2,last,-0.002815222939677483
32,2,all,-0.07802292855482972
32,3,last,0.0073082782331665595
32,3,all,0.45686074041118063
32,4,last,0.003936823330559291
32,4,all,0.09266888060427785
32,5,last,-0.009143615299209299
32,5,all,0.8112352699328867
32,6,last,-0.035104284803476625
32,6,all,0.06474555938007098
32,7,last,-0.02508833571344868
32,7,all,-0.14404342204311218
32,8,last,-0.011306872012028355
32,8,all,-0.02417811538560848
32,9,last,-0.026393261261189686
32,9,all,-0.1644483263386411
32,10,last,-0.0030495931293783034
32,10,all,-0.2922658333945741
32,11,last,-0.019238614673560063
32,11,all,-0.07970086021804372
32,12,last,0.0109016896501727
32,12,all,-0.04906465439334865
32,13,last,0.002759013817910252
32,13,all,-0.06818151573954719
32,14,last,-0.15813175179799674
32,14,all,-0.18851347727900183
32,15,last,-0.04319308528492861
32,15,all,-0.05555541762582998
32,16,last,-0.1758689076164353
32,16,all,-0.32881323277925306
32,17,last,-0.06737298823978057
32,17,all,-0.14463952673111186
32,18,last,-0.21053136488856491
32,18,all,-0.35777106004842324
32,19,last,-0.14611690305614755
32,19,all,-0.12772043211507178
32,20,last,-0.1320311056910246
32,20,all,-0.1182503371554212
32,21,last,-0.017403774154529403
32,21,all,0.15671125493319457
32,22,last,-0.05570850306965363
32,22,all,-0.1219415683338067
32,23,last,-0.0905692812184072
32,23,all,-0.053241756823052495
32,24,last,-0.0011637075775060232
32,24,all,0.05948578584523225
32,25,last,0.008681727268574335
32,25,all,0.03452833992416734
32,26,last,0.05094135382549749
32,26,all,0.0070037956053603245
32,27,last,0.18416442061901536
32,27,all,0.2122275446544728
32,28,last,-0.1010414080484312
32,28,all,-0.09786087547196794
32,29,last,-0.026151641485112526
32,29,all,-0.012578528909960137
32,30,last,-0.12553895212690946
32,30,all,-0.11008258569904882
32,31,last,-0.20008282404161462
32,31,all,-0.20008282404161462
33,0,last,0.01069914484536787
33,0,all,0.5555590626463536
33,1,last,0.01161917166472068
33,1,all,0.11071305630553344
33,2,last,0.018030358457052705
33,2,all,0.7412551140577868
33,3,last,0.018208051057486793
33,3,all,0.6210522297543741
33,4,last,0.010077085855740946
33,4,all,0.5600445868143458
33,5,last,0.005731935245075505
33,5,all,0.5202076323648007
33,6,last,0.0018413125943767127
33,6,all,0.5598425693918381
33,7,last,0.013182794608216593
33,7,all,0.4612455675767837
33,8,last,-0.0027525267240318813
33,8,all,0.0027649364299326424
33,9,last,-0.0071069846141228925
33,9,all,0.028787909853018726
33,10,last,0.003948894313189323
33,10,all,-0.07902051090579343
33,11,last,-0.010357068604451236
33,11,all,0.014879057524202523
33,12,last,-0.05749947303712624
33,12,all,0.1519813983904072
33,13,last,0.058331283034097556
33,13,all,0.07795327619832797
33,14,last,-0.03438522676669249
33,14,all,0.028668758691290402
33,15,last,0.04179939656456177
33,15,all,0.11980635822972129
33,16,last,0.03842557521684612
33,16,all,-0.045575184472975976
33,17,last,0.1241240366291354
33,17,all,0.1327790870916757
33,18,last,0.06321333327578108
33,18,all,0.02348734677610229
33,19,last,0.19192230660822235
33,19,all,0.21727722419698411
33,20,last,0.003571387462671964
33,20,all,-0.09546085331295984
33,21,last,0.04744046218780597
33,21,all,0.14894461746092383
33,22,last,0.02032152289033201
33,22,all,-0.0893200722136973
33,23,last,0.01909741331370801
33,23,all,0.018408629673513227
33,24,last,0.05788188082222035
33,24,all,0.11798114228285353
33,25,last,-0.005321155994679294
33,25,all,0.014512161871484366
33,26,last,0.09211787637918593
33,26,all,0.08502046882070385
33,27,last,0.1380600913929877
33,27,all,0.12185081231416915
33,28,last,0.20166563432301637
33,28,all,0.22668575962867282
33,29,last,0.16797139436894307
33,29,all,0.16353420510618033
33,30,last,0.11375959414146777
33,30,all,0.14002959265230305
33,31,last,0.04818967570021316
33,31,all,0.04818967570021316
34,0,last,0.1287870466614791
34,0,all,-0.8758979475978999
34,1,last,0.0032027231240078207
34,1,all,-1.0
34,2,last,0.053520451757393145
34,2,all,-0.3345059308188681
34,3,last,0.12667637118751654
34,3,all,-1.0
34,4,last,-0.12253046344675445
34,4,all,-1.0
34,5,last,0.20314629969857403
34,5,all,-1.0
34,6,last,0.4710387691368488
34,6,all,2.0
34,7,last,0.3515523379300696
34,7,all,0.22387092447701382
34,8,last,0.181770724335724
34,8,all,0.9774800581346277
34,9,last,0.1236453463970521
34,9,all,0.752804984223409
34,10,last,0.5816107616121837
34,10,all,-0.1062613237074353
34,11,last,0.20566107327067404
34,11,all,-0.6574638479619929
34,12,last,-1.0
34,12,all,-1.0
34,13,last,0.7912000846351381
34,13,all,2.0
34,14,last,-0.8438077024913023
34,14,all,-0.9352460257905928
34,15,last,-1.0
34,15,all,-0.3314708592663336
34,16,last,-0.21380431477334086
34,16,all,-0.13090119078864457
34,17,last,-0.4585547972051905
34,17,all,-0.9634022400562384
34,18,last,-0.07611150101342484
34,18,all,0.2131146308948316
34,19,last,-0.030005584531656665
34,19,all,0.45385332684309776
34,20,last,0.179859496420928
34,20,all,-0.08140871256311503
34,21,last,0.18270726070050608
34,21,all,0.7971901596621069
34,22,last,-0.5984450027691415
34,22,all,-0.5427170423025383
34,23,last,-0.4197177325645256
34,23,all,-0.43541772412413615
34,24,last,-1.0
34,24,all,-1.0
34,25,last,0.5375886385420557
34,25,all,0.3347909384903728
34,26,last,-0.5722919357281686
34,26,all,-0.6154408253544674
34,27,last,-1.0
34,27,all,-1.0
34,28,last,0.5058495945722514
34,28,all,0.951755080709779
34,29,last,0.13068555618119782
34,29,all,0.2639312674805669
34,30,last,-0.9455409884967898
34,30,all,-0.6682594529471412
34,31,last,1.1597499794771353
34,31,all,1.1597499794771353
35,0,last,-0.0028252090007800305
35,0,all,0.11970636852360918
35,1,last,0.0042931169361794955
35,1,all,0.19424037543067088
35,2,last,-0.0057141969501870536
35,2,all,0.8693023643168064
35,3,last,-0.006908479022877027
35,3,all,0.39268242295828987
35,4,last,-0.0013802898330856725
35,4,all,0.4272960520717415
35,5,last,-0.006573426946089894
35,5,all,0.2743515254138701
35,6,last,-0.002828327082712906
35,6,all,0.14832134657599738
35,7,last,-0.0019078126037293734
35,7,all,0.02893392948792194
35,8,last,0.0016259946893962367
35,8,all,0.06294466328655246
35,9,last,0.014449758600931376
35,9,all,0.11013598295463661
35,10,last,-0.008132071065736027
35,10,all,-0.06845068574842102
35,11,last,0.0350930200375315
35,11,all,0.028940789268174266
35,12,last,0.011279406276381453
35,12,all,0.026443489101935145
35,13,last,0.027143980381255248
35,13,all,-0.03499026506474357
35,14,last,0.04357394777915748
35,14,all,0.03490448946539011
35,15,last,0.10991267159584397
35,15,all,0.16122615227158787
35,16,last,0.01837752137317607
35,16,all,-0.15432345587338636
35,17,last,0.05340146172279469
35,17,all,0.09794320544151786
35,18,last,0.010926439401579982
35,18,all,0.04624914869276683
35,19,last,0.09187757231129637
35,19,all,0.1039462501634867
35,20,last,0.03670401958745055
35,20,all,0.004573659271540092
35,21,last,0.09434675304774084
35,21,all,0.14494415203450028
35,22,last,0.027277094133589627
35,22,all,-0.024568841551491808
35,23,last,0.06463599596554213
35,23,all,0.05227946245854864
35,24,last,0.051563607539159284
35,24,all,0.11234602273625977
35,25,last,0.007541563040048247
35,25,all,-0.0037301330700991874
35,26,last,0.052009436563161655
35,26,all,0.025041259310521785
35,27,last,0.06551413287643795
35,27,all,0.046340962032590305
35,28,last,0.09345963039163846
35,28,all,0.0929026275736294
35,29,last,0.08708576068925258
35,29,all,0.0997690124904126
35,30,last,-0.0395646613374678
35,30,all,-0.036422711904706424
35,31,last,0.003986807905573594
35,31,all,0.003986807905573594
36,0,last,0.006975601599376757
36,0,all,0.0604521912466411
36,1,last,0.006690593626182171
36,1,all,-0.07996883785558422
36,2,last,0.016194908835195105
36,2,all,-0.015297018744578275
36,3,last,0.016394314626761906
36,3,all,0.16640491402512564
36,4,last,0.0037303113897585775
36,4,all,0.5850913019072236
36,5,last,0.0031735718080820783
36,5,all,0.18769885803305536
36,6,last,-0.0011124378798461226
36,6,all,0.6349968097676558
36,7,last,0.020003620195658905
36,7,all,0.02862857148311485
36,8,last,-0.005066798770834239
36,8,all,-0.09566900686457475
36,9,last,0.027318419897400602
36,9,all,-0.08766305523514395
36,10,last,0.09193878224844174
36,10,all,0.19978607698087483
36,11,last,-0.01172619727862291
36,11,all,0.14229282297946094
36,12,last,-0.06721918905014032
36,12,all,-0.06838560012509286
36,13,last,-0.0816004857240465
36,13,all,0.15292385032972677
36,14,last,-0.07595685927721561
36,14,all,0.07178040129157336
36,15,last,-0.04955594030981134
36,15,all,0.18578484878697848
36,16,last,0.23186333605195103
36,16,all,0.22451734123181583
36,17,last,0.12455191184424412
36,17,all,0.4003019201528188
36,18,last,0.09076347687686796
36,18,all,0.19672127591244853
36,19,last,0.25414081571893815
36,19,all,0.5033593975272467
36,20,last,-0.04344625272002776
36,20,all,0.058928750089268365
36,21,last,0.00353359558058454
36,21,all,0.2884450765035331
36,22,last,-0.04440570869798865
36,22,all,0.009754310024288806
36,23,last,0.013009492427222309
36,23,all,0.08003426516926627
36,24,last,0.015078826463074915
36,24,all,0.03757488889288048
36,25,last,-0.08283362571706471
36,25,all,-0.05183253315034511
36,26,last,0.05444988601850413
36,26,all,0.026455152483387406
36,27,last,0.01903544346832793
36,27,all,0.003939609374640703
36,28,last,0.036818266264696524
36,28,all,0.0786920507289028
36,29,last,0.0036395027905964114
36,29,all,0.005341003427644984
36,30,last,-0.1362833155404014
36,30,all,-0.13998204133045142
36,31,last,0.260408453000671
36,31,all,0.260408453000671
37,0,last,-0.005271590826252064
37,0,all,0.10805422535158343
37,1,last,0.0012112747186844056
37,1,all,0.00437041521152122
37,2,last,0.012048021866449024
37,2,all,0.10024491347286196
37,3,last,-0.004799067805080778
37,3,all,0.34183715071812226
37,4,last,-0.0029964347527436396
37,4,all,0.31868399238552164
37,5,last,-0.0001244247995112064
37,5,all,0.15674931967957867
37,6,last,-0.01484957610081894
37,6,all,0.09104367841229259
37,7,last,0.0028601264219842884
37,7,all,0.12227721525931838
37,8,last,-0.023458701300067712
37,8,all,-0.02137363475605036
37,9,last,0.05993945129461914
37,9,all,0.06508502032506577
37,10,last,0.06610874192013816
37,10,all,0.15013789593295773
37,11,last,-0.0013016459207453952
37,11,all,-0.09828272170254083
37,12,last,-0.056374579802092706
37,12,all,-0.10229456427553109
37,13,last,0.054305812014372214
37,13,all,0.11601163515135392
37,14,last,-0.03343466744524933
37,14,all,0.10014289359194903
37,15,last,-0.09099670793305091
37,15,all,0.012357886118006377
37,16,last,0.12892480627495542
37,16,all,0.13654872567211
37,17,last,-0.06560357441589391
37,17,all,0.1048064985348968
37,18,last,-0.07844276703468976
37,18,all,0.09832894065411465
37,19,last,0.012663757878828188
37,19,all,0.0024988294956572975
37,20,last,-0.02617495714413474
37,20,all,-0.10829757940453456
37,21,last,-0.05414893061370501
37,21,all,0.038188314796903405
37,22,last,-0.05792122374256269
37,22,all,-0.0602960981435012
37,23,last,-0.010866620372562327
37,23,all,-0.09153799573583202
37,24,last,0.032500659465528554
37,24,all,0.1575952580107213
37,25,last,-0.052419148774671714
37,25,all,-0.08128180371149454
37,26,last,0.10386939050354609
37,26,all,0.12389046333935307
37,27,last,0.043044545675221306
37,27,all,0.07003472245707462
37,28,last,0.025641372499949272
37,28,all,0.06892006601419035
37,29,last,0.018530887411385494
37,29,all,0.03916642805663212
37,30,last,0.056408163694750504
37,30,all,0.044769724407288915
37,31,last,0.1820446606589545
37,31,all,0.1820446606589545
38,0,last,0.005238323280465511
38,0,all,-0.28560750396947565
38,1,last,-0.006939094045578431
38,1,all,0.03213872613722106
38,2,last,-0.0007043522972282536
38,2,all,0.30907686457667644
38,3,last,-0.0019727927353664215
38,3,all,-0.0013528704109414004
38,4,last,-0.008413360821488252
38,4,all,-0.05279551893122694
38,5,last,0.018070819463018133
38,5,all,0.5660316591584621
38,6,last,-0.002941701330011878
38,6,all,0.20547282685122895
38,7,last,0.003926219967860504
38,7,all,-0.03496866860719865
38,8,last,-0.008201652438451636
38,8,all,0.1331014540596881
38,9,last,0.04503022375843146
38,9,all,0.022766501444539823
38,10,last,0.05824654601777391
38,10,all,0.20683334392101482
38,11,last,-0.03134071358077378
38,11,all,0.06718123703574601
38,12,last,-0.08805349367245767
38,12,all,-0.028340282291116355
38,13,last,0.1412776779639943
38,13,all,0.4544093078208217
38,14,last,-0.007754028793787981
38,14,all,0.06133145252673661
38,15,last,0.02356320185242799
38,15,all,0.2880006367087767
38,16,last,0.06986295196504654
38,16,all,0.09968157321725615
38,17,last,0.142785019932894
38,17,all,0.3040316986134119
38,18,last,0.10525793311444885
38,18,all,0.24695672027291243
38,19,last,0.08799019381610627
38,19,all,0.2549196974131127
38,20,last,0.04016649626833999
38,20,all,0.08829710083943121
38,21,last,-0.04223579979255384
38,21,all,0.11947433880834106
38,22,last,0.04461146738206816
38,22,all,-0.008686966419313089
38,23,last,0.05473098330241188
38,23,all,0.1322435351345423
38,24,last,0.15897639019425047
38,24,all,0.2806792549674777
38,25,last,-0.023959289731270164
38,25,all,-0.02185424147044616
38,26,last,0.019371565903611557
38,26,all,-0.04718748648260752
38,27,last,-0.04533663307023397
38,27,all,-0.05993387857178149
38,28,last,0.11321959810609002
38,28,all,0.17519065518563826
38,29,last,-0.06572909579933285
38,29,all,-0.08908579261645862
38,30,last,0.11477910929183975
38,30,all,0.14070078506300757
38,31,last,0.240981263604492
38,31,all,0.240981263604492
39,0,last,-0.003448497921323437
39,0,all,0.3604172919830633
39,1,last,-0.0002454341534817816
39,1,all,0.32755930297761177
39,2,last,0.011474101923371949
39,2,all,0.28027660999257775
39,3,last,-1.8607559628278417e-05
39,3,all,0.18740327439127313
39,4,last,-0.003621490767843821
39,4,all,0.13350367132455285
39,5,last,-0.0020413951462026013
39,5,all,0.1761846396760994
39,6,last,0.0004128579916573603
39,6,all,-0.024460366406274275
39,7,last,-0.005896828463007177
39,7,all,0.2118531657580417
39,8,last,0.001411257432139976
39,8,all,0.04754819324794865
39,9,last,0.036842349285286284
39,9,all,-0.08189416824495752
39,10,last,0.032784354339559146
39,10,all,0.24058871843549054
39,11,last,-0.026615219047882555
39,11,all,-0.11115046740112458
39,12,last,-0.023263294803014672
39,12,all,0.10774037795798873
39,13,last,0.034409709203621644
39,13,all,0.22858662148285633
39,14,last,0.0629735949889179
39,14,all,0.23752775277739926
39,15,last,0.05827578286224311
39,15,all,0.1999114439276218
39,16,last,0.09130570395072082
39,16,all,0.14065759292520252
39,17,last,0.03417934673145397
39,17,all,0.20399299666261705
39,18,last,-0.017288456024701294
39,18,all,0.1293925056086765
39,19,last,-0.0007422250566215664
39,19,all,0.045815922263361675
39,20,last,0.09810634710930677
39,20,all,0.089102719165561
39,21,last,0.0036419988620659616
39,21,all,0.08985254636055802
39,22,last,0.01565815093099897
39,22,all,-0.03739372530990095
39,23,last,0.04550533955194146
39,23,all,0.04365678236929747
39,24,last,0.11942486464105333
39,24,all,0.2442658992867824
39,25,last,0.011808021431665637
39,25,all,0.026699107760886052
39,26,last,0.016881211239867664
39,26,all,0.011935489844891184
39,27,last,0.09125938394480529
39,27,all,0.09698786040157942
39,28,last,0.08036711079802873
39,28,all,0.08699378874355791
39,29,last,0.06440783563009993
39,29,all,0.07796253675048274
39,30,last,0.12419180318876998
39,30,all,0.16011522189868443
39,31,last,0.05387626626984683
39,31,all,0.05387626626984683
40,0,last,-0.002797171300200288
40,0,all,-0.052018092068223096
40,1,last,-0.013449568163221827
40,1,all,0.0007719477856591082
40,2,last,0.015014554227410564
40,2,all,0.1835891657780658
40,3,last,-0.0023597223061274314
40,3,all,0.2686212966077551
40,4,last,-0.009039420990902849
40,4,all,-0.040737359377351456
40,5,last,-0.00426206688974927
40,5,all,-0.14822702235485005
40,6,last,-0.0025285356155868035
40,6,all,-0.030968707785501825
40,7,last,0.010388229503168757
40,7,all,0.03409081566230046
40,8,last,0.0006847260863301792
40,8,all,0.23616785387076675
40,9,last,-0.008958276213248476
40,9,all,0.12440307649521765
40,10,last,-0.013648587348063554
40,10,all,-0.014607043009234419
40,11,last,-0.02158111492924497
40,11,all,0.13609301836767448
40,12,last,0.06509410828145012
40,12,all,0.09897392964855017
40,13,last,0.07573220650523742
40,13,all,-0.028016396249609915
40,14,last,0.008478288767453723
40,14,all,0.04384847517523876
40,15,last,0.18509990637965962
40,15,all,0.2413490551637927
40,16,last,0.16074038711420932
40,16,all,0.10889280631885465
40,17,last,-0.06629867927044053
40,17,all,0.0017959984543170987
40,18,last,-0.0002096537977722005
40,18,all,-0.03512621587585064
40,19,last,-0.0165973242241469
40,19,all,0.0669389008421541
40,20,last,-0.10676311337140823
40,20,all,-0.21756291133163586
40,21,last,-0.12933423033463462
40,21,all,-0.04683662267571151
40,22,last,-0.0036178238257510626
40,22,all,-0.08892708015709914
40,23,last,-0.021778078684696774
40,23,all,0.06037403810372877
40,24,last,0.24465293449185674
40,24,all,0.4048794642585852
40,25,last,-0.10899513095587475
40,25,all,-0.1317623180096008
40,26,last,0.2928059256420715
40,26,all,0.33646521194694207
40,27,last,0.17012360101220067
40,27,all,0.13370112412327
40,28,last,0.09925185944866592
40,28,all,0.08219456587365222
40,29,last,0.2623346317689311
40,29,all,0.19943688384035713
40,30,last,0.10128074698951088
40,30,all,0.08932306309739269
40,31,last,-0.47374966442881045
40,31,all,-0.47374966442881045
41,0,last,0.01892985914496695
41,0,all,0.5705517489143161
41,1,last,0.03409358194702719
41,1,all,-0.6549137688726572
41,2,last,0.0008313927839484456
41,2,all,-0.48663796328871467
41,3,last,0.036737345477356534
41,3,all,-0.48368259499384797
41,4,last,0.01844640640036931
41,4,all,0.21356109891869052
41,5,last,-0.02194069829994844
41,5,all,-0.12341998328428444
41,6,last,0.0194044514434523
41,6,all,0.00015412708783568713
41,7,last,-0.027817780085961218
41,7,all,-0.6039933062680211
41,8,last,0.000669075367773664
41,8,all,0.19428359756449418
41,9,last,-0.06726925145983295
41,9,all,0.5074777325448281
41,10,last,0.11331416051926682
41,10,all,-0.22515354073478414
41,11,last,0.056823381153682205
41,11,all,-0.4133888041934481
41,12,last,-0.22714550304438227
41,12,all,-0.6179210340661816
41,13,last,0.15231583395226156
41,13,all,0.10061885376354894
41,14,last,0.13655905692092052
41,14,all,0.43813066924289723
41,15,last,0.28212099720970407
41,15,all,0.728177447186343
41,16,last,0.30364652032039074
41,16,all,0.6164787917031974
41,17,last,0.37345447573522156
41,17,all,0.787312213454848
41,18,last,-0.1020896878181896
41,18,all,0.08778371576582363
41,19,last,0.14655081074943366
41,19,all,0.4157415876951485
41,20,last,0.20142653182407919
41,20,all,0.166846072086058
41,21,last,-0.11585755529867707
41,21,all,0.019565577539141392
41,22,last,0.031768496646618974
41,22,all,-0.07446899681507914
41,23,last,0.2957614678557534
41,23,all,0.3565549245279858
41,24,last,-0.31359345071562994
41,24,all,-0.14899547484359266
41,25,last,-0.03242863711074999
41,25,all,-0.11379560291054486
41,26,last,-0.09724927822731512
41,26,all,-0.1988013826763387
41,27,last,-0.14515115809381277
41,27,all,-0.10852408421891259
41,28,last,0.15434390816408206
41,28,all,0.22832476141015118
41,29,last,0.13229882040657534
41,29,all,0.1912914472496319
41,30,last,0.25202198730871395
41,30,all,0.3236841586019854
41,31,last,0.5729407932332996
41,31,all,0.5729407932332996
42,0,last,-0.012920777817968146
42,0,all,0.10718839293310692
42,1,last,-0.011916687521985153
42,1,all,-0.07019203643602426
42,2,last,-0.009712425474369353
42,2,all,0.12346031776042239
42,3,last,-0.018227415680247418
42,3,all,0.4458491779853414
42,4,last,0.0021723198262183943
42,4,all,1.0355676635260131
42,5,last,-0.003818787101114047
42,5,all,-0.05658823242593211
42,6,last,-0.009862484259002656
42,6,all,0.05355431844404564
42,7,last,0.010228725211816234
42,7,all,-0.02976761287619802
42,8,last,-0.024837863373864795
42,8,all,-0.0021067934935386657
42,9,last,0.010713928549927632
42,9,all,-0.024640886341914116
42,10,last,0.02327478420342717
42,10,all,-0.05243037018646396
42,11,last,-0.052931395372557255
42,11,all,-0.012956053573374317
42,12,last,-0.08506009565749978
42,12,all,-0.0348863289780131
42,13,last,0.07917078590303198
42,13,all,0.10751343737608085
42,14,last,-0.08692418797350487
42,14,all,-0.024698949538753328
42,15,last,0.027365478220330676
42,15,all,0.08437701971113684
42,16,last,0.1302357505103541
42,16,all,0.05671341409109703
42,17,last,0.03586066623911191
42,17,all,0.2035428500919707
42,18,last,-0.019809401461481014
42,18,all,0.029066127861428474
42,19,last,0.08883639263856183
42,19,all,0.14448113543153593
42,20,last,0.08764502738722083
42,20,all,0.048453414359769915
42,21,last,-0.07297717922322687
42,21,all,0.08262223745807583
42,22,last,0.06269352533162444
42,22,all,0.003780874371044227
42,23,last,-0.004198013910290122
42,23,all,0.04605764824648648
42,24,last,0.05984847844074195
42,24,all,0.21197907933761187
42,25,last,-0.032725701397944854
42,25,all,-0.05101396651241194
42,26,last,0.01884805005674471
42,26,all,-0.03483503235766929
42,27,last,0.014659638714569384
42,27,all,0.013332593653647806
42,28,last,0.10179015751694505
42,28,all,0.13423693665141037
42,29,last,0.18812351390307575
42,29,all,0.20871201699206768
42,30,last,0.025953253902349347
42,30,all,0.07160485780487283
42,31,last,0.23562080105319774
42,31,all,0.23562080105319774
43,0,last,0.013396504822037417
43,0,all,0.8018090631961955
43,1,last,0.01748058819933945
43,1,all,0.10584906956141134
43,2,last,0.0037101005999180814
43,2,all,0.4414119994857243
43,3,last,0.00538632679973668
43,3,all,1.0124313157378908
43,4,last,0.01208170309570095
43,4,all,0.30489963544034154
43,5,last,0.0027594018664274206
43,5,all,0.3787945837352576
43,6,last,0.018405555582877427
43,6,all,0.2764028679302018
43,7,last,0.01389255782615935
43,7,all,-0.03630719824415591
43,8,last,0.013266047755980387
43,8,all,0.28044106519709333
43,9,last,-0.0006768311060932539
43,9,all,0.06608100474861964
43,10,last,0.0282897750465272
43,10,all,0.03688795393438488
43,11,last,0.042977414022163034
43,11,all,0.12621354491235884
43,12,last,-0.009786958473640911
43,12,all,0.17126698708198412
43,13,last,0.032265883356365675
43,13,all,0.16733395463273196
43,14,last,0.054894893143763245
43,14,all,0.18728470851737541
43,15,last,0.15750431548988625
43,15,all,0.4384618958226339
43,16,last,0.1135185487026833
43,16,all,-0.005484246442048082
43,17,last,0.07283631840411534
43,17,all,0.127340059900475
43,18,last,0.02829912790922331
43,18,all,0.05647741507600672
43,19,last,0.1645067115791426
43,19,all,0.22508858434367668
43,20,last,0.004135502167053896
43,20,all,-0.1120855847532706
43,21,last,0.10150569672767484
43,21,all,0.2051923229595303
43,22,last,-0.03223896643226841
43,22,all,-0.10033856484756853
43,23,last,-0.07237684255786128
43,23,all,-0.00579728192637005
43,24,last,0.07341044366116536
43,24,all,0.20874711334650872
43,25,last,0.004533415978096913
43,25,all,-0.012324965346106855
43,26,last,-0.04186991213051362
43,26,all,-0.06116236499384204
43,27,last,0.07081610006175525
43,27,all,0.048682616356637565
43,28,last,0.30129533635528866
43,28,all,0.37265961077337373
43,29,last,0.020673163730072695
43,29,all,0.04210171383085528
43,30,last,0.018734574363074442
43,30,all,0.06435107643106704
43,31,last,0.10520218518000704
43,31,all,0.10520218518000704
44,0,last,-2.253589788245492e-08
44,0,all,0.09860384929361679
44,1,last,-0.00021974754025181793
44,1,all,0.014962191073404648
44,2,last,0.018607609182819496
44,2,all,0.018498817135791944
44,3,last,-0.0024567847115026468
44,3,all,0.043875804396339015
44,4,last,-0.0024287613224858143
44,4,all,-0.07590890431185644
44,5,last,0.008645626791829241
44,5,all,0.008010666601042132
44,6,last,-0.0008314394164752919
44,6,all,0.009303235559988217
44,7,last,0.0008901116266122632
44,7,all,-0.013045749585429622
44,8,last,0.0010781849623902908
44,8,all,-0.027907453090176403
44,9,last,0.004880497992862791
44,9,all,-0.0464886051288819
44,10,last,0.013217180160621457
44,10,all,-0.05541047695695427
44,11,last,-0.011359433418681286
44,11,all,-0.028539979403992208
44,12,last,-0.047498607732228824
44,12,all,0.00010639197390306967
44,13,last,-0.03523274669686838
44,13,all,-0.019992699270522
44,14,last,-0.001113859288738217
44,14,all,0.03171480289382563
44,15,last,-0.017602384189823655
44,15,all,0.027018772493079678
44,16,last,-0.011867189733870877
44,16,all,-0.07619307071620526
44,17,last,0.03100369390409371
44,17,all,0.06538088777375256
44,18,last,-0.00012193047549302235
44,18,all,0.015015623687283949
44,19,last,-0.006487882177277829
44,19,all,-0.031336526579919685
44,20,last,-0.024572985299743666
44,20,all,-0.027367707067942667
44,21,last,0.04758315115313485
44,21,all,0.058103437878265045
44,22,last,0.018331657113248835
44,22,all,-0.006987604444872326
44,23,last,0.01462374695900594
44,23,all,0.02782947888350311
44,24,last,0.025915336057112093
44,24,all,0.07004879337394122
44,25,last,0.05127960180330452
44,25,all,0.04567078866267655
44,26,last,0.07453382016281375
44,26,all,0.07148091588052441
44,27,last,0.026262726922970138
44,27,all,0.011840788929501581
44,28,last,0.05515612554550394
44,28,all,0.07133571709046775
44,29,last,0.06953101985214287
44,29,all,0.08674452458810689
44,30,last,0.10777956547543713
44,30,all,0.10869968365007988
44,31,last,-0.09110902939510405
44,31,all,-0.09110902939510405
45,0,last,0.009658723824598715
45,0,all,0.1394864270560158
45,1,last,0.014086818324666295
45,1,all,0.12201623313471616
45,2,last,0.03228993248385312
45,2,all,0.7902075081465403
45,3,last,0.004180575970018251
45,3,all,0.6460078268399839
45,4,last,-0.006621654123927434
45,4,all,1.1543432733938852
45,5,last,-0.0009709367769526641
45,5,all,1.0469334341188956
45,6,last,0.010291356382207285
45,6,all,0.9616681682035109
45,7,last,-0.038851207289634086
45,7,all,0.5716657830370724
45,8,last,-0.04926148859057601
45,8,all,0.4330572065866868
45,9,last,0.022659914674121383
45,9,all,-0.21045336366146586
45,10,last,0.00663035594724948
45,10,all,0.0030304016368229688
45,11,last,-0.05297196605928829
45,11,all,0.026507320833958743
45,12,last,-0.06037715102571159
45,12,all,0.14068667854871192
45,13,last,-0.15278194624380295
45,13,all,-0.08811909722150447
45,14,last,0.06351037420707552
45,14,all,0.2186504145501954
45,15,last,-0.14447653931753834
45,15,all,-0.1972997408723708
45,16,last,-0.022751500531077946
45,16,all,-0.003967497989745451
45,17,last,0.02553338342827434
45,17,all,0.03166356790626196
45,18,last,0.09467043661215147
45,18,all,0.03468546776167833
45,19,last,0.09842909084216779
45,19,all,0.010928723265148158
45,20,last,-0.05836116194213228
45,20,all,-0.13860437557016114
45,21,last,-0.1253262600290181
45,21,all,-0.11647980640210145
45,22,last,0.0373351229527627
45,22,all,0.05019851826286001
45,23,last,-0.0003859475355402802
45,23,all,0.010907085397960386
45,24,last,-0.023553168507241217
45,24,all,0.07429029962744861
45,25,last,-0.03917690886830487
45,25,all,-0.1055911915410009
45,26,last,0.027502996127788643
45,26,all,0.12501972913391118
45,27,last,0.3940739382925369
45,27,all,0.4017047038589486
45,28,last,0.15213004298167276
45,28,all,0.126353408584212
45,29,last,-0.0006775419676269501
45,29,all,-0.002117577036308341
45,30,last,0.4716479259620866
45,30,all,0.49744949891834
45,31,last,-0.531121554336352
45,31,all,-0.531121554336352
46,0,last,-0.007159219228009859
46,0,all,0.010965324697168922
46,1,last,-0.006077016994951348
46,1,all,0.05562416041626069
46,2,last,0.00038817342807966233
46,2,all,0.27387449975599537
46,3,last,-0.008028452235942965
46,3,all,-0.008679481352101646
46,4,last,0.001597094100962569
46,4,all,0.031324694169988336
46,5,last,0.0008939876836644075
46,5,all,0.061329938084847734
46,6,last,0.0007987939687194458
46,6,all,0.0920334757560724
46,7,last,0.0007754759081919921
46,7,all,0.016576160058471675
46,8,last,-0.0066731674103230445
46,8,all,-0.03840363354463818
46,9,last,-0.004228111185289341
46,9,all,-0.06543882816590776
46,10,last,-0.0057370599646508254
46,10,all,-0.04780476262901265
46,11,last,-0.008970054734769901
46,11,all,-0.08172601307612545
46,12,last,-0.04708788266344759
46,12,all,-0.042355752991578316
46,13,last,-0.027268770295725175
46,13,all,-0.018558365801360707
46,14,last,0.00030306295609670717
46,14,all,0.026377727673228653
46,15,last,0.030564823494448144
46,15,all,0.0804638298945599
46,16,last,-0.01468396723694873
46,16,all,-0.008875076512105517
46,17,last,0.04455574959937067
46,17,all,0.06617324381580478
46,18,last,0.0024049118089311834
46,18,all,0.028052865895140253
46,19,last,-0.006855159620115483
46,19,all,-0.016570611132246813
46,20,last,-0.0012884373244158797
46,20,all,-0.009961391056185043
46,21,last,0.031235390577379153
46,21,all,0.036021177827112144
46,22,last,0.0035842920816849706
46,22,all,-0.007419632670242336
46,23,last,0.029308243112177588
46,23,all,0.022691857917786624
46,24,last,0.036924566361516725
46,24,all,0.054176330634977905
46,25,last,0.039058936591028305
46,25,all,0.04000050317447515
46,26,last,0.05259104371522196
46,26,all,0.05295765893639888
46,27,last,0.017099402252248097
46,27,all,-0.00274266004335579
46,28,last,0.05619539453669065
46,28,all,0.06485761854865608
46,29,last,0.04902814822122929
46,29,all,0.05783537160148808
46,30,last,0.1046020585313129
46,30,all,0.11405511676588395
46,31,last,-0.04062723553599875
46,31,all,-0.04062723553599875
47,0,last,-0.004582404223248607
47,0,all,-0.23638871328718955
47,1,last,0.0035302982702613847
47,1,all,-0.16321308478886445
47,2,last,-0.00017609244526923902
47,2,all,-0.1665461351964951
47,3,last,-0.0021196704030782315
47,3,all,-0.019980411555761073
47,4,last,0.004443917852714256
47,4,all,-0.1911616314853036
47,5,last,0.007269878347068672
47,5,all,-0.11749741206195484
47,6,last,0.014772690321303742
47,6,all,-0.18189997539442532
47,7,last,0.01870666980061291
47,7,all,-0.15762325382993067
47,8,last,0.007451155629875828
47,8,all,0.0024391140047198665
47,9,last,0.019087755359649777
47,9,all,-0.0394664392507308
47,10,last,0.025024330330224224
47,10,all,-0.0442628940508534
47,11,last,-0.00821150245326029
47,11,all,-0.006842641332910353
47,12,last,0.016634527074965582
47,12,all,0.036311657639928524
47,13,last,-0.0017819198442039534
47,13,all,-0.04177417203265347
47,14,last,0.052475100617853404
47,14,all,0.045784323816532024
47,15,last,0.008692124090957157
47,15,all,-0.0437970267965206
47,16,last,-0.07215648787042464
47,16,all,-0.12254536348783637
47,17,last,-0.04420499669834666
47,17,all,-0.017909997109293047
47,18,last,0.05360021036358129
47,18,all,0.10915928115364043
47,19,last,0.047368259679195536
47,19,all,0.1483486036400376
47,20,last,-0.01584207906608402
47,20,all,0.023269614880509337
47,21,last,0.03658939850507691
47,21,all,0.2060240322980813
47,22,last,-0.09401473876484112
47,22,all,-0.12925556742733993
47,23,last,-0.07456516495848674
47,23,all,-0.03819263348524267
47,24,last,-0.04433881031406289
47,24,all,-0.012134952231643691
47,25,last,-0.07730704787128494
47,25,all,-0.10827198582350199
47,26,last,0.032357386882847505
47,26,all,0.005261329894185787
47,27,last,0.1018079336463695
47,27,all,0.012900323866716135
47,28,last,0.06546452687781373
47,28,all,0.134802383437811
47,29,last,0.04344509794734202
47,29,all,0.08630542943384903
47,30,last,0.07478888109669683
47,30,all,0.13829568373156725
47,31,last,0.3815078352496749
47,31,all,0.3815078352496749
48,0,last,0.0037365169546470325
48,0,all,0.12213585889367086
48,1,last,0.002580438868089574
48,1,all,0.07776784446750491
48,2,last,0.004259473802097632
48,2,all,0.6933252459709341
48,3,last,0.009873182733055432
48,3,all,0.4287934633819348
48,4,last,0.003231751118087572
48,4,all,0.4098617126758065
48,5,last,0.0005294371057833205
48,5,all,0.08175681377177095
48,6,last,-0.00042653986097161196
48,6,all,0.025805592157443245
48,7,last,0.00137876753540547
48,7,all,-0.05734579635130906
48,8,last,-0.0029113486310940293
48,8,all,-0.01455063319761358
48,9,last,0.002524523496190094
48,9,all,-0.04651126729459444
48,10,last,0.013137242567687571
48,10,all,-0.030152595734592134
48,11,last,0.028339072296400352
48,11,all,-0.011458346496358072
48,12,last,0.04476474509880705
48,12,all,0.051159602884214866
48,13,last,0.004805667004426989
48,13,all,0.03196635061058151
48,14,last,0.020093776744084
48,14,all,0.050095382459523725
48,15,last,0.08933461957203725
48,15,all,0.15707174159766232
48,16,last,0.006679063400857162
48,16,all,0.04770252392638667
48,17,last,-0.0011127066432877462
48,17,all,0.13633269313009763
48,18,last,0.015012305316260445
48,18,all,0.1305655872268924
48,19,last,-0.0035268805975835022
48,19,all,-0.0031196426489314955
48,20,last,0.045462067182967365
48,20,all,0.015699629287564566
48,21,last,0.07855653819415659
48,21,all,0.15599060306996684
48,22,last,0.021895404279479284
48,22,all,-0.03302492395301128
48,23,last,-0.023565042838904898
48,23,all,-0.003673565873700598
48,24,last,-0.014984208767632146
48,24,all,0.013175337229172067
48,25,last,0.04513101855728435
48,25,all,0.06970913406761141
48,26,last,0.06793215465766021
48,26,all,0.043562032296033754
48,27,last,0.07335550600009433
48,27,all,0.0576742991612185
48,28,last,0.06553728261568406
48,28,all,0.09022690485689344
48,29,last,0.05768570904464004
48,29,all,0.08105604326442643
48,30,last,0.08738475612728097
48,30,all,0.11647387203813428
48,31,last,0.3002958075922429
48,31,all,0.3002958075922429
49,0,last,0.00647637632083393
49,0,all,0.19009275736347994
49,1,last,0.0035095560571938977
49,1,all,0.11134483504899455
49,2,last,0.003272503344527816
49,2,all,0.4979420243360934
49,3,last,-0.005053151387314254
49,3,all,0.31077183026983013
49,4,last,0.014157418715640385
49,4,all,0.15204593060668017
49,5,last,-0.008001531248277894
49,5,all,0.06792460857840049
49,6,last,-0.0046036331655506125
49,6,all,0.2645466047503867
49,7,last,-0.0030557618000270352
49,7,all,0.07991878098355121
49,8,last,-0.002295162002679043
49,8,all,0.02616409852434553
49,9,last,0.007026595176343433
49,9,all,-0.054311529169590186
49,10,last,-0.012653002559902045
49,10,all,-0.04703403761596274
49,11,last,0.03255335062383882
49,11,all,0.08892779962327059
49,12,last,0.08208117208696024
49,12,all,0.0731125619818013
49,13,last,-0.02757246423483901
49,13,all,-0.08458655468015015
49,14,last,0.07501101479994648
49,14,all,0.14864608158280015
49,15,last,0.08859389470872155
49,15,all,0.18587690715855898
49,16,last,0.07849651815799727
49,16,all,0.026853128179132102
49,17,last,0.1126394849429836
49,17,all,0.12630604151955546
49,18,last,0.1714954241877898
49,18,all,0.23952019889551074
49,19,last,-0.05400408222409857
49,19,all,-0.015125566581372232
49,20,last,0.2564000357262758
49,20,all,0.23263746558526444
49,21,last,0.19818376465257026
49,21,all,0.356710735131196
49,22,last,0.1532604315620801
49,22,all,0.11415023497616297
49,23,last,0.03093048828743125
49,23,all,0.10511189876871026
49,24,last,0.1422051696305917
49,24,all,0.2119289735553401
49,25,last,0.0931248352724174
49,25,all,0.07869856083079947
49,26,last,0.06836172629749479
49,26,all,0.057543891231770256
49,27,last,0.06551757479948467
49,27,all,0.034926764074396814
49,28,last,0.23235775941945122
49,28,all,0.30747792002306495
49,29,last,0.01865356304124252
49,29,all,0.04410292224793961
49,30,last,0.19243992664675066
49,30,all,0.22848506105563876
49,31,last,0.34304992447719723
49,31,all,0.34304992447719723
50,0,last,-0.008951774565919633
50,0,all,0.803532056335129
50,1,last,-0.0022028803802457467
50,1,all,1.03441429851256
50,2,last,-0.002011634733914524
50,2,all,0.9629583193961353
50,3,last,-0.00641262370968836
50,3,all,0.7018090210122265
50,4,last,-0.010797426043184651
50,4,all,1.0415147141724346
50,5,last,-0.03327131572607149
50,5,all,0.32492008430153
50,6,last,-0.00296571098422738
50,6,all,0.6623418703056984
50,7,last,-0.05260153492408418
50,7,all,-0.00791891708556231
50,8,last,-0.023844888927354257
50,8,all,0.4670454465712154
50,9,last,0.028653444456659797
50,9,all,0.1460578742634727
50,10,last,-0.0009602515011239424
50,10,all,-0.019172282480298845
50,11,last,0.06125483903413463
50,11,all,0.1452601909181709
50,12,last,-0.02797528964031503
50,12,all,0.2026443640310353
50,13,last,0.1265780455799005
50,13,all,0.23765508885109926
50,14,last,0.009651917017728115
50,14,all,0.06564375820150499
50,15,last,0.12089017176085873
50,15,all,0.14550771555484862
50,16,last,0.031617845539199975
50,16,all,0.022821762145244708
50,17,last,0.13244958632836895
50,17,all,0.09114716979366709
50,18,last,-0.015838769815186907
50,18,all,-0.004363376084469946
50,19,last,-0.036779045315581044
50,19,all,-0.05347813984603977
50,20,last,0.26183961657306326
50,20,all,0.18758765230531002
50,21,last,0.07590842851562409
50,21,all,0.24544984596959624
50,22,last,0.010547141256523193
50,22,all,0.09869931440681336
50,23,last,-0.025068149974386743
50,23,all,0.09379560387637335
50,24,last,0.033900629922364936
50,24,all,0.15732363694203452
50,25,last,0.21690741568092667
50,25,all,0.1847059621578759
50,26,last,-0.050021122164706104
50,26,all,-0.020046828985317407
50,27,last,0.10321127076837429
50,27,all,0.15699648899565627
50,28,last,0.14407524449548903
50,28,all,0.20328205224168622
50,29,last,0.09404149113594207
50,29,all,0.13713220416689084
50,30,last,0.3243418562710374
50,30,all,0.3548881086657014
50,31,last,0.23370952462264305
50,31,all,0.23370952462264305
51,0,last,-0.0005601911976677711
51,0,all,-0.13238710361554618
51,1,last,0.013617631098300968
51,1,all,0.01234311495031698
51,2,last,0.009191528549199914
51,2,all,0.01638424601015136
51,3,last,0.006339500236873209
51,3,all,0.07784400075145456
51,4,last,0.022739675311424668
51,4,all,0.221917078562222
51,5,last,-0.005067696231748711
51,5,all,-0.046633119114793245
51,6,last,0.01321294882430899
51,6,all,-0.021083740199327985
51,7,last,-0.0001202510665024305
51,7,all,0.05154064612105126
51,8,last,0.02100993935419371
51,8,all,-0.023339479074519068
51,9,last,0.007994098377137751
51,9,all,-0.04755394891438269
51,10,last,-0.03407154296710415
51,10,all,0.04951807513338586
51,11,last,0.0850507373170459
51,11,all,0.08227441980961368
51,12,last,0.09809912400841574
51,12,all,0.13254119916899942
51,13,last,-0.050292907608905334
51,13,all,0.050708591251116084
51,14,last,-0.004670386402431119
51,14,all,0.12442207482595874
51,15,last,0.19247149633352664
51,15,all,0.22814144642475015
51,16,last,-0.12646966628648282
51,16,all,-0.37925872322551557
51,17,last,-0.086658083052843
51,17,all,-0.06955469899377972
51,18,last,-0.19962922333167116
51,18,all,-0.09591856114938628
51,19,last,0.07861829843824118
51,19,all,0.05016390892670117
51,20,last,-0.048441354418168575
51,20,all,-0.11452607671880526
51,21,last,0.03315682503874735
51,21,all,0.04966861816168512
51,22,last,-0.0015819050717911854
51,22,all,-0.002736131954077539
51,23,last,0.015205036854201541
51,23,all,0.04157852520699953
51,24,last,0.02334009026164233
51,24,all,0.09033177605400938
51,25,last,0.006739484009855087
51,25,all,0.03306430658796308
51,26,last,0.013517625605256699
51,26,all,-0.0064477949552767646
51,27,last,0.06679656430326464
51,27,all,-0.018851608426773022
51,28,last,0.006505590337620531
51,28,all,-0.01893530286346515
51,29,last,0.06550016001642871
51,29,all,0.055779572613652344
51,30,last,0.02781749432990246
51,30,all,0.024799757908780473
51,31,last,-0.20716088225166837
51,31,all,-0.20716088225166837
52,0,last,0.015308534398652787
52,0,all,0.109264835244032
52,1,last,0.004182461441446859
52,1,all,-0.3396361034050108
52,2,last,-0.014740232860904649
52,2,all,-0.27501497784906304
52,3,last,0.0033975808938584073
52,3,all,0.02508298633426218
52,4,last,-0.0432491965818205
52,4,all,0.10955876124537353
52,5,last,0.009568911876502315
52,5,all,-0.029834158163484333
52,6,last,-0.04281068634360254
52,6,all,-0.14692155814529423
52,7,last,-0.03419004635281431
52,7,all,-0.09531420329012023
52,8,last,-0.05148445825382904
52,8,all,-0.27826819751515075
52,9,last,-0.03404226565208922
52,9,all,-0.16894393034444388
52,10,last,0.05582620394903781
52,10,all,-0.36953482270460164
52,11,last,0.019229331822719208
52,11,all,-0.17099955394462038
52,12,last,-0.09303861837533332
52,12,all,-0.012149015725152576
52,13,last,0.06506320393985728
52,13,all,0.10588067206470118
52,14,last,-0.27860888109232534
52,14,all,-0.2848882228185073
52,15,last,-0.5300277858195275
52,15,all,-0.5172502560980817
52,16,last,-0.14440869154201913
52,16,all,-0.3078175730506282
52,17,last,-0.023953556718333293
52,17,all,0.08039273836263221
52,18,last,-0.14638447788234715
52,18,all,0.01599819005809796
52,19,last,0.1412657870468952
52,19,all,0.14080322899344358
52,20,last,-0.34562163063440404
52,20,all,-0.3353374913876671
52,21,last,0.06351087472311097
52,21,all,0.1771459079074234
52,22,last,-0.11217108990980063
52,22,all,-0.19507346124367494
52,23,last,-0.12140099077742127
52,23,all,-0.014164980872694842
52,24,last,-0.3732668429206744
52,24,all,-0.20218053843392822
52,25,last,-0.299337205787339
52,25,all,-0.29096667050861796
52,26,last,-0.1689627374456931
52,26,all,-0.22392719704203695
52,27,last,-0.2176605296666969
52,27,all,-0.23510853908927765
52,28,last,-0.06994026440925948
52,28,all,-0.06781182833606476
52,29,last,0.13667220831904991
52,29,all,0.19154523418204775
52,30,last,-0.00010529746608505397
52,30,all,0.10811767640419821
52,31,last,0.32233565167404943
52,31,all,0.32233565167404943
53,0,last,-0.009192774399306094
53,0,all,0.41444386852141474
53,1,last,-0.0020820746627106795
53,1,all,-0.02553143001158459
53,2,last,-0.0052057536309827734
53,2,all,0.25300470888069726
53,3,last,-0.00411114450605338
53,3,all,0.1927350600188718
53,4,last,-0.007426053697574621
53,4,all,0.0499931686877068
53,5,last,-0.0016976079997908884
53,5,all,0.24792778923469502
53,6,last,-0.003001212539759793
53,6,all,0.2064635117643804
53,7,last,0.006213077803776857
53,7,all,-0.05630888336058347
53,8,last,-0.00735010822956082
53,8,all,0.10579456652045226
53,9,last,-0.01625535401738587
53,9,all,0.030929198907024925
53,10,last,0.0131030646584072
53,10,all,-0.09033931487243996
53,11,last,-0.048708870346344774
53,11,all,-0.015012168574864393
53,12,last,-0.06991469422397789
53,12,all,0.0042574529268211625
53,13,last,-0.00451160274914453
53,13,all,-0.08165989927223481
53,14,last,0.023407166652821835
53,14,all,-0.06302540518375503
53,15,last,0.04867275845075781
53,15,all,0.06838962083643582
53,16,last,-0.0505758146423502
53,16,all,-0.08828239060399878
53,17,last,-0.09051033755347257
53,17,all,-0.07451143033083468
53,18,last,0.0897052341808454
53,18,all,0.09955284925036852
53,19,last,0.1526865026033275
53,19,all,0.2771499305718278
53,20,last,-0.012605726515077922
53,20,all,-0.11018725006432249
53,21,last,0.17401511274107634
53,21,all,0.2481311730588744
53,22,last,0.0071199167018941795
53,22,all,-0.061469104601478336
53,23,last,-0.04772035808695227
53,23,all,-0.03147093549202996
53,24,last,0.110431426955739
53,24,all,0.23146317812186684
53,25,last,0.017938104385417552
53,25,all,0.011920996127740627
53,26,last,0.21627504401391687
53,26,all,0.24670428797358446
53,27,last,0.17520337437460928
53,27,all,0.11142217803635548
53,28,last,0.16682529829603315
53,28,all,0.19726146224857494
53,29,last,0.12249445739100161
53,29,all,0.16612794909816064
53,30,last,0.09029962667801468
53,30,all,0.13393515367719552
53,31,last,0.4303527286098877
53,31,all,0.4303527286098877
54,0,last,0.009251747137656727
54,0,all,0.08043156899605795
54,1,last,-0.0019856744637708887
54,1,all,0.06949031150008061
54,2,last,0.015172892298782879
54,2,all,0.21267290509235243
54,3,last,0.011998906107627605
54,3,all,0.4237367727846866
54,4,last,0.004983137512989691
54,4,all,0.23121925079619585
54,5,last,0.010610283634280265
54,5,all,0.2894596001849247
54,6,last,0.005007093823427709
54,6,all,0.4002661962232146
54,7,last,0.00717407144412857
54,7,all,0.0210351589222832
54,8,last,0.0023397329861130443
54,8,all,0.08672620203458807
54,9,last,-0.00843402716094496
54,9,all,0.03820744713964184
54,10,last,-0.018784053037696716
54,10,all,0.05495676026554614
54,11,last,0.00973824019305412
54,11,all,0.04980845917566336
54,12,last,0.04258484428201391
54,12,all,-0.0015406831856111876
54,13,last,0.028918612709182594
54,13,all,0.02268505139162826
54,14,last,0.11058106368380234
54,14,all,0.029951573949278193
54,15,last,0.12021734896881861
54,15,all,0.12598379035056687
54,16,last,0.049079057005390336
54,16,all,-0.07779463154829015
54,17,last,-0.0920831086023343
54,17,all,-0.08728268013303737
54,18,last,0.027276452617032904
54,18,all,0.010593244286715197
54,19,last,-0.02809389141639211
54,19,all,-0.025669636518099864
54,20,last,-0.0653810450811087
54,20,all,-0.14655942112556306
54,21,last,0.0794554336989145
54,21,all,0.14525695139303976
54,22,last,0.0408057789369033
54,22,all,-0.025501548696740158
54,23,last,0.03681814984064836
54,23,all,0.0345824524749821
54,24,last,0.0075301544434091495
54,24,all,0.07347597235486764
54,25,last,-0.031097709073778745
54,25,all,-0.04860386727956581
54,26,last,0.05655775599328121
54,26,all,0.003620214649666234
54,27,last,0.060815343465727936
54,27,all,0.02699370067129968
54,28,last,0.08402465003120226
54,28,all,0.06857074908627202
54,29,last,0.04063327663110842
54,29,all,0.0475347747496664
54,30,last,0.0516026799800769
54,30,all,0.09408677841666896
54,31,last,0.008431046681007836
54,31,all,0.008431046681007836
55,0,last,0.004998015937049348
55,0,all,0.05779937301781528
55,1,last,-0.005071609842676939
55,1,all,-0.2349596334324472
55,2,last,0.004600256066287171
55,2,all,-0.21341794923020055
55,3,last,-0.020776346781538925
55,3,all,0.09620408971753659
55,4,last,-0.0016017862184909964
55,4,all,0.0315470255584154
55,5,last,-0.0017398278719229548
55,5,all,0.4401858917379751
55,6,last,-0.00735014641038784
55,6,all,0.3870384832429976
55,7,last,-0.017410103394701004
55,7,all,0.27025348053769477
55,8,last,-0.0015460273206186932
55,8,all,0.014000579082449607
55,9,last,0.032244975394875565
55,9,all,0.3226690004177181
55,10,last,0.027318495477943582
55,10,all,0.020203078675118936
55,11,last,0.026091342416861753
55,11,all,-0.004235912336429133
55,12,last,-0.15833586703681604
55,12,all,-0.0742986170878712
55,13,last,0.09159200897577797
55,13,all,0.2579338346037564
55,14,last,-0.050517104164415516
55,14,all,-0.034060945030676866
55,15,last,-0.17923215914523669
55,15,all,-0.13011572372174932
55,16,last,-0.22512124212140167
55,16,all,-0.2524201713545734
55,17,last,-0.1475452300369753
55,17,all,0.020468317251992458
55,18,last,-0.015218879969352532
55,18,all,0.17596397563620347
55,19,last,-0.07794342631012505
55,19,all,-0.015172691872345247
55,20,last,0.12819525923281766
55,20,all,0.18017189419672366
55,21,last,0.10564890225853915
55,21,all,0.2468693028419595
55,22,last,0.2150205194050764
55,22,all,0.23619054295120642
55,23,last,0.2377818110882007
55,23,all,0.30971314121262633
55,24,last,0.032121142950918974
55,24,all,0.07875648707576037
55,25,last,0.014813149875344402
55,25,all,0.0011868446369609042
55,26,last,0.005826461846737311
55,26,all,-0.01885117855429819
55,27,last,0.19694415107780283
55,27,all,0.25048461570523345
55,28,last,-0.01044530421231525
55,28,all,-0.004953428417661126
55,29,last,0.07000870975543566
55,29,all,0.05132003882674655
55,30,last,0.17472930965976685
55,30,all,0.24290947381239428
55,31,last,0.3989275737974076
55,31,all,0.3989275737974076
56,0,last,-0.01349056995744761
56,0,all,-0.03218586384698281
56,1,last,-0.005136488283197607
56,1,all,-0.09122684887577441
56,2,last,-0.00610782552160911
56,2,all,0.09453221114598784
56,3,last,0.0008849402583664941
56,3,all,0.06264747915497286
56,4,last,-0.006623594260705778
56,4,all,-0.06517892700242395
56,5,last,0.009535417470207577
56,5,all,0.09408614794769118
56,6,last,-0.013305592226636688
56,6,all,-0.1458389515868561
56,7,last,0.0013529538425195698
56,7,all,-0.06202702144761749
56,8,last,8.162799740358293e-05
56,8,all,-0.08295442786319265
56,9,last,-0.00859765909587406
56,9,all,0.037299585137707314
56,10,last,-0.03345696104224613
56,10,all,-0.11842363826600313
56,11,last,0.04562355035993407
56,11,all,0.11187151341638941
56,12,last,0.1083852237841838
56,12,all,0.11336133052786497
56,13,last,0.021832010561271365
56,13,all,-0.052266089894146876
56,14,last,0.1105713450255722
56,14,all,0.14574402923373295
56,15,last,0.16035710664647232
56,15,all,0.24517421420231775
56,16,last,-0.1631135132846871
56,16,all,-0.3051091874907887
56,17,last,-0.04096987257278382
56,17,all,-0.10883471673027052
56,18,last,-0.15294976601933932
56,18,all,-0.03704545715859572
56,19,last,-0.013092751878064562
56,19,all,-0.10680247683972978
56,20,last,-0.26322883120466856
56,20,all,-0.330394268127099
56,21,last,-0.01499185222582139
56,21,all,-0.0038759089811571616
56,22,last,0.023319051210250203
56,22,all,0.02667115604320254
56,23,last,-0.007504026850548184
56,23,all,-0.017658366807671765
56,24,last,0.09844003311372494
56,24,all,0.14869122784186942
56,25,last,0.022507703540179134
56,25,all,0.011475054170416525
56,26,last,-0.011222918711449635
56,26,all,-0.01178131431593713
56,27,last,0.08704797883982804
56,27,all,-0.03429992772051514
56,28,last,0.10291614795814374
56,28,all,0.1090297223903343
56,29,last,0.006445182047092985
56,29,all,0.014505383332131288
56,30,last,-0.04877735044209122
56,30,all,-0.04593281561780406
56,31,last,-0.2957374833150936
56,31,all,-0.2957374833150936
57,0,last,-0.009589705290139803
57,0,all,-0.4197704922575426
57,1,last,0.0062822261694869585
57,1,all,0.06796521026528654
57,2,last,0.0023530544752277086
57,2,all,-0.024131422305738996
57,3,last,-0.008613362412278804
57,3,all,-0.01407079138057641
57,4,last,0.02509571096694578
57,4,all,0.2346882326931706
57,5,last,-0.0372435222051163
57,5,all,0.02523864185351865
57,6,last,-0.00797542990479505
57,6,all,0.05263959602182946
57,7,last,0.025322372421691476
57,7,all,0.004047848134132184
57,8,last,0.024551373043416497
57,8,all,-0.017753606035947004
57,9,last,-0.03383539118658626
57,9,all,0.0042781923710858314
57,10,last,-0.035356120659107045
57,10,all,0.09608378780542229
57,11,last,0.16399447018083693
57,11,all,0.16823969597286306
57,12,last,0.17397377164693145
57,12,all,0.0291751304410633
57,13,last,0.0985293823234436
57,13,all,0.09727673343772533
57,14,last,0.13632551654427447
57,14,all,0.12691422339484315
57,15,last,0.12711022203737288
57,15,all,0.13714281839136658
57,16,last,-0.016551883376443515
57,16,all,-0.01959837167163691
57,17,last,-0.03447877486068619
57,17,all,-0.027620006702988094
57,18,last,0.05968118916940152
57,18,all,0.10592505794541442
57,19,last,-0.01245591571795547
57,19,all,-0.03707609351619099
57,20,last,0.04242315258422125
57,20,all,-0.05584895414339119
57,21,last,0.022921198422107908
57,21,all,0.08580180057873868
57,22,last,-0.05286100099448099
57,22,all,-0.024562891877635197
57,23,last,-0.0363162722742212
57,23,all,-0.05138081457366799
57,24,last,-0.04524210334431992
57,24,all,-0.055138874796793975
57,25,last,0.012684021082906047
57,25,all,0.007315465598904264
57,26,last,0.02014806341952136
57,26,all,-0.01708181464534434
57,27,last,0.07228850455063714
57,27,all,0.057052234279070725
57,28,last,-0.07363710045828412
57,28,all,-0.11258453404741886
57,29,last,-0.007445806886387402
57,29,all,-0.012201982206418742
57,30,last,-0.05561958332904757
57,30,all,-0.06271583415617288
57,31,last,0.23368116210825296
57,31,all,0.23368116210825296
58,0,last,-0.005669377507632716
58,0,all,-0.12601051186269718
58,1,last,0.012243281499915683
58,1,all,0.015903250925812004
58,2,last,-0.021804626839094444
58,2,all,0.22932653244931275
58,3,last,-0.0032156268339843465
58,3,all,0.2965838608198247
58,4,last,0.002264637774702111
58,4,all,0.5299287770397837
58,5,last,-0.016862298215043103
58,5,all,0.5449510472357716
58,6,last,-0.038530799930659915
58,6,all,0.15218222763281045
58,7,last,-0.022940090401547493
58,7,all,0.1721869996772777
58,8,last,-0.03380659383337074
58,8,all,0.0010852273776986716
58,9,last,-0.030473709926520737
58,9,all,0.09362326713661215
58,10,last,-0.0646196142033968
58,10,all,-0.048053347840767806
58,11,last,0.041799414540112885
58,11,all,-0.07706906846468707
58,12,last,0.05562545032730171
58,12,all,0.05276914193215914
58,13,last,0.11588670207308775
58,13,all,0.014211415720938387
58,14,last,-0.10835040957427781
58,14,all,0.04865842263883053
58,15,last,0.1559800517534905
58,15,all,0.1678640148145644
58,16,last,0.04214965272959764
58,16,all,-0.03756530605746972
58,17,last,-0.07733699478337709
58,17,all,-0.113831421043301
58,18,last,-0.1381142877134006
58,18,all,-0.16831967823684357
58,19,last,-0.03753936248787826
58,19,all,0.019532363227269995
58,20,last,-0.08951097550573255
58,20,all,-0.19939858088674334
58,21,last,0.06545527230331334
58,21,all,0.1352100230229526
58,22,last,0.009335675592171803
58,22,all,-0.007912788725396356
58,23,last,0.03740135055933943
58,23,all,0.010867761301864046
58,24,last,0.10795583146585493
58,24,all,0.16389802919280513
58,25,last,0.06635398113902491
58,25,all,-0.0015776834986711782
58,26,last,0.1091434966350011
58,26,all,0.04148211682232153
58,27,last,0.12590658035057625
58,27,all,0.15204952234350622
58,28,last,0.17504543072811415
58,28,all,0.2611836635700789
58,29,last,0.11622860687355221
58,29,all,0.13106188209591024
58,30,last,0.21443519866288416
58,30,all,0.23560892505964073
58,31,last,0.23884892312566555
58,31,all,0.23884892312566555
59,0,last,-0.001292766253157908
59,0,all,-0.038434252747777696
59,1,last,-0.005186879466480448
59,1,all,0.018040109506597537
59,2,last,-0.0005576882196107461
59,2,all,0.15662073090615447
59,3,last,-0.007189106951909749
59,3,all,0.11649423357307914
59,4,last,-0.007612960454651171
59,4,all,0.12240354604492598
59,5,last,-0.015929108639220486
59,5,all,-0.11685894624634462
59,6,last,-0.01865994460889516
59,6,all,0.2574005599231548
59,7,last,-0.00833977184186827
59,7,all,0.015987105861496622
59,8,last,0.0323450998751377
59,8,all,-0.004655330840008242
59,9,last,-0.030245796475690145
59,9,all,-0.06285480821805282
59,10,last,0.015091628749553094
59,10,all,-0.03619546194444461
59,11,last,-0.028068106971318396
59,11,all,-0.007877035694333269
59,12,last,-0.03472756041725848
59,12,all,0.16072706494127054
59,13,last,0.083806737702318
59,13,all,-0.06580619700483394
59,14,last,-0.01573577367346956
59,14,all,0.16894940466096392
59,15,last,-0.04404501839149099
59,15,all,-0.02995447071016112
59,16,last,0.006208153370403197
59,16,all,-0.0222681233477735
59,17,last,-0.04031979962433484
59,17,all,0.023006436155971553
59,18,last,0.04968963480831869
59,18,all,0.14322412407367
59,19,last,0.13466794907510604
59,19,all,0.15682651485313764
59,20,last,0.030141205428644565
59,20,all,-0.020348300929713445
59,21,last,0.024209184185258616
59,21,all,0.14285467359914816
59,22,last,-0.08932957628961154
59,22,all,-0.14522602481418506
59,23,last,0.06304516980508425
59,23,all,0.11535993860332364
59,24,last,0.02613580289753469
59,24,all,0.1535396570629148
59,25,last,0.0988735665128809
59,25,all,0.11658042888145348
59,26,last,0.14071753313863258
59,26,all,0.08125518666708229
59,27,last,0.03875900451803263
59,27,all,0.031111082357558658
59,28,last,0.08137118111163455
59,28,all,0.12178148907721159
59,29,last,0.12236783282580045
59,29,all,0.12719454137332326
59,30,last,0.061249837199346485
59,30,all,0.11186321255468974
59,31,last,0.2200150930010782
59,31,all,0.2200150930010782
60,0,last,-0.005981332384506541
60,0,all,0.3375636409415609
60,1,last,-0.0028597789249335368
60,1,all,0.18884771921031449
60,2,last,-0.013638577374500123
60,2,all,0.36129525495976744
60,3,last,-0.0088970243168388
60,3,all,0.3807287486243391
60,4,last,-0.007028194104428476
60,4,all,0.2148061012557376
60,5,last,-0.002665620120171593
60,5,all,0.2009828809265719
60,6,last,-0.009551194682472041
60,6,all,0.2854654550999637
60,7,last,-0.007457116614674269
60,7,all,0.053757460485580236
60,8,last,0.004687649608668053
60,8,all,0.16287364487793116
60,9,last,0.0041519840842974285
60,9,all,0.12449409367142775
60,10,last,-0.006446072318096546
60,10,all,0.22550097108954711
60,11,last,0.034650815585189315
60,11,all,0.2239943933320488
60,12,last,0.04495145734357656
60,12,all,0.0452250528100128
60,13,last,0.03442958684661277
60,13,all,0.1812563168104289
60,14,last,0.027249966605867672
60,14,all,-0.020289447335975704
60,15,last,0.13407726397441005
60,15,all,0.3158249178149717
60,16,last,-0.014843839580498772
60,16,all,0.045708351606523735
60,17,last,0.049321833142819314
60,17,all,0.1319582437405211
60,18,last,0.040041042275198384
60,18,all,0.09520974470333599
60,19,last,-0.021369584978905547
60,19,all,-0.019091218584396132
60,20,last,0.07744974035323308
60,20,all,0.03054895225171019
60,21,last,0.06599951297760998
60,21,all,0.16898317526777365
60,22,last,-0.018585282703494386
60,22,all,0.02369074314651927
60,23,last,0.03897053869168291
60,23,all,0.031047618259556927
60,24,last,0.12685632957703524
60,24,all,0.1958460654619561
60,25,last,-0.008562610156308182
60,25,all,0.017540607855954852
60,26,last,-0.008424955405534796
60,26,all,-0.047391002143134936
60,27,last,0.033665127187315666
60,27,all,0.027048537928050717
60,28,last,0.12073799259300413
60,28,all,0.13227599038721827
60,29,last,0.019075437640447446
60,29,all,0.007573493688213467
60,30,last,0.159042658196575
60,30,all,0.17915656469536867
60,31,last,0.09099983805323439
60,31,all,0.09099983805323439
61,0,last,0.0004917695619266037
61,0,all,0.06723847918504056
61,1,last,0.007589584941758848
61,1,all,-0.08054873671083435
61,2,last,0.015006947427783779
61,2,all,-0.4316678369544932
61,3,last,-0.005353179765126053
61,3,all,-0.055451536710130776
61,4,last,-0.004031746187709315
61,4,all,0.08325762399000886
61,5,last,0.00932163518595446
61,5,all,0.408647041130871
61,6,last,0.0068597244307273
61,6,all,0.11674535404224208
61,7,last,-0.011880134869076058
61,7,all,-0.07468201317648869
61,8,last,0.0013849366276556573
61,8,all,0.0849009701167504
61,9,last,-0.006001493140487852
61,9,all,-0.0949177119954108
61,10,last,0.009338769485565248
61,10,all,0.008035076731639324
61,11,last,0.0061482719194545996
61,11,all,0.01546359925705677
61,12,last,0.0018331577749962592
61,12,all,-0.10690729409863789
61,13,last,0.03322750098150727
61,13,all,-0.004899803164805215
61,14,last,0.00832496482009865
61,14,all,0.026068972561284234
61,15,last,0.03841749549671182
61,15,all,-0.08841983971150813
61,16,last,-0.037826892868534676
61,16,all,0.03127052135640332
61,17,last,0.026643138392312624
61,17,all,0.09829319934492994
61,18,last,0.024735924051564964
61,18,all,0.18511375688958057
61,19,last,0.06653545735570024
61,19,all,0.18160671451048338
61,20,last,0.1905690752761033
61,20,all,0.24538800757936502
61,21,last,0.16398346567381133
61,21,all,0.21262519486854112
61,22,last,0.06604905553011188
61,22,all,-0.027080654393170735
61,23,last,-0.19217545377235715
61,23,all,-0.1124639019731253
61,24,last,0.3376402594054113
61,24,all,0.4604955227316962
61,25,last,0.169306470875906
61,25,all,0.25805437935412123
61,26,last,0.12542777371103517
61,26,all,0.13760152679043272
61,27,last,0.0062659375521800075
61,27,all,0.12001160644096821
61,28,last,0.13942470724760253
61,28,all,0.23795630080357744
61,29,last,-0.07697203506411594
61,29,all,-0.09853132062022889
61,30,last,0.040854447794275835
61,30,all,0.06444075132053896
61,31,last,0.34012670405158557
61,31,all,0.34012670405158557
62,0,last,-0.0018216653673060151
62,0,all,0.26965785931992736
62,1,last,-0.008599710707958536
62,1,all,0.2076034418257272
62,2,last,-0.003869762195054011
62,2,all,0.21272393712692622
62,3,last,-0.006909135017471308
62,3,all,0.6307652446405172
62,4,last,-0.010925898289267056
62,4,all,0.5625478819183358
62,5,last,-0.007887580599470645
62,5,all,0.385026482140572
62,6,last,-0.005315884759934538
62,6,all,0.29313470785319173
62,7,last,-0.002803909426740538
62,7,all,0.07214595911217596
62,8,last,0.0056230549685266605
62,8,all,0.025082781484904174
62,9,last,0.006867942639951947
62,9,all,0.049625714915658606
62,10,last,-0.0017548543697515594
62,10,all,-0.031085219938596347
62,11,last,0.03318514488068223
62,11,all,0.05537766488515261
62,12,last,0.0684713542466809
62,12,all,0.15139878509497712
62,13,last,0.0580139348410869
62,13,all,0.11788002838222339
62,14,last,0.09277038322079148
62,14,all,0.12035294270579222
62,15,last,0.18105672713730195
62,15,all,0.28181239623825804
62,16,last,0.013947587088958316
62,16,all,-0.11337079251095565
62,17,last,0.06612849556996238
62,17,all,0.0854772643399276
62,18,last,0.12389352462578244
62,18,all,0.21397663277974605
62,19,last,0.07293874355820432
62,19,all,0.042577386802840116
62,20,last,0.04826518470898429
62,20,all,-0.016960328364024467
62,21,last,0.10090735496653457
62,21,all,0.147045687748948
62,22,last,0.06643473726184812
62,22,all,0.022015975214343862
62,23,last,0.034958020915598506
62,23,all,0.07048307010166076
62,24,last,0.13146509300529793
62,24,all,0.1674556667036948
62,25,last,0.0010395588634010116
62,25,all,0.01813865826972431
62,26,last,0.014083614786442846
62,26,all,-0.012167029688561991
62,27,last,0.06481363150311999
62,27,all,0.05804035536191387
62,28,last,0.08923969844478516
62,28,all,0.09495277732852575
62,29,last,0.053235787870060336
62,29,all,0.057667344877778505
62,30,last,0.12396280463366977
62,30,all,0.1386879822589157
62,31,last,0.17683429741504325
62,31,all,0.17683429741504325
63,0,last,-0.006260790073569014
63,0,all,0.5007190956280733
63,1,last,0.0022829934507814604
63,1,all,0.5084715724321445
63,2,last,-0.0016151578204872798
63,2,all,0.2141548089364164
63,3,last,-0.0048586783696118255
63,3,all,0.8853058849388769
63,4,last,-0.00452075749175785
63,4,all,0.5137343521838422
63,5,last,-0.0033759335454159422
63,5,all,0.28243354188076986
63,6,last,-0.005055036393558666
63,6,all,0.043376199723092035
63,7,last,-0.00106387889913904
63,7,all,-0.026994731345623812
63,8,last,-0.004935620354107808
63,8,all,0.013304724778521458
63,9,last,0.002085959585078911
63,9,all,-0.014354670939927441
63,10,last,-0.00842519929013741
63,10,all,-0.05473169290249704
63,11,last,0.0010860257135953159
63,11,all,-0.01631991478987144
63,12,last,0.11184115306505674
63,12,all,0.2332272972277179
63,13,last,0.05451152445361833
63,13,all,-0.005537275480169971
63,14,last,0.12607879940559197
63,14,all,0.2121865237985717
63,15,last,0.2229167853722058
63,15,all,0.3189731863422571
63,16,last,0.010417996688583349
63,16,all,-0.07383040905270276
63,17,last,0.08436231107103659
63,17,all,0.10684231551287655
63,18,last,0.13283344784518775
63,18,all,0.19704252167580474
63,19,last,0.09872862728429314
63,19,all,0.08191482813448128
63,20,last,0.1254639913592072
63,20,all,0.053429605778384626
63,21,last,0.06082471825716839
63,21,all,0.1358601791542121
63,22,last,0.0038124753317759167
63,22,all,0.005216354621863419
63,23,last,-0.07440185925106751
63,23,all,-0.07166262062735583
63,24,last,0.014889937610448139
63,24,all,0.08683360443252375
63,25,last,-0.036588565007034994
63,25,all,-0.040294465292718504
63,26,last,0.009457105675448729
63,26,all,0.004841262447445505
63,27,last,0.03724771867015969
63,27,all,0.005059923249330709
63,28,last,0.1114779141152774
63,28,all,0.11915545046620604
63,29,last,0.0925622471052138
63,29,all,0.10567295331201972
63,30,last,0.09202755230079408
63,30,all,0.11807995228765156
63,31,last,0.07886808151192247
63,31,all,0.07886808151192247
64,0,last,0.0011484717947793253
64,0,all,-0.01649653859027341
64,1,last,0.016303392820438845
64,1,all,0.07437221773215137
64,2,last,0.012346071793877747
64,2,all,0.026542069151213633
64,3,last,0.004537538547881903
64,3,all,0.09295469596055735
64,4,last,0.011998964225467692
64,4,all,-0.1374500458547823
64,5,last,0.0076460758076340955
64,5,all,0.07547353005709677
64,6,last,0.014290229606801852
64,6,all,-0.017906728104590687
64,7,last,0.021352360214433416
64,7,all,0.1573532493091441
64,8,last,0.012032426643401328
64,8,all,0.057082507139588304
64,9,last,0.007397274928179335
64,9,all,-0.12146554294203486
64,10,last,-0.027027837697563718
64,10,all,0.0417678594169269
64,11,last,0.013553406235747589
64,11,all,-0.09828740038537262
64,12,last,-0.03659271443406599
64,12,all,0.03452185889106414
64,13,last,0.08171331740949911
64,13,all,-0.09232103392976482
64,14,last,0.05789960563760253
64,14,all,0.046772658153053114
64,15,last,-0.07480935307523522
64,15,all,0.080348336835473
64,16,last,-0.16696194794270713
64,16,all,-0.29818768064612633
64,17,last,-0.17569945339226994
64,17,all,-0.15213272200558822
64,18,last,-0.18212506119244626
64,18,all,-0.1750375737007588
64,19,last,-0.04814635109237023
64,19,all,-0.08590145109862059
64,20,last,-0.05910420933811251
64,20,all,-0.16616093047714547
64,21,last,-0.09099411035437308
64,21,all,0.11864304000345374
64,22,last,-0.2427711424615631
64,22,all,-0.3064913883253785
64,23,last,-0.12014135010800299
64,23,all,-0.05533986070098217
64,24,last,-0.016819199521747496
64,24,all,0.0918672107228151
64,25,last,0.10866551790590455
64,25,all,0.12620160205226916
64,26,last,-0.011261317297495372
64,26,all,-0.12625188236937152
64,27,last,0.037530008897015424
64,27,all,-0.010867743780866588
64,28,last,-0.12280716050664875
64,28,all,-0.11568720753434948
64,29,last,0.08294899954739046
64,29,all,0.06544494743062812
64,30,last,-0.03028760601453153
64,30,all,0.0035379571748668805
64,31,last,0.11386554297671093
64,31,all,0.11386554297671093
65,0,last,0.00643561167417221
65,0,all,0.9454395997588096
65,1,last,0.01199034833509923
65,1,all,0.5095323445823318
65,2,last,-0.0012719797802236835
65,2,all,0.8437025083127614
65,3,last,-0.0022275809117297857
65,3,all,0.5540822491533398
65,4,last,-0.05716638923059023
65,4,all,0.28441372076428256
65,5,last,-0.004436441346994625
65,5,all,0.629002790337648
65,6,last,0.0009867846158811385
65,6,all,-0.21523643221784133
65,7,last,-0.01628987834728156
65,7,all,-0.11144247710383168
65,8,last,-0.03469405405731016
65,8,all,-0.3320532958723011
65,9,last,0.005324664341986807
65,9,all,0.10390666744179652
65,10,last,0.04415487914945787
65,10,all,0.023740550086530924
65,11,last,0.051804595510871285
65,11,all,0.011122793161557945
65,12,last,-0.10682345269095425
65,12,all,-0.023773031800896596
65,13,last,0.05721322936865232
65,13,all,-0.004704889344457988
65,14,last,-0.20656391834060658
65,14,all,-0.17601114005962043
65,15,last,0.05849577674099977
65,15,all,0.26925863823411433
65,16,last,-0.1020253244685689
65,16,all,-0.22781236017251608
65,17,last,-0.10282259347041725
65,17,all,-0.13500176831907024
65,18,last,-0.049593294403224054
65,18,all,0.05709480482890666
65,19,last,0.06240692826918394
65,19,all,0.0969900615560943
65,20,last,-0.22597751979755298
65,20,all,-0.3094789977155566
65,21,last,-0.1567806669251529
65,21,all,-0.05338049093190246
65,22,last,0.26367056302702785
65,22,all,0.14583980771448246
65,23,last,-0.1272852710069386
65,23,all,-0.09391787817705764
65,24,last,0.1684223626139674
65,24,all,0.2438811499523926
65,25,last,0.1862201091307709
65,25,all,0.15304924235687214
65,26,last,-0.14017949899071705
65,26,all,-0.14286164215136754
65,27,last,0.27787374438116325
65,27,all,0.3058966099502007
65,28,last,0.4893620048638446
65,28,all,0.6384803366320752
65,29,last,0.20210675724296143
65,29,all,0.2245925420789445
65,30,last,0.5425827875422993
65,30,all,0.5557373885329994
65,31,last,0.28677176080777117
65,31,all,0.28677176080777117
66,0,last,0.004588638033182359
66,0,all,0.12866451357183464
66,1,last,0.0005117483768988693
66,1,all,-0.03477309704197128
66,2,last,0.00663680393110292
66,2,all,0.27399401826916303
66,3,last,0.00391578368577829
66,3,all,0.0752478701820009
66,4,last,0.004209369763017905
66,4,all,0.13156366387217663
66,5,last,0.003507840702246173
66,5,all,0.1749525108643946
66,6,last,0.018534709446017237
66,6,all,-0.009988277073741104
66,7,last,0.009983782910828284
66,7,all,-0.012271409532647114
66,8,last,0.00382756131381577
66,8,all,0.08692993375310769
66,9,last,0.0016728055955063843
66,9,all,0.06378887829503965
66,10,last,0.017898052649900117
66,10,all,0.04941539733431658
66,11,last,0.004172488317374659
66,11,all,0.06950921493910556
66,12,last,-0.00014366666441958522
66,12,all,0.026796202119701247
66,13,last,0.01773460189874475
66,13,all,0.047154418167594955
66,14,last,0.0047589765774975895
66,14,all,0.01792379638745507
66,15,last,0.10948552679258725
66,15,all,0.22325701951609786
66,16,last,0.033989818180823424
66,16,all,0.0034528360561610137
66,17,last,0.021762861781335723
66,17,all,0.03881857640746191
66,18,last,0.08095086521917495
66,18,all,0.13791154686254184
66,19,last,0.10809551151341033
66,19,all,0.09121839101347184
66,20,last,0.10015972352691353
66,20,all,0.060413664248318524
66,21,last,0.08707655581813842
66,21,all,0.10900768003592204
66,22,last,0.02536969619165612
66,22,all,-0.015848616662460718
66,23,last,0.06646537213280955
66,23,all,0.038017882665026884
66,24,last,0.017199991910506758
66,24,all,0.05825690569653712
66,25,last,0.019695180469462212
66,25,all,-0.013606810962513894
66,26,last,-0.01196629495054418
66,26,all,-0.025016562455821647
66,27,last,0.08312608891857642
66,27,all,0.05121951064623229
66,28,last,0.04033325585787268
66,28,all,0.0329542555765967
66,29,last,0.0552025358021138
66,29,all,0.08202763245836867
66,30,last,0.1674941299881911
66,30,all,0.20806225470785547
66,31,last,0.23291254534830202
66,31,all,0.23291254534830202
67,0,last,0.010034642228657197
67,0,all,0.02759669669367298
67,1,last,0.0027706740144879905
67,1,all,0.007272056407832915
67,2,last,0.01139852076291584
67,2,all,0.28528225512484734
67,3,last,0.006203919648692885
67,3,all,0.17918603500185065
67,4,last,0.02029547877127023
67,4,all,0.3556757578513664
67,5,last,0.009994916542771496
67,5,all,0.24800489847418702
67,6,last,0.009363817350099774
67,6,all,0.017452341144162477
67,7,last,0.007157556196852108
67,7,all,-0.043591622370050924
67,8,last,0.006143670859157092
67,8,all,-0.008645508722346562
67,9,last,0.0033156091848646897
67,9,all,0.07865303404375734
67,10,last,-0.010391733227823672
67,10,all,-0.006794027655790027
67,11,last,0.06568449585160949
67,11,all,0.19528200807729937
67,12,last,0.1557712920735317
67,12,all,0.01859992927507391
67,13,last,0.10965725371491561
67,13,all,-0.0585049859862416
67,14,last,-0.00615539048671063
67,14,all,-0.04606936071742608
67,15,last,0.08522592938434706
67,15,all,0.2191399234944914
67,16,last,-0.05258745441931474
67,16,all,-0.2714259689009504
67,17,last,-0.0340490394334655
67,17,all,-0.013437405826877772
67,18,last,0.04387322356168945
67,18,all,0.055203902536936224
67,19,last,0.03811954669360971
67,19,all,-0.0012569162996855124
67,20,last,-0.023134214660329704
67,20,all,-0.09281989039782303
67,21,last,0.1284506393772113
67,21,all,0.18399963817713244
67,22,last,-0.01542952242407676
67,22,all,-0.045332399724693294
67,23,last,0.022015072761555263
67,23,all,0.03092375039746319
67,24,last,0.06047096726377894
67,24,all,0.11544083489086084
67,25,last,0.019898717107943657
67,25,all,0.004609004888625298
67,26,last,0.042719528019236036
67,26,all,0.018707276661726266
67,27,last,0.1325515186298886
67,27,all,0.089501970300483
67,28,last,0.08612231582701588
67,28,all,0.07326869050879085
67,29,last,0.0625595369459608
67,29,all,0.06767826310057658
67,30,last,0.045145876074897555
67,30,all,0.04611921040082282
67,31,last,-0.07796253889829668
67,31,all,-0.07796253889829668
68,0,last,-0.0007507599372077336
68,0,all,0.0661907676263789
68,1,last,-0.0007603812692105929
68,1,all,-0.027380386613737172
68,2,last,-0.0008447529498510519
68,2,all,-0.04664554973429335
68,3,last,0.003472856791555174
68,3,all,-0.02764983324998135
68,4,last,-0.0008741596876649195
68,4,all,0.5734961216657397
68,5,last,0.004404448430252546
68,5,all,0.001550958718860929
68,6,last,0.008693194175650195
68,6,all,0.05135033174352746
68,7,last,0.004016585400127021
68,7,all,-0.0200029959347652
68,8,last,-0.0010051084832320412
68,8,all,-0.003839059489633237
68,9,last,-0.00371531435802723
68,9,all,0.008557952785804875
68,10,last,0.004996431719331042
68,10,all,0.028487826597348342
68,11,last,0.005447548839854853
68,11,all,0.027833526680989786
68,12,last,0.02118252189815164
68,12,all,-0.03201875676206949
68,13,last,0.06667439991505597
68,13,all,0.11889464809213426
68,14,last,0.013481607763063006
68,14,all,0.04172973984312985
68,15,last,0.06551821184929699
68,15,all,0.06824514403972791
68,16,last,0.046326318872454884
68,16,all,0.09167587518596308
68,17,last,0.0009527092289395456
68,17,all,0.0821694810954148
68,18,last,0.024701363722664068
68,18,all,0.12763066953023822
68,19,last,0.05300825993819454
68,19,all,0.05150965113346199
68,20,last,0.039038973992996856
68,20,all,0.00425721738052674
68,21,last,0.031927428118288505
68,21,all,0.11084006366065335
68,22,last,0.06646134908639778
68,22,all,0.05951533946230273
68,23,last,0.016477443847932826
68,23,all,0.041636092211635355
68,24,last,0.12973981352575734
68,24,all,0.18747468849580787
68,25,last,-0.011382677181516148
68,25,all,-0.02916995436626901
68,26,last,0.0038420692396443877
68,26,all,-0.0422044415621017
68,27,last,0.05832875785544753
68,27,all,0.030628943019215427
68,28,last,0.026801774509134443
68,28,all,0.02522367870000904
68,29,last,0.043997660486778216
68,29,all,0.060243550944508895
68,30,last,0.09584141854156
68,30,all,0.1136661695809599
68,31,last,0.1902426963728664
68,31,all,0.1902426963728664
69,0,last,0.008612094120568696
69,0,all,0.19590341156019123
69,1,last,0.011743496616377972
69,1,all,-0.07129182963928726
69,2,last,0.0060165611224933255
69,2,all,-0.04170810827590488
69,3,last,0.02069895852734836
69,3,all,0.04221363382380332
69,4,last,0.004492301483826908
69,4,all,-0.0038422735456633762
69,5,last,0.017633947972931024
69,5,all,0.02949338796796424
69,6,last,0.02818502824858757
69,6,all,0.02562880269448066
69,7,last,0.011095408828459675
69,7,all,0.013626839262432482
69,8,last,0.01344361147327249
69,8,all,0.02904094493077544
69,9,last,-0.02022078909790774
69,9,all,0.01505878655243062
69,10,last,-0.02121631899174272
69,10,all,-0.03524104426646799
69,11,last,0.10119680108027565
69,11,all,0.18051084155957037
69,12,last,0.08968387191904141
69,12,all,0.057362831377661884
69,13,last,-0.013023219718134972
69,13,all,0.09576709660396102
69,14,last,-0.05066407462593903
69,14,all,0.09406686533805178
69,15,last,0.27408630564350905
69,15,all,0.23693145837213633
69,16,last,-0.06881200720183771
69,16,all,-0.1518560253306016
69,17,last,-0.010244070900850562
69,17,all,-0.017027845036319614
69,18,last,-0.09522435897435898
69,18,all,-0.030760383684112498
69,19,last,0.010612156205376545
69,19,all,0.025655848388899238
69,20,last,0.10671796423915068
69,20,all,0.046585180356366794
69,21,last,0.03042784193207922
69,21,all,0.06223967064009437
69,22,last,-0.04562985037561309
69,22,all,-0.06888433600298006
69,23,last,0.015375923511516731
69,23,all,0.05797607406717576
69,24,last,-0.004400260756192959
69,24,all,0.03074133140870429
69,25,last,0.030316554914012542
69,25,all,0.006649748556528217
69,26,last,0.07507201837710312
69,26,all,0.053031484758179676
69,27,last,0.03181986093003042
69,27,all,0.019695900850561866
69,28,last,0.18991587508536661
69,28,all,0.17108306947289997
69,29,last,-0.02779870553175638
69,29,all,-0.0393130316011672
69,30,last,0.13082922021481344
69,30,all,0.12216757465698144
69,31,last,-0.1603614887936922
69,31,all,-0.1603614887936922
70,0,last,0.00013811139221497562
70,0,all,1.284184622668466
70,1,last,0.004534146819644641
70,1,all,-0.0679431954817826
70,2,last,0.012010183613197374
70,2,all,0.1531498261582325
70,3,last,0.020963536506771175
70,3,all,0.9098970141346809
70,4,last,0.004146046637981559
70,4,all,0.4973238066237155
70,5,last,0.021952346290298023
70,5,all,-0.4063810722084683
70,6,last,0.032197910822406084
70,6,all,-0.11772044116389514
70,7,last,0.019744160866726874
70,7,all,-0.009450853722633218
70,8,last,-0.0005422778590035852
70,8,all,-0.04257089761585454
70,9,last,0.032809048844635307
70,9,all,0.08870851052957604
70,10,last,0.020578890739354146
70,10,all,-0.705959737954653
70,11,last,0.03104130123743636
70,11,all,-0.11708381868939784
70,12,last,0.029721030630356297
70,12,all,0.005634442934640918
70,13,last,-0.043110193598409875
70,13,all,-0.39230870105681614
70,14,last,0.05611396125633266
70,14,all,-0.08927576771423626
70,15,last,0.09208679730696473
70,15,all,0.2257265154580475
70,16,last,0.008289535054092216
70,16,all,-0.25776083043597053
70,17,last,-0.03321067338395984
70,17,all,-0.10889636809403933
70,18,last,0.011853952840597424
70,18,all,-0.1776782529893067
70,19,last,0.06731881010680787
70,19,all,0.04113581661831356
70,20,last,-0.11209095172892782
70,20,all,-0.06355444365420192
70,21,last,0.2502283498171898
70,21,all,0.36005402052104557
70,22,last,0.0525340800777543
70,22,all,0.11250170113607212
70,23,last,0.12232621819592499
70,23,all,0.10257016241221877
70,24,last,-0.059216546670309664
70,24,all,0.0710902809207878
70,25,last,0.10758668885139293
70,25,all,0.048023103904609156
70,26,last,-0.19663422080928714
70,26,all,-0.25168187608325215
70,27,last,0.012578369579046383
70,27,all,0.06243946627865991
70,28,last,-0.3416044176874352
70,28,all,-0.35010853378495344
70,29,last,0.053982001067870246
70,29,all,0.08937260537397358
70,30,last,-0.2681602793460963
70,30,all,-0.28659349000644474
70,31,last,0.031529351310539584
70,31,all,0.031529351310539584
71,0,last,0.004236420945038923
71,0,all,0.1134638885084245
71,1,last,0.004211776955076641
71,1,all,-0.06541366470635694
71,2,last,-0.0008154165873464549
71,2,all,0.0010438876626629626
71,3,last,0.004346543137374043
71,3,all,0.24005385884470995
71,4,last,0.020467573344194488
71,4,all,-0.013499422038900123
71,5,last,-0.0022970868711109944
71,5,all,0.4684005595881574
71,6,last,-0.0007719017236648838
71,6,all,0.15142873080781627
71,7,last,0.021700097580097298
71,7,all,-0.005355503446766889
71,8,last,0.0011528191497729649
71,8,all,-0.018154141337720517
71,9,last,-0.014120898002458481
71,9,all,-0.2674575066170737
71,10,last,0.0018847781254316307
71,10,all,-0.09432304944082318
71,11,last,0.011277205269065465
71,11,all,-0.11173888137501774
71,12,last,-0.06532050104298562
71,12,all,-0.1796089348788158
71,13,last,0.02943087754109124
71,13,all,-0.009280103950731072
71,14,last,-0.09061180166401415
71,14,all,-0.032455449222772575
71,15,last,0.0434572768470472
71,15,all,0.01949801455316008
71,16,last,-0.07927083954244013
71,16,all,-0.06151334737258985
71,17,last,-0.059815004819830424
71,17,all,-0.004936699945314156
71,18,last,0.023380543472503443
71,18,all,0.14889343072772873
71,19,last,0.06473128236643498
71,19,all,0.07437173701665847
71,20,last,0.09353606545097347
71,20,all,0.13829420579744992
71,21,last,0.2421449176298991
71,21,all,0.3774572367238893
71,22,last,0.15793192976369047
71,22,all,0.06753272310532459
71,23,last,-0.08825525169560032
71,23,all,-0.0707504055253341
71,24,last,0.015901110559938873
71,24,all,0.1199312580616156
71,25,last,-0.11571533167923931
71,25,all,-0.12115620508244948
71,26,last,0.10928299772524787
71,26,all,0.09136302841513382
71,27,last,0.2112185684490249
71,27,all,0.13632203712488997
71,28,last,0.10392720562266883
71,28,all,0.18284653454986363
71,29,last,-0.0248672652329806
71,29,all,-0.0036092801111671266
71,30,last,0.1665921092758535
71,30,all,0.2455976380449515
71,31,last,0.41134138788889696
71,31,all,0.41134138788889696
72,0,last,0.0060351256069215995
72,0,all,0.3166655563246772
72,1,last,0.010518414134447143
72,1,all,0.21319678190695665
72,2,last,0.01097544575690445
72,2,all,0.6630404465803736
72,3,last,0.024614523520882066
72,3,all,0.13052524954833022
72,4,last,-0.009334946424967093
72,4,all,0.0349465983290385
72,5,last,0.0256863461369386
72,5,all,-0.16247496467750344
72,6,last,-0.003896037317397243
72,6,all,0.13053931663197363
72,7,last,0.007893565671362712
72,7,all,0.12004646100161102
72,8,last,-0.0484005750663419
72,8,all,-0.09135768408252525
72,9,last,0.0028556179796151116
72,9,all,-0.04593690368134093
72,10,last,-0.06793133380966591
72,10,all,-0.26702747415359124
72,11,last,-0.005762947351215205
72,11,all,0.12368220773962026
72,12,last,-0.01551346712747923
72,12,all,-0.0857303057733243
72,13,last,-0.010588353296786984
72,13,all,-0.32116157457226036
72,14,last,-0.09248775631254187
72,14,all,-0.2622107858373196
72,15,last,-0.0561999309028814
72,15,all,-0.0550234472032384
72,16,last,-0.09770000705830781
72,16,all,-0.09263030936439319
72,17,last,-0.10514619984422191
72,17,all,-0.027172652400629552
72,18,last,-0.10234595862345662
72,18,all,-0.10116684972862663
72,19,last,-0.07435221451311917
72,19,all,-0.09190892553980576
72,20,last,-0.11306963330233456
72,20,all,-0.11476872897212463
72,21,last,0.11969250543923106
72,21,all,0.2289621934744087
72,22,last,-0.012783115537069118
72,22,all,-0.054424456912745695
72,23,last,-0.0031337400734806993
72,23,all,0.017761030463408864
72,24,last,-0.0993072208965537
72,24,all,-0.04612542241495668
72,25,last,-0.13941054461655433
72,25,all,-0.1451311421208853
72,26,last,-0.06065671981861387
72,26,all,-0.07603080394126002
72,27,last,0.0961921543812898
72,27,all,0.05400115657184181
72,28,last,-0.00844584730032109
72,28,all,-0.013588901863517093
72,29,last,-0.01336818733987238
72,29,all,-0.004349700764897673
72,30,last,-0.22015476268606998
72,30,all,-0.2109882745409314
72,31,last,-0.21141712246411717
72,31,all,-0.21141712246411717
73,0,last,0.006761046135691962
73,0,all,0.00982366425633748
73,1,last,-0.0006635893983710238
73,1,all,0.13441667430939921
73,2,last,-0.003197588392533516
73,2,all,-0.12238413521191314
73,3,last,0.0008128248209463698
73,3,all,0.10631865897880927
73,4,last,0.007646120768419197
73,4,all,0.22257192696889688
73,5,last,0.00391425339204492
73,5,all,0.2090762281139669
73,6,last,0.014459029678674882
73,6,all,0.038136869673814335
73,7,last,-0.009778731919354655
73,7,all,-0.06104133058857203
73,8,last,-0.008250859200999092
73,8,all,-0.08956034112537832
73,9,last,-0.007566074214359821
73,9,all,0.3172154841684549
73,10,last,0.058267653961403466
73,10,all,-0.022458025227254822
73,11,last,-0.041115167470558926
73,11,all,0.13792968424233337
73,12,last,-0.0010367357084558962
73,12,all,0.04925698778695188
73,13,last,-0.07744290416752624
73,13,all,-0.3143100714736028
73,14,last,-0.012208947610743195
73,14,all,-0.01953430462645981
73,15,last,-0.02791204858883585
73,15,all,0.0172215598520675
73,16,last,0.15259743559948633
73,16,all,0.1811108151557581
73,17,last,0.1749895639160761
73,17,all,0.391598657897661
73,18,last,0.1230657437479945
73,18,all,0.19205882740230334
73,19,last,0.12735660866891474
73,19,all,0.17112913692257614
73,20,last,-0.0970670734679517
73,20,all,-0.12461590937390196
73,21,last,-0.11930413324366887
73,21,all,-0.0535546098845135
73,22,last,-0.1441349670376838
73,22,all,-0.24000532719635384
73,23,last,0.0639083371084967
73,23,all,0.03758260792828198
73,24,last,0.07582476249967947
73,24,all,0.12579125383397582
73,25,last,0.04373781831211041
73,25,all,0.07896736942073786
73,26,last,-0.028731630586423595
73,26,all,-0.04910174598513976
73,27,last,0.09036314568865564
73,27,all,0.07404202293928637
73,28,last,0.09618685014153108
73,28,all,0.10640901455877022
73,29,last,0.036172263880569155
73,29,all,0.07649354972623616
73,30,last,-0.06104710595322278
73,30,all,-0.044922201217862695
73,31,last,0.08385402095902933
73,31,all,0.08385402095902933
74,0,last,-0.007067317285395907
74,0,all,0.17632012809899103
74,1,last,0.0029020731938489536
74,1,all,0.19914179070384583
74,2,last,0.0032487180265726727
74,2,all,0.004362545967446906
74,3,last,0.009466340519417438
74,3,all,0.1620388637215395
74,4,last,0.013234586903137387
74,4,all,0.132052130626849
74,5,last,0.0005005762052660888
74,5,all,0.10383054110947174
74,6,last,-0.0020747618901511733
74,6,all,0.04149320294040043
74,7,last,-0.0067077051908587424
74,7,all,0.04908695115615508
74,8,last,-0.01641507718293778
74,8,all,-0.032151268335857824
74,9,last,0.01444676653745821
74,9,all,-0.09067483505742721
74,10,last,0.008876150560203666
74,10,all,-0.08905943342960894
74,11,last,0.011620621648935367
74,11,all,0.060393006983129834
74,12,last,-0.004741589005070678
74,12,all,0.008547939188888597
74,13,last,0.03595634174312796
74,13,all,-0.0632148427508039
74,14,last,0.07321208291849733
74,14,all,0.12764102725131915
74,15,last,0.060646886019803524
74,15,all,0.1672141178609189
74,16,last,0.1734501738151723
74,16,all,0.14548832852673513
74,17,last,0.04661140112780066
74,17,all,0.18351707810325427
74,18,last,-0.007785424294990922
74,18,all,0.1270897789768128
74,19,last,0.09076448871064202
74,19,all,0.07053751534575688
74,20,last,-0.016775128169413244
74,20,all,-0.04602595918137397
74,21,last,0.0957514582084902
74,21,all,0.1611298786180506
74,22,last,-0.03170044651668825
74,22,all,-0.09127416194881108
74,23,last,0.03272900972373069
74,23,all,-0.012848002904028257
74,24,last,-0.03605900255742332
74,24,all,0.05770415547276103
74,25,last,0.01061779346918422
74,25,all,0.039772985937862396
74,26,last,0.02950830098267506
74,26,all,0.03978559410627178
74,27,last,0.09455503878468109
74,27,all,0.0718399870215664
74,28,last,0.005978665782073315
74,28,all,-0.03832149049936606
74,29,last,0.09828506167050172
74,29,all,0.11586467876282108
74,30,last,-0.0432475338163246
74,30,all,-0.016171093164509428
74,31,last,0.1469244627473909
74,31,all,0.1469244627473909
75,0,last,0.00752423546333687
75,0,all,0.8875663526338369
75,1,last,0.008911699894977813
75,1,all,0.08282255926788189
75,2,last,0.004067437682610497
75,2,all,0.37247200372340206
75,3,last,0.011840802411843017
75,3,all,0.22215372521105964
75,4,last,0.004687085815211653
75,4,all,0.2965601603366617
75,5,last,0.012041838555276694
75,5,all,0.12100057322867049
75,6,last,0.003120785852450596
75,6,all,0.2217294276992265
75,7,last,0.01477748562559578
75,7,all,0.14846002326880142
75,8,last,0.0035089766034589144
75,8,all,0.05683533963368005
75,9,last,0.014168962411803637
75,9,all,0.17239213566690811
75,10,last,0.059008095347445735
75,10,all,0.2564320613268533
75,11,last,-0.010969514522818512
75,11,all,0.26796943896197617
75,12,last,0.0167030810856444
75,12,all,0.14823457137435328
75,13,last,-0.030810265740344886
75,13,all,-0.05230351042874994
75,14,last,0.1740958726797345
75,14,all,-0.02468132153205884
75,15,last,0.0719917616530448
75,15,all,0.044535068229963885
75,16,last,-0.0887396869910565
75,16,all,-0.497319559108638
75,17,last,-0.06887284636216386
75,17,all,-0.1521535947640028
75,18,last,-0.03580909540873124
75,18,all,-0.21425239930287124
75,19,last,0.15042066714562888
75,19,all,0.1841421666173183
75,20,last,0.06924725402792208
75,20,all,0.1608644554167648
75,21,last,-0.010974240152047121
75,21,all,0.19978808506427964
75,22,last,0.015627262056569228
75,22,all,-0.0216303863866436
75,23,last,0.13655158528862396
75,23,all,0.2042631082678575
75,24,last,0.01342162383942115
75,24,all,0.028103366247833165
75,25,last,-0.14403934480135253
75,25,all,-0.13723660462555418
75,26,last,0.08947747585437284
75,26,all,0.11279899757589988
75,27,last,0.10778175764364374
75,27,all,0.12951448343826938
75,28,last,0.09071293254582691
75,28,all,0.08432329112509603
75,29,last,0.007483870713675848
75,29,all,-0.020392616105879693
75,30,last,-0.07621273306028056
75,30,all,-0.05799159281025048
75,31,last,0.1226179198321614
75,31,all,0.1226179198321614
76,0,last,-0.004875249093279718
76,0,all,0.14561612799932414
76,1,last,0.008458791016537164
76,1,all,-0.01235081618797475
76,2,last,0.002792498573389269
76,2,all,0.48423774721990487
76,3,last,0.0023911994807250085
76,3,all,0.24608819960199935
76,4,last,0.008954586033618948
76,4,all,0.12524935900664622
76,5,last,-0.007248207706156351
76,5,all,0.07855140010832744
76,6,last,-0.006134246135619001
76,6,all,0.13420091061018138
76,7,last,-0.016878288735040044
76,7,all,0.0715812113438037
76,8,last,-0.006483977060531463
76,8,all,0.024640566613472137
76,9,last,0.006150978360261872
76,9,all,0.02228560885702482
76,10,last,0.0021934300714215693
76,10,all,-0.1109555303756909
76,11,last,-0.06098625012296299
76,11,all,0.04839477105636466
76,12,last,-0.021115690338501476
76,12,all,-0.05224071403534319
76,13,last,-0.0020251820666622117
76,13,all,-0.026837116833341453
76,14,last,0.020023878393208582
76,14,all,-0.042987519509071044
76,15,last,-0.04539479975487291
76,15,all,-0.04626401825266269
76,16,last,0.19195262970054222
76,16,all,0.15916514976592544
76,17,last,0.21600880279595475
76,17,all,0.3602880329037826
76,18,last,-0.03470541118430583
76,18,all,0.018360016374264754
76,19,last,0.07967371064751344
76,19,all,0.0924178026892868
76,20,last,0.11376889279886539
76,20,all,0.12207717951198067
76,21,last,0.10505294669048083
76,21,all,0.14240568382699167
76,22,last,0.09951963771716361
76,22,all,0.043067203300198156
76,23,last,0.02426926894819007
76,23,all,-0.0010959607141080325
76,24,last,-0.006471839340196265
76,24,all,0.0794531915844179
76,25,last,0.03036045017776103
76,25,all,0.03417985475126091
76,26,last,-0.001221829559730939
76,26,all,-0.005987119135736709
76,27,last,0.10415045232380599
76,27,all,0.10622024222706733
76,28,last,0.05377558706021636
76,28,all,0.05175174220003176
76,29,last,0.02391346916311001
76,29,all,0.03657407151839693
76,30,last,0.019252584554394284
76,30,all,0.05843108855567608
76,31,last,0.12767983464173271
76,31,all,0.12767983464173271
77,0,last,-0.011793661961902359
77,0,all,0.20014420605410108
77,1,last,-0.0027585308588259977
77,1,all,0.14974208937661027
77,2,last,-0.004305314216497625
77,2,all,0.14545238187592444
77,3,last,-0.008932407348890342
77,3,all,0.09445440429586602
77,4,last,-0.0040033856402642886
77,4,all,0.17658988419676583
77,5,last,-0.008391047202213868
77,5,all,0.33987530619850354
77,6,last,-0.0016805802583953083
77,6,all,-0.004324463130729638
77,7,last,-0.00505208680027465
77,7,all,0.016598145585477352
77,8,last,-0.007939188940372736
77,8,all,-0.020141676714001428
77,9,last,-0.0038214008125171894
77,9,all,0.02920023542643124
77,10,last,-0.013386634184122632
77,10,all,0.007261962687954835
77,11,last,0.022436039294694284
77,11,all,-0.009073674430440798
77,12,last,-0.033093637559311655
77,12,all,-0.12169033287757047
77,13,last,0.053930461945460945
77,13,all,0.0015386818939580828
77,14,last,-0.007922810656588212
77,14,all,-0.0801418885444812
77,15,last,0.03284862965670205
77,15,all,0.05259540385375757
77,16,last,0.1909534286481645
77,16,all,0.16511112718154708
77,17,last,0.12351126836445757
77,17,all,0.1937643910578639
77,18,last,-0.10202818565861357
77,18,all,-0.031781481007889426
77,19,last,0.01633567218966712
77,19,all,0.003009044951059093
77,20,last,0.05670025068243434
77,20,all,0.013978917816998527
77,21,last,0.1355780303174308
77,21,all,0.18814632407832874
77,22,last,0.05263443817892283
77,22,all,0.040197463884130695
77,23,last,0.02924688021750922
77,23,all,0.0466148051408592
77,24,last,-0.006374378949156686
77,24,all,0.03646805501672444
77,25,last,-0.03357705996549127
77,25,all,-0.060044436703825144
77,26,last,0.07166810821282903
77,26,all,0.05233289538667585
77,27,last,0.06056650765118366
77,27,all,0.04583776604978872
77,28,last,0.1219730774683003
77,28,all,0.11153818177762667
77,29,last,0.044485978961585945
77,29,all,0.040184522584951914
77,30,last,0.05921556227349658
77,30,all,0.06617219447188381
77,31,last,-0.1283403369493451
77,31,all,-0.1283403369493451
78,0,last,-0.0036651390436014375
78,0,all,-0.04757234660797695
78,1,last,-0.0006606836485832532
78,1,all,-0.04022812748965718
78,2,last,-0.0041733572348193245
78,2,all,0.16905379237776222
78,3,last,0.008790123185095722
78,3,all,0.05931484447987155
78,4,last,-0.0017796961797052063
78,4,all,0.10126550525910245
78,5,last,-0.004847655535864561
78,5,all,-0.0037467337073290798
78,6,last,-0.0016676550500266207
78,6,all,0.0076662149741501115
78,7,last,0.02279526439491892
78,7,all,-0.07271245513633978
78,8,last,-0.00021876694983434186
78,8,all,-0.033651597593209195
78,9,last,-0.027962164880808146
78,9,all,-0.03119466570456456
78,10,last,-0.019114319299315383
78,10,all,0.06435217263976128
78,11,last,-0.026055740531953378
78,11,all,0.12442831864497281
78,12,last,-0.026390325278758845
78,12,all,-0.02250450763891573
78,13,last,0.07974840961509652
78,13,all,0.13202263706399833
78,14,last,0.012968655852871486
78,14,all,-0.01444309473919105
78,15,last,0.10900357016285503
78,15,all,0.27099518120566235
78,16,last,0.2665488082260103
78,16,all,0.3535001849401335
78,17,last,0.07685900269593432
78,17,all,0.20166053533279735
78,18,last,0.2199736649725905
78,18,all,0.25926261456998145
78,19,last,0.1371854345039401
78,19,all,0.14769454743892768
78,20,last,0.010027797670038733
78,20,all,-0.00027257280237245575
78,21,last,0.08943805568588684
78,21,all,0.10601158709500663
78,22,last,0.14937045520637132
78,22,all,0.09459814884554507
78,23,last,0.09617446449771887
78,23,all,0.09086160281480142
78,24,last,0.02015341568550638
78,24,all,0.08124870235343722
78,25,last,0.05152647063774063
78,25,all,0.04427459336599948
78,26,last,0.06675513548654036
78,26,all,0.05312815057395318
78,27,last,0.23753115808798245
78,27,all,0.23879025700034423
78,28,last,0.10506639451038563
78,28,all,0.10516878415698329
78,29,last,0.04262463270162123
78,29,all,0.020136630497539547
78,30,last,0.011237310339615175
78,30,all,0.014692821035719766
78,31,last,-0.1183669541425401
78,31,all,-0.1183669541425401
79,0,last,0.009514183425561366
79,0,all,0.11723399840989791
79,1,last,0.0015133883745165552
79,1,all,0.051483019641878604
79,2,last,0.003981689277580511
79,2,all,0.5368099131145412
79,3,last,-0.004503837467493182
79,3,all,0.15523089541436097
79,4,last,0.010299385419207293
79,4,all,0.16332587511046776
79,5,last,0.01405217086945642
79,5,all,0.14657842972667348
79,6,last,0.010798123552832883
79,6,all,0.054632340364203065
79,7,last,0.003195992356740354
79,7,all,-0.1018166203678774
79,8,last,0.016803075200425715
79,8,all,-0.01987479133869491
79,9,last,0.0015218516295378885
79,9,all,0.02945475058836945
79,10,last,0.04875399109289427
79,10,all,-0.28044712910552005
79,11,last,-0.019485976534907808
79,11,all,0.21205041803530533
79,12,last,0.07240730409593828
79,12,all,-0.04022293104595142
79,13,last,0.003391241134864097
79,13,all,-0.24596169105139956
79,14,last,0.05603189548404672
79,14,all,-0.08452950637149473
79,15,last,0.10035351659629461
79,15,all,0.1550883068897033
79,16,last,0.23633293198037397
79,16,all,0.3172693411608379
79,17,last,0.2627930018482561
79,17,all,0.4896947744399008
79,18,last,-0.0753474190932617
79,18,all,-0.004662461633243903
79,19,last,0.14367558274707556
79,19,all,0.13342044381903245
79,20,last,-0.075504706955588
79,20,all,-0.10741983961191373
79,21,last,0.02890033314539298
79,21,all,0.16256388520223122
79,22,last,-0.029666826891097012
79,22,all,-0.05850286899395951
79,23,last,0.034652278011295425
79,23,all,0.001806880200694957
79,24,last,-0.06997325215471503
79,24,all,0.04825213491794503
79,25,last,-0.09871723779945075
79,25,all,-0.10648823815421456
79,26,last,0.08824081692286738
79,26,all,0.039591799887869296
79,27,last,0.0029004713290656093
79,27,all,0.004306213038837135
79,28,last,0.05161437331922725
79,28,all,0.056134097949655216
79,29,last,-0.0014693398542300834
79,29,all,-0.011937198490353275
79,30,last,-0.10636648606443398
79,30,all,-0.0847977569107674
79,31,last,-0.036253268499190694
79,31,all,-0.036253268499190694
