neuron_id,layer,neuron,score_last,score_all,abs_all
L17_N5607,17,5607,-0.08662477880716324,-0.3776843547821045,0.3776843547821045
L18_N6394,18,6394,-0.042632512748241425,-0.35042718052864075,0.35042718052864075
L18_N8429,18,8429,-0.04444564878940582,-0.24593380093574524,0.24593380093574524
L16_N12347,16,12347,0.0040697576478123665,0.23080459237098694,0.23080459237098694
L17_N11316,17,11316,-0.03311973810195923,-0.21102187037467957,0.21102187037467957
L21_N8761,21,8761,-0.11587216705083847,-0.20419558882713318,0.20419558882713318
L24_N10925,24,10925,-0.027381736785173416,-0.20226657390594482,0.20226657390594482
L16_N9086,16,9086,-0.0007938345661386847,-0.1991967409849167,0.1991967409849167
L14_N1518,14,1518,-0.0542498454451561,-0.18915261328220367,0.18915261328220367
L16_N1227,16,1227,0.00876951590180397,0.18189026415348053,0.18189026415348053
L13_N2212,13,2212,0.0017398830968886614,-0.17620821297168732,0.17620821297168732
L21_N6349,21,6349,-0.005063874181360006,-0.15696603059768677,0.15696603059768677
L18_N2351,18,2351,0.07984751462936401,0.14252285659313202,0.14252285659313202
L17_N9172,17,9172,-0.012494462542235851,-0.14107468724250793,0.14107468724250793
L17_N2810,17,2810,0.026920031756162643,0.1406814306974411,0.1406814306974411
L20_N8953,20,8953,0.0009754549828357995,0.14056886732578278,0.14056886732578278
L20_N9424,20,9424,0.025344088673591614,0.12981317937374115,0.12981317937374115
L20_N12078,20,12078,0.019064705818891525,0.1274450421333313,0.1274450421333313
L17_N8326,17,8326,-0.015286649577319622,-0.12548966705799103,0.12548966705799103
L20_N9082,20,9082,-0.0332050547003746,-0.12168630212545395,0.12168630212545395
L15_N11966,15,11966,-0.015138735994696617,-0.1211235299706459,0.1211235299706459
L22_N3334,22,3334,0.03447435051202774,0.11837824434041977,0.11837824434041977
L18_N7056,18,7056,0.04251102730631828,0.11806678771972656,0.11806678771972656
L16_N9686,16,9686,-0.0391312912106514,-0.10877637565135956,0.10877637565135956
L18_N2546,18,2546,-0.028835266828536987,-0.10674916207790375,0.10674916207790375
L19_N14030,19,14030,-0.0899355337023735,-0.10269112884998322,0.10269112884998322
L19_N12457,19,12457,-0.0020091976039111614,-0.10142775624990463,0.10142775624990463
L16_N6443,16,6443,0.03663995862007141,0.10019862651824951,0.10019862651824951
L24_N6721,24,6721,-0.001984521048143506,0.0964188352227211,0.0964188352227211
L15_N5679,15,5679,-0.0020326352678239346,-0.09630339592695236,0.09630339592695236
L21_N4937,21,4937,-0.059743404388427734,-0.09457594901323318,0.09457594901323318
L14_N3405,14,3405,0.0750715583562851,0.09345176070928574,0.09345176070928574
L14_N11430,14,11430,0.0006978594465181231,-0.0898737758398056,0.0898737758398056
L26_N6522,26,6522,-0.016690049320459366,0.08921191841363907,0.08921191841363907
L21_N4332,21,4332,0.01483937818557024,0.08840100467205048,0.08840100467205048
L14_N4589,14,4589,-0.0010243769502267241,0.08520398288965225,0.08520398288965225
L17_N10179,17,10179,0.0009087870130315423,-0.08493270725011826,0.08493270725011826
L17_N10831,17,10831,-0.0005283557111397386,0.08459882438182831,0.08459882438182831
L14_N2672,14,2672,0.0021844857838004827,0.08176501840353012,0.08176501840353012
L19_N2223,19,2223,-0.03591945022344589,-0.08028355985879898,0.08028355985879898
L17_N2578,17,2578,-0.015289710834622383,-0.07978076487779617,0.07978076487779617
L16_N2991,16,2991,-0.010049613192677498,-0.07886064052581787,0.07886064052581787
L20_N12816,20,12816,-0.0009764021378941834,0.0781753808259964,0.0781753808259964
L19_N9441,19,9441,-0.003459860337898135,0.07727092504501343,0.07727092504501343
L16_N4434,16,4434,0.0006213039741851389,-0.07496525347232819,0.07496525347232819
L22_N11208,22,11208,0.010296362452208996,-0.07458305358886719,0.07458305358886719
L13_N5122,13,5122,-0.0007217888487502933,-0.07223732769489288,0.07223732769489288
L23_N2789,23,2789,-0.024690767750144005,-0.07112941890954971,0.07112941890954971
L20_N2452,20,2452,0.003630139632150531,0.07082097232341766,0.07082097232341766
L16_N3669,16,3669,-0.010272271931171417,-0.06979572772979736,0.06979572772979736
L15_N6388,15,6388,0.013371435925364494,0.06933820247650146,0.06933820247650146
L13_N13999,13,13999,-0.0016090339049696922,-0.06877213716506958,0.06877213716506958
L20_N2673,20,2673,-0.0004200410039629787,-0.06871692091226578,0.06871692091226578
L16_N6901,16,6901,-0.008043336682021618,-0.06751002371311188,0.06751002371311188
L22_N3127,22,3127,0.008108424954116344,0.06707066297531128,0.06707066297531128
L13_N14007,13,14007,-0.0071045695804059505,-0.06674040853977203,0.06674040853977203
L19_N2045,19,2045,-0.0005836690543219447,-0.06665698438882828,0.06665698438882828
L21_N3205,21,3205,0.046067871153354645,0.06573217362165451,0.06573217362165451
L25_N1472,25,1472,0.04782746359705925,0.06525497138500214,0.06525497138500214
L24_N679,24,679,-0.0017709129024297,-0.06339935958385468,0.06339935958385468
L12_N678,12,678,0.005270004738122225,-0.06338896602392197,0.06338896602392197
L19_N7074,19,7074,0.02715817466378212,0.06319746375083923,0.06319746375083923
L16_N8505,16,8505,0.0033865526784211397,0.06278448551893234,0.06278448551893234
L22_N456,22,456,-0.049472711980342865,-0.0625639408826828,0.0625639408826828
L14_N2585,14,2585,-0.0026303683407604694,-0.06255453079938889,0.06255453079938889
L15_N12132,15,12132,0.00038234255043789744,-0.062390077859163284,0.062390077859163284
L16_N13602,16,13602,0.0011486101429909468,0.06193392723798752,0.06193392723798752
L14_N4109,14,4109,0.06091252714395523,0.06071280688047409,0.06071280688047409
L16_N9160,16,9160,-0.002591406460851431,0.06040727347135544,0.06040727347135544
L14_N3444,14,3444,-0.007648956961929798,-0.05838871747255325,0.05838871747255325
L20_N8899,20,8899,-0.002813518512994051,0.05818723887205124,0.05818723887205124
L15_N10929,15,10929,-0.005155292805284262,-0.05728495121002197,0.05728495121002197
L16_N13926,16,13926,-0.0005618316354230046,0.057022202759981155,0.057022202759981155
L19_N10869,19,10869,-0.013169368728995323,-0.0561278834939003,0.0561278834939003
L14_N1049,14,1049,0.002011531498283148,0.05580694600939751,0.05580694600939751
L23_N5876,23,5876,-0.0002917524834629148,0.05512106418609619,0.05512106418609619
L14_N5792,14,5792,-0.0055071283131837845,-0.054918013513088226,0.054918013513088226
L16_N458,16,458,0.04291863739490509,0.05486563593149185,0.05486563593149185
L18_N8841,18,8841,-0.005198105238378048,-0.054428379982709885,0.054428379982709885
L16_N830,16,830,-0.025458121672272682,-0.05254817008972168,0.05254817008972168
L12_N4302,12,4302,-0.0017188340425491333,-0.05224112421274185,0.05224112421274185
L14_N7309,14,7309,-1.8164579159929417e-05,-0.051637936383485794,0.051637936383485794
L21_N13209,21,13209,-0.03210708498954773,-0.051435232162475586,0.051435232162475586
L22_N3766,22,3766,-0.03411141782999039,-0.051049113273620605,0.051049113273620605
L16_N11339,16,11339,-0.008304092101752758,0.05101664736866951,0.05101664736866951
L19_N144,19,144,0.0016715448582544923,0.050930559635162354,0.050930559635162354
L21_N13120,21,13120,-0.04459796100854874,-0.05024421215057373,0.05024421215057373
L13_N2158,13,2158,0.00019052624702453613,0.050225548446178436,0.050225548446178436
L18_N7148,18,7148,0.0028974032029509544,0.05012497305870056,0.05012497305870056
L13_N5922,13,5922,0.023439381271600723,0.04939168319106102,0.04939168319106102
L12_N11760,12,11760,-0.00014641442976426333,0.04909106716513634,0.04909106716513634
L16_N11462,16,11462,-0.0006098170997574925,-0.048517681658267975,0.048517681658267975
L17_N9282,17,9282,-0.005971826612949371,-0.04800048843026161,0.04800048843026161
L16_N11035,16,11035,0.0014288036618381739,0.04796063154935837,0.04796063154935837
L18_N10965,18,10965,-0.005464421585202217,0.04783488065004349,0.04783488065004349
L20_N7469,20,7469,0.0005567785119637847,-0.04706966504454613,0.04706966504454613
L15_N5812,15,5812,4.699234705185518e-05,-0.04685935005545616,0.04685935005545616
L14_N14173,14,14173,0.00033476753742434084,0.04677535593509674,0.04677535593509674
L15_N4419,15,4419,-0.00654842983931303,-0.04666589945554733,0.04666589945554733
L14_N4754,14,4754,0.014117112383246422,0.046451326459646225,0.046451326459646225
L15_N3052,15,3052,-0.00590034993365407,-0.04602810740470886,0.04602810740470886
L22_N3410,22,3410,0.04354196786880493,0.045901138335466385,0.045901138335466385
L22_N5788,22,5788,-0.00308937206864357,0.04527156427502632,0.04527156427502632
L13_N736,13,736,0.0005311950808390975,-0.044896915555000305,0.044896915555000305
L20_N4260,20,4260,0.005066356621682644,0.043383073061704636,0.043383073061704636
L16_N12330,16,12330,-0.0027828619349747896,-0.04319566488265991,0.04319566488265991
L13_N567,13,567,0.004392189905047417,0.043172694742679596,0.043172694742679596
L15_N1816,15,1816,-0.018023569136857986,-0.04306869953870773,0.04306869953870773
L25_N11944,25,11944,-0.0031364355236291885,0.0422871932387352,0.0422871932387352
L19_N10860,19,10860,-0.007053648121654987,-0.04223769158124924,0.04223769158124924
L16_N10397,16,10397,0.0005398003850132227,-0.04209189862012863,0.04209189862012863
L12_N10203,12,10203,-0.0006102031911723316,-0.04164954647421837,0.04164954647421837
L24_N398,24,398,-0.014474463649094105,-0.04164235293865204,0.04164235293865204
L23_N5263,23,5263,-0.0004571746685542166,0.041537605226039886,0.041537605226039886
L15_N5228,15,5228,-0.001337294583208859,0.04138118773698807,0.04138118773698807
L19_N6476,19,6476,0.00200182874687016,-0.04116477817296982,0.04116477817296982
L16_N14256,16,14256,0.0005001207464374602,-0.041148871183395386,0.041148871183395386
L17_N7241,17,7241,-0.0014311110135167837,-0.04086149111390114,0.04086149111390114
L22_N4108,22,4108,-0.040192801505327225,-0.04085586592555046,0.04085586592555046
L21_N10692,21,10692,-0.020876403898000717,-0.04085107892751694,0.04085107892751694
L13_N9720,13,9720,-0.02859196998178959,-0.040596794337034225,0.040596794337034225
L22_N7760,22,7760,0.012484041042625904,0.04057963564991951,0.04057963564991951
L21_N6737,21,6737,0.00011198835272807628,-0.03999563306570053,0.03999563306570053
L14_N4121,14,4121,0.0006342982524074614,-0.039583466947078705,0.039583466947078705
L18_N10041,18,10041,-0.006545463111251593,-0.039524760097265244,0.039524760097265244
L16_N2995,16,2995,0.0011122310534119606,0.03950667753815651,0.03950667753815651
L20_N9050,20,9050,-0.0019727428443729877,-0.03942807763814926,0.03942807763814926
L19_N4387,19,4387,0.0004405291401781142,0.038736771792173386,0.038736771792173386
L20_N5237,20,5237,-0.0182654969394207,-0.03872000426054001,0.03872000426054001
L15_N7441,15,7441,-0.001219769474118948,-0.038707830011844635,0.038707830011844635
L17_N5617,17,5617,-0.0005103530711494386,0.03854915127158165,0.03854915127158165
L17_N2547,17,2547,0.004556260071694851,0.038511939346790314,0.038511939346790314
L20_N12826,20,12826,0.007283142302185297,-0.038430728018283844,0.038430728018283844
L18_N11925,18,11925,0.0011553599033504725,0.03838428109884262,0.03838428109884262
L20_N14269,20,14269,-0.030453845858573914,-0.037656642496585846,0.037656642496585846
L17_N13086,17,13086,0.0002668476081453264,0.03740101307630539,0.03740101307630539
L20_N218,20,218,-0.009821821935474873,-0.03729613497853279,0.03729613497853279
L12_N2485,12,2485,0.004275494255125523,0.037134915590286255,0.037134915590286255
L20_N4991,20,4991,-3.1835585105000064e-05,0.03709026798605919,0.03709026798605919
L14_N10181,14,10181,-0.005776930600404739,-0.03628212958574295,0.03628212958574295
L15_N4689,15,4689,-0.00452397670596838,-0.036159150302410126,0.036159150302410126
L17_N7115,17,7115,0.0020722048357129097,0.03596993535757065,0.03596993535757065
L21_N4149,21,4149,0.010562984272837639,0.03595414385199547,0.03595414385199547
L15_N10424,15,10424,0.03630213066935539,0.035831913352012634,0.035831913352012634
L17_N6809,17,6809,-0.004512316547334194,-0.035667784512043,0.035667784512043
L12_N12301,12,12301,0.0029771572444587946,0.0356309674680233,0.0356309674680233
L14_N13798,14,13798,0.0003130353579763323,-0.03561802953481674,0.03561802953481674
L17_N10567,17,10567,0.012524080462753773,0.035342711955308914,0.035342711955308914
L14_N4914,14,4914,0.03334079310297966,0.03494634851813316,0.03494634851813316
L17_N8198,17,8198,-0.00040834155515767634,0.03493359684944153,0.03493359684944153
L20_N10788,20,10788,-0.00034285857691429555,-0.034847717732191086,0.034847717732191086
L21_N5205,21,5205,-0.01409585028886795,-0.03476555272936821,0.03476555272936821
L19_N5117,19,5117,0.004415000788867474,0.03458291292190552,0.03458291292190552
L19_N8853,19,8853,-0.0023809599224478006,0.03445474058389664,0.03445474058389664
L17_N11378,17,11378,-0.002580825239419937,0.034437961876392365,0.034437961876392365
L18_N9037,18,9037,0.03162261098623276,0.03431609272956848,0.03431609272956848
L23_N12220,23,12220,-0.003916169051080942,-0.034165967255830765,0.034165967255830765
L16_N10577,16,10577,-0.004365865141153336,-0.0341646783053875,0.0341646783053875
L21_N3112,21,3112,-0.03582913428544998,-0.034026991575956345,0.034026991575956345
L15_N2777,15,2777,6.511998071800917e-05,0.03387334197759628,0.03387334197759628
L13_N1281,13,1281,0.012252585962414742,0.033286143094301224,0.033286143094301224
L15_N13866,15,13866,-0.009451761841773987,-0.03327803313732147,0.03327803313732147
L14_N4503,14,4503,-0.027141917496919632,-0.03319070488214493,0.03319070488214493
L16_N9614,16,9614,-0.0004099539073649794,-0.03306445851922035,0.03306445851922035
L24_N2804,24,2804,0.036041755229234695,0.03292270004749298,0.03292270004749298
L16_N12230,16,12230,-0.02352200075984001,-0.032911889255046844,0.032911889255046844
L20_N5425,20,5425,-0.009997915476560593,-0.032794415950775146,0.032794415950775146
L19_N11929,19,11929,0.00048362649977207184,0.03273111581802368,0.03273111581802368
L20_N7654,20,7654,-0.003801052924245596,-0.03264222294092178,0.03264222294092178
L19_N5781,19,5781,-4.727561099571176e-05,-0.032317474484443665,0.032317474484443665
L19_N11933,19,11933,0.004457502160221338,0.03223581984639168,0.03223581984639168
L19_N8664,19,8664,-0.012507322244346142,-0.032211851328611374,0.032211851328611374
L13_N1358,13,1358,0.002812683582305908,-0.03199631720781326,0.03199631720781326
L14_N1441,14,1441,0.0021438910625874996,0.031960804015398026,0.031960804015398026
L16_N2874,16,2874,0.0282647255808115,0.031928859651088715,0.031928859651088715
L18_N7317,18,7317,-0.017129939049482346,-0.03182889148592949,0.03182889148592949
L24_N10851,24,10851,-0.02483845129609108,-0.03180979937314987,0.03180979937314987
L19_N7006,19,7006,-0.0059274425730109215,-0.031716976314783096,0.031716976314783096
L16_N4864,16,4864,0.001789003610610962,0.03158344700932503,0.03158344700932503
L17_N10046,17,10046,0.004195322282612324,0.03151654452085495,0.03151654452085495
L17_N2856,17,2856,0.008828836493194103,0.03147776052355766,0.03147776052355766
L18_N12559,18,12559,-0.004738315008580685,-0.031358011066913605,0.031358011066913605
L13_N6025,13,6025,-0.0023281252942979336,-0.03117556869983673,0.03117556869983673
L15_N11411,15,11411,0.02996821701526642,0.03113231062889099,0.03113231062889099
L17_N5027,17,5027,-0.009630421176552773,-0.03102298453450203,0.03102298453450203
L12_N6801,12,6801,-0.00024343281984329224,-0.03099946118891239,0.03099946118891239
L20_N2771,20,2771,-0.002033683005720377,-0.030950237065553665,0.030950237065553665
L15_N5685,15,5685,0.001722646295093,0.030946463346481323,0.030946463346481323
L15_N1681,15,1681,0.0005781229119747877,0.03094550035893917,0.03094550035893917
L14_N13493,14,13493,0.0024927076883614063,-0.030881572514772415,0.030881572514772415
L15_N12980,15,12980,0.027402479201555252,0.030599486082792282,0.030599486082792282
L22_N13052,22,13052,0.012834841385483742,0.030570978298783302,0.030570978298783302
L22_N11622,22,11622,0.0035685524344444275,0.03054063394665718,0.03054063394665718
L17_N7829,17,7829,0.006091889925301075,0.030384596437215805,0.030384596437215805
L17_N13707,17,13707,-0.0008217550930567086,0.030368128791451454,0.030368128791451454
L17_N5545,17,5545,0.0013734860112890601,0.030195320025086403,0.030195320025086403
L12_N3735,12,3735,0.0059193214401602745,0.030118759721517563,0.030118759721517563
L15_N6763,15,6763,0.0008274585707113147,0.030107464641332626,0.030107464641332626
L17_N11751,17,11751,-0.010374965146183968,-0.030084138736128807,0.030084138736128807
L17_N5585,17,5585,-0.004188050050288439,-0.030014827847480774,0.030014827847480774
L14_N7055,14,7055,0.00553766917437315,0.029927268624305725,0.029927268624305725
L26_N7711,26,7711,0.0009032880770973861,0.02991642989218235,0.02991642989218235
L18_N3419,18,3419,0.0038427698891609907,0.029876504093408585,0.029876504093408585
L15_N4806,15,4806,0.020353948697447777,0.029874514788389206,0.029874514788389206
L13_N8812,13,8812,0.002808138495311141,0.029855718836188316,0.029855718836188316
L14_N8124,14,8124,0.006330339703708887,0.02983025088906288,0.02983025088906288
L22_N1627,22,1627,0.021911146119236946,0.029688391834497452,0.029688391834497452
L15_N1015,15,1015,0.001877731061540544,0.02960294857621193,0.02960294857621193
L12_N11628,12,11628,0.0027629914693534374,-0.02941952645778656,0.02941952645778656
L20_N5240,20,5240,-0.013151573948562145,-0.029082249850034714,0.029082249850034714
L16_N12533,16,12533,0.00031404136097989976,-0.028943484649062157,0.028943484649062157
L14_N5063,14,5063,-0.005126151256263256,-0.02893299236893654,0.02893299236893654
L12_N2091,12,2091,0.00455215061083436,0.0289329644292593,0.0289329644292593
L14_N14019,14,14019,0.0030441239941865206,-0.02888999879360199,0.02888999879360199
L19_N4395,19,4395,-0.0026407111436128616,-0.028877845034003258,0.028877845034003258
L18_N11325,18,11325,-0.0074392082169651985,0.028837019577622414,0.028837019577622414
L18_N2813,18,2813,0.0017825420945882797,-0.028778161853551865,0.028778161853551865
L20_N1404,20,1404,0.00444078678265214,0.028630297631025314,0.028630297631025314
L16_N10251,16,10251,-0.003941028378903866,-0.028568798676133156,0.028568798676133156
L22_N5315,22,5315,-0.0031566615216434,-0.028548557311296463,0.028548557311296463
L15_N4373,15,4373,0.0013967757113277912,0.028504211455583572,0.028504211455583572
L17_N4697,17,4697,-0.008812140673398972,-0.028500806540250778,0.028500806540250778
L17_N9787,17,9787,0.015397066250443459,0.02848803624510765,0.02848803624510765
L17_N12575,17,12575,-0.0046703508123755455,-0.028425414115190506,0.028425414115190506
L12_N8893,12,8893,-0.0009119739988818765,0.028391551226377487,0.028391551226377487
L19_N8064,19,8064,0.0018273815512657166,0.028363358229398727,0.028363358229398727
L19_N14096,19,14096,-0.0011751316487789154,0.02828538790345192,0.02828538790345192
L14_N9261,14,9261,-0.005666919518262148,-0.028067339211702347,0.028067339211702347
L15_N14187,15,14187,-0.004054967314004898,0.027853483334183693,0.027853483334183693
L16_N5775,16,5775,0.00018126048962585628,-0.027821019291877747,0.027821019291877747
L15_N3181,15,3181,-0.024800535291433334,-0.02780640684068203,0.02780640684068203
L12_N28,12,28,0.00177590805105865,0.02766888216137886,0.02766888216137886
L15_N4816,15,4816,0.018714452162384987,0.027634968981146812,0.027634968981146812
L15_N486,15,486,-0.026958683505654335,-0.027564872056245804,0.027564872056245804
L17_N1219,17,1219,0.008174394257366657,0.027383681386709213,0.027383681386709213
L13_N6012,13,6012,0.0025738258846104145,0.027185913175344467,0.027185913175344467
L13_N9733,13,9733,-0.0011105509474873543,-0.027169829234480858,0.027169829234480858
L13_N10692,13,10692,-0.001659370376728475,-0.02709501050412655,0.02709501050412655
L16_N7051,16,7051,-0.00116816780064255,-0.027087021619081497,0.027087021619081497
L20_N6776,20,6776,0.03176300972700119,0.02700142189860344,0.02700142189860344
L16_N1566,16,1566,-0.0033553126268088818,-0.026925280690193176,0.026925280690193176
L14_N3152,14,3152,-0.009290757589042187,-0.02689969539642334,0.02689969539642334
L14_N1849,14,1849,0.0026095944922417402,-0.026893150061368942,0.026893150061368942
L15_N4888,15,4888,0.026867235079407692,0.0268743634223938,0.0268743634223938
L17_N9629,17,9629,0.00041172251803800464,0.026853779330849648,0.026853779330849648
L15_N1030,15,1030,-0.0010928378906100988,-0.026712482795119286,0.026712482795119286
L19_N2606,19,2606,-0.00559633132070303,-0.026643862947821617,0.026643862947821617
L17_N8305,17,8305,-0.011117649264633656,-0.026529530063271523,0.026529530063271523
L26_N13359,26,13359,0.026292884722352028,0.026488546282052994,0.026488546282052994
L14_N3478,14,3478,-0.0007291575311683118,-0.026470277458429337,0.026470277458429337
L15_N6379,15,6379,0.0014178131241351366,0.026443209499120712,0.026443209499120712
L16_N4969,16,4969,0.0123167484998703,0.026394154876470566,0.026394154876470566
L18_N8214,18,8214,0.0070677995681762695,0.026351049542427063,0.026351049542427063
L19_N1723,19,1723,0.02738477848470211,0.02625928819179535,0.02625928819179535
L15_N14169,15,14169,0.015096276998519897,0.026105795055627823,0.026105795055627823
L20_N1385,20,1385,-0.0010680850828066468,0.026097238063812256,0.026097238063812256
L19_N4142,19,4142,0.00013441666669677943,0.025992020964622498,0.025992020964622498
L13_N4038,13,4038,-0.014964452013373375,-0.025952452793717384,0.025952452793717384
L12_N13758,12,13758,9.423497976968065e-05,0.025942018255591393,0.025942018255591393
L15_N3218,15,3218,-0.013388186693191528,-0.02580723538994789,0.02580723538994789
L17_N12760,17,12760,-0.00034133452572859824,-0.025800298899412155,0.025800298899412155
L14_N6249,14,6249,0.004978145472705364,0.02576237916946411,0.02576237916946411
L19_N6557,19,6557,-0.0016260606935247779,0.02574368380010128,0.02574368380010128
L22_N6590,22,6590,0.0005841236561536789,-0.025604132562875748,0.025604132562875748
L18_N126,18,126,-0.0007977393688634038,0.025449026376008987,0.025449026376008987
L20_N12648,20,12648,0.001368948956951499,-0.02544694021344185,0.02544694021344185
L12_N10054,12,10054,-0.002024836139753461,-0.025379622355103493,0.025379622355103493
L14_N9157,14,9157,-0.003444407135248184,-0.025375282391905785,0.025375282391905785
L25_N4969,25,4969,0.018832098692655563,0.025366419926285744,0.025366419926285744
L25_N5344,25,5344,-0.025656651705503464,-0.02534780278801918,0.02534780278801918
L24_N10782,24,10782,-0.024486273527145386,-0.02527289092540741,0.02527289092540741
L13_N4847,13,4847,0.0018261272925883532,-0.02526826784014702,0.02526826784014702
L16_N3238,16,3238,-0.0006636626203544438,-0.02526051737368107,0.02526051737368107
L19_N525,19,525,-0.0007969138096086681,0.025225529447197914,0.025225529447197914
L17_N10466,17,10466,0.0014958068495616317,0.025203844532370567,0.025203844532370567
L20_N10194,20,10194,-0.0009599266340956092,-0.025197815150022507,0.025197815150022507
L20_N1486,20,1486,0.017550615593791008,0.025145435705780983,0.025145435705780983
L15_N9694,15,9694,0.0003130371624138206,-0.025125112384557724,0.025125112384557724
L14_N11411,14,11411,-0.0032888706773519516,0.02512005902826786,0.02512005902826786
L17_N5919,17,5919,0.00043074562563560903,-0.025114651769399643,0.025114651769399643
L15_N2278,15,2278,-0.014617575332522392,-0.025023087859153748,0.025023087859153748
L15_N12757,15,12757,-0.021716291084885597,-0.024996254593133926,0.024996254593133926
L13_N12759,13,12759,-0.0007798924925737083,0.024990025907754898,0.024990025907754898
L14_N3236,14,3236,-0.016917431727051735,-0.024967407807707787,0.024967407807707787
L15_N12870,15,12870,-0.00033166498178616166,0.024901915341615677,0.024901915341615677
L14_N8999,14,8999,-0.0020488030277192593,0.024813583120703697,0.024813583120703697
L13_N8648,13,8648,0.016334420070052147,0.024805348366498947,0.024805348366498947
L14_N13899,14,13899,0.0012364413123577833,-0.024700019508600235,0.024700019508600235
L19_N6904,19,6904,0.010088523849844933,0.024698862805962563,0.024698862805962563
L25_N1003,25,1003,0.0018101080786436796,-0.02466082200407982,0.02466082200407982
L14_N75,14,75,0.0009497792343609035,0.02456275001168251,0.02456275001168251
L18_N13565,18,13565,0.0008923462592065334,-0.024525057524442673,0.024525057524442673
L13_N10918,13,10918,0.000403679528972134,-0.02444339171051979,0.02444339171051979
L17_N11981,17,11981,0.0005338133196346462,0.02441178821027279,0.02441178821027279
L13_N4357,13,4357,-0.00022939042537473142,-0.02433101460337639,0.02433101460337639
L18_N4138,18,4138,0.0017667632782831788,0.024328632280230522,0.024328632280230522
L24_N3448,24,3448,0.02213827706873417,0.024316899478435516,0.024316899478435516
L18_N1483,18,1483,-0.005823309998959303,-0.0242939293384552,0.0242939293384552
L19_N2110,19,2110,-0.0011891251197084785,-0.02428499050438404,0.02428499050438404
L19_N6925,19,6925,0.023516610264778137,0.02426338754594326,0.02426338754594326
L17_N6643,17,6643,-0.0021956756245344877,-0.024194177240133286,0.024194177240133286
L15_N1706,15,1706,-0.0016277875984087586,0.02418554574251175,0.02418554574251175
L18_N5610,18,5610,0.0055271354503929615,0.024103917181491852,0.024103917181491852
L17_N7753,17,7753,0.004033312667161226,0.024021508172154427,0.024021508172154427
L16_N12481,16,12481,-0.0009288297733291984,0.024009618908166885,0.024009618908166885
L14_N13329,14,13329,-0.009771306999027729,-0.024006806313991547,0.024006806313991547
L24_N11411,24,11411,0.008480609394609928,0.023888982832431793,0.023888982832431793
L24_N2163,24,2163,-0.03870023414492607,-0.023874107748270035,0.023874107748270035
L23_N9223,23,9223,-0.00024867430329322815,-0.023855097591876984,0.023855097591876984
L13_N9700,13,9700,-0.007389280013740063,-0.023815196007490158,0.023815196007490158
L15_N10673,15,10673,0.0020208568312227726,-0.023772835731506348,0.023772835731506348
L19_N9838,19,9838,0.006601042114198208,0.023696722462773323,0.023696722462773323
L14_N9513,14,9513,-0.003251937683671713,-0.023653775453567505,0.023653775453567505
L16_N2141,16,2141,-0.02074434980750084,-0.023614337667822838,0.023614337667822838
L14_N644,14,644,0.006112927105277777,0.02348106913268566,0.02348106913268566
L19_N12280,19,12280,-0.017532000318169594,-0.023477118462324142,0.023477118462324142
L16_N4974,16,4974,-0.002228163182735443,-0.02347205951809883,0.02347205951809883
L15_N12538,15,12538,0.02384183555841446,0.02342754229903221,0.02342754229903221
L17_N8324,17,8324,0.008240868337452412,0.02335454523563385,0.02335454523563385
L15_N11452,15,11452,-0.00947798602283001,-0.023350762203335762,0.023350762203335762
L20_N9379,20,9379,-0.005875545088201761,-0.023337949067354202,0.023337949067354202
L14_N12373,14,12373,-7.133407052606344e-05,0.023197971284389496,0.023197971284389496
L21_N7029,21,7029,-0.014325698837637901,-0.023180197924375534,0.023180197924375534
L13_N11800,13,11800,-0.0008654723060317338,0.023075994104146957,0.023075994104146957
L18_N2766,18,2766,0.0017777497414499521,0.02307470329105854,0.02307470329105854
L13_N10441,13,10441,0.005749174393713474,-0.023064516484737396,0.023064516484737396
L16_N11651,16,11651,0.0005965983727946877,-0.023046784102916718,0.023046784102916718
L12_N1493,12,1493,0.00034076563315466046,-0.023002412170171738,0.023002412170171738
L18_N1238,18,1238,0.000844464055262506,0.0229822788387537,0.0229822788387537
L16_N6987,16,6987,-0.0044751763343811035,-0.02294095978140831,0.02294095978140831
L24_N11264,24,11264,-0.011418983340263367,-0.022903872653841972,0.022903872653841972
L14_N9944,14,9944,1.3198494343669154e-05,0.02290090173482895,0.02290090173482895
L15_N10229,15,10229,0.00026884241378866136,-0.022865980863571167,0.022865980863571167
L12_N8109,12,8109,0.0024080139119178057,-0.022851433604955673,0.022851433604955673
L14_N3855,14,3855,-0.002124528167769313,-0.0228414423763752,0.0228414423763752
L16_N668,16,668,0.0018480842700228095,0.022835375741124153,0.022835375741124153
L19_N6115,19,6115,0.002603129018098116,0.02283194102346897,0.02283194102346897
L23_N945,23,945,-0.019033560529351234,-0.022821323946118355,0.022821323946118355
L14_N5120,14,5120,-0.0007411841070279479,0.022817494347691536,0.022817494347691536
L15_N9635,15,9635,-0.0015641211066395044,-0.02277107536792755,0.02277107536792755
L20_N9760,20,9760,0.0013210782781243324,-0.02275482937693596,0.02275482937693596
L18_N7029,18,7029,-0.023157602176070213,-0.022654755041003227,0.022654755041003227
L15_N5159,15,5159,-0.008944245055317879,-0.022560004144906998,0.022560004144906998
L20_N7238,20,7238,-0.005552495829761028,-0.022490674629807472,0.022490674629807472
L12_N6137,12,6137,0.0003536914009600878,0.02248489297926426,0.02248489297926426
L13_N960,13,960,-0.0035052564926445484,-0.02247942052781582,0.02247942052781582
L25_N842,25,842,-0.01262181531637907,-0.02245553396642208,0.02245553396642208
L17_N2857,17,2857,0.0018757492071017623,0.022452110424637794,0.022452110424637794
L20_N4600,20,4600,0.016384994611144066,0.02244441770017147,0.02244441770017147
L16_N12777,16,12777,-0.0004632334166672081,0.022375809028744698,0.022375809028744698
L16_N14211,16,14211,0.0006854858947917819,0.022366708144545555,0.022366708144545555
L17_N3267,17,3267,0.0010291666258126497,0.022346684709191322,0.022346684709191322
L14_N3240,14,3240,-0.0013969282153993845,-0.022279400378465652,0.022279400378465652
L18_N4511,18,4511,0.002463312353938818,0.022236417979002,0.022236417979002
L16_N13758,16,13758,0.022013802081346512,0.022189805284142494,0.022189805284142494
L19_N7631,19,7631,-0.0012018416309729218,-0.022189287468791008,0.022189287468791008
L18_N10745,18,10745,0.008413546718657017,0.022186435759067535,0.022186435759067535
L23_N5048,23,5048,-0.00938516203314066,-0.022163573652505875,0.022163573652505875
L16_N3481,16,3481,6.599142216145992e-05,0.022154200822114944,0.022154200822114944
L16_N12271,16,12271,-0.003546343417838216,-0.02214711345732212,0.02214711345732212
L17_N9031,17,9031,0.01752111315727234,0.022122910246253014,0.022122910246253014
L14_N10799,14,10799,-0.0013645654544234276,-0.022093985229730606,0.022093985229730606
L18_N5462,18,5462,0.0005443948321044445,-0.022091027349233627,0.022091027349233627
L25_N11622,25,11622,-0.02111501432955265,-0.022070009261369705,0.022070009261369705
L19_N3076,19,3076,0.01718057505786419,0.02203499712049961,0.02203499712049961
L14_N10412,14,10412,-0.0019398124422878027,-0.021987173706293106,0.021987173706293106
L16_N9214,16,9214,0.015153269283473492,0.021980883553624153,0.021980883553624153
L17_N14163,17,14163,-0.00034117099130526185,-0.02196202427148819,0.02196202427148819
L12_N12671,12,12671,0.0005200350424274802,-0.02194075845181942,0.02194075845181942
L22_N748,22,748,-0.00025237290537916124,0.0218551903963089,0.0218551903963089
L18_N542,18,542,0.0005190446390770376,0.021766597405076027,0.021766597405076027
L12_N11834,12,11834,-0.002730941865593195,-0.021750185638666153,0.021750185638666153
L13_N11841,13,11841,9.413007501279935e-05,-0.021733973175287247,0.021733973175287247
L12_N2565,12,2565,0.006373036652803421,0.021709909662604332,0.021709909662604332
L14_N10368,14,10368,0.0016712185461074114,0.021702516824007034,0.021702516824007034
L13_N3712,13,3712,0.006377913989126682,0.021687541157007217,0.021687541157007217
L17_N10807,17,10807,-0.000372571696061641,-0.02167871966958046,0.02167871966958046
L21_N11727,21,11727,-0.009678760543465614,-0.021615277975797653,0.021615277975797653
L13_N5196,13,5196,0.0003877336857840419,-0.021613987162709236,0.021613987162709236
L16_N10642,16,10642,-0.00047932640882208943,-0.021562926471233368,0.021562926471233368
L23_N4489,23,4489,-0.014835575595498085,-0.02155122719705105,0.02155122719705105
L13_N11655,13,11655,-0.00020318571478128433,0.021467790007591248,0.021467790007591248
L17_N11042,17,11042,0.009266798384487629,0.02144445851445198,0.02144445851445198
L19_N1711,19,1711,-0.002876528073102236,-0.021442415192723274,0.021442415192723274
L13_N8022,13,8022,-0.00023402208171319216,-0.021432073786854744,0.021432073786854744
L21_N10381,21,10381,0.018479853868484497,0.02142740599811077,0.02142740599811077
L16_N11460,16,11460,0.0017623109742999077,-0.021424170583486557,0.021424170583486557
L14_N12052,14,12052,-0.0037179458886384964,-0.02141479030251503,0.02141479030251503
L19_N2358,19,2358,-0.0005671620601788163,0.021392814815044403,0.021392814815044403
L19_N3990,19,3990,-0.006494099739938974,-0.02132302150130272,0.02132302150130272
L14_N12730,14,12730,0.001124819042161107,0.021317094564437866,0.021317094564437866
L12_N1286,12,1286,0.002894508885219693,0.021294277161359787,0.021294277161359787
L12_N7294,12,7294,-0.0005116650718264282,0.02127344161272049,0.02127344161272049
L13_N1842,13,1842,-0.005472873337566853,-0.02126505970954895,0.02126505970954895
L18_N13921,18,13921,-0.0003564400540199131,0.02119535394012928,0.02119535394012928
L16_N10985,16,10985,0.0010420813923701644,0.021189475432038307,0.021189475432038307
L14_N13243,14,13243,0.0011724288342520595,0.021170398220419884,0.021170398220419884
L14_N3306,14,3306,-0.00044259391142986715,-0.021162230521440506,0.021162230521440506
L16_N1215,16,1215,0.002963969949632883,0.021144941449165344,0.021144941449165344
L15_N7583,15,7583,0.0030970866791903973,0.02113918587565422,0.02113918587565422
L15_N12628,15,12628,-0.008132810704410076,-0.021123895421624184,0.021123895421624184
L18_N11910,18,11910,0.006614029407501221,0.02110983617603779,0.02110983617603779
L21_N13283,21,13283,0.008943897671997547,0.021029900759458542,0.021029900759458542
L15_N3927,15,3927,-0.0002447158331051469,0.02101016417145729,0.02101016417145729
L22_N2134,22,2134,-0.017268570140004158,-0.020953098312020302,0.020953098312020302
L14_N12995,14,12995,0.00015020626597106457,-0.02093225158751011,0.02093225158751011
L15_N877,15,877,-0.007860672660171986,0.02092682011425495,0.02092682011425495
L19_N1041,19,1041,0.018532801419496536,0.020904207602143288,0.020904207602143288
L19_N11544,19,11544,0.0012830930063501,-0.020873289555311203,0.020873289555311203
L16_N6812,16,6812,-5.556834003073163e-05,0.02081979624927044,0.02081979624927044
L24_N3242,24,3242,0.0248817540705204,0.020785320550203323,0.020785320550203323
L13_N5509,13,5509,-0.0019113162998110056,0.020768804475665092,0.020768804475665092
L15_N8706,15,8706,0.003439857391640544,-0.02075512334704399,0.02075512334704399
L12_N923,12,923,-0.0019587664864957333,-0.020743664354085922,0.020743664354085922
L16_N13910,16,13910,0.00154971017036587,0.02072584629058838,0.02072584629058838
L13_N9807,13,9807,-0.0015306012937799096,0.020703725516796112,0.020703725516796112
L16_N2146,16,2146,-0.01654323935508728,-0.020678630098700523,0.020678630098700523
L17_N3822,17,3822,-0.0007828166708350182,0.020627668127417564,0.020627668127417564
L16_N11927,16,11927,-0.021618995815515518,-0.020614419132471085,0.020614419132471085
L18_N416,18,416,0.01157090999186039,0.0205900389701128,0.0205900389701128
L15_N2550,15,2550,-0.002081026090309024,-0.020572464913129807,0.020572464913129807
L16_N5964,16,5964,-0.012137752026319504,-0.020524879917502403,0.020524879917502403
L17_N13950,17,13950,-0.001560179516673088,-0.02052273228764534,0.02052273228764534
L17_N9511,17,9511,0.0014235047856345773,0.02052196115255356,0.02052196115255356
L14_N2229,14,2229,0.0013539990177378058,0.020474843680858612,0.020474843680858612
L18_N13561,18,13561,-0.0009171267738565803,0.020432988181710243,0.020432988181710243
L12_N1330,12,1330,7.173216727096587e-05,0.020427187904715538,0.020427187904715538
L13_N1410,13,1410,0.0001363626215606928,0.020394716411828995,0.020394716411828995
L16_N4194,16,4194,0.004986251704394817,0.020390108227729797,0.020390108227729797
L19_N527,19,527,-0.013833025470376015,-0.020382918417453766,0.020382918417453766
L20_N7321,20,7321,0.003948810510337353,0.02037799544632435,0.02037799544632435
L14_N13983,14,13983,-0.008394052274525166,-0.020302269607782364,0.020302269607782364
L14_N11764,14,11764,0.0007380595779977739,-0.020299594849348068,0.020299594849348068
L17_N14289,17,14289,0.008320724591612816,0.0202614925801754,0.0202614925801754
L17_N12349,17,12349,-0.0016325137112289667,0.020254362374544144,0.020254362374544144
L14_N9500,14,9500,0.0017472204053774476,-0.02024880424141884,0.02024880424141884
L24_N5326,24,5326,-0.007757776882499456,-0.020236914977431297,0.020236914977431297
L16_N12425,16,12425,-0.0007392117404378951,-0.020228687673807144,0.020228687673807144
L16_N7731,16,7731,-0.008223380893468857,-0.02022583596408367,0.02022583596408367
L17_N513,17,513,0.0034741018898785114,0.020203489810228348,0.020203489810228348
L20_N3811,20,3811,0.0018093936378136277,0.020185155794024467,0.020185155794024467
L14_N3052,14,3052,0.003345218952745199,0.020101916044950485,0.020101916044950485
L12_N13917,12,13917,-0.0010255116503685713,-0.020075054839253426,0.020075054839253426
L12_N7295,12,7295,-0.002089350949972868,-0.02005806565284729,0.02005806565284729
L13_N13730,13,13730,0.000787297380156815,-0.020000899210572243,0.020000899210572243
L14_N11932,14,11932,-0.006515728775411844,-0.019969206303358078,0.019969206303358078
L13_N11672,13,11672,0.001702777692116797,0.019957710057497025,0.019957710057497025
L20_N8171,20,8171,0.0006521492614410818,0.019901467487215996,0.019901467487215996
L13_N8664,13,8664,-0.011510873213410378,-0.019861537963151932,0.019861537963151932
L16_N5323,16,5323,0.021997658535838127,0.01978435181081295,0.01978435181081295
L19_N6032,19,6032,-0.00029417811310850084,0.019763439893722534,0.019763439893722534
L18_N12416,18,12416,0.006768838968127966,0.019759226590394974,0.019759226590394974
L14_N8256,14,8256,-0.011345863342285156,-0.019725652411580086,0.019725652411580086
L20_N8718,20,8718,-0.011245010420680046,-0.01965499296784401,0.01965499296784401
L17_N3390,17,3390,-0.007699689362198114,-0.01964629255235195,0.01964629255235195
L17_N1830,17,1830,0.0011592721566557884,-0.01957036554813385,0.01957036554813385
L17_N11497,17,11497,-0.002263725269585848,-0.019554367288947105,0.019554367288947105
L13_N8716,13,8716,-0.008299327455461025,-0.01954178884625435,0.01954178884625435
L25_N8647,25,8647,0.014185142703354359,0.01952531561255455,0.01952531561255455
L17_N11366,17,11366,0.002517420332878828,-0.0195136908441782,0.0195136908441782
L17_N5495,17,5495,-0.004193271044641733,-0.01947724260389805,0.01947724260389805
L20_N5074,20,5074,-0.014614935033023357,-0.019452277570962906,0.019452277570962906
L17_N7605,17,7605,0.018416699022054672,0.019450660794973373,0.019450660794973373
L14_N7767,14,7767,0.011971168220043182,0.019407857209444046,0.019407857209444046
L17_N11983,17,11983,0.0027041472494602203,-0.01937362179160118,0.01937362179160118
L21_N4602,21,4602,-0.0006337417871691287,0.019346829503774643,0.019346829503774643
L14_N6295,14,6295,-0.005079764407128096,-0.01932571269571781,0.01932571269571781
L16_N10500,16,10500,-0.00019950787827838212,0.019312065094709396,0.019312065094709396
L12_N13181,12,13181,-0.0002906785230152309,0.019280526787042618,0.019280526787042618
L15_N6062,15,6062,0.003038853406906128,0.019214613363146782,0.019214613363146782
L16_N13356,16,13356,0.004649299196898937,0.019195714965462685,0.019195714965462685
L16_N3027,16,3027,-0.0063204169273376465,-0.01918114349246025,0.01918114349246025
L17_N3663,17,3663,-0.018346378579735756,-0.019098808988928795,0.019098808988928795
L22_N9772,22,9772,-0.0009906550403684378,-0.019068662077188492,0.019068662077188492
L18_N842,18,842,-0.0037352871149778366,-0.01905505731701851,0.01905505731701851
L13_N12286,13,12286,-0.01769842766225338,-0.019046621397137642,0.019046621397137642
L15_N8329,15,8329,-0.0011202057357877493,-0.01904543861746788,0.01904543861746788
L18_N11890,18,11890,0.006673438940197229,0.019035929813981056,0.019035929813981056
L19_N13108,19,13108,0.002448788844048977,0.018854906782507896,0.018854906782507896
L15_N5533,15,5533,-0.00821375846862793,-0.018848028033971786,0.018848028033971786
L17_N2725,17,2725,-3.3212523703696206e-05,-0.018844472244381905,0.018844472244381905
L16_N9328,16,9328,-0.00023142294958233833,0.01882895454764366,0.01882895454764366
L25_N11569,25,11569,-0.01656503602862358,-0.018822630867362022,0.018822630867362022
L26_N2335,26,2335,-0.018431279808282852,-0.01882254146039486,0.01882254146039486
L19_N4375,19,4375,0.00024806210421957076,-0.01881369762122631,0.01881369762122631
L23_N2565,23,2565,-0.003724348498508334,-0.018808046355843544,0.018808046355843544
L20_N12757,20,12757,-0.0010751720983535051,-0.01879529096186161,0.01879529096186161
L17_N6691,17,6691,-0.01769404485821724,-0.018746186047792435,0.018746186047792435
L18_N14070,18,14070,-0.0006613278528675437,0.018687568604946136,0.018687568604946136
L17_N11700,17,11700,-0.01129434909671545,-0.01866149716079235,0.01866149716079235
L17_N13522,17,13522,-0.0008483120473101735,0.01865864358842373,0.01865864358842373
L15_N6785,15,6785,0.00450441800057888,0.01864698901772499,0.01864698901772499
L21_N13774,21,13774,-0.0018364086281508207,0.01863003708422184,0.01863003708422184
L13_N747,13,747,0.0013323219027370214,0.018594350665807724,0.018594350665807724
L19_N8567,19,8567,-0.0034186479169875383,-0.01854850724339485,0.01854850724339485
L18_N3874,18,3874,-0.0022276719100773335,-0.01851639524102211,0.01851639524102211
L14_N2188,14,2188,-0.022336293011903763,-0.018515903502702713,0.018515903502702713
L17_N5956,17,5956,5.743182191508822e-05,0.01851535215973854,0.01851535215973854
L14_N5918,14,5918,-0.001938612200319767,-0.018512476235628128,0.018512476235628128
L14_N553,14,553,0.001661511487327516,0.0185115747153759,0.0185115747153759
L17_N7926,17,7926,-0.0008942440035752952,-0.01850930228829384,0.01850930228829384
L14_N6233,14,6233,0.00942862220108509,0.018490459769964218,0.018490459769964218
L15_N14004,15,14004,0.00022014984278939664,-0.018484225496649742,0.018484225496649742
L14_N3118,14,3118,-0.010559896938502789,-0.0184664074331522,0.0184664074331522
L16_N3487,16,3487,0.017017699778079987,0.018458647653460503,0.018458647653460503
L19_N1512,19,1512,-0.0011534010991454124,-0.018415194004774094,0.018415194004774094
L18_N7170,18,7170,-0.001027398044243455,-0.018411409109830856,0.018411409109830856
L18_N752,18,752,0.019098976626992226,0.018395595252513885,0.018395595252513885
L14_N8260,14,8260,-0.003921404480934143,-0.018390493467450142,0.018390493467450142
L18_N9293,18,9293,0.005903322249650955,-0.018389476463198662,0.018389476463198662
L17_N8818,17,8818,9.384752775076777e-05,-0.018366944044828415,0.018366944044828415
L15_N5470,15,5470,0.0005723690264858305,-0.01833372935652733,0.01833372935652733
L18_N8638,18,8638,-0.0004546719719655812,-0.018325544893741608,0.018325544893741608
L16_N7160,16,7160,-0.00019976073235739022,0.018310602754354477,0.018310602754354477
L14_N18,14,18,0.0012102719629183412,0.018287617713212967,0.018287617713212967
L26_N2128,26,2128,0.00033478476689197123,0.018276140093803406,0.018276140093803406
L19_N8080,19,8080,-7.080251816660166e-05,0.018269816413521767,0.018269816413521767
L17_N4209,17,4209,-0.0007704882300458848,0.01820281334221363,0.01820281334221363
L12_N4697,12,4697,6.362050771713257e-05,0.018183065578341484,0.018183065578341484
L18_N2427,18,2427,-0.0007402330520562828,-0.01818181946873665,0.01818181946873665
L16_N1250,16,1250,0.00024750194279477,0.01816936954855919,0.01816936954855919
L17_N12946,17,12946,-0.0020345852244645357,-0.01813235506415367,0.01813235506415367
L25_N4602,25,4602,0.01882946863770485,0.018083831295371056,0.018083831295371056
L14_N8939,14,8939,-0.0002458627859596163,0.018054956570267677,0.018054956570267677
L17_N219,17,219,-0.003207045840099454,-0.01803843304514885,0.01803843304514885
L17_N11290,17,11290,0.0036314453464001417,-0.018021753057837486,0.018021753057837486
L17_N308,17,308,0.0012613419676199555,0.018006671220064163,0.018006671220064163
L13_N5418,13,5418,0.0009068992221727967,0.017906393855810165,0.017906393855810165
L17_N7614,17,7614,-0.001249171094968915,-0.017901141196489334,0.017901141196489334
L12_N7408,12,7408,0.0004386426298879087,-0.017894208431243896,0.017894208431243896
L19_N6240,19,6240,0.004436899442225695,0.01787649095058441,0.01787649095058441
L18_N6578,18,6578,0.0056784143671393394,0.01785993203520775,0.01785993203520775
L12_N10349,12,10349,0.0002567961055319756,0.017846552655100822,0.017846552655100822
L17_N9530,17,9530,-4.845149669563398e-05,-0.017844881862401962,0.017844881862401962
L16_N9422,16,9422,0.006086301989853382,0.017834415659308434,0.017834415659308434
L18_N1121,18,1121,0.0004384155326988548,-0.017812125384807587,0.017812125384807587
L19_N10288,19,10288,-0.002035178942605853,-0.01780123822391033,0.01780123822391033
L16_N11559,16,11559,0.0026255743578076363,0.017798202112317085,0.017798202112317085
L17_N12262,17,12262,0.00013957967166788876,-0.017791032791137695,0.017791032791137695
L14_N7862,14,7862,0.0007061975193209946,0.017749303951859474,0.017749303951859474
L13_N4118,13,4118,-0.007106754928827286,-0.01774010621011257,0.01774010621011257
L16_N7214,16,7214,0.005414933897554874,0.017731834203004837,0.017731834203004837
L17_N13177,17,13177,0.00201523769646883,0.01770133152604103,0.01770133152604103
L16_N847,16,847,0.0005452519399113953,0.017696291208267212,0.017696291208267212
L14_N6362,14,6362,0.004288742784410715,0.01764325425028801,0.01764325425028801
L15_N7508,15,7508,0.0018349119927734137,0.017615413293242455,0.017615413293242455
L21_N7104,21,7104,0.0022534197196364403,-0.017611896619200706,0.017611896619200706
L12_N10107,12,10107,-0.0010899060871452093,-0.01760159060359001,0.01760159060359001
L19_N7324,19,7324,0.00022011836699675769,0.017599452286958694,0.017599452286958694
L26_N12228,26,12228,0.012686917558312416,0.017597366124391556,0.017597366124391556
L12_N2780,12,2780,0.007444117218255997,0.017565084621310234,0.017565084621310234
L20_N8264,20,8264,0.00019998876086901873,0.017560234293341637,0.017560234293341637
L14_N6570,14,6570,0.0031497501768171787,0.017549563199281693,0.017549563199281693
L15_N3892,15,3892,-0.0036218762397766113,-0.017546819522976875,0.017546819522976875
L18_N11024,18,11024,-0.0022245629224926233,-0.0175156332552433,0.0175156332552433
L20_N8831,20,8831,-0.0003139031177852303,0.017507169395685196,0.017507169395685196
L15_N6068,15,6068,-0.003363062394782901,-0.017392640933394432,0.017392640933394432
L18_N9819,18,9819,-0.017370130866765976,-0.01739196665585041,0.01739196665585041
L16_N11010,16,11010,-0.004028228111565113,-0.017388999462127686,0.017388999462127686
L16_N3147,16,3147,0.010894738137722015,0.01737852394580841,0.01737852394580841
L17_N13962,17,13962,-0.0020271833054721355,-0.017377596348524094,0.017377596348524094
L13_N10701,13,10701,-0.0004182373231742531,-0.01733662374317646,0.01733662374317646
L18_N2425,18,2425,-0.001143739209510386,-0.017306871712207794,0.017306871712207794
L13_N5720,13,5720,0.00899243913590908,0.01725461706519127,0.01725461706519127
L15_N6125,15,6125,-0.0005895643262192607,-0.017243722453713417,0.017243722453713417
L15_N8627,15,8627,-0.005467137321829796,-0.017198804765939713,0.017198804765939713
L17_N6554,17,6554,0.0004296620318200439,-0.017184440046548843,0.017184440046548843
L19_N8690,19,8690,0.00015966598584782332,-0.01717125065624714,0.01717125065624714
L16_N1223,16,1223,0.00035955102066509426,0.01716926135122776,0.01716926135122776
L17_N5307,17,5307,-6.940646562725306e-05,-0.017144301906228065,0.017144301906228065
L14_N8505,14,8505,0.000919567421078682,0.017107484862208366,0.017107484862208366
L15_N13811,15,13811,-0.0038524935953319073,-0.017106397077441216,0.017106397077441216
L16_N9248,16,9248,0.001319329021498561,0.017093386501073837,0.017093386501073837
L13_N1679,13,1679,0.0025794492103159428,0.017092259600758553,0.017092259600758553
L16_N5033,16,5033,0.009566503576934338,0.01708384044468403,0.01708384044468403
L15_N854,15,854,-0.0034964741207659245,-0.017083024606108665,0.017083024606108665
L17_N1295,17,1295,0.01335328072309494,0.017077358439564705,0.017077358439564705
L20_N5877,20,5877,-0.0006331257754936814,-0.017068538814783096,0.017068538814783096
L24_N3198,24,3198,0.00016731182404328138,-0.01705385372042656,0.01705385372042656
L14_N7324,14,7324,-0.017834845930337906,-0.017037848010659218,0.017037848010659218
L16_N12965,16,12965,0.0008165979525074363,0.017031488940119743,0.017031488940119743
L15_N5760,15,5760,0.000921436760108918,0.017019307240843773,0.017019307240843773
L16_N5705,16,5705,-0.006500029470771551,-0.017000937834382057,0.017000937834382057
L17_N4701,17,4701,-0.001478416146710515,-0.016973495483398438,0.016973495483398438
L25_N8010,25,8010,0.001999263884499669,0.016963819041848183,0.016963819041848183
L16_N13604,16,13604,-0.0010228351457044482,0.016963493078947067,0.016963493078947067
L19_N10442,19,10442,0.0002795222098939121,-0.016958480700850487,0.016958480700850487
L18_N10726,18,10726,0.001277355244383216,0.016942013055086136,0.016942013055086136
L23_N3118,23,3118,0.020347993820905685,0.0169401615858078,0.0169401615858078
L25_N7611,25,7611,0.0013877146411687136,0.01691039651632309,0.01691039651632309
L17_N14284,17,14284,-0.0020382716320455074,-0.016877001151442528,0.016877001151442528
L13_N13342,13,13342,0.010308364406228065,0.016862375661730766,0.016862375661730766
L18_N10631,18,10631,-0.0025478785391896963,-0.016854800283908844,0.016854800283908844
L14_N6807,14,6807,0.011322764679789543,0.016848238185048103,0.016848238185048103
L17_N7810,17,7810,4.976261334377341e-05,0.01684301532804966,0.01684301532804966
L14_N2120,14,2120,-0.004387565888464451,-0.01678689569234848,0.01678689569234848
L21_N8742,21,8742,-0.004472939297556877,-0.01676337420940399,0.01676337420940399
L16_N936,16,936,-0.0003829985798802227,-0.01674923487007618,0.01674923487007618
L14_N11327,14,11327,0.0020142835564911366,0.016741719096899033,0.016741719096899033
L20_N11839,20,11839,-0.0007580095552839339,-0.016733471304178238,0.016733471304178238
L14_N13221,14,13221,0.0002174089604523033,0.016699137166142464,0.016699137166142464
L18_N3323,18,3323,0.0002599864674266428,0.016677776351571083,0.016677776351571083
L16_N13967,16,13967,-0.0006375377997756004,0.016622185707092285,0.016622185707092285
L14_N7170,14,7170,0.002996700583025813,0.016603434458374977,0.016603434458374977
L26_N3678,26,3678,0.01548891793936491,0.016573311761021614,0.016573311761021614
L14_N2607,14,2607,-0.0012631223071366549,-0.016560552641749382,0.016560552641749382
L19_N4816,19,4816,-0.006441882345825434,-0.016517993062734604,0.016517993062734604
L18_N11073,18,11073,-0.0008541599963791668,-0.0165085606276989,0.0165085606276989
L14_N6265,14,6265,0.008833775296807289,0.01649628020823002,0.01649628020823002
L19_N8654,19,8654,-8.553349471185356e-05,0.016494683921337128,0.016494683921337128
L15_N12049,15,12049,0.0005734626902267337,-0.01649375632405281,0.01649375632405281
L20_N9317,20,9317,2.6607605832396075e-05,-0.01644657924771309,0.01644657924771309
L17_N14052,17,14052,-0.004338990431278944,-0.016436273232102394,0.016436273232102394
L12_N8201,12,8201,-0.001331527135334909,-0.01642500050365925,0.01642500050365925
L20_N7312,20,7312,-0.014871900901198387,-0.016423474997282028,0.016423474997282028
L13_N853,13,853,0.0034060750622302294,0.01638171635568142,0.01638171635568142
L20_N355,20,355,-0.01460357941687107,-0.016357343643903732,0.016357343643903732
L16_N9449,16,9449,-0.0008270077523775399,0.0163407102227211,0.0163407102227211
L16_N6079,16,6079,0.001645775861106813,0.016338104382157326,0.016338104382157326
L16_N9337,16,9337,-0.0019508169498294592,-0.016334353014826775,0.016334353014826775
L23_N13103,23,13103,-0.0030029851477593184,-0.016333770006895065,0.016333770006895065
L21_N8252,21,8252,-0.010015835985541344,-0.016330737620592117,0.016330737620592117
L16_N12,16,12,0.00785207562148571,0.016306202858686447,0.016306202858686447
L13_N9679,13,9679,-0.0032138661481440067,-0.01627541519701481,0.01627541519701481
L12_N4194,12,4194,-0.003896778915077448,-0.01626032218337059,0.01626032218337059
L19_N5686,19,5686,-0.003654643427580595,-0.016245808452367783,0.016245808452367783
L13_N9169,13,9169,0.002715339418500662,0.016220344230532646,0.016220344230532646
L19_N4907,19,4907,0.0006288984441198409,-0.016201231628656387,0.016201231628656387
L17_N7004,17,7004,0.015234097838401794,0.0161631777882576,0.0161631777882576
L18_N6588,18,6588,-0.0022024698555469513,0.016149748116731644,0.016149748116731644
L18_N792,18,792,0.00014528422616422176,0.016148880124092102,0.016148880124092102
L14_N6217,14,6217,0.0009890038054436445,0.01613977923989296,0.01613977923989296
L24_N7970,24,7970,-0.0008925702422857285,-0.016134509816765785,0.016134509816765785
L21_N7712,21,7712,-0.0016183413099497557,-0.016131654381752014,0.016131654381752014
L14_N2911,14,2911,0.0018853843212127686,0.016124596819281578,0.016124596819281578
L20_N12109,20,12109,-4.729325883090496e-05,-0.016120916232466698,0.016120916232466698
L14_N13429,14,13429,0.0026535005308687687,0.01611943170428276,0.01611943170428276
L22_N13585,22,13585,-0.00937926396727562,-0.01608874835073948,0.01608874835073948
L17_N14276,17,14276,0.006321732886135578,0.01604202762246132,0.01604202762246132
L12_N11340,12,11340,0.000433905515819788,0.015988165512681007,0.015988165512681007
L16_N5557,16,5557,0.000505376432556659,0.015984022989869118,0.015984022989869118
L16_N13510,16,13510,0.001052271923981607,-0.015982404351234436,0.015982404351234436
L15_N5496,15,5496,0.0022545787505805492,0.01595785655081272,0.01595785655081272
L19_N6568,19,6568,0.00028535572346299887,-0.015956809744238853,0.015956809744238853
L19_N6072,19,6072,-0.00020652046077884734,0.015950417146086693,0.015950417146086693
L13_N12408,13,12408,1.8510827430873178e-05,0.015950409695506096,0.015950409695506096
L14_N6086,14,6086,0.005589030217379332,0.015942074358463287,0.015942074358463287
L18_N4552,18,4552,-0.016470864415168762,-0.01592778041958809,0.01592778041958809
L12_N1844,12,1844,0.0011097954120486975,-0.015905342996120453,0.015905342996120453
L17_N4884,17,4884,-0.006332179997116327,-0.015848731622099876,0.015848731622099876
L21_N12854,21,12854,-0.0002955807722173631,-0.015812000259757042,0.015812000259757042
L18_N12708,18,12708,-0.015504440292716026,-0.015806894749403,0.015806894749403
L22_N4598,22,4598,-0.007317353971302509,-0.015790453180670738,0.015790453180670738
L14_N14243,14,14243,-7.880066550569609e-05,0.01574084535241127,0.01574084535241127
L23_N10012,23,10012,-0.010298645123839378,-0.015709027647972107,0.015709027647972107
L17_N4424,17,4424,-0.0023091326002031565,-0.01570620760321617,0.01570620760321617
L20_N13809,20,13809,0.00030876658274792135,0.015700852498412132,0.015700852498412132
L14_N300,14,300,0.0043594324961304665,0.01569085195660591,0.01569085195660591
L16_N12292,16,12292,-0.0004857211315538734,-0.015670238062739372,0.015670238062739372
L14_N3445,14,3445,-0.014415453188121319,-0.015662509948015213,0.015662509948015213
L16_N13590,16,13590,0.00014255105634219944,-0.015647105872631073,0.015647105872631073
L14_N10200,14,10200,-0.0036867510061711073,-0.015641923993825912,0.015641923993825912
L17_N969,17,969,-0.0023245594929903746,-0.015632614493370056,0.015632614493370056
L14_N3734,14,3734,0.0014735462609678507,0.015628498047590256,0.015628498047590256
L25_N10071,25,10071,0.003898841794580221,-0.015601182356476784,0.015601182356476784
L16_N8412,16,8412,-8.13880906207487e-05,-0.015585524961352348,0.015585524961352348
L17_N13186,17,13186,-0.0024895528331398964,-0.01558482926338911,0.01558482926338911
L15_N9863,15,9863,-0.005965054966509342,-0.01557808369398117,0.01557808369398117
L16_N5862,16,5862,-0.01594666950404644,-0.015578001737594604,0.015578001737594604
L16_N3659,16,3659,0.004255692474544048,0.015575406141579151,0.015575406141579151
L16_N7791,16,7791,0.0016143415123224258,0.015552550554275513,0.015552550554275513
L15_N1106,15,1106,0.006187864113599062,0.015545750968158245,0.015545750968158245
L26_N13993,26,13993,0.0010304555762559175,0.015512300655245781,0.015512300655245781
L16_N5187,16,5187,0.0032752766273915768,-0.015497039072215557,0.015497039072215557
L18_N3396,18,3396,0.0024867376778274775,0.015481074340641499,0.015481074340641499
L14_N3411,14,3411,0.00317784515209496,0.015466039068996906,0.015466039068996906
L24_N8068,24,8068,-0.015433201566338539,-0.01545764971524477,0.01545764971524477
L21_N11531,21,11531,0.006150329019874334,0.015452873893082142,0.015452873893082142
L14_N2914,14,2914,0.0003760519321076572,-0.015445565804839134,0.015445565804839134
L14_N8387,14,8387,0.0010955499019473791,0.015443568117916584,0.015443568117916584
L18_N294,18,294,0.002411941532045603,-0.015431312844157219,0.015431312844157219
L12_N995,12,995,-0.0006244051037356257,-0.015430157072842121,0.015430157072842121
L14_N383,14,383,-0.003957769833505154,-0.01541820727288723,0.01541820727288723
L16_N9956,16,9956,-0.004222209565341473,-0.015370463952422142,0.015370463952422142
L14_N9932,14,9932,-0.0014244785998016596,-0.015364283695816994,0.015364283695816994
L22_N10292,22,10292,-0.0009623031946830451,-0.015345698222517967,0.015345698222517967
L16_N10070,16,10070,-0.0014626544434577227,-0.01533778291195631,0.01533778291195631
L19_N851,19,851,-0.00484876986593008,-0.0153336301445961,0.0153336301445961
L16_N796,16,796,6.126558582764119e-05,-0.0153329623863101,0.0153329623863101
L21_N5964,21,5964,-0.0009695412591099739,-0.015309028327465057,0.015309028327465057
L19_N6535,19,6535,0.0011974532390013337,0.015308588743209839,0.015308588743209839
L22_N13456,22,13456,-0.011483574286103249,-0.015300357714295387,0.015300357714295387
L14_N5108,14,5108,-0.0041283853352069855,-0.015295815654098988,0.015295815654098988
L20_N1942,20,1942,0.0016918642213568091,0.015293262898921967,0.015293262898921967
L26_N10152,26,10152,-0.005111725069582462,-0.015287567861378193,0.015287567861378193
L14_N2741,14,2741,0.0005500622792169452,0.015286803245544434,0.015286803245544434
L12_N12300,12,12300,-0.0016581586096435785,-0.015273149125277996,0.015273149125277996
L18_N9274,18,9274,-0.01404518447816372,-0.015270297415554523,0.015270297415554523
L15_N9794,15,9794,0.006072952877730131,0.015247760340571404,0.015247760340571404
L14_N13170,14,13170,0.011089028790593147,0.015235121361911297,0.015235121361911297
L21_N9299,21,9299,-0.005071777850389481,-0.0152222765609622,0.0152222765609622
L22_N2337,22,2337,0.011095395311713219,0.015216683968901634,0.015216683968901634
L15_N14001,15,14001,-0.0018975414568558335,0.015206338837742805,0.015206338837742805
L17_N1944,17,1944,0.00011878940131282434,0.015195220708847046,0.015195220708847046
L17_N2525,17,2525,0.0019368932116776705,0.015176616609096527,0.015176616609096527
L25_N12361,25,12361,-0.011775846593081951,-0.015165912918746471,0.015165912918746471
L12_N11775,12,11775,0.0017721180338412523,0.01514756865799427,0.01514756865799427
L13_N3640,13,3640,-0.003734650555998087,-0.015146434307098389,0.015146434307098389
L19_N13012,19,13012,0.012917933985590935,0.015144914388656616,0.015144914388656616
L14_N2302,14,2302,0.0033519677817821503,0.015071818605065346,0.015071818605065346
L18_N1904,18,1904,-0.0013419932220131159,-0.015071536414325237,0.015071536414325237
L20_N3493,20,3493,0.0005371824372559786,0.015061763115227222,0.015061763115227222
L13_N7470,13,7470,0.00745078269392252,0.015034553594887257,0.015034553594887257
L14_N3423,14,3423,-0.006419406738132238,-0.015032270923256874,0.015032270923256874
L14_N2537,14,2537,-0.0003599627816583961,0.015031391754746437,0.015031391754746437
L16_N4634,16,4634,0.0003701237146742642,0.015016237273812294,0.015016237273812294
L13_N9242,13,9242,-0.002063474152237177,-0.015002980828285217,0.015002980828285217
L15_N12091,15,12091,-0.010695280507206917,-0.015002792701125145,0.015002792701125145
L20_N10528,20,10528,-4.5622513425769284e-05,-0.014973295852541924,0.014973295852541924
L22_N3319,22,3319,0.005514410324394703,0.014972100965678692,0.014972100965678692
L19_N10054,19,10054,-0.0007908938569016755,-0.01495340932160616,0.01495340932160616
L12_N13378,12,13378,0.003658432513475418,0.014916151762008667,0.014916151762008667
L20_N9973,20,9973,0.006153339985758066,0.014904452487826347,0.014904452487826347
L13_N11662,13,11662,0.005275836680084467,0.014897760935127735,0.014897760935127735
L14_N14198,14,14198,0.0020426325500011444,0.01489175297319889,0.01489175297319889
L14_N10347,14,10347,-0.001003845944069326,-0.014874011278152466,0.014874011278152466
L17_N2969,17,2969,-0.0008183587342500687,0.014858310110867023,0.014858310110867023
L12_N8804,12,8804,0.013046721927821636,0.014842892996966839,0.014842892996966839
L15_N4468,15,4468,-0.0020387687254697084,-0.014833873137831688,0.014833873137831688
L19_N13895,19,13895,0.0005710633704438806,0.014785436913371086,0.014785436913371086
L16_N11331,16,11331,0.0028634839691221714,0.014767033979296684,0.014767033979296684
L17_N4963,17,4963,-0.004467419348657131,-0.014766724780201912,0.014766724780201912
L20_N8441,20,8441,-0.005138383712619543,-0.014755415730178356,0.014755415730178356
L19_N95,19,95,0.002251523081213236,0.014748434536159039,0.014748434536159039
L18_N1015,18,1015,-0.009334349073469639,-0.014748401939868927,0.014748401939868927
L20_N11381,20,11381,0.0007039603660814464,-0.014733952470123768,0.014733952470123768
L19_N9688,19,9688,-0.002835777821019292,-0.014729335904121399,0.014729335904121399
L17_N12989,17,12989,0.014324024319648743,0.01472193468362093,0.01472193468362093
L25_N883,25,883,0.015652939677238464,0.014706632122397423,0.014706632122397423
L14_N1771,14,1771,0.0019067920511588454,0.01469268836081028,0.01469268836081028
L15_N13327,15,13327,0.0011034628842025995,0.014691668562591076,0.014691668562591076
L15_N8148,15,8148,-0.002106619067490101,0.014680810272693634,0.014680810272693634
L20_N12657,20,12657,0.010548954829573631,0.0146756861358881,0.0146756861358881
L16_N5812,16,5812,0.000705956423189491,-0.014668409712612629,0.014668409712612629
L13_N6640,13,6640,-0.0031072967685759068,-0.014645664021372795,0.014645664021372795
L17_N12712,17,12712,-0.003219831734895706,-0.014630720019340515,0.014630720019340515
L12_N13464,12,13464,-0.0012062443420290947,-0.014627991244196892,0.014627991244196892
L13_N1631,13,1631,0.0003044155891984701,0.014625567011535168,0.014625567011535168
L16_N8398,16,8398,0.018201136961579323,0.01460595615208149,0.01460595615208149
L14_N1111,14,1111,0.0013397433795034885,0.014594480395317078,0.014594480395317078
L13_N1413,13,1413,0.0049744863063097,0.014587076380848885,0.014587076380848885
L17_N10608,17,10608,-0.003187162335962057,-0.014575710520148277,0.014575710520148277
L15_N3505,15,3505,0.0003559374308679253,-0.014562857337296009,0.014562857337296009
L20_N8083,20,8083,0.00040763485594652593,-0.014548893086612225,0.014548893086612225
L19_N7763,19,7763,0.000554976868443191,-0.014540228061378002,0.014540228061378002
L14_N87,14,87,4.499336864682846e-05,-0.014537595212459564,0.014537595212459564
L12_N3301,12,3301,0.0007680121925659478,-0.0145273357629776,0.0145273357629776
L15_N14133,15,14133,-0.0074098422192037106,-0.014524249359965324,0.014524249359965324
L16_N6304,16,6304,-0.00032688630744814873,-0.01452125608921051,0.01452125608921051
L16_N6102,16,6102,0.013607129454612732,0.014515109360218048,0.014515109360218048
L19_N6216,19,6216,0.0007490550633519888,-0.014507737942039967,0.014507737942039967
L20_N10531,20,10531,0.0006381760467775166,-0.01450284756720066,0.01450284756720066
L15_N636,15,636,-0.0045613134279847145,-0.014502106234431267,0.014502106234431267
L18_N11468,18,11468,0.0026828874833881855,0.014499503187835217,0.014499503187835217
L13_N7773,13,7773,-0.0015814427752047777,-0.014484673738479614,0.014484673738479614
L12_N2723,12,2723,-0.006647075526416302,-0.014481930062174797,0.014481930062174797
L13_N3286,13,3286,-0.00037827520282007754,0.014468804001808167,0.014468804001808167
L16_N13562,16,13562,0.014216622337698936,0.014454290270805359,0.014454290270805359
L18_N1460,18,1460,0.0012070173397660255,-0.014437432400882244,0.014437432400882244
L16_N6369,16,6369,-0.013042658567428589,-0.01442410796880722,0.01442410796880722
L16_N13281,16,13281,-0.0003383331641089171,-0.014418289065361023,0.014418289065361023
L17_N3730,17,3730,-0.009687034413218498,-0.014411462470889091,0.014411462470889091
L19_N629,19,629,0.007514405995607376,0.01440565288066864,0.01440565288066864
L18_N9017,18,9017,-0.010130363516509533,-0.014387418515980244,0.014387418515980244
L18_N9916,18,9916,-0.012332836166024208,-0.014380942098796368,0.014380942098796368
L22_N4697,22,4697,-0.0034327947068959475,-0.014331290498375893,0.014331290498375893
L16_N2633,16,2633,0.005279323551803827,0.014317506924271584,0.014317506924271584
L19_N4664,19,4664,0.00022674925276078284,0.014307163655757904,0.014307163655757904
L14_N11794,14,11794,-0.014030484482645988,-0.014297431334853172,0.014297431334853172
L16_N9136,16,9136,0.016895944252610207,0.014283107593655586,0.014283107593655586
L19_N3358,19,3358,0.0003087382356170565,0.014243222773075104,0.014243222773075104
L13_N7774,13,7774,0.0011839965591207147,0.014228550717234612,0.014228550717234612
L26_N14065,26,14065,-0.010176095180213451,-0.014227104373276234,0.014227104373276234
L12_N5357,12,5357,-0.00027935876278206706,-0.014213694259524345,0.014213694259524345
L18_N2157,18,2157,0.0005143062444403768,0.01418939046561718,0.01418939046561718
L19_N9447,19,9447,0.00040152700967155397,0.014189174398779869,0.014189174398779869
L16_N819,16,819,0.0006388417677953839,0.014181191101670265,0.014181191101670265
L14_N13014,14,13014,-0.007194796111434698,-0.014168640598654747,0.014168640598654747
L19_N6765,19,6765,0.013578842394053936,0.014166156761348248,0.014166156761348248
L12_N591,12,591,-0.00021701639343518764,-0.01416102610528469,0.01416102610528469
L20_N2148,20,2148,0.015182373113930225,0.014156477525830269,0.014156477525830269
L16_N12237,16,12237,0.0028643396217375994,0.014145461842417717,0.014145461842417717
L12_N9719,12,9719,-1.4234753507480491e-05,-0.014141823165118694,0.014141823165118694
L17_N4609,17,4609,-0.0006626172107644379,0.014134146273136139,0.014134146273136139
L23_N5167,23,5167,0.013845552690327168,0.014129815623164177,0.014129815623164177
L20_N7371,20,7371,0.0005529996124096215,-0.014121917076408863,0.014121917076408863
L14_N4633,14,4633,0.0038397498428821564,0.014118378981947899,0.014118378981947899
L13_N2343,13,2343,-0.009452113881707191,-0.014118196442723274,0.014118196442723274
L16_N2881,16,2881,0.0006394990487024188,-0.014113838784396648,0.014113838784396648
L20_N3438,20,3438,-0.00960322842001915,-0.014111610129475594,0.014111610129475594
L22_N3150,22,3150,0.015721138566732407,0.01410685759037733,0.01410685759037733
L18_N11253,18,11253,-0.0005608081701211631,0.014094514772295952,0.014094514772295952
L16_N12931,16,12931,0.015129308216273785,0.01408920157700777,0.01408920157700777
L17_N4862,17,4862,-7.704249583184719e-06,0.014085349626839161,0.014085349626839161
L15_N7814,15,7814,-0.005010074470192194,-0.014075989834964275,0.014075989834964275
L20_N6154,20,6154,-0.018194835633039474,-0.014075621962547302,0.014075621962547302
L19_N3917,19,3917,-0.005677553825080395,-0.01406499557197094,0.01406499557197094
L21_N9628,21,9628,0.0021385422442108393,0.01406079065054655,0.01406079065054655
L20_N10215,20,10215,0.002693996299058199,0.01404067687690258,0.01404067687690258
L17_N10605,17,10605,1.1699204151227605e-05,0.014033096842467785,0.014033096842467785
L25_N5,25,5,0.00010557602945482358,0.014028248377144337,0.014028248377144337
L21_N3655,21,3655,0.0005363206146284938,-0.014024315401911736,0.014024315401911736
L16_N6805,16,6805,0.0014772816793993115,0.014024196192622185,0.014024196192622185
L13_N12823,13,12823,0.007098536007106304,-0.014017941430211067,0.014017941430211067
L18_N5371,18,5371,0.006927841808646917,-0.013999824412167072,0.013999824412167072
L17_N2717,17,2717,0.011644949205219746,0.013998908922076225,0.013998908922076225
L17_N11302,17,11302,-0.0018716364866122603,-0.01399216614663601,0.01399216614663601
L14_N2671,14,2671,0.005636030342429876,0.013990072533488274,0.013990072533488274
L12_N9498,12,9498,0.003056950867176056,0.013966409489512444,0.013966409489512444
L17_N11589,17,11589,0.0008678651647642255,0.013952870853245258,0.013952870853245258
L14_N4340,14,4340,0.0004276916733942926,-0.013934517279267311,0.013934517279267311
L15_N4183,15,4183,0.0006001338479109108,-0.01393202692270279,0.01393202692270279
L19_N13866,19,13866,0.0034421044401824474,0.013920811004936695,0.013920811004936695
L14_N4506,14,4506,0.002056631725281477,0.013916363008320332,0.013916363008320332
L14_N12758,14,12758,-0.00365908513776958,-0.013900558464229107,0.013900558464229107
L12_N522,12,522,-0.0015895422548055649,-0.01389338355511427,0.01389338355511427
L16_N3224,16,3224,0.002610155614092946,0.013883395120501518,0.013883395120501518
L15_N1800,15,1800,0.0015030460199341178,-0.013864812441170216,0.013864812441170216
L17_N13509,17,13509,-0.0011935727670788765,0.013854755088686943,0.013854755088686943
L20_N8999,20,8999,0.00076056900434196,0.013825761154294014,0.013825761154294014
L21_N1496,21,1496,0.009093805216252804,0.013809842057526112,0.013809842057526112
L14_N5535,14,5535,-0.0008979670819826424,-0.013804150745272636,0.013804150745272636
L19_N487,19,487,0.0005419570370577276,-0.01379947829991579,0.01379947829991579
L16_N3285,16,3285,0.0003188844711985439,0.013784383423626423,0.013784383423626423
L15_N3565,15,3565,-0.0020353728905320168,-0.013766676187515259,0.013766676187515259
L21_N3060,21,3060,8.786718535702676e-05,0.013764260336756706,0.013764260336756706
L13_N7693,13,7693,0.0016428172821179032,0.013758515939116478,0.013758515939116478
L13_N1436,13,1436,-0.006373320706188679,-0.013711310923099518,0.013711310923099518
L26_N4065,26,4065,-0.012528618797659874,-0.013668075203895569,0.013668075203895569
L14_N7797,14,7797,-0.0021076856646686792,-0.013647076673805714,0.013647076673805714
L20_N2662,20,2662,0.007095307111740112,0.013633357360959053,0.013633357360959053
L14_N4953,14,4953,0.0008330302080139518,-0.013631192035973072,0.013631192035973072
L20_N4174,20,4174,0.0035360995680093765,0.013622628524899483,0.013622628524899483
L12_N9947,12,9947,0.0001508274581283331,-0.013622337952256203,0.013622337952256203
L19_N5324,19,5324,-0.010765815153717995,-0.013618797063827515,0.013618797063827515
L20_N3078,20,3078,0.0023409181740134954,0.013609275221824646,0.013609275221824646
L19_N13761,19,13761,0.0012005751486867666,-0.01360316015779972,0.01360316015779972
L15_N1832,15,1832,-0.0015329209854826331,-0.01359671913087368,0.01359671913087368
L19_N7647,19,7647,0.005094503052532673,0.013583752326667309,0.013583752326667309
L16_N1362,16,1362,-0.007940476760268211,-0.01357755996286869,0.01357755996286869
L17_N13352,17,13352,0.0017419254872947931,0.013576650992035866,0.013576650992035866
L21_N6801,21,6801,-0.00015957873256411403,-0.01357239205390215,0.01357239205390215
L12_N7592,12,7592,0.0005418738583102822,0.013559403829276562,0.013559403829276562
L15_N1215,15,1215,0.00483887130394578,0.013553187251091003,0.013553187251091003
L12_N30,12,30,-0.0005481500411406159,0.013546807691454887,0.013546807691454887
L12_N4427,12,4427,-7.452290446963161e-05,-0.013539915904402733,0.013539915904402733
L21_N7994,21,7994,0.0005137555999681354,0.013509412296116352,0.013509412296116352
L12_N4862,12,4862,-3.6692130379378796e-05,0.013507542200386524,0.013507542200386524
L18_N1496,18,1496,0.0005659337039105594,0.013495129533112049,0.013495129533112049
L17_N11633,17,11633,-0.0013047975953668356,-0.013490957207977772,0.013490957207977772
L16_N5801,16,5801,-5.011235043639317e-05,-0.013488642871379852,0.013488642871379852
L14_N10235,14,10235,-0.008575600571930408,-0.013486310839653015,0.013486310839653015
L16_N7429,16,7429,0.0014571442734450102,0.013478413224220276,0.013478413224220276
L14_N11754,14,11754,0.013609571382403374,0.013473029248416424,0.013473029248416424
L13_N10462,13,10462,-0.00402891356498003,-0.013470681384205818,0.013470681384205818
L13_N13650,13,13650,0.008027461357414722,0.013467145152390003,0.013467145152390003
L17_N9986,17,9986,-0.005196765065193176,-0.013463756069540977,0.013463756069540977
L18_N1523,18,1523,-0.010898394510149956,-0.013459846377372742,0.013459846377372742
L12_N1738,12,1738,0.0031017425935715437,0.013451581820845604,0.013451581820845604
L12_N11951,12,11951,0.001961013302206993,-0.01344837062060833,0.01344837062060833
L16_N10996,16,10996,-0.005814152304083109,-0.01344312448054552,0.01344312448054552
L14_N6973,14,6973,-0.00013320182915776968,-0.013429964892566204,0.013429964892566204
L21_N4239,21,4239,-0.000233576720347628,-0.01342533528804779,0.01342533528804779
L20_N9928,20,9928,-0.0029106270521879196,0.013406291604042053,0.013406291604042053
L15_N11602,15,11602,-0.005566074512898922,-0.013396372087299824,0.013396372087299824
L15_N5946,15,5946,-0.00048107290058396757,-0.013391572050750256,0.013391572050750256
L16_N3104,16,3104,0.00039337333873845637,-0.01337813027203083,0.01337813027203083
L15_N14291,15,14291,-0.0002563130983617157,-0.013373876921832561,0.013373876921832561
L16_N9366,16,9366,0.0015103013720363379,0.013347091153264046,0.013347091153264046
L20_N13936,20,13936,-0.0010152061004191637,-0.013342984020709991,0.013342984020709991
L22_N10220,22,10220,-0.0007110593724064529,-0.013341439887881279,0.013341439887881279
L18_N3695,18,3695,-0.00029718238511122763,-0.013332070782780647,0.013332070782780647
L26_N8456,26,8456,0.0036636486183851957,0.013326844200491905,0.013326844200491905
L17_N4117,17,4117,-0.0018245892133563757,-0.013319586403667927,0.013319586403667927
L14_N4523,14,4523,-0.0012436788529157639,-0.01331605575978756,0.01331605575978756
L18_N4548,18,4548,-0.0005523791769519448,-0.013303106650710106,0.013303106650710106
L16_N10249,16,10249,0.0006566972588188946,0.01330111175775528,0.01330111175775528
L18_N2483,18,2483,-0.0008504123543389142,0.013273264281451702,0.013273264281451702
L17_N2637,17,2637,0.0005716871237382293,0.013267663307487965,0.013267663307487965
L12_N8204,12,8204,0.004674519412219524,0.013265535235404968,0.013265535235404968
L17_N6889,17,6889,-0.006142906844615936,-0.013264546170830727,0.013264546170830727
L21_N7101,21,7101,-0.0004102170350961387,-0.013260498642921448,0.013260498642921448
L23_N6477,23,6477,0.011195166036486626,0.013259680941700935,0.013259680941700935
L15_N1884,15,1884,0.00828684400767088,0.01325759757310152,0.01325759757310152
L17_N1121,17,1121,0.006021536886692047,0.013242946937680244,0.013242946937680244
L17_N9434,17,9434,-0.01249282993376255,-0.013234013691544533,0.013234013691544533
L25_N12525,25,12525,0.005658436566591263,0.013226141221821308,0.013226141221821308
L19_N5421,19,5421,-0.001031827530823648,0.01322444248944521,0.01322444248944521
L16_N12299,16,12299,-0.0013520466163754463,0.013223680667579174,0.013223680667579174
L22_N7835,22,7835,-0.010754736140370369,-0.013204105198383331,0.013204105198383331
L15_N13594,15,13594,0.00027401436818763614,0.013193147256970406,0.013193147256970406
L14_N6318,14,6318,-0.00047384266508743167,-0.013191893696784973,0.013191893696784973
L22_N11569,22,11569,0.00031444893102161586,-0.013181708753108978,0.013181708753108978
L15_N617,15,617,-0.0001801593170966953,-0.013173865154385567,0.013173865154385567
L24_N1056,24,1056,0.01050588395446539,0.013157087378203869,0.013157087378203869
L14_N13347,14,13347,1.961789166671224e-05,0.013154560700058937,0.013154560700058937
L17_N13027,17,13027,0.0002603731700219214,0.013150565326213837,0.013150565326213837
L14_N12201,14,12201,0.002424590289592743,0.013143894262611866,0.013143894262611866
L14_N10822,14,10822,0.003997082356363535,0.013140005990862846,0.013140005990862846
L19_N6544,19,6544,0.01251431554555893,0.01313298661261797,0.01313298661261797
L13_N12265,13,12265,0.0022553391754627228,0.013120864517986774,0.013120864517986774
L22_N1002,22,1002,-0.0008418138022534549,-0.01310754008591175,0.01310754008591175
L16_N12338,16,12338,-0.002209101803600788,-0.013093682937324047,0.013093682937324047
L20_N11884,20,11884,-0.004487296100705862,-0.013091025874018669,0.013091025874018669
L15_N11849,15,11849,0.006979928817600012,0.013084622099995613,0.013084622099995613
L18_N10807,18,10807,0.010609027929604053,0.013077793642878532,0.013077793642878532
L18_N8547,18,8547,-0.0007404587231576443,-0.013072890229523182,0.013072890229523182
L24_N6393,24,6393,0.000950769055634737,0.013071566820144653,0.013071566820144653
L26_N6017,26,6017,-0.003976865671575069,-0.013063771650195122,0.013063771650195122
L15_N14279,15,14279,-0.0006841301801614463,0.01306021399796009,0.01306021399796009
L15_N1385,15,1385,0.010514100082218647,0.013055386021733284,0.013055386021733284
L17_N1660,17,1660,-0.000911939307115972,0.013041684404015541,0.013041684404015541
L18_N13864,18,13864,-0.003544615115970373,-0.01303610485047102,0.01303610485047102
L15_N13662,15,13662,-0.013167555443942547,-0.013033387251198292,0.013033387251198292
L19_N7330,19,7330,-0.00010853738058358431,-0.01302256714552641,0.01302256714552641
L15_N5940,15,5940,-0.003597815753892064,-0.013020636513829231,0.013020636513829231
L12_N12810,12,12810,-0.005102638620883226,-0.01301325112581253,0.01301325112581253
L22_N14108,22,14108,-0.0019116537878289819,-0.013011272065341473,0.013011272065341473
L14_N748,14,748,0.0005629432271234691,0.012992052361369133,0.012992052361369133
L14_N5314,14,5314,-0.0012663169763982296,-0.012981218285858631,0.012981218285858631
L24_N9183,24,9183,-0.011804035864770412,-0.012976554222404957,0.012976554222404957
L13_N5029,13,5029,0.002776801586151123,0.012970730662345886,0.012970730662345886
L21_N10658,21,10658,-0.0019100934732705355,-0.012969234958291054,0.012969234958291054
L18_N4266,18,4266,-0.0048508597537875175,-0.012956677004694939,0.012956677004694939
L19_N13423,19,13423,-0.00032343307975679636,0.012949461117386818,0.012949461117386818
L16_N7240,16,7240,-0.0010133504401892424,0.012945775873959064,0.012945775873959064
L13_N7549,13,7549,-0.011301209218800068,-0.012944173999130726,0.012944173999130726
L16_N5310,16,5310,-0.0016480237245559692,-0.012937761843204498,0.012937761843204498
L20_N4447,20,4447,0.0012989260721951723,0.012936565093696117,0.012936565093696117
L13_N5458,13,5458,0.0009031571680679917,0.012925383634865284,0.012925383634865284
L20_N8546,20,8546,0.001701569533906877,0.01292427908629179,0.01292427908629179
L16_N2246,16,2246,-0.0007798507576808333,-0.01291775144636631,0.01291775144636631
L19_N2866,19,2866,0.003645488293841481,0.01291379053145647,0.01291379053145647
L14_N758,14,758,-0.00019383907783776522,-0.012910382822155952,0.012910382822155952
L14_N32,14,32,-0.0006771883927285671,0.012903444468975067,0.012903444468975067
L15_N10689,15,10689,-0.013218698091804981,-0.012899113819003105,0.012899113819003105
L18_N7650,18,7650,0.00034372828667983413,-0.012882977724075317,0.012882977724075317
L14_N9745,14,9745,-0.0025826566852629185,-0.012877026572823524,0.012877026572823524
L18_N8488,18,8488,-0.0007954056491144001,-0.012875747866928577,0.012875747866928577
L14_N1406,14,1406,-0.0014030539896339178,-0.012873751111328602,0.012873751111328602
L15_N8958,15,8958,0.011010329239070415,0.012868468649685383,0.012868468649685383
L22_N11221,22,11221,-0.0010211647022515535,-0.012857059016823769,0.012857059016823769
L19_N12028,19,12028,-6.375615339493379e-05,0.01285482943058014,0.01285482943058014
L18_N1277,18,1277,-0.0011859789956361055,-0.012849179096519947,0.012849179096519947
L14_N6154,14,6154,-0.0007630757172591984,-0.01284397579729557,0.01284397579729557
L15_N8675,15,8675,0.0010729114292189479,0.012838746421039104,0.012838746421039104
L15_N8253,15,8253,-0.009244578890502453,-0.012838621623814106,0.012838621623814106
L17_N6261,17,6261,-0.0007341514574363828,-0.012835435569286346,0.012835435569286346
L14_N2805,14,2805,-0.005683793220669031,-0.012830793857574463,0.012830793857574463
L20_N11212,20,11212,-0.009097146801650524,-0.012825464829802513,0.012825464829802513
L19_N3356,19,3356,0.00368974800221622,0.012816935777664185,0.012816935777664185
L21_N8688,21,8688,0.0014068835880607367,-0.012815795838832855,0.012815795838832855
L14_N318,14,318,-0.003000577911734581,-0.012812243774533272,0.012812243774533272
L12_N2389,12,2389,-0.00045092665823176503,0.01281137764453888,0.01281137764453888
L19_N5244,19,5244,-0.00048540649004280567,-0.012795865535736084,0.012795865535736084
L12_N1115,12,1115,-0.004368843510746956,-0.012791402637958527,0.012791402637958527
L12_N3510,12,3510,-0.0004541291273199022,-0.01278193574398756,0.01278193574398756
L15_N4676,15,4676,0.0011011975584551692,0.012779505923390388,0.012779505923390388
L14_N3965,14,3965,0.002933557378128171,0.012776645831763744,0.012776645831763744
L14_N5500,14,5500,0.004587397910654545,0.012753522023558617,0.012753522023558617
L19_N7091,19,7091,-0.0007564535480923951,-0.01274822372943163,0.01274822372943163
L16_N5230,16,5230,0.003194863675162196,0.012742005288600922,0.012742005288600922
L13_N13059,13,13059,0.014081329107284546,0.012741252779960632,0.012741252779960632
L14_N3980,14,3980,0.002329419832676649,0.012737112119793892,0.012737112119793892
L18_N6503,18,6503,0.00038665300235152245,-0.012732557952404022,0.012732557952404022
L14_N8419,14,8419,0.007232670672237873,0.01272618304938078,0.01272618304938078
L13_N6373,13,6373,0.010415520519018173,0.012717446312308311,0.012717446312308311
L18_N8103,18,8103,0.006234261207282543,0.012714634649455547,0.012714634649455547
L13_N3205,13,3205,-0.007753739599138498,-0.012714074924588203,0.012714074924588203
L18_N3324,18,3324,-0.011793786659836769,-0.012702586129307747,0.012702586129307747
L12_N9204,12,9204,8.756176976021379e-05,-0.012692587450146675,0.012692587450146675
L21_N9941,21,9941,-0.0040274858474731445,-0.012689921073615551,0.012689921073615551
L14_N13340,14,13340,-0.0018507272470742464,-0.01268798392266035,0.01268798392266035
L14_N7250,14,7250,-0.0034608296118676662,-0.012683136388659477,0.012683136388659477
L25_N13216,25,13216,0.017722822725772858,0.012681533582508564,0.012681533582508564
L15_N13383,15,13383,-0.0069896383211016655,-0.012679940089583397,0.012679940089583397
L19_N6092,19,6092,0.00031400733860209584,-0.0126764802262187,0.0126764802262187
L17_N12499,17,12499,0.0007882580393925309,0.01267089881002903,0.01267089881002903
L12_N10081,12,10081,-0.0027912654913961887,-0.012646041810512543,0.012646041810512543
L13_N9585,13,9585,-0.008307981304824352,-0.012615722604095936,0.012615722604095936
L26_N1008,26,1008,0.011045786552131176,0.012602834030985832,0.012602834030985832
L15_N4404,15,4404,-0.0006691181333735585,-0.012589854188263416,0.012589854188263416
L19_N8627,19,8627,0.004922810010612011,-0.012586010619997978,0.012586010619997978
L24_N5471,24,5471,6.773821951355785e-05,-0.012584860436618328,0.012584860436618328
L17_N1858,17,1858,0.0018038088455796242,0.012580543756484985,0.012580543756484985
L13_N6153,13,6153,0.0037366673350334167,0.012576794251799583,0.012576794251799583
L12_N12584,12,12584,-0.00024561578175053,-0.012576311826705933,0.012576311826705933
L12_N1873,12,1873,0.0018767096335068345,0.012574519030749798,0.012574519030749798
L16_N7615,16,7615,-0.00130336987785995,0.01256715226918459,0.01256715226918459
L15_N6425,15,6425,-0.0021517842542380095,-0.012564023025333881,0.012564023025333881
L14_N3814,14,3814,0.00028799273422919214,0.012563565745949745,0.012563565745949745
L12_N12515,12,12515,0.0006337228114716709,0.012559722177684307,0.012559722177684307
L24_N3980,24,3980,-0.007305280305445194,-0.012558519840240479,0.012558519840240479
L16_N427,16,427,-0.0010542755480855703,-0.012542681768536568,0.012542681768536568
L12_N9580,12,9580,-0.005402897484600544,-0.01254119724035263,0.01254119724035263
L15_N4402,15,4402,-0.0012907785130664706,0.01253538578748703,0.01253538578748703
L14_N2756,14,2756,-0.0001482780498918146,0.012524016201496124,0.012524016201496124
L15_N1101,15,1101,-0.010041121393442154,-0.012520787306129932,0.012520787306129932
L24_N6584,24,6584,-0.006697066128253937,-0.012520648539066315,0.012520648539066315
L26_N2296,26,2296,0.010163805447518826,0.012514050118625164,0.012514050118625164
L18_N14327,18,14327,-0.00010653422214090824,-0.012494081631302834,0.012494081631302834
L12_N279,12,279,0.0019485870143398643,0.012485234066843987,0.012485234066843987
L18_N14196,18,14196,0.0007338373688980937,-0.012482714839279652,0.012482714839279652
L14_N2988,14,2988,-0.0025193735491484404,-0.012477944605052471,0.012477944605052471
L20_N1043,20,1043,0.012259293347597122,0.012472396716475487,0.012472396716475487
L14_N6221,14,6221,0.003346237586811185,0.012463895604014397,0.012463895604014397
L17_N7942,17,7942,-0.003541194600984454,-0.012449073605239391,0.012449073605239391
L16_N11603,16,11603,0.002373242750763893,-0.012429662048816681,0.012429662048816681
L12_N7366,12,7366,0.002940538339316845,0.012424626387655735,0.012424626387655735
L17_N8218,17,8218,0.015697797760367393,0.01241910457611084,0.01241910457611084
L12_N2553,12,2553,0.000597564154304564,-0.012417263351380825,0.012417263351380825
L22_N4767,22,4767,-0.00043271732283756137,-0.012413411401212215,0.012413411401212215
L14_N8004,14,8004,-0.002603288274258375,-0.012410302646458149,0.012410302646458149
L14_N233,14,233,0.013673591427505016,0.0123948585242033,0.0123948585242033
L13_N7107,13,7107,-0.0034055407159030437,-0.01239481009542942,0.01239481009542942
L19_N14162,19,14162,-0.0034731891937553883,0.01238294504582882,0.01238294504582882
L12_N7061,12,7061,0.00027457549003884196,0.01238047145307064,0.01238047145307064
L14_N7276,14,7276,-0.002255271887406707,-0.012379985302686691,0.012379985302686691
L17_N3440,17,3440,5.58558022021316e-05,0.012379730120301247,0.012379730120301247
L12_N5503,12,5503,-0.004832023289054632,-0.012374823912978172,0.012374823912978172
L14_N3455,14,3455,-0.0032076698262244463,-0.012371830642223358,0.012371830642223358
L12_N13634,12,13634,-0.0024781168904155493,-0.012361212633550167,0.012361212633550167
L13_N2358,13,2358,0.0008351203869096935,-0.012359625659883022,0.012359625659883022
L21_N10065,21,10065,-0.0017303889617323875,-0.012358585372567177,0.012358585372567177
L17_N167,17,167,0.003297376912087202,0.0123512027785182,0.0123512027785182
L15_N5149,15,5149,-2.221204375985053e-08,-0.012338301166892052,0.012338301166892052
L21_N2408,21,2408,0.0012854719534516335,0.012336988002061844,0.012336988002061844
L15_N5279,15,5279,-0.012325906194746494,-0.012332713231444359,0.012332713231444359
L19_N10660,19,10660,0.022994058206677437,0.012330608442425728,0.012330608442425728
L16_N3587,16,3587,0.0013907942920923233,0.012328567914664745,0.012328567914664745
L24_N5318,24,5318,-0.0013961752410978079,0.012324221432209015,0.012324221432209015
L19_N10901,19,10901,0.0013469529803842306,0.012320950627326965,0.012320950627326965
L19_N10266,19,10266,-0.0068114944733679295,-0.01232052780687809,0.01232052780687809
L18_N9807,18,9807,0.0002061787963612005,-0.012314975261688232,0.012314975261688232
L20_N8538,20,8538,-3.566546411093441e-06,-0.012311973609030247,0.012311973609030247
L16_N10370,16,10370,-0.013052414171397686,-0.012304413132369518,0.012304413132369518
L12_N13860,12,13860,-0.00043488145456649363,0.012294956482946873,0.012294956482946873
L22_N4146,22,4146,0.004834353923797607,0.012293609790503979,0.012293609790503979
L14_N9252,14,9252,0.0031925016082823277,0.01227646879851818,0.01227646879851818
L21_N8599,21,8599,-0.0042033991776406765,-0.012274747714400291,0.012274747714400291
L25_N1471,25,1471,-0.011254055425524712,-0.012273775413632393,0.012273775413632393
L13_N12499,13,12499,-0.011797080747783184,-0.012269699946045876,0.012269699946045876
L17_N1377,17,1377,0.0004872158169746399,0.012258957140147686,0.012258957140147686
L13_N6745,13,6745,0.0010759554570540786,0.012231796979904175,0.012231796979904175
L16_N11285,16,11285,-7.175824430305511e-05,-0.012231718748807907,0.012231718748807907
L12_N14004,12,14004,0.00409698486328125,0.012231050059199333,0.012231050059199333
L15_N4156,15,4156,-0.00038491428131237626,0.012225533835589886,0.012225533835589886
L19_N7409,19,7409,-0.0018319257069379091,0.012201867066323757,0.012201867066323757
L16_N14291,16,14291,0.004807311575859785,0.012198631651699543,0.012198631651699543
L20_N4013,20,4013,0.0009468694915995002,0.012194149196147919,0.012194149196147919
L12_N11481,12,11481,0.00346546433866024,0.012194052338600159,0.012194052338600159
L16_N9703,16,9703,-0.0003638866764958948,-0.012194043025374413,0.012194043025374413
L16_N2744,16,2744,0.00043645183905027807,0.012185977771878242,0.012185977771878242
L14_N7888,14,7888,-0.01656177081167698,-0.012183071114122868,0.012183071114122868
L14_N13193,14,13193,0.00023666470951866359,0.012176844291388988,0.012176844291388988
L19_N11122,19,11122,-0.0019093670416623354,-0.012171478942036629,0.012171478942036629
L19_N3165,19,3165,-0.01102406531572342,-0.012162214145064354,0.012162214145064354
L19_N11595,19,11595,0.005205803085118532,0.012161051854491234,0.012161051854491234
L17_N13161,17,13161,-0.0040474263951182365,-0.012153453193604946,0.012153453193604946
L14_N6736,14,6736,-0.0005051668849773705,0.01214801985770464,0.01214801985770464
L20_N593,20,593,-0.016966793686151505,-0.012138626538217068,0.012138626538217068
L16_N1490,16,1490,0.0032164305448532104,0.01212996058166027,0.01212996058166027
L17_N7078,17,7078,-0.00027906702598556876,0.012129811570048332,0.012129811570048332
L12_N12651,12,12651,-0.001107115182094276,0.012122521176934242,0.012122521176934242
L12_N1548,12,1548,-0.0013390565291047096,-0.012108204886317253,0.012108204886317253
L16_N5619,16,5619,-0.010388566181063652,-0.012103723362088203,0.012103723362088203
L18_N12201,18,12201,0.00036872754571959376,-0.012088216841220856,0.012088216841220856
L17_N6513,17,6513,-0.010790092870593071,-0.012072932906448841,0.012072932906448841
L14_N8940,14,8940,8.108499605441466e-05,0.012070251628756523,0.012070251628756523
L12_N3698,12,3698,-6.23828309471719e-05,0.012056570500135422,0.012056570500135422
L14_N6116,14,6116,0.0022079083137214184,0.01204422116279602,0.01204422116279602
L14_N13921,14,13921,0.004241202957928181,0.01203948725014925,0.01203948725014925
L25_N10273,25,10273,-0.011998371221125126,-0.012035123072564602,0.012035123072564602
L17_N7522,17,7522,0.011532259173691273,0.012033326551318169,0.012033326551318169
L24_N1111,24,1111,-0.008107970468699932,-0.01203236822038889,0.01203236822038889
L17_N11746,17,11746,0.011928705498576164,0.01202296745032072,0.01202296745032072
L15_N13441,15,13441,-0.0017832259181886911,-0.012021906673908234,0.012021906673908234
L20_N6718,20,6718,0.0005971247446723282,-0.012013592757284641,0.012013592757284641
L12_N5447,12,5447,-0.002630916889756918,-0.01201205886900425,0.01201205886900425
L14_N2535,14,2535,0.008850710466504097,0.012005099095404148,0.012005099095404148
L17_N12,17,12,0.0016509341076016426,0.012003738433122635,0.012003738433122635
L16_N3805,16,3805,-0.004240603186190128,-0.011997347697615623,0.011997347697615623
L20_N1292,20,1292,-0.00016178171790670604,0.011996619403362274,0.011996619403362274
L18_N13487,18,13487,-0.00021995515271555632,-0.0119939548894763,0.0119939548894763
L20_N2979,20,2979,0.0016801103483885527,-0.011982107535004616,0.011982107535004616
L22_N10830,22,10830,-0.009395886212587357,-0.011968398466706276,0.011968398466706276
L15_N5031,15,5031,0.0009954316774383187,-0.01195765845477581,0.01195765845477581
L17_N13589,17,13589,0.00893392227590084,0.011954182758927345,0.011954182758927345
L16_N4210,16,4210,-0.0018117086729034781,-0.011953804641962051,0.011953804641962051
L15_N1210,15,1210,-0.0015764677664265037,-0.01195286400616169,0.01195286400616169
L25_N5503,25,5503,0.0070958128198981285,0.011952446773648262,0.011952446773648262
L19_N10704,19,10704,-0.00137547985650599,-0.011950555257499218,0.011950555257499218
L19_N13563,19,13563,-0.009829262271523476,-0.011936030350625515,0.011936030350625515
L12_N6191,12,6191,0.0013433590065687895,0.011933954432606697,0.011933954432606697
L17_N6958,17,6958,0.0007996919448487461,-0.011932333000004292,0.011932333000004292
L12_N6932,12,6932,0.0012064387556165457,0.011930851265788078,0.011930851265788078
L16_N10800,16,10800,-0.0011825987603515387,-0.011928671970963478,0.011928671970963478
L14_N2602,14,2602,-0.0036562681198120117,-0.011923001147806644,0.011923001147806644
L22_N8118,22,8118,-0.01238980796188116,-0.011922838166356087,0.011922838166356087
L19_N13064,19,13064,0.0003232230374123901,0.01192096434533596,0.01192096434533596
L12_N6744,12,6744,-0.0043453024700284,-0.011917252093553543,0.011917252093553543
L15_N6397,15,6397,-0.0003402169677428901,-0.011903808452188969,0.011903808452188969
L18_N11460,18,11460,-0.0003835955576505512,-0.011901995167136192,0.011901995167136192
L16_N5347,16,5347,4.2922190914396197e-05,-0.011895790696144104,0.011895790696144104
L18_N419,18,419,-0.0002783772652037442,-0.01189450453966856,0.01189450453966856
L16_N12805,16,12805,0.01314396969974041,0.011881280690431595,0.011881280690431595
L20_N1587,20,1587,-0.0015787031734362245,-0.011877882294356823,0.011877882294356823
L19_N13509,19,13509,-0.010822923853993416,-0.01187724806368351,0.01187724806368351
L14_N5764,14,5764,5.465677168103866e-05,0.011876777745783329,0.011876777745783329
L19_N10193,19,10193,0.0005305088125169277,0.011872525326907635,0.011872525326907635
L20_N5508,20,5508,-0.0030838276725262403,-0.011866229586303234,0.011866229586303234
L12_N6334,12,6334,-0.008685937151312828,-0.011861433275043964,0.011861433275043964
L22_N11642,22,11642,0.004638544283807278,0.011847362853586674,0.011847362853586674
L14_N13853,14,13853,-0.0016214854549616575,-0.011837412603199482,0.011837412603199482
L23_N3421,23,3421,0.0019723374862223864,-0.011828800663352013,0.011828800663352013
L16_N8601,16,8601,2.374473297095392e-05,-0.011825493536889553,0.011825493536889553
L15_N976,15,976,0.002656932920217514,0.011821170337498188,0.011821170337498188
L25_N10860,25,10860,0.00011532237112987787,-0.01180917676538229,0.01180917676538229
L19_N6059,19,6059,0.012824025936424732,0.0118087287992239,0.0118087287992239
L12_N2114,12,2114,0.0007168754818849266,-0.011800991371273994,0.011800991371273994
L17_N3724,17,3724,-0.0011079225223511457,0.011800738051533699,0.011800738051533699
L20_N1430,20,1430,-0.001660122536122799,-0.011787191033363342,0.011787191033363342
L17_N9250,17,9250,0.002743480261415243,0.011770814657211304,0.011770814657211304
L14_N3327,14,3327,-0.006352166645228863,-0.01173209585249424,0.01173209585249424
L13_N7932,13,7932,0.0038407195825129747,0.011721132323145866,0.011721132323145866
L20_N13025,20,13025,0.00015431808424182236,-0.011717602610588074,0.011717602610588074
L15_N13519,15,13519,-0.008914800360798836,-0.011710613034665585,0.011710613034665585
L12_N9656,12,9656,-0.002451683161780238,-0.011708316393196583,0.011708316393196583
L19_N13696,19,13696,-0.0006251472514122725,-0.011706297285854816,0.011706297285854816
L13_N8061,13,8061,-0.0014299241593107581,-0.011703148484230042,0.011703148484230042
L20_N9623,20,9623,0.0016975231701508164,0.011700751259922981,0.011700751259922981
L15_N5007,15,5007,0.005154827143996954,0.011700187809765339,0.011700187809765339
L16_N6458,16,6458,0.004165214486420155,0.011688548140227795,0.011688548140227795
L22_N7467,22,7467,-0.008522175252437592,-0.01168268732726574,0.01168268732726574
L18_N9217,18,9217,-0.0004046055837534368,-0.011677209287881851,0.011677209287881851
L17_N11999,17,11999,0.00057261623442173,-0.011672763153910637,0.011672763153910637
L14_N4736,14,4736,0.001614116714335978,-0.011661787517368793,0.011661787517368793
L16_N2301,16,2301,-0.007032202091068029,-0.011656618677079678,0.011656618677079678
L21_N10353,21,10353,-0.0016206515720114112,0.0116510521620512,0.0116510521620512
L18_N6868,18,6868,0.0031318366527557373,0.011648347601294518,0.011648347601294518
L20_N12291,20,12291,-0.007029096130281687,-0.011644194833934307,0.011644194833934307
L20_N2128,20,2128,-0.003975864499807358,-0.01164248026907444,0.01164248026907444
L17_N13385,17,13385,-0.01036280207335949,-0.011631300672888756,0.011631300672888756
L12_N12263,12,12263,0.0056572239845991135,0.011630674824118614,0.011630674824118614
L18_N3478,18,3478,-0.0006810618797317147,0.01162664219737053,0.01162664219737053
L17_N5030,17,5030,-0.012762700207531452,-0.01162330899387598,0.01162330899387598
L14_N9273,14,9273,-0.0003137197927571833,-0.011619619093835354,0.011619619093835354
L17_N795,17,795,0.0014512448105961084,0.011616122908890247,0.011616122908890247
L13_N1221,13,1221,0.0015089679509401321,0.01160978339612484,0.01160978339612484
L17_N12793,17,12793,-0.002678446937352419,-0.01159446407109499,0.01159446407109499
L17_N826,17,826,-0.010952186770737171,-0.011590738780796528,0.011590738780796528
L12_N7277,12,7277,0.003600663971155882,0.011586547829210758,0.011586547829210758
L12_N7131,12,7131,-7.426123192999512e-05,0.011583973653614521,0.011583973653614521
L18_N13390,18,13390,0.00310338893905282,0.011577555909752846,0.011577555909752846
L26_N10586,26,10586,-0.0008373323944397271,-0.011572743766009808,0.011572743766009808
L15_N8147,15,8147,-0.007060643285512924,-0.011571443639695644,0.011571443639695644
L15_N11703,15,11703,-5.532585782930255e-05,-0.011570243164896965,0.011570243164896965
L12_N9833,12,9833,0.0007346797501668334,-0.011561975814402103,0.011561975814402103
L17_N6182,17,6182,-0.0002782992087304592,-0.011561490595340729,0.011561490595340729
L22_N13801,22,13801,0.005037512164562941,0.011553036980330944,0.011553036980330944
L26_N6704,26,6704,0.010100369341671467,0.011545108631253242,0.011545108631253242
L15_N2532,15,2532,-0.0004128849250264466,-0.011544421315193176,0.011544421315193176
L17_N10545,17,10545,-0.002942737890407443,0.01153339259326458,0.01153339259326458
L13_N1821,13,1821,0.0017781611531972885,0.01153316255658865,0.01153316255658865
L25_N12746,25,12746,-0.0011729539837688208,-0.011530076153576374,0.011530076153576374
L19_N13987,19,13987,-0.0032093084882944822,-0.011529700830578804,0.011529700830578804
L13_N11980,13,11980,-0.004065657500177622,-0.011524024419486523,0.011524024419486523
L13_N14240,13,14240,0.00044673014781437814,-0.011522635817527771,0.011522635817527771
L25_N14254,25,14254,-0.008805736899375916,-0.01152055710554123,0.01152055710554123
L22_N1544,22,1544,0.0025796061381697655,0.011520078405737877,0.011520078405737877
L21_N1197,21,1197,0.00963519886136055,0.011507916264235973,0.011507916264235973
L14_N11521,14,11521,0.003107126336544752,0.011507894843816757,0.011507894843816757
L20_N4458,20,4458,0.010429243557155132,0.01148392166942358,0.01148392166942358
L17_N8692,17,8692,-0.00038637808756902814,-0.011480003595352173,0.011480003595352173
L16_N13950,16,13950,-0.00015055744734127074,-0.011479198932647705,0.011479198932647705
L16_N4130,16,4130,-7.470355194527656e-05,0.011478201486170292,0.011478201486170292
L18_N12377,18,12377,-0.0004313850658945739,-0.011475671082735062,0.011475671082735062
L16_N14223,16,14223,0.00018927219207398593,0.011475088074803352,0.011475088074803352
L14_N9061,14,9061,0.00015774615167174488,-0.011466717347502708,0.011466717347502708
L17_N13212,17,13212,-0.0010870920959860086,-0.011466647498309612,0.011466647498309612
L14_N113,14,113,0.0028580049984157085,0.011463548056781292,0.011463548056781292
L19_N4368,19,4368,-0.004898893181234598,-0.011461966671049595,0.011461966671049595
L16_N7952,16,7952,-0.0008006228017620742,-0.011454296298325062,0.011454296298325062
L16_N6084,16,6084,0.0026642612647265196,0.011451905593276024,0.011451905593276024
L18_N6154,18,6154,-0.0025908504612743855,-0.011449199169874191,0.011449199169874191
L17_N9261,17,9261,0.0002338714402867481,0.011442458257079124,0.011442458257079124
L20_N7917,20,7917,-0.0070603154599666595,-0.01143576018512249,0.01143576018512249
L14_N453,14,453,0.00032846941030584276,-0.011420201510190964,0.011420201510190964
L15_N5847,15,5847,0.003727129427716136,0.01141938753426075,0.01141938753426075
L12_N7597,12,7597,0.000137350129080005,-0.011409482918679714,0.011409482918679714
L14_N8920,14,8920,-0.0009398603579029441,-0.011401270516216755,0.011401270516216755
L12_N12457,12,12457,0.00097738450858742,0.01138959638774395,0.01138959638774395
L16_N3616,16,3616,0.010592546314001083,0.011387575417757034,0.011387575417757034
L16_N10957,16,10957,0.0012341003166511655,0.011385058984160423,0.011385058984160423
L19_N4484,19,4484,-0.00018994355923496187,0.011379677802324295,0.011379677802324295
L16_N2830,16,2830,-0.001967144198715687,-0.011378943920135498,0.011378943920135498
L26_N6068,26,6068,0.003651649923995137,-0.011378228664398193,0.011378228664398193
L14_N10236,14,10236,0.0008105378365144134,0.011375682428479195,0.011375682428479195
L17_N2843,17,2843,0.0010363163892179728,0.011372634209692478,0.011372634209692478
L24_N11284,24,11284,-5.6908816077339e-06,-0.01136994268745184,0.01136994268745184
L16_N524,16,524,0.0008186910999938846,-0.011363779194653034,0.011363779194653034
L16_N8492,16,8492,0.008662557229399681,0.011360075324773788,0.011360075324773788
L17_N13898,17,13898,-0.011721311137080193,-0.01135864295065403,0.01135864295065403
L14_N8947,14,8947,0.00014120708510745317,0.011331388726830482,0.011331388726830482
L13_N7498,13,7498,-0.0028281998820602894,-0.011328811757266521,0.011328811757266521
L15_N12798,15,12798,0.00035083378315903246,0.011328003369271755,0.011328003369271755
L15_N3186,15,3186,-0.0026510837487876415,-0.011324629187583923,0.011324629187583923
L16_N1762,16,1762,-0.005075857043266296,-0.011321318335831165,0.011321318335831165
L13_N1994,13,1994,-0.00010556414781603962,0.011320068500936031,0.011320068500936031
L13_N5059,13,5059,-0.001995164668187499,-0.011315456591546535,0.011315456591546535
L15_N1063,15,1063,5.001323370379396e-05,-0.011313115246593952,0.011313115246593952
L14_N11462,14,11462,-0.0003564151411410421,0.011313109658658504,0.011313109658658504
L19_N4391,19,4391,0.00390537828207016,0.01131257601082325,0.01131257601082325
L18_N10444,18,10444,0.005890095606446266,0.01130828820168972,0.01130828820168972
L14_N14291,14,14291,0.000894961238373071,0.011307137086987495,0.011307137086987495
L13_N10423,13,10423,-0.0007349090883508325,-0.011292658746242523,0.011292658746242523
L12_N4240,12,4240,-0.0030056657269597054,-0.011290101334452629,0.011290101334452629
L16_N12896,16,12896,0.003683061571791768,0.011289778165519238,0.011289778165519238
L21_N6496,21,6496,0.011121677234768867,0.011285246349871159,0.011285246349871159
L18_N6980,18,6980,0.0026285038329660892,0.011276784352958202,0.011276784352958202
L21_N3447,21,3447,0.00021860729611944407,-0.011272876523435116,0.011272876523435116
L16_N12205,16,12205,-0.0014585654716938734,-0.011257806792855263,0.011257806792855263
L24_N4565,24,4565,-0.0005624962504953146,-0.011255485005676746,0.011255485005676746
L20_N12068,20,12068,3.502863910398446e-05,-0.011253796517848969,0.011253796517848969
L12_N88,12,88,0.0011274982243776321,0.011242995038628578,0.011242995038628578
L16_N2391,16,2391,-0.007893296889960766,-0.01123399380594492,0.01123399380594492
L13_N4250,13,4250,0.007504856679588556,0.01122319046407938,0.01122319046407938
L17_N11301,17,11301,0.004909873008728027,0.011220951564610004,0.011220951564610004
L19_N10127,19,10127,0.007880658842623234,0.011217792518436909,0.011217792518436909
L22_N10897,22,10897,-0.00030194310238584876,0.011215006932616234,0.011215006932616234
L20_N13483,20,13483,0.00044005512609146535,-0.01121452171355486,0.01121452171355486
L25_N4354,25,4354,-0.0006932081887498498,0.011214128695428371,0.011214128695428371
L16_N2320,16,2320,0.0033970572985708714,0.011213927529752254,0.011213927529752254
L17_N1290,17,1290,-0.002512122504413128,-0.011206699535250664,0.011206699535250664
L13_N5595,13,5595,-0.0016266952734440565,-0.011205770075321198,0.011205770075321198
L13_N13561,13,13561,-0.00319318356923759,-0.011200854554772377,0.011200854554772377
L17_N6409,17,6409,0.002197150606662035,0.011197228915989399,0.011197228915989399
L16_N10902,16,10902,0.0010678081307560205,0.01119440607726574,0.01119440607726574
L15_N10677,15,10677,-0.0052499365992844105,-0.011187885887920856,0.011187885887920856
L14_N1633,14,1633,0.0014715675497427583,-0.011183716356754303,0.011183716356754303
L18_N6644,18,6644,-0.000947151449508965,-0.011175151914358139,0.011175151914358139
L15_N2107,15,2107,5.403533577919006e-06,0.011168302968144417,0.011168302968144417
L22_N12913,22,12913,0.0067405300214886665,0.0111664067953825,0.0111664067953825
L16_N4039,16,4039,0.011248658411204815,0.011158252134919167,0.011158252134919167
L16_N11498,16,11498,-0.00017411494627594948,0.011149963364005089,0.011149963364005089
L14_N5480,14,5480,-6.016823317622766e-05,-0.011149761267006397,0.011149761267006397
L18_N12637,18,12637,0.0012426081812009215,0.011146598495543003,0.011146598495543003
L12_N5735,12,5735,0.0005910906475037336,-0.011139728128910065,0.011139728128910065
L25_N2887,25,2887,-0.010312199592590332,-0.011139390990138054,0.011139390990138054
L18_N1519,18,1519,-0.0006260628579184413,-0.011136692017316818,0.011136692017316818
L13_N13179,13,13179,-0.00021616304002236575,0.01113651879131794,0.01113651879131794
L18_N2131,18,2131,0.0005876995855942369,0.011135393753647804,0.011135393753647804
L18_N847,18,847,9.518931619822979e-05,-0.011134127154946327,0.011134127154946327
L17_N2671,17,2671,-0.0004311060474719852,-0.011134026572108269,0.011134026572108269
L17_N11512,17,11512,0.0023127549793571234,0.011119479313492775,0.011119479313492775
L16_N6239,16,6239,0.001956534804776311,0.011116750538349152,0.011116750538349152
L16_N144,16,144,-0.001999795902520418,-0.0111131826415658,0.0111131826415658
L14_N3337,14,3337,0.0018601987976580858,0.011112691834568977,0.011112691834568977
L16_N2499,16,2499,0.0067625390365719795,0.011098947376012802,0.011098947376012802
L17_N10482,17,10482,-0.0021824375726282597,-0.011098752729594707,0.011098752729594707
L16_N11500,16,11500,0.0006109764217399061,-0.011092317290604115,0.011092317290604115
L14_N13344,14,13344,-0.0008758165058679879,-0.01108388788998127,0.01108388788998127
L20_N5198,20,5198,0.008333316072821617,0.011072798632085323,0.011072798632085323
L14_N442,14,442,0.001783855026587844,0.011060954071581364,0.011060954071581364
L21_N2877,21,2877,0.010414453223347664,0.011056900024414062,0.011056900024414062
L14_N4869,14,4869,-0.006717167794704437,-0.011055909097194672,0.011055909097194672
L12_N8332,12,8332,-0.005907919257879257,-0.011050878092646599,0.011050878092646599
L12_N4702,12,4702,-0.00023818519548512995,-0.011049613356590271,0.011049613356590271
L26_N7911,26,7911,-0.0003311188775114715,-0.011046696454286575,0.011046696454286575
L18_N4209,18,4209,0.010649346746504307,0.011024510487914085,0.011024510487914085
L23_N2417,23,2417,0.00022052395797800273,0.011012131348252296,0.011012131348252296
L17_N10294,17,10294,-0.003978109918534756,-0.010995986871421337,0.010995986871421337
L23_N3462,23,3462,-0.0001032020227285102,-0.010991549119353294,0.010991549119353294
L17_N1276,17,1276,0.011033445596694946,0.010989644564688206,0.010989644564688206
L19_N12004,19,12004,-0.000311193784000352,0.01098601333796978,0.01098601333796978
L21_N10373,21,10373,0.001993882702663541,0.01098098885267973,0.01098098885267973
L17_N393,17,393,-0.0010592123726382852,-0.010976443998515606,0.010976443998515606
L26_N1396,26,1396,-0.010986908338963985,-0.010975565761327744,0.010975565761327744
L18_N13177,18,13177,0.00020013292669318616,-0.01096715684980154,0.01096715684980154
L17_N11942,17,11942,-0.00192023697309196,-0.010964402928948402,0.010964402928948402
L15_N12360,15,12360,0.0025984314270317554,0.01096439454704523,0.01096439454704523
L18_N2583,18,2583,-0.011352240107953548,-0.01096284482628107,0.01096284482628107
L17_N9037,17,9037,-0.0021707352716475725,-0.010957976803183556,0.010957976803183556
L18_N9137,18,9137,-0.000502142240293324,0.01094250287860632,0.01094250287860632
L15_N12376,15,12376,-0.010226311162114143,-0.010938754305243492,0.010938754305243492
L20_N1117,20,1117,0.0072835832834243774,0.01093222014605999,0.01093222014605999
L15_N87,15,87,0.0006416479591280222,-0.01092217955738306,0.01092217955738306
L19_N4830,19,4830,-0.0007880269549787045,-0.010920562781393528,0.010920562781393528
L14_N5868,14,5868,-0.009278202429413795,-0.010918611660599709,0.010918611660599709
L15_N9405,15,9405,0.0012957606231793761,0.010912897065281868,0.010912897065281868
L15_N11853,15,11853,0.006333561148494482,0.010912425816059113,0.010912425816059113
L15_N5066,15,5066,0.002685036975890398,0.010911409743130207,0.010911409743130207
L16_N10761,16,10761,-0.0003478345461189747,-0.01091126911342144,0.01091126911342144
L20_N8507,20,8507,-0.0001378843153361231,0.010911106131970882,0.010911106131970882
L16_N3767,16,3767,-0.00016957423940766603,-0.010910985060036182,0.010910985060036182
L12_N3381,12,3381,0.00010232099884888157,0.010910548269748688,0.010910548269748688
L13_N13148,13,13148,-0.003081649774685502,-0.010909867472946644,0.010909867472946644
L16_N7821,16,7821,0.004722765646874905,0.010907934978604317,0.010907934978604317
L19_N8506,19,8506,-0.0002247381053166464,-0.010906224139034748,0.010906224139034748
L13_N6850,13,6850,-0.0011227130889892578,-0.010903345420956612,0.010903345420956612
L14_N2251,14,2251,0.0008025453425943851,0.010899301618337631,0.010899301618337631
L18_N8446,18,8446,-0.007737840060144663,-0.010897813364863396,0.010897813364863396
L24_N8754,24,8754,0.001579546951688826,0.010884865187108517,0.010884865187108517
L19_N1495,19,1495,-0.005365508142858744,-0.01086438912898302,0.01086438912898302
L16_N1476,16,1476,-0.006144237704575062,-0.010863698087632656,0.010863698087632656
L15_N13157,15,13157,0.006582560949027538,0.010862613096833229,0.010862613096833229
L15_N3965,15,3965,-0.0015156480949372053,-0.010861660353839397,0.010861660353839397
L12_N3025,12,3025,-0.00013820678577758372,-0.010859861969947815,0.010859861969947815
L21_N10031,21,10031,0.0009333105990663171,0.010855435393750668,0.010855435393750668
L13_N6356,13,6356,0.008816675283014774,0.01085405983030796,0.01085405983030796
L17_N13407,17,13407,-9.27033215702977e-06,-0.010853933170437813,0.010853933170437813
L21_N6871,21,6871,-0.009662145748734474,-0.010852689854800701,0.010852689854800701
L15_N5618,15,5618,-0.005059119313955307,-0.010848825797438622,0.010848825797438622
L15_N867,15,867,-0.0017111652996391058,-0.010845881886780262,0.010845881886780262
L16_N9212,16,9212,0.00047537064529024065,0.010845070704817772,0.010845070704817772
L12_N9288,12,9288,0.007068751845508814,0.010833961889147758,0.010833961889147758
L18_N4525,18,4525,-0.0007658324320800602,-0.010831017047166824,0.010831017047166824
L26_N8727,26,8727,-0.01081867516040802,-0.01082579419016838,0.01082579419016838
L21_N1917,21,1917,-0.0007146748248487711,0.010822710581123829,0.010822710581123829
L13_N8333,13,8333,0.0008801000076346099,0.01081421785056591,0.01081421785056591
L15_N14262,15,14262,0.001999903004616499,0.0108041912317276,0.0108041912317276
L16_N9887,16,9887,0.0024515222758054733,0.010801437310874462,0.010801437310874462
L23_N2283,23,2283,0.0033880651462823153,0.010797059163451195,0.010797059163451195
L18_N3204,18,3204,0.005695018917322159,0.010795248672366142,0.010795248672366142
L12_N11556,12,11556,-0.0018061887240037322,-0.01079257857054472,0.01079257857054472
L22_N1167,22,1167,-0.0047897594049572945,-0.010790144093334675,0.010790144093334675
L16_N986,16,986,-0.0011879901867359877,-0.010789701715111732,0.010789701715111732
L12_N4154,12,4154,0.0017150333151221275,0.010787351988255978,0.010787351988255978
L15_N11459,15,11459,0.0006305905990302563,0.010784484446048737,0.010784484446048737
L13_N4678,13,4678,-0.0014468854060396552,-0.010779750533401966,0.010779750533401966
L15_N11181,15,11181,-0.006887953728437424,0.01077678520232439,0.01077678520232439
L12_N1484,12,1484,-0.0035854794550687075,-0.010762177407741547,0.010762177407741547
L13_N1577,13,1577,0.0007990431040525436,0.010760827921330929,0.010760827921330929
L17_N6555,17,6555,-0.00043321019620634615,0.010757524520158768,0.010757524520158768
L18_N4582,18,4582,-0.0008136763935908675,-0.010753528214991093,0.010753528214991093
L23_N196,23,196,-7.083872333168983e-05,0.010748641565442085,0.010748641565442085
L22_N12518,22,12518,-0.007322406861931086,-0.010747039690613747,0.010747039690613747
L14_N6734,14,6734,9.007752055367746e-07,-0.010745388455688953,0.010745388455688953
L15_N11016,15,11016,-0.00010760510485852137,0.010744282975792885,0.010744282975792885
L15_N7592,15,7592,-0.00014190198271535337,0.01074078120291233,0.01074078120291233
L19_N4787,19,4787,-0.0010532186133787036,-0.010739961639046669,0.010739961639046669
L18_N5855,18,5855,0.0022844523191452026,0.010739846155047417,0.010739846155047417
L17_N4751,17,4751,1.0093487617268693e-05,-0.010738343931734562,0.010738343931734562
L16_N13008,16,13008,0.006019624415785074,0.01073572225868702,0.01073572225868702
L13_N12059,13,12059,-0.011522162705659866,-0.01073464285582304,0.01073464285582304
L22_N3970,22,3970,-0.00023577350657433271,0.010730603709816933,0.010730603709816933
L15_N7618,15,7618,-0.0003063445910811424,-0.010727154091000557,0.010727154091000557
L17_N14159,17,14159,0.0010999434161931276,0.010724520310759544,0.010724520310759544
L14_N6780,14,6780,-0.0008274199208244681,-0.010710136033594608,0.010710136033594608
L14_N6647,14,6647,-0.007955877110362053,-0.01070953905582428,0.01070953905582428
L18_N7417,18,7417,0.0009042441961355507,-0.010708470828831196,0.010708470828831196
L12_N10157,12,10157,0.0022123921662569046,0.01070377416908741,0.01070377416908741
L20_N3178,20,3178,0.004794811364263296,0.010692287236452103,0.010692287236452103
L17_N2545,17,2545,-0.0013246496673673391,-0.010692046955227852,0.010692046955227852
L16_N2232,16,2232,0.00811256654560566,0.010688615031540394,0.010688615031540394
L17_N5570,17,5570,0.005889827851206064,0.010681750252842903,0.010681750252842903
L21_N10799,21,10799,0.006885184906423092,0.01068008504807949,0.01068008504807949
L18_N3575,18,3575,-0.010150151327252388,-0.010675767436623573,0.010675767436623573
L15_N12922,15,12922,-0.002530213911086321,-0.01066798809915781,0.01066798809915781
L15_N12571,15,12571,-0.0005850758170709014,0.010667538270354271,0.010667538270354271
L15_N7050,15,7050,-0.002375213894993067,-0.01066629122942686,0.01066629122942686
L17_N3744,17,3744,0.010563154704868793,0.010663783177733421,0.010663783177733421
L14_N9173,14,9173,-2.578897328930907e-05,0.010663317516446114,0.010663317516446114
L13_N13500,13,13500,-0.008117331191897392,-0.010660964995622635,0.010660964995622635
L26_N2537,26,2537,0.0027509236242622137,0.010658113285899162,0.010658113285899162
L23_N10942,23,10942,0.006739278789609671,0.010656562633812428,0.010656562633812428
L14_N11988,14,11988,-0.0011963339056819677,-0.010655625723302364,0.010655625723302364
L21_N5403,21,5403,-0.0002025686699198559,-0.010654494166374207,0.010654494166374207
L13_N3837,13,3837,0.0004908103728666902,0.010652936063706875,0.010652936063706875
L17_N2272,17,2272,-0.0006968649686314166,0.010651182383298874,0.010651182383298874
L15_N8356,15,8356,-0.012310054153203964,-0.010628505609929562,0.010628505609929562
L14_N10969,14,10969,0.0024019330739974976,0.010621549561619759,0.010621549561619759
L17_N11046,17,11046,-0.003936615772545338,-0.010618768632411957,0.010618768632411957
L18_N10416,18,10416,-0.00022323484881781042,-0.010614745318889618,0.010614745318889618
L22_N4239,22,4239,0.0009502075845375657,0.010609650984406471,0.010609650984406471
L18_N11017,18,11017,-0.008773592300713062,-0.010609597899019718,0.010609597899019718
L22_N8811,22,8811,-0.0019986522383987904,-0.010606381110846996,0.010606381110846996
L15_N1915,15,1915,-0.005161168985068798,-0.010600545443594456,0.010600545443594456
L18_N13170,18,13170,0.009767423383891582,0.010594677180051804,0.010594677180051804
L16_N1289,16,1289,0.0068403081968426704,0.010593226179480553,0.010593226179480553
L15_N13008,15,13008,-6.27796835033223e-05,0.010585533455014229,0.010585533455014229
L15_N1820,15,1820,-0.001286904327571392,-0.010582104325294495,0.010582104325294495
L15_N8134,15,8134,-0.004075909964740276,-0.010580779984593391,0.010580779984593391
L17_N13281,17,13281,-3.324247518321499e-05,0.010572080500423908,0.010572080500423908
L21_N6811,21,6811,0.0001576303329784423,0.010571938939392567,0.010571938939392567
L16_N6876,16,6876,0.0003799736441578716,0.010564181953668594,0.010564181953668594
L23_N5843,23,5843,-0.010530923493206501,-0.010562041774392128,0.010562041774392128
L17_N6628,17,6628,0.0012959346640855074,0.010557098314166069,0.010557098314166069
L15_N6717,15,6717,-0.00322979805059731,-0.010551033541560173,0.010551033541560173
L21_N7499,21,7499,0.0008264962816610932,0.010548681952059269,0.010548681952059269
L17_N1010,17,1010,0.0015060864388942719,0.010544823482632637,0.010544823482632637
L20_N11010,20,11010,-0.0006836688844487071,-0.010543826967477798,0.010543826967477798
L17_N2885,17,2885,-0.0003273204783909023,0.010534199886023998,0.010534199886023998
L18_N4684,18,4684,-0.01065449882298708,-0.010533349588513374,0.010533349588513374
L17_N10053,17,10053,-0.003965741489082575,-0.010522591881453991,0.010522591881453991
L16_N3395,16,3395,0.0013791683595627546,0.010515742003917694,0.010515742003917694
L16_N3564,16,3564,-0.0006041954038664699,-0.01051548682153225,0.01051548682153225
L17_N12666,17,12666,0.011237142607569695,0.010514438152313232,0.010514438152313232
L12_N10021,12,10021,0.0035982958506792784,0.010502470657229424,0.010502470657229424
L14_N4663,14,4663,0.011171923018991947,0.010494949296116829,0.010494949296116829
L16_N6561,16,6561,-0.001295203110203147,-0.010487693361938,0.010487693361938
L13_N1515,13,1515,0.0012439223937690258,0.010482458397746086,0.010482458397746086
L15_N12716,15,12716,0.0003585953381843865,0.01047511212527752,0.01047511212527752
L20_N7627,20,7627,-0.0005642954492941499,-0.010475030168890953,0.010475030168890953
L15_N1909,15,1909,-0.003675674321129918,-0.010472631081938744,0.010472631081938744
L19_N9927,19,9927,0.0006076113786548376,-0.010471337474882603,0.010471337474882603
L20_N12091,20,12091,-0.010009179823100567,-0.010470525361597538,0.010470525361597538
L15_N8558,15,8558,-0.005825067404657602,-0.010468508116900921,0.010468508116900921
L14_N6133,14,6133,0.006741012446582317,0.01046180259436369,0.01046180259436369
L16_N1669,16,1669,0.0002733788569457829,-0.010456738993525505,0.010456738993525505
L18_N1724,18,1724,0.00038059064536355436,0.01044493168592453,0.01044493168592453
L14_N10382,14,10382,-0.002189366612583399,-0.010442971251904964,0.010442971251904964
L19_N13243,19,13243,-0.008759519085288048,-0.010442902334034443,0.010442902334034443
L22_N11910,22,11910,0.002704262500628829,0.010436921380460262,0.010436921380460262
L18_N3929,18,3929,0.0012232931330800056,0.010435333475470543,0.010435333475470543
L19_N6624,19,6624,-0.0002401281672064215,0.010434472933411598,0.010434472933411598
L12_N5898,12,5898,-0.00010411860421299934,-0.010434229858219624,0.010434229858219624
L13_N13631,13,13631,0.0006316144717857242,0.010433037765324116,0.010433037765324116
L23_N4851,23,4851,-0.011915836483240128,-0.010429158806800842,0.010429158806800842
L19_N9535,19,9535,0.0026221624575555325,0.010427522473037243,0.010427522473037243
L12_N11284,12,11284,0.00037418422289192677,0.010426439344882965,0.010426439344882965
L13_N11575,13,11575,0.0008318178588524461,0.010421077720820904,0.010421077720820904
L18_N4416,18,4416,0.003525184467434883,0.010417509824037552,0.010417509824037552
L15_N7721,15,7721,0.002227659337222576,0.010415169410407543,0.010415169410407543
L25_N8750,25,8750,0.00899208802729845,0.010412260890007019,0.010412260890007019
L22_N213,22,213,0.007742776535451412,0.010408910922706127,0.010408910922706127
L14_N7367,14,7367,0.005648401565849781,0.010408146306872368,0.010408146306872368
L15_N3958,15,3958,-5.137641210239963e-07,-0.010403369553387165,0.010403369553387165
L18_N12560,18,12560,-0.0006236993940547109,-0.010401751846075058,0.010401751846075058
L16_N13464,16,13464,-0.00017899935483001173,0.010394761338829994,0.010394761338829994
L15_N4681,15,4681,-0.00999439787119627,-0.010390819981694221,0.010390819981694221
L16_N9506,16,9506,-0.001361545524559915,-0.010378928855061531,0.010378928855061531
L12_N465,12,465,0.002522327471524477,0.010375069454312325,0.010375069454312325
L16_N1683,16,1683,-0.008773713372647762,-0.010368218645453453,0.010368218645453453
L21_N10092,21,10092,0.006273047532886267,0.010360507294535637,0.010360507294535637
L16_N11913,16,11913,-0.000638448866084218,0.010359209962189198,0.010359209962189198
L18_N5765,18,5765,-0.0014964987058192492,0.010358194820582867,0.010358194820582867
L12_N4296,12,4296,0.00045709777623414993,0.010353712365031242,0.010353712365031242
L18_N12849,18,12849,0.006322889123111963,0.010352338664233685,0.010352338664233685
L19_N990,19,990,0.0011480877874419093,0.010351532138884068,0.010351532138884068
L20_N12824,20,12824,0.0014030853053554893,-0.010349629446864128,0.010349629446864128
L19_N10893,19,10893,0.0007895523449406028,0.010348650626838207,0.010348650626838207
L13_N6293,13,6293,0.004049872048199177,0.010348539799451828,0.010348539799451828
L16_N2521,16,2521,-0.0011691825930029154,-0.010348289273679256,0.010348289273679256
L13_N3306,13,3306,-0.0011003980180248618,0.010344759561121464,0.010344759561121464
L20_N9205,20,9205,0.0004562378453556448,0.010342234745621681,0.010342234745621681
L25_N14124,25,14124,0.009506689384579659,0.010337990708649158,0.010337990708649158
L16_N1203,16,1203,0.0002578815328888595,-0.0103355273604393,0.0103355273604393
L16_N3075,16,3075,0.005773656535893679,0.01033198181539774,0.01033198181539774
L16_N8644,16,8644,0.00983898900449276,0.010331360623240471,0.010331360623240471
L14_N1106,14,1106,-0.001440317020751536,-0.010328391566872597,0.010328391566872597
L18_N7927,18,7927,0.006123804021626711,0.010317636653780937,0.010317636653780937
L19_N9020,19,9020,0.00024111774109769613,0.010312674567103386,0.010312674567103386
L20_N7615,20,7615,-0.009570605121552944,-0.0103123988956213,0.0103123988956213
L13_N7550,13,7550,0.000516691361553967,0.010309992358088493,0.010309992358088493
L18_N8469,18,8469,-0.00011323178478050977,-0.010304153896868229,0.010304153896868229
L17_N3831,17,3831,-0.000989455496892333,-0.010295403189957142,0.010295403189957142
L15_N904,15,904,0.0006881380686536431,0.01029070746153593,0.01029070746153593
L16_N14127,16,14127,0.0004645364242605865,0.010287166573107243,0.010287166573107243
L14_N13358,14,13358,-0.00039887838647700846,0.010281631723046303,0.010281631723046303
L15_N4461,15,4461,0.001074371044524014,0.010280786082148552,0.010280786082148552
L16_N2164,16,2164,0.011098071001470089,0.010280639864504337,0.010280639864504337
L17_N1183,17,1183,0.009266498498618603,0.010274701751768589,0.010274701751768589
L17_N4964,17,4964,-0.0003391170466784388,-0.010274028405547142,0.010274028405547142
L17_N4949,17,4949,0.010576586239039898,0.010273455642163754,0.010273455642163754
L12_N7470,12,7470,0.0035348222590982914,0.010271070525050163,0.010271070525050163
L13_N4020,13,4020,-0.000632132519967854,-0.010268783196806908,0.010268783196806908
L25_N5977,25,5977,-0.007626229431480169,-0.010267544537782669,0.010267544537782669
L15_N3541,15,3541,0.003893483430147171,0.010260201059281826,0.010260201059281826
L13_N3236,13,3236,-0.007225547917187214,-0.010242204181849957,0.010242204181849957
L14_N7517,14,7517,0.0011437255889177322,0.010240037925541401,0.010240037925541401
L18_N5452,18,5452,-3.80687415599823e-05,0.010221828706562519,0.010221828706562519
L16_N4292,16,4292,-4.8262812924804166e-05,0.010218573734164238,0.010218573734164238
L12_N3582,12,3582,-0.0004518005589488894,-0.01021631620824337,0.01021631620824337
L16_N9582,16,9582,-0.003281492041423917,-0.010214736685156822,0.010214736685156822
L17_N8183,17,8183,0.002331686671823263,0.010210121050477028,0.010210121050477028
L16_N1110,16,1110,-0.0008077677339315414,-0.010209798812866211,0.010209798812866211
L14_N10726,14,10726,0.0019987234845757484,0.01020547654479742,0.01020547654479742
L19_N644,19,644,0.0020088255405426025,0.010202874429523945,0.010202874429523945
L12_N6596,12,6596,0.000335821503540501,-0.01020070631057024,0.01020070631057024
L20_N5376,20,5376,0.0006956560537219048,-0.010200350545346737,0.010200350545346737
L14_N12677,14,12677,0.003065272932872176,0.010199593380093575,0.010199593380093575
L15_N6428,15,6428,0.00994665827602148,0.010199270211160183,0.010199270211160183
L15_N10910,15,10910,-9.247530397260562e-05,0.010196727700531483,0.010196727700531483
L13_N10179,13,10179,-0.0001486211986048147,0.010192777961492538,0.010192777961492538
L16_N2410,16,2410,-0.00043442659080028534,-0.010191782377660275,0.010191782377660275
L20_N3121,20,3121,-0.00013984856195747852,0.010191364213824272,0.010191364213824272
L16_N12011,16,12011,-0.002921787556260824,-0.01019099447876215,0.01019099447876215
L15_N10429,15,10429,-0.006897249259054661,-0.010190477594733238,0.010190477594733238
L20_N3338,20,3338,0.00014024550910107791,0.010189894586801529,0.010189894586801529
L19_N13471,19,13471,-0.004956924822181463,-0.010189030319452286,0.010189030319452286
L18_N6833,18,6833,-0.0014710137620568275,-0.010188544169068336,0.010188544169068336
L25_N11916,25,11916,0.009825523011386395,0.010182490572333336,0.010182490572333336
L15_N12770,15,12770,-0.00023730886459816247,0.01017993688583374,0.01017993688583374
L12_N5036,12,5036,0.00519108772277832,0.010179719887673855,0.010179719887673855
L14_N10658,14,10658,-6.307796866167337e-05,-0.010179494507610798,0.010179494507610798
L13_N12673,13,12673,-0.0025403923355042934,-0.010179437696933746,0.010179437696933746
L16_N7434,16,7434,0.0002411009481875226,-0.010178928263485432,0.010178928263485432
L12_N5465,12,5465,0.0007187809096649289,0.01017765887081623,0.01017765887081623
L18_N5314,18,5314,-0.0008579485001973808,0.010177506133913994,0.010177506133913994
L15_N3274,15,3274,-0.0019366515334695578,-0.010177015326917171,0.010177015326917171
L22_N6103,22,6103,0.0010376058053225279,0.01017494685947895,0.01017494685947895
L22_N5193,22,5193,-0.010303506627678871,-0.010169030167162418,0.010169030167162418
L17_N5368,17,5368,0.010172592476010323,0.01016866322606802,0.01016866322606802
L17_N7386,17,7386,-0.00010825204662978649,0.010168531909584999,0.010168531909584999
L20_N14146,20,14146,-0.0004328020440880209,-0.01016506738960743,0.01016506738960743
L18_N2434,18,2434,-0.0026146830059587955,-0.010163410566747189,0.010163410566747189
L13_N10959,13,10959,-8.279241592390463e-05,0.010162653401494026,0.010162653401494026
L17_N9220,17,9220,-0.004303819499909878,-0.010150881484150887,0.010150881484150887
L17_N5584,17,5584,-0.003677272005006671,-0.010147116146981716,0.010147116146981716
L21_N3150,21,3150,-0.0016819946467876434,0.010144952684640884,0.010144952684640884
L22_N5547,22,5547,0.0011773891746997833,0.01014486700296402,0.01014486700296402
L21_N6243,21,6243,-0.004048539791256189,-0.010144488885998726,0.010144488885998726
L16_N12516,16,12516,2.3799995688023046e-05,0.010143997147679329,0.010143997147679329
L26_N9042,26,9042,0.0004481269861571491,0.010135171003639698,0.010135171003639698
L26_N6875,26,6875,-0.006463930010795593,-0.010120992548763752,0.010120992548763752
L18_N5162,18,5162,8.761025674175471e-05,0.010120537132024765,0.010120537132024765
L14_N12079,14,12079,0.0004340709710959345,-0.010119771584868431,0.010119771584868431
L16_N1996,16,1996,-0.006657020188868046,-0.010113916359841824,0.010113916359841824
L20_N4741,20,4741,-0.0010667381575331092,-0.01011000294238329,0.01011000294238329
L17_N8314,17,8314,0.0018376919906586409,0.010105041787028313,0.010105041787028313
L26_N511,26,511,-0.007696929387748241,-0.010102931410074234,0.010102931410074234
L17_N13346,17,13346,-0.00029982664273120463,0.010102888569235802,0.010102888569235802
L19_N3693,19,3693,-7.97512439021375e-06,0.010097626596689224,0.010097626596689224
L20_N14290,20,14290,-6.126034713815898e-05,-0.01009516790509224,0.01009516790509224
L14_N11163,14,11163,-0.011353828944265842,-0.010094770230352879,0.010094770230352879
L14_N10067,14,10067,0.00035008849226869643,0.010093823075294495,0.010093823075294495
L14_N9188,14,9188,-0.004659086000174284,0.010092008858919144,0.010092008858919144
L18_N6143,18,6143,0.0006733130430802703,0.010089046321809292,0.010089046321809292
L25_N2668,25,2668,-0.0010655720252543688,-0.010085972025990486,0.010085972025990486
L14_N11899,14,11899,8.751401037443429e-05,0.010083231143653393,0.010083231143653393
L17_N12447,17,12447,-0.0017144556622952223,-0.010082637891173363,0.010082637891173363
L17_N747,17,747,0.0014814698370173573,0.010080086067318916,0.010080086067318916
L17_N2727,17,2727,0.0025848604273051023,0.010079758241772652,0.010079758241772652
L24_N9483,24,9483,0.0019923218060284853,0.010069815441966057,0.010069815441966057
L12_N9704,12,9704,-0.006790472660213709,-0.010064719244837761,0.010064719244837761
L14_N5823,14,5823,0.001762230647727847,0.010062073357403278,0.010062073357403278
L12_N3936,12,3936,-0.002293011639267206,-0.010061977431178093,0.010061977431178093
L16_N20,16,20,-0.003925095312297344,-0.01005309633910656,0.01005309633910656
L18_N6786,18,6786,0.0023289485834538937,0.010049684904515743,0.010049684904515743
L12_N3402,12,3402,-0.007814939133822918,-0.010036072693765163,0.010036072693765163
L12_N3001,12,3001,-0.003974309656769037,-0.01003013551235199,0.01003013551235199
L17_N11996,17,11996,-0.0016852605622261763,-0.010025507770478725,0.010025507770478725
L14_N7906,14,7906,-0.0003599577466957271,-0.01002076081931591,0.01002076081931591
L19_N9067,19,9067,-0.0050775473937392235,-0.010019345209002495,0.010019345209002495
L17_N6281,17,6281,-0.0018115841085091233,-0.010018588043749332,0.010018588043749332
L15_N11202,15,11202,0.004449455998837948,-0.010010739788413048,0.010010739788413048
L14_N5805,14,5805,-0.0007725351606495678,-0.010009309276938438,0.010009309276938438
L13_N4511,13,4511,0.0006578934262506664,0.010007990524172783,0.010007990524172783
L21_N14011,21,14011,-0.004291526973247528,-0.010005711577832699,0.010005711577832699
L14_N8090,14,8090,0.001291041262447834,0.010005595162510872,0.010005595162510872
L15_N9251,15,9251,0.005457278806716204,0.010005377233028412,0.010005377233028412
L17_N4426,17,4426,-0.0006065365741960704,-0.01000439003109932,0.01000439003109932
L15_N8177,15,8177,0.0013651407789438963,0.009996917098760605,0.009996917098760605
L26_N9755,26,9755,0.00890045054256916,0.0099938390776515,0.0099938390776515
L14_N8628,14,8628,0.0032621468417346478,0.009993728250265121,0.009993728250265121
L14_N6673,14,6673,-0.0013496490428224206,-0.009985624812543392,0.009985624812543392
L14_N6965,14,6965,-0.0018150802934542298,-0.009983131662011147,0.009983131662011147
L18_N13661,18,13661,0.00044595691724680364,-0.00997986737638712,0.00997986737638712
L14_N7541,14,7541,0.00016218535893131047,-0.009978002868592739,0.009978002868592739
L14_N9783,14,9783,-5.475660873344168e-05,0.009977764450013638,0.009977764450013638
L17_N4314,17,4314,-0.0017468106234446168,-0.009960467927157879,0.009960467927157879
L20_N2081,20,2081,3.288853986305185e-05,-0.00995972566306591,0.00995972566306591
L21_N10614,21,10614,-0.002937814686447382,-0.009958107024431229,0.009958107024431229
L15_N5155,15,5155,0.005080030299723148,0.009955385699868202,0.009955385699868202
L14_N3094,14,3094,-0.0004998631775379181,0.009954596869647503,0.009954596869647503
L16_N2722,16,2722,-0.002637213096022606,-0.009950822219252586,0.009950822219252586
L13_N12891,13,12891,5.10411337018013e-06,-0.009950734674930573,0.009950734674930573
L18_N8600,18,8600,0.0019116485491394997,0.009948322549462318,0.009948322549462318
L17_N2720,17,2720,0.001561458921059966,0.009942742064595222,0.009942742064595222
L24_N5632,24,5632,0.0001711483346298337,-0.009942435659468174,0.009942435659468174
L15_N11845,15,11845,0.00036034497315995395,0.009941184893250465,0.009941184893250465
L16_N14185,16,14185,0.004061930812895298,0.009940517134964466,0.009940517134964466
L23_N11124,23,11124,0.0001813081034924835,-0.009939420968294144,0.009939420968294144
L18_N10727,18,10727,0.000879035156685859,0.009937413036823273,0.009937413036823273
L17_N12290,17,12290,4.731760054710321e-05,0.00992980320006609,0.00992980320006609
L19_N10868,19,10868,0.00019417660951148719,0.009929556399583817,0.009929556399583817
L15_N11280,15,11280,0.0009450766374357045,0.009927351959049702,0.009927351959049702
L13_N12479,13,12479,-0.006458762101829052,-0.009925676509737968,0.009925676509737968
L18_N7038,18,7038,0.0018264178652316332,0.009925486519932747,0.009925486519932747
L13_N12139,13,12139,0.003471437143161893,0.009919622913002968,0.009919622913002968
L23_N8928,23,8928,-0.011282667517662048,-0.00991680659353733,0.00991680659353733
L15_N797,15,797,-0.0006621539359912276,-0.009916089475154877,0.009916089475154877
L17_N13325,17,13325,-0.0027177382726222277,-0.009903998114168644,0.009903998114168644
L16_N7364,16,7364,-0.0007380622555501759,-0.009903964586555958,0.009903964586555958
L19_N10270,19,10270,-3.198673948645592e-05,-0.00990275014191866,0.00990275014191866
L20_N10636,20,10636,0.000820268876850605,-0.00990206841379404,0.00990206841379404
L17_N9795,17,9795,0.004191637970507145,0.009901419281959534,0.009901419281959534
L14_N5872,14,5872,0.009321585297584534,0.009899947792291641,0.009899947792291641
L21_N10581,21,10581,0.0002997891861014068,-0.009897636249661446,0.009897636249661446
L12_N12231,12,12231,0.001196273835375905,0.009894676506519318,0.009894676506519318
L14_N12205,14,12205,-0.0006389849586412311,-0.00989254005253315,0.00989254005253315
L24_N13507,24,13507,0.00043531181290745735,0.00988952536135912,0.00988952536135912
L15_N532,15,532,0.0014177393168210983,-0.009889306500554085,0.009889306500554085
L18_N12742,18,12742,0.00034265778958797455,0.009884031489491463,0.009884031489491463
L24_N11719,24,11719,-0.0016280331183224916,-0.009878800250589848,0.009878800250589848
L20_N12279,20,12279,0.004866297356784344,0.00987199880182743,0.00987199880182743
L17_N10791,17,10791,-0.0057595535181462765,-0.00986257940530777,0.00986257940530777
L18_N12666,18,12666,-0.0006560588371939957,0.009860864840447903,0.009860864840447903
L13_N3850,13,3850,-0.00046850397484377027,-0.009845273569226265,0.009845273569226265
L14_N10172,14,10172,-0.002106310101225972,-0.00984257459640503,0.00984257459640503
L18_N9691,18,9691,-0.001943176263011992,-0.00984123069792986,0.00984123069792986
L15_N11268,15,11268,0.0007843378698453307,0.009839879348874092,0.009839879348874092
L16_N7678,16,7678,-0.00034790774225257337,-0.009839428588747978,0.009839428588747978
L20_N1323,20,1323,0.002884251531213522,0.0098379235714674,0.0098379235714674
L20_N6347,20,6347,-0.005280598066747189,-0.0098372558131814,0.0098372558131814
L14_N13032,14,13032,4.218295362079516e-05,-0.009834337048232555,0.009834337048232555
L14_N7395,14,7395,0.0019638717640191317,0.00983389001339674,0.00983389001339674
L16_N12097,16,12097,-0.0009296114440076053,-0.009831985458731651,0.009831985458731651
L14_N5269,14,5269,-0.0025400687009096146,-0.009829500690102577,0.009829500690102577
L21_N9331,21,9331,0.0009472970850765705,0.009827942587435246,0.009827942587435246
L20_N12911,20,12911,0.00433630496263504,0.009827367030084133,0.009827367030084133
L17_N1415,17,1415,-0.0013662292622029781,-0.009823068976402283,0.009823068976402283
L22_N6781,22,6781,-0.005248933099210262,-0.00982070341706276,0.00982070341706276
L17_N5321,17,5321,0.00035512587055563927,-0.009819189086556435,0.009819189086556435
L20_N8409,20,8409,-0.011072222143411636,-0.009811905212700367,0.009811905212700367
L14_N3617,14,3617,-0.0019321097061038017,-0.009807856753468513,0.009807856753468513
L20_N7144,20,7144,0.001723550260066986,0.009805377572774887,0.009805377572774887
L16_N6526,16,6526,0.0007193959900178015,0.009803109802305698,0.009803109802305698
L22_N10929,22,10929,-0.010964983142912388,-0.009802053682506084,0.009802053682506084
L21_N80,21,80,-0.006288421340286732,0.009798201732337475,0.009798201732337475
L20_N4796,20,4796,0.0004701693542301655,0.009795280173420906,0.009795280173420906
L19_N8964,19,8964,0.003611187217757106,0.009792746976017952,0.009792746976017952
L15_N4947,15,4947,0.00876062922179699,0.009792283177375793,0.009792283177375793
L13_N11646,13,11646,0.00021875882521271706,0.009783671237528324,0.009783671237528324
L15_N477,15,477,-0.0004296394472476095,-0.009782904759049416,0.009782904759049416
L12_N13738,12,13738,-0.0074913292191922665,-0.009782752953469753,0.009782752953469753
L20_N10359,20,10359,-0.009169796481728554,-0.009778394363820553,0.009778394363820553
L17_N10925,17,10925,0.0008030786993913352,-0.009775682352483273,0.009775682352483273
L13_N3538,13,3538,-0.00022745216847397387,-0.009772224351763725,0.009772224351763725
L18_N12104,18,12104,0.00010858783207368106,0.009771473705768585,0.009771473705768585
L12_N2749,12,2749,-0.0004996139323338866,0.009771103039383888,0.009771103039383888
L13_N425,13,425,0.003732565324753523,0.009770241566002369,0.009770241566002369
L15_N1451,15,1451,-0.0014216379495337605,-0.009763127192854881,0.009763127192854881
L14_N12652,14,12652,-0.0046408288180828094,-0.009760457091033459,0.009760457091033459
L17_N7974,17,7974,-0.0006385236629284918,-0.0097602978348732,0.0097602978348732
L14_N3736,14,3736,-0.0020517525263130665,-0.00975633691996336,0.00975633691996336
L19_N8509,19,8509,0.014607885852456093,0.009750718250870705,0.009750718250870705
L15_N1896,15,1896,0.0007343339966610074,-0.009749425575137138,0.009749425575137138
L12_N3851,12,3851,0.00010252262291032821,0.009739002212882042,0.009739002212882042
L20_N11668,20,11668,-0.007506984286010265,-0.009736722335219383,0.009736722335219383
L21_N2258,21,2258,0.009992376901209354,0.009734617546200752,0.009734617546200752
L18_N5502,18,5502,-0.0016218926757574081,-0.009731581434607506,0.009731581434607506
L15_N7879,15,7879,-0.0002949753834400326,-0.009722770191729069,0.009722770191729069
L22_N3360,22,3360,-0.00010768834181362763,-0.009721471928060055,0.009721471928060055
L16_N8040,16,8040,-0.007052309811115265,-0.009719771333038807,0.009719771333038807
L17_N229,17,229,-0.00015348107262980193,0.009716901928186417,0.009716901928186417
L12_N9906,12,9906,-0.003484496381133795,-0.00971615593880415,0.00971615593880415
L12_N1395,12,1395,0.0012356579536572099,0.009714332409203053,0.009714332409203053
L21_N5045,21,5045,0.00047110096784308553,-0.00971208605915308,0.00971208605915308
L14_N1964,14,1964,0.00939302146434784,0.009698452427983284,0.009698452427983284
L19_N725,19,725,-0.0014491286128759384,-0.009698204696178436,0.009698204696178436
L15_N13954,15,13954,-0.003969886340200901,-0.009697481989860535,0.009697481989860535
L15_N6990,15,6990,-0.0022281536366790533,-0.009694667533040047,0.009694667533040047
L12_N8019,12,8019,0.00802166573703289,0.009693911299109459,0.009693911299109459
L12_N1074,12,1074,0.0025805027689784765,0.00968681089580059,0.00968681089580059
L17_N7486,17,7486,-0.0014490135945379734,-0.009685631841421127,0.009685631841421127
L15_N1080,15,1080,0.0028465124778449535,0.009683867916464806,0.009683867916464806
L12_N1299,12,1299,-0.0001588375016581267,0.009682874195277691,0.009682874195277691
L14_N13811,14,13811,0.0011059714015573263,0.009682176634669304,0.009682176634669304
L24_N5407,24,5407,0.009868362918496132,0.009681979194283485,0.009681979194283485
L16_N8902,16,8902,-0.007647025398910046,-0.009681482799351215,0.009681482799351215
L16_N1959,16,1959,-0.0030355178751051426,-0.00968005321919918,0.00968005321919918
L14_N6687,14,6687,0.0035409368574619293,0.009678348898887634,0.009678348898887634
L13_N810,13,810,-0.0014333471190184355,-0.009678149595856667,0.009678149595856667
L16_N8114,16,8114,-0.001965608447790146,-0.009670326486229897,0.009670326486229897
L15_N9706,15,9706,0.000740575953386724,0.009668992832303047,0.009668992832303047
L23_N2183,23,2183,-0.0011349122505635023,0.009668206796050072,0.009668206796050072
L16_N10845,16,10845,0.010547761805355549,0.00966715905815363,0.00966715905815363
L12_N8094,12,8094,0.0004238113760948181,0.00966410432010889,0.00966410432010889
L18_N11322,18,11322,-0.0016222683480009437,0.009662634693086147,0.009662634693086147
L18_N1769,18,1769,-0.00018582007032819092,0.009661420248448849,0.009661420248448849
L24_N3233,24,3233,-0.0012268486898392439,-0.009657874703407288,0.009657874703407288
L15_N1814,15,1814,0.00391343142837286,0.009653128683567047,0.009653128683567047
L14_N14313,14,14313,0.003218265948817134,0.009653088636696339,0.009653088636696339
L23_N10453,23,10453,-0.007065086159855127,-0.009653018787503242,0.009653018787503242
L16_N4261,16,4261,0.00019495224114507437,0.009652894921600819,0.009652894921600819
L23_N6270,23,6270,-0.005942267365753651,-0.009649146348237991,0.009649146348237991
L21_N1892,21,1892,-0.0019517686450853944,-0.009647400118410587,0.009647400118410587
L18_N11612,18,11612,-0.0003394760424271226,-0.00964450091123581,0.00964450091123581
L15_N6743,15,6743,-9.541243343846872e-05,0.009644119068980217,0.009644119068980217
L19_N8872,19,8872,-0.005082794930785894,-0.009642710909247398,0.009642710909247398
L12_N868,12,868,-0.0024586315266788006,-0.009641151875257492,0.009641151875257492
L18_N14067,18,14067,-0.001030954997986555,-0.009634575806558132,0.009634575806558132
L26_N2541,26,2541,0.0013157137436792254,0.009630164131522179,0.009630164131522179
L19_N5063,19,5063,0.0012013741070404649,0.009628662839531898,0.009628662839531898
L14_N2434,14,2434,0.00209416588768363,0.009628238156437874,0.009628238156437874
L15_N8066,15,8066,-0.0015074067050591111,-0.009626010432839394,0.009626010432839394
L18_N13008,18,13008,7.194699719548225e-05,-0.009625357575714588,0.009625357575714588
L14_N11911,14,11911,-0.0022678107488900423,-0.009623879566788673,0.009623879566788673
L21_N146,21,146,-0.0005474640056490898,0.00962145160883665,0.00962145160883665
L26_N7393,26,7393,-0.00016003400378394872,-0.009616591036319733,0.009616591036319733
L12_N5533,12,5533,-1.9271683413535357e-05,0.009603103622794151,0.009603103622794151
L22_N368,22,368,8.368794806301594e-05,0.009598498232662678,0.009598498232662678
L12_N6736,12,6736,-0.0002855753991752863,-0.009597165510058403,0.009597165510058403
L19_N8469,19,8469,0.0009383296710439026,-0.009594203904271126,0.009594203904271126
L15_N2157,15,2157,8.796066686045378e-05,0.009592460468411446,0.009592460468411446
L13_N9264,13,9264,0.001179407350718975,0.009583575651049614,0.009583575651049614
L17_N3963,17,3963,4.030471609439701e-05,0.009581404738128185,0.009581404738128185
L15_N9388,15,9388,0.003020742442458868,0.00956443790346384,0.00956443790346384
L15_N7456,15,7456,0.006162851117551327,0.009562700986862183,0.009562700986862183
L15_N9355,15,9355,0.0006397360702976584,0.00956203043460846,0.00956203043460846
L20_N7428,20,7428,0.0007723530288785696,0.009560086764395237,0.009560086764395237
L16_N1425,16,1425,0.0010049339616671205,0.009553090669214725,0.009553090669214725
L15_N11082,15,11082,0.008716607466340065,0.009552853181958199,0.009552853181958199
L13_N11773,13,11773,0.0007251006318256259,-0.009551234543323517,0.009551234543323517
L19_N11751,19,11751,0.0019073138246312737,0.009550930932164192,0.009550930932164192
L22_N1237,22,1237,-0.0003682383394334465,0.009546639397740364,0.009546639397740364
L16_N12937,16,12937,0.003941765520721674,0.009543628431856632,0.009543628431856632
L23_N300,23,300,-8.942109707277268e-05,0.00954362004995346,0.00954362004995346
L19_N8931,19,8931,0.0013773271348327398,0.009542509913444519,0.009542509913444519
L23_N11696,23,11696,0.00028733559884130955,-0.009540047496557236,0.009540047496557236
L13_N12881,13,12881,0.0069706737995147705,0.009537383913993835,0.009537383913993835
L16_N8331,16,8331,-0.000166379424626939,-0.00953693501651287,0.00953693501651287
L19_N3633,19,3633,0.0031946268863976,0.009533348493278027,0.009533348493278027
L13_N10773,13,10773,-0.0014911883044987917,0.00952915195375681,0.00952915195375681
L14_N7957,14,7957,0.0005892995977774262,0.009520751424133778,0.009520751424133778
L13_N1289,13,1289,-0.008058611303567886,-0.009519314393401146,0.009519314393401146
L13_N5338,13,5338,0.00022684289433527738,0.009515642188489437,0.009515642188489437
L14_N1802,14,1802,-0.002306918380782008,-0.009515443816781044,0.009515443816781044
L12_N626,12,626,2.7402862542658113e-05,-0.009515108540654182,0.009515108540654182
L18_N45,18,45,-7.818030280759558e-05,0.009512679651379585,0.009512679651379585
L15_N1001,15,1001,-0.003922563977539539,-0.009512057527899742,0.009512057527899742
L15_N630,15,630,0.004244882147759199,0.009508448652923107,0.009508448652923107
L14_N14167,14,14167,-0.001942934817634523,-0.009508287534117699,0.009508287534117699
L16_N11504,16,11504,0.009350212290883064,0.009508061222732067,0.009508061222732067
L14_N4123,14,4123,0.0002321316860616207,-0.00950529333204031,0.00950529333204031
L17_N7502,17,7502,0.00013944937381893396,-0.009504679590463638,0.009504679590463638
L15_N1020,15,1020,0.0002378402277827263,-0.009499566629529,0.009499566629529
L16_N14042,16,14042,-0.005033181514590979,-0.009499172680079937,0.009499172680079937
L14_N11272,14,11272,-0.00030864443397149444,-0.009498724713921547,0.009498724713921547
L23_N13591,23,13591,-0.00048198775039054453,-0.009494119323790073,0.009494119323790073
L18_N3502,18,3502,-0.0013172340113669634,-0.009491837583482265,0.009491837583482265
L14_N11519,14,11519,-0.0011682038893923163,-0.009480861015617847,0.009480861015617847
L18_N8935,18,8935,-0.0015147831290960312,-0.009477830491960049,0.009477830491960049
L20_N3423,20,3423,0.007790501229465008,0.009476976469159126,0.009476976469159126
L23_N3782,23,3782,-0.0019121874356642365,-0.00946581270545721,0.00946581270545721
L19_N6022,19,6022,-0.004229558166116476,-0.009459681808948517,0.009459681808948517
L18_N1008,18,1008,-0.0026813943404704332,-0.009457954205572605,0.009457954205572605
L14_N2549,14,2549,0.0016160272061824799,0.009457236155867577,0.009457236155867577
L21_N9826,21,9826,0.007475892547518015,0.009455210529267788,0.009455210529267788
L18_N6223,18,6223,-0.00061139086028561,-0.009452729485929012,0.009452729485929012
L14_N8363,14,8363,-0.00041517597856000066,-0.00944631639868021,0.00944631639868021
L16_N3824,16,3824,0.0018675876781344414,0.009445179253816605,0.009445179253816605
L14_N7908,14,7908,0.0008431109599769115,0.00944196805357933,0.00944196805357933
L16_N12528,16,12528,0.00010737306729424745,-0.0094414371997118,0.0094414371997118
L12_N4911,12,4911,7.36000802135095e-05,0.00944015383720398,0.00944015383720398
L20_N14254,20,14254,0.008759423159062862,0.00943913497030735,0.00943913497030735
L14_N3748,14,3748,-0.003534724237397313,-0.009438184089958668,0.009438184089958668
L18_N11026,18,11026,-0.001144689740613103,-0.00943582784384489,0.00943582784384489
L12_N7243,12,7243,0.0017031111055985093,0.009435556828975677,0.009435556828975677
L15_N1381,15,1381,0.00011542451102286577,-0.009431884624063969,0.009431884624063969
L20_N3738,20,3738,0.009175797924399376,0.009429467841982841,0.009429467841982841
L23_N6955,23,6955,-1.2798368516087066e-05,0.009423092007637024,0.009423092007637024
L15_N11260,15,11260,0.0001517084165243432,-0.009421491995453835,0.009421491995453835
L16_N8205,16,8205,-0.008027469739317894,-0.00942087359726429,0.00942087359726429
L19_N928,19,928,-0.0001315723202424124,-0.009420445188879967,0.009420445188879967
L16_N11574,16,11574,-0.0001912004081532359,0.00941985473036766,0.00941985473036766
L19_N10721,19,10721,-0.0014799715718254447,-0.009418521076440811,0.009418521076440811
L20_N11443,20,11443,-0.00572430994361639,-0.009418237023055553,0.009418237023055553
L23_N7399,23,7399,0.0065664672292768955,0.009415988810360432,0.009415988810360432
L20_N12679,20,12679,-0.00036844430724158883,-0.00941414013504982,0.00941414013504982
L19_N8524,19,8524,0.00040896484279073775,0.009412502869963646,0.009412502869963646
L15_N8409,15,8409,0.0027676608879119158,0.009412037208676338,0.009412037208676338
L16_N3710,16,3710,0.0013624056009575725,0.009411846287548542,0.009411846287548542
L17_N4746,17,4746,0.005375266075134277,-0.009409128688275814,0.009409128688275814
L12_N2385,12,2385,0.0037793770898133516,0.009408490732312202,0.009408490732312202
L15_N9747,15,9747,0.006564388982951641,0.009408128447830677,0.009408128447830677
L21_N11507,21,11507,-0.003008543746545911,-0.009407036006450653,0.009407036006450653
L12_N2327,12,2327,6.307916191872209e-05,-0.009406039491295815,0.009406039491295815
L20_N5692,20,5692,4.508301935857162e-05,0.009389922954142094,0.009389922954142094
L21_N13336,21,13336,0.011103058233857155,0.009387028403580189,0.009387028403580189
L20_N4487,20,4487,0.008746148087084293,0.009386202320456505,0.009386202320456505
L14_N1868,14,1868,-0.010833975858986378,-0.00938478298485279,0.00938478298485279
L16_N11528,16,11528,0.0004615542129613459,0.009381620213389397,0.009381620213389397
L14_N3896,14,3896,0.0002082895953208208,0.009380539879202843,0.009380539879202843
L15_N8785,15,8785,0.012959686107933521,0.00938043836504221,0.00938043836504221
L24_N3309,24,3309,0.006878657732158899,0.009377625770866871,0.009377625770866871
L13_N6714,13,6714,0.0008905273862183094,0.00937743205577135,0.00937743205577135
L13_N7880,13,7880,0.00018581471522338688,-0.009375812485814095,0.009375812485814095
L20_N9768,20,9768,-0.0019115626346319914,-0.009371966123580933,0.009371966123580933
L15_N13860,15,13860,-0.001355832675471902,-0.009370657615363598,0.009370657615363598
L13_N13743,13,13743,0.006198546849191189,0.009369323961436749,0.009369323961436749
L15_N1393,15,1393,5.446453724289313e-05,-0.00936846248805523,0.00936846248805523
L21_N10945,21,10945,0.00938551127910614,0.009366294369101524,0.009366294369101524
L23_N11172,23,11172,0.00859416089951992,0.009357955306768417,0.009357955306768417
L14_N11833,14,11833,-0.002384499181061983,-0.00935559906065464,0.00935559906065464
L19_N13947,19,13947,-0.0005222208565101027,-0.009354142472147942,0.009354142472147942
L13_N11358,13,11358,0.0025340630672872066,0.009353439323604107,0.009353439323604107
L17_N14191,17,14191,0.0012964141787961125,0.009335232898592949,0.009335232898592949
L14_N1463,14,1463,0.0017483222763985395,0.009333648718893528,0.009333648718893528
L19_N11632,19,11632,-0.002839986002072692,-0.009333270601928234,0.009333270601928234
L16_N13127,16,13127,-0.0009403635049238801,-0.009333034977316856,0.009333034977316856
L19_N3520,19,3520,-0.002122551668435335,-0.009332058019936085,0.009332058019936085
L14_N11677,14,11677,-0.0005103461444377899,-0.009331325069069862,0.009331325069069862
L20_N455,20,455,0.0029778308235108852,0.009323759004473686,0.009323759004473686
L16_N11379,16,11379,0.004271745681762695,0.009320910088717937,0.009320910088717937
L13_N486,13,486,0.002061509760096669,0.009319799020886421,0.009319799020886421
L21_N6247,21,6247,0.008590794168412685,0.009316970594227314,0.009316970594227314
L17_N4893,17,4893,0.00013886569649912417,0.009314632043242455,0.009314632043242455
L21_N7594,21,7594,-0.00029220402939245105,0.009307583793997765,0.009307583793997765
L12_N4516,12,4516,-0.002137834904715419,-0.009306659922003746,0.009306659922003746
L19_N2049,19,2049,0.0005825711414217949,-0.009305944666266441,0.009305944666266441
L19_N4505,19,4505,-0.0070083350874483585,-0.009303954429924488,0.009303954429924488
L14_N7738,14,7738,0.000540935667231679,0.009299494326114655,0.009299494326114655
L14_N5630,14,5630,0.0006218284252099693,0.009298289194703102,0.009298289194703102
L17_N5781,17,5781,-0.0005213047843426466,-0.009297976270318031,0.009297976270318031
L13_N318,13,318,-0.0007050805725157261,0.009296352043747902,0.009296352043747902
L17_N8757,17,8757,0.0002207015349995345,0.00929356925189495,0.00929356925189495
L14_N10030,14,10030,-0.0039023279678076506,-0.009292618371546268,0.009292618371546268
L13_N9677,13,9677,-0.0016610845923423767,-0.009290872141718864,0.009290872141718864
L12_N2110,12,2110,0.0006720931851305068,0.009290771558880806,0.009290771558880806
L15_N5173,15,5173,-0.0006791690248064697,-0.009289340116083622,0.009289340116083622
L15_N14293,15,14293,-4.825601354241371e-05,0.009287209250032902,0.009287209250032902
L21_N1114,21,1114,0.0003858446143567562,0.009284739382565022,0.009284739382565022
L17_N4423,17,4423,0.003668311983346939,0.00928257405757904,0.00928257405757904
L25_N6603,25,6603,-0.009440441615879536,-0.009281373582780361,0.009281373582780361
L17_N3958,17,3958,0.0003120192268397659,0.009278813377022743,0.009278813377022743
L15_N2011,15,2011,-0.00025133334565907717,-0.009274018928408623,0.009274018928408623
L17_N1055,17,1055,-0.00019480525224935263,0.009270992130041122,0.009270992130041122
L18_N12734,18,12734,-0.0008895074133761227,-0.009270722977817059,0.009270722977817059
L19_N2184,19,2184,-0.0006298859370872378,-0.009270435199141502,0.009270435199141502
L16_N10853,16,10853,0.00038356761797331274,0.009269784204661846,0.009269784204661846
L17_N354,17,354,0.0004286688636057079,-0.009269573725759983,0.009269573725759983
L21_N8730,21,8730,0.0008895620703697205,-0.009267933666706085,0.009267933666706085
L13_N10017,13,10017,-0.0002979488344863057,0.009264287538826466,0.009264287538826466
L16_N12350,16,12350,0.00752356369048357,0.0092619014903903,0.0092619014903903
L20_N11110,20,11110,0.0008434019982814789,-0.009261625818908215,0.009261625818908215
L17_N11916,17,11916,0.00104060722514987,-0.009260048158466816,0.009260048158466816
L24_N9951,24,9951,-0.000180912742507644,0.00924871675670147,0.00924871675670147
L14_N12142,14,12142,0.0001863067300291732,0.00924758706241846,0.00924758706241846
L14_N13103,14,13103,-0.0019348657224327326,-0.009241071529686451,0.009241071529686451
L22_N4042,22,4042,0.009845929220318794,0.009235404431819916,0.009235404431819916
L26_N13716,26,13716,-0.008241959847509861,-0.009231070056557655,0.009231070056557655
L17_N9887,17,9887,-0.0014050692552700639,0.009228715673089027,0.009228715673089027
L12_N2178,12,2178,0.00345638208091259,0.009228698909282684,0.009228698909282684
L18_N9608,18,9608,0.005446319933980703,0.009226256981492043,0.009226256981492043
L17_N4219,17,4219,-0.00026809144765138626,-0.00922322366386652,0.00922322366386652
L20_N11350,20,11350,-0.0003623148368205875,-0.0092220613732934,0.0092220613732934
L19_N8301,19,8301,0.0019144958350807428,0.009217806160449982,0.009217806160449982
L13_N7088,13,7088,0.00016693081124685705,0.009216444566845894,0.009216444566845894
L12_N11559,12,11559,0.002234789077192545,0.0092163672670722,0.0092163672670722
L17_N6234,17,6234,0.0023158243857324123,0.009214833378791809,0.009214833378791809
L13_N7164,13,7164,-0.00020283083722461015,-0.009211594238877296,0.009211594238877296
L12_N3551,12,3551,-0.0010599757079035044,-0.009207667782902718,0.009207667782902718
L24_N12734,24,12734,-0.00019831056124530733,0.009203446097671986,0.009203446097671986
L16_N8926,16,8926,-0.00011315210576867685,-0.00920267216861248,0.00920267216861248
L19_N1160,19,1160,0.0077597759664058685,0.00920122116804123,0.00920122116804123
L14_N6445,14,6445,0.00044654030352830887,0.00919349305331707,0.00919349305331707
L14_N2563,14,2563,9.64236241998151e-05,-0.009191314689815044,0.009191314689815044
L14_N5525,14,5525,-0.0014248959487304091,-0.009190228767693043,0.009190228767693043
L13_N4410,13,4410,0.0026810653507709503,0.009189439937472343,0.009189439937472343
L13_N13480,13,13480,0.000715044850949198,-0.009180983528494835,0.009180983528494835
L13_N10277,13,10277,0.0004971091402694583,0.009180744178593159,0.009180744178593159
L19_N14169,19,14169,0.00044301076559349895,-0.009171579033136368,0.009171579033136368
L14_N8840,14,8840,0.0009768465533852577,0.00916883535683155,0.00916883535683155
L17_N5437,17,5437,-0.0002027735172305256,-0.009167567826807499,0.009167567826807499
L18_N14100,18,14100,0.00035808695247396827,0.00916705746203661,0.00916705746203661
L15_N6874,15,6874,-0.003339424030855298,-0.009158557280898094,0.009158557280898094
L17_N6451,17,6451,-0.00037906839861534536,-0.009156539104878902,0.009156539104878902
L15_N3441,15,3441,0.0010449293768033385,0.009155156090855598,0.009155156090855598
L14_N1153,14,1153,-0.0006569063989445567,-0.009153584018349648,0.009153584018349648
L19_N14056,19,14056,-0.0005444224807433784,0.009153271093964577,0.009153271093964577
L20_N3914,20,3914,-0.00022742105647921562,0.009150071069598198,0.009150071069598198
L17_N10054,17,10054,0.012835821136832237,0.009149075485765934,0.009149075485765934
L20_N12141,20,12141,-2.970406785607338e-05,-0.009148032404482365,0.009148032404482365
L12_N12124,12,12124,0.0002456005313433707,-0.00914633646607399,0.00914633646607399
L21_N620,21,620,-0.006420837249606848,-0.009144240990281105,0.009144240990281105
L20_N12407,20,12407,-0.006439798511564732,-0.009143052622675896,0.009143052622675896
L14_N1516,14,1516,-1.1167023330926895e-05,0.009139444679021835,0.009139444679021835
L16_N10894,16,10894,0.003121115965768695,-0.009137241169810295,0.009137241169810295
L13_N12933,13,12933,-0.00016664329450577497,-0.00913257710635662,0.00913257710635662
L12_N13483,12,13483,-0.0008585343020968139,-0.009126411750912666,0.009126411750912666
L19_N7143,19,7143,0.002665305742993951,0.009123411029577255,0.009123411029577255
L16_N7246,16,7246,-0.0015623107319697738,-0.009121185168623924,0.009121185168623924
L16_N5639,16,5639,0.0004314550315029919,0.009117336943745613,0.009117336943745613
L18_N14034,18,14034,0.0006714749033562839,0.009113410487771034,0.009113410487771034
L18_N3312,18,3312,-0.0007886391249485314,0.009113364852964878,0.009113364852964878
L13_N1942,13,1942,0.00013561065134126693,0.009108027443289757,0.009108027443289757
L13_N13866,13,13866,0.0038359384052455425,0.00910310447216034,0.00910310447216034
L15_N3518,15,3518,0.00011910009197890759,0.009101985022425652,0.009101985022425652
L19_N14211,19,14211,-0.0005842724931426346,-0.009097715839743614,0.009097715839743614
L18_N4294,18,4294,0.0014507558662444353,0.009097708389163017,0.009097708389163017
L12_N254,12,254,-0.004677171353250742,-0.009096606634557247,0.009096606634557247
L18_N295,18,295,0.0017435025656595826,0.009090745821595192,0.009090745821595192
L14_N13061,14,13061,0.0024604646023362875,0.00909004919230938,0.00909004919230938
L21_N5670,21,5670,0.005179406143724918,0.009089799597859383,0.009089799597859383
L17_N12672,17,12672,0.002489105798304081,-0.009085314348340034,0.009085314348340034
L19_N11998,19,11998,-0.00010999962978530675,-0.009082813747227192,0.009082813747227192
L16_N735,16,735,0.00034351894282735884,-0.009082244709134102,0.009082244709134102
L16_N8939,16,8939,0.0050596450455486774,0.009082205593585968,0.009082205593585968
L13_N1695,13,1695,-0.0028676879592239857,0.00907468143850565,0.00907468143850565
L18_N3430,18,3430,0.004319263622164726,0.009073375724256039,0.009073375724256039
L20_N7609,20,7609,0.0005497129168361425,0.009071165695786476,0.009071165695786476
L23_N8545,23,8545,-0.0010818128939718008,-0.009071001783013344,0.009071001783013344
L12_N9230,12,9230,-0.0023101060651242733,-0.009069547057151794,0.009069547057151794
L13_N7942,13,7942,0.0009668080019764602,0.009062063880264759,0.009062063880264759
L16_N5599,16,5599,-8.632135723019019e-05,0.009061915799975395,0.009061915799975395
L17_N13332,17,13332,-0.0024143760092556477,-0.009056874550879002,0.009056874550879002
L19_N7476,19,7476,-0.00034231171594001353,-0.009054435417056084,0.009054435417056084
L15_N14151,15,14151,0.004153764341026545,0.009050067514181137,0.009050067514181137
L15_N5655,15,5655,0.006415676325559616,0.009048886597156525,0.009048886597156525
L16_N108,16,108,0.0008834638865664601,0.009046363644301891,0.009046363644301891
L21_N1112,21,1112,-0.0007557859644293785,-0.009046151302754879,0.009046151302754879
L16_N12521,16,12521,0.004060432314872742,0.009045001119375229,0.009045001119375229
L13_N8439,13,8439,-0.004736353177577257,-0.009043614380061626,0.009043614380061626
L16_N10999,16,10999,0.00013236487575341016,-0.009042932651937008,0.009042932651937008
L19_N8839,19,8839,5.778986815130338e-05,-0.0090413186699152,0.0090413186699152
L18_N10718,18,10718,-0.00016718116239644587,-0.009039942175149918,0.009039942175149918
L16_N7235,16,7235,-0.0064387246966362,-0.009038177318871021,0.009038177318871021
L25_N4507,25,4507,-0.0032981436233967543,0.009036061353981495,0.009036061353981495
L23_N8548,23,8548,-0.003733266144990921,0.00903472863137722,0.00903472863137722
L14_N1630,14,1630,-0.0018486317712813616,-0.009027314372360706,0.009027314372360706
L20_N1591,20,1591,0.000494345324113965,0.009023084305226803,0.009023084305226803
L16_N12555,16,12555,-0.0010056294267997146,0.009021242149174213,0.009021242149174213
L24_N10825,24,10825,0.00023452351160813123,0.009020596742630005,0.009020596742630005
L14_N575,14,575,0.0022575310431420803,0.009018590673804283,0.009018590673804283
L16_N7388,16,7388,0.0005968300392851233,0.00901841651648283,0.00901841651648283
L13_N5384,13,5384,0.00014653673861175776,-0.009017037227749825,0.009017037227749825
L16_N1078,16,1078,9.8908189102076e-05,-0.009015464223921299,0.009015464223921299
L14_N4128,14,4128,0.00395051296800375,-0.009012838825583458,0.009012838825583458
L14_N3527,14,3527,-0.0014525109436362982,-0.009012800641357899,0.009012800641357899
L17_N14098,17,14098,0.0011572770308703184,-0.009012541733682156,0.009012541733682156
L13_N7695,13,7695,0.0022947986144572496,0.009010578505694866,0.009010578505694866
L12_N2971,12,2971,0.00024089736689347774,-0.009008434601128101,0.009008434601128101
L17_N2293,17,2293,-0.0013485753443092108,-0.009006703272461891,0.009006703272461891
L18_N1289,18,1289,0.0048858835361897945,0.0090042594820261,0.0090042594820261
L18_N6358,18,6358,-0.0038266326300799847,-0.009000393562018871,0.009000393562018871
L21_N8118,21,8118,-0.0010948276612907648,-0.008997713215649128,0.008997713215649128
L16_N5441,16,5441,-0.008997227065265179,-0.008997270837426186,0.008997270837426186
L23_N9853,23,9853,-0.00048758028424344957,0.00899617187678814,0.00899617187678814
L16_N1648,16,1648,0.006623425986617804,0.008992521092295647,0.008992521092295647
L12_N13567,12,13567,-0.0009180541383102536,-0.008990868926048279,0.008990868926048279
L14_N4544,14,4544,0.0009734936757013202,-0.008990300819277763,0.008990300819277763
L22_N11529,22,11529,-0.009274502284824848,-0.008987369015812874,0.008987369015812874
L13_N1790,13,1790,-0.0008832114981487393,-0.008986996486783028,0.008986996486783028
L20_N8978,20,8978,0.0020028739236295223,0.00898192822933197,0.00898192822933197
L21_N11178,21,11178,-0.00023504626005887985,-0.008977221325039864,0.008977221325039864
L21_N13014,21,13014,-0.00047582597471773624,0.008977076038718224,0.008977076038718224
L19_N5451,19,5451,0.0021934586111456156,0.008976481854915619,0.008976481854915619
L16_N3371,16,3371,-0.0006445132894441485,0.00897300522774458,0.00897300522774458
L22_N2938,22,2938,0.0008218258735723794,-0.008971002884209156,0.008971002884209156
L15_N640,15,640,-0.0006117805605754256,-0.008970575407147408,0.008970575407147408
L17_N10572,17,10572,-0.0010566877899691463,0.008970513939857483,0.008970513939857483
L17_N4533,17,4533,0.0008612422971054912,0.008969299495220184,0.008969299495220184
L13_N7959,13,7959,0.000907075242139399,0.008963107131421566,0.008963107131421566
L14_N3826,14,3826,-0.0014643942704424262,-0.00896001048386097,0.00896001048386097
L13_N4703,13,4703,0.004436773248016834,0.008959793485701084,0.008959793485701084
L15_N5085,15,5085,-0.006452057510614395,-0.008956221863627434,0.008956221863627434
L16_N6497,16,6497,-0.0008140859426930547,-0.008947126567363739,0.008947126567363739
L13_N346,13,346,-0.00029412785079330206,0.008944367989897728,0.008944367989897728
L13_N13066,13,13066,0.0007630191976204515,0.008943939581513405,0.008943939581513405
L15_N6310,15,6310,0.00012930334196425974,0.008943390101194382,0.008943390101194382
L15_N7655,15,7655,-0.0018802635604515672,-0.008943269029259682,0.008943269029259682
L18_N11215,18,11215,-0.007225415203720331,-0.008940886706113815,0.008940886706113815
L17_N9073,17,9073,0.00020938676607329398,0.008940340019762516,0.008940340019762516
L16_N13529,16,13529,0.0010913454461842775,-0.00893891416490078,0.00893891416490078
L16_N12730,16,12730,-0.008856602013111115,-0.008931768126785755,0.008931768126785755
L17_N2095,17,2095,0.0009974127169698477,-0.008928870782256126,0.008928870782256126
L18_N8684,18,8684,-0.00020779369515366852,0.008928627707064152,0.008928627707064152
L16_N9659,16,9659,-9.97772003756836e-05,0.008917192928493023,0.008917192928493023
L12_N1727,12,1727,0.0037857727147638798,0.00891635287553072,0.00891635287553072
L25_N8858,25,8858,-0.0022504921071231365,-0.00891207903623581,0.00891207903623581
L20_N715,20,715,-0.0015094381524249911,-0.008911620825529099,0.008911620825529099
L20_N2971,20,2971,0.007104331161826849,0.008907738141715527,0.008907738141715527
L21_N23,21,23,0.0008514110231772065,0.008907640352845192,0.008907640352845192
L24_N1814,24,1814,-0.009363282471895218,-0.008906950242817402,0.008906950242817402
L18_N7830,18,7830,0.004273462109267712,0.008905219845473766,0.008905219845473766
L16_N3681,16,3681,0.0020480002276599407,0.00890397746115923,0.00890397746115923
L17_N4551,17,4551,0.0021166501101106405,0.008899388834834099,0.008899388834834099
L19_N3160,19,3160,0.0014603784075006843,0.008897269144654274,0.008897269144654274
L14_N4990,14,4990,-0.00037350584170781076,0.008892122656106949,0.008892122656106949
L18_N5478,18,5478,-0.0047700731083750725,-0.00888899713754654,0.00888899713754654
L16_N1721,16,1721,-0.0006154394941404462,0.008885378949344158,0.008885378949344158
L17_N10339,17,10339,0.0008315308950841427,0.008881993591785431,0.008881993591785431
L15_N7513,15,7513,0.008934909477829933,0.008881119079887867,0.008881119079887867
L12_N13782,12,13782,0.00018869130872189999,-0.008880862966179848,0.008880862966179848
L16_N11871,16,11871,0.00019603047985583544,0.008880676701664925,0.008880676701664925
L16_N9924,16,9924,0.00015942522441037,-0.008878674358129501,0.008878674358129501
L18_N1397,18,1397,0.0023781012278050184,0.00887002982199192,0.00887002982199192
L26_N4271,26,4271,-0.00016932617290876806,-0.00886758603155613,0.00886758603155613
L14_N12012,14,12012,0.0031158258207142353,0.008867140859365463,0.008867140859365463
L13_N107,13,107,-0.001959319692105055,-0.00886679906398058,0.00886679906398058
L12_N13681,12,13681,-0.0012868002522736788,0.008861161768436432,0.008861161768436432
L18_N7102,18,7102,0.0001457524485886097,-0.008859523572027683,0.008859523572027683
L12_N8655,12,8655,-0.001032730215229094,-0.00885616336017847,0.00885616336017847
L20_N9328,20,9328,0.010470882058143616,0.008851993829011917,0.008851993829011917
L20_N10034,20,10034,-0.001755337230861187,-0.008845251984894276,0.008845251984894276
L17_N5367,17,5367,-0.0016258396208286285,-0.008840637281537056,0.008840637281537056
L21_N1739,21,1739,-0.007942176423966885,-0.008839178830385208,0.008839178830385208
