neuron_id,layer,neuron_idx,category,prompt_id,orig_entropy,ablated_entropy,entropy_shift,orig_top1_prob,ablated_top1_prob,direct_effect_score,split
L30_N5509,30,5509,lack_of_knowledge,lok_0000,0.20110554993152618,0.22409945726394653,0.02299390733242035,0.9648526906967163,0.9600021243095398,0.08935546875,working
L30_N5509,30,5509,lack_of_knowledge,lok_0001,0.4332544207572937,0.4328713119029999,-0.00038310885429382324,0.9038903713226318,0.903935968875885,0.08935546875,working
L30_N5509,30,5509,lack_of_knowledge,lok_0002,2.212181568145752,2.221855640411377,0.009674072265625,0.349837988615036,0.3475501239299774,0.08935546875,working
L30_N5509,30,5509,lack_of_knowledge,lok_0003,0.19303040206432343,0.1933734267950058,0.00034302473068237305,0.9698035717010498,0.969761312007904,0.08935546875,working
L30_N5509,30,5509,lack_of_knowledge,lok_0004,0.2565121352672577,0.2602149546146393,0.003702819347381592,0.9500791430473328,0.9493603706359863,0.08935546875,working
L30_N5509,30,5509,lack_of_knowledge,lok_0005,0.04979534447193146,0.04984031617641449,4.4971704483032227e-05,0.9940529465675354,0.9940497875213623,0.08935546875,working
L30_N5509,30,5509,lack_of_knowledge,lok_0006,0.28782111406326294,0.28781965374946594,-1.4603137969970703e-06,0.9439740180969238,0.9439741373062134,0.08935546875,working
L30_N5509,30,5509,lack_of_knowledge,lok_0007,0.25314441323280334,0.253226637840271,8.222460746765137e-05,0.9571183323860168,0.9571118950843811,0.08935546875,working
L30_N5509,30,5509,lack_of_knowledge,lok_0008,0.2857697606086731,0.2937505841255188,0.007980823516845703,0.9495995044708252,0.9477765560150146,0.08935546875,working
L30_N5509,30,5509,lack_of_knowledge,lok_0009,0.05977754294872284,0.05974643677473068,-3.110617399215698e-05,0.9918352365493774,0.9918377995491028,0.08935546875,working
L30_N5509,30,5509,lack_of_knowledge,lok_0010,0.531482994556427,0.5316352248191833,0.00015223026275634766,0.8459410667419434,0.8459253907203674,0.08935546875,working
L30_N5509,30,5509,lack_of_knowledge,lok_0011,0.40922486782073975,0.4078133702278137,-0.0014114975929260254,0.9050975441932678,0.9053134322166443,0.08935546875,working
L30_N5509,30,5509,lack_of_knowledge,lok_0012,0.3550257086753845,0.354739785194397,-0.00028592348098754883,0.9349585771560669,0.935002863407135,0.08935546875,working
L30_N5509,30,5509,lack_of_knowledge,lok_0013,0.3046456575393677,0.3046456575393677,0.0,0.9419756531715393,0.941975474357605,0.08935546875,working
L30_N5509,30,5509,lack_of_knowledge,lok_0014,0.2969912588596344,0.297019898891449,2.8640031814575195e-05,0.9337840676307678,0.9337818622589111,0.08935546875,working
L30_N5509,30,5509,lack_of_knowledge,lok_0015,0.10701310634613037,0.10706210136413574,4.8995018005371094e-05,0.9849071502685547,0.9849018454551697,0.08935546875,working
L30_N5509,30,5509,lack_of_knowledge,lok_0016,0.3068767786026001,0.307081401348114,0.00020462274551391602,0.945874810218811,0.9458497166633606,0.08935546875,working
L30_N5509,30,5509,lack_of_knowledge,lok_0017,0.28523916006088257,0.2787157893180847,-0.0065233707427978516,0.9526596069335938,0.9541840553283691,0.08935546875,working
L30_N5509,30,5509,lack_of_knowledge,lok_0018,0.3223433494567871,0.3222762942314148,-6.705522537231445e-05,0.9352149963378906,0.935221254825592,0.08935546875,working
L30_N5509,30,5509,lack_of_knowledge,lok_0019,0.44828683137893677,0.4548714756965637,0.006584644317626953,0.902298629283905,0.9007537364959717,0.08935546875,working
L30_N5509,30,5509,lack_of_knowledge,lok_0020,1.4864192008972168,1.4917244911193848,0.005305290222167969,0.6630858778953552,0.6622743606567383,0.08935546875,working
L30_N5509,30,5509,lack_of_knowledge,lok_0021,0.654586672782898,0.6462411880493164,-0.008345484733581543,0.8547888398170471,0.8572534918785095,0.08935546875,working
L30_N5509,30,5509,lack_of_knowledge,lok_0022,0.45833873748779297,0.45813700556755066,-0.00020173192024230957,0.9272456765174866,0.9272730350494385,0.08935546875,working
L30_N5509,30,5509,lack_of_knowledge,lok_0023,0.4967544972896576,0.49708837270736694,0.0003338754177093506,0.8674667477607727,0.8674328327178955,0.08935546875,working
L30_N5509,30,5509,lack_of_knowledge,lok_0024,0.33014941215515137,0.3301117718219757,-3.764033317565918e-05,0.9413917064666748,0.9414057731628418,0.08935546875,working
L30_N5509,30,5509,lack_of_knowledge,lok_0025,0.05894475430250168,0.05892568454146385,-1.9069761037826538e-05,0.9927107095718384,0.9927129149436951,0.08935546875,working
L30_N5509,30,5509,lack_of_knowledge,lok_0026,0.43050456047058105,0.4307142496109009,0.00020968914031982422,0.9134169220924377,0.9133867621421814,0.08935546875,working
L30_N5509,30,5509,lack_of_knowledge,lok_0027,0.5749434232711792,0.5746376514434814,-0.0003057718276977539,0.8946956396102905,0.8947779536247253,0.08935546875,working
L30_N5509,30,5509,lack_of_knowledge,lok_0028,0.39689117670059204,0.40405046939849854,0.007159292697906494,0.9226692318916321,0.9198701977729797,0.08935546875,working
L30_N5509,30,5509,lack_of_knowledge,lok_0029,0.24673333764076233,0.24644091725349426,-0.0002924203872680664,0.96292644739151,0.9629672765731812,0.08935546875,working
L30_N5509,30,5509,lack_of_knowledge,lok_0030,0.2515638768672943,0.25160104036331177,3.7163496017456055e-05,0.9552069306373596,0.9552037715911865,0.08935546875,working
L30_N5509,30,5509,lack_of_knowledge,lok_0031,0.2685629725456238,0.25713998079299927,-0.011422991752624512,0.9510214328765869,0.9542550444602966,0.08935546875,working
L30_N5509,30,5509,lack_of_knowledge,lok_0032,1.1113756895065308,1.1271791458129883,0.01580345630645752,0.6924391984939575,0.6867900490760803,0.08935546875,working
L30_N5509,30,5509,lack_of_knowledge,lok_0033,0.37497419118881226,0.3765001893043518,0.0015259981155395508,0.9411258697509766,0.9408972263336182,0.08935546875,working
L30_N5509,30,5509,lack_of_knowledge,lok_0034,0.07285558432340622,0.0730275958776474,0.00017201155424118042,0.9903441071510315,0.9903275370597839,0.08935546875,working
L30_N5509,30,5509,lack_of_knowledge,lok_0035,0.40538397431373596,0.4055211544036865,0.00013718008995056152,0.9316344261169434,0.9316230416297913,0.08935546875,working
L30_N5509,30,5509,lack_of_knowledge,lok_0036,1.115729570388794,1.1153534650802612,-0.00037610530853271484,0.7815503478050232,0.7815901637077332,0.08935546875,working
L30_N5509,30,5509,lack_of_knowledge,lok_0037,0.30958282947540283,0.3095673620700836,-1.5467405319213867e-05,0.9307799935340881,0.9307815432548523,0.08935546875,working
L30_N5509,30,5509,lack_of_knowledge,lok_0038,0.1659087985754013,0.1798419952392578,0.013933196663856506,0.9645332098007202,0.9603127837181091,0.08935546875,working
L30_N5509,30,5509,lack_of_knowledge,lok_0039,0.5078685879707336,0.5227086544036865,0.01484006643295288,0.8992130160331726,0.8947890400886536,0.08935546875,working
L30_N5509,30,5509,lack_of_knowledge,lok_0040,0.5482475757598877,0.5473880171775818,-0.0008595585823059082,0.900646984577179,0.9007510542869568,0.08935546875,working
L30_N5509,30,5509,lack_of_knowledge,lok_0041,0.03643523156642914,0.03643961250782013,4.380941390991211e-06,0.9956062436103821,0.9956056475639343,0.08935546875,working
L30_N5509,30,5509,lack_of_knowledge,lok_0042,0.33952444791793823,0.3397422432899475,0.00021779537200927734,0.9392896294593811,0.9392690062522888,0.08935546875,working
L30_N5509,30,5509,lack_of_knowledge,lok_0043,0.27926892042160034,0.29160594940185547,0.012337028980255127,0.9467795491218567,0.9431724548339844,0.08935546875,working
L30_N5509,30,5509,lack_of_knowledge,lok_0044,0.32854658365249634,0.3286243677139282,7.778406143188477e-05,0.9407140612602234,0.9407075643539429,0.08935546875,working
L30_N5509,30,5509,lack_of_knowledge,lok_0045,0.5207996368408203,0.47838160395622253,-0.04241803288459778,0.892455518245697,0.9036527276039124,0.08935546875,working
L30_N5509,30,5509,lack_of_knowledge,lok_0046,0.42248761653900146,0.42286163568496704,0.00037401914596557617,0.9220602512359619,0.9220160245895386,0.08935546875,working
L30_N5509,30,5509,lack_of_knowledge,lok_0047,0.1028701514005661,0.10408446937799454,0.0012143179774284363,0.9854632616043091,0.985293447971344,0.08935546875,working
L30_N5509,30,5509,lack_of_knowledge,lok_0048,1.2687811851501465,1.2692121267318726,0.0004309415817260742,0.6856839656829834,0.6856393814086914,0.08935546875,working
L30_N5509,30,5509,lack_of_knowledge,lok_0049,0.035279445350170135,0.035248640924692154,-3.080442547798157e-05,0.9958128333091736,0.9958159327507019,0.08935546875,working
L30_N5509,30,5509,lack_of_knowledge,lok_0050,0.5434882640838623,0.5744184255599976,0.030930161476135254,0.8769069910049438,0.8684039115905762,0.08935546875,working
L30_N5509,30,5509,lack_of_knowledge,lok_0051,0.0269861351698637,0.026992512866854668,6.377696990966797e-06,0.9969148635864258,0.996914267539978,0.08935546875,working
L30_N5509,30,5509,lack_of_knowledge,lok_0052,0.42821505665779114,0.4138956069946289,-0.014319449663162231,0.9079897999763489,0.9132686257362366,0.08935546875,working
L30_N5509,30,5509,lack_of_knowledge,lok_0053,0.41624367237091064,0.4163370728492737,9.340047836303711e-05,0.9203416705131531,0.9203340411186218,0.08935546875,working
L30_N5509,30,5509,lack_of_knowledge,lok_0054,0.41559314727783203,0.41747811436653137,0.0018849670886993408,0.9082160592079163,0.9079060554504395,0.08935546875,working
L30_N5509,30,5509,lack_of_knowledge,lok_0055,0.2971650958061218,0.29711344838142395,-5.1647424697875977e-05,0.9487175345420837,0.9487205743789673,0.08935546875,working
L30_N5509,30,5509,lack_of_knowledge,lok_0056,0.356362521648407,0.35608139634132385,-0.0002811253070831299,0.9302420020103455,0.9302685260772705,0.08935546875,working
L30_N5509,30,5509,lack_of_knowledge,lok_0057,0.12736442685127258,0.127459317445755,9.489059448242188e-05,0.9807634353637695,0.9807547330856323,0.08935546875,working
L30_N5509,30,5509,lack_of_knowledge,lok_0058,0.24059948325157166,0.2406628280878067,6.334483623504639e-05,0.9544814229011536,0.9544757604598999,0.08935546875,working
L30_N5509,30,5509,lack_of_knowledge,lok_0059,0.3113740384578705,0.3117006719112396,0.0003266334533691406,0.934109091758728,0.9340751767158508,0.08935546875,working
L30_N5509,30,5509,lack_of_knowledge,lok_0060,0.2948303818702698,0.2948932647705078,6.288290023803711e-05,0.9474383592605591,0.9474323987960815,0.08935546875,working
L30_N5509,30,5509,lack_of_knowledge,lok_0061,0.28506845235824585,0.2850090563297272,-5.939602851867676e-05,0.9280197620391846,0.9280271530151367,0.08935546875,working
L30_N5509,30,5509,lack_of_knowledge,lok_0062,0.4876607060432434,0.5056694746017456,0.018008768558502197,0.8918644189834595,0.885076642036438,0.08935546875,working
L30_N5509,30,5509,lack_of_knowledge,lok_0063,0.1913471519947052,0.1931406855583191,0.0017935335636138916,0.9631403088569641,0.9628573656082153,0.08935546875,working
L30_N5509,30,5509,lack_of_knowledge,lok_0064,0.1451702117919922,0.14520153403282166,3.1322240829467773e-05,0.9773245453834534,0.9773221015930176,0.08935546875,working
L30_N5509,30,5509,lack_of_knowledge,lok_0065,1.7140750885009766,1.7182420492172241,0.004166960716247559,0.5101323127746582,0.5097012519836426,0.08935546875,working
L30_N5509,30,5509,lack_of_knowledge,lok_0066,0.12134631723165512,0.12134469300508499,-1.6242265701293945e-06,0.9823613166809082,0.9823609590530396,0.08935546875,working
L30_N5509,30,5509,lack_of_knowledge,lok_0067,0.07675088942050934,0.07667190581560135,-7.89836049079895e-05,0.9892773628234863,0.9892850518226624,0.08935546875,working
L30_N5509,30,5509,lack_of_knowledge,lok_0068,0.24031835794448853,0.2306634783744812,-0.009654879570007324,0.9557502865791321,0.9582883715629578,0.08935546875,working
L30_N5509,30,5509,lack_of_knowledge,lok_0069,0.3301653265953064,0.3301445245742798,-2.0802021026611328e-05,0.9304457902908325,0.9304471015930176,0.08935546875,working
L30_N5509,30,5509,lack_of_knowledge,lok_0070,0.3017212152481079,0.2960156202316284,-0.005705595016479492,0.935825526714325,0.937112033367157,0.08935546875,working
L30_N5509,30,5509,lack_of_knowledge,lok_0071,1.8276312351226807,1.8333863019943237,0.005755066871643066,0.4143259525299072,0.4131259620189667,0.08935546875,working
L30_N5509,30,5509,lack_of_knowledge,lok_0072,0.10167165100574493,0.10161483287811279,-5.681812763214111e-05,0.9856634140014648,0.9856672883033752,0.08935546875,working
L30_N5509,30,5509,lack_of_knowledge,lok_0073,1.624746561050415,1.6267374753952026,0.0019909143447875977,0.44494396448135376,0.44478797912597656,0.08935546875,working
L30_N5509,30,5509,lack_of_knowledge,lok_0074,0.12359865009784698,0.12358765304088593,-1.099705696105957e-05,0.9768452644348145,0.9768457412719727,0.08935546875,working
L30_N5509,30,5509,lack_of_knowledge,lok_0075,0.3614848554134369,0.3620266318321228,0.0005417764186859131,0.9369404911994934,0.9368528127670288,0.08935546875,working
L30_N5509,30,5509,lack_of_knowledge,lok_0076,0.40737903118133545,0.4426005482673645,0.03522151708602905,0.9014618992805481,0.8897883892059326,0.08935546875,working
L30_N5509,30,5509,lack_of_knowledge,lok_0077,0.16173917055130005,0.1598271280527115,-0.001912042498588562,0.9692423939704895,0.9695438742637634,0.08935546875,working
L30_N5509,30,5509,lack_of_knowledge,lok_0078,0.3518255054950714,0.35229557752609253,0.00047007203102111816,0.93060702085495,0.9305325150489807,0.08935546875,working
L30_N5509,30,5509,lack_of_knowledge,lok_0079,0.22752390801906586,0.25132161378860474,0.02379770576953888,0.9625696539878845,0.9578012228012085,0.08935546875,working
L30_N5509,30,5509,lack_of_knowledge,lok_0080,0.4599273204803467,0.4721817970275879,0.012254476547241211,0.889017641544342,0.8854014873504639,0.08935546875,working
L30_N5509,30,5509,lack_of_knowledge,lok_0081,0.22631503641605377,0.22602418065071106,-0.0002908557653427124,0.9586161971092224,0.9586500525474548,0.08935546875,working
L30_N5509,30,5509,lack_of_knowledge,lok_0082,0.45729249715805054,0.45796144008636475,0.000668942928314209,0.9223835468292236,0.9223040342330933,0.08935546875,working
L30_N5509,30,5509,lack_of_knowledge,lok_0083,0.1748635172843933,0.17484816908836365,-1.5348196029663086e-05,0.9684038758277893,0.9684051275253296,0.08935546875,working
L29_N9228,29,9228,lack_of_knowledge,lok_0000,0.20110554993152618,0.22188200056552887,0.020776450634002686,0.9648526906967163,0.9603639245033264,0.1083984375,working
L29_N9228,29,9228,lack_of_knowledge,lok_0001,0.4332544207572937,0.43177446722984314,-0.0014799535274505615,0.9038903713226318,0.9040800333023071,0.1083984375,working
L29_N9228,29,9228,lack_of_knowledge,lok_0002,2.212181568145752,2.2298080921173096,0.017626523971557617,0.349837988615036,0.34693312644958496,0.1083984375,working
L29_N9228,29,9228,lack_of_knowledge,lok_0003,0.19303040206432343,0.21121510863304138,0.018184706568717957,0.9698035717010498,0.9663311839103699,0.1083984375,working
L29_N9228,29,9228,lack_of_knowledge,lok_0004,0.2565121352672577,0.25525200366973877,-0.001260131597518921,0.9500791430473328,0.9502240419387817,0.1083984375,working
L29_N9228,29,9228,lack_of_knowledge,lok_0005,0.04979534447193146,0.049673326313495636,-0.00012201815843582153,0.9940529465675354,0.9940671920776367,0.1083984375,working
L29_N9228,29,9228,lack_of_knowledge,lok_0006,0.28782111406326294,0.26942524313926697,-0.01839587092399597,0.9439740180969238,0.9489285349845886,0.1083984375,working
L29_N9228,29,9228,lack_of_knowledge,lok_0007,0.25314441323280334,0.25294047594070435,-0.00020393729209899902,0.9571183323860168,0.9571329355239868,0.1083984375,working
L29_N9228,29,9228,lack_of_knowledge,lok_0008,0.2857697606086731,0.28213128447532654,-0.0036384761333465576,0.9495995044708252,0.9501105546951294,0.1083984375,working
L29_N9228,29,9228,lack_of_knowledge,lok_0009,0.05977754294872284,0.0597519725561142,-2.5570392608642578e-05,0.9918352365493774,0.991837203502655,0.1083984375,working
L29_N9228,29,9228,lack_of_knowledge,lok_0010,0.531482994556427,0.5293980836868286,-0.0020849108695983887,0.8459410667419434,0.8462604284286499,0.1083984375,working
L29_N9228,29,9228,lack_of_knowledge,lok_0011,0.40922486782073975,0.4030345678329468,-0.006190299987792969,0.9050975441932678,0.9062754511833191,0.1083984375,working
L29_N9228,29,9228,lack_of_knowledge,lok_0012,0.3550257086753845,0.38364267349243164,0.02861696481704712,0.9349585771560669,0.9281130433082581,0.1083984375,working
L29_N9228,29,9228,lack_of_knowledge,lok_0013,0.3046456575393677,0.30449751019477844,-0.0001481473445892334,0.9419756531715393,0.9419876337051392,0.1083984375,working
L29_N9228,29,9228,lack_of_knowledge,lok_0014,0.2969912588596344,0.2800297439098358,-0.016961514949798584,0.9337840676307678,0.9396103024482727,0.1083984375,working
L29_N9228,29,9228,lack_of_knowledge,lok_0015,0.10701310634613037,0.11254717409610748,0.005534067749977112,0.9849071502685547,0.9839717149734497,0.1083984375,working
L29_N9228,29,9228,lack_of_knowledge,lok_0016,0.3068767786026001,0.3016037344932556,-0.005273044109344482,0.945874810218811,0.9468121528625488,0.1083984375,working
L29_N9228,29,9228,lack_of_knowledge,lok_0017,0.28523916006088257,0.2967321276664734,0.01149296760559082,0.9526596069335938,0.9502811431884766,0.1083984375,working
L29_N9228,29,9228,lack_of_knowledge,lok_0018,0.3223433494567871,0.2919209599494934,-0.0304223895072937,0.9352149963378906,0.9425970911979675,0.1083984375,working
L29_N9228,29,9228,lack_of_knowledge,lok_0019,0.44828683137893677,0.48783570528030396,0.03954887390136719,0.902298629283905,0.8907715082168579,0.1083984375,working
L29_N9228,29,9228,lack_of_knowledge,lok_0020,1.4864192008972168,1.5060055255889893,0.01958632469177246,0.6630858778953552,0.6606136560440063,0.1083984375,working
L29_N9228,29,9228,lack_of_knowledge,lok_0021,0.654586672782898,0.6597381830215454,0.005151510238647461,0.8547888398170471,0.8539773225784302,0.1083984375,working
L29_N9228,29,9228,lack_of_knowledge,lok_0022,0.45833873748779297,0.45137444138526917,-0.006964296102523804,0.9272456765174866,0.9283307194709778,0.1083984375,working
L29_N9228,29,9228,lack_of_knowledge,lok_0023,0.4967544972896576,0.4963403642177582,-0.00041413307189941406,0.8674667477607727,0.8675046563148499,0.1083984375,working
L29_N9228,29,9228,lack_of_knowledge,lok_0024,0.33014941215515137,0.35629284381866455,0.026143431663513184,0.9413917064666748,0.9355563521385193,0.1083984375,working
L29_N9228,29,9228,lack_of_knowledge,lok_0025,0.05894475430250168,0.05835407227277756,-0.0005906820297241211,0.9927107095718384,0.9927880167961121,0.1083984375,working
L29_N9228,29,9228,lack_of_knowledge,lok_0026,0.43050456047058105,0.4211033582687378,-0.009401202201843262,0.9134169220924377,0.9160060286521912,0.1083984375,working
L29_N9228,29,9228,lack_of_knowledge,lok_0027,0.5749434232711792,0.5687065124511719,-0.006236910820007324,0.8946956396102905,0.8955110907554626,0.1083984375,working
L29_N9228,29,9228,lack_of_knowledge,lok_0028,0.39689117670059204,0.3958890438079834,-0.0010021328926086426,0.9226692318916321,0.9227805733680725,0.1083984375,working
L29_N9228,29,9228,lack_of_knowledge,lok_0029,0.24673333764076233,0.24125882983207703,-0.005474507808685303,0.96292644739151,0.9637607336044312,0.1083984375,working
L29_N9228,29,9228,lack_of_knowledge,lok_0030,0.2515638768672943,0.2514418661594391,-0.00012201070785522461,0.9552069306373596,0.9552175998687744,0.1083984375,working
L29_N9228,29,9228,lack_of_knowledge,lok_0031,0.2685629725456238,0.2825562655925751,0.013993293046951294,0.9510214328765869,0.948562741279602,0.1083984375,working
L29_N9228,29,9228,lack_of_knowledge,lok_0032,1.1113756895065308,1.1294686794281006,0.018092989921569824,0.6924391984939575,0.6796281337738037,0.1083984375,working
L29_N9228,29,9228,lack_of_knowledge,lok_0033,0.37497419118881226,0.3744814395904541,-0.0004927515983581543,0.9411258697509766,0.9411681294441223,0.1083984375,working
L29_N9228,29,9228,lack_of_knowledge,lok_0034,0.07285558432340622,0.07295062392950058,9.503960609436035e-05,0.9903441071510315,0.9903348088264465,0.1083984375,working
L29_N9228,29,9228,lack_of_knowledge,lok_0035,0.40538397431373596,0.434253066778183,0.02886909246444702,0.9316344261169434,0.9256100654602051,0.1083984375,working
L29_N9228,29,9228,lack_of_knowledge,lok_0036,1.115729570388794,1.1177572011947632,0.0020276308059692383,0.7815503478050232,0.7811629772186279,0.1083984375,working
L29_N9228,29,9228,lack_of_knowledge,lok_0037,0.30958282947540283,0.3079994320869446,-0.001583397388458252,0.9307799935340881,0.9309591054916382,0.1083984375,working
L29_N9228,29,9228,lack_of_knowledge,lok_0038,0.1659087985754013,0.18102526664733887,0.015116468071937561,0.9645332098007202,0.9601312279701233,0.1083984375,working
L29_N9228,29,9228,lack_of_knowledge,lok_0039,0.5078685879707336,0.5069077014923096,-0.0009608864784240723,0.8992130160331726,0.8993171453475952,0.1083984375,working
L29_N9228,29,9228,lack_of_knowledge,lok_0040,0.5482475757598877,0.5448825359344482,-0.003365039825439453,0.900646984577179,0.9010491371154785,0.1083984375,working
L29_N9228,29,9228,lack_of_knowledge,lok_0041,0.03643523156642914,0.036402102559804916,-3.31290066242218e-05,0.9956062436103821,0.9956087470054626,0.1083984375,working
L29_N9228,29,9228,lack_of_knowledge,lok_0042,0.33952444791793823,0.32998529076576233,-0.009539157152175903,0.9392896294593811,0.9412919282913208,0.1083984375,working
L29_N9228,29,9228,lack_of_knowledge,lok_0043,0.27926892042160034,0.2791198790073395,-0.00014904141426086426,0.9467795491218567,0.9467915296554565,0.1083984375,working
L29_N9228,29,9228,lack_of_knowledge,lok_0044,0.32854658365249634,0.32632339000701904,-0.002223193645477295,0.9407140612602234,0.9410112500190735,0.1083984375,working
L29_N9228,29,9228,lack_of_knowledge,lok_0045,0.5207996368408203,0.5222011804580688,0.0014015436172485352,0.892455518245697,0.892227828502655,0.1083984375,working
L29_N9228,29,9228,lack_of_knowledge,lok_0046,0.42248761653900146,0.421714723110199,-0.0007728934288024902,0.9220602512359619,0.9221414923667908,0.1083984375,working
L29_N9228,29,9228,lack_of_knowledge,lok_0047,0.1028701514005661,0.10397812724113464,0.0011079758405685425,0.9854632616043091,0.985303521156311,0.1083984375,working
L29_N9228,29,9228,lack_of_knowledge,lok_0048,1.2687811851501465,1.2855603694915771,0.016779184341430664,0.6856839656829834,0.6690627336502075,0.1083984375,working
L29_N9228,29,9228,lack_of_knowledge,lok_0049,0.035279445350170135,0.036266572773456573,0.000987127423286438,0.9958128333091736,0.9956766963005066,0.1083984375,working
L29_N9228,29,9228,lack_of_knowledge,lok_0050,0.5434882640838623,0.5931464433670044,0.04965817928314209,0.8769069910049438,0.8622921109199524,0.1083984375,working
L29_N9228,29,9228,lack_of_knowledge,lok_0051,0.0269861351698637,0.026964329183101654,-2.1805986762046814e-05,0.9969148635864258,0.9969167709350586,0.1083984375,working
L29_N9228,29,9228,lack_of_knowledge,lok_0052,0.42821505665779114,0.42919549345970154,0.0009804368019104004,0.9079897999763489,0.9078149795532227,0.1083984375,working
L29_N9228,29,9228,lack_of_knowledge,lok_0053,0.41624367237091064,0.45045989751815796,0.034216225147247314,0.9203416705131531,0.9117469191551208,0.1083984375,working
L29_N9228,29,9228,lack_of_knowledge,lok_0054,0.41559314727783203,0.409458190202713,-0.0061349570751190186,0.9082160592079163,0.9094952940940857,0.1083984375,working
L29_N9228,29,9228,lack_of_knowledge,lok_0055,0.2971650958061218,0.3201162815093994,0.022951185703277588,0.9487175345420837,0.9433802366256714,0.1083984375,working
L29_N9228,29,9228,lack_of_knowledge,lok_0056,0.356362521648407,0.34845101833343506,-0.007911503314971924,0.9302420020103455,0.9316012263298035,0.1083984375,working
L29_N9228,29,9228,lack_of_knowledge,lok_0057,0.12736442685127258,0.12379969656467438,-0.0035647302865982056,0.9807634353637695,0.9813396334648132,0.1083984375,working
L29_N9228,29,9228,lack_of_knowledge,lok_0058,0.24059948325157166,0.2365056574344635,-0.004093825817108154,0.9544814229011536,0.9551298022270203,0.1083984375,working
L29_N9228,29,9228,lack_of_knowledge,lok_0059,0.3113740384578705,0.295771062374115,-0.015602976083755493,0.934109091758728,0.9392552375793457,0.1083984375,working
L29_N9228,29,9228,lack_of_knowledge,lok_0060,0.2948303818702698,0.2840539813041687,-0.010776400566101074,0.9474383592605591,0.9496279954910278,0.1083984375,working
L29_N9228,29,9228,lack_of_knowledge,lok_0061,0.28506845235824585,0.2858954071998596,0.0008269548416137695,0.9280197620391846,0.9279025197029114,0.1083984375,working
L29_N9228,29,9228,lack_of_knowledge,lok_0062,0.4876607060432434,0.4813370406627655,-0.006323665380477905,0.8918644189834595,0.8929812908172607,0.1083984375,working
L29_N9228,29,9228,lack_of_knowledge,lok_0063,0.1913471519947052,0.19298741221427917,0.0016402602195739746,0.9631403088569641,0.9628716111183167,0.1083984375,working
L29_N9228,29,9228,lack_of_knowledge,lok_0064,0.1451702117919922,0.14525747299194336,8.726119995117188e-05,0.9773245453834534,0.9773149490356445,0.1083984375,working
L29_N9228,29,9228,lack_of_knowledge,lok_0065,1.7140750885009766,1.7126340866088867,-0.0014410018920898438,0.5101323127746582,0.5104827880859375,0.1083984375,working
L29_N9228,29,9228,lack_of_knowledge,lok_0066,0.12134631723165512,0.13382792472839355,0.012481607496738434,0.9823613166809082,0.9801825284957886,0.1083984375,working
L29_N9228,29,9228,lack_of_knowledge,lok_0067,0.07675088942050934,0.08315165340900421,0.006400763988494873,0.9892773628234863,0.9881705045700073,0.1083984375,working
L29_N9228,29,9228,lack_of_knowledge,lok_0068,0.24031835794448853,0.23040322959423065,-0.009915128350257874,0.9557502865791321,0.9583119750022888,0.1083984375,working
L29_N9228,29,9228,lack_of_knowledge,lok_0069,0.3301653265953064,0.3211992383003235,-0.00896608829498291,0.9304457902908325,0.932462215423584,0.1083984375,working
L29_N9228,29,9228,lack_of_knowledge,lok_0070,0.3017212152481079,0.3018261194229126,0.0001049041748046875,0.935825526714325,0.9358159303665161,0.1083984375,working
L29_N9228,29,9228,lack_of_knowledge,lok_0071,1.8276312351226807,1.8369314670562744,0.00930023193359375,0.4143259525299072,0.4128679037094116,0.1083984375,working
L29_N9228,29,9228,lack_of_knowledge,lok_0072,0.10167165100574493,0.10057011246681213,-0.0011015385389328003,0.9856634140014648,0.9857968688011169,0.1083984375,working
L29_N9228,29,9228,lack_of_knowledge,lok_0073,1.624746561050415,1.6356226205825806,0.010876059532165527,0.44494396448135376,0.4431576430797577,0.1083984375,working
L29_N9228,29,9228,lack_of_knowledge,lok_0074,0.12359865009784698,0.12468048185110092,0.0010818317532539368,0.9768452644348145,0.9767013788223267,0.1083984375,working
L29_N9228,29,9228,lack_of_knowledge,lok_0075,0.3614848554134369,0.36149629950523376,1.1444091796875e-05,0.9369404911994934,0.9368922114372253,0.1083984375,working
L29_N9228,29,9228,lack_of_knowledge,lok_0076,0.40737903118133545,0.4248103201389313,0.017431288957595825,0.9014618992805481,0.8979753255844116,0.1083984375,working
L29_N9228,29,9228,lack_of_knowledge,lok_0077,0.16173917055130005,0.1614646166563034,-0.00027455389499664307,0.9692423939704895,0.9692724347114563,0.1083984375,working
L29_N9228,29,9228,lack_of_knowledge,lok_0078,0.3518255054950714,0.3481612801551819,-0.0036642253398895264,0.93060702085495,0.9311092495918274,0.1083984375,working
L29_N9228,29,9228,lack_of_knowledge,lok_0079,0.22752390801906586,0.24005088210105896,0.012526974081993103,0.9625696539878845,0.959835946559906,0.1083984375,working
L29_N9228,29,9228,lack_of_knowledge,lok_0080,0.4599273204803467,0.45993292331695557,5.602836608886719e-06,0.889017641544342,0.8890153765678406,0.1083984375,working
L29_N9228,29,9228,lack_of_knowledge,lok_0081,0.22631503641605377,0.22521786391735077,-0.001097172498703003,0.9586161971092224,0.9587412476539612,0.1083984375,working
L29_N9228,29,9228,lack_of_knowledge,lok_0082,0.45729249715805054,0.4453831911087036,-0.011909306049346924,0.9223835468292236,0.9248067140579224,0.1083984375,working
L29_N9228,29,9228,lack_of_knowledge,lok_0083,0.1748635172843933,0.17473091185092926,-0.0001326054334640503,0.9684038758277893,0.968421459197998,0.1083984375,working
L26_N11322,26,11322,lack_of_knowledge,lok_0000,0.20110554993152618,0.21984148025512695,0.01873593032360077,0.9648526906967163,0.9607100486755371,0.099609375,working
L26_N11322,26,11322,lack_of_knowledge,lok_0001,0.4332544207572937,0.43206787109375,-0.0011865496635437012,0.9038903713226318,0.9040495753288269,0.099609375,working
L26_N11322,26,11322,lack_of_knowledge,lok_0002,2.212181568145752,2.2278518676757812,0.015670299530029297,0.349837988615036,0.34706997871398926,0.099609375,working
L26_N11322,26,11322,lack_of_knowledge,lok_0003,0.19303040206432343,0.21085870265960693,0.01782830059528351,0.9698035717010498,0.9663759469985962,0.099609375,working
L26_N11322,26,11322,lack_of_knowledge,lok_0004,0.2565121352672577,0.25578826665878296,-0.0007238686084747314,0.9500791430473328,0.9501734375953674,0.099609375,working
L26_N11322,26,11322,lack_of_knowledge,lok_0005,0.04979534447193146,0.04962487518787384,-0.0001704692840576172,0.9940529465675354,0.9940701127052307,0.099609375,working
L26_N11322,26,11322,lack_of_knowledge,lok_0006,0.28782111406326294,0.2878572940826416,3.618001937866211e-05,0.9439740180969238,0.9439690113067627,0.099609375,working
L26_N11322,26,11322,lack_of_knowledge,lok_0007,0.25314441323280334,0.25746822357177734,0.004323810338973999,0.9571183323860168,0.9561339616775513,0.099609375,working
L26_N11322,26,11322,lack_of_knowledge,lok_0008,0.2857697606086731,0.28260305523872375,-0.003166705369949341,0.9495995044708252,0.9500569701194763,0.099609375,working
L26_N11322,26,11322,lack_of_knowledge,lok_0009,0.05977754294872284,0.05976511538028717,-1.2427568435668945e-05,0.9918352365493774,0.9918366074562073,0.099609375,working
L26_N11322,26,11322,lack_of_knowledge,lok_0010,0.531482994556427,0.5293528437614441,-0.00213015079498291,0.8459410667419434,0.8462629914283752,0.099609375,working
L26_N11322,26,11322,lack_of_knowledge,lok_0011,0.40922486782073975,0.4093795120716095,0.00015464425086975098,0.9050975441932678,0.9050754904747009,0.099609375,working
L26_N11322,26,11322,lack_of_knowledge,lok_0012,0.3550257086753845,0.34971022605895996,-0.0053154826164245605,0.9349585771560669,0.9359654188156128,0.099609375,working
L26_N11322,26,11322,lack_of_knowledge,lok_0013,0.3046456575393677,0.30103880167007446,-0.003606855869293213,0.9419756531715393,0.9425709247589111,0.099609375,working
L26_N11322,26,11322,lack_of_knowledge,lok_0014,0.2969912588596344,0.28000563383102417,-0.01698562502861023,0.9337840676307678,0.9396130442619324,0.099609375,working
L26_N11322,26,11322,lack_of_knowledge,lok_0015,0.10701310634613037,0.10505810379981995,-0.001955002546310425,0.9849071502685547,0.985178530216217,0.099609375,working
L26_N11322,26,11322,lack_of_knowledge,lok_0016,0.3068767786026001,0.27793067693710327,-0.028946101665496826,0.945874810218811,0.9519855380058289,0.099609375,working
L26_N11322,26,11322,lack_of_knowledge,lok_0017,0.28523916006088257,0.3064727187156677,0.021233558654785156,0.9526596069335938,0.9485254287719727,0.099609375,working
L26_N11322,26,11322,lack_of_knowledge,lok_0018,0.3223433494567871,0.320776104927063,-0.001567244529724121,0.9352149963378906,0.9354186654090881,0.099609375,working
L26_N11322,26,11322,lack_of_knowledge,lok_0019,0.44828683137893677,0.4778294265270233,0.029542595148086548,0.902298629283905,0.8958001136779785,0.099609375,working
L26_N11322,26,11322,lack_of_knowledge,lok_0020,1.4864192008972168,1.4903764724731445,0.003957271575927734,0.6630858778953552,0.6626187562942505,0.099609375,working
L26_N11322,26,11322,lack_of_knowledge,lok_0021,0.654586672782898,0.6414716243743896,-0.0131150484085083,0.8547888398170471,0.8579342365264893,0.099609375,working
L26_N11322,26,11322,lack_of_knowledge,lok_0022,0.45833873748779297,0.4529200792312622,-0.005418658256530762,0.9272456765174866,0.9278188943862915,0.099609375,working
L26_N11322,26,11322,lack_of_knowledge,lok_0023,0.4967544972896576,0.4966753125190735,-7.918477058410645e-05,0.8674667477607727,0.8674692511558533,0.099609375,working
L26_N11322,26,11322,lack_of_knowledge,lok_0024,0.33014941215515137,0.32509657740592957,-0.005052834749221802,0.9413917064666748,0.9425212740898132,0.099609375,working
L26_N11322,26,11322,lack_of_knowledge,lok_0025,0.05894475430250168,0.06503742933273315,0.006092675030231476,0.9927107095718384,0.9918360114097595,0.099609375,working
L26_N11322,26,11322,lack_of_knowledge,lok_0026,0.43050456047058105,0.412455677986145,-0.018048882484436035,0.9134169220924377,0.9177493453025818,0.099609375,working
L26_N11322,26,11322,lack_of_knowledge,lok_0027,0.5749434232711792,0.568955659866333,-0.005987763404846191,0.8946956396102905,0.8954980969429016,0.099609375,working
L26_N11322,26,11322,lack_of_knowledge,lok_0028,0.39689117670059204,0.38984817266464233,-0.007043004035949707,0.9226692318916321,0.9243189692497253,0.099609375,working
L26_N11322,26,11322,lack_of_knowledge,lok_0029,0.24673333764076233,0.2444387674331665,-0.002294570207595825,0.96292644739151,0.9632786512374878,0.099609375,working
L26_N11322,26,11322,lack_of_knowledge,lok_0030,0.2515638768672943,0.2514650225639343,-9.885430335998535e-05,0.9552069306373596,0.9552158117294312,0.099609375,working
L26_N11322,26,11322,lack_of_knowledge,lok_0031,0.2685629725456238,0.267874538898468,-0.0006884336471557617,0.9510214328765869,0.951099693775177,0.099609375,working
L26_N11322,26,11322,lack_of_knowledge,lok_0032,1.1113756895065308,1.114894986152649,0.003519296646118164,0.6924391984939575,0.6919259428977966,0.099609375,working
L26_N11322,26,11322,lack_of_knowledge,lok_0033,0.37497419118881226,0.4131268858909607,0.03815269470214844,0.9411258697509766,0.9337947368621826,0.099609375,working
L26_N11322,26,11322,lack_of_knowledge,lok_0034,0.07285558432340622,0.07287129759788513,1.5713274478912354e-05,0.9903441071510315,0.9903415441513062,0.099609375,working
L26_N11322,26,11322,lack_of_knowledge,lok_0035,0.40538397431373596,0.40351834893226624,-0.0018656253814697266,0.9316344261169434,0.9318042397499084,0.099609375,working
L26_N11322,26,11322,lack_of_knowledge,lok_0036,1.115729570388794,1.1134628057479858,-0.0022667646408081055,0.7815503478050232,0.781889021396637,0.099609375,working
L26_N11322,26,11322,lack_of_knowledge,lok_0037,0.30958282947540283,0.3087887465953827,-0.0007940828800201416,0.9307799935340881,0.9308806657791138,0.099609375,working
L26_N11322,26,11322,lack_of_knowledge,lok_0038,0.1659087985754013,0.181400865316391,0.015492066740989685,0.9645332098007202,0.9601017832756042,0.099609375,working
L26_N11322,26,11322,lack_of_knowledge,lok_0039,0.5078685879707336,0.4758148789405823,-0.03205370903015137,0.8992130160331726,0.9063023924827576,0.099609375,working
L26_N11322,26,11322,lack_of_knowledge,lok_0040,0.5482475757598877,0.5386306047439575,-0.009616971015930176,0.900646984577179,0.9023650288581848,0.099609375,working
L26_N11322,26,11322,lack_of_knowledge,lok_0041,0.03643523156642914,0.03640379011631012,-3.1441450119018555e-05,0.9956062436103821,0.9956087470054626,0.099609375,working
L26_N11322,26,11322,lack_of_knowledge,lok_0042,0.33952444791793823,0.3396005630493164,7.611513137817383e-05,0.9392896294593811,0.9392777681350708,0.099609375,working
L26_N11322,26,11322,lack_of_knowledge,lok_0043,0.27926892042160034,0.27922728657722473,-4.163384437561035e-05,0.9467795491218567,0.9467757344245911,0.099609375,working
L26_N11322,26,11322,lack_of_knowledge,lok_0044,0.32854658365249634,0.32644176483154297,-0.002104818820953369,0.9407140612602234,0.9410030245780945,0.099609375,working
L26_N11322,26,11322,lack_of_knowledge,lok_0045,0.5207996368408203,0.5219210982322693,0.0011214613914489746,0.892455518245697,0.892250657081604,0.099609375,working
L26_N11322,26,11322,lack_of_knowledge,lok_0046,0.42248761653900146,0.42081260681152344,-0.0016750097274780273,0.9220602512359619,0.9222850799560547,0.099609375,working
L26_N11322,26,11322,lack_of_knowledge,lok_0047,0.1028701514005661,0.10147111117839813,-0.0013990402221679688,0.9854632616043091,0.9857380390167236,0.099609375,working
L26_N11322,26,11322,lack_of_knowledge,lok_0048,1.2687811851501465,1.2732586860656738,0.004477500915527344,0.6856839656829834,0.6848024129867554,0.099609375,working
L26_N11322,26,11322,lack_of_knowledge,lok_0049,0.035279445350170135,0.03528367727994919,4.231929779052734e-06,0.9958128333091736,0.9958105087280273,0.099609375,working
L26_N11322,26,11322,lack_of_knowledge,lok_0050,0.5434882640838623,0.553610622882843,0.010122358798980713,0.8769069910049438,0.8754867911338806,0.099609375,working
L26_N11322,26,11322,lack_of_knowledge,lok_0051,0.0269861351698637,0.027463052421808243,0.00047691725194454193,0.9969148635864258,0.9968511462211609,0.099609375,working
L26_N11322,26,11322,lack_of_knowledge,lok_0052,0.42821505665779114,0.42554306983947754,-0.0026719868183135986,0.9079897999763489,0.9084213376045227,0.099609375,working
L26_N11322,26,11322,lack_of_knowledge,lok_0053,0.41624367237091064,0.44504302740097046,0.028799355030059814,0.9203416705131531,0.9129680395126343,0.099609375,working
L26_N11322,26,11322,lack_of_knowledge,lok_0054,0.41559314727783203,0.3923985958099365,-0.023194551467895508,0.9082160592079163,0.9157434105873108,0.099609375,working
L26_N11322,26,11322,lack_of_knowledge,lok_0055,0.2971650958061218,0.323808491230011,0.02664339542388916,0.9487175345420837,0.9427622556686401,0.099609375,working
L26_N11322,26,11322,lack_of_knowledge,lok_0056,0.356362521648407,0.35047659277915955,-0.0058859288692474365,0.9302420020103455,0.9313139915466309,0.099609375,working
L26_N11322,26,11322,lack_of_knowledge,lok_0057,0.12736442685127258,0.1254584789276123,-0.0019059479236602783,0.9807634353637695,0.9810628294944763,0.099609375,working
L26_N11322,26,11322,lack_of_knowledge,lok_0058,0.24059948325157166,0.22400732338428497,-0.016592159867286682,0.9544814229011536,0.9588136672973633,0.099609375,working
L26_N11322,26,11322,lack_of_knowledge,lok_0059,0.3113740384578705,0.30998504161834717,-0.0013889968395233154,0.934109091758728,0.9343032240867615,0.099609375,working
L26_N11322,26,11322,lack_of_knowledge,lok_0060,0.2948303818702698,0.27558717131614685,-0.019243210554122925,0.9474383592605591,0.9516640305519104,0.099609375,working
L26_N11322,26,11322,lack_of_knowledge,lok_0061,0.28506845235824585,0.2887951731681824,0.0037267208099365234,0.9280197620391846,0.927495002746582,0.099609375,working
L26_N11322,26,11322,lack_of_knowledge,lok_0062,0.4876607060432434,0.4840570092201233,-0.003603696823120117,0.8918644189834595,0.8925215005874634,0.099609375,working
L26_N11322,26,11322,lack_of_knowledge,lok_0063,0.1913471519947052,0.19122031331062317,-0.00012683868408203125,0.9631403088569641,0.9631504416465759,0.099609375,working
L26_N11322,26,11322,lack_of_knowledge,lok_0064,0.1451702117919922,0.14265143871307373,-0.002518773078918457,0.9773245453834534,0.9777165055274963,0.099609375,working
L26_N11322,26,11322,lack_of_knowledge,lok_0065,1.7140750885009766,1.7102364301681519,-0.003838658332824707,0.5101323127746582,0.5221762657165527,0.099609375,working
L26_N11322,26,11322,lack_of_knowledge,lok_0066,0.12134631723165512,0.1289350837469101,0.007588766515254974,0.9823613166809082,0.9811774492263794,0.099609375,working
L26_N11322,26,11322,lack_of_knowledge,lok_0067,0.07675088942050934,0.07680628448724747,5.539506673812866e-05,0.9892773628234863,0.9892653226852417,0.099609375,working
L26_N11322,26,11322,lack_of_knowledge,lok_0068,0.24031835794448853,0.2506978511810303,0.010379493236541748,0.9557502865791321,0.9535702466964722,0.099609375,working
L26_N11322,26,11322,lack_of_knowledge,lok_0069,0.3301653265953064,0.30063050985336304,-0.02953481674194336,0.9304457902908325,0.9381862878799438,0.099609375,working
L26_N11322,26,11322,lack_of_knowledge,lok_0070,0.3017212152481079,0.2958214282989502,-0.005899786949157715,0.935825526714325,0.9371293783187866,0.099609375,working
L26_N11322,26,11322,lack_of_knowledge,lok_0071,1.8276312351226807,1.826390027999878,-0.0012412071228027344,0.4143259525299072,0.4230482578277588,0.099609375,working
L26_N11322,26,11322,lack_of_knowledge,lok_0072,0.10167165100574493,0.08739757537841797,-0.014274075627326965,0.9856634140014648,0.9881117343902588,0.099609375,working
L26_N11322,26,11322,lack_of_knowledge,lok_0073,1.624746561050415,1.6244460344314575,-0.00030052661895751953,0.44494396448135376,0.4449552595615387,0.099609375,working
L26_N11322,26,11322,lack_of_knowledge,lok_0074,0.12359865009784698,0.12360000610351562,1.3560056686401367e-06,0.9768452644348145,0.9768443703651428,0.099609375,working
L26_N11322,26,11322,lack_of_knowledge,lok_0075,0.3614848554134369,0.3526811897754669,-0.00880366563796997,0.9369404911994934,0.9383544325828552,0.099609375,working
L26_N11322,26,11322,lack_of_knowledge,lok_0076,0.40737903118133545,0.42151570320129395,0.014136672019958496,0.9014618992805481,0.8985667824745178,0.099609375,working
L26_N11322,26,11322,lack_of_knowledge,lok_0077,0.16173917055130005,0.1594453603029251,-0.002293810248374939,0.9692423939704895,0.9695839881896973,0.099609375,working
L26_N11322,26,11322,lack_of_knowledge,lok_0078,0.3518255054950714,0.34819093346595764,-0.0036345720291137695,0.93060702085495,0.9311215281486511,0.099609375,working
L26_N11322,26,11322,lack_of_knowledge,lok_0079,0.22752390801906586,0.24931097030639648,0.021787062287330627,0.9625696539878845,0.9580721855163574,0.099609375,working
L26_N11322,26,11322,lack_of_knowledge,lok_0080,0.4599273204803467,0.4604834020137787,0.0005560815334320068,0.889017641544342,0.8889161944389343,0.099609375,working
L26_N11322,26,11322,lack_of_knowledge,lok_0081,0.22631503641605377,0.2234007567167282,-0.0029142796993255615,0.9586161971092224,0.9590809345245361,0.099609375,working
L26_N11322,26,11322,lack_of_knowledge,lok_0082,0.45729249715805054,0.4478856921195984,-0.009406805038452148,0.9223835468292236,0.9244503974914551,0.099609375,working
L26_N11322,26,11322,lack_of_knowledge,lok_0083,0.1748635172843933,0.17172856628894806,-0.0031349509954452515,0.9684038758277893,0.9689497947692871,0.099609375,working
L29_N10092,29,10092,lack_of_knowledge,lok_0000,0.20110554993152618,0.20335552096366882,0.002249971032142639,0.9648526906967163,0.9645048379898071,0.1435546875,working
L29_N10092,29,10092,lack_of_knowledge,lok_0001,0.4332544207572937,0.4351055920124054,0.0018511712551116943,0.9038903713226318,0.9036935567855835,0.1435546875,working
L29_N10092,29,10092,lack_of_knowledge,lok_0002,2.212181568145752,2.2429049015045166,0.03072333335876465,0.349837988615036,0.3385922312736511,0.1435546875,working
L29_N10092,29,10092,lack_of_knowledge,lok_0003,0.19303040206432343,0.19553181529045105,0.0025014132261276245,0.9698035717010498,0.9693256616592407,0.1435546875,working
L29_N10092,29,10092,lack_of_knowledge,lok_0004,0.2565121352672577,0.27530115842819214,0.018789023160934448,0.9500791430473328,0.9446784853935242,0.1435546875,working
L29_N10092,29,10092,lack_of_knowledge,lok_0005,0.04979534447193146,0.04600781947374344,-0.003787524998188019,0.9940529465675354,0.994563639163971,0.1435546875,working
L29_N10092,29,10092,lack_of_knowledge,lok_0006,0.28782111406326294,0.28825902938842773,0.0004379153251647949,0.9439740180969238,0.9439278841018677,0.1435546875,working
L29_N10092,29,10092,lack_of_knowledge,lok_0007,0.25314441323280334,0.2564969062805176,0.0033524930477142334,0.9571183323860168,0.956638514995575,0.1435546875,working
L29_N10092,29,10092,lack_of_knowledge,lok_0008,0.2857697606086731,0.29692932963371277,0.011159569025039673,0.9495995044708252,0.9473420977592468,0.1435546875,working
L29_N10092,29,10092,lack_of_knowledge,lok_0009,0.05977754294872284,0.0601719468832016,0.00039440393447875977,0.9918352365493774,0.9917910099029541,0.1435546875,working
L29_N10092,29,10092,lack_of_knowledge,lok_0010,0.531482994556427,0.5318459272384644,0.0003629326820373535,0.8459410667419434,0.8459048867225647,0.1435546875,working
L29_N10092,29,10092,lack_of_knowledge,lok_0011,0.40922486782073975,0.4103749990463257,0.0011501312255859375,0.9050975441932678,0.9049761891365051,0.1435546875,working
L29_N10092,29,10092,lack_of_knowledge,lok_0012,0.3550257086753845,0.3617567718029022,0.0067310631275177,0.9349585771560669,0.9335755705833435,0.1435546875,working
L29_N10092,29,10092,lack_of_knowledge,lok_0013,0.3046456575393677,0.3103477954864502,0.0057021379470825195,0.9419756531715393,0.940781831741333,0.1435546875,working
L29_N10092,29,10092,lack_of_knowledge,lok_0014,0.2969912588596344,0.297204852104187,0.0002135932445526123,0.9337840676307678,0.9337645173072815,0.1435546875,working
L29_N10092,29,10092,lack_of_knowledge,lok_0015,0.10701310634613037,0.10881158709526062,0.001798480749130249,0.9849071502685547,0.9846025705337524,0.1435546875,working
L29_N10092,29,10092,lack_of_knowledge,lok_0016,0.3068767786026001,0.2845202088356018,-0.02235656976699829,0.945874810218811,0.9507537484169006,0.1435546875,working
L29_N10092,29,10092,lack_of_knowledge,lok_0017,0.28523916006088257,0.2945183515548706,0.009279191493988037,0.9526596069335938,0.950548529624939,0.1435546875,working
L29_N10092,29,10092,lack_of_knowledge,lok_0018,0.3223433494567871,0.31103500723838806,-0.011308342218399048,0.9352149963378906,0.9370138645172119,0.1435546875,working
L29_N10092,29,10092,lack_of_knowledge,lok_0019,0.44828683137893677,0.4975211024284363,0.04923427104949951,0.902298629283905,0.8887362480163574,0.1435546875,working
L29_N10092,29,10092,lack_of_knowledge,lok_0020,1.4864192008972168,1.4967541694641113,0.010334968566894531,0.6630858778953552,0.6620583534240723,0.1435546875,working
L29_N10092,29,10092,lack_of_knowledge,lok_0021,0.654586672782898,0.6623464822769165,0.007759809494018555,0.8547888398170471,0.854036271572113,0.1435546875,working
L29_N10092,29,10092,lack_of_knowledge,lok_0022,0.45833873748779297,0.4807511866092682,0.02241244912147522,0.9272456765174866,0.9229555130004883,0.1435546875,working
L29_N10092,29,10092,lack_of_knowledge,lok_0023,0.4967544972896576,0.4684399962425232,-0.0283145010471344,0.8674667477607727,0.878971517086029,0.1435546875,working
L29_N10092,29,10092,lack_of_knowledge,lok_0024,0.33014941215515137,0.3356788158416748,0.0055294036865234375,0.9413917064666748,0.9404152035713196,0.1435546875,working
L29_N10092,29,10092,lack_of_knowledge,lok_0025,0.05894475430250168,0.05924671143293381,0.0003019571304321289,0.9927107095718384,0.9926808476448059,0.1435546875,working
L29_N10092,29,10092,lack_of_knowledge,lok_0026,0.43050456047058105,0.4317583441734314,0.0012537837028503418,0.9134169220924377,0.9132704138755798,0.1435546875,working
L29_N10092,29,10092,lack_of_knowledge,lok_0027,0.5749434232711792,0.5827175378799438,0.0077741146087646484,0.8946956396102905,0.8936551809310913,0.1435546875,working
L29_N10092,29,10092,lack_of_knowledge,lok_0028,0.39689117670059204,0.4184008538722992,0.021509677171707153,0.9226692318916321,0.9166689515113831,0.1435546875,working
L29_N10092,29,10092,lack_of_knowledge,lok_0029,0.24673333764076233,0.22525322437286377,-0.02148011326789856,0.96292644739151,0.9668411612510681,0.1435546875,working
L29_N10092,29,10092,lack_of_knowledge,lok_0030,0.2515638768672943,0.2518230378627777,0.00025916099548339844,0.9552069306373596,0.9551827907562256,0.1435546875,working
L29_N10092,29,10092,lack_of_knowledge,lok_0031,0.2685629725456238,0.2730163633823395,0.004453390836715698,0.9510214328765869,0.9501730799674988,0.1435546875,working
L29_N10092,29,10092,lack_of_knowledge,lok_0032,1.1113756895065308,1.143277645111084,0.03190195560455322,0.6924391984939575,0.6745045185089111,0.1435546875,working
L29_N10092,29,10092,lack_of_knowledge,lok_0033,0.37497419118881226,0.39075806736946106,0.015783876180648804,0.9411258697509766,0.9381015300750732,0.1435546875,working
L29_N10092,29,10092,lack_of_knowledge,lok_0034,0.07285558432340622,0.07715258002281189,0.00429699569940567,0.9903441071510315,0.9896461367607117,0.1435546875,working
L29_N10092,29,10092,lack_of_knowledge,lok_0035,0.40538397431373596,0.4206199645996094,0.015235990285873413,0.9316344261169434,0.9290279746055603,0.1435546875,working
L29_N10092,29,10092,lack_of_knowledge,lok_0036,1.115729570388794,1.1465232372283936,0.03079366683959961,0.7815503478050232,0.7753825783729553,0.1435546875,working
L29_N10092,29,10092,lack_of_knowledge,lok_0037,0.30958282947540283,0.32844048738479614,0.01885765790939331,0.9307799935340881,0.9242141842842102,0.1435546875,working
L29_N10092,29,10092,lack_of_knowledge,lok_0038,0.1659087985754013,0.18214212357997894,0.016233325004577637,0.9645332098007202,0.9600051045417786,0.1435546875,working
L29_N10092,29,10092,lack_of_knowledge,lok_0039,0.5078685879707336,0.5227979421615601,0.014929354190826416,0.8992130160331726,0.8947893381118774,0.1435546875,working
L29_N10092,29,10092,lack_of_knowledge,lok_0040,0.5482475757598877,0.5555936694145203,0.007346093654632568,0.900646984577179,0.8994016051292419,0.1435546875,working
L29_N10092,29,10092,lack_of_knowledge,lok_0041,0.03643523156642914,0.03647676855325699,4.153698682785034e-05,0.9956062436103821,0.9956028461456299,0.1435546875,working
L29_N10092,29,10092,lack_of_knowledge,lok_0042,0.33952444791793823,0.34064042568206787,0.0011159777641296387,0.9392896294593811,0.9391748309135437,0.1435546875,working
L29_N10092,29,10092,lack_of_knowledge,lok_0043,0.27926892042160034,0.2920553684234619,0.012786448001861572,0.9467795491218567,0.9431254863739014,0.1435546875,working
L29_N10092,29,10092,lack_of_knowledge,lok_0044,0.32854658365249634,0.3457687795162201,0.017222195863723755,0.9407140612602234,0.9363892078399658,0.1435546875,working
L29_N10092,29,10092,lack_of_knowledge,lok_0045,0.5207996368408203,0.48752379417419434,-0.03327584266662598,0.892455518245697,0.9019519090652466,0.1435546875,working
L29_N10092,29,10092,lack_of_knowledge,lok_0046,0.42248761653900146,0.4351106882095337,0.012623071670532227,0.9220602512359619,0.9188023209571838,0.1435546875,working
L29_N10092,29,10092,lack_of_knowledge,lok_0047,0.1028701514005661,0.10244147479534149,-0.0004286766052246094,0.9854632616043091,0.985545814037323,0.1435546875,working
L29_N10092,29,10092,lack_of_knowledge,lok_0048,1.2687811851501465,1.268412470817566,-0.0003687143325805664,0.6856839656829834,0.6857879161834717,0.1435546875,working
L29_N10092,29,10092,lack_of_knowledge,lok_0049,0.035279445350170135,0.03578532487154007,0.0005058795213699341,0.9958128333091736,0.9957570433616638,0.1435546875,working
L29_N10092,29,10092,lack_of_knowledge,lok_0050,0.5434882640838623,0.5498290657997131,0.00634080171585083,0.8769069910049438,0.8759689331054688,0.1435546875,working
L29_N10092,29,10092,lack_of_knowledge,lok_0051,0.0269861351698637,0.02717490866780281,0.0001887734979391098,0.9969148635864258,0.9968919157981873,0.1435546875,working
L29_N10092,29,10092,lack_of_knowledge,lok_0052,0.42821505665779114,0.43235036730766296,0.004135310649871826,0.9079897999763489,0.9073572754859924,0.1435546875,working
L29_N10092,29,10092,lack_of_knowledge,lok_0053,0.41624367237091064,0.41973769664764404,0.0034940242767333984,0.9203416705131531,0.9198369979858398,0.1435546875,working
L29_N10092,29,10092,lack_of_knowledge,lok_0054,0.41559314727783203,0.415925532579422,0.0003323853015899658,0.9082160592079163,0.9081834554672241,0.1435546875,working
L29_N10092,29,10092,lack_of_knowledge,lok_0055,0.2971650958061218,0.30153006315231323,0.004364967346191406,0.9487175345420837,0.9481444954872131,0.1435546875,working
L29_N10092,29,10092,lack_of_knowledge,lok_0056,0.356362521648407,0.3303964138031006,-0.025966107845306396,0.9302420020103455,0.9370533227920532,0.1435546875,working
L29_N10092,29,10092,lack_of_knowledge,lok_0057,0.12736442685127258,0.12811866402626038,0.000754237174987793,0.9807634353637695,0.9806684851646423,0.1435546875,working
L29_N10092,29,10092,lack_of_knowledge,lok_0058,0.24059948325157166,0.24296437203884125,0.0023648887872695923,0.9544814229011536,0.954139769077301,0.1435546875,working
L29_N10092,29,10092,lack_of_knowledge,lok_0059,0.3113740384578705,0.31257712841033936,0.001203089952468872,0.934109091758728,0.9339720010757446,0.1435546875,working
L29_N10092,29,10092,lack_of_knowledge,lok_0060,0.2948303818702698,0.26816970109939575,-0.026660680770874023,0.9474383592605591,0.9532613158226013,0.1435546875,working
L29_N10092,29,10092,lack_of_knowledge,lok_0061,0.28506845235824585,0.2859836220741272,0.0009151697158813477,0.9280197620391846,0.9278951287269592,0.1435546875,working
L29_N10092,29,10092,lack_of_knowledge,lok_0062,0.4876607060432434,0.5070605874061584,0.01939988136291504,0.8918644189834595,0.8848798871040344,0.1435546875,working
L29_N10092,29,10092,lack_of_knowledge,lok_0063,0.1913471519947052,0.19422851502895355,0.002881363034248352,0.9631403088569641,0.9626566171646118,0.1435546875,working
L29_N10092,29,10092,lack_of_knowledge,lok_0064,0.1451702117919922,0.13707584142684937,-0.008094370365142822,0.9773245453834534,0.978642463684082,0.1435546875,working
L29_N10092,29,10092,lack_of_knowledge,lok_0065,1.7140750885009766,1.6727323532104492,-0.041342735290527344,0.5101323127746582,0.5356395244598389,0.1435546875,working
L29_N10092,29,10092,lack_of_knowledge,lok_0066,0.12134631723165512,0.11722534894943237,-0.004120968282222748,0.9823613166809082,0.9832147359848022,0.1435546875,working
L29_N10092,29,10092,lack_of_knowledge,lok_0067,0.07675088942050934,0.07724201679229736,0.0004911273717880249,0.9892773628234863,0.989221453666687,0.1435546875,working
L29_N10092,29,10092,lack_of_knowledge,lok_0068,0.24031835794448853,0.24785837531089783,0.007540017366409302,0.9557502865791321,0.9539876580238342,0.1435546875,working
L29_N10092,29,10092,lack_of_knowledge,lok_0069,0.3301653265953064,0.33123070001602173,0.001065373420715332,0.9304457902908325,0.9303341507911682,0.1435546875,working
L29_N10092,29,10092,lack_of_knowledge,lok_0070,0.3017212152481079,0.29622870683670044,-0.005492508411407471,0.935825526714325,0.9370937347412109,0.1435546875,working
L29_N10092,29,10092,lack_of_knowledge,lok_0071,1.8276312351226807,1.7857545614242554,-0.04187667369842529,0.4143259525299072,0.44334590435028076,0.1435546875,working
L29_N10092,29,10092,lack_of_knowledge,lok_0072,0.10167165100574493,0.09270255267620087,-0.008969098329544067,0.9856634140014648,0.9871488213539124,0.1435546875,working
L29_N10092,29,10092,lack_of_knowledge,lok_0073,1.624746561050415,1.6431701183319092,0.01842355728149414,0.44494396448135376,0.44237712025642395,0.1435546875,working
L29_N10092,29,10092,lack_of_knowledge,lok_0074,0.12359865009784698,0.12309738993644714,-0.0005012601613998413,0.9768452644348145,0.9769313931465149,0.1435546875,working
L29_N10092,29,10092,lack_of_knowledge,lok_0075,0.3614848554134369,0.3380342721939087,-0.023450583219528198,0.9369404911994934,0.9422500133514404,0.1435546875,working
L29_N10092,29,10092,lack_of_knowledge,lok_0076,0.40737903118133545,0.4091089367866516,0.0017299056053161621,0.9014618992805481,0.9012014269828796,0.1435546875,working
L29_N10092,29,10092,lack_of_knowledge,lok_0077,0.16173917055130005,0.14771190285682678,-0.014027267694473267,0.9692423939704895,0.9726229906082153,0.1435546875,working
L29_N10092,29,10092,lack_of_knowledge,lok_0078,0.3518255054950714,0.35728979110717773,0.005464285612106323,0.93060702085495,0.9298818111419678,0.1435546875,working
L29_N10092,29,10092,lack_of_knowledge,lok_0079,0.22752390801906586,0.22837796807289124,0.0008540600538253784,0.9625696539878845,0.9624797701835632,0.1435546875,working
L29_N10092,29,10092,lack_of_knowledge,lok_0080,0.4599273204803467,0.461452841758728,0.0015255212783813477,0.889017641544342,0.8888227939605713,0.1435546875,working
L29_N10092,29,10092,lack_of_knowledge,lok_0081,0.22631503641605377,0.226789191365242,0.0004741549491882324,0.9586161971092224,0.9585654735565186,0.1435546875,working
L29_N10092,29,10092,lack_of_knowledge,lok_0082,0.45729249715805054,0.43288564682006836,-0.024406850337982178,0.9223835468292236,0.9268540143966675,0.1435546875,working
L29_N10092,29,10092,lack_of_knowledge,lok_0083,0.1748635172843933,0.17520904541015625,0.00034552812576293945,0.9684038758277893,0.9683730602264404,0.1435546875,working
L30_N7102,30,7102,lack_of_knowledge,lok_0000,0.20110554993152618,0.2220396250486374,0.020934075117111206,0.9648526906967163,0.9603510499000549,0.1552734375,working
L30_N7102,30,7102,lack_of_knowledge,lok_0001,0.4332544207572937,0.4334299564361572,0.0001755356788635254,0.9038903713226318,0.9038739204406738,0.1552734375,working
L30_N7102,30,7102,lack_of_knowledge,lok_0002,2.212181568145752,2.219958782196045,0.007777214050292969,0.349837988615036,0.3478473424911499,0.1552734375,working
L30_N7102,30,7102,lack_of_knowledge,lok_0003,0.19303040206432343,0.1912001669406891,-0.0018302351236343384,0.9698035717010498,0.9701321125030518,0.1552734375,working
L30_N7102,30,7102,lack_of_knowledge,lok_0004,0.2565121352672577,0.2564813196659088,-3.081560134887695e-05,0.9500791430473328,0.9500833749771118,0.1552734375,working
L30_N7102,30,7102,lack_of_knowledge,lok_0005,0.04979534447193146,0.04977741837501526,-1.792609691619873e-05,0.9940529465675354,0.9940548539161682,0.1552734375,working
L30_N7102,30,7102,lack_of_knowledge,lok_0006,0.28782111406326294,0.28781554102897644,-5.5730342864990234e-06,0.9439740180969238,0.9439744353294373,0.1552734375,working
L30_N7102,30,7102,lack_of_knowledge,lok_0007,0.25314441323280334,0.255636990070343,0.002492576837539673,0.9571183323860168,0.9567313194274902,0.1552734375,working
L30_N7102,30,7102,lack_of_knowledge,lok_0008,0.2857697606086731,0.28647109866142273,0.0007013380527496338,0.9495995044708252,0.9495105743408203,0.1552734375,working
L30_N7102,30,7102,lack_of_knowledge,lok_0009,0.05977754294872284,0.059786923229694366,9.3802809715271e-06,0.9918352365493774,0.9918346405029297,0.1552734375,working
L30_N7102,30,7102,lack_of_knowledge,lok_0010,0.531482994556427,0.5316645503044128,0.00018155574798583984,0.8459410667419434,0.8459228277206421,0.1552734375,working
L30_N7102,30,7102,lack_of_knowledge,lok_0011,0.40922486782073975,0.4081710875034332,-0.0010537803173065186,0.9050975441932678,0.9052740335464478,0.1552734375,working
L30_N7102,30,7102,lack_of_knowledge,lok_0012,0.3550257086753845,0.355139821767807,0.00011411309242248535,0.9349585771560669,0.9349496960639954,0.1552734375,working
L30_N7102,30,7102,lack_of_knowledge,lok_0013,0.3046456575393677,0.3048153519630432,0.0001696944236755371,0.9419756531715393,0.9419575929641724,0.1552734375,working
L30_N7102,30,7102,lack_of_knowledge,lok_0014,0.2969912588596344,0.2970353662967682,4.410743713378906e-05,0.9337840676307678,0.9337809681892395,0.1552734375,working
L30_N7102,30,7102,lack_of_knowledge,lok_0015,0.10701310634613037,0.10764366388320923,0.0006305575370788574,0.9849071502685547,0.9848003387451172,0.1552734375,working
L30_N7102,30,7102,lack_of_knowledge,lok_0016,0.3068767786026001,0.27880755066871643,-0.028069227933883667,0.945874810218811,0.9518833160400391,0.1552734375,working
L30_N7102,30,7102,lack_of_knowledge,lok_0017,0.28523916006088257,0.3145819306373596,0.02934277057647705,0.9526596069335938,0.9467043280601501,0.1552734375,working
L30_N7102,30,7102,lack_of_knowledge,lok_0018,0.3223433494567871,0.29318374395370483,-0.029159605503082275,0.9352149963378906,0.9424518942832947,0.1552734375,working
L30_N7102,30,7102,lack_of_knowledge,lok_0019,0.44828683137893677,0.45651087164878845,0.008224040269851685,0.902298629283905,0.9005170464515686,0.1552734375,working
L30_N7102,30,7102,lack_of_knowledge,lok_0020,1.4864192008972168,1.4891513586044312,0.0027321577072143555,0.6630858778953552,0.6628143787384033,0.1552734375,working
L30_N7102,30,7102,lack_of_knowledge,lok_0021,0.654586672782898,0.6596417427062988,0.005055069923400879,0.8547888398170471,0.8539863228797913,0.1552734375,working
L30_N7102,30,7102,lack_of_knowledge,lok_0022,0.45833873748779297,0.47299724817276,0.014658510684967041,0.9272456765174866,0.9238470792770386,0.1552734375,working
L30_N7102,30,7102,lack_of_knowledge,lok_0023,0.4967544972896576,0.49671030044555664,-4.419684410095215e-05,0.8674667477607727,0.8674728274345398,0.1552734375,working
L30_N7102,30,7102,lack_of_knowledge,lok_0024,0.33014941215515137,0.33067774772644043,0.0005283355712890625,0.9413917064666748,0.9413256049156189,0.1552734375,working
L30_N7102,30,7102,lack_of_knowledge,lok_0025,0.05894475430250168,0.059077389538288116,0.000132635235786438,0.9927107095718384,0.9926959276199341,0.1552734375,working
L30_N7102,30,7102,lack_of_knowledge,lok_0026,0.43050456047058105,0.4310761094093323,0.0005715489387512207,0.9134169220924377,0.9133496880531311,0.1552734375,working
L30_N7102,30,7102,lack_of_knowledge,lok_0027,0.5749434232711792,0.5753384828567505,0.00039505958557128906,0.8946956396102905,0.8946483135223389,0.1552734375,working
L30_N7102,30,7102,lack_of_knowledge,lok_0028,0.39689117670059204,0.41026443243026733,0.013373255729675293,0.9226692318916321,0.9184460639953613,0.1552734375,working
L30_N7102,30,7102,lack_of_knowledge,lok_0029,0.24673333764076233,0.2230338603258133,-0.023699477314949036,0.96292644739151,0.9671087265014648,0.1552734375,working
L30_N7102,30,7102,lack_of_knowledge,lok_0030,0.2515638768672943,0.25150224566459656,-6.16312026977539e-05,0.9552069306373596,0.9552134275436401,0.1552734375,working
L30_N7102,30,7102,lack_of_knowledge,lok_0031,0.2685629725456238,0.2686785161495209,0.00011554360389709473,0.9510214328765869,0.9510117173194885,0.1552734375,working
L30_N7102,30,7102,lack_of_knowledge,lok_0032,1.1113756895065308,1.1142754554748535,0.002899765968322754,0.6924391984939575,0.6920071840286255,0.1552734375,working
L30_N7102,30,7102,lack_of_knowledge,lok_0033,0.37497419118881226,0.3795309066772461,0.004556715488433838,0.9411258697509766,0.9404043555259705,0.1552734375,working
L30_N7102,30,7102,lack_of_knowledge,lok_0034,0.07285558432340622,0.07297874242067337,0.00012315809726715088,0.9903441071510315,0.990331768989563,0.1552734375,working
L30_N7102,30,7102,lack_of_knowledge,lok_0035,0.40538397431373596,0.40493243932724,-0.0004515349864959717,0.9316344261169434,0.931729257106781,0.1552734375,working
L30_N7102,30,7102,lack_of_knowledge,lok_0036,1.115729570388794,1.1182010173797607,0.002471446990966797,0.7815503478050232,0.7808623313903809,0.1552734375,working
L30_N7102,30,7102,lack_of_knowledge,lok_0037,0.30958282947540283,0.30960825085639954,2.54213809967041e-05,0.9307799935340881,0.9307770729064941,0.1552734375,working
L30_N7102,30,7102,lack_of_knowledge,lok_0038,0.1659087985754013,0.17984730005264282,0.013938501477241516,0.9645332098007202,0.9603127241134644,0.1552734375,working
L30_N7102,30,7102,lack_of_knowledge,lok_0039,0.5078685879707336,0.5207728147506714,0.012904226779937744,0.8992130160331726,0.8950507640838623,0.1552734375,working
L30_N7102,30,7102,lack_of_knowledge,lok_0040,0.5482475757598877,0.546973705291748,-0.0012738704681396484,0.900646984577179,0.9008077383041382,0.1552734375,working
L30_N7102,30,7102,lack_of_knowledge,lok_0041,0.03643523156642914,0.034981366246938705,-0.0014538653194904327,0.9956062436103821,0.9958492517471313,0.1552734375,working
L30_N7102,30,7102,lack_of_knowledge,lok_0042,0.33952444791793823,0.3400025963783264,0.0004781484603881836,0.9392896294593811,0.939238965511322,0.1552734375,working
L30_N7102,30,7102,lack_of_knowledge,lok_0043,0.27926892042160034,0.2918959856033325,0.012627065181732178,0.9467795491218567,0.9431360960006714,0.1552734375,working
L30_N7102,30,7102,lack_of_knowledge,lok_0044,0.32854658365249634,0.32709336280822754,-0.0014532208442687988,0.9407140612602234,0.9409464597702026,0.1552734375,working
L30_N7102,30,7102,lack_of_knowledge,lok_0045,0.5207996368408203,0.5223106145858765,0.0015109777450561523,0.892455518245697,0.8922222256660461,0.1552734375,working
L30_N7102,30,7102,lack_of_knowledge,lok_0046,0.42248761653900146,0.42258593440055847,9.831786155700684e-05,0.9220602512359619,0.9220473766326904,0.1552734375,working
L30_N7102,30,7102,lack_of_knowledge,lok_0047,0.1028701514005661,0.10382387042045593,0.0009537190198898315,0.9854632616043091,0.985325813293457,0.1552734375,working
L30_N7102,30,7102,lack_of_knowledge,lok_0048,1.2687811851501465,1.2735588550567627,0.004777669906616211,0.6856839656829834,0.6847516298294067,0.1552734375,working
L30_N7102,30,7102,lack_of_knowledge,lok_0049,0.035279445350170135,0.035730697214603424,0.0004512518644332886,0.9958128333091736,0.9957614541053772,0.1552734375,working
L30_N7102,30,7102,lack_of_knowledge,lok_0050,0.5434882640838623,0.5898183584213257,0.04633009433746338,0.8769069910049438,0.8627836108207703,0.1552734375,working
L30_N7102,30,7102,lack_of_knowledge,lok_0051,0.0269861351698637,0.026976555585861206,-9.579584002494812e-06,0.9969148635864258,0.9969152212142944,0.1552734375,working
L30_N7102,30,7102,lack_of_knowledge,lok_0052,0.42821505665779114,0.4101465940475464,-0.01806846261024475,0.9079897999763489,0.9138909578323364,0.1552734375,working
L30_N7102,30,7102,lack_of_knowledge,lok_0053,0.41624367237091064,0.4165315628051758,0.0002878904342651367,0.9203416705131531,0.9203131198883057,0.1552734375,working
L30_N7102,30,7102,lack_of_knowledge,lok_0054,0.41559314727783203,0.4121018648147583,-0.0034912824630737305,0.9082160592079163,0.9091098308563232,0.1552734375,working
L30_N7102,30,7102,lack_of_knowledge,lok_0055,0.2971650958061218,0.3272812068462372,0.030116111040115356,0.9487175345420837,0.9423060417175293,0.1552734375,working
L30_N7102,30,7102,lack_of_knowledge,lok_0056,0.356362521648407,0.3563682436943054,5.7220458984375e-06,0.9302420020103455,0.9302420020103455,0.1552734375,working
L30_N7102,30,7102,lack_of_knowledge,lok_0057,0.12736442685127258,0.1280062049627304,0.0006417781114578247,0.9807634353637695,0.9806780219078064,0.1552734375,working
L30_N7102,30,7102,lack_of_knowledge,lok_0058,0.24059948325157166,0.24231034517288208,0.0017108619213104248,0.9544814229011536,0.9542091488838196,0.1552734375,working
L30_N7102,30,7102,lack_of_knowledge,lok_0059,0.3113740384578705,0.29583972692489624,-0.015534311532974243,0.934109091758728,0.9392488598823547,0.1552734375,working
L30_N7102,30,7102,lack_of_knowledge,lok_0060,0.2948303818702698,0.2950097322463989,0.0001793503761291504,0.9474383592605591,0.9474236965179443,0.1552734375,working
L30_N7102,30,7102,lack_of_knowledge,lok_0061,0.28506845235824585,0.28506699204444885,-1.4603137969970703e-06,0.9280197620391846,0.9280199408531189,0.1552734375,working
L30_N7102,30,7102,lack_of_knowledge,lok_0062,0.4876607060432434,0.48150157928466797,-0.0061591267585754395,0.8918644189834595,0.8929661512374878,0.1552734375,working
L30_N7102,30,7102,lack_of_knowledge,lok_0063,0.1913471519947052,0.19131626188755035,-3.089010715484619e-05,0.9631403088569641,0.9631439447402954,0.1552734375,working
L30_N7102,30,7102,lack_of_knowledge,lok_0064,0.1451702117919922,0.14516671001911163,-3.5017728805541992e-06,0.9773245453834534,0.9773249626159668,0.1552734375,working
L30_N7102,30,7102,lack_of_knowledge,lok_0065,1.7140750885009766,1.715260624885559,0.0011855363845825195,0.5101323127746582,0.5099409818649292,0.1552734375,working
L30_N7102,30,7102,lack_of_knowledge,lok_0066,0.12134631723165512,0.12132926285266876,-1.7054378986358643e-05,0.9823613166809082,0.9823629856109619,0.1552734375,working
L30_N7102,30,7102,lack_of_knowledge,lok_0067,0.07675088942050934,0.07541035860776901,-0.001340530812740326,0.9892773628234863,0.9894735217094421,0.1552734375,working
L30_N7102,30,7102,lack_of_knowledge,lok_0068,0.24031835794448853,0.24034330248832703,2.4944543838500977e-05,0.9557502865791321,0.9557474851608276,0.1552734375,working
L30_N7102,30,7102,lack_of_knowledge,lok_0069,0.3301653265953064,0.33010774850845337,-5.7578086853027344e-05,0.9304457902908325,0.9304448366165161,0.1552734375,working
L30_N7102,30,7102,lack_of_knowledge,lok_0070,0.3017212152481079,0.30182117223739624,9.995698928833008e-05,0.935825526714325,0.935818612575531,0.1552734375,working
L30_N7102,30,7102,lack_of_knowledge,lok_0071,1.8276312351226807,1.827227234840393,-0.00040400028228759766,0.4143259525299072,0.414348304271698,0.1552734375,working
L30_N7102,30,7102,lack_of_knowledge,lok_0072,0.10167165100574493,0.08745840191841125,-0.01421324908733368,0.9856634140014648,0.9881066083908081,0.1552734375,working
L30_N7102,30,7102,lack_of_knowledge,lok_0073,1.624746561050415,1.631697177886963,0.0069506168365478516,0.44494396448135376,0.44344303011894226,0.1552734375,working
L30_N7102,30,7102,lack_of_knowledge,lok_0074,0.12359865009784698,0.12245909869670868,-0.0011395514011383057,0.9768452644348145,0.9770159125328064,0.1552734375,working
L30_N7102,30,7102,lack_of_knowledge,lok_0075,0.3614848554134369,0.36164405941963196,0.00015920400619506836,0.9369404911994934,0.9369281530380249,0.1552734375,working
L30_N7102,30,7102,lack_of_knowledge,lok_0076,0.40737903118133545,0.4218493700027466,0.014470338821411133,0.9014618992805481,0.8985329270362854,0.1552734375,working
L30_N7102,30,7102,lack_of_knowledge,lok_0077,0.16173917055130005,0.1456594467163086,-0.016079723834991455,0.9692423939704895,0.9729230999946594,0.1552734375,working
L30_N7102,30,7102,lack_of_knowledge,lok_0078,0.3518255054950714,0.35139018297195435,-0.00043532252311706543,0.93060702085495,0.9306619167327881,0.1552734375,working
L30_N7102,30,7102,lack_of_knowledge,lok_0079,0.22752390801906586,0.24432095885276794,0.016797050833702087,0.9625696539878845,0.9592321515083313,0.1552734375,working
L30_N7102,30,7102,lack_of_knowledge,lok_0080,0.4599273204803467,0.460033655166626,0.00010633468627929688,0.889017641544342,0.8890029788017273,0.1552734375,working
L30_N7102,30,7102,lack_of_knowledge,lok_0081,0.22631503641605377,0.22623294591903687,-8.209049701690674e-05,0.9586161971092224,0.9586255550384521,0.1552734375,working
L30_N7102,30,7102,lack_of_knowledge,lok_0082,0.45729249715805054,0.45747140049934387,0.00017890334129333496,0.9223835468292236,0.9223531484603882,0.1552734375,working
L30_N7102,30,7102,lack_of_knowledge,lok_0083,0.1748635172843933,0.17466428875923157,-0.00019922852516174316,0.9684038758277893,0.9684287309646606,0.1552734375,working
L24_N7891,24,7891,lack_of_knowledge,lok_0000,0.20110554993152618,0.20293202996253967,0.0018264800310134888,0.9648526906967163,0.9645454287528992,0.1318359375,working
L24_N7891,24,7891,lack_of_knowledge,lok_0001,0.4332544207572937,0.4322250187397003,-0.0010294020175933838,0.9038903713226318,0.9040402770042419,0.1318359375,working
L24_N7891,24,7891,lack_of_knowledge,lok_0002,2.212181568145752,2.22505521774292,0.012873649597167969,0.349837988615036,0.34755533933639526,0.1318359375,working
L24_N7891,24,7891,lack_of_knowledge,lok_0003,0.19303040206432343,0.21111169457435608,0.018081292510032654,0.9698035717010498,0.9663554430007935,0.1318359375,working
L24_N7891,24,7891,lack_of_knowledge,lok_0004,0.2565121352672577,0.2558935284614563,-0.0006186068058013916,0.9500791430473328,0.950164794921875,0.1318359375,working
L24_N7891,24,7891,lack_of_knowledge,lok_0005,0.04979534447193146,0.04988669604063034,9.135156869888306e-05,0.9940529465675354,0.9940465688705444,0.1318359375,working
L24_N7891,24,7891,lack_of_knowledge,lok_0006,0.28782111406326294,0.2696376442909241,-0.018183469772338867,0.9439740180969238,0.9489045143127441,0.1318359375,working
L24_N7891,24,7891,lack_of_knowledge,lok_0007,0.25314441323280334,0.2534606158733368,0.00031620264053344727,0.9571183323860168,0.9570879340171814,0.1318359375,working
L24_N7891,24,7891,lack_of_knowledge,lok_0008,0.2857697606086731,0.2833652198314667,-0.002404540777206421,0.9495995044708252,0.9499783515930176,0.1318359375,working
L24_N7891,24,7891,lack_of_knowledge,lok_0009,0.05977754294872284,0.05891501531004906,-0.0008625276386737823,0.9918352365493774,0.9919576644897461,0.1318359375,working
L24_N7891,24,7891,lack_of_knowledge,lok_0010,0.531482994556427,0.5372896194458008,0.005806624889373779,0.8459410667419434,0.8449687361717224,0.1318359375,working
L24_N7891,24,7891,lack_of_knowledge,lok_0011,0.40922486782073975,0.40256088972091675,-0.006663978099822998,0.9050975441932678,0.9063698649406433,0.1318359375,working
L24_N7891,24,7891,lack_of_knowledge,lok_0012,0.3550257086753845,0.3840310275554657,0.029005318880081177,0.9349585771560669,0.9280799031257629,0.1318359375,working
L24_N7891,24,7891,lack_of_knowledge,lok_0013,0.3046456575393677,0.3045937716960907,-5.188584327697754e-05,0.9419756531715393,0.9419810771942139,0.1318359375,working
L24_N7891,24,7891,lack_of_knowledge,lok_0014,0.2969912588596344,0.29692667722702026,-6.458163261413574e-05,0.9337840676307678,0.9337891340255737,0.1318359375,working
L24_N7891,24,7891,lack_of_knowledge,lok_0015,0.10701310634613037,0.11033882200717926,0.003325715661048889,0.9849071502685547,0.9843137264251709,0.1318359375,working
L24_N7891,24,7891,lack_of_knowledge,lok_0016,0.3068767786026001,0.30646151304244995,-0.0004152655601501465,0.945874810218811,0.9459303617477417,0.1318359375,working
L24_N7891,24,7891,lack_of_knowledge,lok_0017,0.28523916006088257,0.3114292621612549,0.026190102100372314,0.9526596069335938,0.947261393070221,0.1318359375,working
L24_N7891,24,7891,lack_of_knowledge,lok_0018,0.3223433494567871,0.320856511592865,-0.0014868378639221191,0.9352149963378906,0.9354180097579956,0.1318359375,working
L24_N7891,24,7891,lack_of_knowledge,lok_0019,0.44828683137893677,0.4972552955150604,0.04896846413612366,0.902298629283905,0.8887564539909363,0.1318359375,working
L24_N7891,24,7891,lack_of_knowledge,lok_0020,1.4864192008972168,1.4792897701263428,-0.0071294307708740234,0.6630858778953552,0.6705347299575806,0.1318359375,working
L24_N7891,24,7891,lack_of_knowledge,lok_0021,0.654586672782898,0.6569007039070129,0.0023140311241149902,0.8547888398170471,0.8544089794158936,0.1318359375,working
L24_N7891,24,7891,lack_of_knowledge,lok_0022,0.45833873748779297,0.45994508266448975,0.0016063451766967773,0.9272456765174866,0.9270958304405212,0.1318359375,working
L24_N7891,24,7891,lack_of_knowledge,lok_0023,0.4967544972896576,0.49661073088645935,-0.0001437664031982422,0.8674667477607727,0.8674829602241516,0.1318359375,working
L24_N7891,24,7891,lack_of_knowledge,lok_0024,0.33014941215515137,0.3256193697452545,-0.004530042409896851,0.9413917064666748,0.9424520134925842,0.1318359375,working
L24_N7891,24,7891,lack_of_knowledge,lok_0025,0.05894475430250168,0.05890324339270592,-4.151090979576111e-05,0.9927107095718384,0.9927148222923279,0.1318359375,working
L24_N7891,24,7891,lack_of_knowledge,lok_0026,0.43050456047058105,0.449557900428772,0.019053339958190918,0.9134169220924377,0.9080255627632141,0.1318359375,working
L24_N7891,24,7891,lack_of_knowledge,lok_0027,0.5749434232711792,0.5726197957992554,-0.002323627471923828,0.8946956396102905,0.8950611352920532,0.1318359375,working
L24_N7891,24,7891,lack_of_knowledge,lok_0028,0.39689117670059204,0.41831544041633606,0.02142426371574402,0.9226692318916321,0.9166691303253174,0.1318359375,working
L24_N7891,24,7891,lack_of_knowledge,lok_0029,0.24673333764076233,0.22100509703159332,-0.025728240609169006,0.96292644739151,0.9674561619758606,0.1318359375,working
L24_N7891,24,7891,lack_of_knowledge,lok_0030,0.2515638768672943,0.2515035569667816,-6.031990051269531e-05,0.9552069306373596,0.9552103877067566,0.1318359375,working
L24_N7891,24,7891,lack_of_knowledge,lok_0031,0.2685629725456238,0.2727367579936981,0.004173785448074341,0.9510214328765869,0.9501980543136597,0.1318359375,working
L24_N7891,24,7891,lack_of_knowledge,lok_0032,1.1113756895065308,1.1267900466918945,0.01541435718536377,0.6924391984939575,0.6868481040000916,0.1318359375,working
L24_N7891,24,7891,lack_of_knowledge,lok_0033,0.37497419118881226,0.37847617268562317,0.003501981496810913,0.9411258697509766,0.9405494332313538,0.1318359375,working
L24_N7891,24,7891,lack_of_knowledge,lok_0034,0.07285558432340622,0.07133592665195465,-0.0015196576714515686,0.9903441071510315,0.9905768632888794,0.1318359375,working
L24_N7891,24,7891,lack_of_knowledge,lok_0035,0.40538397431373596,0.40528079867362976,-0.00010317564010620117,0.9316344261169434,0.9316965341567993,0.1318359375,working
L24_N7891,24,7891,lack_of_knowledge,lok_0036,1.115729570388794,1.1107717752456665,-0.004957795143127441,0.7815503478050232,0.78238844871521,0.1318359375,working
L24_N7891,24,7891,lack_of_knowledge,lok_0037,0.30958282947540283,0.30871111154556274,-0.0008717179298400879,0.9307799935340881,0.9308918118476868,0.1318359375,working
L24_N7891,24,7891,lack_of_knowledge,lok_0038,0.1659087985754013,0.165878027677536,-3.077089786529541e-05,0.9645332098007202,0.9645368456840515,0.1318359375,working
L24_N7891,24,7891,lack_of_knowledge,lok_0039,0.5078685879707336,0.5083762407302856,0.000507652759552002,0.8992130160331726,0.899151623249054,0.1318359375,working
L24_N7891,24,7891,lack_of_knowledge,lok_0040,0.5482475757598877,0.5462770462036133,-0.001970529556274414,0.900646984577179,0.900894284248352,0.1318359375,working
L24_N7891,24,7891,lack_of_knowledge,lok_0041,0.03643523156642914,0.03394385799765587,-0.0024913735687732697,0.9956062436103821,0.9959880709648132,0.1318359375,working
L24_N7891,24,7891,lack_of_knowledge,lok_0042,0.33952444791793823,0.3322572708129883,-0.007267177104949951,0.9392896294593811,0.9410008192062378,0.1318359375,working
L24_N7891,24,7891,lack_of_knowledge,lok_0043,0.27926892042160034,0.2725915014743805,-0.006677418947219849,0.9467795491218567,0.9482966065406799,0.1318359375,working
L24_N7891,24,7891,lack_of_knowledge,lok_0044,0.32854658365249634,0.32517319917678833,-0.003373384475708008,0.9407140612602234,0.9411803483963013,0.1318359375,working
L24_N7891,24,7891,lack_of_knowledge,lok_0045,0.5207996368408203,0.5221924185752869,0.0013927817344665527,0.892455518245697,0.8922289609909058,0.1318359375,working
L24_N7891,24,7891,lack_of_knowledge,lok_0046,0.42248761653900146,0.4208676815032959,-0.0016199350357055664,0.9220602512359619,0.9222834706306458,0.1318359375,working
L24_N7891,24,7891,lack_of_knowledge,lok_0047,0.1028701514005661,0.10163246840238571,-0.0012376829981803894,0.9854632616043091,0.9856625199317932,0.1318359375,working
L24_N7891,24,7891,lack_of_knowledge,lok_0048,1.2687811851501465,1.2583746910095215,-0.010406494140625,0.6856839656829834,0.6873777508735657,0.1318359375,working
L24_N7891,24,7891,lack_of_knowledge,lok_0049,0.035279445350170135,0.03436192870140076,-0.0009175166487693787,0.9958128333091736,0.995940089225769,0.1318359375,working
L24_N7891,24,7891,lack_of_knowledge,lok_0050,0.5434882640838623,0.574320912361145,0.030832648277282715,0.8769069910049438,0.8684161305427551,0.1318359375,working
L24_N7891,24,7891,lack_of_knowledge,lok_0051,0.0269861351698637,0.027456358075141907,0.00047022290527820587,0.9969148635864258,0.996852457523346,0.1318359375,working
L24_N7891,24,7891,lack_of_knowledge,lok_0052,0.42821505665779114,0.43014705181121826,0.001931995153427124,0.9079897999763489,0.907717227935791,0.1318359375,working
L24_N7891,24,7891,lack_of_knowledge,lok_0053,0.41624367237091064,0.40606802701950073,-0.010175645351409912,0.9203416705131531,0.922407865524292,0.1318359375,working
L24_N7891,24,7891,lack_of_knowledge,lok_0054,0.41559314727783203,0.40872496366500854,-0.006868183612823486,0.9082160592079163,0.9096048474311829,0.1318359375,working
L24_N7891,24,7891,lack_of_knowledge,lok_0055,0.2971650958061218,0.32625165581703186,0.029086560010910034,0.9487175345420837,0.9424416422843933,0.1318359375,working
L24_N7891,24,7891,lack_of_knowledge,lok_0056,0.356362521648407,0.3491998314857483,-0.007162690162658691,0.9302420020103455,0.9315304756164551,0.1318359375,working
L24_N7891,24,7891,lack_of_knowledge,lok_0057,0.12736442685127258,0.12375757098197937,-0.003606855869293213,0.9807634353637695,0.9813432097434998,0.1318359375,working
L24_N7891,24,7891,lack_of_knowledge,lok_0058,0.24059948325157166,0.24040012061595917,-0.0001993626356124878,0.9544814229011536,0.9545037150382996,0.1318359375,working
L24_N7891,24,7891,lack_of_knowledge,lok_0059,0.3113740384578705,0.28943049907684326,-0.02194353938102722,0.934109091758728,0.9407256841659546,0.1318359375,working
L24_N7891,24,7891,lack_of_knowledge,lok_0060,0.2948303818702698,0.2881280183792114,-0.00670236349105835,0.9474383592605591,0.9488757252693176,0.1318359375,working
L24_N7891,24,7891,lack_of_knowledge,lok_0061,0.28506845235824585,0.2855430841445923,0.00047463178634643555,0.9280197620391846,0.927941083908081,0.1318359375,working
L24_N7891,24,7891,lack_of_knowledge,lok_0062,0.4876607060432434,0.5052977204322815,0.017637014389038086,0.8918644189834595,0.8851230144500732,0.1318359375,working
L24_N7891,24,7891,lack_of_knowledge,lok_0063,0.1913471519947052,0.1905079185962677,-0.0008392333984375,0.9631403088569641,0.963252067565918,0.1318359375,working
L24_N7891,24,7891,lack_of_knowledge,lok_0064,0.1451702117919922,0.14622598886489868,0.0010557770729064941,0.9773245453834534,0.9771614074707031,0.1318359375,working
L24_N7891,24,7891,lack_of_knowledge,lok_0065,1.7140750885009766,1.7138432264328003,-0.00023186206817626953,0.5101323127746582,0.5103139281272888,0.1318359375,working
L24_N7891,24,7891,lack_of_knowledge,lok_0066,0.12134631723165512,0.12823018431663513,0.006883867084980011,0.9823613166809082,0.9812920093536377,0.1318359375,working
L24_N7891,24,7891,lack_of_knowledge,lok_0067,0.07675088942050934,0.08353544771671295,0.006784558296203613,0.9892773628234863,0.988129198551178,0.1318359375,working
L24_N7891,24,7891,lack_of_knowledge,lok_0068,0.24031835794448853,0.24020624160766602,-0.00011211633682250977,0.9557502865791321,0.9557614326477051,0.1318359375,working
L24_N7891,24,7891,lack_of_knowledge,lok_0069,0.3301653265953064,0.3301793336868286,1.4007091522216797e-05,0.9304457902908325,0.930450975894928,0.1318359375,working
L24_N7891,24,7891,lack_of_knowledge,lok_0070,0.3017212152481079,0.3018322288990021,0.00011101365089416504,0.935825526714325,0.935815155506134,0.1318359375,working
L24_N7891,24,7891,lack_of_knowledge,lok_0071,1.8276312351226807,1.8233330249786377,-0.004298210144042969,0.4143259525299072,0.4146897494792938,0.1318359375,working
L24_N7891,24,7891,lack_of_knowledge,lok_0072,0.10167165100574493,0.09148512780666351,-0.010186523199081421,0.9856634140014648,0.9873232245445251,0.1318359375,working
L24_N7891,24,7891,lack_of_knowledge,lok_0073,1.624746561050415,1.625359296798706,0.0006127357482910156,0.44494396448135376,0.4449421465396881,0.1318359375,working
L24_N7891,24,7891,lack_of_knowledge,lok_0074,0.12359865009784698,0.12472212314605713,0.001123473048210144,0.9768452644348145,0.9766970872879028,0.1318359375,working
L24_N7891,24,7891,lack_of_knowledge,lok_0075,0.3614848554134369,0.36220574378967285,0.0007208883762359619,0.9369404911994934,0.9368403553962708,0.1318359375,working
L24_N7891,24,7891,lack_of_knowledge,lok_0076,0.40737903118133545,0.4419964551925659,0.03461742401123047,0.9014618992805481,0.8898526430130005,0.1318359375,working
L24_N7891,24,7891,lack_of_knowledge,lok_0077,0.16173917055130005,0.15990504622459412,-0.0018341243267059326,0.9692423939704895,0.9695349931716919,0.1318359375,working
L24_N7891,24,7891,lack_of_knowledge,lok_0078,0.3518255054950714,0.35278090834617615,0.0009554028511047363,0.93060702085495,0.9304885268211365,0.1318359375,working
L24_N7891,24,7891,lack_of_knowledge,lok_0079,0.22752390801906586,0.24942734837532043,0.021903440356254578,0.9625696539878845,0.9580633044242859,0.1318359375,working
L24_N7891,24,7891,lack_of_knowledge,lok_0080,0.4599273204803467,0.4589764475822449,-0.0009508728981018066,0.889017641544342,0.8891419768333435,0.1318359375,working
L24_N7891,24,7891,lack_of_knowledge,lok_0081,0.22631503641605377,0.22607767581939697,-0.00023736059665679932,0.9586161971092224,0.9586426019668579,0.1318359375,working
L24_N7891,24,7891,lack_of_knowledge,lok_0082,0.45729249715805054,0.42945659160614014,-0.0278359055519104,0.9223835468292236,0.9273592233657837,0.1318359375,working
L24_N7891,24,7891,lack_of_knowledge,lok_0083,0.1748635172843933,0.17461714148521423,-0.00024637579917907715,0.9684038758277893,0.9684316515922546,0.1318359375,working
L30_N13513,30,13513,lack_of_knowledge,lok_0000,0.20110554993152618,0.20122000575065613,0.00011445581912994385,0.9648526906967163,0.9648401737213135,0.0927734375,working
L30_N13513,30,13513,lack_of_knowledge,lok_0001,0.4332544207572937,0.43318867683410645,-6.574392318725586e-05,0.9038903713226318,0.9038971066474915,0.0927734375,working
L30_N13513,30,13513,lack_of_knowledge,lok_0002,2.212181568145752,2.2136011123657227,0.0014195442199707031,0.349837988615036,0.34971705079078674,0.0927734375,working
L30_N13513,30,13513,lack_of_knowledge,lok_0003,0.19303040206432343,0.19140981137752533,-0.0016205906867980957,0.9698035717010498,0.9701020121574402,0.0927734375,working
L30_N13513,30,13513,lack_of_knowledge,lok_0004,0.2565121352672577,0.2601536512374878,0.0036415159702301025,0.9500791430473328,0.9493661522865295,0.0927734375,working
L30_N13513,30,13513,lack_of_knowledge,lok_0005,0.04979534447193146,0.049801670014858246,6.32554292678833e-06,0.9940529465675354,0.9940522313117981,0.0927734375,working
L30_N13513,30,13513,lack_of_knowledge,lok_0006,0.28782111406326294,0.2878250479698181,3.933906555175781e-06,0.9439740180969238,0.9439729452133179,0.0927734375,working
L30_N13513,30,13513,lack_of_knowledge,lok_0007,0.25314441323280334,0.25277945399284363,-0.0003649592399597168,0.9571183323860168,0.9571632146835327,0.0927734375,working
L30_N13513,30,13513,lack_of_knowledge,lok_0008,0.2857697606086731,0.2928568422794342,0.007087081670761108,0.9495995044708252,0.9478931427001953,0.0927734375,working
L30_N13513,30,13513,lack_of_knowledge,lok_0009,0.05977754294872284,0.05979994311928749,2.240017056465149e-05,0.9918352365493774,0.9918328523635864,0.0927734375,working
L30_N13513,30,13513,lack_of_knowledge,lok_0010,0.531482994556427,0.5316420793533325,0.00015908479690551758,0.8459410667419434,0.8459252715110779,0.0927734375,working
L30_N13513,30,13513,lack_of_knowledge,lok_0011,0.40922486782073975,0.408099502325058,-0.0011253654956817627,0.9050975441932678,0.9052844047546387,0.0927734375,working
L30_N13513,30,13513,lack_of_knowledge,lok_0012,0.3550257086753845,0.3551192879676819,9.357929229736328e-05,0.9349585771560669,0.9349466562271118,0.0927734375,working
L30_N13513,30,13513,lack_of_knowledge,lok_0013,0.3046456575393677,0.3046470284461975,1.3709068298339844e-06,0.9419756531715393,0.941975474357605,0.0927734375,working
L30_N13513,30,13513,lack_of_knowledge,lok_0014,0.2969912588596344,0.2969816029071808,-9.655952453613281e-06,0.9337840676307678,0.9337852001190186,0.0927734375,working
L30_N13513,30,13513,lack_of_knowledge,lok_0015,0.10701310634613037,0.10843555629253387,0.0014224499464035034,0.9849071502685547,0.9846835732460022,0.0927734375,working
L30_N13513,30,13513,lack_of_knowledge,lok_0016,0.3068767786026001,0.3071228265762329,0.0002460479736328125,0.945874810218811,0.9458454847335815,0.0927734375,working
L30_N13513,30,13513,lack_of_knowledge,lok_0017,0.28523916006088257,0.314408540725708,0.02916938066482544,0.9526596069335938,0.9467220902442932,0.0927734375,working
L30_N13513,30,13513,lack_of_knowledge,lok_0018,0.3223433494567871,0.32230424880981445,-3.910064697265625e-05,0.9352149963378906,0.9352172613143921,0.0927734375,working
L30_N13513,30,13513,lack_of_knowledge,lok_0019,0.44828683137893677,0.4560134708881378,0.00772663950920105,0.902298629283905,0.900577187538147,0.0927734375,working
L30_N13513,30,13513,lack_of_knowledge,lok_0020,1.4864192008972168,1.4748210906982422,-0.01159811019897461,0.6630858778953552,0.6712492108345032,0.0927734375,working
L30_N13513,30,13513,lack_of_knowledge,lok_0021,0.654586672782898,0.6459391117095947,-0.008647561073303223,0.8547888398170471,0.8572907447814941,0.0927734375,working
L30_N13513,30,13513,lack_of_knowledge,lok_0022,0.45833873748779297,0.4591584801673889,0.0008197426795959473,0.9272456765174866,0.9271407127380371,0.0927734375,working
L30_N13513,30,13513,lack_of_knowledge,lok_0023,0.4967544972896576,0.4967305660247803,-2.3931264877319336e-05,0.8674667477607727,0.8674678802490234,0.0927734375,working
L30_N13513,30,13513,lack_of_knowledge,lok_0024,0.33014941215515137,0.3293977379798889,-0.0007516741752624512,0.9413917064666748,0.941505491733551,0.0927734375,working
L30_N13513,30,13513,lack_of_knowledge,lok_0025,0.05894475430250168,0.058944761753082275,7.450580596923828e-09,0.9927107095718384,0.9927117824554443,0.0927734375,working
L30_N13513,30,13513,lack_of_knowledge,lok_0026,0.43050456047058105,0.4212709665298462,-0.009233593940734863,0.9134169220924377,0.915992796421051,0.0927734375,working
L30_N13513,30,13513,lack_of_knowledge,lok_0027,0.5749434232711792,0.5746650099754333,-0.0002784132957458496,0.8946956396102905,0.8947264552116394,0.0927734375,working
L30_N13513,30,13513,lack_of_knowledge,lok_0028,0.39689117670059204,0.3902205228805542,-0.006670653820037842,0.9226692318916321,0.9242751002311707,0.0927734375,working
L30_N13513,30,13513,lack_of_knowledge,lok_0029,0.24673333764076233,0.24651789665222168,-0.00021544098854064941,0.96292644739151,0.9629608392715454,0.0927734375,working
L30_N13513,30,13513,lack_of_knowledge,lok_0030,0.2515638768672943,0.2514830231666565,-8.085370063781738e-05,0.9552069306373596,0.9552140831947327,0.0927734375,working
L30_N13513,30,13513,lack_of_knowledge,lok_0031,0.2685629725456238,0.2684655785560608,-9.739398956298828e-05,0.9510214328765869,0.9510338306427002,0.0927734375,working
L30_N13513,30,13513,lack_of_knowledge,lok_0032,1.1113756895065308,1.1269649267196655,0.015589237213134766,0.6924391984939575,0.6868151426315308,0.0927734375,working
L30_N13513,30,13513,lack_of_knowledge,lok_0033,0.37497419118881226,0.3750276565551758,5.346536636352539e-05,0.9411258697509766,0.9411202073097229,0.0927734375,working
L30_N13513,30,13513,lack_of_knowledge,lok_0034,0.07285558432340622,0.07296919822692871,0.00011361390352249146,0.9903441071510315,0.9903326630592346,0.0927734375,working
L30_N13513,30,13513,lack_of_knowledge,lok_0035,0.40538397431373596,0.40649187564849854,0.0011079013347625732,0.9316344261169434,0.9314751625061035,0.0927734375,working
L30_N13513,30,13513,lack_of_knowledge,lok_0036,1.115729570388794,1.1151500940322876,-0.0005794763565063477,0.7815503478050232,0.7816243767738342,0.0927734375,working
L30_N13513,30,13513,lack_of_knowledge,lok_0037,0.30958282947540283,0.309678852558136,9.60230827331543e-05,0.9307799935340881,0.9307701587677002,0.0927734375,working
L30_N13513,30,13513,lack_of_knowledge,lok_0038,0.1659087985754013,0.17980051040649414,0.013891711831092834,0.9645332098007202,0.9603166580200195,0.0927734375,working
L30_N13513,30,13513,lack_of_knowledge,lok_0039,0.5078685879707336,0.5080223083496094,0.00015372037887573242,0.8992130160331726,0.8991959691047668,0.0927734375,working
L30_N13513,30,13513,lack_of_knowledge,lok_0040,0.5482475757598877,0.5463393330574036,-0.0019082427024841309,0.900646984577179,0.9008759260177612,0.0927734375,working
L30_N13513,30,13513,lack_of_knowledge,lok_0041,0.03643523156642914,0.03644127398729324,6.042420864105225e-06,0.9956062436103821,0.9956052899360657,0.0927734375,working
L30_N13513,30,13513,lack_of_knowledge,lok_0042,0.33952444791793823,0.3323754072189331,-0.007149040699005127,0.9392896294593811,0.9409878849983215,0.0927734375,working
L30_N13513,30,13513,lack_of_knowledge,lok_0043,0.27926892042160034,0.2795219123363495,0.0002529919147491455,0.9467795491218567,0.9467505216598511,0.0927734375,working
L30_N13513,30,13513,lack_of_knowledge,lok_0044,0.32854658365249634,0.3285325765609741,-1.4007091522216797e-05,0.9407140612602234,0.9407148361206055,0.0927734375,working
L30_N13513,30,13513,lack_of_knowledge,lok_0045,0.5207996368408203,0.5223321318626404,0.0015324950218200684,0.892455518245697,0.8922185897827148,0.0927734375,working
L30_N13513,30,13513,lack_of_knowledge,lok_0046,0.42248761653900146,0.42284733057022095,0.0003597140312194824,0.9220602512359619,0.9220206141471863,0.0927734375,working
L30_N13513,30,13513,lack_of_knowledge,lok_0047,0.1028701514005661,0.10409638285636902,0.0012262314558029175,0.9854632616043091,0.9852919578552246,0.0927734375,working
L30_N13513,30,13513,lack_of_knowledge,lok_0048,1.2687811851501465,1.2844760417938232,0.015694856643676758,0.6856839656829834,0.6691478490829468,0.0927734375,working
L30_N13513,30,13513,lack_of_knowledge,lok_0049,0.035279445350170135,0.0352691113948822,-1.033395528793335e-05,0.9958128333091736,0.9958139061927795,0.0927734375,working
L30_N13513,30,13513,lack_of_knowledge,lok_0050,0.5434882640838623,0.5287749767303467,-0.014713287353515625,0.8769069910049438,0.8820313811302185,0.0927734375,working
L30_N13513,30,13513,lack_of_knowledge,lok_0051,0.0269861351698637,0.02719748020172119,0.00021134503185749054,0.9969148635864258,0.9968903660774231,0.0927734375,working
L30_N13513,30,13513,lack_of_knowledge,lok_0052,0.42821505665779114,0.4296688437461853,0.001453787088394165,0.9079897999763489,0.9077701568603516,0.0927734375,working
L30_N13513,30,13513,lack_of_knowledge,lok_0053,0.41624367237091064,0.4161331355571747,-0.00011053681373596191,0.9203416705131531,0.920354425907135,0.0927734375,working
L30_N13513,30,13513,lack_of_knowledge,lok_0054,0.41559314727783203,0.41741299629211426,0.0018198490142822266,0.9082160592079163,0.9079126119613647,0.0927734375,working
L30_N13513,30,13513,lack_of_knowledge,lok_0055,0.2971650958061218,0.3273242712020874,0.030159175395965576,0.9487175345420837,0.9422940611839294,0.0927734375,working
L30_N13513,30,13513,lack_of_knowledge,lok_0056,0.356362521648407,0.35632699728012085,-3.552436828613281e-05,0.9302420020103455,0.9302462339401245,0.0927734375,working
L30_N13513,30,13513,lack_of_knowledge,lok_0057,0.12736442685127258,0.1274341195821762,6.969273090362549e-05,0.9807634353637695,0.9807569980621338,0.0927734375,working
L30_N13513,30,13513,lack_of_knowledge,lok_0058,0.24059948325157166,0.2406574785709381,5.799531936645508e-05,0.9544814229011536,0.954475998878479,0.0927734375,working
L30_N13513,30,13513,lack_of_knowledge,lok_0059,0.3113740384578705,0.3115207552909851,0.00014671683311462402,0.934109091758728,0.9340920448303223,0.0927734375,working
L30_N13513,30,13513,lack_of_knowledge,lok_0060,0.2948303818702698,0.2844190001487732,-0.010411381721496582,0.9474383592605591,0.9495978951454163,0.0927734375,working
L30_N13513,30,13513,lack_of_knowledge,lok_0061,0.28506845235824585,0.2850762605667114,7.808208465576172e-06,0.9280197620391846,0.928019642829895,0.0927734375,working
L30_N13513,30,13513,lack_of_knowledge,lok_0062,0.4876607060432434,0.4876178205013275,-4.2885541915893555e-05,0.8918644189834595,0.8918673396110535,0.0927734375,working
L30_N13513,30,13513,lack_of_knowledge,lok_0063,0.1913471519947052,0.19137080013751984,2.364814281463623e-05,0.9631403088569641,0.9631384015083313,0.0927734375,working
L30_N13513,30,13513,lack_of_knowledge,lok_0064,0.1451702117919922,0.14518868923187256,1.8477439880371094e-05,0.9773245453834534,0.9773222208023071,0.0927734375,working
L30_N13513,30,13513,lack_of_knowledge,lok_0065,1.7140750885009766,1.71694016456604,0.0028650760650634766,0.5101323127746582,0.5098311901092529,0.0927734375,working
L30_N13513,30,13513,lack_of_knowledge,lok_0066,0.12134631723165512,0.12132129073143005,-2.502650022506714e-05,0.9823613166809082,0.9823629260063171,0.0927734375,working
L30_N13513,30,13513,lack_of_knowledge,lok_0067,0.07675088942050934,0.07665856927633286,-9.232014417648315e-05,0.9892773628234863,0.9892861247062683,0.0927734375,working
L30_N13513,30,13513,lack_of_knowledge,lok_0068,0.24031835794448853,0.24034763872623444,2.9280781745910645e-05,0.9557502865791321,0.955747127532959,0.0927734375,working
L30_N13513,30,13513,lack_of_knowledge,lok_0069,0.3301653265953064,0.32214656472206116,-0.00801876187324524,0.9304457902908325,0.932355523109436,0.0927734375,working
L30_N13513,30,13513,lack_of_knowledge,lok_0070,0.3017212152481079,0.30172163248062134,4.172325134277344e-07,0.935825526714325,0.9358256459236145,0.0927734375,working
L30_N13513,30,13513,lack_of_knowledge,lok_0071,1.8276312351226807,1.8272403478622437,-0.0003908872604370117,0.4143259525299072,0.41435301303863525,0.0927734375,working
L30_N13513,30,13513,lack_of_knowledge,lok_0072,0.10167165100574493,0.09144483506679535,-0.010226815938949585,0.9856634140014648,0.9873266816139221,0.0927734375,working
L30_N13513,30,13513,lack_of_knowledge,lok_0073,1.624746561050415,1.6243391036987305,-0.0004074573516845703,0.44494396448135376,0.44498616456985474,0.0927734375,working
L30_N13513,30,13513,lack_of_knowledge,lok_0074,0.12359865009784698,0.12360717356204987,8.52346420288086e-06,0.9768452644348145,0.9768443703651428,0.0927734375,working
L30_N13513,30,13513,lack_of_knowledge,lok_0075,0.3614848554134369,0.3616602420806885,0.00017538666725158691,0.9369404911994934,0.9369187951087952,0.0927734375,working
L30_N13513,30,13513,lack_of_knowledge,lok_0076,0.40737903118133545,0.42159759998321533,0.014218568801879883,0.9014618992805481,0.8985620737075806,0.0927734375,working
L30_N13513,30,13513,lack_of_knowledge,lok_0077,0.16173917055130005,0.16187483072280884,0.00013566017150878906,0.9692423939704895,0.9692283272743225,0.0927734375,working
L30_N13513,30,13513,lack_of_knowledge,lok_0078,0.3518255054950714,0.3515110909938812,-0.00031441450119018555,0.93060702085495,0.9306485056877136,0.0927734375,working
L30_N13513,30,13513,lack_of_knowledge,lok_0079,0.22752390801906586,0.22611477971076965,-0.0014091283082962036,0.9625696539878845,0.9627768397331238,0.0927734375,working
L30_N13513,30,13513,lack_of_knowledge,lok_0080,0.4599273204803467,0.47221073508262634,0.012283414602279663,0.889017641544342,0.8853980302810669,0.0927734375,working
L30_N13513,30,13513,lack_of_knowledge,lok_0081,0.22631503641605377,0.2260138988494873,-0.0003011375665664673,0.9586161971092224,0.9586511850357056,0.0927734375,working
L30_N13513,30,13513,lack_of_knowledge,lok_0082,0.45729249715805054,0.4572784900665283,-1.4007091522216797e-05,0.9223835468292236,0.9223799109458923,0.0927734375,working
L30_N13513,30,13513,lack_of_knowledge,lok_0083,0.1748635172843933,0.1746435910463333,-0.00021992623805999756,0.9684038758277893,0.9684298634529114,0.0927734375,working
L30_N6621,30,6621,lack_of_knowledge,lok_0000,0.20110554993152618,0.22170741856098175,0.020601868629455566,0.9648526906967163,0.9603817462921143,0.10107421875,working
L30_N6621,30,6621,lack_of_knowledge,lok_0001,0.4332544207572937,0.4324808120727539,-0.0007736086845397949,0.9038903713226318,0.903975248336792,0.10107421875,working
L30_N6621,30,6621,lack_of_knowledge,lok_0002,2.212181568145752,2.2403273582458496,0.028145790100097656,0.349837988615036,0.3255784809589386,0.10107421875,working
L30_N6621,30,6621,lack_of_knowledge,lok_0003,0.19303040206432343,0.19085374474525452,-0.0021766573190689087,0.9698035717010498,0.9701637029647827,0.10107421875,working
L30_N6621,30,6621,lack_of_knowledge,lok_0004,0.2565121352672577,0.2549087405204773,-0.0016033947467803955,0.9500791430473328,0.9502810835838318,0.10107421875,working
L30_N6621,30,6621,lack_of_knowledge,lok_0005,0.04979534447193146,0.049461036920547485,-0.00033430755138397217,0.9940529465675354,0.994086503982544,0.10107421875,working
L30_N6621,30,6621,lack_of_knowledge,lok_0006,0.28782111406326294,0.2962418794631958,0.008420765399932861,0.9439740180969238,0.9425160884857178,0.10107421875,working
L30_N6621,30,6621,lack_of_knowledge,lok_0007,0.25314441323280334,0.2527768015861511,-0.0003676116466522217,0.9571183323860168,0.957158625125885,0.10107421875,working
L30_N6621,30,6621,lack_of_knowledge,lok_0008,0.2857697606086731,0.2818858027458191,-0.003883957862854004,0.9495995044708252,0.9501461982727051,0.10107421875,working
L30_N6621,30,6621,lack_of_knowledge,lok_0009,0.05977754294872284,0.059657543897628784,-0.00011999905109405518,0.9918352365493774,0.9918448328971863,0.10107421875,working
L30_N6621,30,6621,lack_of_knowledge,lok_0010,0.531482994556427,0.5046127438545227,-0.026870250701904297,0.8459410667419434,0.8594199419021606,0.10107421875,working
L30_N6621,30,6621,lack_of_knowledge,lok_0011,0.40922486782073975,0.40770283341407776,-0.0015220344066619873,0.9050975441932678,0.9053193926811218,0.10107421875,working
L30_N6621,30,6621,lack_of_knowledge,lok_0012,0.3550257086753845,0.3499259352684021,-0.005099773406982422,0.9349585771560669,0.9359351396560669,0.10107421875,working
L30_N6621,30,6621,lack_of_knowledge,lok_0013,0.3046456575393677,0.30433928966522217,-0.0003063678741455078,0.9419756531715393,0.9420034885406494,0.10107421875,working
L30_N6621,30,6621,lack_of_knowledge,lok_0014,0.2969912588596344,0.27998799085617065,-0.017003268003463745,0.9337840676307678,0.9396142363548279,0.10107421875,working
L30_N6621,30,6621,lack_of_knowledge,lok_0015,0.10701310634613037,0.10187065601348877,-0.0051424503326416016,0.9849071502685547,0.9857757091522217,0.10107421875,working
L30_N6621,30,6621,lack_of_knowledge,lok_0016,0.3068767786026001,0.30251777172088623,-0.004359006881713867,0.945874810218811,0.9467076659202576,0.10107421875,working
L30_N6621,30,6621,lack_of_knowledge,lok_0017,0.28523916006088257,0.29861417412757874,0.013375014066696167,0.9526596069335938,0.949978232383728,0.10107421875,working
L30_N6621,30,6621,lack_of_knowledge,lok_0018,0.3223433494567871,0.3208044469356537,-0.0015389025211334229,0.9352149963378906,0.9354103207588196,0.10107421875,working
L30_N6621,30,6621,lack_of_knowledge,lok_0019,0.44828683137893677,0.48771578073501587,0.0394289493560791,0.902298629283905,0.8907803893089294,0.10107421875,working
L30_N6621,30,6621,lack_of_knowledge,lok_0020,1.4864192008972168,1.5069692134857178,0.020550012588500977,0.6630858778953552,0.6605618000030518,0.10107421875,working
L30_N6621,30,6621,lack_of_knowledge,lok_0021,0.654586672782898,0.6446133852005005,-0.009973287582397461,0.8547888398170471,0.8574701547622681,0.10107421875,working
L30_N6621,30,6621,lack_of_knowledge,lok_0022,0.45833873748779297,0.4553830325603485,-0.002955704927444458,0.9272456765174866,0.9275452494621277,0.10107421875,working
L30_N6621,30,6621,lack_of_knowledge,lok_0023,0.4967544972896576,0.4962918758392334,-0.00046262145042419434,0.8674667477607727,0.8675090670585632,0.10107421875,working
L30_N6621,30,6621,lack_of_knowledge,lok_0024,0.33014941215515137,0.3237406611442566,-0.006408751010894775,0.9413917064666748,0.942692756652832,0.10107421875,working
L30_N6621,30,6621,lack_of_knowledge,lok_0025,0.05894475430250168,0.06498903036117554,0.006044276058673859,0.9927107095718384,0.9918383955955505,0.10107421875,working
L30_N6621,30,6621,lack_of_knowledge,lok_0026,0.43050456047058105,0.45300519466400146,0.02250063419342041,0.9134169220924377,0.9072452187538147,0.10107421875,working
L30_N6621,30,6621,lack_of_knowledge,lok_0027,0.5749434232711792,0.5695900321006775,-0.005353391170501709,0.8946956396102905,0.8954393267631531,0.10107421875,working
L30_N6621,30,6621,lack_of_knowledge,lok_0028,0.39689117670059204,0.38904812932014465,-0.007843047380447388,0.9226692318916321,0.9244036078453064,0.10107421875,working
L30_N6621,30,6621,lack_of_knowledge,lok_0029,0.24673333764076233,0.23850950598716736,-0.00822383165359497,0.96292644739151,0.9645079374313354,0.10107421875,working
L30_N6621,30,6621,lack_of_knowledge,lok_0030,0.2515638768672943,0.24635949730873108,-0.005204379558563232,0.9552069306373596,0.9562808275222778,0.10107421875,working
L30_N6621,30,6621,lack_of_knowledge,lok_0031,0.2685629725456238,0.28261005878448486,0.014047086238861084,0.9510214328765869,0.9485574960708618,0.10107421875,working
L30_N6621,30,6621,lack_of_knowledge,lok_0032,1.1113756895065308,1.1147111654281616,0.0033354759216308594,0.6924391984939575,0.6919426918029785,0.10107421875,working
L30_N6621,30,6621,lack_of_knowledge,lok_0033,0.37497419118881226,0.41200655698776245,0.037032365798950195,0.9411258697509766,0.9339448809623718,0.10107421875,working
L30_N6621,30,6621,lack_of_knowledge,lok_0034,0.07285558432340622,0.07270181179046631,-0.0001537725329399109,0.9903441071510315,0.9903560876846313,0.10107421875,working
L30_N6621,30,6621,lack_of_knowledge,lok_0035,0.40538397431373596,0.43169105052948,0.02630707621574402,0.9316344261169434,0.9259865283966064,0.10107421875,working
L30_N6621,30,6621,lack_of_knowledge,lok_0036,1.115729570388794,1.1103532314300537,-0.005376338958740234,0.7815503478050232,0.7822903990745544,0.10107421875,working
L30_N6621,30,6621,lack_of_knowledge,lok_0037,0.30958282947540283,0.30260175466537476,-0.006981074810028076,0.9307799935340881,0.932296097278595,0.10107421875,working
L30_N6621,30,6621,lack_of_knowledge,lok_0038,0.1659087985754013,0.16585564613342285,-5.315244197845459e-05,0.9645332098007202,0.9645375609397888,0.10107421875,working
L30_N6621,30,6621,lack_of_knowledge,lok_0039,0.5078685879707336,0.507042407989502,-0.0008261799812316895,0.8992130160331726,0.8993025422096252,0.10107421875,working
L30_N6621,30,6621,lack_of_knowledge,lok_0040,0.5482475757598877,0.539141058921814,-0.00910651683807373,0.900646984577179,0.9022825956344604,0.10107421875,working
L30_N6621,30,6621,lack_of_knowledge,lok_0041,0.03643523156642914,0.03478771448135376,-0.0016475170850753784,0.9956062436103821,0.9958655834197998,0.10107421875,working
L30_N6621,30,6621,lack_of_knowledge,lok_0042,0.33952444791793823,0.36271846294403076,0.02319401502609253,0.9392896294593811,0.9340336918830872,0.10107421875,working
L30_N6621,30,6621,lack_of_knowledge,lok_0043,0.27926892042160034,0.2789887487888336,-0.00028017163276672363,0.9467795491218567,0.9468019008636475,0.10107421875,working
L30_N6621,30,6621,lack_of_knowledge,lok_0044,0.32854658365249634,0.3266478180885315,-0.0018987655639648438,0.9407140612602234,0.9409814476966858,0.10107421875,working
L30_N6621,30,6621,lack_of_knowledge,lok_0045,0.5207996368408203,0.5200881958007812,-0.0007114410400390625,0.892455518245697,0.8925215005874634,0.10107421875,working
L30_N6621,30,6621,lack_of_knowledge,lok_0046,0.42248761653900146,0.42124900221824646,-0.0012386143207550049,0.9220602512359619,0.9221981763839722,0.10107421875,working
L30_N6621,30,6621,lack_of_knowledge,lok_0047,0.1028701514005661,0.09894741326570511,-0.003922738134860992,0.9854632616043091,0.9861120581626892,0.10107421875,working
L30_N6621,30,6621,lack_of_knowledge,lok_0048,1.2687811851501465,1.2551409006118774,-0.013640284538269043,0.6856839656829834,0.6876499056816101,0.10107421875,working
L30_N6621,30,6621,lack_of_knowledge,lok_0049,0.035279445350170135,0.03517378121614456,-0.00010566413402557373,0.9958128333091736,0.9958204030990601,0.10107421875,working
L30_N6621,30,6621,lack_of_knowledge,lok_0050,0.5434882640838623,0.5534446239471436,0.00995635986328125,0.8769069910049438,0.8754997849464417,0.10107421875,working
L30_N6621,30,6621,lack_of_knowledge,lok_0051,0.0269861351698637,0.026937583461403847,-4.8551708459854126e-05,0.9969148635864258,0.9969178438186646,0.10107421875,working
L30_N6621,30,6621,lack_of_knowledge,lok_0052,0.42821505665779114,0.4097787141799927,-0.018436342477798462,0.9079897999763489,0.9139222502708435,0.10107421875,working
L30_N6621,30,6621,lack_of_knowledge,lok_0053,0.41624367237091064,0.4063214957714081,-0.009922176599502563,0.9203416705131531,0.922370970249176,0.10107421875,working
L30_N6621,30,6621,lack_of_knowledge,lok_0054,0.41559314727783203,0.40949445962905884,-0.006098687648773193,0.9082160592079163,0.9094915390014648,0.10107421875,working
L30_N6621,30,6621,lack_of_knowledge,lok_0055,0.2971650958061218,0.31394749879837036,0.016782402992248535,0.9487175345420837,0.9448473453521729,0.10107421875,working
L30_N6621,30,6621,lack_of_knowledge,lok_0056,0.356362521648407,0.3513254225254059,-0.005037099123001099,0.9302420020103455,0.9311957359313965,0.10107421875,working
L30_N6621,30,6621,lack_of_knowledge,lok_0057,0.12736442685127258,0.12367504835128784,-0.003689378499984741,0.9807634353637695,0.9813486933708191,0.10107421875,working
L30_N6621,30,6621,lack_of_knowledge,lok_0058,0.24059948325157166,0.23702633380889893,-0.0035731494426727295,0.9544814229011536,0.9550725221633911,0.10107421875,working
L30_N6621,30,6621,lack_of_knowledge,lok_0059,0.3113740384578705,0.29556846618652344,-0.015805572271347046,0.934109091758728,0.9392711520195007,0.10107421875,working
L30_N6621,30,6621,lack_of_knowledge,lok_0060,0.2948303818702698,0.2764778733253479,-0.018352508544921875,0.9474383592605591,0.9515483975410461,0.10107421875,working
L30_N6621,30,6621,lack_of_knowledge,lok_0061,0.28506845235824585,0.30967050790786743,0.024602055549621582,0.9280197620391846,0.9192698001861572,0.10107421875,working
L30_N6621,30,6621,lack_of_knowledge,lok_0062,0.4876607060432434,0.48138627409935,-0.006274431943893433,0.8918644189834595,0.892975926399231,0.10107421875,working
L30_N6621,30,6621,lack_of_knowledge,lok_0063,0.1913471519947052,0.19115819036960602,-0.00018896162509918213,0.9631403088569641,0.9631556272506714,0.10107421875,working
L30_N6621,30,6621,lack_of_knowledge,lok_0064,0.1451702117919922,0.14261646568775177,-0.0025537461042404175,0.9773245453834534,0.9777172803878784,0.10107421875,working
L30_N6621,30,6621,lack_of_knowledge,lok_0065,1.7140750885009766,1.7122187614440918,-0.0018563270568847656,0.5101323127746582,0.5102391242980957,0.10107421875,working
L30_N6621,30,6621,lack_of_knowledge,lok_0066,0.12134631723165512,0.12658336758613586,0.005237050354480743,0.9823613166809082,0.9815211892127991,0.10107421875,working
L30_N6621,30,6621,lack_of_knowledge,lok_0067,0.07675088942050934,0.08287501335144043,0.006124123930931091,0.9892773628234863,0.9882083535194397,0.10107421875,working
L30_N6621,30,6621,lack_of_knowledge,lok_0068,0.24031835794448853,0.23020035028457642,-0.01011800765991211,0.9557502865791321,0.9583349823951721,0.10107421875,working
L30_N6621,30,6621,lack_of_knowledge,lok_0069,0.3301653265953064,0.3218500018119812,-0.008315324783325195,0.9304457902908325,0.9323869347572327,0.10107421875,working
L30_N6621,30,6621,lack_of_knowledge,lok_0070,0.3017212152481079,0.29585349559783936,-0.005867719650268555,0.935825526714325,0.9371249079704285,0.10107421875,working
L30_N6621,30,6621,lack_of_knowledge,lok_0071,1.8276312351226807,1.8192598819732666,-0.008371353149414062,0.4143259525299072,0.4236999452114105,0.10107421875,working
L30_N6621,30,6621,lack_of_knowledge,lok_0072,0.10167165100574493,0.09647627919912338,-0.0051953718066215515,0.9856634140014648,0.9866517782211304,0.10107421875,working
L30_N6621,30,6621,lack_of_knowledge,lok_0073,1.624746561050415,1.5933897495269775,-0.0313568115234375,0.44494396448135376,0.4500858783721924,0.10107421875,working
L30_N6621,30,6621,lack_of_knowledge,lok_0074,0.12359865009784698,0.12350989878177643,-8.875131607055664e-05,0.9768452644348145,0.9768519997596741,0.10107421875,working
L30_N6621,30,6621,lack_of_knowledge,lok_0075,0.3614848554134369,0.3607046604156494,-0.0007801949977874756,0.9369404911994934,0.9370040893554688,0.10107421875,working
L30_N6621,30,6621,lack_of_knowledge,lok_0076,0.40737903118133545,0.4421584904193878,0.03477945923805237,0.9014618992805481,0.8898301124572754,0.10107421875,working
L30_N6621,30,6621,lack_of_knowledge,lok_0077,0.16173917055130005,0.15947413444519043,-0.002265036106109619,0.9692423939704895,0.9695807695388794,0.10107421875,working
L30_N6621,30,6621,lack_of_knowledge,lok_0078,0.3518255054950714,0.3815249502658844,0.02969944477081299,0.93060702085495,0.9226552248001099,0.10107421875,working
L30_N6621,30,6621,lack_of_knowledge,lok_0079,0.22752390801906586,0.24142155051231384,0.013897642493247986,0.9625696539878845,0.9596877098083496,0.10107421875,working
L30_N6621,30,6621,lack_of_knowledge,lok_0080,0.4599273204803467,0.4595617949962616,-0.000365525484085083,0.889017641544342,0.8890484571456909,0.10107421875,working
L30_N6621,30,6621,lack_of_knowledge,lok_0081,0.22631503641605377,0.2254527360200882,-0.0008623003959655762,0.9586161971092224,0.9587083458900452,0.10107421875,working
L30_N6621,30,6621,lack_of_knowledge,lok_0082,0.45729249715805054,0.4440632462501526,-0.01322925090789795,0.9223835468292236,0.9250702261924744,0.10107421875,working
L30_N6621,30,6621,lack_of_knowledge,lok_0083,0.1748635172843933,0.17454491555690765,-0.00031860172748565674,0.9684038758277893,0.9684364199638367,0.10107421875,working
L30_N3533,30,3533,lack_of_knowledge,lok_0000,0.20110554993152618,0.22216413915157318,0.021058589220046997,0.9648526906967163,0.96033775806427,0.138671875,working
L30_N3533,30,3533,lack_of_knowledge,lok_0001,0.4332544207572937,0.4319532513618469,-0.0013011693954467773,0.9038903713226318,0.9040647745132446,0.138671875,working
L30_N3533,30,3533,lack_of_knowledge,lok_0002,2.212181568145752,2.2092442512512207,-0.00293731689453125,0.349837988615036,0.35018232464790344,0.138671875,working
L30_N3533,30,3533,lack_of_knowledge,lok_0003,0.19303040206432343,0.1949230432510376,0.0018926411867141724,0.9698035717010498,0.9693900346755981,0.138671875,working
L30_N3533,30,3533,lack_of_knowledge,lok_0004,0.2565121352672577,0.27472376823425293,0.01821163296699524,0.9500791430473328,0.9447329640388489,0.138671875,working
L30_N3533,30,3533,lack_of_knowledge,lok_0005,0.04979534447193146,0.049621399492025375,-0.00017394497990608215,0.9940529465675354,0.9940711855888367,0.138671875,working
L30_N3533,30,3533,lack_of_knowledge,lok_0006,0.28782111406326294,0.28782814741134644,7.033348083496094e-06,0.9439740180969238,0.9439729452133179,0.138671875,working
L30_N3533,30,3533,lack_of_knowledge,lok_0007,0.25314441323280334,0.2525521516799927,-0.0005922615528106689,0.9571183323860168,0.9572008848190308,0.138671875,working
L30_N3533,30,3533,lack_of_knowledge,lok_0008,0.2857697606086731,0.292655348777771,0.0068855881690979,0.9495995044708252,0.9479236602783203,0.138671875,working
L30_N3533,30,3533,lack_of_knowledge,lok_0009,0.05977754294872284,0.059715636074543,-6.190687417984009e-05,0.9918352365493774,0.9918408393859863,0.138671875,working
L30_N3533,30,3533,lack_of_knowledge,lok_0010,0.531482994556427,0.5313884615898132,-9.453296661376953e-05,0.8459410667419434,0.8459498882293701,0.138671875,working
L30_N3533,30,3533,lack_of_knowledge,lok_0011,0.40922486782073975,0.40787920355796814,-0.0013456642627716064,0.9050975441932678,0.9053062796592712,0.138671875,working
L30_N3533,30,3533,lack_of_knowledge,lok_0012,0.3550257086753845,0.35044580698013306,-0.004579901695251465,0.9349585771560669,0.9358880519866943,0.138671875,working
L30_N3533,30,3533,lack_of_knowledge,lok_0013,0.3046456575393677,0.3046571612358093,1.150369644165039e-05,0.9419756531715393,0.9419742822647095,0.138671875,working
L30_N3533,30,3533,lack_of_knowledge,lok_0014,0.2969912588596344,0.29698091745376587,-1.0341405868530273e-05,0.9337840676307678,0.9337850213050842,0.138671875,working
L30_N3533,30,3533,lack_of_knowledge,lok_0015,0.10701310634613037,0.10695309937000275,-6.000697612762451e-05,0.9849071502685547,0.9849129319190979,0.138671875,working
L30_N3533,30,3533,lack_of_knowledge,lok_0016,0.3068767786026001,0.307123064994812,0.00024628639221191406,0.945874810218811,0.9458451271057129,0.138671875,working
L30_N3533,30,3533,lack_of_knowledge,lok_0017,0.28523916006088257,0.31455501914024353,0.029315859079360962,0.9526596069335938,0.946708083152771,0.138671875,working
L30_N3533,30,3533,lack_of_knowledge,lok_0018,0.3223433494567871,0.3211461305618286,-0.001197218894958496,0.9352149963378906,0.9353907704353333,0.138671875,working
L30_N3533,30,3533,lack_of_knowledge,lok_0019,0.44828683137893677,0.48832547664642334,0.04003864526748657,0.902298629283905,0.8907275199890137,0.138671875,working
L30_N3533,30,3533,lack_of_knowledge,lok_0020,1.4864192008972168,1.4864957332611084,7.653236389160156e-05,0.6630858778953552,0.6630676984786987,0.138671875,working
L30_N3533,30,3533,lack_of_knowledge,lok_0021,0.654586672782898,0.6540926694869995,-0.0004940032958984375,0.8547888398170471,0.8548588752746582,0.138671875,working
L30_N3533,30,3533,lack_of_knowledge,lok_0022,0.45833873748779297,0.4579334259033203,-0.00040531158447265625,0.9272456765174866,0.9272915720939636,0.138671875,working
L30_N3533,30,3533,lack_of_knowledge,lok_0023,0.4967544972896576,0.4967893958091736,3.489851951599121e-05,0.8674667477607727,0.8674615025520325,0.138671875,working
L30_N3533,30,3533,lack_of_knowledge,lok_0024,0.33014941215515137,0.3564310669898987,0.026281654834747314,0.9413917064666748,0.935543417930603,0.138671875,working
L30_N3533,30,3533,lack_of_knowledge,lok_0025,0.05894475430250168,0.05891212075948715,-3.263354301452637e-05,0.9927107095718384,0.9927137494087219,0.138671875,working
L30_N3533,30,3533,lack_of_knowledge,lok_0026,0.43050456047058105,0.4209211766719818,-0.009583383798599243,0.9134169220924377,0.9160344004631042,0.138671875,working
L30_N3533,30,3533,lack_of_knowledge,lok_0027,0.5749434232711792,0.5750313997268677,8.797645568847656e-05,0.8946956396102905,0.8946837782859802,0.138671875,working
L30_N3533,30,3533,lack_of_knowledge,lok_0028,0.39689117670059204,0.3897920250892639,-0.007099151611328125,0.9226692318916321,0.9243262410163879,0.138671875,working
L30_N3533,30,3533,lack_of_knowledge,lok_0029,0.24673333764076233,0.24673692882061005,3.591179847717285e-06,0.96292644739151,0.962925374507904,0.138671875,working
L30_N3533,30,3533,lack_of_knowledge,lok_0030,0.2515638768672943,0.2515827417373657,1.8864870071411133e-05,0.9552069306373596,0.9552052617073059,0.138671875,working
L30_N3533,30,3533,lack_of_knowledge,lok_0031,0.2685629725456238,0.25714004039764404,-0.011422932147979736,0.9510214328765869,0.9542551636695862,0.138671875,working
L30_N3533,30,3533,lack_of_knowledge,lok_0032,1.1113756895065308,1.1137864589691162,0.0024107694625854492,0.6924391984939575,0.6920645236968994,0.138671875,working
L30_N3533,30,3533,lack_of_knowledge,lok_0033,0.37497419118881226,0.3749058246612549,-6.836652755737305e-05,0.9411258697509766,0.9410874843597412,0.138671875,working
L30_N3533,30,3533,lack_of_knowledge,lok_0034,0.07285558432340622,0.07285245507955551,-3.129243850708008e-06,0.9903441071510315,0.9903439283370972,0.138671875,working
L30_N3533,30,3533,lack_of_knowledge,lok_0035,0.40538397431373596,0.40494221448898315,-0.0004417598247528076,0.9316344261169434,0.931667149066925,0.138671875,working
L30_N3533,30,3533,lack_of_knowledge,lok_0036,1.115729570388794,1.1120167970657349,-0.003712773323059082,0.7815503478050232,0.7821120619773865,0.138671875,working
L30_N3533,30,3533,lack_of_knowledge,lok_0037,0.30958282947540283,0.32747524976730347,0.017892420291900635,0.9307799935340881,0.9243152141571045,0.138671875,working
L30_N3533,30,3533,lack_of_knowledge,lok_0038,0.1659087985754013,0.1798241138458252,0.01391531527042389,0.9645332098007202,0.9603151082992554,0.138671875,working
L30_N3533,30,3533,lack_of_knowledge,lok_0039,0.5078685879707336,0.5074779987335205,-0.00039058923721313477,0.8992130160331726,0.8992568850517273,0.138671875,working
L30_N3533,30,3533,lack_of_knowledge,lok_0040,0.5482475757598877,0.5465497374534607,-0.001697838306427002,0.900646984577179,0.9008540511131287,0.138671875,working
L30_N3533,30,3533,lack_of_knowledge,lok_0041,0.03643523156642914,0.03644264489412308,7.413327693939209e-06,0.9956062436103821,0.9956056475639343,0.138671875,working
L30_N3533,30,3533,lack_of_knowledge,lok_0042,0.33952444791793823,0.3324453830718994,-0.007079064846038818,0.9392896294593811,0.9409804940223694,0.138671875,working
L30_N3533,30,3533,lack_of_knowledge,lok_0043,0.27926892042160034,0.2793917655944824,0.00012284517288208008,0.9467795491218567,0.9467647075653076,0.138671875,working
L30_N3533,30,3533,lack_of_knowledge,lok_0044,0.32854658365249634,0.3268866240978241,-0.0016599595546722412,0.9407140612602234,0.9409632086753845,0.138671875,working
L30_N3533,30,3533,lack_of_knowledge,lok_0045,0.5207996368408203,0.5263363718986511,0.0055367350578308105,0.892455518245697,0.8914083242416382,0.138671875,working
L30_N3533,30,3533,lack_of_knowledge,lok_0046,0.42248761653900146,0.4221954345703125,-0.00029218196868896484,0.9220602512359619,0.9220870733261108,0.138671875,working
L30_N3533,30,3533,lack_of_knowledge,lok_0047,0.1028701514005661,0.10035811364650726,-0.002512037754058838,0.9854632616043091,0.9858909845352173,0.138671875,working
L30_N3533,30,3533,lack_of_knowledge,lok_0048,1.2687811851501465,1.2691171169281006,0.00033593177795410156,0.6856839656829834,0.6856501698493958,0.138671875,working
L30_N3533,30,3533,lack_of_knowledge,lok_0049,0.035279445350170135,0.035246290266513824,-3.3155083656311035e-05,0.9958128333091736,0.9958156943321228,0.138671875,working
L30_N3533,30,3533,lack_of_knowledge,lok_0050,0.5434882640838623,0.5898039937019348,0.04631572961807251,0.8769069910049438,0.8627808690071106,0.138671875,working
L30_N3533,30,3533,lack_of_knowledge,lok_0051,0.0269861351698637,0.026962632313370705,-2.3502856492996216e-05,0.9969148635864258,0.9969164133071899,0.138671875,working
L30_N3533,30,3533,lack_of_knowledge,lok_0052,0.42821505665779114,0.4272017180919647,-0.001013338565826416,0.9079897999763489,0.9081824421882629,0.138671875,working
L30_N3533,30,3533,lack_of_knowledge,lok_0053,0.41624367237091064,0.41600173711776733,-0.00024193525314331055,0.9203416705131531,0.9203630685806274,0.138671875,working
L30_N3533,30,3533,lack_of_knowledge,lok_0054,0.41559314727783203,0.41543275117874146,-0.00016039609909057617,0.9082160592079163,0.9082320928573608,0.138671875,working
L30_N3533,30,3533,lack_of_knowledge,lok_0055,0.2971650958061218,0.327267587184906,0.03010249137878418,0.9487175345420837,0.9422987103462219,0.138671875,working
L30_N3533,30,3533,lack_of_knowledge,lok_0056,0.356362521648407,0.35630643367767334,-5.608797073364258e-05,0.9302420020103455,0.9302467703819275,0.138671875,working
L30_N3533,30,3533,lack_of_knowledge,lok_0057,0.12736442685127258,0.1238221526145935,-0.003542274236679077,0.9807634353637695,0.9813373684883118,0.138671875,working
L30_N3533,30,3533,lack_of_knowledge,lok_0058,0.24059948325157166,0.24230164289474487,0.0017021596431732178,0.9544814229011536,0.9542096853256226,0.138671875,working
L30_N3533,30,3533,lack_of_knowledge,lok_0059,0.3113740384578705,0.31153079867362976,0.00015676021575927734,0.934109091758728,0.9340929985046387,0.138671875,working
L30_N3533,30,3533,lack_of_knowledge,lok_0060,0.2948303818702698,0.2911630868911743,-0.003667294979095459,0.9474383592605591,0.9481540322303772,0.138671875,working
L30_N3533,30,3533,lack_of_knowledge,lok_0061,0.28506845235824585,0.2850968837738037,2.8431415557861328e-05,0.9280197620391846,0.9280173778533936,0.138671875,working
L30_N3533,30,3533,lack_of_knowledge,lok_0062,0.4876607060432434,0.48127514123916626,-0.0063855648040771484,0.8918644189834595,0.8929861187934875,0.138671875,working
L30_N3533,30,3533,lack_of_knowledge,lok_0063,0.1913471519947052,0.19385583698749542,0.002508684992790222,0.9631403088569641,0.962694525718689,0.138671875,working
L30_N3533,30,3533,lack_of_knowledge,lok_0064,0.1451702117919922,0.1445257067680359,-0.0006445050239562988,0.9773245453834534,0.9774010181427002,0.138671875,working
L30_N3533,30,3533,lack_of_knowledge,lok_0065,1.7140750885009766,1.7149863243103027,0.0009112358093261719,0.5101323127746582,0.5100592970848083,0.138671875,working
L30_N3533,30,3533,lack_of_knowledge,lok_0066,0.12134631723165512,0.12051859498023987,-0.0008277222514152527,0.9823613166809082,0.9824718832969666,0.138671875,working
L30_N3533,30,3533,lack_of_knowledge,lok_0067,0.07675088942050934,0.07511439174413681,-0.001636497676372528,0.9892773628234863,0.9895109534263611,0.138671875,working
L30_N3533,30,3533,lack_of_knowledge,lok_0068,0.24031835794448853,0.24033494293689728,1.658499240875244e-05,0.9557502865791321,0.9557477831840515,0.138671875,working
L30_N3533,30,3533,lack_of_knowledge,lok_0069,0.3301653265953064,0.3218369483947754,-0.008328378200531006,0.9304457902908325,0.9323880076408386,0.138671875,working
L30_N3533,30,3533,lack_of_knowledge,lok_0070,0.3017212152481079,0.3018231987953186,0.00010198354721069336,0.935825526714325,0.9358158111572266,0.138671875,working
L30_N3533,30,3533,lack_of_knowledge,lok_0071,1.8276312351226807,1.8286888599395752,0.0010576248168945312,0.4143259525299072,0.4141846001148224,0.138671875,working
L30_N3533,30,3533,lack_of_knowledge,lok_0072,0.10167165100574493,0.10085324198007584,-0.0008184090256690979,0.9856634140014648,0.9857736825942993,0.138671875,working
L30_N3533,30,3533,lack_of_knowledge,lok_0073,1.624746561050415,1.623412013053894,-0.001334547996520996,0.44494396448135376,0.44505733251571655,0.138671875,working
L30_N3533,30,3533,lack_of_knowledge,lok_0074,0.12359865009784698,0.12357883900403976,-1.981109380722046e-05,0.9768452644348145,0.9768471121788025,0.138671875,working
L30_N3533,30,3533,lack_of_knowledge,lok_0075,0.3614848554134369,0.3613121211528778,-0.00017273426055908203,0.9369404911994934,0.936952531337738,0.138671875,working
L30_N3533,30,3533,lack_of_knowledge,lok_0076,0.40737903118133545,0.42491307854652405,0.0175340473651886,0.9014618992805481,0.897968590259552,0.138671875,working
L30_N3533,30,3533,lack_of_knowledge,lok_0077,0.16173917055130005,0.16174717247486115,8.001923561096191e-06,0.9692423939704895,0.9692414999008179,0.138671875,working
L30_N3533,30,3533,lack_of_knowledge,lok_0078,0.3518255054950714,0.35102176666259766,-0.0008037388324737549,0.93060702085495,0.93071049451828,0.138671875,working
L30_N3533,30,3533,lack_of_knowledge,lok_0079,0.22752390801906586,0.24948449432849884,0.021960586309432983,0.9625696539878845,0.9580678939819336,0.138671875,working
L30_N3533,30,3533,lack_of_knowledge,lok_0080,0.4599273204803467,0.4721110165119171,0.012183696031570435,0.889017641544342,0.8854072690010071,0.138671875,working
L30_N3533,30,3533,lack_of_knowledge,lok_0081,0.22631503641605377,0.22595641016960144,-0.00035862624645233154,0.9586161971092224,0.9586551189422607,0.138671875,working
L30_N3533,30,3533,lack_of_knowledge,lok_0082,0.45729249715805054,0.4568811058998108,-0.0004113912582397461,0.9223835468292236,0.9224153757095337,0.138671875,working
L30_N3533,30,3533,lack_of_knowledge,lok_0083,0.1748635172843933,0.17484739422798157,-1.6123056411743164e-05,0.9684038758277893,0.9684053659439087,0.138671875,working
L29_N11308,29,11308,lack_of_knowledge,lok_0000,0.20110554993152618,0.201359823346138,0.0002542734146118164,0.9648526906967163,0.9648284316062927,0.140625,working
L29_N11308,29,11308,lack_of_knowledge,lok_0001,0.4332544207572937,0.4380457103252411,0.004791289567947388,0.9038903713226318,0.903045117855072,0.140625,working
L29_N11308,29,11308,lack_of_knowledge,lok_0002,2.212181568145752,2.2253565788269043,0.013175010681152344,0.349837988615036,0.34720325469970703,0.140625,working
L29_N11308,29,11308,lack_of_knowledge,lok_0003,0.19303040206432343,0.19506002962589264,0.002029627561569214,0.9698035717010498,0.9693798422813416,0.140625,working
L29_N11308,29,11308,lack_of_knowledge,lok_0004,0.2565121352672577,0.25666195154190063,0.00014981627464294434,0.9500791430473328,0.950066864490509,0.140625,working
L29_N11308,29,11308,lack_of_knowledge,lok_0005,0.04979534447193146,0.04578108340501785,-0.004014261066913605,0.9940529465675354,0.9945936799049377,0.140625,working
L29_N11308,29,11308,lack_of_knowledge,lok_0006,0.28782111406326294,0.28210070729255676,-0.005720406770706177,0.9439740180969238,0.9452800750732422,0.140625,working
L29_N11308,29,11308,lack_of_knowledge,lok_0007,0.25314441323280334,0.2533191442489624,0.00017473101615905762,0.9571183323860168,0.9571041464805603,0.140625,working
L29_N11308,29,11308,lack_of_knowledge,lok_0008,0.2857697606086731,0.29555174708366394,0.009781986474990845,0.9495995044708252,0.9475001096725464,0.140625,working
L29_N11308,29,11308,lack_of_knowledge,lok_0009,0.05977754294872284,0.0593913197517395,-0.0003862231969833374,0.9918352365493774,0.9919062852859497,0.140625,working
L29_N11308,29,11308,lack_of_knowledge,lok_0010,0.531482994556427,0.5316563248634338,0.00017333030700683594,0.8459410667419434,0.8459241986274719,0.140625,working
L29_N11308,29,11308,lack_of_knowledge,lok_0011,0.40922486782073975,0.37594515085220337,-0.03327971696853638,0.9050975441932678,0.9152372479438782,0.140625,working
L29_N11308,29,11308,lack_of_knowledge,lok_0012,0.3550257086753845,0.361097514629364,0.006071805953979492,0.9349585771560669,0.9336370229721069,0.140625,working
L29_N11308,29,11308,lack_of_knowledge,lok_0013,0.3046456575393677,0.31025272607803345,0.0056070685386657715,0.9419756531715393,0.9407932162284851,0.140625,working
L29_N11308,29,11308,lack_of_knowledge,lok_0014,0.2969912588596344,0.29714733362197876,0.00015607476234436035,0.9337840676307678,0.9337702393531799,0.140625,working
L29_N11308,29,11308,lack_of_knowledge,lok_0015,0.10701310634613037,0.10872223973274231,0.0017091333866119385,0.9849071502685547,0.9845816493034363,0.140625,working
L29_N11308,29,11308,lack_of_knowledge,lok_0016,0.3068767786026001,0.2789442539215088,-0.02793252468109131,0.945874810218811,0.9518710374832153,0.140625,working
L29_N11308,29,11308,lack_of_knowledge,lok_0017,0.28523916006088257,0.2934955358505249,0.008256375789642334,0.9526596069335938,0.9506657719612122,0.140625,working
L29_N11308,29,11308,lack_of_knowledge,lok_0018,0.3223433494567871,0.2940483093261719,-0.028295040130615234,0.9352149963378906,0.9423624277114868,0.140625,working
L29_N11308,29,11308,lack_of_knowledge,lok_0019,0.44828683137893677,0.4570233225822449,0.008736491203308105,0.902298629283905,0.9004590511322021,0.140625,working
L29_N11308,29,11308,lack_of_knowledge,lok_0020,1.4864192008972168,1.492193341255188,0.005774140357971191,0.6630858778953552,0.6622868180274963,0.140625,working
L29_N11308,29,11308,lack_of_knowledge,lok_0021,0.654586672782898,0.6666144132614136,0.012027740478515625,0.8547888398170471,0.8523879647254944,0.140625,working
L29_N11308,29,11308,lack_of_knowledge,lok_0022,0.45833873748779297,0.46396392583847046,0.00562518835067749,0.9272456765174866,0.9260956645011902,0.140625,working
L29_N11308,29,11308,lack_of_knowledge,lok_0023,0.4967544972896576,0.49733811616897583,0.0005836188793182373,0.8674667477607727,0.8674089908599854,0.140625,working
L29_N11308,29,11308,lack_of_knowledge,lok_0024,0.33014941215515137,0.3423311412334442,0.012181729078292847,0.9413917064666748,0.9387667179107666,0.140625,working
L29_N11308,29,11308,lack_of_knowledge,lok_0025,0.05894475430250168,0.0589698925614357,2.5138258934020996e-05,0.9927107095718384,0.9927095174789429,0.140625,working
L29_N11308,29,11308,lack_of_knowledge,lok_0026,0.43050456047058105,0.4314981997013092,0.0009936392307281494,0.9134169220924377,0.9133074879646301,0.140625,working
L29_N11308,29,11308,lack_of_knowledge,lok_0027,0.5749434232711792,0.5773525238037109,0.0024091005325317383,0.8946956396102905,0.8943807482719421,0.140625,working
L29_N11308,29,11308,lack_of_knowledge,lok_0028,0.39689117670059204,0.397266685962677,0.00037550926208496094,0.9226692318916321,0.922633945941925,0.140625,working
L29_N11308,29,11308,lack_of_knowledge,lok_0029,0.24673333764076233,0.2477116584777832,0.000978320837020874,0.96292644739151,0.9628234505653381,0.140625,working
L29_N11308,29,11308,lack_of_knowledge,lok_0030,0.2515638768672943,0.2516424357891083,7.855892181396484e-05,0.9552069306373596,0.9552021026611328,0.140625,working
L29_N11308,29,11308,lack_of_knowledge,lok_0031,0.2685629725456238,0.2728785276412964,0.004315555095672607,0.9510214328765869,0.950183093547821,0.140625,working
L29_N11308,29,11308,lack_of_knowledge,lok_0032,1.1113756895065308,1.1151533126831055,0.003777623176574707,0.6924391984939575,0.6919317841529846,0.140625,working
L29_N11308,29,11308,lack_of_knowledge,lok_0033,0.37497419118881226,0.38703057169914246,0.0120563805103302,0.9411258697509766,0.93864905834198,0.140625,working
L29_N11308,29,11308,lack_of_knowledge,lok_0034,0.07285558432340622,0.07418379187583923,0.001328207552433014,0.9903441071510315,0.9901436567306519,0.140625,working
L29_N11308,29,11308,lack_of_knowledge,lok_0035,0.40538397431373596,0.40880611538887024,0.0034221410751342773,0.9316344261169434,0.9310793876647949,0.140625,working
L29_N11308,29,11308,lack_of_knowledge,lok_0036,1.115729570388794,1.1134722232818604,-0.0022573471069335938,0.7815503478050232,0.7819305658340454,0.140625,working
L29_N11308,29,11308,lack_of_knowledge,lok_0037,0.30958282947540283,0.32796812057495117,0.01838529109954834,0.9307799935340881,0.9242656230926514,0.140625,working
L29_N11308,29,11308,lack_of_knowledge,lok_0038,0.1659087985754013,0.1658644676208496,-4.433095455169678e-05,0.9645332098007202,0.9645383954048157,0.140625,working
L29_N11308,29,11308,lack_of_knowledge,lok_0039,0.5078685879707336,0.4797590970993042,-0.028109490871429443,0.8992130160331726,0.9056663513183594,0.140625,working
L29_N11308,29,11308,lack_of_knowledge,lok_0040,0.5482475757598877,0.5522950887680054,0.004047513008117676,0.900646984577179,0.8997717499732971,0.140625,working
L29_N11308,29,11308,lack_of_knowledge,lok_0041,0.03643523156642914,0.036489054560661316,5.3822994232177734e-05,0.9956062436103821,0.9956023693084717,0.140625,working
L29_N11308,29,11308,lack_of_knowledge,lok_0042,0.33952444791793823,0.3402242660522461,0.0006998181343078613,0.9392896294593811,0.9392167925834656,0.140625,working
L29_N11308,29,11308,lack_of_knowledge,lok_0043,0.27926892042160034,0.2654900550842285,-0.013778865337371826,0.9467795491218567,0.9494847059249878,0.140625,working
L29_N11308,29,11308,lack_of_knowledge,lok_0044,0.32854658365249634,0.337572306394577,0.009025722742080688,0.9407140612602234,0.9381275177001953,0.140625,working
L29_N11308,29,11308,lack_of_knowledge,lok_0045,0.5207996368408203,0.5266400575637817,0.005840420722961426,0.892455518245697,0.8913866281509399,0.140625,working
L29_N11308,29,11308,lack_of_knowledge,lok_0046,0.42248761653900146,0.4239848554134369,0.0014972388744354248,0.9220602512359619,0.9218693971633911,0.140625,working
L29_N11308,29,11308,lack_of_knowledge,lok_0047,0.1028701514005661,0.09244683384895325,-0.010423317551612854,0.9854632616043091,0.9871885180473328,0.140625,working
L29_N11308,29,11308,lack_of_knowledge,lok_0048,1.2687811851501465,1.2878566980361938,0.019075512886047363,0.6856839656829834,0.6688116788864136,0.140625,working
L29_N11308,29,11308,lack_of_knowledge,lok_0049,0.035279445350170135,0.03173941746354103,-0.0035400278866291046,0.9958128333091736,0.9962913990020752,0.140625,working
L29_N11308,29,11308,lack_of_knowledge,lok_0050,0.5434882640838623,0.5317032337188721,-0.011785030364990234,0.8769069910049438,0.8815997838973999,0.140625,working
L29_N11308,29,11308,lack_of_knowledge,lok_0051,0.0269861351698637,0.027673285454511642,0.0006871502846479416,0.9969148635864258,0.9968248605728149,0.140625,working
L29_N11308,29,11308,lack_of_knowledge,lok_0052,0.42821505665779114,0.41188526153564453,-0.016329795122146606,0.9079897999763489,0.9136347770690918,0.140625,working
L29_N11308,29,11308,lack_of_knowledge,lok_0053,0.41624367237091064,0.4192321002483368,0.0029884278774261475,0.9203416705131531,0.9198853373527527,0.140625,working
L29_N11308,29,11308,lack_of_knowledge,lok_0054,0.41559314727783203,0.39488697052001953,-0.0207061767578125,0.9082160592079163,0.9125983715057373,0.140625,working
L29_N11308,29,11308,lack_of_knowledge,lok_0055,0.2971650958061218,0.29840508103370667,0.0012399852275848389,0.9487175345420837,0.9485600590705872,0.140625,working
L29_N11308,29,11308,lack_of_knowledge,lok_0056,0.356362521648407,0.3245067596435547,-0.031855762004852295,0.9302420020103455,0.9379480481147766,0.140625,working
L29_N11308,29,11308,lack_of_knowledge,lok_0057,0.12736442685127258,0.1258310079574585,-0.001533418893814087,0.9807634353637695,0.9810284972190857,0.140625,working
L29_N11308,29,11308,lack_of_knowledge,lok_0058,0.24059948325157166,0.24097244441509247,0.000372961163520813,0.9544814229011536,0.9544421434402466,0.140625,working
L29_N11308,29,11308,lack_of_knowledge,lok_0059,0.3113740384578705,0.29596060514450073,-0.015413433313369751,0.934109091758728,0.9392340183258057,0.140625,working
L29_N11308,29,11308,lack_of_knowledge,lok_0060,0.2948303818702698,0.2679027318954468,-0.026927649974822998,0.9474383592605591,0.9532853364944458,0.140625,working
L29_N11308,29,11308,lack_of_knowledge,lok_0061,0.28506845235824585,0.2850041389465332,-6.431341171264648e-05,0.9280197620391846,0.928026020526886,0.140625,working
L29_N11308,29,11308,lack_of_knowledge,lok_0062,0.4876607060432434,0.5036865472793579,0.016025841236114502,0.8918644189834595,0.8854572772979736,0.140625,working
L29_N11308,29,11308,lack_of_knowledge,lok_0063,0.1913471519947052,0.19608084857463837,0.0047336965799331665,0.9631403088569641,0.9623647332191467,0.140625,working
L29_N11308,29,11308,lack_of_knowledge,lok_0064,0.1451702117919922,0.1370447725057602,-0.008125439286231995,0.9773245453834534,0.9786454439163208,0.140625,working
L29_N11308,29,11308,lack_of_knowledge,lok_0065,1.7140750885009766,1.7266629934310913,0.012587904930114746,0.5101323127746582,0.5064729452133179,0.140625,working
L29_N11308,29,11308,lack_of_knowledge,lok_0066,0.12134631723165512,0.12161831557750702,0.0002719983458518982,0.9823613166809082,0.9823361039161682,0.140625,working
L29_N11308,29,11308,lack_of_knowledge,lok_0067,0.07675088942050934,0.07535817474126816,-0.0013927146792411804,0.9892773628234863,0.9894837737083435,0.140625,working
L29_N11308,29,11308,lack_of_knowledge,lok_0068,0.24031835794448853,0.24025563895702362,-6.271898746490479e-05,0.9557502865791321,0.955757737159729,0.140625,working
L29_N11308,29,11308,lack_of_knowledge,lok_0069,0.3301653265953064,0.33033645153045654,0.00017112493515014648,0.9304457902908325,0.9304273128509521,0.140625,working
L29_N11308,29,11308,lack_of_knowledge,lok_0070,0.3017212152481079,0.3042755722999573,0.0025543570518493652,0.935825526714325,0.9354667067527771,0.140625,working
L29_N11308,29,11308,lack_of_knowledge,lok_0071,1.8276312351226807,1.7964444160461426,-0.031186819076538086,0.4143259525299072,0.44191959500312805,0.140625,working
L29_N11308,29,11308,lack_of_knowledge,lok_0072,0.10167165100574493,0.09078244119882584,-0.010889209806919098,0.9856634140014648,0.9874191880226135,0.140625,working
L29_N11308,29,11308,lack_of_knowledge,lok_0073,1.624746561050415,1.6324999332427979,0.0077533721923828125,0.44494396448135376,0.4433932900428772,0.140625,working
L29_N11308,29,11308,lack_of_knowledge,lok_0074,0.12359865009784698,0.11245988309383392,-0.011138767004013062,0.9768452644348145,0.9794370532035828,0.140625,working
L29_N11308,29,11308,lack_of_knowledge,lok_0075,0.3614848554134369,0.3314899206161499,-0.029994934797286987,0.9369404911994934,0.9435046911239624,0.140625,working
L29_N11308,29,11308,lack_of_knowledge,lok_0076,0.40737903118133545,0.4428780674934387,0.03549903631210327,0.9014618992805481,0.8897580504417419,0.140625,working
L29_N11308,29,11308,lack_of_knowledge,lok_0077,0.16173917055130005,0.1474703550338745,-0.014268815517425537,0.9692423939704895,0.972652792930603,0.140625,working
L29_N11308,29,11308,lack_of_knowledge,lok_0078,0.3518255054950714,0.35221123695373535,0.00038573145866394043,0.93060702085495,0.9305575489997864,0.140625,working
L29_N11308,29,11308,lack_of_knowledge,lok_0079,0.22752390801906586,0.2289368361234665,0.0014129281044006348,0.9625696539878845,0.9623715877532959,0.140625,working
L29_N11308,29,11308,lack_of_knowledge,lok_0080,0.4599273204803467,0.4599907398223877,6.341934204101562e-05,0.889017641544342,0.8890066146850586,0.140625,working
L29_N11308,29,11308,lack_of_knowledge,lok_0081,0.22631503641605377,0.22654983401298523,0.00023479759693145752,0.9586161971092224,0.9585952758789062,0.140625,working
L29_N11308,29,11308,lack_of_knowledge,lok_0082,0.45729249715805054,0.45703810453414917,-0.0002543926239013672,0.9223835468292236,0.9224122762680054,0.140625,working
L29_N11308,29,11308,lack_of_knowledge,lok_0083,0.1748635172843933,0.17504818737506866,0.000184670090675354,0.9684038758277893,0.9683854579925537,0.140625,working
L29_N10191,29,10191,lack_of_knowledge,lok_0000,0.20110554993152618,0.2134394347667694,0.012333884835243225,0.9648526906967163,0.9621148109436035,0.12109375,working
L29_N10191,29,10191,lack_of_knowledge,lok_0001,0.4332544207572937,0.42383965849876404,-0.009414762258529663,0.9038903713226318,0.9059173464775085,0.12109375,working
L29_N10191,29,10191,lack_of_knowledge,lok_0002,2.212181568145752,2.2114336490631104,-0.0007479190826416016,0.349837988615036,0.3497459590435028,0.12109375,working
L29_N10191,29,10191,lack_of_knowledge,lok_0003,0.19303040206432343,0.2107345163822174,0.017704114317893982,0.9698035717010498,0.9663879871368408,0.12109375,working
L29_N10191,29,10191,lack_of_knowledge,lok_0004,0.2565121352672577,0.2552071809768677,-0.0013049542903900146,0.9500791430473328,0.9502312541007996,0.12109375,working
L29_N10191,29,10191,lack_of_knowledge,lok_0005,0.04979534447193146,0.047904595732688904,-0.0018907487392425537,0.9940529465675354,0.9943261742591858,0.12109375,working
L29_N10191,29,10191,lack_of_knowledge,lok_0006,0.28782111406326294,0.26313281059265137,-0.024688303470611572,0.9439740180969238,0.9500901103019714,0.12109375,working
L29_N10191,29,10191,lack_of_knowledge,lok_0007,0.25314441323280334,0.2511982321739197,-0.001946181058883667,0.9571183323860168,0.9573614597320557,0.12109375,working
L29_N10191,29,10191,lack_of_knowledge,lok_0008,0.2857697606086731,0.2827568054199219,-0.0030129551887512207,0.9495995044708252,0.9500320553779602,0.12109375,working
L29_N10191,29,10191,lack_of_knowledge,lok_0009,0.05977754294872284,0.05597246438264847,-0.0038050785660743713,0.9918352365493774,0.9924958944320679,0.12109375,working
L29_N10191,29,10191,lack_of_knowledge,lok_0010,0.531482994556427,0.49920815229415894,-0.032274842262268066,0.8459410667419434,0.8606279492378235,0.12109375,working
L29_N10191,29,10191,lack_of_knowledge,lok_0011,0.40922486782073975,0.3797141909599304,-0.029510676860809326,0.9050975441932678,0.9147177934646606,0.12109375,working
L29_N10191,29,10191,lack_of_knowledge,lok_0012,0.3550257086753845,0.34944647550582886,-0.005579233169555664,0.9349585771560669,0.9359930157661438,0.12109375,working
L29_N10191,29,10191,lack_of_knowledge,lok_0013,0.3046456575393677,0.3010822832584381,-0.0035633742809295654,0.9419756531715393,0.9425675272941589,0.12109375,working
L29_N10191,29,10191,lack_of_knowledge,lok_0014,0.2969912588596344,0.28003838658332825,-0.016952872276306152,0.9337840676307678,0.9396094679832458,0.12109375,working
L29_N10191,29,10191,lack_of_knowledge,lok_0015,0.10701310634613037,0.10743407905101776,0.00042097270488739014,0.9849071502685547,0.9848188161849976,0.12109375,working
L29_N10191,29,10191,lack_of_knowledge,lok_0016,0.3068767786026001,0.2879851460456848,-0.018891632556915283,0.945874810218811,0.9502456784248352,0.12109375,working
L29_N10191,29,10191,lack_of_knowledge,lok_0017,0.28523916006088257,0.2986092269420624,0.01337006688117981,0.9526596069335938,0.9499852061271667,0.12109375,working
L29_N10191,29,10191,lack_of_knowledge,lok_0018,0.3223433494567871,0.29239383339881897,-0.02994951605796814,0.9352149963378906,0.9425303936004639,0.12109375,working
L29_N10191,29,10191,lack_of_knowledge,lok_0019,0.44828683137893677,0.4519535005092621,0.0036666691303253174,0.902298629283905,0.9012031555175781,0.12109375,working
L29_N10191,29,10191,lack_of_knowledge,lok_0020,1.4864192008972168,1.4812308549880981,-0.005188345909118652,0.6630858778953552,0.666121244430542,0.12109375,working
L29_N10191,29,10191,lack_of_knowledge,lok_0021,0.654586672782898,0.6209923028945923,-0.033594369888305664,0.8547888398170471,0.8663246631622314,0.12109375,working
L29_N10191,29,10191,lack_of_knowledge,lok_0022,0.45833873748779297,0.49356651306152344,0.03522777557373047,0.9272456765174866,0.9199857115745544,0.12109375,working
L29_N10191,29,10191,lack_of_knowledge,lok_0023,0.4967544972896576,0.46945422887802124,-0.027300268411636353,0.8674667477607727,0.8788711428642273,0.12109375,working
L29_N10191,29,10191,lack_of_knowledge,lok_0024,0.33014941215515137,0.3243559002876282,-0.005793511867523193,0.9413917064666748,0.9426062107086182,0.12109375,working
L29_N10191,29,10191,lack_of_knowledge,lok_0025,0.05894475430250168,0.0635521188378334,0.004607364535331726,0.9927107095718384,0.9920654892921448,0.12109375,working
L29_N10191,29,10191,lack_of_knowledge,lok_0026,0.43050456047058105,0.41508132219314575,-0.015423238277435303,0.9134169220924377,0.9171205163002014,0.12109375,working
L29_N10191,29,10191,lack_of_knowledge,lok_0027,0.5749434232711792,0.5705452561378479,-0.004398167133331299,0.8946956396102905,0.8952727317810059,0.12109375,working
L29_N10191,29,10191,lack_of_knowledge,lok_0028,0.39689117670059204,0.4202662408351898,0.02337506413459778,0.9226692318916321,0.9164788722991943,0.12109375,working
L29_N10191,29,10191,lack_of_knowledge,lok_0029,0.24673333764076233,0.23301033675670624,-0.013723000884056091,0.96292644739151,0.9653723835945129,0.12109375,working
L29_N10191,29,10191,lack_of_knowledge,lok_0030,0.2515638768672943,0.24634724855422974,-0.005216628313064575,0.9552069306373596,0.9562833309173584,0.12109375,working
L29_N10191,29,10191,lack_of_knowledge,lok_0031,0.2685629725456238,0.2495923936367035,-0.018970578908920288,0.9510214328765869,0.9555655717849731,0.12109375,working
L29_N10191,29,10191,lack_of_knowledge,lok_0032,1.1113756895065308,1.0929044485092163,-0.018471240997314453,0.6924391984939575,0.6984015703201294,0.12109375,working
L29_N10191,29,10191,lack_of_knowledge,lok_0033,0.37497419118881226,0.4034818708896637,0.02850767970085144,0.9411258697509766,0.9356012940406799,0.12109375,working
L29_N10191,29,10191,lack_of_knowledge,lok_0034,0.07285558432340622,0.07292743772268295,7.18533992767334e-05,0.9903441071510315,0.9903358221054077,0.12109375,working
L29_N10191,29,10191,lack_of_knowledge,lok_0035,0.40538397431373596,0.43251678347587585,0.027132809162139893,0.9316344261169434,0.9258794784545898,0.12109375,working
L29_N10191,29,10191,lack_of_knowledge,lok_0036,1.115729570388794,1.1197447776794434,0.004015207290649414,0.7815503478050232,0.780695915222168,0.12109375,working
L29_N10191,29,10191,lack_of_knowledge,lok_0037,0.30958282947540283,0.30199480056762695,-0.007588028907775879,0.9307799935340881,0.9323509931564331,0.12109375,working
L29_N10191,29,10191,lack_of_knowledge,lok_0038,0.1659087985754013,0.18204449117183685,0.016135692596435547,0.9645332098007202,0.9600144028663635,0.12109375,working
L29_N10191,29,10191,lack_of_knowledge,lok_0039,0.5078685879707336,0.4631076753139496,-0.04476091265678406,0.8992130160331726,0.910106360912323,0.12109375,working
L29_N10191,29,10191,lack_of_knowledge,lok_0040,0.5482475757598877,0.5402315855026245,-0.008015990257263184,0.900646984577179,0.9021584987640381,0.12109375,working
L29_N10191,29,10191,lack_of_knowledge,lok_0041,0.03643523156642914,0.033985525369644165,-0.002449706196784973,0.9956062436103821,0.9959810972213745,0.12109375,working
L29_N10191,29,10191,lack_of_knowledge,lok_0042,0.33952444791793823,0.33187413215637207,-0.007650315761566162,0.9392896294593811,0.9410300254821777,0.12109375,working
L29_N10191,29,10191,lack_of_knowledge,lok_0043,0.27926892042160034,0.2724728286266327,-0.006796091794967651,0.9467795491218567,0.9483104348182678,0.12109375,working
L29_N10191,29,10191,lack_of_knowledge,lok_0044,0.32854658365249634,0.32794761657714844,-0.0005989670753479004,0.9407140612602234,0.9407687187194824,0.12109375,working
L29_N10191,29,10191,lack_of_knowledge,lok_0045,0.5207996368408203,0.4844713807106018,-0.036328256130218506,0.892455518245697,0.9026214480400085,0.12109375,working
L29_N10191,29,10191,lack_of_knowledge,lok_0046,0.42248761653900146,0.4209591746330261,-0.0015284419059753418,0.9220602512359619,0.9222350120544434,0.12109375,working
L29_N10191,29,10191,lack_of_knowledge,lok_0047,0.1028701514005661,0.1023084968328476,-0.0005616545677185059,0.9854632616043091,0.9855576157569885,0.12109375,working
L29_N10191,29,10191,lack_of_knowledge,lok_0048,1.2687811851501465,1.263129711151123,-0.0056514739990234375,0.6856839656829834,0.6864187121391296,0.12109375,working
L29_N10191,29,10191,lack_of_knowledge,lok_0049,0.035279445350170135,0.035315535962581635,3.6090612411499023e-05,0.9958128333091736,0.9958101511001587,0.12109375,working
L29_N10191,29,10191,lack_of_knowledge,lok_0050,0.5434882640838623,0.5531598925590515,0.009671628475189209,0.8769069910049438,0.8755281567573547,0.12109375,working
L29_N10191,29,10191,lack_of_knowledge,lok_0051,0.0269861351698637,0.026967724785208702,-1.841038465499878e-05,0.9969148635864258,0.9969159364700317,0.12109375,working
L29_N10191,29,10191,lack_of_knowledge,lok_0052,0.42821505665779114,0.39678049087524414,-0.031434565782547,0.9079897999763489,0.9172657132148743,0.12109375,working
L29_N10191,29,10191,lack_of_knowledge,lok_0053,0.41624367237091064,0.4338938593864441,0.017650187015533447,0.9203416705131531,0.9157466888427734,0.12109375,working
L29_N10191,29,10191,lack_of_knowledge,lok_0054,0.41559314727783203,0.40906524658203125,-0.006527900695800781,0.9082160592079163,0.9095328450202942,0.12109375,working
L29_N10191,29,10191,lack_of_knowledge,lok_0055,0.2971650958061218,0.3162603974342346,0.019095301628112793,0.9487175345420837,0.9444261193275452,0.12109375,working
L29_N10191,29,10191,lack_of_knowledge,lok_0056,0.356362521648407,0.34868162870407104,-0.0076808929443359375,0.9302420020103455,0.9315876960754395,0.12109375,working
L29_N10191,29,10191,lack_of_knowledge,lok_0057,0.12736442685127258,0.12396872043609619,-0.0033957064151763916,0.9807634353637695,0.9813225269317627,0.12109375,working
L29_N10191,29,10191,lack_of_knowledge,lok_0058,0.24059948325157166,0.23670850694179535,-0.003890976309776306,0.9544814229011536,0.9551103115081787,0.12109375,working
L29_N10191,29,10191,lack_of_knowledge,lok_0059,0.3113740384578705,0.28709572553634644,-0.024278312921524048,0.934109091758728,0.9410357475280762,0.12109375,working
L29_N10191,29,10191,lack_of_knowledge,lok_0060,0.2948303818702698,0.2698228061199188,-0.025007575750350952,0.9474383592605591,0.9530811905860901,0.12109375,working
L29_N10191,29,10191,lack_of_knowledge,lok_0061,0.28506845235824585,0.2630690336227417,-0.02199941873550415,0.9280197620391846,0.935754120349884,0.12109375,working
L29_N10191,29,10191,lack_of_knowledge,lok_0062,0.4876607060432434,0.46690332889556885,-0.02075737714767456,0.8918644189834595,0.8969340324401855,0.12109375,working
L29_N10191,29,10191,lack_of_knowledge,lok_0063,0.1913471519947052,0.17863786220550537,-0.012709289789199829,0.9631403088569641,0.966574490070343,0.12109375,working
L29_N10191,29,10191,lack_of_knowledge,lok_0064,0.1451702117919922,0.1409752368927002,-0.004194974899291992,0.9773245453834534,0.9779266715049744,0.12109375,working
L29_N10191,29,10191,lack_of_knowledge,lok_0065,1.7140750885009766,1.7242515087127686,0.010176420211791992,0.5101323127746582,0.5063467025756836,0.12109375,working
L29_N10191,29,10191,lack_of_knowledge,lok_0066,0.12134631723165512,0.12686268985271454,0.005516372621059418,0.9823613166809082,0.9815638065338135,0.12109375,working
L29_N10191,29,10191,lack_of_knowledge,lok_0067,0.07675088942050934,0.07076172530651093,-0.005989164113998413,0.9892773628234863,0.9903389811515808,0.12109375,working
L29_N10191,29,10191,lack_of_knowledge,lok_0068,0.24031835794448853,0.2275499701499939,-0.012768387794494629,0.9557502865791321,0.9587979912757874,0.12109375,working
L29_N10191,29,10191,lack_of_knowledge,lok_0069,0.3301653265953064,0.30388855934143066,-0.026276767253875732,0.9304457902908325,0.9378306269645691,0.12109375,working
L29_N10191,29,10191,lack_of_knowledge,lok_0070,0.3017212152481079,0.2970002293586731,-0.0047209858894348145,0.935825526714325,0.9369508624076843,0.12109375,working
L29_N10191,29,10191,lack_of_knowledge,lok_0071,1.8276312351226807,1.8231372833251953,-0.0044939517974853516,0.4143259525299072,0.42329534888267517,0.12109375,working
L29_N10191,29,10191,lack_of_knowledge,lok_0072,0.10167165100574493,0.08614420145750046,-0.015527449548244476,0.9856634140014648,0.9882951974868774,0.12109375,working
L29_N10191,29,10191,lack_of_knowledge,lok_0073,1.624746561050415,1.6003217697143555,-0.02442479133605957,0.44494396448135376,0.4495129883289337,0.12109375,working
L29_N10191,29,10191,lack_of_knowledge,lok_0074,0.12359865009784698,0.12234772741794586,-0.001250922679901123,0.9768452644348145,0.9770253896713257,0.12109375,working
L29_N10191,29,10191,lack_of_knowledge,lok_0075,0.3614848554134369,0.3567156195640564,-0.004769235849380493,0.9369404911994934,0.9377195239067078,0.12109375,working
L29_N10191,29,10191,lack_of_knowledge,lok_0076,0.40737903118133545,0.4217231869697571,0.01434415578842163,0.9014618992805481,0.8985423445701599,0.12109375,working
L29_N10191,29,10191,lack_of_knowledge,lok_0077,0.16173917055130005,0.1593027412891388,-0.002436429262161255,0.9692423939704895,0.9695996642112732,0.12109375,working
L29_N10191,29,10191,lack_of_knowledge,lok_0078,0.3518255054950714,0.33309611678123474,-0.01872938871383667,0.93060702085495,0.9361894130706787,0.12109375,working
L29_N10191,29,10191,lack_of_knowledge,lok_0079,0.22752390801906586,0.23083582520484924,0.0033119171857833862,0.9625696539878845,0.9621685743331909,0.12109375,working
L29_N10191,29,10191,lack_of_knowledge,lok_0080,0.4599273204803467,0.47567981481552124,0.01575249433517456,0.889017641544342,0.8849435448646545,0.12109375,working
L29_N10191,29,10191,lack_of_knowledge,lok_0081,0.22631503641605377,0.22314804792404175,-0.003166988492012024,0.9586161971092224,0.9591168761253357,0.12109375,working
L29_N10191,29,10191,lack_of_knowledge,lok_0082,0.45729249715805054,0.44343966245651245,-0.013852834701538086,0.9223835468292236,0.925176739692688,0.12109375,working
L29_N10191,29,10191,lack_of_knowledge,lok_0083,0.1748635172843933,0.1707221269607544,-0.004141390323638916,0.9684038758277893,0.9691123962402344,0.12109375,working
L31_N2477,31,2477,lack_of_knowledge,lok_0000,0.20110554993152618,0.21485131978988647,0.01374576985836029,0.9648526906967163,0.9618282318115234,0.0712890625,working
L31_N2477,31,2477,lack_of_knowledge,lok_0001,0.4332544207572937,0.4295828938484192,-0.0036715269088745117,0.9038903713226318,0.904334545135498,0.0712890625,working
L31_N2477,31,2477,lack_of_knowledge,lok_0002,2.212181568145752,2.221363067626953,0.009181499481201172,0.349837988615036,0.32711949944496155,0.0712890625,working
L31_N2477,31,2477,lack_of_knowledge,lok_0003,0.19303040206432343,0.20843106508255005,0.015400663018226624,0.9698035717010498,0.9666828513145447,0.0712890625,working
L31_N2477,31,2477,lack_of_knowledge,lok_0004,0.2565121352672577,0.25804978609085083,0.0015376508235931396,0.9500791430473328,0.9496090412139893,0.0712890625,working
L31_N2477,31,2477,lack_of_knowledge,lok_0005,0.04979534447193146,0.04766904562711716,-0.0021262988448143005,0.9940529465675354,0.9943417310714722,0.0712890625,working
L31_N2477,31,2477,lack_of_knowledge,lok_0006,0.28782111406326294,0.2688155174255371,-0.01900559663772583,0.9439740180969238,0.9489843845367432,0.0712890625,working
L31_N2477,31,2477,lack_of_knowledge,lok_0007,0.25314441323280334,0.2500709593296051,-0.003073453903198242,0.9571183323860168,0.9574843049049377,0.0712890625,working
L31_N2477,31,2477,lack_of_knowledge,lok_0008,0.2857697606086731,0.28035712242126465,-0.005412638187408447,0.9495995044708252,0.9503082036972046,0.0712890625,working
L31_N2477,31,2477,lack_of_knowledge,lok_0009,0.05977754294872284,0.05501814931631088,-0.004759393632411957,0.9918352365493774,0.9926170706748962,0.0712890625,working
L31_N2477,31,2477,lack_of_knowledge,lok_0010,0.531482994556427,0.5044175386428833,-0.0270654559135437,0.8459410667419434,0.8594298958778381,0.0712890625,working
L31_N2477,31,2477,lack_of_knowledge,lok_0011,0.40922486782073975,0.4034903645515442,-0.005734503269195557,0.9050975441932678,0.90589839220047,0.0712890625,working
L31_N2477,31,2477,lack_of_knowledge,lok_0012,0.3550257086753845,0.34700900316238403,-0.008016705513000488,0.9349585771560669,0.9363585710525513,0.0712890625,working
L31_N2477,31,2477,lack_of_knowledge,lok_0013,0.3046456575393677,0.29251670837402344,-0.012128949165344238,0.9419756531715393,0.9445642232894897,0.0712890625,working
L31_N2477,31,2477,lack_of_knowledge,lok_0014,0.2969912588596344,0.27962034940719604,-0.017370909452438354,0.9337840676307678,0.9396455883979797,0.0712890625,working
L31_N2477,31,2477,lack_of_knowledge,lok_0015,0.10701310634613037,0.10156510025262833,-0.005448006093502045,0.9849071502685547,0.9858006834983826,0.0712890625,working
L31_N2477,31,2477,lack_of_knowledge,lok_0016,0.3068767786026001,0.29791805148124695,-0.00895872712135315,0.945874810218811,0.9474454522132874,0.0712890625,working
L31_N2477,31,2477,lack_of_knowledge,lok_0017,0.28523916006088257,0.29575538635253906,0.010516226291656494,0.9526596069335938,0.9503970146179199,0.0712890625,working
L31_N2477,31,2477,lack_of_knowledge,lok_0018,0.3223433494567871,0.3179970979690552,-0.004346251487731934,0.9352149963378906,0.9357924461364746,0.0712890625,working
L31_N2477,31,2477,lack_of_knowledge,lok_0019,0.44828683137893677,0.4297998547554016,-0.018486976623535156,0.902298629283905,0.9086239337921143,0.0712890625,working
L31_N2477,31,2477,lack_of_knowledge,lok_0020,1.4864192008972168,1.5022437572479248,0.015824556350708008,0.6630858778953552,0.6606013774871826,0.0712890625,working
L31_N2477,31,2477,lack_of_knowledge,lok_0021,0.654586672782898,0.623316764831543,-0.03126990795135498,0.8547888398170471,0.8659083247184753,0.0712890625,working
L31_N2477,31,2477,lack_of_knowledge,lok_0022,0.45833873748779297,0.4518130123615265,-0.0065257251262664795,0.9272456765174866,0.927891731262207,0.0712890625,working
L31_N2477,31,2477,lack_of_knowledge,lok_0023,0.4967544972896576,0.4727514386177063,-0.024003058671951294,0.8674667477607727,0.8783032298088074,0.0712890625,working
L31_N2477,31,2477,lack_of_knowledge,lok_0024,0.33014941215515137,0.3226226568222046,-0.007526755332946777,0.9413917064666748,0.9428028464317322,0.0712890625,working
L31_N2477,31,2477,lack_of_knowledge,lok_0025,0.05894475430250168,0.05824306234717369,-0.0007016919553279877,0.9927107095718384,0.992774248123169,0.0712890625,working
L31_N2477,31,2477,lack_of_knowledge,lok_0026,0.43050456047058105,0.4141678512096405,-0.016336709260940552,0.9134169220924377,0.9171951413154602,0.0712890625,working
L31_N2477,31,2477,lack_of_knowledge,lok_0027,0.5749434232711792,0.5611152052879333,-0.01382821798324585,0.8946956396102905,0.896740198135376,0.0712890625,working
L31_N2477,31,2477,lack_of_knowledge,lok_0028,0.39689117670059204,0.3880971670150757,-0.008794009685516357,0.9226692318916321,0.9244867563247681,0.0712890625,working
L31_N2477,31,2477,lack_of_knowledge,lok_0029,0.24673333764076233,0.21615760028362274,-0.030575737357139587,0.96292644739151,0.9680554270744324,0.0712890625,working
L31_N2477,31,2477,lack_of_knowledge,lok_0030,0.2515638768672943,0.24580812454223633,-0.005755752325057983,0.9552069306373596,0.9563314914703369,0.0712890625,working
L31_N2477,31,2477,lack_of_knowledge,lok_0031,0.2685629725456238,0.25278353691101074,-0.015779435634613037,0.9510214328765869,0.9549617171287537,0.0712890625,working
L31_N2477,31,2477,lack_of_knowledge,lok_0032,1.1113756895065308,1.1073238849639893,-0.004051804542541504,0.6924391984939575,0.6928316950798035,0.0712890625,working
L31_N2477,31,2477,lack_of_knowledge,lok_0033,0.37497419118881226,0.4045810103416443,0.02960681915283203,0.9411258697509766,0.9352760910987854,0.0712890625,working
L31_N2477,31,2477,lack_of_knowledge,lok_0034,0.07285558432340622,0.07234536111354828,-0.0005102232098579407,0.9903441071510315,0.9903872609138489,0.0712890625,working
L31_N2477,31,2477,lack_of_knowledge,lok_0035,0.40538397431373596,0.3989384174346924,-0.006445556879043579,0.9316344261169434,0.9323543906211853,0.0712890625,working
L31_N2477,31,2477,lack_of_knowledge,lok_0036,1.115729570388794,1.0791714191436768,-0.03655815124511719,0.7815503478050232,0.7871078252792358,0.0712890625,working
L31_N2477,31,2477,lack_of_knowledge,lok_0037,0.30958282947540283,0.3078899383544922,-0.0016928911209106445,0.9307799935340881,0.9309688210487366,0.0712890625,working
L31_N2477,31,2477,lack_of_knowledge,lok_0038,0.1659087985754013,0.181243896484375,0.015335097908973694,0.9645332098007202,0.960112988948822,0.0712890625,working
L31_N2477,31,2477,lack_of_knowledge,lok_0039,0.5078685879707336,0.495850145816803,-0.012018442153930664,0.8992130160331726,0.9022809267044067,0.0712890625,working
L31_N2477,31,2477,lack_of_knowledge,lok_0040,0.5482475757598877,0.5431023240089417,-0.005145251750946045,0.900646984577179,0.90118807554245,0.0712890625,working
L31_N2477,31,2477,lack_of_knowledge,lok_0041,0.03643523156642914,0.03344154357910156,-0.0029936879873275757,0.9956062436103821,0.9960348010063171,0.0712890625,working
L31_N2477,31,2477,lack_of_knowledge,lok_0042,0.33952444791793823,0.32922446727752686,-0.010299980640411377,0.9392896294593811,0.9413633346557617,0.0712890625,working
L31_N2477,31,2477,lack_of_knowledge,lok_0043,0.27926892042160034,0.2782708406448364,-0.000998079776763916,0.9467795491218567,0.9468719959259033,0.0712890625,working
L31_N2477,31,2477,lack_of_knowledge,lok_0044,0.32854658365249634,0.3256676197052002,-0.0028789639472961426,0.9407140612602234,0.94107985496521,0.0712890625,working
L31_N2477,31,2477,lack_of_knowledge,lok_0045,0.5207996368408203,0.5135053992271423,-0.0072942376136779785,0.892455518245697,0.893665075302124,0.0712890625,working
L31_N2477,31,2477,lack_of_knowledge,lok_0046,0.42248761653900146,0.4193364977836609,-0.003151118755340576,0.9220602512359619,0.9224231839179993,0.0712890625,working
L31_N2477,31,2477,lack_of_knowledge,lok_0047,0.1028701514005661,0.09401648491621017,-0.008853666484355927,0.9854632616043091,0.9869630932807922,0.0712890625,working
L31_N2477,31,2477,lack_of_knowledge,lok_0048,1.2687811851501465,1.2454078197479248,-0.02337336540222168,0.6856839656829834,0.6885982751846313,0.0712890625,working
L31_N2477,31,2477,lack_of_knowledge,lok_0049,0.035279445350170135,0.03407296538352966,-0.0012064799666404724,0.9958128333091736,0.9959618449211121,0.0712890625,working
L31_N2477,31,2477,lack_of_knowledge,lok_0050,0.5434882640838623,0.5868579745292664,0.04336971044540405,0.8769069910049438,0.8631329536437988,0.0712890625,working
L31_N2477,31,2477,lack_of_knowledge,lok_0051,0.0269861351698637,0.025816431269049644,-0.0011697039008140564,0.9969148635864258,0.9970695972442627,0.0712890625,working
L31_N2477,31,2477,lack_of_knowledge,lok_0052,0.42821505665779114,0.40691593289375305,-0.021299123764038086,0.9079897999763489,0.9142856001853943,0.0712890625,working
L31_N2477,31,2477,lack_of_knowledge,lok_0053,0.41624367237091064,0.4050487279891968,-0.011194944381713867,0.9203416705131531,0.922500491142273,0.0712890625,working
L31_N2477,31,2477,lack_of_knowledge,lok_0054,0.41559314727783203,0.4075874984264374,-0.008005648851394653,0.9082160592079163,0.9097048044204712,0.0712890625,working
L31_N2477,31,2477,lack_of_knowledge,lok_0055,0.2971650958061218,0.32045984268188477,0.02329474687576294,0.9487175345420837,0.9432570934295654,0.0712890625,working
L31_N2477,31,2477,lack_of_knowledge,lok_0056,0.356362521648407,0.34705856442451477,-0.009303957223892212,0.9302420020103455,0.9317753911018372,0.0712890625,working
L31_N2477,31,2477,lack_of_knowledge,lok_0057,0.12736442685127258,0.12339989840984344,-0.003964528441429138,0.9807634353637695,0.9813713431358337,0.0712890625,working
L31_N2477,31,2477,lack_of_knowledge,lok_0058,0.24059948325157166,0.23975202441215515,-0.0008474588394165039,0.9544814229011536,0.9545638561248779,0.0712890625,working
L31_N2477,31,2477,lack_of_knowledge,lok_0059,0.3113740384578705,0.2858145833015442,-0.025559455156326294,0.934109091758728,0.9411912560462952,0.0712890625,working
L31_N2477,31,2477,lack_of_knowledge,lok_0060,0.2948303818702698,0.2827785611152649,-0.012051820755004883,0.9474383592605591,0.9497752785682678,0.0712890625,working
L31_N2477,31,2477,lack_of_knowledge,lok_0061,0.28506845235824585,0.28443872928619385,-0.000629723072052002,0.9280197620391846,0.9280767440795898,0.0712890625,working
L31_N2477,31,2477,lack_of_knowledge,lok_0062,0.4876607060432434,0.4800244867801666,-0.007636219263076782,0.8918644189834595,0.8931143879890442,0.0712890625,working
L31_N2477,31,2477,lack_of_knowledge,lok_0063,0.1913471519947052,0.18993183970451355,-0.0014153122901916504,0.9631403088569641,0.9633051753044128,0.0712890625,working
L31_N2477,31,2477,lack_of_knowledge,lok_0064,0.1451702117919922,0.14381837844848633,-0.0013518333435058594,0.9773245453834534,0.9774656295776367,0.0712890625,working
L31_N2477,31,2477,lack_of_knowledge,lok_0065,1.7140750885009766,1.6929212808609009,-0.021153807640075684,0.5101323127746582,0.5137308239936829,0.0712890625,working
L31_N2477,31,2477,lack_of_knowledge,lok_0066,0.12134631723165512,0.11704923957586288,-0.004297077655792236,0.9823613166809082,0.9829975366592407,0.0712890625,working
L31_N2477,31,2477,lack_of_knowledge,lok_0067,0.07675088942050934,0.07438300549983978,-0.0023678839206695557,0.9892773628234863,0.9895884990692139,0.0712890625,working
L31_N2477,31,2477,lack_of_knowledge,lok_0068,0.24031835794448853,0.229760080575943,-0.010558277368545532,0.9557502865791321,0.9583751559257507,0.0712890625,working
L31_N2477,31,2477,lack_of_knowledge,lok_0069,0.3301653265953064,0.3269691467285156,-0.0031961798667907715,0.9304457902908325,0.930829644203186,0.0712890625,working
L31_N2477,31,2477,lack_of_knowledge,lok_0070,0.3017212152481079,0.32132819294929504,0.019606977701187134,0.935825526714325,0.9296644926071167,0.0712890625,working
L31_N2477,31,2477,lack_of_knowledge,lok_0071,1.8276312351226807,1.8073968887329102,-0.020234346389770508,0.4143259525299072,0.4160047769546509,0.0712890625,working
L31_N2477,31,2477,lack_of_knowledge,lok_0072,0.10167165100574493,0.0954323261976242,-0.0062393248081207275,0.9856634140014648,0.9867801070213318,0.0712890625,working
L31_N2477,31,2477,lack_of_knowledge,lok_0073,1.624746561050415,1.5855827331542969,-0.039163827896118164,0.44494396448135376,0.4505193531513214,0.0712890625,working
L31_N2477,31,2477,lack_of_knowledge,lok_0074,0.12359865009784698,0.12223288416862488,-0.001365765929222107,0.9768452644348145,0.9770334362983704,0.0712890625,working
L31_N2477,31,2477,lack_of_knowledge,lok_0075,0.3614848554134369,0.3448423147201538,-0.01664254069328308,0.9369404911994934,0.9410247802734375,0.0712890625,working
L31_N2477,31,2477,lack_of_knowledge,lok_0076,0.40737903118133545,0.3865979313850403,-0.020781099796295166,0.9014618992805481,0.9094616770744324,0.0712890625,working
L31_N2477,31,2477,lack_of_knowledge,lok_0077,0.16173917055130005,0.15910854935646057,-0.0026306211948394775,0.9692423939704895,0.9696150422096252,0.0712890625,working
L31_N2477,31,2477,lack_of_knowledge,lok_0078,0.3518255054950714,0.3459373712539673,-0.005888134241104126,0.93060702085495,0.931347131729126,0.0712890625,working
L31_N2477,31,2477,lack_of_knowledge,lok_0079,0.22752390801906586,0.22483614087104797,-0.0026877671480178833,0.9625696539878845,0.9628950953483582,0.0712890625,working
L31_N2477,31,2477,lack_of_knowledge,lok_0080,0.4599273204803467,0.4582046866416931,-0.0017226338386535645,0.889017641544342,0.8891960382461548,0.0712890625,working
L31_N2477,31,2477,lack_of_knowledge,lok_0081,0.22631503641605377,0.2207212746143341,-0.0055937618017196655,0.9586161971092224,0.9594432711601257,0.0712890625,working
L31_N2477,31,2477,lack_of_knowledge,lok_0082,0.45729249715805054,0.4503287374973297,-0.006963759660720825,0.9223835468292236,0.9233008027076721,0.0712890625,working
L31_N2477,31,2477,lack_of_knowledge,lok_0083,0.1748635172843933,0.18907515704631805,0.014211639761924744,0.9684038758277893,0.9648647904396057,0.0712890625,working
L29_N8568,29,8568,lack_of_knowledge,lok_0000,0.20110554993152618,0.22397597134113312,0.022870421409606934,0.9648526906967163,0.9600136876106262,0.11474609375,working
L29_N8568,29,8568,lack_of_knowledge,lok_0001,0.4332544207572937,0.4332544207572937,0.0,0.9038903713226318,0.9038903713226318,0.11474609375,working
L29_N8568,29,8568,lack_of_knowledge,lok_0002,2.212181568145752,2.219510793685913,0.007329225540161133,0.349837988615036,0.347957968711853,0.11474609375,working
L29_N8568,29,8568,lack_of_knowledge,lok_0003,0.19303040206432343,0.1914127767086029,-0.00161762535572052,0.9698035717010498,0.9701003432273865,0.11474609375,working
L29_N8568,29,8568,lack_of_knowledge,lok_0004,0.2565121352672577,0.25657403469085693,6.189942359924316e-05,0.9500791430473328,0.9500733613967896,0.11474609375,working
L29_N8568,29,8568,lack_of_knowledge,lok_0005,0.04979534447193146,0.049892082810401917,9.673833847045898e-05,0.9940529465675354,0.99404376745224,0.11474609375,working
L29_N8568,29,8568,lack_of_knowledge,lok_0006,0.28782111406326294,0.2755346894264221,-0.01228642463684082,0.9439740180969238,0.9475768804550171,0.11474609375,working
L29_N8568,29,8568,lack_of_knowledge,lok_0007,0.25314441323280334,0.2531857192516327,4.13060188293457e-05,0.9571183323860168,0.9571160078048706,0.11474609375,working
L29_N8568,29,8568,lack_of_knowledge,lok_0008,0.2857697606086731,0.2846745252609253,-0.0010952353477478027,0.9495995044708252,0.9497430920600891,0.11474609375,working
L29_N8568,29,8568,lack_of_knowledge,lok_0009,0.05977754294872284,0.05969971790909767,-7.782503962516785e-05,0.9918352365493774,0.9918422698974609,0.11474609375,working
L29_N8568,29,8568,lack_of_knowledge,lok_0010,0.531482994556427,0.5315474271774292,6.443262100219727e-05,0.8459410667419434,0.8459327816963196,0.11474609375,working
L29_N8568,29,8568,lack_of_knowledge,lok_0011,0.40922486782073975,0.40933650732040405,0.00011163949966430664,0.9050975441932678,0.9050856232643127,0.11474609375,working
L29_N8568,29,8568,lack_of_knowledge,lok_0012,0.3550257086753845,0.3498026132583618,-0.005223095417022705,0.9349585771560669,0.935961127281189,0.11474609375,working
L29_N8568,29,8568,lack_of_knowledge,lok_0013,0.3046456575393677,0.3046416640281677,-3.993511199951172e-06,0.9419756531715393,0.9419758915901184,0.11474609375,working
L29_N8568,29,8568,lack_of_knowledge,lok_0014,0.2969912588596344,0.2801074981689453,-0.016883760690689087,0.9337840676307678,0.9396033883094788,0.11474609375,working
L29_N8568,29,8568,lack_of_knowledge,lok_0015,0.10701310634613037,0.1112154871225357,0.0042023807764053345,0.9849071502685547,0.9841852784156799,0.11474609375,working
L29_N8568,29,8568,lack_of_knowledge,lok_0016,0.3068767786026001,0.3070971369743347,0.00022035837173461914,0.945874810218811,0.9458471536636353,0.11474609375,working
L29_N8568,29,8568,lack_of_knowledge,lok_0017,0.28523916006088257,0.2851606607437134,-7.849931716918945e-05,0.9526596069335938,0.9526664018630981,0.11474609375,working
L29_N8568,29,8568,lack_of_knowledge,lok_0018,0.3223433494567871,0.2939320206642151,-0.02841132879257202,0.9352149963378906,0.9423532485961914,0.11474609375,working
L29_N8568,29,8568,lack_of_knowledge,lok_0019,0.44828683137893677,0.4953312873840332,0.047044456005096436,0.902298629283905,0.8890314102172852,0.11474609375,working
L29_N8568,29,8568,lack_of_knowledge,lok_0020,1.4864192008972168,1.489516258239746,0.003097057342529297,0.6630858778953552,0.6627688407897949,0.11474609375,working
L29_N8568,29,8568,lack_of_knowledge,lok_0021,0.654586672782898,0.6553676724433899,0.0007809996604919434,0.8547888398170471,0.8546819686889648,0.11474609375,working
L29_N8568,29,8568,lack_of_knowledge,lok_0022,0.45833873748779297,0.45799365639686584,-0.000345081090927124,0.9272456765174866,0.927284836769104,0.11474609375,working
L29_N8568,29,8568,lack_of_knowledge,lok_0023,0.4967544972896576,0.49676841497421265,1.3917684555053711e-05,0.8674667477607727,0.8674653768539429,0.11474609375,working
L29_N8568,29,8568,lack_of_knowledge,lok_0024,0.33014941215515137,0.33413809537887573,0.003988683223724365,0.9413917064666748,0.9405935406684875,0.11474609375,working
L29_N8568,29,8568,lack_of_knowledge,lok_0025,0.05894475430250168,0.05892019346356392,-2.45608389377594e-05,0.9927107095718384,0.9927127957344055,0.11474609375,working
L29_N8568,29,8568,lack_of_knowledge,lok_0026,0.43050456047058105,0.42964765429496765,-0.0008569061756134033,0.9134169220924377,0.9135550856590271,0.11474609375,working
L29_N8568,29,8568,lack_of_knowledge,lok_0027,0.5749434232711792,0.5769413709640503,0.0019979476928710938,0.8946956396102905,0.8944119215011597,0.11474609375,working
L29_N8568,29,8568,lack_of_knowledge,lok_0028,0.39689117670059204,0.3896433711051941,-0.007247805595397949,0.9226692318916321,0.9243414998054504,0.11474609375,working
L29_N8568,29,8568,lack_of_knowledge,lok_0029,0.24673333764076233,0.24401475489139557,-0.0027185827493667603,0.96292644739151,0.9633885025978088,0.11474609375,working
L29_N8568,29,8568,lack_of_knowledge,lok_0030,0.2515638768672943,0.2514984905719757,-6.538629531860352e-05,0.9552069306373596,0.9552131295204163,0.11474609375,working
L29_N8568,29,8568,lack_of_knowledge,lok_0031,0.2685629725456238,0.27289652824401855,0.004333555698394775,0.9510214328765869,0.9501814842224121,0.11474609375,working
L29_N8568,29,8568,lack_of_knowledge,lok_0032,1.1113756895065308,1.128077507019043,0.016701817512512207,0.6924391984939575,0.686707079410553,0.11474609375,working
L29_N8568,29,8568,lack_of_knowledge,lok_0033,0.37497419118881226,0.37567591667175293,0.0007017254829406738,0.9411258697509766,0.9410249590873718,0.11474609375,working
L29_N8568,29,8568,lack_of_knowledge,lok_0034,0.07285558432340622,0.07285308837890625,-2.4959444999694824e-06,0.9903441071510315,0.9903441071510315,0.11474609375,working
L29_N8568,29,8568,lack_of_knowledge,lok_0035,0.40538397431373596,0.4044942259788513,-0.0008897483348846436,0.9316344261169434,0.9317718744277954,0.11474609375,working
L29_N8568,29,8568,lack_of_knowledge,lok_0036,1.115729570388794,1.1158485412597656,0.00011897087097167969,0.7815503478050232,0.7814677953720093,0.11474609375,working
L29_N8568,29,8568,lack_of_knowledge,lok_0037,0.30958282947540283,0.3279384672641754,0.018355637788772583,0.9307799935340881,0.9242657423019409,0.11474609375,working
L29_N8568,29,8568,lack_of_knowledge,lok_0038,0.1659087985754013,0.17981114983558655,0.013902351260185242,0.9645332098007202,0.9603161215782166,0.11474609375,working
L29_N8568,29,8568,lack_of_knowledge,lok_0039,0.5078685879707336,0.5118143558502197,0.003945767879486084,0.8992130160331726,0.898494303226471,0.11474609375,working
L29_N8568,29,8568,lack_of_knowledge,lok_0040,0.5482475757598877,0.5475099086761475,-0.0007376670837402344,0.900646984577179,0.9007546305656433,0.11474609375,working
L29_N8568,29,8568,lack_of_knowledge,lok_0041,0.03643523156642914,0.03496100753545761,-0.001474224030971527,0.9956062436103821,0.9958498477935791,0.11474609375,working
L29_N8568,29,8568,lack_of_knowledge,lok_0042,0.33952444791793823,0.3393446207046509,-0.00017982721328735352,0.9392896294593811,0.9393101334571838,0.11474609375,working
L29_N8568,29,8568,lack_of_knowledge,lok_0043,0.27926892042160034,0.279230535030365,-3.838539123535156e-05,0.9467795491218567,0.9467834234237671,0.11474609375,working
L29_N8568,29,8568,lack_of_knowledge,lok_0044,0.32854658365249634,0.32839906215667725,-0.0001475214958190918,0.9407140612602234,0.9407291412353516,0.11474609375,working
L29_N8568,29,8568,lack_of_knowledge,lok_0045,0.5207996368408203,0.5207456350326538,-5.4001808166503906e-05,0.892455518245697,0.8924598097801208,0.11474609375,working
L29_N8568,29,8568,lack_of_knowledge,lok_0046,0.42248761653900146,0.42392054200172424,0.0014329254627227783,0.9220602512359619,0.9218703508377075,0.11474609375,working
L29_N8568,29,8568,lack_of_knowledge,lok_0047,0.1028701514005661,0.10393711924552917,0.0010669678449630737,0.9854632616043091,0.9853089451789856,0.11474609375,working
L29_N8568,29,8568,lack_of_knowledge,lok_0048,1.2687811851501465,1.2840194702148438,0.015238285064697266,0.6856839656829834,0.6693027019500732,0.11474609375,working
L29_N8568,29,8568,lack_of_knowledge,lok_0049,0.035279445350170135,0.035277143120765686,-2.302229404449463e-06,0.9958128333091736,0.9958133101463318,0.11474609375,working
L29_N8568,29,8568,lack_of_knowledge,lok_0050,0.5434882640838623,0.5740441083908081,0.0305558443069458,0.8769069910049438,0.8684661984443665,0.11474609375,working
L29_N8568,29,8568,lack_of_knowledge,lok_0051,0.0269861351698637,0.027441225945949554,0.0004550907760858536,0.9969148635864258,0.9968528151512146,0.11474609375,working
L29_N8568,29,8568,lack_of_knowledge,lok_0052,0.42821505665779114,0.4099949896335602,-0.018220067024230957,0.9079897999763489,0.9139028191566467,0.11474609375,working
L29_N8568,29,8568,lack_of_knowledge,lok_0053,0.41624367237091064,0.4119955897331238,-0.004248082637786865,0.9203416705131531,0.9212028980255127,0.11474609375,working
L29_N8568,29,8568,lack_of_knowledge,lok_0054,0.41559314727783203,0.40987253189086914,-0.005720615386962891,0.9082160592079163,0.9094552397727966,0.11474609375,working
L29_N8568,29,8568,lack_of_knowledge,lok_0055,0.2971650958061218,0.2971650958061218,0.0,0.9487175345420837,0.9487175345420837,0.11474609375,working
L29_N8568,29,8568,lack_of_knowledge,lok_0056,0.356362521648407,0.3517119288444519,-0.004650592803955078,0.9302420020103455,0.9311679601669312,0.11474609375,working
L29_N8568,29,8568,lack_of_knowledge,lok_0057,0.12736442685127258,0.1273328959941864,-3.153085708618164e-05,0.9807634353637695,0.9807659387588501,0.11474609375,working
L29_N8568,29,8568,lack_of_knowledge,lok_0058,0.24059948325157166,0.2406558245420456,5.634129047393799e-05,0.9544814229011536,0.9544755816459656,0.11474609375,working
L29_N8568,29,8568,lack_of_knowledge,lok_0059,0.3113740384578705,0.2958366274833679,-0.015537410974502563,0.934109091758728,0.9392482042312622,0.11474609375,working
L29_N8568,29,8568,lack_of_knowledge,lok_0060,0.2948303818702698,0.2951778769493103,0.00034749507904052734,0.9474383592605591,0.9474024176597595,0.11474609375,working
L29_N8568,29,8568,lack_of_knowledge,lok_0061,0.28506845235824585,0.2859201431274414,0.0008516907691955566,0.9280197620391846,0.9279004335403442,0.11474609375,working
L29_N8568,29,8568,lack_of_knowledge,lok_0062,0.4876607060432434,0.48166728019714355,-0.0059934258460998535,0.8918644189834595,0.8929474353790283,0.11474609375,working
L29_N8568,29,8568,lack_of_knowledge,lok_0063,0.1913471519947052,0.1913316249847412,-1.5527009963989258e-05,0.9631403088569641,0.9631416201591492,0.11474609375,working
L29_N8568,29,8568,lack_of_knowledge,lok_0064,0.1451702117919922,0.15089458227157593,0.00572437047958374,0.9773245453834534,0.9759776592254639,0.11474609375,working
L29_N8568,29,8568,lack_of_knowledge,lok_0065,1.7140750885009766,1.712652564048767,-0.0014225244522094727,0.5101323127746582,0.5219332575798035,0.11474609375,working
L29_N8568,29,8568,lack_of_knowledge,lok_0066,0.12134631723165512,0.11627824604511261,-0.005068071186542511,0.9823613166809082,0.9833369851112366,0.11474609375,working
L29_N8568,29,8568,lack_of_knowledge,lok_0067,0.07675088942050934,0.07534877210855484,-0.0014021173119544983,0.9892773628234863,0.9894780516624451,0.11474609375,working
L29_N8568,29,8568,lack_of_knowledge,lok_0068,0.24031835794448853,0.24025869369506836,-5.9664249420166016e-05,0.9557502865791321,0.9557554125785828,0.11474609375,working
L29_N8568,29,8568,lack_of_knowledge,lok_0069,0.3301653265953064,0.32976508140563965,-0.00040024518966674805,0.9304457902908325,0.9304892420768738,0.11474609375,working
L29_N8568,29,8568,lack_of_knowledge,lok_0070,0.3017212152481079,0.29593825340270996,-0.005782961845397949,0.935825526714325,0.9371169209480286,0.11474609375,working
L29_N8568,29,8568,lack_of_knowledge,lok_0071,1.8276312351226807,1.8262503147125244,-0.00138092041015625,0.4143259525299072,0.4144185185432434,0.11474609375,working
L29_N8568,29,8568,lack_of_knowledge,lok_0072,0.10167165100574493,0.10163240134716034,-3.9249658584594727e-05,0.9856634140014648,0.9856663346290588,0.11474609375,working
L29_N8568,29,8568,lack_of_knowledge,lok_0073,1.624746561050415,1.6226763725280762,-0.002070188522338867,0.44494396448135376,0.44509100914001465,0.11474609375,working
L29_N8568,29,8568,lack_of_knowledge,lok_0074,0.12359865009784698,0.12240756303071976,-0.0011910870671272278,0.9768452644348145,0.977020263671875,0.11474609375,working
L29_N8568,29,8568,lack_of_knowledge,lok_0075,0.3614848554134369,0.36256107687950134,0.0010762214660644531,0.9369404911994934,0.936793863773346,0.11474609375,working
L29_N8568,29,8568,lack_of_knowledge,lok_0076,0.40737903118133545,0.442228764295578,0.034849733114242554,0.9014618992805481,0.8898273706436157,0.11474609375,working
L29_N8568,29,8568,lack_of_knowledge,lok_0077,0.16173917055130005,0.16189821064472198,0.00015904009342193604,0.9692423939704895,0.9692257046699524,0.11474609375,working
L29_N8568,29,8568,lack_of_knowledge,lok_0078,0.3518255054950714,0.3531191647052765,0.0012936592102050781,0.93060702085495,0.9304412603378296,0.11474609375,working
L29_N8568,29,8568,lack_of_knowledge,lok_0079,0.22752390801906586,0.22744855284690857,-7.53551721572876e-05,0.9625696539878845,0.9625766277313232,0.11474609375,working
L29_N8568,29,8568,lack_of_knowledge,lok_0080,0.4599273204803467,0.4601888060569763,0.00026148557662963867,0.889017641544342,0.8889878988265991,0.11474609375,working
L29_N8568,29,8568,lack_of_knowledge,lok_0081,0.22631503641605377,0.2260361611843109,-0.0002788752317428589,0.9586161971092224,0.9586467742919922,0.11474609375,working
L29_N8568,29,8568,lack_of_knowledge,lok_0082,0.45729249715805054,0.45729249715805054,0.0,0.9223835468292236,0.9223835468292236,0.11474609375,working
L29_N8568,29,8568,lack_of_knowledge,lok_0083,0.1748635172843933,0.1749354600906372,7.194280624389648e-05,0.9684038758277893,0.9683972001075745,0.11474609375,working
L26_N2788,26,2788,lack_of_knowledge,lok_0000,0.20110554993152618,0.20356257259845734,0.0024570226669311523,0.9648526906967163,0.964467465877533,0.11474609375,working
L26_N2788,26,2788,lack_of_knowledge,lok_0001,0.4332544207572937,0.43745332956314087,0.004198908805847168,0.9038903713226318,0.9031056761741638,0.11474609375,working
L26_N2788,26,2788,lack_of_knowledge,lok_0002,2.212181568145752,2.227519989013672,0.015338420867919922,0.349837988615036,0.3471253216266632,0.11474609375,working
L26_N2788,26,2788,lack_of_knowledge,lok_0003,0.19303040206432343,0.2121300995349884,0.019099697470664978,0.9698035717010498,0.9662341475486755,0.11474609375,working
L26_N2788,26,2788,lack_of_knowledge,lok_0004,0.2565121352672577,0.25655052065849304,3.838539123535156e-05,0.9500791430473328,0.9500790238380432,0.11474609375,working
L26_N2788,26,2788,lack_of_knowledge,lok_0005,0.04979534447193146,0.04987318068742752,7.783621549606323e-05,0.9940529465675354,0.9940471649169922,0.11474609375,working
L26_N2788,26,2788,lack_of_knowledge,lok_0006,0.28782111406326294,0.26979121565818787,-0.018029898405075073,0.9439740180969238,0.9488909840583801,0.11474609375,working
L26_N2788,26,2788,lack_of_knowledge,lok_0007,0.25314441323280334,0.2532440423965454,9.962916374206543e-05,0.9571183323860168,0.9571138620376587,0.11474609375,working
L26_N2788,26,2788,lack_of_knowledge,lok_0008,0.2857697606086731,0.28515857458114624,-0.0006111860275268555,0.9495995044708252,0.9496848583221436,0.11474609375,working
L26_N2788,26,2788,lack_of_knowledge,lok_0009,0.05977754294872284,0.0597735233604908,-4.019588232040405e-06,0.9918352365493774,0.9918355941772461,0.11474609375,working
L26_N2788,26,2788,lack_of_knowledge,lok_0010,0.531482994556427,0.5295515656471252,-0.0019314289093017578,0.8459410667419434,0.8462519645690918,0.11474609375,working
L26_N2788,26,2788,lack_of_knowledge,lok_0011,0.40922486782073975,0.4102572202682495,0.0010323524475097656,0.9050975441932678,0.904979407787323,0.11474609375,working
L26_N2788,26,2788,lack_of_knowledge,lok_0012,0.3550257086753845,0.35672590136528015,0.0017001926898956299,0.9349585771560669,0.9345299601554871,0.11474609375,working
L26_N2788,26,2788,lack_of_knowledge,lok_0013,0.3046456575393677,0.3038051426410675,-0.0008405148983001709,0.9419756531715393,0.9421157240867615,0.11474609375,working
L26_N2788,26,2788,lack_of_knowledge,lok_0014,0.2969912588596344,0.296899676322937,-9.15825366973877e-05,0.9337840676307678,0.9337936043739319,0.11474609375,working
L26_N2788,26,2788,lack_of_knowledge,lok_0015,0.10701310634613037,0.1042705774307251,-0.0027425289154052734,0.9849071502685547,0.9854192733764648,0.11474609375,working
L26_N2788,26,2788,lack_of_knowledge,lok_0016,0.3068767786026001,0.3066263794898987,-0.000250399112701416,0.945874810218811,0.9459151029586792,0.11474609375,working
L26_N2788,26,2788,lack_of_knowledge,lok_0017,0.28523916006088257,0.30768924951553345,0.02245008945465088,0.9526596069335938,0.9483913779258728,0.11474609375,working
L26_N2788,26,2788,lack_of_knowledge,lok_0018,0.3223433494567871,0.2938483953475952,-0.028494954109191895,0.9352149963378906,0.9423617124557495,0.11474609375,working
L26_N2788,26,2788,lack_of_knowledge,lok_0019,0.44828683137893677,0.4900161027908325,0.04172927141189575,0.902298629283905,0.8904935717582703,0.11474609375,working
L26_N2788,26,2788,lack_of_knowledge,lok_0020,1.4864192008972168,1.4679741859436035,-0.01844501495361328,0.6630858778953552,0.6744728684425354,0.11474609375,working
L26_N2788,26,2788,lack_of_knowledge,lok_0021,0.654586672782898,0.6487158536911011,-0.005870819091796875,0.8547888398170471,0.8568939566612244,0.11474609375,working
L26_N2788,26,2788,lack_of_knowledge,lok_0022,0.45833873748779297,0.45956987142562866,0.0012311339378356934,0.9272456765174866,0.9270969033241272,0.11474609375,working
L26_N2788,26,2788,lack_of_knowledge,lok_0023,0.4967544972896576,0.460124135017395,-0.03663036227226257,0.8674667477607727,0.881094753742218,0.11474609375,working
L26_N2788,26,2788,lack_of_knowledge,lok_0024,0.33014941215515137,0.3286932110786438,-0.0014562010765075684,0.9413917064666748,0.9417737126350403,0.11474609375,working
L26_N2788,26,2788,lack_of_knowledge,lok_0025,0.05894475430250168,0.06566007435321808,0.0067153200507164,0.9927107095718384,0.9917531609535217,0.11474609375,working
L26_N2788,26,2788,lack_of_knowledge,lok_0026,0.43050456047058105,0.42172735929489136,-0.008777201175689697,0.9134169220924377,0.9159339070320129,0.11474609375,working
L26_N2788,26,2788,lack_of_knowledge,lok_0027,0.5749434232711792,0.5766720175743103,0.0017285943031311035,0.8946956396102905,0.8944675922393799,0.11474609375,working
L26_N2788,26,2788,lack_of_knowledge,lok_0028,0.39689117670059204,0.3906547427177429,-0.006236433982849121,0.9226692318916321,0.9242358803749084,0.11474609375,working
L26_N2788,26,2788,lack_of_knowledge,lok_0029,0.24673333764076233,0.24631978571414948,-0.000413551926612854,0.96292644739151,0.9630194306373596,0.11474609375,working
L26_N2788,26,2788,lack_of_knowledge,lok_0030,0.2515638768672943,0.25153928995132446,-2.4586915969848633e-05,0.9552069306373596,0.9552109241485596,0.11474609375,working
L26_N2788,26,2788,lack_of_knowledge,lok_0031,0.2685629725456238,0.26878583431243896,0.00022286176681518555,0.9510214328765869,0.9510003924369812,0.11474609375,working
L26_N2788,26,2788,lack_of_knowledge,lok_0032,1.1113756895065308,1.1147475242614746,0.0033718347549438477,0.6924391984939575,0.6919703483581543,0.11474609375,working
L26_N2788,26,2788,lack_of_knowledge,lok_0033,0.37497419118881226,0.41497746109962463,0.04000326991081238,0.9411258697509766,0.9336040616035461,0.11474609375,working
L26_N2788,26,2788,lack_of_knowledge,lok_0034,0.07285558432340622,0.07277869433164597,-7.68899917602539e-05,0.9903441071510315,0.9903516173362732,0.11474609375,working
L26_N2788,26,2788,lack_of_knowledge,lok_0035,0.40538397431373596,0.4085155129432678,0.0031315386295318604,0.9316344261169434,0.9311093688011169,0.11474609375,working
L26_N2788,26,2788,lack_of_knowledge,lok_0036,1.115729570388794,1.11507248878479,-0.0006570816040039062,0.7815503478050232,0.7815487384796143,0.11474609375,working
L26_N2788,26,2788,lack_of_knowledge,lok_0037,0.30958282947540283,0.3100953996181488,0.0005125701427459717,0.9307799935340881,0.9307234883308411,0.11474609375,working
L26_N2788,26,2788,lack_of_knowledge,lok_0038,0.1659087985754013,0.1822323203086853,0.016323521733283997,0.9645332098007202,0.9599982500076294,0.11474609375,working
L26_N2788,26,2788,lack_of_knowledge,lok_0039,0.5078685879707336,0.5093898773193359,0.001521289348602295,0.8992130160331726,0.8989846110343933,0.11474609375,working
L26_N2788,26,2788,lack_of_knowledge,lok_0040,0.5482475757598877,0.5455195307731628,-0.0027280449867248535,0.900646984577179,0.9009785652160645,0.11474609375,working
L26_N2788,26,2788,lack_of_knowledge,lok_0041,0.03643523156642914,0.03805169090628624,0.0016164593398571014,0.9956062436103821,0.995438277721405,0.11474609375,working
L26_N2788,26,2788,lack_of_knowledge,lok_0042,0.33952444791793823,0.3326881527900696,-0.006836295127868652,0.9392896294593811,0.9409526586532593,0.11474609375,working
L26_N2788,26,2788,lack_of_knowledge,lok_0043,0.27926892042160034,0.29181692004203796,0.012547999620437622,0.9467795491218567,0.9431478381156921,0.11474609375,working
L26_N2788,26,2788,lack_of_knowledge,lok_0044,0.32854658365249634,0.3262994587421417,-0.0022471249103546143,0.9407140612602234,0.9410334229469299,0.11474609375,working
L26_N2788,26,2788,lack_of_knowledge,lok_0045,0.5207996368408203,0.527448832988739,0.006649196147918701,0.892455518245697,0.8912867307662964,0.11474609375,working
L26_N2788,26,2788,lack_of_knowledge,lok_0046,0.42248761653900146,0.4349707365036011,0.01248311996459961,0.9220602512359619,0.9188004732131958,0.11474609375,working
L26_N2788,26,2788,lack_of_knowledge,lok_0047,0.1028701514005661,0.09991501271724701,-0.002955138683319092,0.9854632616043091,0.9859199523925781,0.11474609375,working
L26_N2788,26,2788,lack_of_knowledge,lok_0048,1.2687811851501465,1.2670183181762695,-0.0017628669738769531,0.6856839656829834,0.6858780384063721,0.11474609375,working
L26_N2788,26,2788,lack_of_knowledge,lok_0049,0.035279445350170135,0.03524743765592575,-3.2007694244384766e-05,0.9958128333091736,0.9958165287971497,0.11474609375,working
L26_N2788,26,2788,lack_of_knowledge,lok_0050,0.5434882640838623,0.5758643746376038,0.032376110553741455,0.8769069910049438,0.8682103157043457,0.11474609375,working
L26_N2788,26,2788,lack_of_knowledge,lok_0051,0.0269861351698637,0.02695675939321518,-2.9375776648521423e-05,0.9969148635864258,0.9969172477722168,0.11474609375,working
L26_N2788,26,2788,lack_of_knowledge,lok_0052,0.42821505665779114,0.43668892979621887,0.008473873138427734,0.9079897999763489,0.906835675239563,0.11474609375,working
L26_N2788,26,2788,lack_of_knowledge,lok_0053,0.41624367237091064,0.4119257926940918,-0.004317879676818848,0.9203416705131531,0.9212220907211304,0.11474609375,working
L26_N2788,26,2788,lack_of_knowledge,lok_0054,0.41559314727783203,0.41197848320007324,-0.003614664077758789,0.9082160592079163,0.9091240167617798,0.11474609375,working
L26_N2788,26,2788,lack_of_knowledge,lok_0055,0.2971650958061218,0.3266106843948364,0.0294455885887146,0.9487175345420837,0.9423816204071045,0.11474609375,working
L26_N2788,26,2788,lack_of_knowledge,lok_0056,0.356362521648407,0.35087552666664124,-0.005486994981765747,0.9302420020103455,0.9312938451766968,0.11474609375,working
L26_N2788,26,2788,lack_of_knowledge,lok_0057,0.12736442685127258,0.1283491849899292,0.0009847581386566162,0.9807634353637695,0.9806037545204163,0.11474609375,working
L26_N2788,26,2788,lack_of_knowledge,lok_0058,0.24059948325157166,0.242520272731781,0.0019207894802093506,0.9544814229011536,0.9541827440261841,0.11474609375,working
L26_N2788,26,2788,lack_of_knowledge,lok_0059,0.3113740384578705,0.29584160447120667,-0.015532433986663818,0.934109091758728,0.9392448663711548,0.11474609375,working
L26_N2788,26,2788,lack_of_knowledge,lok_0060,0.2948303818702698,0.29498112201690674,0.0001507401466369629,0.9474383592605591,0.9474258422851562,0.11474609375,working
L26_N2788,26,2788,lack_of_knowledge,lok_0061,0.28506845235824585,0.28505605459213257,-1.239776611328125e-05,0.9280197620391846,0.9280234575271606,0.11474609375,working
L26_N2788,26,2788,lack_of_knowledge,lok_0062,0.4876607060432434,0.4829336702823639,-0.004727035760879517,0.8918644189834595,0.8927504420280457,0.11474609375,working
L26_N2788,26,2788,lack_of_knowledge,lok_0063,0.1913471519947052,0.1914341300725937,8.697807788848877e-05,0.9631403088569641,0.9631333351135254,0.11474609375,working
L26_N2788,26,2788,lack_of_knowledge,lok_0064,0.1451702117919922,0.14524051547050476,7.030367851257324e-05,0.9773245453834534,0.9773164391517639,0.11474609375,working
L26_N2788,26,2788,lack_of_knowledge,lok_0065,1.7140750885009766,1.7300053834915161,0.01593029499053955,0.5101323127746582,0.5057014226913452,0.11474609375,working
L26_N2788,26,2788,lack_of_knowledge,lok_0066,0.12134631723165512,0.12127546966075897,-7.084757089614868e-05,0.9823613166809082,0.9823675155639648,0.11474609375,working
L26_N2788,26,2788,lack_of_knowledge,lok_0067,0.07675088942050934,0.0767751932144165,2.4303793907165527e-05,0.9892773628234863,0.9892762899398804,0.11474609375,working
L26_N2788,26,2788,lack_of_knowledge,lok_0068,0.24031835794448853,0.24772217869758606,0.007403820753097534,0.9557502865791321,0.954002857208252,0.11474609375,working
L26_N2788,26,2788,lack_of_knowledge,lok_0069,0.3301653265953064,0.33037590980529785,0.00021058320999145508,0.9304457902908325,0.9304258823394775,0.11474609375,working
L26_N2788,26,2788,lack_of_knowledge,lok_0070,0.3017212152481079,0.3143737316131592,0.01265251636505127,0.935825526714325,0.9311081767082214,0.11474609375,working
L26_N2788,26,2788,lack_of_knowledge,lok_0071,1.8276312351226807,1.8301727771759033,0.0025415420532226562,0.4143259525299072,0.41340959072113037,0.11474609375,working
L26_N2788,26,2788,lack_of_knowledge,lok_0072,0.10167165100574493,0.09144900739192963,-0.010222643613815308,0.9856634140014648,0.9873276352882385,0.11474609375,working
L26_N2788,26,2788,lack_of_knowledge,lok_0073,1.624746561050415,1.6139917373657227,-0.010754823684692383,0.44494396448135376,0.4476068913936615,0.11474609375,working
L26_N2788,26,2788,lack_of_knowledge,lok_0074,0.12359865009784698,0.12482896447181702,0.0012303143739700317,0.9768452644348145,0.9766888618469238,0.11474609375,working
L26_N2788,26,2788,lack_of_knowledge,lok_0075,0.3614848554134369,0.3632906675338745,0.001805812120437622,0.9369404911994934,0.9367170929908752,0.11474609375,working
L26_N2788,26,2788,lack_of_knowledge,lok_0076,0.40737903118133545,0.44571399688720703,0.03833496570587158,0.9014618992805481,0.8892279863357544,0.11474609375,working
L26_N2788,26,2788,lack_of_knowledge,lok_0077,0.16173917055130005,0.16232314705848694,0.0005839765071868896,0.9692423939704895,0.969162106513977,0.11474609375,working
L26_N2788,26,2788,lack_of_knowledge,lok_0078,0.3518255054950714,0.35275834798812866,0.000932842493057251,0.93060702085495,0.9304993748664856,0.11474609375,working
L26_N2788,26,2788,lack_of_knowledge,lok_0079,0.22752390801906586,0.25139138102531433,0.023867473006248474,0.9625696539878845,0.9577941298484802,0.11474609375,working
L26_N2788,26,2788,lack_of_knowledge,lok_0080,0.4599273204803467,0.4735826849937439,0.013655364513397217,0.889017641544342,0.8852223753929138,0.11474609375,working
L26_N2788,26,2788,lack_of_knowledge,lok_0081,0.22631503641605377,0.22647714614868164,0.00016210973262786865,0.9586161971092224,0.9586026072502136,0.11474609375,working
L26_N2788,26,2788,lack_of_knowledge,lok_0082,0.45729249715805054,0.44843029975891113,-0.008862197399139404,0.9223835468292236,0.9244102835655212,0.11474609375,working
L26_N2788,26,2788,lack_of_knowledge,lok_0083,0.1748635172843933,0.17508935928344727,0.00022584199905395508,0.9684038758277893,0.9683825373649597,0.11474609375,working
L23_N12156,23,12156,lack_of_knowledge,lok_0000,0.20110554993152618,0.20348910987377167,0.0023835599422454834,0.9648526906967163,0.9644749760627747,0.091796875,working
L23_N12156,23,12156,lack_of_knowledge,lok_0001,0.4332544207572937,0.4327659010887146,-0.0004885196685791016,0.9038903713226318,0.9039722084999084,0.091796875,working
L23_N12156,23,12156,lack_of_knowledge,lok_0002,2.212181568145752,2.2037863731384277,-0.008395195007324219,0.349837988615036,0.33619582653045654,0.091796875,working
L23_N12156,23,12156,lack_of_knowledge,lok_0003,0.19303040206432343,0.19145497679710388,-0.0015754252672195435,0.9698035717010498,0.9700968861579895,0.091796875,working
L23_N12156,23,12156,lack_of_knowledge,lok_0004,0.2565121352672577,0.2609664499759674,0.004454314708709717,0.9500791430473328,0.9492725133895874,0.091796875,working
L23_N12156,23,12156,lack_of_knowledge,lok_0005,0.04979534447193146,0.05019465088844299,0.00039930641651153564,0.9940529465675354,0.9940151572227478,0.091796875,working
L23_N12156,23,12156,lack_of_knowledge,lok_0006,0.28782111406326294,0.27584829926490784,-0.011972814798355103,0.9439740180969238,0.9475439190864563,0.091796875,working
L23_N12156,23,12156,lack_of_knowledge,lok_0007,0.25314441323280334,0.2460833191871643,-0.007061094045639038,0.9571183323860168,0.9580739140510559,0.091796875,working
L23_N12156,23,12156,lack_of_knowledge,lok_0008,0.2857697606086731,0.2840586304664612,-0.001711130142211914,0.9495995044708252,0.9498770236968994,0.091796875,working
L23_N12156,23,12156,lack_of_knowledge,lok_0009,0.05977754294872284,0.05986028164625168,8.273869752883911e-05,0.9918352365493774,0.9918285012245178,0.091796875,working
L23_N12156,23,12156,lack_of_knowledge,lok_0010,0.531482994556427,0.5296492576599121,-0.0018337368965148926,0.8459410667419434,0.8462353944778442,0.091796875,working
L23_N12156,23,12156,lack_of_knowledge,lok_0011,0.40922486782073975,0.41227179765701294,0.0030469298362731934,0.9050975441932678,0.9046915769577026,0.091796875,working
L23_N12156,23,12156,lack_of_knowledge,lok_0012,0.3550257086753845,0.3509502410888672,-0.004075467586517334,0.9349585771560669,0.9358241558074951,0.091796875,working
L23_N12156,23,12156,lack_of_knowledge,lok_0013,0.3046456575393677,0.2819734215736389,-0.02267223596572876,0.9419756531715393,0.9473932981491089,0.091796875,working
L23_N12156,23,12156,lack_of_knowledge,lok_0014,0.2969912588596344,0.2968963384628296,-9.492039680480957e-05,0.9337840676307678,0.9337941408157349,0.091796875,working
L23_N12156,23,12156,lack_of_knowledge,lok_0015,0.10701310634613037,0.10571639239788055,-0.001296713948249817,0.9849071502685547,0.985136091709137,0.091796875,working
L23_N12156,23,12156,lack_of_knowledge,lok_0016,0.3068767786026001,0.30756548047065735,0.000688701868057251,0.945874810218811,0.9458032250404358,0.091796875,working
L23_N12156,23,12156,lack_of_knowledge,lok_0017,0.28523916006088257,0.3082244098186493,0.022985249757766724,0.9526596069335938,0.9483184814453125,0.091796875,working
L23_N12156,23,12156,lack_of_knowledge,lok_0018,0.3223433494567871,0.3100694715976715,-0.0122738778591156,0.9352149963378906,0.9371277093887329,0.091796875,working
L23_N12156,23,12156,lack_of_knowledge,lok_0019,0.44828683137893677,0.4481818974018097,-0.0001049339771270752,0.902298629283905,0.902306854724884,0.091796875,working
L23_N12156,23,12156,lack_of_knowledge,lok_0020,1.4864192008972168,1.4993140697479248,0.012894868850708008,0.6630858778953552,0.6612326502799988,0.091796875,working
L23_N12156,23,12156,lack_of_knowledge,lok_0021,0.654586672782898,0.6476612687110901,-0.006925404071807861,0.8547888398170471,0.8570074439048767,0.091796875,working
L23_N12156,23,12156,lack_of_knowledge,lok_0022,0.45833873748779297,0.4690271019935608,0.010688364505767822,0.9272456765174866,0.9248555302619934,0.091796875,working
L23_N12156,23,12156,lack_of_knowledge,lok_0023,0.4967544972896576,0.49755585193634033,0.0008013546466827393,0.8674667477607727,0.8673828840255737,0.091796875,working
L23_N12156,23,12156,lack_of_knowledge,lok_0024,0.33014941215515137,0.3357558250427246,0.005606412887573242,0.9413917064666748,0.9404009580612183,0.091796875,working
L23_N12156,23,12156,lack_of_knowledge,lok_0025,0.05894475430250168,0.058401331305503845,-0.0005434229969978333,0.9927107095718384,0.9927835464477539,0.091796875,working
L23_N12156,23,12156,lack_of_knowledge,lok_0026,0.43050456047058105,0.40991973876953125,-0.020584821701049805,0.9134169220924377,0.9180983901023865,0.091796875,working
L23_N12156,23,12156,lack_of_knowledge,lok_0027,0.5749434232711792,0.5737468004226685,-0.0011966228485107422,0.8946956396102905,0.894879937171936,0.091796875,working
L23_N12156,23,12156,lack_of_knowledge,lok_0028,0.39689117670059204,0.3811035454273224,-0.015787631273269653,0.9226692318916321,0.9258259534835815,0.091796875,working
L23_N12156,23,12156,lack_of_knowledge,lok_0029,0.24673333764076233,0.23186662793159485,-0.01486670970916748,0.96292644739151,0.9654868245124817,0.091796875,working
L23_N12156,23,12156,lack_of_knowledge,lok_0030,0.2515638768672943,0.2515004873275757,-6.338953971862793e-05,0.9552069306373596,0.9552136659622192,0.091796875,working
L23_N12156,23,12156,lack_of_knowledge,lok_0031,0.2685629725456238,0.2687162160873413,0.0001532435417175293,0.9510214328765869,0.951008677482605,0.091796875,working
L23_N12156,23,12156,lack_of_knowledge,lok_0032,1.1113756895065308,1.1146806478500366,0.0033049583435058594,0.6924391984939575,0.6919787526130676,0.091796875,working
L23_N12156,23,12156,lack_of_knowledge,lok_0033,0.37497419118881226,0.41529029607772827,0.040316104888916016,0.9411258697509766,0.933561384677887,0.091796875,working
L23_N12156,23,12156,lack_of_knowledge,lok_0034,0.07285558432340622,0.07302489131689072,0.00016930699348449707,0.9903441071510315,0.9903258085250854,0.091796875,working
L23_N12156,23,12156,lack_of_knowledge,lok_0035,0.40538397431373596,0.40903550386428833,0.003651529550552368,0.9316344261169434,0.9310570359230042,0.091796875,working
L23_N12156,23,12156,lack_of_knowledge,lok_0036,1.115729570388794,1.1265060901641846,0.010776519775390625,0.7815503478050232,0.7797111868858337,0.091796875,working
L23_N12156,23,12156,lack_of_knowledge,lok_0037,0.30958282947540283,0.32131823897361755,0.011735409498214722,0.9307799935340881,0.9257345199584961,0.091796875,working
L23_N12156,23,12156,lack_of_knowledge,lok_0038,0.1659087985754013,0.16583216190338135,-7.66366720199585e-05,0.9645332098007202,0.9645401835441589,0.091796875,working
L23_N12156,23,12156,lack_of_knowledge,lok_0039,0.5078685879707336,0.4772801995277405,-0.030588388442993164,0.8992130160331726,0.9061379432678223,0.091796875,working
L23_N12156,23,12156,lack_of_knowledge,lok_0040,0.5482475757598877,0.5470165014266968,-0.001231074333190918,0.900646984577179,0.9007816910743713,0.091796875,working
L23_N12156,23,12156,lack_of_knowledge,lok_0041,0.03643523156642914,0.03423110395669937,-0.002204127609729767,0.9956062436103821,0.9959540367126465,0.091796875,working
L23_N12156,23,12156,lack_of_knowledge,lok_0042,0.33952444791793823,0.36638933420181274,0.02686488628387451,0.9392896294593811,0.9335741400718689,0.091796875,working
L23_N12156,23,12156,lack_of_knowledge,lok_0043,0.27926892042160034,0.27958929538726807,0.0003203749656677246,0.9467795491218567,0.9467369318008423,0.091796875,working
L23_N12156,23,12156,lack_of_knowledge,lok_0044,0.32854658365249634,0.32668256759643555,-0.001864016056060791,0.9407140612602234,0.9409815669059753,0.091796875,working
L23_N12156,23,12156,lack_of_knowledge,lok_0045,0.5207996368408203,0.5172214508056641,-0.00357818603515625,0.892455518245697,0.8941296339035034,0.091796875,working
L23_N12156,23,12156,lack_of_knowledge,lok_0046,0.42248761653900146,0.4236203134059906,0.0011326968669891357,0.9220602512359619,0.9219013452529907,0.091796875,working
L23_N12156,23,12156,lack_of_knowledge,lok_0047,0.1028701514005661,0.10249446332454681,-0.0003756880760192871,0.9854632616043091,0.9855400919914246,0.091796875,working
L23_N12156,23,12156,lack_of_knowledge,lok_0048,1.2687811851501465,1.2764588594436646,0.007677674293518066,0.6856839656829834,0.6835790276527405,0.091796875,working
L23_N12156,23,12156,lack_of_knowledge,lok_0049,0.035279445350170135,0.03528348356485367,4.038214683532715e-06,0.9958128333091736,0.9958119988441467,0.091796875,working
L23_N12156,23,12156,lack_of_knowledge,lok_0050,0.5434882640838623,0.5492695569992065,0.005781292915344238,0.8769069910049438,0.8760272264480591,0.091796875,working
L23_N12156,23,12156,lack_of_knowledge,lok_0051,0.0269861351698637,0.026987366378307343,1.2312084436416626e-06,0.9969148635864258,0.9969146251678467,0.091796875,working
L23_N12156,23,12156,lack_of_knowledge,lok_0052,0.42821505665779114,0.43025729060173035,0.002042233943939209,0.9079897999763489,0.9077075123786926,0.091796875,working
L23_N12156,23,12156,lack_of_knowledge,lok_0053,0.41624367237091064,0.4062163829803467,-0.010027289390563965,0.9203416705131531,0.9223971366882324,0.091796875,working
L23_N12156,23,12156,lack_of_knowledge,lok_0054,0.41559314727783203,0.4097932279109955,-0.005799919366836548,0.9082160592079163,0.9094696640968323,0.091796875,working
L23_N12156,23,12156,lack_of_knowledge,lok_0055,0.2971650958061218,0.3243405818939209,0.027175486087799072,0.9487175345420837,0.9428101181983948,0.091796875,working
L23_N12156,23,12156,lack_of_knowledge,lok_0056,0.356362521648407,0.32700759172439575,-0.02935492992401123,0.9302420020103455,0.9375306367874146,0.091796875,working
L23_N12156,23,12156,lack_of_knowledge,lok_0057,0.12736442685127258,0.12451116740703583,-0.0028532594442367554,0.9807634353637695,0.9812477827072144,0.091796875,working
L23_N12156,23,12156,lack_of_knowledge,lok_0058,0.24059948325157166,0.24034321308135986,-0.000256270170211792,0.9544814229011536,0.9545131325721741,0.091796875,working
L23_N12156,23,12156,lack_of_knowledge,lok_0059,0.3113740384578705,0.31609290838241577,0.004718869924545288,0.934109091758728,0.9335479736328125,0.091796875,working
L23_N12156,23,12156,lack_of_knowledge,lok_0060,0.2948303818702698,0.29513999819755554,0.0003096163272857666,0.9474383592605591,0.9474045634269714,0.091796875,working
L23_N12156,23,12156,lack_of_knowledge,lok_0061,0.28506845235824585,0.2858932614326477,0.0008248090744018555,0.9280197620391846,0.9279060959815979,0.091796875,working
L23_N12156,23,12156,lack_of_knowledge,lok_0062,0.4876607060432434,0.48197972774505615,-0.005680978298187256,0.8918644189834595,0.8929135799407959,0.091796875,working
L23_N12156,23,12156,lack_of_knowledge,lok_0063,0.1913471519947052,0.19140321016311646,5.605816841125488e-05,0.9631403088569641,0.9631355404853821,0.091796875,working
L23_N12156,23,12156,lack_of_knowledge,lok_0064,0.1451702117919922,0.14650572836399078,0.0013355165719985962,0.9773245453834534,0.9771350622177124,0.091796875,working
L23_N12156,23,12156,lack_of_knowledge,lok_0065,1.7140750885009766,1.7256697416305542,0.011594653129577637,0.5101323127746582,0.5086422562599182,0.091796875,working
L23_N12156,23,12156,lack_of_knowledge,lok_0066,0.12134631723165512,0.1209089607000351,-0.00043735653162002563,0.9823613166809082,0.9824350476264954,0.091796875,working
L23_N12156,23,12156,lack_of_knowledge,lok_0067,0.07675088942050934,0.08382490277290344,0.007074013352394104,0.9892773628234863,0.9880907535552979,0.091796875,working
L23_N12156,23,12156,lack_of_knowledge,lok_0068,0.24031835794448853,0.23055198788642883,-0.009766370058059692,0.9557502865791321,0.9583026766777039,0.091796875,working
L23_N12156,23,12156,lack_of_knowledge,lok_0069,0.3301653265953064,0.3034323453903198,-0.026732981204986572,0.9304457902908325,0.9378343224525452,0.091796875,working
L23_N12156,23,12156,lack_of_knowledge,lok_0070,0.3017212152481079,0.3018585443496704,0.0001373291015625,0.935825526714325,0.9358155131340027,0.091796875,working
L23_N12156,23,12156,lack_of_knowledge,lok_0071,1.8276312351226807,1.8255348205566406,-0.002096414566040039,0.4143259525299072,0.42323771119117737,0.091796875,working
L23_N12156,23,12156,lack_of_knowledge,lok_0072,0.10167165100574493,0.09089414775371552,-0.010777503252029419,0.9856634140014648,0.9874019026756287,0.091796875,working
L23_N12156,23,12156,lack_of_knowledge,lok_0073,1.624746561050415,1.6292686462402344,0.004522085189819336,0.44494396448135376,0.4445466995239258,0.091796875,working
L23_N12156,23,12156,lack_of_knowledge,lok_0074,0.12359865009784698,0.1129690557718277,-0.010629594326019287,0.9768452644348145,0.9793748259544373,0.091796875,working
L23_N12156,23,12156,lack_of_knowledge,lok_0075,0.3614848554134369,0.36211705207824707,0.0006321966648101807,0.9369404911994934,0.9368547797203064,0.091796875,working
L23_N12156,23,12156,lack_of_knowledge,lok_0076,0.40737903118133545,0.4102083742618561,0.00282934308052063,0.9014618992805481,0.9009566903114319,0.091796875,working
L23_N12156,23,12156,lack_of_knowledge,lok_0077,0.16173917055130005,0.16056722402572632,-0.0011719465255737305,0.9692423939704895,0.9694426655769348,0.091796875,working
L23_N12156,23,12156,lack_of_knowledge,lok_0078,0.3518255054950714,0.35400649905204773,0.0021809935569763184,0.93060702085495,0.9303354620933533,0.091796875,working
L23_N12156,23,12156,lack_of_knowledge,lok_0079,0.22752390801906586,0.2278076410293579,0.0002837330102920532,0.9625696539878845,0.9625394344329834,0.091796875,working
L23_N12156,23,12156,lack_of_knowledge,lok_0080,0.4599273204803467,0.47316229343414307,0.013234972953796387,0.889017641544342,0.8852706551551819,0.091796875,working
L23_N12156,23,12156,lack_of_knowledge,lok_0081,0.22631503641605377,0.2265588641166687,0.0002438277006149292,0.9586161971092224,0.9586001038551331,0.091796875,working
L23_N12156,23,12156,lack_of_knowledge,lok_0082,0.45729249715805054,0.4696579575538635,0.012365460395812988,0.9223835468292236,0.9188387989997864,0.091796875,working
L23_N12156,23,12156,lack_of_knowledge,lok_0083,0.1748635172843933,0.17509675025939941,0.00023323297500610352,0.9684038758277893,0.9683821201324463,0.091796875,working
L30_N5509,30,5509,lack_of_knowledge,lok_0084,0.4341563880443573,0.4340018332004547,-0.0001545548439025879,0.9005858898162842,0.9006034731864929,0.08935546875,held_out
L30_N5509,30,5509,lack_of_knowledge,lok_0085,0.42863231897354126,0.4287848472595215,0.0001525282859802246,0.9068572521209717,0.9068431854248047,0.08935546875,held_out
L30_N5509,30,5509,lack_of_knowledge,lok_0086,0.3266984820365906,0.357052206993103,0.03035372495651245,0.9283090233802795,0.9195305705070496,0.08935546875,held_out
L30_N5509,30,5509,lack_of_knowledge,lok_0087,0.21026577055454254,0.19870176911354065,-0.011564001441001892,0.9601072669029236,0.9633872509002686,0.08935546875,held_out
L30_N5509,30,5509,lack_of_knowledge,lok_0088,0.6349189281463623,0.633573591709137,-0.0013453364372253418,0.847209095954895,0.8473910689353943,0.08935546875,held_out
L30_N5509,30,5509,lack_of_knowledge,lok_0089,1.332068920135498,1.34027099609375,0.008202075958251953,0.6135196685791016,0.6108250021934509,0.08935546875,held_out
L30_N5509,30,5509,lack_of_knowledge,lok_0090,0.7799999117851257,0.7749871015548706,-0.005012810230255127,0.8370729684829712,0.8383382558822632,0.08935546875,held_out
L30_N5509,30,5509,lack_of_knowledge,lok_0091,0.43410035967826843,0.4749051332473755,0.040804773569107056,0.917194128036499,0.9072543382644653,0.08935546875,held_out
L30_N5509,30,5509,lack_of_knowledge,lok_0092,0.13207854330539703,0.13587631285190582,0.003797769546508789,0.9816097021102905,0.980899453163147,0.08935546875,held_out
L30_N5509,30,5509,lack_of_knowledge,lok_0093,0.6288393139839172,0.6300930380821228,0.0012537240982055664,0.885289192199707,0.8851306438446045,0.08935546875,held_out
L30_N5509,30,5509,lack_of_knowledge,lok_0094,0.23378002643585205,0.23458658158779144,0.0008065551519393921,0.9564200043678284,0.9562974572181702,0.08935546875,held_out
L30_N5509,30,5509,lack_of_knowledge,lok_0095,1.2513930797576904,1.1754623651504517,-0.07593071460723877,0.705646276473999,0.7303401231765747,0.08935546875,held_out
L30_N5509,30,5509,lack_of_knowledge,lok_0096,0.16371479630470276,0.16378425061702728,6.945431232452393e-05,0.9739673137664795,0.9739609956741333,0.08935546875,held_out
L30_N5509,30,5509,lack_of_knowledge,lok_0097,0.041531410068273544,0.041513025760650635,-1.8384307622909546e-05,0.9949134588241577,0.9949140548706055,0.08935546875,held_out
L30_N5509,30,5509,lack_of_knowledge,lok_0098,0.1070239394903183,0.10742467641830444,0.000400736927986145,0.9842197299003601,0.9841693639755249,0.08935546875,held_out
L30_N5509,30,5509,lack_of_knowledge,lok_0099,0.33242154121398926,0.3324289917945862,7.450580596923828e-06,0.937795102596283,0.937794029712677,0.08935546875,held_out
L30_N5509,30,5509,lack_of_knowledge,lok_0100,0.039254479110240936,0.03913010656833649,-0.00012437254190444946,0.9952552318572998,0.9952675104141235,0.08935546875,held_out
L30_N5509,30,5509,lack_of_knowledge,lok_0101,0.27281343936920166,0.2726284861564636,-0.0001849532127380371,0.9526845216751099,0.9527058005332947,0.08935546875,held_out
L30_N5509,30,5509,lack_of_knowledge,lok_0102,0.4274698793888092,0.4276108145713806,0.00014093518257141113,0.8977696895599365,0.8977579474449158,0.08935546875,held_out
L30_N5509,30,5509,lack_of_knowledge,lok_0103,1.4094150066375732,1.4160741567611694,0.006659150123596191,0.5015630125999451,0.5009344220161438,0.08935546875,held_out
L30_N5509,30,5509,lack_of_knowledge,lok_0104,0.04291917011141777,0.04291698336601257,-2.1867454051971436e-06,0.9947358965873718,0.9947360157966614,0.08935546875,held_out
L30_N5509,30,5509,lack_of_knowledge,lok_0105,0.3573937714099884,0.3572489023208618,-0.00014486908912658691,0.9359149932861328,0.9359387159347534,0.08935546875,held_out
L30_N5509,30,5509,lack_of_knowledge,lok_0106,1.3918558359146118,1.395928144454956,0.004072308540344238,0.6164926290512085,0.615977942943573,0.08935546875,held_out
L30_N5509,30,5509,lack_of_knowledge,lok_0107,0.4583297073841095,0.46439364552497864,0.006063938140869141,0.9166505932807922,0.9152403473854065,0.08935546875,held_out
L30_N5509,30,5509,lack_of_knowledge,lok_0108,0.17142216861248016,0.17138127982616425,-4.088878631591797e-05,0.970556914806366,0.970560610294342,0.08935546875,held_out
L30_N5509,30,5509,lack_of_knowledge,lok_0109,0.12057969719171524,0.1212596520781517,0.0006799548864364624,0.9811159372329712,0.9810259938240051,0.08935546875,held_out
L30_N5509,30,5509,lack_of_knowledge,lok_0110,0.1252739131450653,0.12531527876853943,4.1365623474121094e-05,0.979550838470459,0.9795457124710083,0.08935546875,held_out
L30_N5509,30,5509,lack_of_knowledge,lok_0111,0.25208866596221924,0.2587337791919708,0.006645113229751587,0.9555790424346924,0.9540423154830933,0.08935546875,held_out
L30_N5509,30,5509,lack_of_knowledge,lok_0112,0.7263990640640259,0.7265926599502563,0.00019359588623046875,0.8470945358276367,0.8470748066902161,0.08935546875,held_out
L30_N5509,30,5509,lack_of_knowledge,lok_0113,0.20362254977226257,0.20362409949302673,1.5497207641601562e-06,0.9617233872413635,0.9617235660552979,0.08935546875,held_out
L30_N5509,30,5509,lack_of_knowledge,lok_0114,0.28435590863227844,0.283477246761322,-0.0008786618709564209,0.9454439282417297,0.9455693364143372,0.08935546875,held_out
L30_N5509,30,5509,lack_of_knowledge,lok_0115,0.2934064269065857,0.32038605213165283,0.02697962522506714,0.9336539506912231,0.9255011081695557,0.08935546875,held_out
L30_N5509,30,5509,lack_of_knowledge,lok_0116,0.13258959352970123,0.1578974425792694,0.025307849049568176,0.9742581248283386,0.967606246471405,0.08935546875,held_out
L30_N5509,30,5509,lack_of_knowledge,lok_0117,0.08814115822315216,0.08838584274053574,0.00024468451738357544,0.9865699410438538,0.986541748046875,0.08935546875,held_out
L30_N5509,30,5509,lack_of_knowledge,lok_0118,2.026088237762451,2.0325751304626465,0.0064868927001953125,0.3868054449558258,0.3846881091594696,0.08935546875,held_out
L30_N5509,30,5509,lack_of_knowledge,lok_0119,0.32524916529655457,0.3253530263900757,0.00010386109352111816,0.943587601184845,0.9435755014419556,0.08935546875,held_out
L29_N9228,29,9228,lack_of_knowledge,lok_0084,0.4341563880443573,0.4337421655654907,-0.00041422247886657715,0.9005858898162842,0.9006285071372986,0.1083984375,held_out
L29_N9228,29,9228,lack_of_knowledge,lok_0085,0.42863231897354126,0.4281924068927765,-0.0004399120807647705,0.9068572521209717,0.9068960547447205,0.1083984375,held_out
L29_N9228,29,9228,lack_of_knowledge,lok_0086,0.3266984820365906,0.3569594621658325,0.030260980129241943,0.9283090233802795,0.9195377230644226,0.1083984375,held_out
L29_N9228,29,9228,lack_of_knowledge,lok_0087,0.21026577055454254,0.19855336844921112,-0.011712402105331421,0.9601072669029236,0.9634010791778564,0.1083984375,held_out
L29_N9228,29,9228,lack_of_knowledge,lok_0088,0.6349189281463623,0.6305539011955261,-0.004365026950836182,0.847209095954895,0.8476593494415283,0.1083984375,held_out
L29_N9228,29,9228,lack_of_knowledge,lok_0089,1.332068920135498,1.3541929721832275,0.022124052047729492,0.6135196685791016,0.6086764931678772,0.1083984375,held_out
L29_N9228,29,9228,lack_of_knowledge,lok_0090,0.7799999117851257,0.7233638763427734,-0.056636035442352295,0.8370729684829712,0.8528879284858704,0.1083984375,held_out
L29_N9228,29,9228,lack_of_knowledge,lok_0091,0.43410035967826843,0.47264209389686584,0.03854173421859741,0.917194128036499,0.9076051712036133,0.1083984375,held_out
L29_N9228,29,9228,lack_of_knowledge,lok_0092,0.13207854330539703,0.14500370621681213,0.0129251629114151,0.9816097021102905,0.9794437885284424,0.1083984375,held_out
L29_N9228,29,9228,lack_of_knowledge,lok_0093,0.6288393139839172,0.6390098929405212,0.010170578956604004,0.885289192199707,0.8838507533073425,0.1083984375,held_out
L29_N9228,29,9228,lack_of_knowledge,lok_0094,0.23378002643585205,0.23327605426311493,-0.0005039721727371216,0.9564200043678284,0.9564834833145142,0.1083984375,held_out
L29_N9228,29,9228,lack_of_knowledge,lok_0095,1.2513930797576904,1.1863715648651123,-0.06502151489257812,0.705646276473999,0.7278280258178711,0.1083984375,held_out
L29_N9228,29,9228,lack_of_knowledge,lok_0096,0.16371479630470276,0.16340085864067078,-0.0003139376640319824,0.9739673137664795,0.9739981889724731,0.1083984375,held_out
L29_N9228,29,9228,lack_of_knowledge,lok_0097,0.041531410068273544,0.03719019889831543,-0.004341211169958115,0.9949134588241577,0.9955118298530579,0.1083984375,held_out
L29_N9228,29,9228,lack_of_knowledge,lok_0098,0.1070239394903183,0.11038891971111298,0.0033649802207946777,0.9842197299003601,0.9835528135299683,0.1083984375,held_out
L29_N9228,29,9228,lack_of_knowledge,lok_0099,0.33242154121398926,0.31344276666641235,-0.018978774547576904,0.937795102596283,0.9428340792655945,0.1083984375,held_out
L29_N9228,29,9228,lack_of_knowledge,lok_0100,0.039254479110240936,0.039195816963911057,-5.866214632987976e-05,0.9952552318572998,0.9952599406242371,0.1083984375,held_out
L29_N9228,29,9228,lack_of_knowledge,lok_0101,0.27281343936920166,0.26400160789489746,-0.0088118314743042,0.9526845216751099,0.9547352194786072,0.1083984375,held_out
L29_N9228,29,9228,lack_of_knowledge,lok_0102,0.4274698793888092,0.42989808320999146,0.002428203821182251,0.8977696895599365,0.897337794303894,0.1083984375,held_out
L29_N9228,29,9228,lack_of_knowledge,lok_0103,1.4094150066375732,1.3717103004455566,-0.0377047061920166,0.5015630125999451,0.5319372415542603,0.1083984375,held_out
L29_N9228,29,9228,lack_of_knowledge,lok_0104,0.04291917011141777,0.042985688894987106,6.651878356933594e-05,0.9947358965873718,0.994729220867157,0.1083984375,held_out
L29_N9228,29,9228,lack_of_knowledge,lok_0105,0.3573937714099884,0.34608352184295654,-0.01131024956703186,0.9359149932861328,0.9378275871276855,0.1083984375,held_out
L29_N9228,29,9228,lack_of_knowledge,lok_0106,1.3918558359146118,1.3928346633911133,0.0009788274765014648,0.6164926290512085,0.6163755655288696,0.1083984375,held_out
L29_N9228,29,9228,lack_of_knowledge,lok_0107,0.4583297073841095,0.4168943762779236,-0.04143533110618591,0.9166505932807922,0.9257516860961914,0.1083984375,held_out
L29_N9228,29,9228,lack_of_knowledge,lok_0108,0.17142216861248016,0.17133444547653198,-8.772313594818115e-05,0.970556914806366,0.9705636501312256,0.1083984375,held_out
L29_N9228,29,9228,lack_of_knowledge,lok_0109,0.12057969719171524,0.13336995244026184,0.0127902552485466,0.9811159372329712,0.9786811470985413,0.1083984375,held_out
L29_N9228,29,9228,lack_of_knowledge,lok_0110,0.1252739131450653,0.125064879655838,-0.00020903348922729492,0.979550838470459,0.9795705080032349,0.1083984375,held_out
L29_N9228,29,9228,lack_of_knowledge,lok_0111,0.25208866596221924,0.2516942024230957,-0.00039446353912353516,0.9555790424346924,0.95562344789505,0.1083984375,held_out
L29_N9228,29,9228,lack_of_knowledge,lok_0112,0.7263990640640259,0.7262018918991089,-0.0001971721649169922,0.8470945358276367,0.8471178412437439,0.1083984375,held_out
L29_N9228,29,9228,lack_of_knowledge,lok_0113,0.20362254977226257,0.2034362256526947,-0.0001863241195678711,0.9617233872413635,0.9617397785186768,0.1083984375,held_out
L29_N9228,29,9228,lack_of_knowledge,lok_0114,0.28435590863227844,0.28298085927963257,-0.001375049352645874,0.9454439282417297,0.9456166625022888,0.1083984375,held_out
L29_N9228,29,9228,lack_of_knowledge,lok_0115,0.2934064269065857,0.3204681873321533,0.027061760425567627,0.9336539506912231,0.9254940748214722,0.1083984375,held_out
L29_N9228,29,9228,lack_of_knowledge,lok_0116,0.13258959352970123,0.14338912069797516,0.010799527168273926,0.9742581248283386,0.9713038206100464,0.1083984375,held_out
L29_N9228,29,9228,lack_of_knowledge,lok_0117,0.08814115822315216,0.08806965500116348,-7.150322198867798e-05,0.9865699410438538,0.9865759611129761,0.1083984375,held_out
L29_N9228,29,9228,lack_of_knowledge,lok_0118,2.026088237762451,2.047696590423584,0.021608352661132812,0.3868054449558258,0.38340961933135986,0.1083984375,held_out
L29_N9228,29,9228,lack_of_knowledge,lok_0119,0.32524916529655457,0.3127363324165344,-0.012512832880020142,0.943587601184845,0.9469157457351685,0.1083984375,held_out
L26_N11322,26,11322,lack_of_knowledge,lok_0084,0.4341563880443573,0.4330960214138031,-0.0010603666305541992,0.9005858898162842,0.9007419347763062,0.099609375,held_out
L26_N11322,26,11322,lack_of_knowledge,lok_0085,0.42863231897354126,0.46587610244750977,0.037243783473968506,0.9068572521209717,0.8959347009658813,0.099609375,held_out
L26_N11322,26,11322,lack_of_knowledge,lok_0086,0.3266984820365906,0.32653722167015076,-0.00016126036643981934,0.9283090233802795,0.9283232092857361,0.099609375,held_out
L26_N11322,26,11322,lack_of_knowledge,lok_0087,0.21026577055454254,0.1984570324420929,-0.011808738112449646,0.9601072669029236,0.9634155035018921,0.099609375,held_out
L26_N11322,26,11322,lack_of_knowledge,lok_0088,0.6349189281463623,0.6326488256454468,-0.0022701025009155273,0.847209095954895,0.8474776744842529,0.099609375,held_out
L26_N11322,26,11322,lack_of_knowledge,lok_0089,1.332068920135498,1.3413093090057373,0.009240388870239258,0.6135196685791016,0.610698938369751,0.099609375,held_out
L26_N11322,26,11322,lack_of_knowledge,lok_0090,0.7799999117851257,0.7807522416114807,0.0007523298263549805,0.8370729684829712,0.8370011448860168,0.099609375,held_out
L26_N11322,26,11322,lack_of_knowledge,lok_0091,0.43410035967826843,0.4717262387275696,0.03762587904930115,0.917194128036499,0.9076910018920898,0.099609375,held_out
L26_N11322,26,11322,lack_of_knowledge,lok_0092,0.13207854330539703,0.14579232037067413,0.0137137770652771,0.9816097021102905,0.979365348815918,0.099609375,held_out
L26_N11322,26,11322,lack_of_knowledge,lok_0093,0.6288393139839172,0.6001343131065369,-0.02870500087738037,0.885289192199707,0.8938865065574646,0.099609375,held_out
L26_N11322,26,11322,lack_of_knowledge,lok_0094,0.23378002643585205,0.23334398865699768,-0.0004360377788543701,0.9564200043678284,0.9564751982688904,0.099609375,held_out
L26_N11322,26,11322,lack_of_knowledge,lok_0095,1.2513930797576904,1.2319018840789795,-0.019491195678710938,0.705646276473999,0.7138035297393799,0.099609375,held_out
L26_N11322,26,11322,lack_of_knowledge,lok_0096,0.16371479630470276,0.16293342411518097,-0.0007813721895217896,0.9739673137664795,0.9740678668022156,0.099609375,held_out
L26_N11322,26,11322,lack_of_knowledge,lok_0097,0.041531410068273544,0.0414540059864521,-7.740408182144165e-05,0.9949134588241577,0.99491947889328,0.099609375,held_out
L26_N11322,26,11322,lack_of_knowledge,lok_0098,0.1070239394903183,0.10661253333091736,-0.00041140615940093994,0.9842197299003601,0.9842574596405029,0.099609375,held_out
L26_N11322,26,11322,lack_of_knowledge,lok_0099,0.33242154121398926,0.3273469805717468,-0.005074560642242432,0.937795102596283,0.9387203454971313,0.099609375,held_out
L26_N11322,26,11322,lack_of_knowledge,lok_0100,0.039254479110240936,0.039587926119565964,0.00033344700932502747,0.9952552318572998,0.9952051639556885,0.099609375,held_out
L26_N11322,26,11322,lack_of_knowledge,lok_0101,0.27281343936920166,0.2725881040096283,-0.00022533535957336426,0.9526845216751099,0.9527085423469543,0.099609375,held_out
L26_N11322,26,11322,lack_of_knowledge,lok_0102,0.4274698793888092,0.4271315932273865,-0.0003382861614227295,0.8977696895599365,0.8978014588356018,0.099609375,held_out
L26_N11322,26,11322,lack_of_knowledge,lok_0103,1.4094150066375732,1.4083034992218018,-0.0011115074157714844,0.5015630125999451,0.5016124248504639,0.099609375,held_out
L26_N11322,26,11322,lack_of_knowledge,lok_0104,0.04291917011141777,0.042841240763664246,-7.792934775352478e-05,0.9947358965873718,0.9947423934936523,0.099609375,held_out
L26_N11322,26,11322,lack_of_knowledge,lok_0105,0.3573937714099884,0.3522927165031433,-0.005101054906845093,0.9359149932861328,0.936607301235199,0.099609375,held_out
L26_N11322,26,11322,lack_of_knowledge,lok_0106,1.3918558359146118,1.3850491046905518,-0.006806731224060059,0.6164926290512085,0.6173739433288574,0.099609375,held_out
L26_N11322,26,11322,lack_of_knowledge,lok_0107,0.4583297073841095,0.4557587504386902,-0.0025709569454193115,0.9166505932807922,0.9170158505439758,0.099609375,held_out
L26_N11322,26,11322,lack_of_knowledge,lok_0108,0.17142216861248016,0.17140139639377594,-2.0772218704223633e-05,0.970556914806366,0.9705587029457092,0.099609375,held_out
L26_N11322,26,11322,lack_of_knowledge,lok_0109,0.12057969719171524,0.11951736360788345,-0.0010623335838317871,0.9811159372329712,0.9812615513801575,0.099609375,held_out
L26_N11322,26,11322,lack_of_knowledge,lok_0110,0.1252739131450653,0.13845127820968628,0.013177365064620972,0.979550838470459,0.9769144654273987,0.099609375,held_out
L26_N11322,26,11322,lack_of_knowledge,lok_0111,0.25208866596221924,0.25457072257995605,0.0024820566177368164,0.9555790424346924,0.9547467231750488,0.099609375,held_out
L26_N11322,26,11322,lack_of_knowledge,lok_0112,0.7263990640640259,0.7482950091362,0.021895945072174072,0.8470945358276367,0.842628002166748,0.099609375,held_out
L26_N11322,26,11322,lack_of_knowledge,lok_0113,0.20362254977226257,0.2019847184419632,-0.0016378313302993774,0.9617233872413635,0.9619739651679993,0.099609375,held_out
L26_N11322,26,11322,lack_of_knowledge,lok_0114,0.28435590863227844,0.28215110301971436,-0.002204805612564087,0.9454439282417297,0.9457261562347412,0.099609375,held_out
L26_N11322,26,11322,lack_of_knowledge,lok_0115,0.2934064269065857,0.3022208511829376,0.008814424276351929,0.9336539506912231,0.9319993257522583,0.099609375,held_out
L26_N11322,26,11322,lack_of_knowledge,lok_0116,0.13258959352970123,0.14395472407341003,0.011365130543708801,0.9742581248283386,0.9712340831756592,0.099609375,held_out
L26_N11322,26,11322,lack_of_knowledge,lok_0117,0.08814115822315216,0.09042000770568848,0.002278849482536316,0.9865699410438538,0.9862902760505676,0.099609375,held_out
L26_N11322,26,11322,lack_of_knowledge,lok_0118,2.026088237762451,2.035586357116699,0.009498119354248047,0.3868054449558258,0.3858822286128998,0.099609375,held_out
L26_N11322,26,11322,lack_of_knowledge,lok_0119,0.32524916529655457,0.3122566342353821,-0.012992531061172485,0.943587601184845,0.9469894766807556,0.099609375,held_out
L29_N10092,29,10092,lack_of_knowledge,lok_0084,0.4341563880443573,0.4343889653682709,0.00023257732391357422,0.9005858898162842,0.9005631804466248,0.1435546875,held_out
L29_N10092,29,10092,lack_of_knowledge,lok_0085,0.42863231897354126,0.4297764301300049,0.001144111156463623,0.9068572521209717,0.9067445993423462,0.1435546875,held_out
L29_N10092,29,10092,lack_of_knowledge,lok_0086,0.3266984820365906,0.35813891887664795,0.03144043684005737,0.9283090233802795,0.9193941950798035,0.1435546875,held_out
L29_N10092,29,10092,lack_of_knowledge,lok_0087,0.21026577055454254,0.2132960706949234,0.0030303001403808594,0.9601072669029236,0.9595822691917419,0.1435546875,held_out
L29_N10092,29,10092,lack_of_knowledge,lok_0088,0.6349189281463623,0.6342781186103821,-0.0006408095359802246,0.847209095954895,0.847331166267395,0.1435546875,held_out
L29_N10092,29,10092,lack_of_knowledge,lok_0089,1.332068920135498,1.3510973453521729,0.019028425216674805,0.6135196685791016,0.6091059446334839,0.1435546875,held_out
L29_N10092,29,10092,lack_of_knowledge,lok_0090,0.7799999117851257,0.7231267690658569,-0.0568731427192688,0.8370729684829712,0.8529070615768433,0.1435546875,held_out
L29_N10092,29,10092,lack_of_knowledge,lok_0091,0.43410035967826843,0.4349466562271118,0.0008462965488433838,0.917194128036499,0.9171167016029358,0.1435546875,held_out
L29_N10092,29,10092,lack_of_knowledge,lok_0092,0.13207854330539703,0.14140602946281433,0.009327486157417297,0.9816097021102905,0.9798952341079712,0.1435546875,held_out
L29_N10092,29,10092,lack_of_knowledge,lok_0093,0.6288393139839172,0.6407256126403809,0.011886298656463623,0.885289192199707,0.8836086988449097,0.1435546875,held_out
L29_N10092,29,10092,lack_of_knowledge,lok_0094,0.23378002643585205,0.23452848196029663,0.0007484555244445801,0.9564200043678284,0.9563053250312805,0.1435546875,held_out
L29_N10092,29,10092,lack_of_knowledge,lok_0095,1.2513930797576904,1.1866674423217773,-0.06472563743591309,0.705646276473999,0.7277951836585999,0.1435546875,held_out
L29_N10092,29,10092,lack_of_knowledge,lok_0096,0.16371479630470276,0.16595950722694397,0.002244710922241211,0.9739673137664795,0.9736762046813965,0.1435546875,held_out
L29_N10092,29,10092,lack_of_knowledge,lok_0097,0.041531410068273544,0.04155702888965607,2.5618821382522583e-05,0.9949134588241577,0.9949100613594055,0.1435546875,held_out
L29_N10092,29,10092,lack_of_knowledge,lok_0098,0.1070239394903183,0.11147961020469666,0.004455670714378357,0.9842197299003601,0.9834402799606323,0.1435546875,held_out
L29_N10092,29,10092,lack_of_knowledge,lok_0099,0.33242154121398926,0.33803099393844604,0.005609452724456787,0.937795102596283,0.9366885423660278,0.1435546875,held_out
L29_N10092,29,10092,lack_of_knowledge,lok_0100,0.039254479110240936,0.039754468947649,0.0004999898374080658,0.9952552318572998,0.9951896667480469,0.1435546875,held_out
L29_N10092,29,10092,lack_of_knowledge,lok_0101,0.27281343936920166,0.2817544639110565,0.008941024541854858,0.9526845216751099,0.9507370591163635,0.1435546875,held_out
L29_N10092,29,10092,lack_of_knowledge,lok_0102,0.4274698793888092,0.4334326982498169,0.00596281886100769,0.8977696895599365,0.8967669010162354,0.1435546875,held_out
L29_N10092,29,10092,lack_of_knowledge,lok_0103,1.4094150066375732,1.3739622831344604,-0.03545272350311279,0.5015630125999451,0.5318018794059753,0.1435546875,held_out
L29_N10092,29,10092,lack_of_knowledge,lok_0104,0.04291917011141777,0.04297596961259842,5.6799501180648804e-05,0.9947358965873718,0.9947298765182495,0.1435546875,held_out
L29_N10092,29,10092,lack_of_knowledge,lok_0105,0.3573937714099884,0.3790762424468994,0.02168247103691101,0.9359149932861328,0.9302917122840881,0.1435546875,held_out
L29_N10092,29,10092,lack_of_knowledge,lok_0106,1.3918558359146118,1.4018722772598267,0.010016441345214844,0.6164926290512085,0.6154571175575256,0.1435546875,held_out
L29_N10092,29,10092,lack_of_knowledge,lok_0107,0.4583297073841095,0.42449450492858887,-0.03383520245552063,0.9166505932807922,0.9242972731590271,0.1435546875,held_out
L29_N10092,29,10092,lack_of_knowledge,lok_0108,0.17142216861248016,0.17159947752952576,0.00017730891704559326,0.970556914806366,0.9705404043197632,0.1435546875,held_out
L29_N10092,29,10092,lack_of_knowledge,lok_0109,0.12057969719171524,0.12167321145534515,0.0010935142636299133,0.9811159372329712,0.9809845685958862,0.1435546875,held_out
L29_N10092,29,10092,lack_of_knowledge,lok_0110,0.1252739131450653,0.12534724175930023,7.332861423492432e-05,0.979550838470459,0.9795433878898621,0.1435546875,held_out
L29_N10092,29,10092,lack_of_knowledge,lok_0111,0.25208866596221924,0.23773638904094696,-0.014352276921272278,0.9555790424346924,0.9586794376373291,0.1435546875,held_out
L29_N10092,29,10092,lack_of_knowledge,lok_0112,0.7263990640640259,0.7352941036224365,0.008895039558410645,0.8470945358276367,0.8455653786659241,0.1435546875,held_out
L29_N10092,29,10092,lack_of_knowledge,lok_0113,0.20362254977226257,0.2055666148662567,0.0019440650939941406,0.9617233872413635,0.961408257484436,0.1435546875,held_out
L29_N10092,29,10092,lack_of_knowledge,lok_0114,0.28435590863227844,0.2848169207572937,0.0004610121250152588,0.9454439282417297,0.9454002976417542,0.1435546875,held_out
L29_N10092,29,10092,lack_of_knowledge,lok_0115,0.2934064269065857,0.32088929414749146,0.02748286724090576,0.9336539506912231,0.9254506826400757,0.1435546875,held_out
L29_N10092,29,10092,lack_of_knowledge,lok_0116,0.13258959352970123,0.14358876645565033,0.010999172925949097,0.9742581248283386,0.971285343170166,0.1435546875,held_out
L29_N10092,29,10092,lack_of_knowledge,lok_0117,0.08814115822315216,0.08240903168916702,-0.005732126533985138,0.9865699410438538,0.9877724051475525,0.1435546875,held_out
L29_N10092,29,10092,lack_of_knowledge,lok_0118,2.026088237762451,2.0058436393737793,-0.020244598388671875,0.3868054449558258,0.40469494462013245,0.1435546875,held_out
L29_N10092,29,10092,lack_of_knowledge,lok_0119,0.32524916529655457,0.3063596487045288,-0.018889516592025757,0.943587601184845,0.9477701187133789,0.1435546875,held_out
L30_N7102,30,7102,lack_of_knowledge,lok_0084,0.4341563880443573,0.43436336517333984,0.00020697712898254395,0.9005858898162842,0.9005638360977173,0.1552734375,held_out
L30_N7102,30,7102,lack_of_knowledge,lok_0085,0.42863231897354126,0.4288841485977173,0.0002518296241760254,0.9068572521209717,0.9068343639373779,0.1552734375,held_out
L30_N7102,30,7102,lack_of_knowledge,lok_0086,0.3266984820365906,0.3266780972480774,-2.0384788513183594e-05,0.9283090233802795,0.9283104538917542,0.1552734375,held_out
L30_N7102,30,7102,lack_of_knowledge,lok_0087,0.21026577055454254,0.2102980613708496,3.229081630706787e-05,0.9601072669029236,0.960104763507843,0.1552734375,held_out
L30_N7102,30,7102,lack_of_knowledge,lok_0088,0.6349189281463623,0.6348443031311035,-7.462501525878906e-05,0.847209095954895,0.8472155332565308,0.1552734375,held_out
L30_N7102,30,7102,lack_of_knowledge,lok_0089,1.332068920135498,1.345847487449646,0.01377856731414795,0.6135196685791016,0.6097222566604614,0.1552734375,held_out
L30_N7102,30,7102,lack_of_knowledge,lok_0090,0.7799999117851257,0.7792848944664001,-0.0007150173187255859,0.8370729684829712,0.8371695280075073,0.1552734375,held_out
L30_N7102,30,7102,lack_of_knowledge,lok_0091,0.43410035967826843,0.47562175989151,0.04152140021324158,0.917194128036499,0.907170832157135,0.1552734375,held_out
L30_N7102,30,7102,lack_of_knowledge,lok_0092,0.13207854330539703,0.13248881697654724,0.0004102736711502075,0.9816097021102905,0.9815633296966553,0.1552734375,held_out
L30_N7102,30,7102,lack_of_knowledge,lok_0093,0.6288393139839172,0.6298274993896484,0.0009881854057312012,0.885289192199707,0.885097861289978,0.1552734375,held_out
L30_N7102,30,7102,lack_of_knowledge,lok_0094,0.23378002643585205,0.234946146607399,0.001166120171546936,0.9564200043678284,0.9562511444091797,0.1552734375,held_out
L30_N7102,30,7102,lack_of_knowledge,lok_0095,1.2513930797576904,1.2504626512527466,-0.0009304285049438477,0.705646276473999,0.7057576179504395,0.1552734375,held_out
L30_N7102,30,7102,lack_of_knowledge,lok_0096,0.16371479630470276,0.16513147950172424,0.0014166831970214844,0.9739673137664795,0.9737583994865417,0.1552734375,held_out
L30_N7102,30,7102,lack_of_knowledge,lok_0097,0.041531410068273544,0.03727608919143677,-0.004255320876836777,0.9949134588241577,0.9955043196678162,0.1552734375,held_out
L30_N7102,30,7102,lack_of_knowledge,lok_0098,0.1070239394903183,0.11092494428157806,0.0039010047912597656,0.9842197299003601,0.9834929704666138,0.1552734375,held_out
L30_N7102,30,7102,lack_of_knowledge,lok_0099,0.33242154121398926,0.33254528045654297,0.00012373924255371094,0.937795102596283,0.9377837777137756,0.1552734375,held_out
L30_N7102,30,7102,lack_of_knowledge,lok_0100,0.039254479110240936,0.0392303466796875,-2.413243055343628e-05,0.9952552318572998,0.995257556438446,0.1552734375,held_out
L30_N7102,30,7102,lack_of_knowledge,lok_0101,0.27281343936920166,0.2729409635066986,0.00012752413749694824,0.9526845216751099,0.9526726007461548,0.1552734375,held_out
L30_N7102,30,7102,lack_of_knowledge,lok_0102,0.4274698793888092,0.41047388315200806,-0.016995996236801147,0.8977696895599365,0.9051642417907715,0.1552734375,held_out
L30_N7102,30,7102,lack_of_knowledge,lok_0103,1.4094150066375732,1.4136534929275513,0.004238486289978027,0.5015630125999451,0.5011715888977051,0.1552734375,held_out
L30_N7102,30,7102,lack_of_knowledge,lok_0104,0.04291917011141777,0.04297185689210892,5.268678069114685e-05,0.9947358965873718,0.9947317838668823,0.1552734375,held_out
L30_N7102,30,7102,lack_of_knowledge,lok_0105,0.3573937714099884,0.36358726024627686,0.006193488836288452,0.9359149932861328,0.9345728158950806,0.1552734375,held_out
L30_N7102,30,7102,lack_of_knowledge,lok_0106,1.3918558359146118,1.392456293106079,0.0006004571914672852,0.6164926290512085,0.6164603233337402,0.1552734375,held_out
L30_N7102,30,7102,lack_of_knowledge,lok_0107,0.4583297073841095,0.423164427280426,-0.03516528010368347,0.9166505932807922,0.924431562423706,0.1552734375,held_out
L30_N7102,30,7102,lack_of_knowledge,lok_0108,0.17142216861248016,0.17185941338539124,0.0004372447729110718,0.970556914806366,0.9705023765563965,0.1552734375,held_out
L30_N7102,30,7102,lack_of_knowledge,lok_0109,0.12057969719171524,0.1210189014673233,0.00043920427560806274,0.9811159372329712,0.9810567498207092,0.1552734375,held_out
L30_N7102,30,7102,lack_of_knowledge,lok_0110,0.1252739131450653,0.125309556722641,3.5643577575683594e-05,0.979550838470459,0.9795474410057068,0.1552734375,held_out
L30_N7102,30,7102,lack_of_knowledge,lok_0111,0.25208866596221924,0.23427635431289673,-0.01781231164932251,0.9555790424346924,0.9592567086219788,0.1552734375,held_out
L30_N7102,30,7102,lack_of_knowledge,lok_0112,0.7263990640640259,0.7263208627700806,-7.82012939453125e-05,0.8470945358276367,0.8470996618270874,0.1552734375,held_out
L30_N7102,30,7102,lack_of_knowledge,lok_0113,0.20362254977226257,0.20354284346103668,-7.970631122589111e-05,0.9617233872413635,0.9617322087287903,0.1552734375,held_out
L30_N7102,30,7102,lack_of_knowledge,lok_0114,0.28435590863227844,0.28329193592071533,-0.0010639727115631104,0.9454439282417297,0.945591390132904,0.1552734375,held_out
L30_N7102,30,7102,lack_of_knowledge,lok_0115,0.2934064269065857,0.2932799458503723,-0.0001264810562133789,0.9336539506912231,0.9336697459220886,0.1552734375,held_out
L30_N7102,30,7102,lack_of_knowledge,lok_0116,0.13258959352970123,0.14351512491703033,0.010925531387329102,0.9742581248283386,0.9712926745414734,0.1552734375,held_out
L30_N7102,30,7102,lack_of_knowledge,lok_0117,0.08814115822315216,0.08847793191671371,0.00033677369356155396,0.9865699410438538,0.9865309596061707,0.1552734375,held_out
L30_N7102,30,7102,lack_of_knowledge,lok_0118,2.026088237762451,2.0311150550842285,0.005026817321777344,0.3868054449558258,0.3849495053291321,0.1552734375,held_out
L30_N7102,30,7102,lack_of_knowledge,lok_0119,0.32524916529655457,0.32548093795776367,0.00023177266120910645,0.943587601184845,0.9435669183731079,0.1552734375,held_out
L24_N7891,24,7891,lack_of_knowledge,lok_0084,0.4341563880443573,0.4342288076877594,7.241964340209961e-05,0.9005858898162842,0.9005781412124634,0.1318359375,held_out
L24_N7891,24,7891,lack_of_knowledge,lok_0085,0.42863231897354126,0.42915502190589905,0.0005227029323577881,0.9068572521209717,0.9068034887313843,0.1318359375,held_out
L24_N7891,24,7891,lack_of_knowledge,lok_0086,0.3266984820365906,0.35007861256599426,0.023380130529403687,0.9283090233802795,0.9211505651473999,0.1318359375,held_out
L24_N7891,24,7891,lack_of_knowledge,lok_0087,0.21026577055454254,0.21893659234046936,0.008670821785926819,0.9601072669029236,0.958720326423645,0.1318359375,held_out
L24_N7891,24,7891,lack_of_knowledge,lok_0088,0.6349189281463623,0.6334180235862732,-0.0015009045600891113,0.847209095954895,0.8474017381668091,0.1318359375,held_out
L24_N7891,24,7891,lack_of_knowledge,lok_0089,1.332068920135498,1.3315836191177368,-0.00048530101776123047,0.6135196685791016,0.6136133670806885,0.1318359375,held_out
L24_N7891,24,7891,lack_of_knowledge,lok_0090,0.7799999117851257,0.7736527919769287,-0.0063471198081970215,0.8370729684829712,0.8385067582130432,0.1318359375,held_out
L24_N7891,24,7891,lack_of_knowledge,lok_0091,0.43410035967826843,0.4746829867362976,0.040582627058029175,0.917194128036499,0.907275915145874,0.1318359375,held_out
L24_N7891,24,7891,lack_of_knowledge,lok_0092,0.13207854330539703,0.14102551341056824,0.008946970105171204,0.9816097021102905,0.9799349904060364,0.1318359375,held_out
L24_N7891,24,7891,lack_of_knowledge,lok_0093,0.6288393139839172,0.632083535194397,0.0032442212104797363,0.885289192199707,0.8847773671150208,0.1318359375,held_out
L24_N7891,24,7891,lack_of_knowledge,lok_0094,0.23378002643585205,0.21219390630722046,-0.021586120128631592,0.9564200043678284,0.961334228515625,0.1318359375,held_out
L24_N7891,24,7891,lack_of_knowledge,lok_0095,1.2513930797576904,1.1671156883239746,-0.08427739143371582,0.705646276473999,0.7317875623703003,0.1318359375,held_out
L24_N7891,24,7891,lack_of_knowledge,lok_0096,0.16371479630470276,0.16514158248901367,0.001426786184310913,0.9739673137664795,0.9737634658813477,0.1318359375,held_out
L24_N7891,24,7891,lack_of_knowledge,lok_0097,0.041531410068273544,0.04039398580789566,-0.001137424260377884,0.9949134588241577,0.995076596736908,0.1318359375,held_out
L24_N7891,24,7891,lack_of_knowledge,lok_0098,0.1070239394903183,0.110515296459198,0.0034913569688796997,0.9842197299003601,0.9835413098335266,0.1318359375,held_out
L24_N7891,24,7891,lack_of_knowledge,lok_0099,0.33242154121398926,0.3252314329147339,-0.007190108299255371,0.937795102596283,0.9390459060668945,0.1318359375,held_out
L24_N7891,24,7891,lack_of_knowledge,lok_0100,0.039254479110240936,0.03911953419446945,-0.00013494491577148438,0.9952552318572998,0.9952685236930847,0.1318359375,held_out
L24_N7891,24,7891,lack_of_knowledge,lok_0101,0.27281343936920166,0.28490427136421204,0.012090831995010376,0.9526845216751099,0.950067937374115,0.1318359375,held_out
L24_N7891,24,7891,lack_of_knowledge,lok_0102,0.4274698793888092,0.4077974557876587,-0.019672423601150513,0.8977696895599365,0.9056271910667419,0.1318359375,held_out
L24_N7891,24,7891,lack_of_knowledge,lok_0103,1.4094150066375732,1.4109976291656494,0.0015826225280761719,0.5015630125999451,0.501443088054657,0.1318359375,held_out
L24_N7891,24,7891,lack_of_knowledge,lok_0104,0.04291917011141777,0.04276707395911217,-0.00015209615230560303,0.9947358965873718,0.994750440120697,0.1318359375,held_out
L24_N7891,24,7891,lack_of_knowledge,lok_0105,0.3573937714099884,0.34956008195877075,-0.007833689451217651,0.9359149932861328,0.9373548626899719,0.1318359375,held_out
L24_N7891,24,7891,lack_of_knowledge,lok_0106,1.3918558359146118,1.391294002532959,-0.000561833381652832,0.6164926290512085,0.6165553331375122,0.1318359375,held_out
L24_N7891,24,7891,lack_of_knowledge,lok_0107,0.4583297073841095,0.4225854277610779,-0.035744279623031616,0.9166505932807922,0.9244953989982605,0.1318359375,held_out
L24_N7891,24,7891,lack_of_knowledge,lok_0108,0.17142216861248016,0.1695632040500641,-0.0018589645624160767,0.970556914806366,0.9708676338195801,0.1318359375,held_out
L24_N7891,24,7891,lack_of_knowledge,lok_0109,0.12057969719171524,0.12106994539499283,0.0004902482032775879,0.9811159372329712,0.9810591340065002,0.1318359375,held_out
L24_N7891,24,7891,lack_of_knowledge,lok_0110,0.1252739131450653,0.13866257667541504,0.013388663530349731,0.979550838470459,0.9768931865692139,0.1318359375,held_out
L24_N7891,24,7891,lack_of_knowledge,lok_0111,0.25208866596221924,0.2583884000778198,0.006299734115600586,0.9555790424346924,0.9540849924087524,0.1318359375,held_out
L24_N7891,24,7891,lack_of_knowledge,lok_0112,0.7263990640640259,0.7866650223731995,0.060265958309173584,0.8470945358276367,0.8302721381187439,0.1318359375,held_out
L24_N7891,24,7891,lack_of_knowledge,lok_0113,0.20362254977226257,0.2179695963859558,0.014347046613693237,0.9617233872413635,0.9580618143081665,0.1318359375,held_out
L24_N7891,24,7891,lack_of_knowledge,lok_0114,0.28435590863227844,0.28231921792030334,-0.0020366907119750977,0.9454439282417297,0.945713996887207,0.1318359375,held_out
L24_N7891,24,7891,lack_of_knowledge,lok_0115,0.2934064269065857,0.2964935898780823,0.003087162971496582,0.9336539506912231,0.9332791566848755,0.1318359375,held_out
L24_N7891,24,7891,lack_of_knowledge,lok_0116,0.13258959352970123,0.14397476613521576,0.011385172605514526,0.9742581248283386,0.9712318181991577,0.1318359375,held_out
L24_N7891,24,7891,lack_of_knowledge,lok_0117,0.08814115822315216,0.09640456736087799,0.00826340913772583,0.9865699410438538,0.9849986433982849,0.1318359375,held_out
L24_N7891,24,7891,lack_of_knowledge,lok_0118,2.026088237762451,2.030519723892212,0.004431486129760742,0.3868054449558258,0.3863845467567444,0.1318359375,held_out
L24_N7891,24,7891,lack_of_knowledge,lok_0119,0.32524916529655457,0.31379666924476624,-0.01145249605178833,0.943587601184845,0.946810245513916,0.1318359375,held_out
L30_N13513,30,13513,lack_of_knowledge,lok_0084,0.4341563880443573,0.43413716554641724,-1.9222497940063477e-05,0.9005858898162842,0.9005874991416931,0.0927734375,held_out
L30_N13513,30,13513,lack_of_knowledge,lok_0085,0.42863231897354126,0.42544862627983093,-0.003183692693710327,0.9068572521209717,0.9074884057044983,0.0927734375,held_out
L30_N13513,30,13513,lack_of_knowledge,lok_0086,0.3266984820365906,0.3570156991481781,0.030317217111587524,0.9283090233802795,0.919533371925354,0.0927734375,held_out
L30_N13513,30,13513,lack_of_knowledge,lok_0087,0.21026577055454254,0.1986849308013916,-0.01158083975315094,0.9601072669029236,0.9633886218070984,0.0927734375,held_out
L30_N13513,30,13513,lack_of_knowledge,lok_0088,0.6349189281463623,0.6348143219947815,-0.00010460615158081055,0.847209095954895,0.8472179174423218,0.0927734375,held_out
L30_N13513,30,13513,lack_of_knowledge,lok_0089,1.332068920135498,1.3411678075790405,0.00909888744354248,0.6135196685791016,0.6107004880905151,0.0927734375,held_out
L30_N13513,30,13513,lack_of_knowledge,lok_0090,0.7799999117851257,0.7740750312805176,-0.005924880504608154,0.8370729684829712,0.838455319404602,0.0927734375,held_out
L30_N13513,30,13513,lack_of_knowledge,lok_0091,0.43410035967826843,0.4755200743675232,0.04141971468925476,0.917194128036499,0.9071805477142334,0.0927734375,held_out
L30_N13513,30,13513,lack_of_knowledge,lok_0092,0.13207854330539703,0.1400926560163498,0.008014112710952759,0.9816097021102905,0.9800395369529724,0.0927734375,held_out
L30_N13513,30,13513,lack_of_knowledge,lok_0093,0.6288393139839172,0.6306484937667847,0.0018091797828674316,0.885289192199707,0.8850279450416565,0.0927734375,held_out
L30_N13513,30,13513,lack_of_knowledge,lok_0094,0.23378002643585205,0.2344263643026352,0.0006463378667831421,0.9564200043678284,0.956315815448761,0.0927734375,held_out
L30_N13513,30,13513,lack_of_knowledge,lok_0095,1.2513930797576904,1.175983190536499,-0.0754098892211914,0.705646276473999,0.7302581071853638,0.0927734375,held_out
L30_N13513,30,13513,lack_of_knowledge,lok_0096,0.16371479630470276,0.16373586654663086,2.1070241928100586e-05,0.9739673137664795,0.9739654660224915,0.0927734375,held_out
L30_N13513,30,13513,lack_of_knowledge,lok_0097,0.041531410068273544,0.04152389243245125,-7.517635822296143e-06,0.9949134588241577,0.9949134588241577,0.0927734375,held_out
L30_N13513,30,13513,lack_of_knowledge,lok_0098,0.1070239394903183,0.10701806843280792,-5.8710575103759766e-06,0.9842197299003601,0.9842199683189392,0.0927734375,held_out
L30_N13513,30,13513,lack_of_knowledge,lok_0099,0.33242154121398926,0.32850098609924316,-0.003920555114746094,0.937795102596283,0.938583493232727,0.0927734375,held_out
L30_N13513,30,13513,lack_of_knowledge,lok_0100,0.039254479110240936,0.039220646023750305,-3.3833086490631104e-05,0.9952552318572998,0.9952580332756042,0.0927734375,held_out
L30_N13513,30,13513,lack_of_knowledge,lok_0101,0.27281343936920166,0.27281203866004944,-1.4007091522216797e-06,0.9526845216751099,0.9526844024658203,0.0927734375,held_out
L30_N13513,30,13513,lack_of_knowledge,lok_0102,0.4274698793888092,0.42752718925476074,5.7309865951538086e-05,0.8977696895599365,0.8977636098861694,0.0927734375,held_out
L30_N13513,30,13513,lack_of_knowledge,lok_0103,1.4094150066375732,1.412735939025879,0.003320932388305664,0.5015630125999451,0.5012692213058472,0.0927734375,held_out
L30_N13513,30,13513,lack_of_knowledge,lok_0104,0.04291917011141777,0.04293335974216461,1.418963074684143e-05,0.9947358965873718,0.9947348833084106,0.0927734375,held_out
L30_N13513,30,13513,lack_of_knowledge,lok_0105,0.3573937714099884,0.3632194399833679,0.005825668573379517,0.9359149932861328,0.9346097111701965,0.0927734375,held_out
L30_N13513,30,13513,lack_of_knowledge,lok_0106,1.3918558359146118,1.393344521522522,0.0014886856079101562,0.6164926290512085,0.6163352131843567,0.0927734375,held_out
L30_N13513,30,13513,lack_of_knowledge,lok_0107,0.4583297073841095,0.41743797063827515,-0.04089173674583435,0.9166505932807922,0.9257106184959412,0.0927734375,held_out
L30_N13513,30,13513,lack_of_knowledge,lok_0108,0.17142216861248016,0.17141591012477875,-6.258487701416016e-06,0.970556914806366,0.9705578088760376,0.0927734375,held_out
L30_N13513,30,13513,lack_of_knowledge,lok_0109,0.12057969719171524,0.12056300789117813,-1.6689300537109375e-05,0.9811159372329712,0.9811179041862488,0.0927734375,held_out
L30_N13513,30,13513,lack_of_knowledge,lok_0110,0.1252739131450653,0.1253003031015396,2.63899564743042e-05,0.979550838470459,0.9795483350753784,0.0927734375,held_out
L30_N13513,30,13513,lack_of_knowledge,lok_0111,0.25208866596221924,0.25868213176727295,0.006593465805053711,0.9555790424346924,0.954047441482544,0.0927734375,held_out
L30_N13513,30,13513,lack_of_knowledge,lok_0112,0.7263990640640259,0.7264329195022583,3.3855438232421875e-05,0.8470945358276367,0.8470889329910278,0.0927734375,held_out
L30_N13513,30,13513,lack_of_knowledge,lok_0113,0.20362254977226257,0.20351430773735046,-0.00010824203491210938,0.9617233872413635,0.9617341756820679,0.0927734375,held_out
L30_N13513,30,13513,lack_of_knowledge,lok_0114,0.28435590863227844,0.2830527722835541,-0.0013031363487243652,0.9454439282417297,0.9456220865249634,0.0927734375,held_out
L30_N13513,30,13513,lack_of_knowledge,lok_0115,0.2934064269065857,0.320517361164093,0.027110934257507324,0.9336539506912231,0.9254867434501648,0.0927734375,held_out
L30_N13513,30,13513,lack_of_knowledge,lok_0116,0.13258959352970123,0.13257338106632233,-1.621246337890625e-05,0.9742581248283386,0.9742599129676819,0.0927734375,held_out
L30_N13513,30,13513,lack_of_knowledge,lok_0117,0.08814115822315216,0.08807141333818436,-6.974488496780396e-05,0.9865699410438538,0.9865797162055969,0.0927734375,held_out
L30_N13513,30,13513,lack_of_knowledge,lok_0118,2.026088237762451,2.0352230072021484,0.009134769439697266,0.3868054449558258,0.3843867778778076,0.0927734375,held_out
L30_N13513,30,13513,lack_of_knowledge,lok_0119,0.32524916529655457,0.32545748353004456,0.00020831823348999023,0.943587601184845,0.9435632228851318,0.0927734375,held_out
L30_N6621,30,6621,lack_of_knowledge,lok_0084,0.4341563880443573,0.4281645715236664,-0.005991816520690918,0.9005858898162842,0.9015450477600098,0.10107421875,held_out
L30_N6621,30,6621,lack_of_knowledge,lok_0085,0.42863231897354126,0.46718859672546387,0.03855627775192261,0.9068572521209717,0.8957667350769043,0.10107421875,held_out
L30_N6621,30,6621,lack_of_knowledge,lok_0086,0.3266984820365906,0.34999823570251465,0.023299753665924072,0.9283090233802795,0.9211539030075073,0.10107421875,held_out
L30_N6621,30,6621,lack_of_knowledge,lok_0087,0.21026577055454254,0.19825479388237,-0.012010976672172546,0.9601072669029236,0.963434100151062,0.10107421875,held_out
L30_N6621,30,6621,lack_of_knowledge,lok_0088,0.6349189281463623,0.6316009759902954,-0.0033179521560668945,0.847209095954895,0.8475649356842041,0.10107421875,held_out
L30_N6621,30,6621,lack_of_knowledge,lok_0089,1.332068920135498,1.373839259147644,0.041770339012145996,0.6135196685791016,0.5866260528564453,0.10107421875,held_out
L30_N6621,30,6621,lack_of_knowledge,lok_0090,0.7799999117851257,0.7421280741691589,-0.0378718376159668,0.8370729684829712,0.8481194376945496,0.10107421875,held_out
L30_N6621,30,6621,lack_of_knowledge,lok_0091,0.43410035967826843,0.4670182764530182,0.032917916774749756,0.917194128036499,0.9084734916687012,0.10107421875,held_out
L30_N6621,30,6621,lack_of_knowledge,lok_0092,0.13207854330539703,0.13052767515182495,-0.0015508681535720825,0.9816097021102905,0.9818150401115417,0.10107421875,held_out
L30_N6621,30,6621,lack_of_knowledge,lok_0093,0.6288393139839172,0.623790979385376,-0.00504833459854126,0.885289192199707,0.8859745264053345,0.10107421875,held_out
L30_N6621,30,6621,lack_of_knowledge,lok_0094,0.23378002643585205,0.23320908844470978,-0.000570937991142273,0.9564200043678284,0.9564872980117798,0.10107421875,held_out
L30_N6621,30,6621,lack_of_knowledge,lok_0095,1.2513930797576904,1.2000178098678589,-0.05137526988983154,0.705646276473999,0.7250203490257263,0.10107421875,held_out
L30_N6621,30,6621,lack_of_knowledge,lok_0096,0.16371479630470276,0.16327659785747528,-0.00043819844722747803,0.9739673137664795,0.9740172624588013,0.10107421875,held_out
L30_N6621,30,6621,lack_of_knowledge,lok_0097,0.041531410068273544,0.04098112881183624,-0.0005502812564373016,0.9949134588241577,0.9949766397476196,0.10107421875,held_out
L30_N6621,30,6621,lack_of_knowledge,lok_0098,0.1070239394903183,0.10689156502485275,-0.00013237446546554565,0.9842197299003601,0.9842288494110107,0.10107421875,held_out
L30_N6621,30,6621,lack_of_knowledge,lok_0099,0.33242154121398926,0.3270927667617798,-0.005328774452209473,0.937795102596283,0.9387426376342773,0.10107421875,held_out
L30_N6621,30,6621,lack_of_knowledge,lok_0100,0.039254479110240936,0.036969199776649475,-0.002285279333591461,0.9952552318572998,0.9955906867980957,0.10107421875,held_out
L30_N6621,30,6621,lack_of_knowledge,lok_0101,0.27281343936920166,0.2721877098083496,-0.0006257295608520508,0.9526845216751099,0.9527502655982971,0.10107421875,held_out
L30_N6621,30,6621,lack_of_knowledge,lok_0102,0.4274698793888092,0.4077976942062378,-0.01967218518257141,0.8977696895599365,0.9056220650672913,0.10107421875,held_out
L30_N6621,30,6621,lack_of_knowledge,lok_0103,1.4094150066375732,1.405903935432434,-0.00351107120513916,0.5015630125999451,0.5017799139022827,0.10107421875,held_out
L30_N6621,30,6621,lack_of_knowledge,lok_0104,0.04291917011141777,0.04284004122018814,-7.912889122962952e-05,0.9947358965873718,0.9947409629821777,0.10107421875,held_out
L30_N6621,30,6621,lack_of_knowledge,lok_0105,0.3573937714099884,0.34785476326942444,-0.009539008140563965,0.9359149932861328,0.9375861883163452,0.10107421875,held_out
L30_N6621,30,6621,lack_of_knowledge,lok_0106,1.3918558359146118,1.388720989227295,-0.0031348466873168945,0.6164926290512085,0.6167911291122437,0.10107421875,held_out
L30_N6621,30,6621,lack_of_knowledge,lok_0107,0.4583297073841095,0.4168506860733032,-0.041479021310806274,0.9166505932807922,0.9257517457008362,0.10107421875,held_out
L30_N6621,30,6621,lack_of_knowledge,lok_0108,0.17142216861248016,0.1713576316833496,-6.45369291305542e-05,0.970556914806366,0.9705614447593689,0.10107421875,held_out
L30_N6621,30,6621,lack_of_knowledge,lok_0109,0.12057969719171524,0.11874566972255707,-0.0018340274691581726,0.9811159372329712,0.9814062118530273,0.10107421875,held_out
L30_N6621,30,6621,lack_of_knowledge,lok_0110,0.1252739131450653,0.12517563998699188,-9.827315807342529e-05,0.979550838470459,0.9795578122138977,0.10107421875,held_out
L30_N6621,30,6621,lack_of_knowledge,lok_0111,0.25208866596221924,0.2510142922401428,-0.001074373722076416,0.9555790424346924,0.9557123184204102,0.10107421875,held_out
L30_N6621,30,6621,lack_of_knowledge,lok_0112,0.7263990640640259,0.7550053596496582,0.028606295585632324,0.8470945358276367,0.8408629894256592,0.10107421875,held_out
L30_N6621,30,6621,lack_of_knowledge,lok_0113,0.20362254977226257,0.2034386694431305,-0.00018388032913208008,0.9617233872413635,0.9617388844490051,0.10107421875,held_out
L30_N6621,30,6621,lack_of_knowledge,lok_0114,0.28435590863227844,0.2696601152420044,-0.014695793390274048,0.9454439282417297,0.9493741393089294,0.10107421875,held_out
L30_N6621,30,6621,lack_of_knowledge,lok_0115,0.2934064269065857,0.30223074555397034,0.008824318647384644,0.9336539506912231,0.9319962859153748,0.10107421875,held_out
L30_N6621,30,6621,lack_of_knowledge,lok_0116,0.13258959352970123,0.13249380886554718,-9.578466415405273e-05,0.9742581248283386,0.9742660522460938,0.10107421875,held_out
L30_N6621,30,6621,lack_of_knowledge,lok_0117,0.08814115822315216,0.09200069308280945,0.0038595348596572876,0.9865699410438538,0.9860799908638,0.10107421875,held_out
L30_N6621,30,6621,lack_of_knowledge,lok_0118,2.026088237762451,2.051990032196045,0.02590179443359375,0.3868054449558258,0.3831768035888672,0.10107421875,held_out
L30_N6621,30,6621,lack_of_knowledge,lok_0119,0.32524916529655457,0.3244189918041229,-0.0008301734924316406,0.943587601184845,0.9436715841293335,0.10107421875,held_out
L30_N3533,30,3533,lack_of_knowledge,lok_0084,0.4341563880443573,0.4337436556816101,-0.0004127323627471924,0.9005858898162842,0.9006282091140747,0.138671875,held_out
L30_N3533,30,3533,lack_of_knowledge,lok_0085,0.42863231897354126,0.4287523031234741,0.00011998414993286133,0.9068572521209717,0.9068453907966614,0.138671875,held_out
L30_N3533,30,3533,lack_of_knowledge,lok_0086,0.3266984820365906,0.32669776678085327,-7.152557373046875e-07,0.9283090233802795,0.9283092617988586,0.138671875,held_out
L30_N3533,30,3533,lack_of_knowledge,lok_0087,0.21026577055454254,0.21032844483852386,6.267428398132324e-05,0.9601072669029236,0.9601014256477356,0.138671875,held_out
L30_N3533,30,3533,lack_of_knowledge,lok_0088,0.6349189281463623,0.6349040865898132,-1.4841556549072266e-05,0.847209095954895,0.8472061157226562,0.138671875,held_out
L30_N3533,30,3533,lack_of_knowledge,lok_0089,1.332068920135498,1.3303396701812744,-0.0017292499542236328,0.6135196685791016,0.6137094497680664,0.138671875,held_out
L30_N3533,30,3533,lack_of_knowledge,lok_0090,0.7799999117851257,0.7694214582443237,-0.010578453540802002,0.8370729684829712,0.8392850756645203,0.138671875,held_out
L30_N3533,30,3533,lack_of_knowledge,lok_0091,0.43410035967826843,0.4746944010257721,0.04059404134750366,0.917194128036499,0.907274067401886,0.138671875,held_out
L30_N3533,30,3533,lack_of_knowledge,lok_0092,0.13207854330539703,0.131923645734787,-0.0001548975706100464,0.9816097021102905,0.9816250205039978,0.138671875,held_out
L30_N3533,30,3533,lack_of_knowledge,lok_0093,0.6288393139839172,0.6267961263656616,-0.0020431876182556152,0.885289192199707,0.8856687545776367,0.138671875,held_out
L30_N3533,30,3533,lack_of_knowledge,lok_0094,0.23378002643585205,0.2344111204147339,0.0006310939788818359,0.9564200043678284,0.9563166499137878,0.138671875,held_out
L30_N3533,30,3533,lack_of_knowledge,lok_0095,1.2513930797576904,1.251330852508545,-6.222724914550781e-05,0.705646276473999,0.7056514024734497,0.138671875,held_out
L30_N3533,30,3533,lack_of_knowledge,lok_0096,0.16371479630470276,0.15683719515800476,-0.006877601146697998,0.9739673137664795,0.9755637049674988,0.138671875,held_out
L30_N3533,30,3533,lack_of_knowledge,lok_0097,0.041531410068273544,0.04101436212658882,-0.0005170479416847229,0.9949134588241577,0.9949744939804077,0.138671875,held_out
L30_N3533,30,3533,lack_of_knowledge,lok_0098,0.1070239394903183,0.1069655492901802,-5.839020013809204e-05,0.9842197299003601,0.9842242002487183,0.138671875,held_out
L30_N3533,30,3533,lack_of_knowledge,lok_0099,0.33242154121398926,0.3280029892921448,-0.004418551921844482,0.937795102596283,0.9386404156684875,0.138671875,held_out
L30_N3533,30,3533,lack_of_knowledge,lok_0100,0.039254479110240936,0.039109647274017334,-0.0001448318362236023,0.9952552318572998,0.9952691197395325,0.138671875,held_out
L30_N3533,30,3533,lack_of_knowledge,lok_0101,0.27281343936920166,0.27243566513061523,-0.0003777742385864258,0.9526845216751099,0.9527258276939392,0.138671875,held_out
L30_N3533,30,3533,lack_of_knowledge,lok_0102,0.4274698793888092,0.407934308052063,-0.019535571336746216,0.8977696895599365,0.9056108593940735,0.138671875,held_out
L30_N3533,30,3533,lack_of_knowledge,lok_0103,1.4094150066375732,1.4153199195861816,0.0059049129486083984,0.5015630125999451,0.5010302066802979,0.138671875,held_out
L30_N3533,30,3533,lack_of_knowledge,lok_0104,0.04291917011141777,0.042926110327243805,6.940215826034546e-06,0.9947358965873718,0.9947353005409241,0.138671875,held_out
L30_N3533,30,3533,lack_of_knowledge,lok_0105,0.3573937714099884,0.36315757036209106,0.005763798952102661,0.9359149932861328,0.9346176981925964,0.138671875,held_out
L30_N3533,30,3533,lack_of_knowledge,lok_0106,1.3918558359146118,1.3934831619262695,0.0016273260116577148,0.6164926290512085,0.6163725852966309,0.138671875,held_out
L30_N3533,30,3533,lack_of_knowledge,lok_0107,0.4583297073841095,0.45758917927742004,-0.0007405281066894531,0.9166505932807922,0.9167242646217346,0.138671875,held_out
L30_N3533,30,3533,lack_of_knowledge,lok_0108,0.17142216861248016,0.1713995784521103,-2.2590160369873047e-05,0.970556914806366,0.9705591797828674,0.138671875,held_out
L30_N3533,30,3533,lack_of_knowledge,lok_0109,0.12057969719171524,0.12092593312263489,0.0003462359309196472,0.9811159372329712,0.9810652136802673,0.138671875,held_out
L30_N3533,30,3533,lack_of_knowledge,lok_0110,0.1252739131450653,0.12527146935462952,-2.4437904357910156e-06,0.979550838470459,0.9795503616333008,0.138671875,held_out
L30_N3533,30,3533,lack_of_knowledge,lok_0111,0.25208866596221924,0.2518450915813446,-0.0002435743808746338,0.9555790424346924,0.9556098580360413,0.138671875,held_out
L30_N3533,30,3533,lack_of_knowledge,lok_0112,0.7263990640640259,0.786826491355896,0.06042742729187012,0.8470945358276367,0.8302351832389832,0.138671875,held_out
L30_N3533,30,3533,lack_of_knowledge,lok_0113,0.20362254977226257,0.20353369414806366,-8.885562419891357e-05,0.9617233872413635,0.9617326259613037,0.138671875,held_out
L30_N3533,30,3533,lack_of_knowledge,lok_0114,0.28435590863227844,0.28287583589553833,-0.0014800727367401123,0.9454439282417297,0.945643424987793,0.138671875,held_out
L30_N3533,30,3533,lack_of_knowledge,lok_0115,0.2934064269065857,0.2764337658882141,-0.016972661018371582,0.9336539506912231,0.9394799470901489,0.138671875,held_out
L30_N3533,30,3533,lack_of_knowledge,lok_0116,0.13258959352970123,0.14349770545959473,0.010908111929893494,0.9742581248283386,0.9712938070297241,0.138671875,held_out
L30_N3533,30,3533,lack_of_knowledge,lok_0117,0.08814115822315216,0.08812608569860458,-1.5072524547576904e-05,0.9865699410438538,0.9865712523460388,0.138671875,held_out
L30_N3533,30,3533,lack_of_knowledge,lok_0118,2.026088237762451,2.028549909591675,0.002461671829223633,0.3868054449558258,0.3851262927055359,0.138671875,held_out
L30_N3533,30,3533,lack_of_knowledge,lok_0119,0.32524916529655457,0.3248114287853241,-0.00043773651123046875,0.943587601184845,0.9436415433883667,0.138671875,held_out
L29_N11308,29,11308,lack_of_knowledge,lok_0084,0.4341563880443573,0.43449777364730835,0.0003413856029510498,0.9005858898162842,0.9005529880523682,0.140625,held_out
L29_N11308,29,11308,lack_of_knowledge,lok_0085,0.42863231897354126,0.4293111264705658,0.0006788074970245361,0.9068572521209717,0.9067908525466919,0.140625,held_out
L29_N11308,29,11308,lack_of_knowledge,lok_0086,0.3266984820365906,0.32107678055763245,-0.00562170147895813,0.9283090233802795,0.9296615719795227,0.140625,held_out
L29_N11308,29,11308,lack_of_knowledge,lok_0087,0.21026577055454254,0.20160794258117676,-0.008657827973365784,0.9601072669029236,0.962870180606842,0.140625,held_out
L29_N11308,29,11308,lack_of_knowledge,lok_0088,0.6349189281463623,0.6351172924041748,0.0001983642578125,0.847209095954895,0.847186803817749,0.140625,held_out
L29_N11308,29,11308,lack_of_knowledge,lok_0089,1.332068920135498,1.343034029006958,0.010965108871459961,0.6135196685791016,0.6105319857597351,0.140625,held_out
L29_N11308,29,11308,lack_of_knowledge,lok_0090,0.7799999117851257,0.7207918167114258,-0.05920809507369995,0.8370729684829712,0.8531750440597534,0.140625,held_out
L29_N11308,29,11308,lack_of_knowledge,lok_0091,0.43410035967826843,0.4365963935852051,0.0024960339069366455,0.917194128036499,0.9168193936347961,0.140625,held_out
L29_N11308,29,11308,lack_of_knowledge,lok_0092,0.13207854330539703,0.13103622198104858,-0.0010423213243484497,0.9816097021102905,0.9817748069763184,0.140625,held_out
L29_N11308,29,11308,lack_of_knowledge,lok_0093,0.6288393139839172,0.6341114044189453,0.005272090435028076,0.885289192199707,0.8843928575515747,0.140625,held_out
L29_N11308,29,11308,lack_of_knowledge,lok_0094,0.23378002643585205,0.2135275900363922,-0.02025243639945984,0.9564200043678284,0.9611557722091675,0.140625,held_out
L29_N11308,29,11308,lack_of_knowledge,lok_0095,1.2513930797576904,1.1749705076217651,-0.07642257213592529,0.705646276473999,0.7306200265884399,0.140625,held_out
L29_N11308,29,11308,lack_of_knowledge,lok_0096,0.16371479630470276,0.16569802165031433,0.0019832253456115723,0.9739673137664795,0.9736951589584351,0.140625,held_out
L29_N11308,29,11308,lack_of_knowledge,lok_0097,0.041531410068273544,0.03736717998981476,-0.004164230078458786,0.9949134588241577,0.9954959154129028,0.140625,held_out
L29_N11308,29,11308,lack_of_knowledge,lok_0098,0.1070239394903183,0.111012764275074,0.003988824784755707,0.9842197299003601,0.9834871292114258,0.140625,held_out
L29_N11308,29,11308,lack_of_knowledge,lok_0099,0.33242154121398926,0.3025207817554474,-0.02990075945854187,0.937795102596283,0.9446663856506348,0.140625,held_out
L29_N11308,29,11308,lack_of_knowledge,lok_0100,0.039254479110240936,0.039273180067539215,1.870095729827881e-05,0.9952552318572998,0.9952536821365356,0.140625,held_out
L29_N11308,29,11308,lack_of_knowledge,lok_0101,0.27281343936920166,0.280356764793396,0.007543325424194336,0.9526845216751099,0.9509317278862,0.140625,held_out
L29_N11308,29,11308,lack_of_knowledge,lok_0102,0.4274698793888092,0.37433111667633057,-0.05313876271247864,0.8977696895599365,0.915744423866272,0.140625,held_out
L29_N11308,29,11308,lack_of_knowledge,lok_0103,1.4094150066375732,1.372166395187378,-0.03724861145019531,0.5015630125999451,0.5318498015403748,0.140625,held_out
L29_N11308,29,11308,lack_of_knowledge,lok_0104,0.04291917011141777,0.04305078089237213,0.00013161078095436096,0.9947358965873718,0.9947239756584167,0.140625,held_out
L29_N11308,29,11308,lack_of_knowledge,lok_0105,0.3573937714099884,0.3576684892177582,0.0002747178077697754,0.9359149932861328,0.9358856678009033,0.140625,held_out
L29_N11308,29,11308,lack_of_knowledge,lok_0106,1.3918558359146118,1.395894169807434,0.004038333892822266,0.6164926290512085,0.6160546541213989,0.140625,held_out
L29_N11308,29,11308,lack_of_knowledge,lok_0107,0.4583297073841095,0.4394051730632782,-0.0189245343208313,0.9166505932807922,0.9207900166511536,0.140625,held_out
L29_N11308,29,11308,lack_of_knowledge,lok_0108,0.17142216861248016,0.17155030369758606,0.000128135085105896,0.970556914806366,0.9705459475517273,0.140625,held_out
L29_N11308,29,11308,lack_of_knowledge,lok_0109,0.12057969719171524,0.11939976364374161,-0.0011799335479736328,0.9811159372329712,0.9813303351402283,0.140625,held_out
L29_N11308,29,11308,lack_of_knowledge,lok_0110,0.1252739131450653,0.12514728307724,-0.00012663006782531738,0.979550838470459,0.9795637726783752,0.140625,held_out
L29_N11308,29,11308,lack_of_knowledge,lok_0111,0.25208866596221924,0.23789934813976288,-0.01418931782245636,0.9555790424346924,0.9586572051048279,0.140625,held_out
L29_N11308,29,11308,lack_of_knowledge,lok_0112,0.7263990640640259,0.7307000160217285,0.004300951957702637,0.8470945358276367,0.8463971018791199,0.140625,held_out
L29_N11308,29,11308,lack_of_knowledge,lok_0113,0.20362254977226257,0.20367953181266785,5.698204040527344e-05,0.9617233872413635,0.9617207050323486,0.140625,held_out
L29_N11308,29,11308,lack_of_knowledge,lok_0114,0.28435590863227844,0.2843210697174072,-3.483891487121582e-05,0.9454439282417297,0.9454532861709595,0.140625,held_out
L29_N11308,29,11308,lack_of_knowledge,lok_0115,0.2934064269065857,0.2935905456542969,0.00018411874771118164,0.9336539506912231,0.9336390495300293,0.140625,held_out
L29_N11308,29,11308,lack_of_knowledge,lok_0116,0.13258959352970123,0.14351484179496765,0.010925248265266418,0.9742581248283386,0.9712926745414734,0.140625,held_out
L29_N11308,29,11308,lack_of_knowledge,lok_0117,0.08814115822315216,0.08178208768367767,-0.006359070539474487,0.9865699410438538,0.9878458380699158,0.140625,held_out
L29_N11308,29,11308,lack_of_knowledge,lok_0118,2.026088237762451,2.035264253616333,0.009176015853881836,0.3868054449558258,0.3844611942768097,0.140625,held_out
L29_N11308,29,11308,lack_of_knowledge,lok_0119,0.32524916529655457,0.334523469209671,0.009274303913116455,0.943587601184845,0.9416597485542297,0.140625,held_out
L29_N10191,29,10191,lack_of_knowledge,lok_0084,0.4341563880443573,0.4315682053565979,-0.0025881826877593994,0.9005858898162842,0.9010338187217712,0.12109375,held_out
L29_N10191,29,10191,lack_of_knowledge,lok_0085,0.42863231897354126,0.4535650610923767,0.02493274211883545,0.9068572521209717,0.8990747928619385,0.12109375,held_out
L29_N10191,29,10191,lack_of_knowledge,lok_0086,0.3266984820365906,0.33208733797073364,0.005388855934143066,0.9283090233802795,0.927592933177948,0.12109375,held_out
L29_N10191,29,10191,lack_of_knowledge,lok_0087,0.21026577055454254,0.19854235649108887,-0.011723414063453674,0.9601072669029236,0.9634013175964355,0.12109375,held_out
L29_N10191,29,10191,lack_of_knowledge,lok_0088,0.6349189281463623,0.6342028379440308,-0.000716090202331543,0.847209095954895,0.8473366498947144,0.12109375,held_out
L29_N10191,29,10191,lack_of_knowledge,lok_0089,1.332068920135498,1.320776343345642,-0.011292576789855957,0.6135196685791016,0.6155640482902527,0.12109375,held_out
L29_N10191,29,10191,lack_of_knowledge,lok_0090,0.7799999117851257,0.7616890668869019,-0.018310844898223877,0.8370729684829712,0.8408361077308655,0.12109375,held_out
L29_N10191,29,10191,lack_of_knowledge,lok_0091,0.43410035967826843,0.45125001668930054,0.017149657011032104,0.917194128036499,0.9123823046684265,0.12109375,held_out
L29_N10191,29,10191,lack_of_knowledge,lok_0092,0.13207854330539703,0.1433790624141693,0.011300519108772278,0.9816097021102905,0.979637086391449,0.12109375,held_out
L29_N10191,29,10191,lack_of_knowledge,lok_0093,0.6288393139839172,0.6253219246864319,-0.0035173892974853516,0.885289192199707,0.8858082890510559,0.12109375,held_out
L29_N10191,29,10191,lack_of_knowledge,lok_0094,0.23378002643585205,0.23484206199645996,0.0010620355606079102,0.9564200043678284,0.9562593102455139,0.12109375,held_out
L29_N10191,29,10191,lack_of_knowledge,lok_0095,1.2513930797576904,1.2031383514404297,-0.04825472831726074,0.705646276473999,0.7245298624038696,0.12109375,held_out
L29_N10191,29,10191,lack_of_knowledge,lok_0096,0.16371479630470276,0.15601545572280884,-0.007699340581893921,0.9739673137664795,0.9756527543067932,0.12109375,held_out
L29_N10191,29,10191,lack_of_knowledge,lok_0097,0.041531410068273544,0.04138551652431488,-0.00014589354395866394,0.9949134588241577,0.9949257373809814,0.12109375,held_out
L29_N10191,29,10191,lack_of_knowledge,lok_0098,0.1070239394903183,0.10659138858318329,-0.00043255090713500977,0.9842197299003601,0.9842627048492432,0.12109375,held_out
L29_N10191,29,10191,lack_of_knowledge,lok_0099,0.33242154121398926,0.31327664852142334,-0.019144892692565918,0.937795102596283,0.9428634643554688,0.12109375,held_out
L29_N10191,29,10191,lack_of_knowledge,lok_0100,0.039254479110240936,0.03767242282629013,-0.0015820562839508057,0.9952552318572998,0.9954953193664551,0.12109375,held_out
L29_N10191,29,10191,lack_of_knowledge,lok_0101,0.27281343936920166,0.260326087474823,-0.012487351894378662,0.9526845216751099,0.9554578065872192,0.12109375,held_out
L29_N10191,29,10191,lack_of_knowledge,lok_0102,0.4274698793888092,0.40669500827789307,-0.020774871110916138,0.8977696895599365,0.9057334661483765,0.12109375,held_out
L29_N10191,29,10191,lack_of_knowledge,lok_0103,1.4094150066375732,1.412914514541626,0.0034995079040527344,0.5015630125999451,0.5012194514274597,0.12109375,held_out
L29_N10191,29,10191,lack_of_knowledge,lok_0104,0.04291917011141777,0.04288437217473984,-3.479793667793274e-05,0.9947358965873718,0.9947388768196106,0.12109375,held_out
L29_N10191,29,10191,lack_of_knowledge,lok_0105,0.3573937714099884,0.3468971252441406,-0.010496646165847778,0.9359149932861328,0.9376964569091797,0.12109375,held_out
L29_N10191,29,10191,lack_of_knowledge,lok_0106,1.3918558359146118,1.391324758529663,-0.0005310773849487305,0.6164926290512085,0.6165170669555664,0.12109375,held_out
L29_N10191,29,10191,lack_of_knowledge,lok_0107,0.4583297073841095,0.4362061023712158,-0.022123605012893677,0.9166505932807922,0.9216650128364563,0.12109375,held_out
L29_N10191,29,10191,lack_of_knowledge,lok_0108,0.17142216861248016,0.18030883371829987,0.008886665105819702,0.970556914806366,0.9687133431434631,0.12109375,held_out
L29_N10191,29,10191,lack_of_knowledge,lok_0109,0.12057969719171524,0.11926925927400589,-0.0013104379177093506,0.9811159372329712,0.98134446144104,0.12109375,held_out
L29_N10191,29,10191,lack_of_knowledge,lok_0110,0.1252739131450653,0.13673365116119385,0.01145973801612854,0.979550838470459,0.9771966934204102,0.12109375,held_out
L29_N10191,29,10191,lack_of_knowledge,lok_0111,0.25208866596221924,0.24800512194633484,-0.004083544015884399,0.9555790424346924,0.9562766551971436,0.12109375,held_out
L29_N10191,29,10191,lack_of_knowledge,lok_0112,0.7263990640640259,0.7429594993591309,0.01656043529510498,0.8470945358276367,0.8434533476829529,0.12109375,held_out
L29_N10191,29,10191,lack_of_knowledge,lok_0113,0.20362254977226257,0.20599670708179474,0.0023741573095321655,0.9617233872413635,0.961372435092926,0.12109375,held_out
L29_N10191,29,10191,lack_of_knowledge,lok_0114,0.28435590863227844,0.2955130338668823,0.011157125234603882,0.9454439282417297,0.9431439638137817,0.12109375,held_out
L29_N10191,29,10191,lack_of_knowledge,lok_0115,0.2934064269065857,0.2960081398487091,0.002601712942123413,0.9336539506912231,0.9333226680755615,0.12109375,held_out
L29_N10191,29,10191,lack_of_knowledge,lok_0116,0.13258959352970123,0.1322910040616989,-0.00029858946800231934,0.9742581248283386,0.9742882251739502,0.12109375,held_out
L29_N10191,29,10191,lack_of_knowledge,lok_0117,0.08814115822315216,0.08167420327663422,-0.006466954946517944,0.9865699410438538,0.9878550171852112,0.12109375,held_out
L29_N10191,29,10191,lack_of_knowledge,lok_0118,2.026088237762451,2.02976655960083,0.0036783218383789062,0.3868054449558258,0.3850902020931244,0.12109375,held_out
L29_N10191,29,10191,lack_of_knowledge,lok_0119,0.32524916529655457,0.31123656034469604,-0.01401260495185852,0.943587601184845,0.9471036791801453,0.12109375,held_out
L31_N2477,31,2477,lack_of_knowledge,lok_0084,0.4341563880443573,0.42789116501808167,-0.006265223026275635,0.9005858898162842,0.9015681147575378,0.0712890625,held_out
L31_N2477,31,2477,lack_of_knowledge,lok_0085,0.42863231897354126,0.4184420108795166,-0.010190308094024658,0.9068572521209717,0.9085332155227661,0.0712890625,held_out
L31_N2477,31,2477,lack_of_knowledge,lok_0086,0.3266984820365906,0.34937113523483276,0.022672653198242188,0.9283090233802795,0.9212052226066589,0.0712890625,held_out
L31_N2477,31,2477,lack_of_knowledge,lok_0087,0.21026577055454254,0.19791832566261292,-0.012347444891929626,0.9601072669029236,0.9634665250778198,0.0712890625,held_out
L31_N2477,31,2477,lack_of_knowledge,lok_0088,0.6349189281463623,0.6130704879760742,-0.021848440170288086,0.847209095954895,0.8546728491783142,0.0712890625,held_out
L31_N2477,31,2477,lack_of_knowledge,lok_0089,1.332068920135498,1.3108024597167969,-0.021266460418701172,0.6135196685791016,0.616528332233429,0.0712890625,held_out
L31_N2477,31,2477,lack_of_knowledge,lok_0090,0.7799999117851257,0.757369875907898,-0.022630035877227783,0.8370729684829712,0.841259241104126,0.0712890625,held_out
L31_N2477,31,2477,lack_of_knowledge,lok_0091,0.43410035967826843,0.4675794243812561,0.03347906470298767,0.917194128036499,0.9083461761474609,0.0712890625,held_out
L31_N2477,31,2477,lack_of_knowledge,lok_0092,0.13207854330539703,0.13295882940292358,0.0008802860975265503,0.9816097021102905,0.9812474846839905,0.0712890625,held_out
L31_N2477,31,2477,lack_of_knowledge,lok_0093,0.6288393139839172,0.6166555881500244,-0.012183725833892822,0.885289192199707,0.8867009878158569,0.0712890625,held_out
L31_N2477,31,2477,lack_of_knowledge,lok_0094,0.23378002643585205,0.22399300336837769,-0.009787023067474365,0.9564200043678284,0.9587620496749878,0.0712890625,held_out
L31_N2477,31,2477,lack_of_knowledge,lok_0095,1.2513930797576904,1.2101829051971436,-0.041210174560546875,0.705646276473999,0.720435619354248,0.0712890625,held_out
L31_N2477,31,2477,lack_of_knowledge,lok_0096,0.16371479630470276,0.16306540369987488,-0.0006493926048278809,0.9739673137664795,0.9740244150161743,0.0712890625,held_out
L31_N2477,31,2477,lack_of_knowledge,lok_0097,0.041531410068273544,0.0395309180021286,-0.0020004920661449432,0.9949134588241577,0.9951689839363098,0.0712890625,held_out
L31_N2477,31,2477,lack_of_knowledge,lok_0098,0.1070239394903183,0.1061871275305748,-0.0008368119597434998,0.9842197299003601,0.9842952489852905,0.0712890625,held_out
L31_N2477,31,2477,lack_of_knowledge,lok_0099,0.33242154121398926,0.3311848044395447,-0.00123673677444458,0.937795102596283,0.9378013610839844,0.0712890625,held_out
L31_N2477,31,2477,lack_of_knowledge,lok_0100,0.039254479110240936,0.03652370721101761,-0.0027307718992233276,0.9952552318572998,0.9956392049789429,0.0712890625,held_out
L31_N2477,31,2477,lack_of_knowledge,lok_0101,0.27281343936920166,0.2717772126197815,-0.001036226749420166,0.9526845216751099,0.9527843594551086,0.0712890625,held_out
L31_N2477,31,2477,lack_of_knowledge,lok_0102,0.4274698793888092,0.4067540168762207,-0.0207158625125885,0.8977696895599365,0.9057174324989319,0.0712890625,held_out
L31_N2477,31,2477,lack_of_knowledge,lok_0103,1.4094150066375732,1.3877354860305786,-0.02167952060699463,0.5015630125999451,0.5032097101211548,0.0712890625,held_out
L31_N2477,31,2477,lack_of_knowledge,lok_0104,0.04291917011141777,0.04137227311730385,-0.0015468969941139221,0.9947358965873718,0.994926929473877,0.0712890625,held_out
L31_N2477,31,2477,lack_of_knowledge,lok_0105,0.3573937714099884,0.34736382961273193,-0.01002994179725647,0.9359149932861328,0.9376084208488464,0.0712890625,held_out
L31_N2477,31,2477,lack_of_knowledge,lok_0106,1.3918558359146118,1.3768255710601807,-0.015030264854431152,0.6164926290512085,0.6178600192070007,0.0712890625,held_out
L31_N2477,31,2477,lack_of_knowledge,lok_0107,0.4583297073841095,0.45140016078948975,-0.006929546594619751,0.9166505932807922,0.9176209568977356,0.0712890625,held_out
L31_N2477,31,2477,lack_of_knowledge,lok_0108,0.17142216861248016,0.16483467817306519,-0.006587490439414978,0.970556914806366,0.9719850420951843,0.0712890625,held_out
L31_N2477,31,2477,lack_of_knowledge,lok_0109,0.12057969719171524,0.11814644932746887,-0.0024332478642463684,0.9811159372329712,0.981432318687439,0.0712890625,held_out
L31_N2477,31,2477,lack_of_knowledge,lok_0110,0.1252739131450653,0.13536986708641052,0.010095953941345215,0.979550838470459,0.9773678779602051,0.0712890625,held_out
L31_N2477,31,2477,lack_of_knowledge,lok_0111,0.25208866596221924,0.2504066228866577,-0.0016820430755615234,0.9555790424346924,0.9557740688323975,0.0712890625,held_out
L31_N2477,31,2477,lack_of_knowledge,lok_0112,0.7263990640640259,0.7656701803207397,0.03927111625671387,0.8470945358276367,0.8368828892707825,0.0712890625,held_out
L31_N2477,31,2477,lack_of_knowledge,lok_0113,0.20362254977226257,0.20307557284832,-0.0005469769239425659,0.9617233872413635,0.9617725610733032,0.0712890625,held_out
L31_N2477,31,2477,lack_of_knowledge,lok_0114,0.28435590863227844,0.28022339940071106,-0.004132509231567383,0.9454439282417297,0.9459547996520996,0.0712890625,held_out
L31_N2477,31,2477,lack_of_knowledge,lok_0115,0.2934064269065857,0.30063921213150024,0.007232785224914551,0.9336539506912231,0.9321907162666321,0.0712890625,held_out
L31_N2477,31,2477,lack_of_knowledge,lok_0116,0.13258959352970123,0.1456671804189682,0.013077586889266968,0.9742581248283386,0.9709745049476624,0.0712890625,held_out
L31_N2477,31,2477,lack_of_knowledge,lok_0117,0.08814115822315216,0.08035758882761002,-0.007783569395542145,0.9865699410438538,0.9880282878875732,0.0712890625,held_out
L31_N2477,31,2477,lack_of_knowledge,lok_0118,2.026088237762451,1.9960424900054932,-0.030045747756958008,0.3868054449558258,0.40724655985832214,0.0712890625,held_out
L31_N2477,31,2477,lack_of_knowledge,lok_0119,0.32524916529655457,0.3223217725753784,-0.0029273927211761475,0.943587601184845,0.943891167640686,0.0712890625,held_out
L29_N8568,29,8568,lack_of_knowledge,lok_0084,0.4341563880443573,0.43416085839271545,4.470348358154297e-06,0.9005858898162842,0.9005832672119141,0.11474609375,held_out
L29_N8568,29,8568,lack_of_knowledge,lok_0085,0.42863231897354126,0.4287031888961792,7.086992263793945e-05,0.9068572521209717,0.9068512320518494,0.11474609375,held_out
L29_N8568,29,8568,lack_of_knowledge,lok_0086,0.3266984820365906,0.35706254839897156,0.03036406636238098,0.9283090233802795,0.9195295572280884,0.11474609375,held_out
L29_N8568,29,8568,lack_of_knowledge,lok_0087,0.21026577055454254,0.19870498776435852,-0.011560782790184021,0.9601072669029236,0.9633870720863342,0.11474609375,held_out
L29_N8568,29,8568,lack_of_knowledge,lok_0088,0.6349189281463623,0.6511448621749878,0.01622593402862549,0.847209095954895,0.8404707312583923,0.11474609375,held_out
L29_N8568,29,8568,lack_of_knowledge,lok_0089,1.332068920135498,1.3313543796539307,-0.0007145404815673828,0.6135196685791016,0.6136271357536316,0.11474609375,held_out
L29_N8568,29,8568,lack_of_knowledge,lok_0090,0.7799999117851257,0.7748775482177734,-0.005122363567352295,0.8370729684829712,0.838343620300293,0.11474609375,held_out
L29_N8568,29,8568,lack_of_knowledge,lok_0091,0.43410035967826843,0.43388688564300537,-0.00021347403526306152,0.917194128036499,0.9172161221504211,0.11474609375,held_out
L29_N8568,29,8568,lack_of_knowledge,lok_0092,0.13207854330539703,0.13230416178703308,0.00022561848163604736,0.9816097021102905,0.9815824031829834,0.11474609375,held_out
L29_N8568,29,8568,lack_of_knowledge,lok_0093,0.6288393139839172,0.6321907043457031,0.0033513903617858887,0.885289192199707,0.8846255540847778,0.11474609375,held_out
L29_N8568,29,8568,lack_of_knowledge,lok_0094,0.23378002643585205,0.23491397500038147,0.001133948564529419,0.9564200043678284,0.9562543034553528,0.11474609375,held_out
L29_N8568,29,8568,lack_of_knowledge,lok_0095,1.2513930797576904,1.1714725494384766,-0.07992053031921387,0.705646276473999,0.7310086488723755,0.11474609375,held_out
L29_N8568,29,8568,lack_of_knowledge,lok_0096,0.16371479630470276,0.1651974767446518,0.0014826804399490356,0.9739673137664795,0.9737573266029358,0.11474609375,held_out
L29_N8568,29,8568,lack_of_knowledge,lok_0097,0.041531410068273544,0.04145925119519234,-7.215887308120728e-05,0.9949134588241577,0.9949191212654114,0.11474609375,held_out
L29_N8568,29,8568,lack_of_knowledge,lok_0098,0.1070239394903183,0.1070239394903183,0.0,0.9842197299003601,0.9842197299003601,0.11474609375,held_out
L29_N8568,29,8568,lack_of_knowledge,lok_0099,0.33242154121398926,0.3325768709182739,0.00015532970428466797,0.937795102596283,0.9377756714820862,0.11474609375,held_out
L29_N8568,29,8568,lack_of_knowledge,lok_0100,0.039254479110240936,0.039248041808605194,-6.4373016357421875e-06,0.9952552318572998,0.9952548742294312,0.11474609375,held_out
L29_N8568,29,8568,lack_of_knowledge,lok_0101,0.27281343936920166,0.27225735783576965,-0.0005560815334320068,0.9526845216751099,0.9527488946914673,0.11474609375,held_out
L29_N8568,29,8568,lack_of_knowledge,lok_0102,0.4274698793888092,0.4104325771331787,-0.017037302255630493,0.8977696895599365,0.905168354511261,0.11474609375,held_out
L29_N8568,29,8568,lack_of_knowledge,lok_0103,1.4094150066375732,1.4123371839523315,0.0029221773147583008,0.5015630125999451,0.501293420791626,0.11474609375,held_out
L29_N8568,29,8568,lack_of_knowledge,lok_0104,0.04291917011141777,0.042919378727674484,2.086162567138672e-07,0.9947358965873718,0.9947356581687927,0.11474609375,held_out
L29_N8568,29,8568,lack_of_knowledge,lok_0105,0.3573937714099884,0.363801509141922,0.006407737731933594,0.9359149932861328,0.9345412850379944,0.11474609375,held_out
L29_N8568,29,8568,lack_of_knowledge,lok_0106,1.3918558359146118,1.3863731622695923,-0.005482673645019531,0.6164926290512085,0.6171830892562866,0.11474609375,held_out
L29_N8568,29,8568,lack_of_knowledge,lok_0107,0.4583297073841095,0.41730472445487976,-0.041024982929229736,0.9166505932807922,0.925722062587738,0.11474609375,held_out
L29_N8568,29,8568,lack_of_knowledge,lok_0108,0.17142216861248016,0.1713840365409851,-3.813207149505615e-05,0.970556914806366,0.9705603122711182,0.11474609375,held_out
L29_N8568,29,8568,lack_of_knowledge,lok_0109,0.12057969719171524,0.12079384922981262,0.0002141520380973816,0.9811159372329712,0.9810791015625,0.11474609375,held_out
L29_N8568,29,8568,lack_of_knowledge,lok_0110,0.1252739131450653,0.12513577938079834,-0.00013813376426696777,0.979550838470459,0.9795651435852051,0.11474609375,held_out
L29_N8568,29,8568,lack_of_knowledge,lok_0111,0.25208866596221924,0.25116151571273804,-0.0009271502494812012,0.9555790424346924,0.9557017683982849,0.11474609375,held_out
L29_N8568,29,8568,lack_of_knowledge,lok_0112,0.7263990640640259,0.7871097326278687,0.06071066856384277,0.8470945358276367,0.830216646194458,0.11474609375,held_out
L29_N8568,29,8568,lack_of_knowledge,lok_0113,0.20362254977226257,0.20360012352466583,-2.2426247596740723e-05,0.9617233872413635,0.9617266654968262,0.11474609375,held_out
L29_N8568,29,8568,lack_of_knowledge,lok_0114,0.28435590863227844,0.2834218740463257,-0.0009340345859527588,0.9454439282417297,0.9455728530883789,0.11474609375,held_out
L29_N8568,29,8568,lack_of_knowledge,lok_0115,0.2934064269065857,0.3207244873046875,0.027318060398101807,0.9336539506912231,0.9254665374755859,0.11474609375,held_out
L29_N8568,29,8568,lack_of_knowledge,lok_0116,0.13258959352970123,0.13255053758621216,-3.905594348907471e-05,0.9742581248283386,0.9742618799209595,0.11474609375,held_out
L29_N8568,29,8568,lack_of_knowledge,lok_0117,0.08814115822315216,0.08804141730070114,-9.974092245101929e-05,0.9865699410438538,0.9865819215774536,0.11474609375,held_out
L29_N8568,29,8568,lack_of_knowledge,lok_0118,2.026088237762451,2.028548240661621,0.002460002899169922,0.3868054449558258,0.3865717947483063,0.11474609375,held_out
L29_N8568,29,8568,lack_of_knowledge,lok_0119,0.32524916529655457,0.3249887526035309,-0.00026041269302368164,0.943587601184845,0.9436261653900146,0.11474609375,held_out
L26_N2788,26,2788,lack_of_knowledge,lok_0084,0.4341563880443573,0.43436968326568604,0.00021329522132873535,0.9005858898162842,0.9005669951438904,0.11474609375,held_out
L26_N2788,26,2788,lack_of_knowledge,lok_0085,0.42863231897354126,0.42914432287216187,0.0005120038986206055,0.9068572521209717,0.9068068265914917,0.11474609375,held_out
L26_N2788,26,2788,lack_of_knowledge,lok_0086,0.3266984820365906,0.35721075534820557,0.03051227331161499,0.9283090233802795,0.9195159673690796,0.11474609375,held_out
L26_N2788,26,2788,lack_of_knowledge,lok_0087,0.21026577055454254,0.21908409893512726,0.008818328380584717,0.9601072669029236,0.9587074518203735,0.11474609375,held_out
L26_N2788,26,2788,lack_of_knowledge,lok_0088,0.6349189281463623,0.6522781848907471,0.017359256744384766,0.847209095954895,0.8403098583221436,0.11474609375,held_out
L26_N2788,26,2788,lack_of_knowledge,lok_0089,1.332068920135498,1.349513053894043,0.017444133758544922,0.6135196685791016,0.609215497970581,0.11474609375,held_out
L26_N2788,26,2788,lack_of_knowledge,lok_0090,0.7799999117851257,0.7809621095657349,0.0009621977806091309,0.8370729684829712,0.8369969129562378,0.11474609375,held_out
L26_N2788,26,2788,lack_of_knowledge,lok_0091,0.43410035967826843,0.43423956632614136,0.0001392066478729248,0.917194128036499,0.9171841144561768,0.11474609375,held_out
L26_N2788,26,2788,lack_of_knowledge,lok_0092,0.13207854330539703,0.13114222884178162,-0.0009363144636154175,0.9816097021102905,0.981758177280426,0.11474609375,held_out
L26_N2788,26,2788,lack_of_knowledge,lok_0093,0.6288393139839172,0.6269243359565735,-0.00191497802734375,0.885289192199707,0.8856914043426514,0.11474609375,held_out
L26_N2788,26,2788,lack_of_knowledge,lok_0094,0.23378002643585205,0.23527678847312927,0.0014967620372772217,0.9564200043678284,0.9562162756919861,0.11474609375,held_out
L26_N2788,26,2788,lack_of_knowledge,lok_0095,1.2513930797576904,1.1728655099868774,-0.07852756977081299,0.705646276473999,0.730855405330658,0.11474609375,held_out
L26_N2788,26,2788,lack_of_knowledge,lok_0096,0.16371479630470276,0.15868622064590454,-0.005028575658798218,0.9739673137664795,0.9753122329711914,0.11474609375,held_out
L26_N2788,26,2788,lack_of_knowledge,lok_0097,0.041531410068273544,0.03984488546848297,-0.0016865245997905731,0.9949134588241577,0.9951432943344116,0.11474609375,held_out
L26_N2788,26,2788,lack_of_knowledge,lok_0098,0.1070239394903183,0.10708040744066238,5.646795034408569e-05,0.9842197299003601,0.9842095375061035,0.11474609375,held_out
L26_N2788,26,2788,lack_of_knowledge,lok_0099,0.33242154121398926,0.3332991302013397,0.0008775889873504639,0.937795102596283,0.9376944303512573,0.11474609375,held_out
L26_N2788,26,2788,lack_of_knowledge,lok_0100,0.039254479110240936,0.03920155391097069,-5.292519927024841e-05,0.9952552318572998,0.9952587485313416,0.11474609375,held_out
L26_N2788,26,2788,lack_of_knowledge,lok_0101,0.27281343936920166,0.27341681718826294,0.0006033778190612793,0.9526845216751099,0.9526296257972717,0.11474609375,held_out
L26_N2788,26,2788,lack_of_knowledge,lok_0102,0.4274698793888092,0.39526912569999695,-0.032200753688812256,0.8977696895599365,0.9082649350166321,0.11474609375,held_out
L26_N2788,26,2788,lack_of_knowledge,lok_0103,1.4094150066375732,1.414306402206421,0.004891395568847656,0.5015630125999451,0.5011183023452759,0.11474609375,held_out
L26_N2788,26,2788,lack_of_knowledge,lok_0104,0.04291917011141777,0.03849891200661659,-0.004420258104801178,0.9947358965873718,0.9953498840332031,0.11474609375,held_out
L26_N2788,26,2788,lack_of_knowledge,lok_0105,0.3573937714099884,0.3636115789413452,0.0062178075313568115,0.9359149932861328,0.9345658421516418,0.11474609375,held_out
L26_N2788,26,2788,lack_of_knowledge,lok_0106,1.3918558359146118,1.3934352397918701,0.0015794038772583008,0.6164926290512085,0.6162267327308655,0.11474609375,held_out
L26_N2788,26,2788,lack_of_knowledge,lok_0107,0.4583297073841095,0.42312437295913696,-0.035205334424972534,0.9166505932807922,0.9244405031204224,0.11474609375,held_out
L26_N2788,26,2788,lack_of_knowledge,lok_0108,0.17142216861248016,0.17196059226989746,0.0005384236574172974,0.970556914806366,0.9704931378364563,0.11474609375,held_out
L26_N2788,26,2788,lack_of_knowledge,lok_0109,0.12057969719171524,0.12077578902244568,0.00019609183073043823,0.9811159372329712,0.9810916185379028,0.11474609375,held_out
L26_N2788,26,2788,lack_of_knowledge,lok_0110,0.1252739131450653,0.14061039686203003,0.015336483716964722,0.979550838470459,0.9765932559967041,0.11474609375,held_out
L26_N2788,26,2788,lack_of_knowledge,lok_0111,0.25208866596221924,0.2517373263835907,-0.00035133957862854004,0.9555790424346924,0.9556254148483276,0.11474609375,held_out
L26_N2788,26,2788,lack_of_knowledge,lok_0112,0.7263990640640259,0.7246755361557007,-0.0017235279083251953,0.8470945358276367,0.8473541736602783,0.11474609375,held_out
L26_N2788,26,2788,lack_of_knowledge,lok_0113,0.20362254977226257,0.2055586278438568,0.0019360780715942383,0.9617233872413635,0.9614102244377136,0.11474609375,held_out
L26_N2788,26,2788,lack_of_knowledge,lok_0114,0.28435590863227844,0.28436198830604553,6.079673767089844e-06,0.9454439282417297,0.9454434514045715,0.11474609375,held_out
L26_N2788,26,2788,lack_of_knowledge,lok_0115,0.2934064269065857,0.3219543695449829,0.028547942638397217,0.9336539506912231,0.9252988696098328,0.11474609375,held_out
L26_N2788,26,2788,lack_of_knowledge,lok_0116,0.13258959352970123,0.14414408802986145,0.011554494500160217,0.9742581248283386,0.9712168574333191,0.11474609375,held_out
L26_N2788,26,2788,lack_of_knowledge,lok_0117,0.08814115822315216,0.08803880214691162,-0.00010235607624053955,0.9865699410438538,0.9865830540657043,0.11474609375,held_out
L26_N2788,26,2788,lack_of_knowledge,lok_0118,2.026088237762451,1.9857327938079834,-0.04035544395446777,0.3868054449558258,0.41381391882896423,0.11474609375,held_out
L26_N2788,26,2788,lack_of_knowledge,lok_0119,0.32524916529655457,0.31380635499954224,-0.011442810297012329,0.943587601184845,0.9468086361885071,0.11474609375,held_out
L23_N12156,23,12156,lack_of_knowledge,lok_0084,0.4341563880443573,0.3983193039894104,-0.0358370840549469,0.9005858898162842,0.9112207293510437,0.091796875,held_out
L23_N12156,23,12156,lack_of_knowledge,lok_0085,0.42863231897354126,0.42906004190444946,0.0004277229309082031,0.9068572521209717,0.9068151712417603,0.091796875,held_out
L23_N12156,23,12156,lack_of_knowledge,lok_0086,0.3266984820365906,0.35777050256729126,0.031072020530700684,0.9283090233802795,0.9194290041923523,0.091796875,held_out
L23_N12156,23,12156,lack_of_knowledge,lok_0087,0.21026577055454254,0.2104518711566925,0.00018610060214996338,0.9601072669029236,0.9600908160209656,0.091796875,held_out
L23_N12156,23,12156,lack_of_knowledge,lok_0088,0.6349189281463623,0.6031192541122437,-0.03179967403411865,0.847209095954895,0.8563802242279053,0.091796875,held_out
L23_N12156,23,12156,lack_of_knowledge,lok_0089,1.332068920135498,1.3612772226333618,0.02920830249786377,0.6135196685791016,0.6026813983917236,0.091796875,held_out
L23_N12156,23,12156,lack_of_knowledge,lok_0090,0.7799999117851257,0.7196766138076782,-0.06032329797744751,0.8370729684829712,0.8533309102058411,0.091796875,held_out
L23_N12156,23,12156,lack_of_knowledge,lok_0091,0.43410035967826843,0.43620431423187256,0.002103954553604126,0.917194128036499,0.9168627262115479,0.091796875,held_out
L23_N12156,23,12156,lack_of_knowledge,lok_0092,0.13207854330539703,0.13708561658859253,0.005007073283195496,0.9816097021102905,0.9806524515151978,0.091796875,held_out
L23_N12156,23,12156,lack_of_knowledge,lok_0093,0.6288393139839172,0.6263706088066101,-0.002468705177307129,0.885289192199707,0.8857855796813965,0.091796875,held_out
L23_N12156,23,12156,lack_of_knowledge,lok_0094,0.23378002643585205,0.23501570522785187,0.001235678791999817,0.9564200043678284,0.9562432765960693,0.091796875,held_out
L23_N12156,23,12156,lack_of_knowledge,lok_0095,1.2513930797576904,1.1658474206924438,-0.08554565906524658,0.705646276473999,0.7319698333740234,0.091796875,held_out
L23_N12156,23,12156,lack_of_knowledge,lok_0096,0.16371479630470276,0.17343658208847046,0.0097217857837677,0.9739673137664795,0.9724441766738892,0.091796875,held_out
L23_N12156,23,12156,lack_of_knowledge,lok_0097,0.041531410068273544,0.04110953211784363,-0.0004218779504299164,0.9949134588241577,0.9949648976325989,0.091796875,held_out
L23_N12156,23,12156,lack_of_knowledge,lok_0098,0.1070239394903183,0.10721001029014587,0.00018607079982757568,0.9842197299003601,0.984197199344635,0.091796875,held_out
L23_N12156,23,12156,lack_of_knowledge,lok_0099,0.33242154121398926,0.32827723026275635,-0.00414431095123291,0.937795102596283,0.9386141896247864,0.091796875,held_out
L23_N12156,23,12156,lack_of_knowledge,lok_0100,0.039254479110240936,0.03777412325143814,-0.0014803558588027954,0.9952552318572998,0.9954842329025269,0.091796875,held_out
L23_N12156,23,12156,lack_of_knowledge,lok_0101,0.27281343936920166,0.2854519784450531,0.01263853907585144,0.9526845216751099,0.9500160217285156,0.091796875,held_out
L23_N12156,23,12156,lack_of_knowledge,lok_0102,0.4274698793888092,0.4135857820510864,-0.013884097337722778,0.8977696895599365,0.9046275615692139,0.091796875,held_out
L23_N12156,23,12156,lack_of_knowledge,lok_0103,1.4094150066375732,1.41502046585083,0.005605459213256836,0.5015630125999451,0.5010598301887512,0.091796875,held_out
L23_N12156,23,12156,lack_of_knowledge,lok_0104,0.04291917011141777,0.03848031908273697,-0.004438851028680801,0.9947358965873718,0.9953511953353882,0.091796875,held_out
L23_N12156,23,12156,lack_of_knowledge,lok_0105,0.3573937714099884,0.351157009601593,-0.006236761808395386,0.9359149932861328,0.9371479153633118,0.091796875,held_out
L23_N12156,23,12156,lack_of_knowledge,lok_0106,1.3918558359146118,1.3931465148925781,0.0012906789779663086,0.6164926290512085,0.6163772940635681,0.091796875,held_out
L23_N12156,23,12156,lack_of_knowledge,lok_0107,0.4583297073841095,0.4236719608306885,-0.03465774655342102,0.9166505932807922,0.9243738055229187,0.091796875,held_out
L23_N12156,23,12156,lack_of_knowledge,lok_0108,0.17142216861248016,0.17138046026229858,-4.170835018157959e-05,0.970556914806366,0.9705601930618286,0.091796875,held_out
L23_N12156,23,12156,lack_of_knowledge,lok_0109,0.12057969719171524,0.11905361711978912,-0.001526080071926117,0.9811159372329712,0.9813774228096008,0.091796875,held_out
L23_N12156,23,12156,lack_of_knowledge,lok_0110,0.1252739131450653,0.13853517174720764,0.013261258602142334,0.979550838470459,0.9769078493118286,0.091796875,held_out
L23_N12156,23,12156,lack_of_knowledge,lok_0111,0.25208866596221924,0.25253060460090637,0.0004419386386871338,0.9555790424346924,0.9555246233940125,0.091796875,held_out
L23_N12156,23,12156,lack_of_knowledge,lok_0112,0.7263990640640259,0.724531352519989,-0.0018677115440368652,0.8470945358276367,0.8473688960075378,0.091796875,held_out
L23_N12156,23,12156,lack_of_knowledge,lok_0113,0.20362254977226257,0.19784289598464966,-0.005779653787612915,0.9617233872413635,0.9628102779388428,0.091796875,held_out
L23_N12156,23,12156,lack_of_knowledge,lok_0114,0.28435590863227844,0.2843882739543915,3.236532211303711e-05,0.9454439282417297,0.9454362392425537,0.091796875,held_out
L23_N12156,23,12156,lack_of_knowledge,lok_0115,0.2934064269065857,0.30261868238449097,0.009212255477905273,0.9336539506912231,0.9319581985473633,0.091796875,held_out
L23_N12156,23,12156,lack_of_knowledge,lok_0116,0.13258959352970123,0.1440519243478775,0.01146233081817627,0.9742581248283386,0.971224308013916,0.091796875,held_out
L23_N12156,23,12156,lack_of_knowledge,lok_0117,0.08814115822315216,0.09075968712568283,0.00261852890253067,0.9865699410438538,0.986253559589386,0.091796875,held_out
L23_N12156,23,12156,lack_of_knowledge,lok_0118,2.026088237762451,2.040262460708618,0.014174222946166992,0.3868054449558258,0.38393428921699524,0.091796875,held_out
L23_N12156,23,12156,lack_of_knowledge,lok_0119,0.32524916529655457,0.3250875473022461,-0.00016161799430847168,0.943587601184845,0.9436150193214417,0.091796875,held_out
