pair,layer,direction,logodds_rec,entropy_rec
0,0,control_to_uncertain,0.010169425102202896,-0.02036832889356752
0,1,control_to_uncertain,-0.001210089897633309,-0.010647122247431818
0,2,control_to_uncertain,-0.008533988842934026,-0.0019047493052136615
0,3,control_to_uncertain,0.0035114489386043712,-0.07000989379525797
0,4,control_to_uncertain,0.06528844374722073,-0.0792705617540083
0,5,control_to_uncertain,0.0751205266715907,-0.0991571847191419
0,6,control_to_uncertain,0.10695132488162272,-0.1540996315577105
0,7,control_to_uncertain,0.22943502134047505,-0.06389316591053627
0,8,control_to_uncertain,0.6280918806839363,1.0363567398290934
0,9,control_to_uncertain,0.6143494598230689,1.044850615031198
0,10,control_to_uncertain,0.6775928960985661,1.054285695386392
0,11,control_to_uncertain,0.7136505710798225,1.0192058126755865
0,12,control_to_uncertain,0.7348730238604418,0.985183838433473
0,13,control_to_uncertain,0.8684816964893236,0.9564279902744087
0,14,control_to_uncertain,0.9082055506685922,0.8696649433634557
0,15,control_to_uncertain,0.9258747536023125,0.9058697515400586
0,16,control_to_uncertain,0.9913254375294813,0.9891464215550552
0,17,control_to_uncertain,0.9876868378672464,1.01317224180927
0,18,control_to_uncertain,1.0145891859820169,1.0023545153788511
0,19,control_to_uncertain,1.0086755983216278,0.985105141655146
0,20,control_to_uncertain,1.0061958139271303,0.9952606547292246
0,21,control_to_uncertain,1.0014576583126857,0.9972477672813042
0,22,control_to_uncertain,0.9997985269592984,1.012963460995106
0,23,control_to_uncertain,1.0046406129683465,1.0132059393010464
0,24,control_to_uncertain,1.0078041885761764,1.0127116464239174
0,25,control_to_uncertain,0.9936628355569532,1.0004518449990976
0,26,control_to_uncertain,0.9925283196298145,1.0021213733381589
0,27,control_to_uncertain,0.9925420014965459,1.0032879718097707
0,28,control_to_uncertain,0.9999932669677914,0.9978759807567099
0,29,control_to_uncertain,0.9898107642453373,1.0035919107120415
0,30,control_to_uncertain,0.9898130085894069,0.9877583041260055
0,31,control_to_uncertain,1.0,1.0
0,0,uncertain_to_control,-0.016470550558748877,0.001963790788281286
0,1,uncertain_to_control,0.024860685578919704,0.011300736412095945
0,2,uncertain_to_control,0.03902318722495186,-0.0026756148658289855
0,3,uncertain_to_control,-0.01413319569173986,0.0015015889605278204
0,4,uncertain_to_control,0.016658471214107705,0.021807474493002053
0,5,uncertain_to_control,-0.016854419715561328,-0.016267024745827738
0,6,uncertain_to_control,0.12806486223417632,-0.022396093888053643
0,7,uncertain_to_control,0.7364020911589547,-0.10432339953450968
0,8,uncertain_to_control,0.899084191086389,0.19827596601523853
0,9,uncertain_to_control,0.9274147620781642,0.9752601822461656
0,10,uncertain_to_control,0.9690322384056215,1.054165457897507
0,11,uncertain_to_control,0.9898320855139977,0.8099493214670788
0,12,uncertain_to_control,0.973773890017559,1.0268087643717534
0,13,uncertain_to_control,0.9782582621102972,0.9998941637947572
0,14,uncertain_to_control,0.9977040360168884,0.9129231109418572
0,15,uncertain_to_control,0.9932468981762245,1.0480832023767788
0,16,uncertain_to_control,1.0010377070089096,1.010856073155497
0,17,uncertain_to_control,1.0023785731090549,1.0019000622732672
0,18,uncertain_to_control,1.0169849801157589,0.9936390172730357
0,19,uncertain_to_control,1.0176263014336222,0.9924358108140032
0,20,uncertain_to_control,1.0165872132899008,0.977934889944521
0,21,uncertain_to_control,1.0111606482925959,0.9757321361242592
0,22,uncertain_to_control,1.0110052274657821,0.9575949856317901
0,23,uncertain_to_control,1.0096921135432655,0.95545490196449
0,24,uncertain_to_control,1.0097846064152072,0.9595749542400157
0,25,uncertain_to_control,1.015472680657073,0.9605667150804308
0,26,uncertain_to_control,1.010587995271167,0.9611937189992052
0,27,uncertain_to_control,1.005596358258256,0.9806450527716328
0,28,uncertain_to_control,1.0042122885347726,0.9853756287568309
0,29,uncertain_to_control,1.0051288872848543,0.9794469113309943
0,30,uncertain_to_control,1.0051291894080945,0.9794132705371849
0,31,uncertain_to_control,1.0,1.0
1,0,control_to_uncertain,0.013136015962753576,-0.03926583980888685
1,1,control_to_uncertain,0.013499291787347238,-0.02254718668118647
1,2,control_to_uncertain,0.0077287487990770854,0.003706511531785625
1,3,control_to_uncertain,-0.08806304235919397,-0.004076198981258105
1,4,control_to_uncertain,-0.02449033575812209,0.22258530651667155
1,5,control_to_uncertain,0.008240552590537988,0.18747784819953378
1,6,control_to_uncertain,0.016382453145910324,-0.16818530309016946
1,7,control_to_uncertain,0.09700919870760463,-0.27712585006697743
1,8,control_to_uncertain,0.919791010126758,0.8791437920884209
1,9,control_to_uncertain,0.9380771636422157,0.9244586126735603
1,10,control_to_uncertain,0.9428608026178162,0.9503732745688229
1,11,control_to_uncertain,0.9501561935139088,0.8856451782155847
1,12,control_to_uncertain,0.9594165426546385,0.9492705030640424
1,13,control_to_uncertain,0.977331107690219,0.6691848779897569
1,14,control_to_uncertain,0.9894201639030541,0.6839418586846301
1,15,control_to_uncertain,0.9909923555798916,0.6853212934616987
1,16,control_to_uncertain,0.977873195124313,1.1660616748956256
1,17,control_to_uncertain,0.9704589204689648,1.190568660141322
1,18,control_to_uncertain,0.9858274598668839,1.1600043955596817
1,19,control_to_uncertain,0.996200681719581,1.156650840510249
1,20,control_to_uncertain,1.006371688640979,1.0882918565966053
1,21,control_to_uncertain,1.0069356703302201,1.1363223139168452
1,22,control_to_uncertain,1.005554746457108,1.006649555571974
1,23,control_to_uncertain,1.007938355599228,0.9752677490130068
1,24,control_to_uncertain,1.0056628365531957,0.9680670084602477
1,25,control_to_uncertain,1.0056161322192023,0.9769744415069328
1,26,control_to_uncertain,0.9947317204326652,0.997593417689531
1,27,control_to_uncertain,1.0103376181106822,0.9761967861552184
1,28,control_to_uncertain,1.0059401467334563,0.989014580837073
1,29,control_to_uncertain,1.0056523498188379,0.9845831499619337
1,30,control_to_uncertain,1.0054720802974877,1.004313912562092
1,31,control_to_uncertain,1.0,1.0
1,0,uncertain_to_control,-0.001226487526643339,-0.012399654351604086
1,1,uncertain_to_control,0.0013064936365728595,-0.06319754748114621
1,2,uncertain_to_control,0.006242932004986365,-0.01156738912321166
1,3,uncertain_to_control,0.017095423195234296,0.013300717316791895
1,4,uncertain_to_control,0.028158467549465542,-0.04380060113695622
1,5,uncertain_to_control,0.036975816107081734,-0.01690148913638228
1,6,uncertain_to_control,0.02023868114327094,-0.1340940167920017
1,7,uncertain_to_control,0.032158773045941565,-0.25525238596975897
1,8,uncertain_to_control,0.4188097075648795,-0.14465554017198898
1,9,uncertain_to_control,0.55284027573052,0.7150520881853138
1,10,uncertain_to_control,0.6764511223286771,0.8444488524965815
1,11,uncertain_to_control,0.7925708597592644,1.2547631055673163
1,12,uncertain_to_control,1.0049872350865465,1.1360323997185986
1,13,uncertain_to_control,1.0405982410830659,1.167630102677276
1,14,uncertain_to_control,1.0324681317094957,1.2123210589604636
1,15,uncertain_to_control,1.0129031848826102,1.5904363650381146
1,16,uncertain_to_control,1.0199301665339455,1.407569571376715
1,17,uncertain_to_control,0.9905412725381023,1.5619950594123335
1,18,uncertain_to_control,1.0222407777739753,0.6594410304348338
1,19,uncertain_to_control,0.9887652801311118,0.7986508415810308
1,20,uncertain_to_control,0.9903414363050845,0.983757844815863
1,21,uncertain_to_control,0.9882802047235628,1.0650864067450694
1,22,uncertain_to_control,0.9934300353474564,1.0231197872998843
1,23,uncertain_to_control,1.0054746636149758,0.9458588580967708
1,24,uncertain_to_control,0.9990294655238888,0.959755197843017
1,25,uncertain_to_control,0.9909569053022822,1.0522670058903711
1,26,uncertain_to_control,1.0056595882232848,0.9418530630251516
1,27,uncertain_to_control,1.0054920306701682,0.9654533637007079
1,28,uncertain_to_control,1.0054949464938678,0.9600518044281114
1,29,uncertain_to_control,0.9971921640870067,1.031088010776349
1,30,uncertain_to_control,1.0065208560428682,1.0035426819017514
1,31,uncertain_to_control,1.0,1.0
2,0,control_to_uncertain,0.004225152365182829,0.016141571642460693
2,1,control_to_uncertain,0.0226099064535795,0.0019634142119675803
2,2,control_to_uncertain,0.008629245359338428,0.005159126480232436
2,3,control_to_uncertain,-0.0002624179200184976,0.0063882465834112275
2,4,control_to_uncertain,-0.007752110415577214,0.029262405376591943
2,5,control_to_uncertain,-0.0020984932859010796,0.02010597468856147
2,6,control_to_uncertain,-0.0014800642712802274,-0.03553549789406277
2,7,control_to_uncertain,0.049847702114715536,-0.0004032261692101372
2,8,control_to_uncertain,0.6010335202693828,0.5693740447665872
2,9,control_to_uncertain,0.6514678586218852,0.6011289935493744
2,10,control_to_uncertain,0.6877704493506637,0.6461572710813756
2,11,control_to_uncertain,0.6873111258992546,0.6857430468576452
2,12,control_to_uncertain,0.7071595661617746,0.722922387736849
2,13,control_to_uncertain,0.7431276243385891,0.7202376015342877
2,14,control_to_uncertain,0.726131466532506,0.752789889407582
2,15,control_to_uncertain,0.732342165651985,0.7465280832971423
2,16,control_to_uncertain,0.812393090766536,0.6919108696780663
2,17,control_to_uncertain,0.8352620715147628,0.9554769118609775
2,18,control_to_uncertain,0.8807843975105859,1.0185647871835206
2,19,control_to_uncertain,0.9602339234312623,1.0259546877863772
2,20,control_to_uncertain,1.0061637183494334,1.013042261180007
2,21,control_to_uncertain,1.0001533533941411,1.0120061549941715
2,22,control_to_uncertain,1.0190069801013204,0.9976583859996303
2,23,control_to_uncertain,1.0120161395096516,0.9966499583834187
2,24,control_to_uncertain,1.0168169054832197,1.0000050006027013
2,25,control_to_uncertain,1.0122138101078646,0.9991521057508765
2,26,control_to_uncertain,1.0053365961071983,1.000066737015488
2,27,control_to_uncertain,0.9976565153161419,0.9939291281169951
2,28,control_to_uncertain,1.00260360740341,0.9939482425703107
2,29,control_to_uncertain,1.0010572656766796,0.9925226501890421
2,30,control_to_uncertain,1.0006016258803405,0.9998263926272516
2,31,control_to_uncertain,1.0,1.0
2,0,uncertain_to_control,0.004916999458927742,-0.0012989532862272665
2,1,uncertain_to_control,0.0019576076473812685,-0.006752402623105871
2,2,uncertain_to_control,0.019254861751716833,-0.0024127382268725075
2,3,uncertain_to_control,0.023795278319267203,-0.0006394929631880983
2,4,uncertain_to_control,0.007427212038411455,-0.006869128140128758
2,5,uncertain_to_control,0.015998170640220667,-0.007473429945990102
2,6,uncertain_to_control,0.02217299662648035,-0.028941169229473603
2,7,uncertain_to_control,0.03129678684685785,-0.04703017769092567
2,8,uncertain_to_control,0.50149727827478,-0.05890299593702199
2,9,uncertain_to_control,0.7584255321500205,-0.057586125771724145
2,10,uncertain_to_control,0.8160687268027135,-0.06058317361684819
2,11,uncertain_to_control,0.8561264921813713,-0.06197568191425595
2,12,uncertain_to_control,0.8206532338878698,-0.062369642582973464
2,13,uncertain_to_control,0.8390733227291294,-0.062490474173154724
2,14,uncertain_to_control,0.8216560948127478,-0.062049996507756666
2,15,uncertain_to_control,0.826480662865229,-0.06182556926866992
2,16,uncertain_to_control,0.8585124805775745,-0.058544329022693076
2,17,uncertain_to_control,0.88891277912365,-0.006101611569235512
2,18,uncertain_to_control,0.9743705448140016,0.995167548406506
2,19,uncertain_to_control,0.9391485968036924,0.9949990234220168
2,20,uncertain_to_control,1.034117078175803,0.9965937950722402
2,21,uncertain_to_control,1.0595036388136534,0.9831951708478696
2,22,uncertain_to_control,0.9988762868530209,0.9704151258510912
2,23,uncertain_to_control,0.9927596059452493,0.9625309980409672
2,24,uncertain_to_control,0.9990071416154273,0.975171400038951
2,25,uncertain_to_control,0.9999661953807816,0.9649929770156994
2,26,uncertain_to_control,0.9977531120863982,0.9645854512628584
2,27,uncertain_to_control,0.9946066472689169,0.9921011975240053
2,28,uncertain_to_control,1.001400724008236,0.989365821111874
2,29,uncertain_to_control,0.9895834452007429,0.9937468164241244
2,30,uncertain_to_control,0.9966194530707303,0.9940828382317995
2,31,uncertain_to_control,1.0,1.0
3,0,control_to_uncertain,-0.0019200894869671056,-0.003711043086136547
3,1,control_to_uncertain,0.0009408086859280276,0.020964637305634824
3,2,control_to_uncertain,0.008556374214126899,0.028751616686565718
3,3,control_to_uncertain,0.02939579853477088,0.028798823898629713
3,4,control_to_uncertain,0.01901523071737774,0.04482075200518338
3,5,control_to_uncertain,0.028184495716926314,0.02842936685073914
3,6,control_to_uncertain,0.03510050478103937,-0.07575923209411549
3,7,control_to_uncertain,0.08784616242203062,0.03859032704258012
3,8,control_to_uncertain,0.4418634630839889,0.04867584126710432
3,9,control_to_uncertain,0.4587682862772137,0.01860213740279468
3,10,control_to_uncertain,0.5216397891024839,0.10582580495962393
3,11,control_to_uncertain,0.5535573210211534,0.15255138936458593
3,12,control_to_uncertain,0.5996135620824625,0.09970876287795988
3,13,control_to_uncertain,0.7321461721124531,0.14338591660539357
3,14,control_to_uncertain,0.7698776472977837,0.18043701755673297
3,15,control_to_uncertain,0.7691481766958058,0.18883070231567065
3,16,control_to_uncertain,0.8615679186409911,0.3068147176113778
3,17,control_to_uncertain,0.8705548289175032,0.5880066155702078
3,18,control_to_uncertain,0.923529121581295,1.0071160950137132
3,19,control_to_uncertain,0.9330336472775136,0.962532020858742
3,20,control_to_uncertain,0.9754617196766564,0.9572387428448449
3,21,control_to_uncertain,0.9978719852780039,0.9588342770853697
3,22,control_to_uncertain,1.0035740801777495,1.012245030246488
3,23,control_to_uncertain,0.9945009179012303,0.9963104390477521
3,24,control_to_uncertain,0.992538943450231,0.9990279022434193
3,25,control_to_uncertain,0.9926080794958002,0.9989339513342135
3,26,control_to_uncertain,0.9888164560542441,0.9997348962058166
3,27,control_to_uncertain,0.9941726121769829,0.999978918984794
3,28,control_to_uncertain,0.9941043034887279,0.9991842493921358
3,29,control_to_uncertain,0.9993105528080972,0.9999742392668306
3,30,control_to_uncertain,1.0014000954149822,0.9998389374783262
3,31,control_to_uncertain,1.0,1.0
3,0,uncertain_to_control,-0.0074730532308251415,0.003123047666234457
3,1,uncertain_to_control,0.003299707808422518,-0.003824310088345231
3,2,uncertain_to_control,-0.003621601513484735,0.0036065739536988526
3,3,uncertain_to_control,-0.004783573151469165,0.011159415902740593
3,4,uncertain_to_control,-0.019573257370900456,0.021940443181592096
3,5,uncertain_to_control,-0.016819088291539205,0.009522076181743774
3,6,uncertain_to_control,0.08120062163491804,-0.011208370209510885
3,7,uncertain_to_control,0.021763634150455548,-0.012666338569411822
3,8,uncertain_to_control,0.6402533016469272,0.4401988379181734
3,9,uncertain_to_control,0.7568329630736986,0.4950035587249517
3,10,uncertain_to_control,0.7585119813232359,0.3044607749070991
3,11,uncertain_to_control,0.7800422748561665,0.23336190011453098
3,12,uncertain_to_control,0.8109278077999318,0.21326514101799715
3,13,uncertain_to_control,0.8127705393780197,0.2801425714852323
3,14,uncertain_to_control,0.8198089456148046,0.25706509054478766
3,15,uncertain_to_control,0.916283488192215,0.762705674941549
3,16,uncertain_to_control,0.9627823912715459,1.1452479630123649
3,17,uncertain_to_control,0.988924736442742,1.2057533468808048
3,18,uncertain_to_control,1.05353136268542,1.0235209577558917
3,19,uncertain_to_control,1.0275703897504493,1.052457980411289
3,20,uncertain_to_control,1.0180829024439204,1.0582203979225688
3,21,uncertain_to_control,1.022756126813606,1.0459627101532087
3,22,uncertain_to_control,1.0204802219716937,1.0327645862619454
3,23,uncertain_to_control,1.021701892610882,1.0177101207627517
3,24,uncertain_to_control,1.007200128736798,0.9966554189422575
3,25,uncertain_to_control,1.0072103414286455,0.9918503380200396
3,26,uncertain_to_control,1.0079798354406986,0.9769774990603126
3,27,uncertain_to_control,1.0145233268740859,0.9609750385804863
3,28,uncertain_to_control,1.0147374572889714,0.974812456514278
3,29,uncertain_to_control,1.0069759666144777,0.9927300893421447
3,30,uncertain_to_control,1.005824026683928,1.006365343459922
3,31,uncertain_to_control,1.0,1.0
4,0,control_to_uncertain,0.01452827944722982,-0.0048678019589795275
4,1,control_to_uncertain,0.010507855575126731,0.007804882829568128
4,2,control_to_uncertain,0.020629375360191764,0.04793758315209002
4,3,control_to_uncertain,-0.025827535686250905,-0.02485354206464649
4,4,control_to_uncertain,-0.013539060908885623,0.1870606568208603
4,5,control_to_uncertain,0.013269362102583776,0.18301030779647062
4,6,control_to_uncertain,-0.15206834152251758,0.0983967011131048
4,7,control_to_uncertain,-0.12027591557045285,-0.003926452920705677
4,8,control_to_uncertain,0.34769026319174134,-0.3577928362407129
4,9,control_to_uncertain,0.3202320378479908,-0.36876397098038
4,10,control_to_uncertain,0.3675121567092147,-0.370049811624019
4,11,control_to_uncertain,0.40738692501349544,-0.35695978399445283
4,12,control_to_uncertain,0.653821076994004,-0.24551438117693947
4,13,control_to_uncertain,1.012399331578375,0.1452929689573698
4,14,control_to_uncertain,1.0768435255123543,0.2787369131167343
4,15,control_to_uncertain,1.0724350221079073,0.5064697940972531
4,16,control_to_uncertain,1.0183923477613692,0.24577058557855888
4,17,control_to_uncertain,1.018913500663058,0.3233765077633119
4,18,control_to_uncertain,1.049878876109016,0.4266857669756855
4,19,control_to_uncertain,1.0195870372652902,0.5302820208540746
4,20,control_to_uncertain,1.0178654792599777,0.5310820776976396
4,21,control_to_uncertain,1.0362412614696668,0.5858713522316408
4,22,control_to_uncertain,1.0098181409194993,0.6438054806670626
4,23,control_to_uncertain,1.0150123939711855,0.9023098006963337
4,24,control_to_uncertain,1.0151948410803335,0.9374060876517972
4,25,control_to_uncertain,1.0227177004921777,0.9306111173272417
4,26,control_to_uncertain,1.0152887448313783,0.9695180874427175
4,27,control_to_uncertain,0.9992449595918403,1.0072293417335492
4,28,control_to_uncertain,0.9992031420685931,1.0018258953474033
4,29,control_to_uncertain,0.9991224132592355,0.9674852357823708
4,30,control_to_uncertain,0.9991661036908598,0.9697365186419942
4,31,control_to_uncertain,1.0,1.0
4,0,uncertain_to_control,0.007579531036013154,0.02754952781455277
4,1,uncertain_to_control,0.0447413269730226,0.09181979446477619
4,2,uncertain_to_control,0.03646387923435118,0.018545539781103272
4,3,uncertain_to_control,0.009040238112529438,-0.0409896824029147
4,4,uncertain_to_control,0.06741013809825336,-0.15649478566464092
4,5,uncertain_to_control,0.08431675285220534,-0.18612032867994704
4,6,uncertain_to_control,0.4165913009412107,-0.12611439114089773
4,7,uncertain_to_control,0.8633688151519837,0.017978084192180253
4,8,uncertain_to_control,1.0300437753583318,0.3938726557133908
4,9,uncertain_to_control,1.1016748999826562,0.6241132689705189
4,10,uncertain_to_control,1.1284229378447261,0.6156800850693352
4,11,uncertain_to_control,1.1733990241953607,0.5755195346668158
4,12,uncertain_to_control,1.2100754139474648,0.5466491290112078
4,13,uncertain_to_control,1.0894471332699278,0.6773985575128654
4,14,uncertain_to_control,1.0673289249160396,0.7257315954665623
4,15,uncertain_to_control,0.9902502525277885,0.7933882603337272
4,16,uncertain_to_control,1.010522774259096,0.8855584676085602
4,17,uncertain_to_control,1.0102145516649688,0.8971089003465335
4,18,uncertain_to_control,0.9948897372015694,0.9196886998096231
4,19,uncertain_to_control,0.994381468617854,0.9287059186728661
4,20,uncertain_to_control,0.99629561327077,0.9569632142095845
4,21,uncertain_to_control,0.9876856920036403,1.01315291490698
4,22,uncertain_to_control,1.0051452668101681,1.001195511645172
4,23,uncertain_to_control,1.0062347828212581,0.9975480495551746
4,24,uncertain_to_control,0.9978125721816467,0.9939232922224772
4,25,uncertain_to_control,0.9986997172134391,0.9930090582181013
4,26,uncertain_to_control,0.9909258880790641,0.9969113362893076
4,27,uncertain_to_control,0.9993225884149186,0.991205091746004
4,28,uncertain_to_control,0.9998939223445041,0.9934700137943652
4,29,uncertain_to_control,0.9995336458141031,1.0129149233142738
4,30,uncertain_to_control,0.9979780985323535,1.00315269439315
4,31,uncertain_to_control,1.0,1.0
5,0,control_to_uncertain,0.060831208244204134,-0.010172090658395918
5,1,control_to_uncertain,-0.029734900969289737,0.048450115524811536
5,2,control_to_uncertain,-0.05552201426274716,0.058780721015548654
5,3,control_to_uncertain,0.016056332765605006,0.043265197994433846
5,4,control_to_uncertain,0.10578356369403283,-0.011159672275715909
5,5,control_to_uncertain,-0.08913952312896152,0.05888244420292157
5,6,control_to_uncertain,0.2344660395707683,-0.11261304231530642
5,7,control_to_uncertain,-0.1810983830640516,0.04756037975364172
5,8,control_to_uncertain,0.7905860367892109,-0.23785139188852233
5,9,control_to_uncertain,0.9012282444324741,-0.24752535823924462
5,10,control_to_uncertain,0.9096904064291341,-0.22708150644513897
5,11,control_to_uncertain,1.0952636719256785,-0.17031677478651672
5,12,control_to_uncertain,0.9841989892982691,-0.24257536197118554
5,13,control_to_uncertain,1.0753632371516437,-0.19834960970854312
5,14,control_to_uncertain,1.0821756657315236,-0.23295408184531335
5,15,control_to_uncertain,1.0624307594585927,-0.22245367161691001
5,16,control_to_uncertain,1.0495774731211254,-0.1320004326656647
5,17,control_to_uncertain,1.0333023521804607,-0.007177984958310884
5,18,control_to_uncertain,1.0344170509471307,0.8677491937268497
5,19,control_to_uncertain,1.0418076386964459,0.9026996615480251
5,20,control_to_uncertain,1.0247221296766231,0.9478227332051112
5,21,control_to_uncertain,1.005779100747388,1.0342947980164663
5,22,control_to_uncertain,1.004355835925475,1.0323101695076649
5,23,control_to_uncertain,1.0036720709836853,1.0331987078646336
5,24,control_to_uncertain,1.0043532411890534,1.0366864903339308
5,25,control_to_uncertain,1.0035081874313043,1.0358873589039805
5,26,control_to_uncertain,1.0037236543437444,1.03414934070089
5,27,control_to_uncertain,0.9992838527476702,1.0023328479624372
5,28,control_to_uncertain,1.0036968766638747,1.0005849368372561
5,29,control_to_uncertain,0.9993022234815343,1.0017266712780417
5,30,control_to_uncertain,1.0,1.0031039256882466
5,31,control_to_uncertain,1.0,1.0
5,0,uncertain_to_control,0.023798611089488306,0.02258229100802946
5,1,uncertain_to_control,0.016674087612832112,0.012028880946294776
5,2,uncertain_to_control,0.006837338049526253,0.007471750575656877
5,3,uncertain_to_control,-0.014901778847501114,-0.06157026845627252
5,4,uncertain_to_control,-0.08261080302940667,-0.11619892721951128
5,5,uncertain_to_control,-0.13367656506716735,-0.1591711293628713
5,6,uncertain_to_control,0.00518355684392868,-0.09225204017997478
5,7,uncertain_to_control,0.2737614025692042,0.10453454485801547
5,8,uncertain_to_control,0.7189095049346698,0.4344972522480169
5,9,uncertain_to_control,0.824918603118458,0.5204312789449937
5,10,uncertain_to_control,0.8246647860017083,0.6044826854191614
5,11,uncertain_to_control,1.0274263120803662,0.9713300266835202
5,12,uncertain_to_control,1.0528003952302518,0.9904352834402006
5,13,uncertain_to_control,1.070187412622251,1.0225419495533958
5,14,uncertain_to_control,1.0719791819107432,0.9660278766008786
5,15,uncertain_to_control,1.03498218453973,1.15271478602978
5,16,uncertain_to_control,1.1024890268596736,1.0656104295004998
5,17,uncertain_to_control,1.1531792267477885,1.0836542070777329
5,18,uncertain_to_control,1.158628692180191,1.1499554875525657
5,19,uncertain_to_control,1.1225728576039788,1.216418133845933
5,20,uncertain_to_control,1.033022691488953,1.1331394586695667
5,21,uncertain_to_control,1.0318077840016855,1.0579586106368812
5,22,uncertain_to_control,0.9879527944792312,1.017573022737014
5,23,uncertain_to_control,1.0026201648384154,1.0221238809380269
5,24,uncertain_to_control,0.9871841297617305,1.0219523656086449
5,25,uncertain_to_control,0.9879538842685283,1.0119803001415628
5,26,uncertain_to_control,0.9929220779894736,1.0152899529935098
5,27,uncertain_to_control,1.0025369775887425,0.9995406491045538
5,28,uncertain_to_control,1.0042816264638206,0.9847033186790742
5,29,uncertain_to_control,0.9999212238022437,0.9988146739803205
5,30,uncertain_to_control,1.0087068975359346,0.986047957807229
5,31,uncertain_to_control,1.0,1.0
6,0,control_to_uncertain,0.029703574715143684,0.001679957550738805
6,1,control_to_uncertain,-0.015421813047673752,0.01278983664766391
6,2,control_to_uncertain,-0.050637064736284015,-0.046761933933734914
6,3,control_to_uncertain,-0.09683717174234883,-0.049442456936501844
6,4,control_to_uncertain,-0.28111304196417697,0.01851170703778899
6,5,control_to_uncertain,-0.3121512109887387,0.04080929454159655
6,6,control_to_uncertain,-0.3010857806113299,0.13977045168330665
6,7,control_to_uncertain,-0.045898043703137326,0.33986671872280627
6,8,control_to_uncertain,1.0555650383845872,1.0049342168149544
6,9,control_to_uncertain,1.0491665139889783,1.0106724290943974
6,10,control_to_uncertain,1.040951882899766,1.0100867692014013
6,11,control_to_uncertain,1.0226556794385715,1.000962139354399
6,12,control_to_uncertain,1.018928579787422,0.9972896891599886
6,13,control_to_uncertain,1.0584414413111687,0.9989794532604264
6,14,control_to_uncertain,1.0256723619792454,0.999759714750481
6,15,control_to_uncertain,1.031120383909973,1.007315339128898
6,16,control_to_uncertain,0.9973203761282559,0.9975788726277177
6,17,control_to_uncertain,0.9956254674434272,1.0089418456733714
6,18,control_to_uncertain,1.0107646342123344,1.0081700100274626
6,19,control_to_uncertain,0.9954415088421624,0.9964086290840031
6,20,control_to_uncertain,0.9953808353002542,1.0044443283235671
6,21,control_to_uncertain,1.0054105295577793,1.0023349784262987
6,22,control_to_uncertain,1.0190050552837338,1.002529502137403
6,23,control_to_uncertain,1.0208831026570986,1.0011029642402927
6,24,control_to_uncertain,1.0179991714409191,0.9998084713578651
6,25,control_to_uncertain,1.0244141686286183,0.999864825386063
6,26,control_to_uncertain,1.0147589508754506,0.9994025439252
6,27,control_to_uncertain,1.009647987613653,0.9912432892399704
6,28,control_to_uncertain,1.0061706631946095,0.9986048784646328
6,29,control_to_uncertain,1.0062259700350222,0.9985261853286369
6,30,control_to_uncertain,1.0000000745375208,1.0000116262488128
6,31,control_to_uncertain,1.0,1.0
6,0,uncertain_to_control,-0.005174320154453669,0.0008044202969663988
6,1,uncertain_to_control,0.015660929414309504,-0.010322480421241228
6,2,uncertain_to_control,0.015453864181605602,-0.011857428486178854
6,3,uncertain_to_control,0.021844040374887953,-0.007798182481692907
6,4,uncertain_to_control,0.004451753428092386,-0.012438224047302547
6,5,uncertain_to_control,0.0181234254880456,-0.00779904630773137
6,6,uncertain_to_control,0.00640426378470821,-0.020562408811478746
6,7,uncertain_to_control,0.2220794000504768,-0.00433639255200693
6,8,uncertain_to_control,1.3052977095663392,0.14770016230016766
6,9,uncertain_to_control,1.0826621105358636,0.5318471843590277
6,10,uncertain_to_control,1.0048102789030045,0.5894355491604106
6,11,uncertain_to_control,0.9621840224053825,0.7652857203749798
6,12,uncertain_to_control,0.9331570620350442,0.7085380707252613
6,13,uncertain_to_control,0.9616525326135196,0.7666124438813998
6,14,uncertain_to_control,0.8964756573128538,0.8711363008448361
6,15,uncertain_to_control,0.9356007001160251,0.6642086709158411
6,16,uncertain_to_control,0.9574438460406638,0.5364805772963576
6,17,uncertain_to_control,0.9960545054129893,0.3729137574492605
6,18,uncertain_to_control,1.1904628571334868,1.0961458206326125
6,19,uncertain_to_control,1.2915992412676685,1.1461302505222961
6,20,uncertain_to_control,1.289154969617761,1.080245643803174
6,21,uncertain_to_control,1.1811412693232932,1.1251639180713398
6,22,uncertain_to_control,1.0489332860864835,1.050501252760172
6,23,uncertain_to_control,1.0347742131782038,1.0503815066457252
6,24,uncertain_to_control,1.0369886483828117,1.0449811494749
6,25,uncertain_to_control,1.0396529920627975,1.0061780838270948
6,26,uncertain_to_control,1.0203178100995658,0.9734377741497084
6,27,uncertain_to_control,1.0145894525532158,0.9887072730045725
6,28,uncertain_to_control,1.0129177250373471,0.978908143712897
6,29,uncertain_to_control,1.015388420238368,0.9907077241766641
6,30,uncertain_to_control,1.0007835384183525,1.0127738629464935
6,31,uncertain_to_control,1.0,1.0
7,0,control_to_uncertain,-0.0050004841482456635,0.007294217118076724
7,1,control_to_uncertain,0.008630008619426144,0.07857775993338481
7,2,control_to_uncertain,-0.044098232885359516,0.06332548855943587
7,3,control_to_uncertain,-0.08275839626819591,0.20702962607458034
7,4,control_to_uncertain,-0.33985707661588666,0.5638930672455102
7,5,control_to_uncertain,-0.3671268808806595,0.5187701225201823
7,6,control_to_uncertain,-0.5527265659461941,0.26338578916619304
7,7,control_to_uncertain,-0.2637145793527793,0.7093079149937118
7,8,control_to_uncertain,-0.004830106295673302,-0.15879168964911117
7,9,control_to_uncertain,0.16880441486760178,-0.18724864341718778
7,10,control_to_uncertain,0.29761994838926786,-0.17234634014826178
7,11,control_to_uncertain,0.4597173667767773,-0.12142446525751917
7,12,control_to_uncertain,0.519124120265599,-0.17973962304094934
7,13,control_to_uncertain,0.8423129163873334,0.07015344895806469
7,14,control_to_uncertain,1.0928599862674746,0.10236167502037548
7,15,control_to_uncertain,1.003999470170736,0.15622982667244023
7,16,control_to_uncertain,1.0871396292359223,0.29640982670481913
7,17,control_to_uncertain,1.1773629917786512,0.4246653524721337
7,18,control_to_uncertain,1.5209080610418342,0.5585934616519865
7,19,control_to_uncertain,1.3377793839623644,0.7581059381699362
7,20,control_to_uncertain,1.1403999928744666,0.7528840420296538
7,21,control_to_uncertain,1.1597736831829122,0.8574146926048605
7,22,control_to_uncertain,1.0817974193222948,0.9316277026898321
7,23,control_to_uncertain,1.0179309461738266,0.9595655600659111
7,24,control_to_uncertain,1.0399532536790417,0.964247967971856
7,25,control_to_uncertain,1.0395066732207463,0.9608230340464198
7,26,control_to_uncertain,1.0022036241097714,1.0291684292807979
7,27,control_to_uncertain,1.0153890356031507,1.0312090602333344
7,28,control_to_uncertain,1.0044822074196909,1.0028558912979777
7,29,control_to_uncertain,0.995976013761451,0.9995470048672089
7,30,control_to_uncertain,1.003530666514279,0.990461199060308
7,31,control_to_uncertain,1.0,1.0
7,0,uncertain_to_control,-0.048212346538675156,0.00059890703169626
7,1,uncertain_to_control,0.028320114939791887,0.06312422245336805
7,2,uncertain_to_control,0.04901079430119595,0.00690239751230546
7,3,uncertain_to_control,0.08818094480692362,0.022805898905305967
7,4,uncertain_to_control,0.1356407009761099,0.06205726752688322
7,5,uncertain_to_control,0.061871500176991896,0.03449993157365742
7,6,uncertain_to_control,0.15816920355056158,0.08918010567727835
7,7,uncertain_to_control,0.2185667412907551,0.14046355686707865
7,8,uncertain_to_control,0.7073966740338332,0.2877522840327362
7,9,uncertain_to_control,0.729017112038959,0.348694751584131
7,10,uncertain_to_control,0.7870863288352522,0.35041510660748393
7,11,uncertain_to_control,0.8125763371266216,0.4142432265240551
7,12,uncertain_to_control,0.7863691897580687,0.6787013785884346
7,13,uncertain_to_control,1.0104293821721624,0.9902102622842164
7,14,uncertain_to_control,0.8216464885318597,1.0355027486446744
7,15,uncertain_to_control,0.7690942688664811,1.0900713187462998
7,16,uncertain_to_control,0.741697298523339,1.0572921210984714
7,17,uncertain_to_control,0.648010291809993,1.0744440028125586
7,18,uncertain_to_control,0.9563585772990736,1.115522266944579
7,19,uncertain_to_control,1.0254229859477073,1.075965124024942
7,20,uncertain_to_control,0.9186021573081428,1.1076003117609572
7,21,uncertain_to_control,0.949717015791346,1.1057587079453128
7,22,uncertain_to_control,1.0618110036931074,0.993706223201046
7,23,uncertain_to_control,1.048957088238972,0.9953084984346333
7,24,uncertain_to_control,1.0142842251802593,0.9802886665068158
7,25,uncertain_to_control,0.9997920543600592,0.9833442738552779
7,26,uncertain_to_control,0.9931870023921685,0.9980481700095453
7,27,uncertain_to_control,0.9870200649023211,1.0010551400583723
7,28,uncertain_to_control,1.0029548034825515,1.0043904463254159
7,29,uncertain_to_control,0.9944436713358311,1.0167946111249833
7,30,uncertain_to_control,1.0075729957100408,1.0038220926115498
7,31,uncertain_to_control,1.0,1.0
8,0,control_to_uncertain,0.0122983426320507,0.007494311664893624
8,1,control_to_uncertain,0.009928154862524392,0.011832895810724603
8,2,control_to_uncertain,-0.017980406979963497,-0.010648638449442922
8,3,control_to_uncertain,0.14914943569428757,-0.1412136492282542
8,4,control_to_uncertain,0.15930760617639292,-0.15493333442845306
8,5,control_to_uncertain,0.12345985873651864,-0.11315209802492932
8,6,control_to_uncertain,0.28960036936030836,-0.2507000250317625
8,7,control_to_uncertain,0.48433361038743133,-0.1277410026604087
8,8,control_to_uncertain,1.1700658347593045,0.6545885149766056
8,9,control_to_uncertain,1.1587223163919094,0.6488356664954269
8,10,control_to_uncertain,1.1757730814451237,0.49428890295778144
8,11,control_to_uncertain,1.1781212800262186,0.49560966826436353
8,12,control_to_uncertain,1.1589622380320213,0.5586432307228449
8,13,control_to_uncertain,1.2526687653883497,0.6533324699715151
8,14,control_to_uncertain,1.0925312306347277,0.7856819846854513
8,15,control_to_uncertain,1.0829005466744472,0.7699289741647571
8,16,control_to_uncertain,1.0600315004195726,0.910815440462082
8,17,control_to_uncertain,1.0723549528179508,0.9752649067519892
8,18,control_to_uncertain,1.031654271320024,0.9648789696935489
8,19,control_to_uncertain,1.0628445199640422,0.980661952749341
8,20,control_to_uncertain,1.0746736147664004,0.9857255443453287
8,21,control_to_uncertain,1.0654799568547448,0.9792768173248957
8,22,control_to_uncertain,1.070195512913786,0.9794919892470705
8,23,control_to_uncertain,0.996578177479457,0.994013125391748
8,24,control_to_uncertain,1.0145553187383662,0.9971822235584381
8,25,control_to_uncertain,1.0231247884992045,0.9905134140863148
8,26,control_to_uncertain,1.023045250048641,0.9999948586676385
8,27,control_to_uncertain,1.0058097177553407,0.9999921765793942
8,28,control_to_uncertain,1.007129577062272,0.9963821255961598
8,29,control_to_uncertain,1.0048865346991207,0.9963449424618056
8,30,control_to_uncertain,0.9971544683881468,0.9998619719394038
8,31,control_to_uncertain,1.0,1.0
8,0,uncertain_to_control,-0.007838311102602497,-0.004940287165219278
8,1,uncertain_to_control,-0.008268805709119033,-0.012222491014686032
8,2,uncertain_to_control,-0.01235407760470827,-0.013044435660141187
8,3,uncertain_to_control,-0.016204507870714313,-0.012050662275236627
8,4,uncertain_to_control,-0.019063102366784164,0.015806365771702368
8,5,uncertain_to_control,-0.03503879204897072,0.00590349111111387
8,6,uncertain_to_control,-0.05098175194903675,0.009339484913627686
8,7,uncertain_to_control,-0.021393593482607748,0.019524392693246687
8,8,uncertain_to_control,0.27720768367558213,0.10035390512525894
8,9,uncertain_to_control,0.5029804058913898,0.13276572387365107
8,10,uncertain_to_control,0.6057875906809094,0.09749882616856038
8,11,uncertain_to_control,0.7508197141274875,0.11111507985889892
8,12,uncertain_to_control,0.8700128357351744,0.11580072781528616
8,13,uncertain_to_control,0.8522669075268992,0.29635362383230074
8,14,uncertain_to_control,0.8022868973683296,0.35054091114150915
8,15,uncertain_to_control,0.7781605847933949,0.641492061130219
8,16,uncertain_to_control,0.7215968447038604,0.7370521433928101
8,17,uncertain_to_control,0.8177602284379134,1.1212148532232382
8,18,uncertain_to_control,0.8854564306002707,1.1836921967404208
8,19,uncertain_to_control,0.8420143214205393,1.2322782014097693
8,20,uncertain_to_control,0.7532411374317746,0.926707585305289
8,21,uncertain_to_control,0.838630344978435,1.0916392353504898
8,22,uncertain_to_control,1.0165987892593191,0.8396426395173756
8,23,uncertain_to_control,0.9954009213252238,0.8574766640017693
8,24,uncertain_to_control,1.0202168090436379,0.9963161955694066
8,25,uncertain_to_control,1.019950181062461,1.0002344320217333
8,26,uncertain_to_control,1.0079177406957975,1.0008035122526546
8,27,uncertain_to_control,1.0069553689869275,1.0037747248344595
8,28,uncertain_to_control,1.007718023710441,0.9988217275952753
8,29,uncertain_to_control,0.9979626254916815,0.9846778745165357
8,30,uncertain_to_control,0.998441271340852,1.000331082703154
8,31,uncertain_to_control,1.0,1.0
9,0,control_to_uncertain,0.005639200696810613,-0.006245847426971278
9,1,control_to_uncertain,0.02462063561014768,-0.03699104786841802
9,2,control_to_uncertain,0.02284945106346752,-0.012123692712098169
9,3,control_to_uncertain,0.007835801340614094,0.00844091427435057
9,4,control_to_uncertain,-0.035550049900428676,0.04142805089133984
9,5,control_to_uncertain,-0.03548723403994207,-0.00021576672811723062
9,6,control_to_uncertain,-0.051669908743826876,0.03977407904991676
9,7,control_to_uncertain,0.023986159056940307,0.14277128567991287
9,8,control_to_uncertain,0.7347685287811864,0.30556218755217174
9,9,control_to_uncertain,0.7924932137735092,0.46023594511266036
9,10,control_to_uncertain,0.823335574008106,0.4849141447706641
9,11,control_to_uncertain,0.8229619514515214,0.5125005802476769
9,12,control_to_uncertain,0.8486790465425074,0.8120485099943897
9,13,control_to_uncertain,0.8915795066300505,1.0190854661300028
9,14,control_to_uncertain,0.8968598569516499,1.0242254566320714
9,15,control_to_uncertain,0.9232204737161304,1.020694306764128
9,16,control_to_uncertain,0.9367329289149451,0.9856798619308706
9,17,control_to_uncertain,0.9401612113152364,0.9801093343953052
9,18,control_to_uncertain,0.9564521547453724,0.9802807191061528
9,19,control_to_uncertain,0.9641228712775296,1.0007862599507795
9,20,control_to_uncertain,0.9708425320464293,1.0102986807872405
9,21,control_to_uncertain,0.9714900535721112,0.9961621691940192
9,22,control_to_uncertain,1.007921343633983,1.0063077080475984
9,23,control_to_uncertain,1.0073335471739158,1.0088288898223463
9,24,control_to_uncertain,1.0073599098360593,1.013646721120395
9,25,control_to_uncertain,1.0101941687336735,1.0157261130274227
9,26,control_to_uncertain,1.0069079265388965,1.0057978692496181
9,27,control_to_uncertain,1.012196594734931,0.9998401153560851
9,28,control_to_uncertain,1.0084532785220255,1.003923111106889
9,29,control_to_uncertain,1.004622147372463,0.9992506301662084
9,30,control_to_uncertain,0.9972190573139275,1.000445288585152
9,31,control_to_uncertain,1.0,1.0
9,0,uncertain_to_control,-0.004896819040278193,-0.01218165754457883
9,1,uncertain_to_control,-0.005354938474319108,-0.008608200915743961
9,2,uncertain_to_control,-0.0030838860363932913,-0.01296546764396608
9,3,uncertain_to_control,0.00044043826925850425,-0.01395520011450021
9,4,uncertain_to_control,0.029455547847254553,-0.013152667756308621
9,5,uncertain_to_control,0.0667453516376872,-0.03359487207595253
9,6,uncertain_to_control,0.08771812205303504,-0.055246673663701965
9,7,uncertain_to_control,0.14054557892928776,-0.05553694359417203
9,8,uncertain_to_control,0.4240726013170513,-0.06401120806262725
9,9,uncertain_to_control,0.5045073561599747,-0.040556817807563705
9,10,uncertain_to_control,0.5277429520445449,-0.020805936078327637
9,11,uncertain_to_control,0.599487118953286,0.039186204618600694
9,12,uncertain_to_control,0.6799363505339553,0.4456127446933297
9,13,uncertain_to_control,0.6818117130489678,0.8128906894888729
9,14,uncertain_to_control,0.6693543552231456,0.7536896934617078
9,15,uncertain_to_control,0.9110364694250163,0.9490897206303349
9,16,uncertain_to_control,0.9172647392621355,0.9879792759653756
9,17,uncertain_to_control,0.9375443080217081,1.0104954930076446
9,18,uncertain_to_control,0.98936343852384,1.002954805471161
9,19,uncertain_to_control,0.9834223398926213,1.00342925253221
9,20,uncertain_to_control,0.9864218199572897,0.9876636571903018
9,21,uncertain_to_control,0.9968081634074158,0.97619589533168
9,22,uncertain_to_control,0.998839588337031,0.9928280338277877
9,23,uncertain_to_control,1.0101457159787686,0.9961454472725901
9,24,uncertain_to_control,1.0045377414007381,1.0036721099717463
9,25,uncertain_to_control,1.004581603416201,1.0026003486850261
9,26,uncertain_to_control,0.9997896895901074,1.0041327719362765
9,27,uncertain_to_control,1.0013527227380188,0.9982542074287226
9,28,uncertain_to_control,1.0009239658552618,1.000087025913674
9,29,uncertain_to_control,0.9956922501000304,1.0062209143828333
9,30,uncertain_to_control,1.000015226710031,0.9980727236362951
9,31,uncertain_to_control,1.0,1.0
10,0,control_to_uncertain,0.020660925680753135,-0.03141618502293774
10,1,control_to_uncertain,0.007503108758854148,-0.03792496701186377
10,2,control_to_uncertain,-0.003485082294386256,-0.03518260211375182
10,3,control_to_uncertain,-0.05119832107308757,-0.08223184546425832
10,4,control_to_uncertain,-0.04842744507727937,-0.1448671536215802
10,5,control_to_uncertain,-0.13233416732968456,-0.11421673579178403
10,6,control_to_uncertain,-0.15851427348088734,-0.08807614146125935
10,7,control_to_uncertain,-0.08928879798074581,-0.07538753212868093
10,8,control_to_uncertain,0.00728025194943033,-0.11023783145827591
10,9,control_to_uncertain,0.12462219807584189,-0.18329757002841732
10,10,control_to_uncertain,0.1309637113021619,-0.20484619188064362
10,11,control_to_uncertain,0.1652111156757933,-0.20728877877232119
10,12,control_to_uncertain,0.4411016853928154,-0.08925839321619232
10,13,control_to_uncertain,0.939565787014732,0.2958753320486843
10,14,control_to_uncertain,1.1010410695234394,0.567930270224702
10,15,control_to_uncertain,1.1702615181782554,0.6321675432612427
10,16,control_to_uncertain,1.1938862127234777,0.9501883851268497
10,17,control_to_uncertain,1.2068523195638512,0.9798585829839211
10,18,control_to_uncertain,1.1661167363591132,0.9835030919464705
10,19,control_to_uncertain,1.1665793046946398,0.9919314934911583
10,20,control_to_uncertain,1.1863590539595377,0.9998385046135561
10,21,control_to_uncertain,1.1753850563519217,0.9889493031984891
10,22,control_to_uncertain,1.116346433620803,1.004616231538153
10,23,control_to_uncertain,1.103704903283496,1.0032555942318742
10,24,control_to_uncertain,1.0517557095106336,1.0029321849416257
10,25,control_to_uncertain,1.0505749922527443,1.0038328567217774
10,26,control_to_uncertain,1.0524876576162423,1.0017937616699082
10,27,control_to_uncertain,1.0132783626441129,0.997499904338889
10,28,control_to_uncertain,1.0049456272753867,0.9958701902639708
10,29,control_to_uncertain,1.0220413368333319,1.0022657745171955
10,30,control_to_uncertain,1.004205498225425,1.0003258568694542
10,31,control_to_uncertain,1.0,1.0
10,0,uncertain_to_control,0.006329192526993174,1.013409894109129e-05
10,1,uncertain_to_control,0.015596723995044911,0.0015771677256152354
10,2,uncertain_to_control,-0.005770621302311718,-0.002368711104042818
10,3,uncertain_to_control,0.01733975797021111,0.00361737259584197
10,4,uncertain_to_control,0.0929056624751319,-0.002446047133425128
10,5,uncertain_to_control,0.1144754615038271,-0.011523053430915638
10,6,uncertain_to_control,0.05982034646200769,-0.011704465759600042
10,7,uncertain_to_control,0.25353613927239665,0.013176451104317843
10,8,uncertain_to_control,0.663138872614614,0.18916700696113947
10,9,uncertain_to_control,0.8006326531255938,0.2873561421308871
10,10,uncertain_to_control,0.872883550269636,0.39618575235371173
10,11,uncertain_to_control,0.869811408533888,0.48701502058806473
10,12,uncertain_to_control,0.9162631062671159,0.8873044552368778
10,13,uncertain_to_control,0.8843643721647607,1.0722732846617573
10,14,uncertain_to_control,0.8651742422868479,1.102078416999936
10,15,uncertain_to_control,0.9004846273156015,1.0502518577686688
10,16,uncertain_to_control,0.9151608472225399,1.029098794610214
10,17,uncertain_to_control,0.9103416303222465,1.0109239009883586
10,18,uncertain_to_control,0.9169501577443776,1.057877722380694
10,19,uncertain_to_control,0.9112025515084085,1.0213912593247163
10,20,uncertain_to_control,0.9142757774656972,1.013149456734572
10,21,uncertain_to_control,0.9134971585510384,1.015754547938473
10,22,uncertain_to_control,0.9837095713500569,1.0163808890624075
10,23,uncertain_to_control,0.976362196230694,1.0268249300029715
10,24,uncertain_to_control,0.9704721134277092,1.0553765430585607
10,25,uncertain_to_control,0.9738121071668226,1.0676016743085943
10,26,uncertain_to_control,0.9588600021605579,1.0472129434266169
10,27,uncertain_to_control,0.9813756366351756,1.026005114282144
10,28,uncertain_to_control,0.9758398971448307,1.03903870149608
10,29,uncertain_to_control,0.972649624543937,1.0292760068182456
10,30,uncertain_to_control,0.9991927477801057,1.0044941589923537
10,31,uncertain_to_control,1.0,1.0
11,0,control_to_uncertain,-0.01608518538991513,0.016812291655117675
11,1,control_to_uncertain,-0.0071755345296871135,0.0017409579368339457
11,2,control_to_uncertain,-0.012859759135821151,0.003539366031149045
11,3,control_to_uncertain,-0.05356382966558814,0.024330081091836608
11,4,control_to_uncertain,-0.02996492108401319,0.03243037149238344
11,5,control_to_uncertain,-0.02051181448675729,0.04238397488458495
11,6,control_to_uncertain,0.0024990708597003447,0.032599328284638136
11,7,control_to_uncertain,-0.008420579742270454,0.03917773492482188
11,8,control_to_uncertain,0.042034848213643755,-0.008696790295153366
11,9,control_to_uncertain,0.033601160383699945,0.043472922015153355
11,10,control_to_uncertain,0.03529896452243081,0.0008021205531862332
11,11,control_to_uncertain,0.22905956499109795,-0.07104233144859345
11,12,control_to_uncertain,0.8172840231989724,0.013212809003482023
11,13,control_to_uncertain,0.8538689747908047,0.33507586185727845
11,14,control_to_uncertain,0.8663420732298099,0.5904547502667259
11,15,control_to_uncertain,0.8684045611013427,0.7847067620183737
11,16,control_to_uncertain,0.909495348107022,0.9186796353933028
11,17,control_to_uncertain,0.9242555568390945,0.8642487170032968
11,18,control_to_uncertain,0.8813597024921487,0.9413868404384447
11,19,control_to_uncertain,0.8772387986231265,0.9281312240984746
11,20,control_to_uncertain,0.8964263615802954,0.9443908534198169
11,21,control_to_uncertain,0.9090144207371509,0.9352024567335698
11,22,control_to_uncertain,0.9616858406381174,0.9468653310888785
11,23,control_to_uncertain,0.960934886662175,0.9492332865909439
11,24,control_to_uncertain,0.9614950761281476,0.9544873928644328
11,25,control_to_uncertain,0.9725420704073876,0.961175313867315
11,26,control_to_uncertain,0.9668421718751421,0.9679988381493468
11,27,control_to_uncertain,0.9772743689529533,1.0007423807978546
11,28,control_to_uncertain,0.9879257778799403,0.9964462941550176
11,29,control_to_uncertain,0.9921873566302911,0.9975807567485641
11,30,control_to_uncertain,0.9963835622795645,1.0009616481413897
11,31,control_to_uncertain,1.0,1.0
11,0,uncertain_to_control,0.01047202335269965,0.002684418073461995
11,1,uncertain_to_control,0.008796028840693394,0.001724610700567552
11,2,uncertain_to_control,0.00709995385395348,-0.0009713424767056807
11,3,uncertain_to_control,0.022512220223905102,-0.0021228397540121215
11,4,uncertain_to_control,0.012591405902644391,-0.0008671913407341115
11,5,uncertain_to_control,0.004785790699092246,-0.0028474908454340633
11,6,uncertain_to_control,0.0366895373977367,0.0015889184130648446
11,7,uncertain_to_control,0.04956251617942417,0.0014246430814276747
11,8,uncertain_to_control,0.19846163483065438,-0.005114965385749855
11,9,uncertain_to_control,0.5529489487955146,-0.00872615074203196
11,10,uncertain_to_control,0.9050129956927939,0.0019769361252271627
11,11,uncertain_to_control,0.9351267911853186,0.009488907824479649
11,12,uncertain_to_control,0.9976636925438352,0.06316583456102996
11,13,uncertain_to_control,0.9869334119744222,0.14887929544654022
11,14,uncertain_to_control,1.0274828070696436,0.21359559491827299
11,15,uncertain_to_control,1.033427018044482,1.0032750225850173
11,16,uncertain_to_control,1.0307147036989295,0.9902561381637502
11,17,uncertain_to_control,1.0212177547318384,0.978187423593904
11,18,uncertain_to_control,1.0160885879148005,0.9833446660536125
11,19,uncertain_to_control,1.0212413492896504,0.9661386468951667
11,20,uncertain_to_control,1.018925066529123,0.9702636651646046
11,21,uncertain_to_control,1.0146026885636064,0.9662747577113088
11,22,uncertain_to_control,1.0094544452955714,0.9857555728205668
11,23,uncertain_to_control,1.0184615422373542,0.969810790663701
11,24,uncertain_to_control,1.0140457342852296,0.963673562448056
11,25,uncertain_to_control,1.013848164725489,0.9731290826711251
11,26,uncertain_to_control,1.014501951515359,0.9755256268987091
11,27,uncertain_to_control,1.010312383578567,0.9741752451907423
11,28,uncertain_to_control,1.0048864719682429,0.9818613854053966
11,29,uncertain_to_control,1.0051543231895514,0.9833910261490483
11,30,uncertain_to_control,1.0005120521057083,1.0030237690481854
11,31,uncertain_to_control,1.0,1.0
12,0,control_to_uncertain,0.022178270031055967,-0.012152079275464965
12,1,control_to_uncertain,0.06971511124269902,0.10488345800510855
12,2,control_to_uncertain,0.027468828941305364,0.05029612635436609
12,3,control_to_uncertain,-0.01689906198564744,0.02685804748796096
12,4,control_to_uncertain,0.03599702406721232,0.2333194800611877
12,5,control_to_uncertain,0.017181196970343305,0.23795495129544977
12,6,control_to_uncertain,-0.03235381881105445,0.15002900346595793
12,7,control_to_uncertain,-0.10605044387688947,0.2056039724296248
12,8,control_to_uncertain,-0.30170931353770664,0.09489237867742906
12,9,control_to_uncertain,-0.13175534842192357,-0.07203667135799302
12,10,control_to_uncertain,0.11678888996355474,-0.19775849575013352
12,11,control_to_uncertain,0.6167363064222454,0.03338075615659459
12,12,control_to_uncertain,0.8234133813920151,0.05104867858109464
12,13,control_to_uncertain,1.171406189484052,0.3353290947170594
12,14,control_to_uncertain,1.1792432489279505,0.4636764902113418
12,15,control_to_uncertain,1.06287217637998,0.6607890360912887
12,16,control_to_uncertain,1.0451203740738222,0.9480325483442515
12,17,control_to_uncertain,1.0647833452508615,0.9824612417645858
12,18,control_to_uncertain,1.0444886324520275,0.9867067432344662
12,19,control_to_uncertain,1.0378654292147398,0.9957103694274461
12,20,control_to_uncertain,1.0300420963980907,0.9978807256290538
12,21,control_to_uncertain,1.0356787774939065,0.9769597645170889
12,22,control_to_uncertain,0.998502213788207,0.9896399380166602
12,23,control_to_uncertain,1.0111702013083799,0.9879770757047096
12,24,control_to_uncertain,1.0238397726701585,0.9834003849509078
12,25,control_to_uncertain,1.0032221673626418,0.9833181125378682
12,26,control_to_uncertain,1.0169701236790234,0.9833435475507197
12,27,control_to_uncertain,1.0036026061163317,0.9890838855380218
12,28,control_to_uncertain,1.0100394439913485,0.9993521991386537
12,29,control_to_uncertain,1.0100500029353865,1.0005922619176435
12,30,control_to_uncertain,1.0110256493644993,0.9993071215181222
12,31,control_to_uncertain,1.0,1.0
12,0,uncertain_to_control,0.015003414762501895,0.002207670709961933
12,1,uncertain_to_control,0.022869088944743356,0.014272007479109354
12,2,uncertain_to_control,0.01197099162422323,0.003013956933789862
12,3,uncertain_to_control,-0.06288262973457771,0.0027884859509310534
12,4,uncertain_to_control,-0.00486798996984788,0.014781665462908485
12,5,uncertain_to_control,-0.01404276203392293,0.005935493234351044
12,6,uncertain_to_control,0.17100516078948802,0.032735045718100306
12,7,uncertain_to_control,-0.08109532994799509,0.02602996377122228
12,8,uncertain_to_control,1.1448388831847127,0.8090105697120566
12,9,uncertain_to_control,1.2119966181814035,0.7923590900748473
12,10,uncertain_to_control,1.2661823208643468,0.8157713839897737
12,11,uncertain_to_control,1.2846758361944552,0.761053580484549
12,12,uncertain_to_control,1.3839357703657744,0.8523271517288764
12,13,uncertain_to_control,1.4086126561192671,0.9194475168953592
12,14,uncertain_to_control,1.4241646608192642,0.8494296598955691
12,15,uncertain_to_control,1.3042233453184386,0.6345395687116927
12,16,uncertain_to_control,1.2628592099967013,0.5500025002194023
12,17,uncertain_to_control,1.3931065828258353,0.8176458026196958
12,18,uncertain_to_control,1.060901402270004,1.2159377705981014
12,19,uncertain_to_control,0.9140080125490938,0.9242200904001981
12,20,uncertain_to_control,1.061706785726504,1.132593440289926
12,21,uncertain_to_control,1.1461475587087848,1.055259876856597
12,22,uncertain_to_control,1.0450354273690363,0.9695637379596939
12,23,uncertain_to_control,1.0444822442908845,1.1754344741301883
12,24,uncertain_to_control,1.0139176385470725,1.050066271929756
12,25,uncertain_to_control,1.022261316125915,1.0639431434452766
12,26,uncertain_to_control,1.0164135089440591,1.0821609483778825
12,27,uncertain_to_control,1.0160363962577412,0.9960417889341486
12,28,uncertain_to_control,0.9965047255498147,0.9753802336429707
12,29,uncertain_to_control,1.0063349968597701,1.0043551519760436
12,30,uncertain_to_control,0.9999515344468655,1.025024516423955
12,31,uncertain_to_control,1.0,1.0
13,0,control_to_uncertain,0.00032594735814228735,0.00893232464329383
13,1,control_to_uncertain,0.005719573098578736,-0.006663701173959661
13,2,control_to_uncertain,0.004052906683647749,0.005581409993546485
13,3,control_to_uncertain,0.004684838760528027,-0.00675547232717562
13,4,control_to_uncertain,0.012518223775196412,-0.0025962616970035186
13,5,control_to_uncertain,0.030209175231847303,0.014167539369349396
13,6,control_to_uncertain,-0.010449787215381976,0.06417724061964136
13,7,control_to_uncertain,-0.015624755344386242,0.05238429251532854
13,8,control_to_uncertain,0.4235344817212961,0.12039736453021858
13,9,control_to_uncertain,0.5706617018348963,0.3676183559190296
13,10,control_to_uncertain,0.7255363140549619,0.5803134676968646
13,11,control_to_uncertain,0.7885815515104317,0.6682983256593932
13,12,control_to_uncertain,0.8460256197442939,0.7275494834431213
13,13,control_to_uncertain,0.9144071501391369,0.8394543150333583
13,14,control_to_uncertain,0.9447586189639637,0.988042206060387
13,15,control_to_uncertain,0.9641092889307844,0.984000555038019
13,16,control_to_uncertain,0.9977549708608399,1.0043398438924516
13,17,control_to_uncertain,1.0015507924815414,0.9972719503637718
13,18,control_to_uncertain,0.9858932863252194,0.9975887509759717
13,19,control_to_uncertain,0.9869284737874937,0.9903589967095858
13,20,control_to_uncertain,0.9869279199689982,0.9974802227143922
13,21,control_to_uncertain,0.9883835060164575,0.9950088154178275
13,22,control_to_uncertain,1.0069634116790152,1.0004582853652657
13,23,control_to_uncertain,1.002930958519347,0.9999302843449326
13,24,control_to_uncertain,0.9994915946211738,1.0012181289654185
13,25,control_to_uncertain,1.0030726857070473,0.9999481315526298
13,26,control_to_uncertain,1.0030680537705399,0.9999856766017771
13,27,control_to_uncertain,0.9919549807993645,1.0006710448689575
13,28,control_to_uncertain,0.9890414927361921,1.0006974227377203
13,29,control_to_uncertain,0.98912481724619,1.0006807226694383
13,30,control_to_uncertain,0.988986866093686,0.9990355916545189
13,31,control_to_uncertain,1.0,1.0
13,0,uncertain_to_control,0.0008609863718861996,0.0017137248817188351
13,1,uncertain_to_control,0.013971632309025888,-0.0012880474296642875
13,2,uncertain_to_control,0.008670934794769719,0.007689319864589889
13,3,uncertain_to_control,0.005338407519082949,-0.0004203473733353058
13,4,uncertain_to_control,-0.012206310681200273,-0.011040918995314258
13,5,uncertain_to_control,-0.012954670509965637,-0.0056279166732632465
13,6,uncertain_to_control,0.060756708390848645,-0.014259621074119745
13,7,uncertain_to_control,0.4633661400305899,0.037959223516160275
13,8,uncertain_to_control,0.970787471497857,0.46270950806060646
13,9,uncertain_to_control,1.0566443039792917,0.2096825969177847
13,10,uncertain_to_control,1.0658795798209284,0.05704597556050531
13,11,uncertain_to_control,1.0661802025696876,0.00857086798512998
13,12,uncertain_to_control,1.0790004965738018,0.3455734925767341
13,13,uncertain_to_control,1.1019295388811547,0.5769795509913801
13,14,uncertain_to_control,1.111122724517137,0.613094339110357
13,15,uncertain_to_control,1.093472428372766,0.8235380661990199
13,16,uncertain_to_control,1.03340804344837,0.9364770217898054
13,17,uncertain_to_control,1.0158909406521555,1.0143950912674893
13,18,uncertain_to_control,0.9398104269220636,1.0299396035534347
13,19,uncertain_to_control,0.9206658026091195,1.0710607869429625
13,20,uncertain_to_control,0.8974622047826456,1.0435182864733643
13,21,uncertain_to_control,0.9446575848488954,1.00796512767161
13,22,uncertain_to_control,0.9608923335056716,1.0285270376260334
13,23,uncertain_to_control,1.0059205462785084,1.0102876983823927
13,24,uncertain_to_control,0.9872401225590262,1.0235588211833122
13,25,uncertain_to_control,0.9872403113607859,1.0239808670835164
13,26,uncertain_to_control,0.9872453838347329,1.0210977318036976
13,27,uncertain_to_control,0.9928761445854953,0.9941331360878868
13,28,uncertain_to_control,0.993489473395642,0.9964251840173236
13,29,uncertain_to_control,1.0049460145282703,0.9991637163529591
13,30,uncertain_to_control,0.9994665846813905,1.0003521781382532
13,31,uncertain_to_control,1.0,1.0
14,0,control_to_uncertain,-0.01022869570523173,0.01184877426296935
14,1,control_to_uncertain,0.010466079347613896,-0.00773632573167432
14,2,control_to_uncertain,-0.0029772729241812038,0.007156998424130692
14,3,control_to_uncertain,0.018921033969594617,-0.02343402816006736
14,4,control_to_uncertain,-0.020377203575529475,0.045634053369577654
14,5,control_to_uncertain,-0.03278677796615262,0.05085505683116207
14,6,control_to_uncertain,0.002646175510340267,-0.00962818525761295
14,7,control_to_uncertain,0.08714433699684207,0.0466505600694646
14,8,control_to_uncertain,0.16791056125401238,0.007987022963936679
14,9,control_to_uncertain,0.5546069017208678,0.4886646713999168
14,10,control_to_uncertain,0.7429929657756477,0.8236388180769889
14,11,control_to_uncertain,0.8503588543868184,0.8926458530413036
14,12,control_to_uncertain,0.9286573441088578,0.8999578225142435
14,13,control_to_uncertain,0.9232146178551948,0.767275131915269
14,14,control_to_uncertain,0.9210204206156103,0.5886626482151011
14,15,control_to_uncertain,0.9330197005841545,0.5341284454836636
14,16,control_to_uncertain,0.990319899689627,0.8882385842666556
14,17,control_to_uncertain,1.000349139676701,0.9844776371492617
14,18,control_to_uncertain,1.0045422260843468,0.9918044737533676
14,19,control_to_uncertain,0.9981931468711168,0.9945029605704826
14,20,control_to_uncertain,1.0026654159822281,0.9915602129389438
14,21,control_to_uncertain,0.9881694370795554,0.9908244235205433
14,22,control_to_uncertain,0.9808343700913754,0.9776846566730076
14,23,control_to_uncertain,0.992172607356303,0.9931952246016739
14,24,control_to_uncertain,0.9781142051735716,0.9943883103245426
14,25,control_to_uncertain,0.9893034958393574,0.9972294234392649
14,26,control_to_uncertain,0.9835210312413648,0.9926275493227561
14,27,control_to_uncertain,0.9867869803713084,0.9912404764275003
14,28,control_to_uncertain,0.9876331463697123,0.990381727198624
14,29,control_to_uncertain,0.9916449806194298,0.9926891550363542
14,30,control_to_uncertain,0.9999999539150374,1.001226316215064
14,31,control_to_uncertain,1.0,1.0
14,0,uncertain_to_control,-0.004936667279289436,-0.002943743226093469
14,1,uncertain_to_control,-0.006030493866736666,-0.0036592961367672688
14,2,uncertain_to_control,-0.00936105411425347,-0.004288269597735969
14,3,uncertain_to_control,0.019284160432446542,-0.005503907634073977
14,4,uncertain_to_control,0.025987817347965247,-5.173364029165012e-05
14,5,uncertain_to_control,0.023620018054244952,-0.010780432965464614
14,6,uncertain_to_control,0.018712568641247554,-0.010441396519643114
14,7,uncertain_to_control,0.04844838382801239,-0.00819330829183674
14,8,uncertain_to_control,0.3000261025228199,-0.0025250390244331423
14,9,uncertain_to_control,0.85450924307661,0.09331235591273339
14,10,uncertain_to_control,0.9675522691037378,0.3608443248188834
14,11,uncertain_to_control,1.029309022348073,0.32465821215640334
14,12,uncertain_to_control,1.0397486489271512,0.7249926412204979
14,13,uncertain_to_control,1.0526772321666402,0.7701115326526451
14,14,uncertain_to_control,1.053167253574027,0.7243308581817245
14,15,uncertain_to_control,1.0556964884917552,0.8688765999627738
14,16,uncertain_to_control,1.0408885604772042,0.9123243587540888
14,17,uncertain_to_control,1.0387472226897285,0.9202265899895878
14,18,uncertain_to_control,1.0382657730853864,0.9378690349445394
14,19,uncertain_to_control,1.032222283259195,0.9370441794198316
14,20,uncertain_to_control,1.0338401880413945,0.9486715806708073
14,21,uncertain_to_control,1.0338766412468157,0.9381863329482593
14,22,uncertain_to_control,1.0339579351208523,0.9538170369886488
14,23,uncertain_to_control,1.0381960004520012,0.9529196164442933
14,24,uncertain_to_control,1.0272303140247785,0.9554186364359967
14,25,uncertain_to_control,1.0325719298704847,0.9573172554432176
14,26,uncertain_to_control,1.0379888485450885,0.9573549296109525
14,27,uncertain_to_control,1.0322638058105027,0.9493303318834173
14,28,uncertain_to_control,1.032572943739662,0.9502784485373897
14,29,uncertain_to_control,1.0323158357332847,0.9478452340840519
14,30,uncertain_to_control,1.0019158210229646,0.9932306777082338
14,31,uncertain_to_control,1.0,1.0
15,0,control_to_uncertain,0.0064151545137409866,-0.0006410613496871084
15,1,control_to_uncertain,-0.0003876587059742692,0.010155583860959043
15,2,control_to_uncertain,-0.011023734994062064,0.023603467120897597
15,3,control_to_uncertain,0.049054699633675626,-0.0012256969333105593
15,4,control_to_uncertain,0.07682974690779562,-0.023770003939790334
15,5,control_to_uncertain,0.08839528664099265,0.07881035231514022
15,6,control_to_uncertain,0.1096551337473505,0.1296701346553827
15,7,control_to_uncertain,0.18950631037598673,0.31137684156914996
15,8,control_to_uncertain,0.6882813336216745,0.6199134574204792
15,9,control_to_uncertain,0.8325436716755026,0.6983614691843029
15,10,control_to_uncertain,1.0634749263310113,0.5755259142269682
15,11,control_to_uncertain,1.1822681456530746,0.4626623661519607
15,12,control_to_uncertain,1.2283263905726995,0.2964067977307918
15,13,control_to_uncertain,1.12566527811454,0.3793451550934733
15,14,control_to_uncertain,1.160109198302282,0.3787605195098498
15,15,control_to_uncertain,1.1110749228359666,0.5481271994871649
15,16,control_to_uncertain,1.0786519758288535,0.9831788941494966
15,17,control_to_uncertain,1.0553374793300874,0.9869879978776744
15,18,control_to_uncertain,1.0075848294673042,0.9944990082363524
15,19,control_to_uncertain,1.0287098989131138,0.9958282900169838
15,20,control_to_uncertain,1.0370809678069979,0.9986722904815302
15,21,control_to_uncertain,1.0193366259566774,0.9983597891036049
15,22,control_to_uncertain,1.0319617467359559,0.9986490392274842
15,23,control_to_uncertain,1.0605501928463716,0.9981379793645071
15,24,control_to_uncertain,1.054441145996026,0.9979428717313922
15,25,control_to_uncertain,1.0561566304274221,0.9995843123300365
15,26,control_to_uncertain,1.0425106653472873,0.9991430490491863
15,27,control_to_uncertain,1.0186298987966125,0.9995413496077048
15,28,control_to_uncertain,1.0199398124180394,0.9995013447584618
15,29,control_to_uncertain,1.0104069324211267,1.0000240714215283
15,30,control_to_uncertain,1.0104801827325862,0.9986813924740712
15,31,control_to_uncertain,1.0,1.0
15,0,uncertain_to_control,-0.032741724207480415,-0.0009566787052760147
15,1,uncertain_to_control,-0.022543620706100966,-0.0007676987223867944
15,2,uncertain_to_control,-0.0007981808292430388,0.0010451195498081146
15,3,uncertain_to_control,0.008074718230225875,-0.0005465565359386016
15,4,uncertain_to_control,-0.025742460351266552,-0.0003808311009406537
15,5,uncertain_to_control,-0.07194301912153508,0.00046195851093527656
15,6,uncertain_to_control,-0.14208390582893357,-0.0011654865389852768
15,7,uncertain_to_control,-0.1593447664982492,0.0012039619460558083
15,8,uncertain_to_control,0.11360482549169089,0.00825945765317404
15,9,uncertain_to_control,0.4856234249544734,0.019645156591953296
15,10,uncertain_to_control,0.870916204119347,0.054284511887874205
15,11,uncertain_to_control,0.9295339649170328,0.07184051415326682
15,12,uncertain_to_control,1.0766573975169165,0.12435650340068008
15,13,uncertain_to_control,1.0554512139091128,0.16484697962905118
15,14,uncertain_to_control,1.0165820210532754,0.21133120029181185
15,15,uncertain_to_control,1.0196607185374986,1.0110121593134074
15,16,uncertain_to_control,1.0270574709128546,1.0400289865414183
15,17,uncertain_to_control,0.9508703025325239,1.0028528389494626
15,18,uncertain_to_control,0.9554193944398208,1.088890186517548
15,19,uncertain_to_control,0.951269611387438,1.0712111437585348
15,20,uncertain_to_control,0.9650396505537826,1.0497292292266707
15,21,uncertain_to_control,0.9693397205274896,1.1068176291309015
15,22,uncertain_to_control,0.9772006585246689,1.0744442769121523
15,23,uncertain_to_control,0.9664220863523603,1.1053986932727153
15,24,uncertain_to_control,0.9666724189277057,1.1181378464249103
15,25,uncertain_to_control,0.9719020979733838,1.1160056832621836
15,26,uncertain_to_control,0.9781490534618054,1.120760695919421
15,27,uncertain_to_control,0.9777220026897281,1.1131874867817988
15,28,uncertain_to_control,0.9897039624340948,1.090197746486306
15,29,uncertain_to_control,0.9821046430940465,1.1056021211590843
15,30,uncertain_to_control,1.0033163605225965,1.0004492277988106
15,31,uncertain_to_control,1.0,1.0
16,0,control_to_uncertain,0.003495751944508122,0.0805390244419009
16,1,control_to_uncertain,-0.0007851375307395878,0.09687415321640423
16,2,control_to_uncertain,-0.00899910170634542,0.17794554907273025
16,3,control_to_uncertain,-0.01704532236136252,-0.006017444491628607
16,4,control_to_uncertain,-0.18781244749021012,-1.0
16,5,control_to_uncertain,-0.2024815392187661,-1.0
16,6,control_to_uncertain,-0.22069679708689416,-1.0
16,7,control_to_uncertain,-0.07905775629586234,0.05696559882870213
16,8,control_to_uncertain,0.2702509288611577,0.13002283434839854
16,9,control_to_uncertain,0.43969394986008503,0.3665578281281449
16,10,control_to_uncertain,0.51649064629607,0.39270588976863025
16,11,control_to_uncertain,0.4915452612743241,0.3787254869241016
16,12,control_to_uncertain,0.6760405410714277,0.5958736652429244
16,13,control_to_uncertain,0.8556160957606842,0.7053027225423255
16,14,control_to_uncertain,0.9388899849539291,0.5690082912688645
16,15,control_to_uncertain,1.0261563330278263,0.5506831497481764
16,16,control_to_uncertain,0.9916076434443343,0.7993011656062949
16,17,control_to_uncertain,1.0170321791744477,0.816648462302065
16,18,control_to_uncertain,0.9864373823319016,0.8491093085832312
16,19,control_to_uncertain,0.9589522922941159,0.9170873315450192
16,20,control_to_uncertain,0.9809195462837567,0.9230693626772387
16,21,control_to_uncertain,0.9907985219958668,0.9645417984749279
16,22,control_to_uncertain,0.9915795342927572,0.9868377992022546
16,23,control_to_uncertain,1.0152674904758663,0.979913356794583
16,24,control_to_uncertain,1.0035589255838033,0.9863160881377542
16,25,control_to_uncertain,1.0035801273670748,0.984727494098396
16,26,control_to_uncertain,1.0150062576439745,0.9855704895347769
16,27,control_to_uncertain,1.0026888849843072,0.9846959168497551
16,28,control_to_uncertain,1.0002072210491688,0.9810298467386931
16,29,control_to_uncertain,1.0024301464798588,1.0120816693445749
16,30,control_to_uncertain,1.0002271756687184,0.9996284423869969
16,31,control_to_uncertain,1.0,1.0
16,0,uncertain_to_control,0.000737841244980226,0.02044168535205937
16,1,uncertain_to_control,0.08280917680334958,-0.028681429191926698
16,2,uncertain_to_control,0.10157112409216675,0.001630145175996825
16,3,uncertain_to_control,0.07163948257479637,0.012990605506058623
16,4,uncertain_to_control,0.33333731466367617,-0.011246891261260928
16,5,uncertain_to_control,0.5316304943617887,0.0672640419875649
16,6,uncertain_to_control,0.9339122187651803,0.70196391305992
16,7,uncertain_to_control,1.2512516367225055,0.9093514103794376
16,8,uncertain_to_control,1.2048973433158237,1.9896992955547896
16,9,uncertain_to_control,1.135292464449718,2.0
16,10,uncertain_to_control,1.2309940523241782,1.7012657610901307
16,11,uncertain_to_control,1.2401708268930518,1.7503440738983533
16,12,uncertain_to_control,1.0856697866385883,2.0
16,13,uncertain_to_control,1.1484177593619664,2.0
16,14,uncertain_to_control,1.1743310393675384,2.0
16,15,uncertain_to_control,1.1651391549304964,2.0
16,16,uncertain_to_control,1.141379294962039,2.0
16,17,uncertain_to_control,1.1494665281163707,2.0
16,18,uncertain_to_control,1.110825126876124,1.7146491843388718
16,19,uncertain_to_control,1.0361055336510434,1.5148879559871302
16,20,uncertain_to_control,1.0354726460300405,1.464542192181033
16,21,uncertain_to_control,1.0074471503580102,1.3011986574177632
16,22,uncertain_to_control,0.9766322770863933,1.2281499017218707
16,23,uncertain_to_control,0.9879936507854278,1.2980467472900048
16,24,uncertain_to_control,1.0124324474969255,1.1494153030251912
16,25,uncertain_to_control,1.001445318850117,1.1286928749350562
16,26,uncertain_to_control,1.0021266539849303,1.0482017413075901
16,27,uncertain_to_control,1.0134696560029852,1.0988186979549552
16,28,uncertain_to_control,1.002187333296782,1.092075542066175
16,29,uncertain_to_control,1.0117826272300068,1.0941866143921872
16,30,uncertain_to_control,0.9992411008752548,1.002575605150007
16,31,uncertain_to_control,1.0,1.0
17,0,control_to_uncertain,-0.002558783030620943,0.005501923733908589
17,1,control_to_uncertain,0.003736649161604902,0.008265762577292285
17,2,control_to_uncertain,0.00859715905365371,-0.002734734782835943
17,3,control_to_uncertain,0.015687984692508986,-0.013738372868922561
17,4,control_to_uncertain,0.034666173902158426,-0.030328001453737357
17,5,control_to_uncertain,0.06131775561662126,-0.03822336774967011
17,6,control_to_uncertain,0.13105436901306025,0.0190101860809464
17,7,control_to_uncertain,0.25159406536680157,0.24365903786948645
17,8,control_to_uncertain,0.6110259714713193,0.323075172726187
17,9,control_to_uncertain,0.6656543535148217,0.34883818134483635
17,10,control_to_uncertain,0.7327891941512032,0.3371928929454505
17,11,control_to_uncertain,0.8682392212731207,0.7388455743520153
17,12,control_to_uncertain,0.9180528966803965,0.9599481801155039
17,13,control_to_uncertain,0.9361029559909634,0.9963196057174508
17,14,control_to_uncertain,0.947242231507919,1.0105078090617639
17,15,control_to_uncertain,0.949222429527721,1.0134255107612133
17,16,control_to_uncertain,0.983465096178492,1.0022519528575986
17,17,control_to_uncertain,0.9906576617926693,0.9966402084060116
17,18,control_to_uncertain,0.9902479360518833,0.9962543178765908
17,19,control_to_uncertain,0.9896943866572088,0.9982540311806563
17,20,control_to_uncertain,0.9885470878213649,0.9988817510656941
17,21,control_to_uncertain,0.9823421653423621,0.999687157521828
17,22,control_to_uncertain,1.0013190193191503,0.9983012075018228
17,23,control_to_uncertain,0.9997193626647433,0.9966029450011512
17,24,control_to_uncertain,0.9980633877957332,0.998431704665394
17,25,control_to_uncertain,0.9995266599507633,0.9975460919200977
17,26,control_to_uncertain,0.999801431798809,0.9979563427052334
17,27,control_to_uncertain,1.0019554485249849,0.9979644497041135
17,28,control_to_uncertain,1.0000503573536161,1.0045710779916324
17,29,control_to_uncertain,0.9997871734193287,0.9998712694947804
17,30,control_to_uncertain,1.0000035288297042,0.9997947928176937
17,31,control_to_uncertain,1.0,1.0
17,0,uncertain_to_control,0.0003354295694470109,-0.004266106957893622
17,1,uncertain_to_control,-0.006475593254689708,0.0019968801075238
17,2,uncertain_to_control,0.01315576325844505,0.0055565003906147045
17,3,uncertain_to_control,-0.06138914288779871,-0.008990033612834389
17,4,uncertain_to_control,-0.0962596551045833,-0.023319671044550752
17,5,uncertain_to_control,-0.05563762733889283,-0.019349106399341683
17,6,uncertain_to_control,0.24910190091856868,0.1007044072524911
17,7,uncertain_to_control,0.37441691453913606,0.21901569805500337
17,8,uncertain_to_control,0.7458956014806779,0.18557746185738816
17,9,uncertain_to_control,0.8831701289334232,0.2204744343990942
17,10,uncertain_to_control,0.9250505898271947,0.18576786836861559
17,11,uncertain_to_control,0.99920122078433,0.19242929578092935
17,12,uncertain_to_control,1.0154043907702028,0.3160008707139265
17,13,uncertain_to_control,0.9941273597558431,0.39701343657527705
17,14,uncertain_to_control,0.9962056735474872,0.49840544034456696
17,15,uncertain_to_control,1.0492977986540375,0.6910621770303164
17,16,uncertain_to_control,1.0892970356638312,0.7972188191147828
17,17,uncertain_to_control,1.0703684885044795,0.8905272747577997
17,18,uncertain_to_control,1.0066171756248472,0.970260570590865
17,19,uncertain_to_control,1.0099484385524644,0.9793185289457287
17,20,uncertain_to_control,0.976059417862316,1.0032935746216989
17,21,uncertain_to_control,0.9706115008851879,1.003088799289212
17,22,uncertain_to_control,0.9771744326750555,1.0069713647189742
17,23,uncertain_to_control,0.9787707512473102,1.0049707222834794
17,24,uncertain_to_control,0.9822662001299468,1.0052343338822538
17,25,uncertain_to_control,0.9775296761464226,1.0133028588693591
17,26,uncertain_to_control,0.984845107027259,1.0054039330840068
17,27,uncertain_to_control,0.9922730312766376,1.0032238505054227
17,28,uncertain_to_control,0.9952773290574091,0.9990013538360971
17,29,uncertain_to_control,0.9981335352078254,1.0021604006959115
17,30,uncertain_to_control,0.9974850650627977,1.0063374615297058
17,31,uncertain_to_control,1.0,1.0
18,0,control_to_uncertain,0.003016164887619361,0.09325601547963318
18,1,control_to_uncertain,-0.10596471419505796,-0.46249368777735234
18,2,control_to_uncertain,-0.13577380315109044,-0.7084145557674139
18,3,control_to_uncertain,-0.14554660250979337,-0.8452657903109528
18,4,control_to_uncertain,0.08768779469338747,-1.0
18,5,control_to_uncertain,0.04479847124205437,-1.0
18,6,control_to_uncertain,-0.009440714602931385,-1.0
18,7,control_to_uncertain,0.29523007106919374,-1.0
18,8,control_to_uncertain,0.9234645146216273,-1.0
18,9,control_to_uncertain,0.9215765211052256,-0.8455358549979183
18,10,control_to_uncertain,0.9263429899709386,-0.7487244972495026
18,11,control_to_uncertain,0.8996871102864,-0.6060499704178478
18,12,control_to_uncertain,0.8734471854339885,-0.49946450056327907
18,13,control_to_uncertain,0.8523902954783537,-0.5837771854854436
18,14,control_to_uncertain,0.8053239705805504,-0.4676148478400354
18,15,control_to_uncertain,0.8616794327449083,-0.48652566904615474
18,16,control_to_uncertain,0.9832902285283012,-0.22043562584749202
18,17,control_to_uncertain,1.0006063093455069,-0.3927725871037279
18,18,control_to_uncertain,0.9923531542771719,0.3557061189160265
18,19,control_to_uncertain,0.9715820337800825,1.1070386305778495
18,20,control_to_uncertain,0.9306188019122241,1.0969795750544737
18,21,control_to_uncertain,0.9496281075179065,1.0727732463078947
18,22,control_to_uncertain,0.9986216784860656,0.8337360329852909
18,23,control_to_uncertain,1.0001508982264466,0.9012500470860119
18,24,control_to_uncertain,0.9952756359499473,0.9641734334922106
18,25,control_to_uncertain,0.9869993911439923,0.9710214927079388
18,26,control_to_uncertain,1.0031059771758624,0.9466278144511758
18,27,control_to_uncertain,0.9987488078649622,1.0007164490701064
18,28,control_to_uncertain,0.9940577202014796,1.0039505276375336
18,29,control_to_uncertain,0.998249186689459,1.0028257675514403
18,30,control_to_uncertain,0.9985437845770944,1.0023612792147913
18,31,control_to_uncertain,1.0,1.0
18,0,uncertain_to_control,-0.011459572602844663,-0.0054040919295159934
18,1,uncertain_to_control,-0.0009528591427873788,-0.009610906819501943
18,2,uncertain_to_control,-0.012221533944308164,-0.006081579853246274
18,3,uncertain_to_control,-0.0038048492048284852,0.008987629616890227
18,4,uncertain_to_control,0.05080387430856847,0.029207756610224286
18,5,uncertain_to_control,0.06066618035604579,0.027548913039080896
18,6,uncertain_to_control,0.1573893628906423,0.08739195277356164
18,7,uncertain_to_control,0.3280255798979114,-0.01089838897064449
18,8,uncertain_to_control,0.4964605299780685,0.04326501014405758
18,9,uncertain_to_control,0.6404889482838434,0.15445933526148492
18,10,uncertain_to_control,0.6839700481281812,0.11023646752512595
18,11,uncertain_to_control,0.7181351858637292,0.16890026674731448
18,12,uncertain_to_control,0.6723577437020788,0.10963012555400795
18,13,uncertain_to_control,0.6868159262008523,0.09672010752961743
18,14,uncertain_to_control,0.6845343205690207,0.2649335478148
18,15,uncertain_to_control,0.6755981506885852,2.0
18,16,uncertain_to_control,0.7524020033335469,2.0
18,17,uncertain_to_control,0.7255585365085933,2.0
18,18,uncertain_to_control,0.9156511511439623,2.0
18,19,uncertain_to_control,0.8907380373172944,2.0
18,20,uncertain_to_control,0.9483656421580308,0.9948329900736843
18,21,uncertain_to_control,0.9711172509439883,0.8789572590268268
18,22,uncertain_to_control,0.9763247677537417,0.865353514585336
18,23,uncertain_to_control,0.9995412272867864,0.8206613150585966
18,24,uncertain_to_control,0.9971784001073265,0.8218438819335445
18,25,uncertain_to_control,1.0001633938491588,0.8272148788021786
18,26,uncertain_to_control,0.9981382201268965,0.8431427618213759
18,27,uncertain_to_control,0.9991874449687512,0.9152673842679768
18,28,uncertain_to_control,0.9907109985554313,0.9103309721852252
18,29,uncertain_to_control,0.9980759457463152,0.9221020706068122
18,30,uncertain_to_control,0.9932067275481928,0.999675275083449
18,31,uncertain_to_control,1.0,1.0
19,0,control_to_uncertain,-0.03204986045058309,-0.0032288479877037144
19,1,control_to_uncertain,-0.07048635752189893,0.04540720046245193
19,2,control_to_uncertain,-0.05694483428837741,0.015937424137362172
19,3,control_to_uncertain,-0.07915407764985012,0.035851425245208166
19,4,control_to_uncertain,-0.036785802237027466,-0.06527050353343858
19,5,control_to_uncertain,0.002046073815551154,-0.13650540309633566
19,6,control_to_uncertain,-0.08759986256898031,0.032672738807201264
19,7,control_to_uncertain,0.009229426390992576,-0.05147540675786054
19,8,control_to_uncertain,0.4260167148160702,0.2252720325218518
19,9,control_to_uncertain,0.5575352547637458,0.4135562258664603
19,10,control_to_uncertain,0.6653083823654024,0.4578771739465739
19,11,control_to_uncertain,0.8673450557932868,0.2788198891885766
19,12,control_to_uncertain,0.9403085313152069,0.35153549332006423
19,13,control_to_uncertain,1.2442459035493745,0.07643010712307417
19,14,control_to_uncertain,1.4087387857347131,0.1733371245092819
19,15,control_to_uncertain,1.2874239693997522,0.33500511674631267
19,16,control_to_uncertain,1.3513760644946033,4.8552088209219265e-05
19,17,control_to_uncertain,1.362245759233564,-0.8384307214008753
19,18,control_to_uncertain,1.0853836549766447,-0.16957447179485804
19,19,control_to_uncertain,0.9315021223692155,1.0055886538329997
19,20,control_to_uncertain,1.0046884433487624,1.353155416307332
19,21,control_to_uncertain,1.09096960364788,1.0490865635448925
19,22,control_to_uncertain,0.9931582389763904,0.974774105374126
19,23,control_to_uncertain,1.0168849498469459,0.9592544706145862
19,24,control_to_uncertain,0.9976722455540138,0.9367092682180981
19,25,control_to_uncertain,0.9979722966603468,0.9575076013524841
19,26,control_to_uncertain,1.0005494592791093,0.9691658026987987
19,27,control_to_uncertain,0.9987812595989874,0.9901614960481014
19,28,control_to_uncertain,0.9963255738208472,0.9740313388975994
19,29,control_to_uncertain,0.9985747158699728,0.9723182683267367
19,30,control_to_uncertain,0.9805810829776191,0.9616414361224854
19,31,control_to_uncertain,1.0,1.0
19,0,uncertain_to_control,0.03998689903718846,0.027439641841170294
19,1,uncertain_to_control,0.04944603912679667,0.08882081462893195
19,2,uncertain_to_control,0.06849870512969887,0.07554852459324214
19,3,uncertain_to_control,0.017634001864189553,-0.0257616441185583
19,4,uncertain_to_control,0.13509664525320142,-0.11399674888779505
19,5,uncertain_to_control,0.1328943396426264,-0.11713754591994807
19,6,uncertain_to_control,0.25951210002012476,-0.38306323440062984
19,7,uncertain_to_control,0.5666159795998348,-0.5053886782431655
19,8,uncertain_to_control,1.0777746369596763,0.24400924903868207
19,9,uncertain_to_control,1.0660941587844637,0.6399972639154711
19,10,uncertain_to_control,1.0181740276556757,0.6148314558518008
19,11,uncertain_to_control,1.0665074117422757,0.7003968663784836
19,12,uncertain_to_control,1.105389765228628,0.6617215068314934
19,13,uncertain_to_control,1.0476331545053013,0.7336946127300357
19,14,uncertain_to_control,1.044516462594401,0.7127062960792176
19,15,uncertain_to_control,1.0102548630456196,0.9178546951344638
19,16,uncertain_to_control,0.9094067428583533,1.0674798917905393
19,17,uncertain_to_control,0.786086400154643,1.4505671339916926
19,18,uncertain_to_control,1.177645480929129,1.339946834122193
19,19,uncertain_to_control,1.1383222360212264,1.468944501744254
19,20,uncertain_to_control,0.76566025145375,1.9169126236770562
19,21,uncertain_to_control,0.7935370348794102,1.8612751495122661
19,22,uncertain_to_control,0.9903391156750803,0.9998218862620392
19,23,uncertain_to_control,0.9919482700638697,1.0223586389857173
19,24,uncertain_to_control,0.9751624545868596,1.0931372562168804
19,25,uncertain_to_control,0.9639938672400462,1.09462627633649
19,26,uncertain_to_control,0.9838497036891888,1.0759279551389436
19,27,uncertain_to_control,1.0199167403692366,1.059851312582904
19,28,uncertain_to_control,1.0365398695596912,1.0047311461645863
19,29,uncertain_to_control,1.0146879402294224,1.0152542077358766
19,30,uncertain_to_control,0.9812290146275328,1.0152318093968409
19,31,uncertain_to_control,1.0,1.0
20,0,control_to_uncertain,0.0036868718913264996,0.00829703912436105
20,1,control_to_uncertain,0.00567172669645667,-0.01579275805715028
20,2,control_to_uncertain,0.009002862862609798,-0.0014577590899886308
20,3,control_to_uncertain,0.02170904262132067,-0.0027570433733506185
20,4,control_to_uncertain,0.031146879951015158,0.030608177350852382
20,5,control_to_uncertain,0.05418780432718801,0.0330916076966328
20,6,control_to_uncertain,0.02663370793172443,0.01921216570658484
20,7,control_to_uncertain,0.016998407820818826,0.09728947301978398
20,8,control_to_uncertain,0.41638482096605567,0.21114060898693462
20,9,control_to_uncertain,0.5279724826798714,0.49003338042628897
20,10,control_to_uncertain,0.5877295392334656,0.5728591808364341
20,11,control_to_uncertain,0.6281276343455643,0.6327628610630879
20,12,control_to_uncertain,0.7195664425850681,0.7569481170954254
20,13,control_to_uncertain,0.7862581776570229,0.7351186772181086
20,14,control_to_uncertain,0.8093999810923354,0.8941186349634853
20,15,control_to_uncertain,0.8264769731275122,0.9639535168354538
20,16,control_to_uncertain,0.9152817170450388,0.9925962551279115
20,17,control_to_uncertain,0.9276962229628474,0.9618885154569685
20,18,control_to_uncertain,0.9571731576777739,0.9565402376240554
20,19,control_to_uncertain,0.9671334716268237,0.9386403542719406
20,20,control_to_uncertain,0.981379836534198,0.9641902342209571
20,21,control_to_uncertain,0.998955946736675,0.9781613017200783
20,22,control_to_uncertain,0.9981535368644031,1.0096028297047692
20,23,control_to_uncertain,0.9987168396398904,1.0100511034051671
20,24,control_to_uncertain,1.0039032750636088,0.9859944186282662
20,25,control_to_uncertain,0.9984194386828975,0.988974694796032
20,26,control_to_uncertain,0.9984050390767267,0.9972209470436726
20,27,control_to_uncertain,1.0027432886074201,0.9951565774150121
20,28,control_to_uncertain,1.0033640261757022,0.9993233959376351
20,29,control_to_uncertain,1.0014334971574892,0.9998439142243201
20,30,control_to_uncertain,1.0014332517096567,0.9998166110135009
20,31,control_to_uncertain,1.0,1.0
20,0,uncertain_to_control,0.0015596982513437349,-0.0003825862416027287
20,1,uncertain_to_control,0.010519894099078208,-0.0004198231738049568
20,2,uncertain_to_control,0.012727738259994953,-0.0010437160640060167
20,3,uncertain_to_control,-0.0013618672983839346,0.0059334379235106505
20,4,uncertain_to_control,0.002694444488761414,-0.00654647488281422
20,5,uncertain_to_control,0.0023390769353367276,-0.012168264082406144
20,6,uncertain_to_control,0.12476039689405403,-0.020045770492651802
20,7,uncertain_to_control,0.3728440936231303,-0.0016747833085393312
20,8,uncertain_to_control,0.7215952734601799,-0.03728122730488677
20,9,uncertain_to_control,0.8373159494087836,-0.03978685966318832
20,10,uncertain_to_control,0.8357244247551647,-0.05685003394130395
20,11,uncertain_to_control,0.8144824284510364,-0.060180764247514326
20,12,uncertain_to_control,0.8724649994459015,0.7330127065004102
20,13,uncertain_to_control,0.8714103101098367,0.9899714725742043
20,14,uncertain_to_control,0.8814263611708402,0.9986150882001542
20,15,uncertain_to_control,0.9352220625856792,1.0598810534168368
20,16,uncertain_to_control,0.9515797288398707,1.054224409054497
20,17,uncertain_to_control,0.9749757344136638,1.0452248060330163
20,18,uncertain_to_control,0.9850099690682551,1.0396176560017785
20,19,uncertain_to_control,0.9860453907494721,1.050351303369962
20,20,uncertain_to_control,0.9924404931161497,1.0092780957718357
20,21,uncertain_to_control,0.99878008336472,1.0023171712194734
20,22,uncertain_to_control,1.0101524996018632,0.9861350809944303
20,23,uncertain_to_control,1.015379556641853,0.9715887435571412
20,24,uncertain_to_control,1.0054473464696194,0.986853678266414
20,25,uncertain_to_control,1.0059122246642918,0.9885721539737561
20,26,uncertain_to_control,1.0057839781718334,0.9855689169675302
20,27,uncertain_to_control,1.010476818004482,0.9880266706767531
20,28,uncertain_to_control,1.0048702167995704,0.9998756832528662
20,29,uncertain_to_control,1.005365285077635,1.0021147789077847
20,30,uncertain_to_control,1.00474724743551,0.9894492260523665
20,31,uncertain_to_control,1.0,1.0
21,0,control_to_uncertain,-0.006092649155498783,-0.005420362852138797
21,1,control_to_uncertain,0.001237007041749401,-0.09865998611254781
21,2,control_to_uncertain,0.0027912076502092566,-0.09937116413567929
21,3,control_to_uncertain,0.013902643202843002,-0.09899404148172294
21,4,control_to_uncertain,0.06276929522757496,-0.11978470769166964
21,5,control_to_uncertain,0.0904498191204665,-0.24037651202450275
21,6,control_to_uncertain,0.25786418327617483,-0.6068864435489395
21,7,control_to_uncertain,0.3052722627433244,-0.08907231747297946
21,8,control_to_uncertain,0.5770678320335388,-0.53330568174873
21,9,control_to_uncertain,0.643135261493654,-0.498069828906803
21,10,control_to_uncertain,0.7133950072975408,-0.3570264804725844
21,11,control_to_uncertain,0.7821570807469336,-0.2518579181883856
21,12,control_to_uncertain,0.869869696499848,0.10108826464208788
21,13,control_to_uncertain,0.9324671005779502,0.43364562611047175
21,14,control_to_uncertain,0.952604736214754,0.6409684775320629
21,15,control_to_uncertain,0.9313463267666418,0.5157217374246832
21,16,control_to_uncertain,0.9613778864168524,0.964345900925393
21,17,control_to_uncertain,0.9807867906133855,1.0096448223334185
21,18,control_to_uncertain,0.9992126515019217,1.007703103660694
21,19,control_to_uncertain,1.0024328472411188,1.0084201346413921
21,20,control_to_uncertain,0.9755766610810022,0.9877432189146012
21,21,control_to_uncertain,0.9743131523405112,0.9927370747833153
21,22,control_to_uncertain,0.9837745198917007,0.9852694434677078
21,23,control_to_uncertain,0.9802804297487617,0.9849590565416776
21,24,control_to_uncertain,0.9997411188738702,0.9937470539340103
21,25,control_to_uncertain,1.0022890679100156,0.9937592075567185
21,26,control_to_uncertain,0.999378624373843,0.9927983615824619
21,27,control_to_uncertain,1.0032129284424978,0.9943957166920879
21,28,control_to_uncertain,0.9997149217923555,0.9926923859235366
21,29,control_to_uncertain,0.995777657101004,1.0001052658786234
21,30,control_to_uncertain,0.9994798008099249,1.0001327562157016
21,31,control_to_uncertain,1.0,1.0
21,0,uncertain_to_control,-0.009111362357465793,-0.0028437511591940796
21,1,uncertain_to_control,-0.008783072020346342,-0.008292341427955449
21,2,uncertain_to_control,-0.010079958105557615,0.001984556643869579
21,3,uncertain_to_control,0.003772466771591345,-0.01032733069220079
21,4,uncertain_to_control,0.01572877996144329,0.0009944786408707463
21,5,uncertain_to_control,0.04286682408994842,-0.009957300381415186
21,6,uncertain_to_control,0.06231254345419138,-0.008154594910746382
21,7,uncertain_to_control,0.06980577910229216,-0.011945100175279699
21,8,uncertain_to_control,0.43281277585537714,0.030940732001666825
21,9,uncertain_to_control,0.6826926369969197,0.05593863733079889
21,10,uncertain_to_control,0.8008007864694598,0.07867120784831816
21,11,uncertain_to_control,0.8803971808284884,0.07346902054129309
21,12,uncertain_to_control,0.8562886420551323,0.11834709682876385
21,13,uncertain_to_control,0.8814545072231055,0.1933384214025274
21,14,uncertain_to_control,0.9273536652567386,0.353037132986392
21,15,uncertain_to_control,0.9405717900339601,0.6020160075550326
21,16,uncertain_to_control,0.931977754761287,0.7874653956168532
21,17,uncertain_to_control,0.9685570617040052,1.3511366580090578
21,18,uncertain_to_control,0.9912459101329572,1.1403714813201167
21,19,uncertain_to_control,1.0098492758312907,1.0519328557006928
21,20,uncertain_to_control,1.0229392437894749,0.968899305357674
21,21,uncertain_to_control,1.01500509646379,1.03008158116513
21,22,uncertain_to_control,1.0385050535345193,0.895218606490954
21,23,uncertain_to_control,1.0387775989191137,0.8912484667517012
21,24,uncertain_to_control,1.01752976404045,0.9604637957829725
21,25,uncertain_to_control,1.023216314915726,0.9301020588728254
21,26,uncertain_to_control,1.0278375323149922,0.8960452712290565
21,27,uncertain_to_control,1.025851384478769,0.8997275677566376
21,28,uncertain_to_control,1.0275739078634718,0.9059018264863867
21,29,uncertain_to_control,1.0278562880328206,0.8865903861044323
21,30,uncertain_to_control,1.007676136534489,0.955863720565916
21,31,uncertain_to_control,1.0,1.0
22,0,control_to_uncertain,-0.004058246304738886,-0.0029786447081846233
22,1,control_to_uncertain,0.030430761593243826,-0.024733648289012606
22,2,control_to_uncertain,0.04274858615471459,-0.031005917944516324
22,3,control_to_uncertain,0.21211848219958962,-0.264938094410077
22,4,control_to_uncertain,0.21528055041492922,-0.3649650611393222
22,5,control_to_uncertain,0.07739927220870378,-0.2895755171570289
22,6,control_to_uncertain,-0.04699055328047566,-0.2818154355789889
22,7,control_to_uncertain,0.10904266789083322,-0.31517740571223113
22,8,control_to_uncertain,0.29071093344936083,-0.06459636848046164
22,9,control_to_uncertain,0.3893516677192838,-0.08974895890742013
22,10,control_to_uncertain,0.7234350905809775,-0.25239989154364634
22,11,control_to_uncertain,0.8260458046579027,-0.2725480169875658
22,12,control_to_uncertain,0.9399941155668176,-0.1269798442118789
22,13,control_to_uncertain,1.2422253124547766,0.09574190924443056
22,14,control_to_uncertain,1.2798097813846818,0.18292387130238988
22,15,control_to_uncertain,1.3238027238983698,0.9813883334266608
22,16,control_to_uncertain,1.0594628681724043,1.0119087213054845
22,17,control_to_uncertain,1.0038156811518921,0.9780139372308853
22,18,control_to_uncertain,1.0338046310680822,0.9938563749053217
22,19,control_to_uncertain,1.0094400108871597,0.9944603633287848
22,20,control_to_uncertain,0.9919994709760396,1.0040754390566655
22,21,control_to_uncertain,1.0066520929510432,0.998903131971931
22,22,control_to_uncertain,1.0026696542464235,0.998016490228613
22,23,control_to_uncertain,0.9926653511348618,0.9995600223396511
22,24,control_to_uncertain,0.9889426325267315,0.9832002434373591
22,25,control_to_uncertain,1.0099328082067718,0.9810878128066913
22,26,control_to_uncertain,0.9800517715114847,0.9822842219582856
22,27,control_to_uncertain,0.9824486717377574,0.9824562453766058
22,28,control_to_uncertain,0.9923866551789241,0.9816614084000624
22,29,control_to_uncertain,0.9827520938135823,0.9818489966313693
22,30,control_to_uncertain,0.9995541631406389,0.9994851270383458
22,31,control_to_uncertain,1.0,1.0
22,0,uncertain_to_control,0.009136205460638988,-0.0014628713819638264
22,1,uncertain_to_control,0.03552894249835399,0.033023891343237834
22,2,uncertain_to_control,0.014110372415617325,0.014188146722584562
22,3,uncertain_to_control,0.06817719619217753,0.03516244138788766
22,4,uncertain_to_control,0.207494506105339,0.055876831306162264
22,5,uncertain_to_control,0.19818636785757754,0.03147439118556351
22,6,uncertain_to_control,0.24041733473511903,0.019407516644218952
22,7,uncertain_to_control,0.39263391637779593,0.11701906385662542
22,8,uncertain_to_control,0.4575456355044081,0.32478363988953957
22,9,uncertain_to_control,0.41440114391847666,0.6876904248954486
22,10,uncertain_to_control,0.41355652649767927,0.7471158125237617
22,11,uncertain_to_control,0.45586655945625537,0.8406345138768136
22,12,uncertain_to_control,0.605986596142917,1.0110850940298903
22,13,uncertain_to_control,0.9248288578736878,0.9109092945326799
22,14,uncertain_to_control,0.8684048106678832,0.9180187853477824
22,15,uncertain_to_control,1.0456639681972262,0.9839187667805261
22,16,uncertain_to_control,1.076192867568627,1.0358607396841208
22,17,uncertain_to_control,1.2044714025172722,1.1412811996215817
22,18,uncertain_to_control,0.9541316100441716,1.1899045701974909
22,19,uncertain_to_control,1.0308168915817146,1.0986251388860235
22,20,uncertain_to_control,0.910885722199168,1.2457426460403116
22,21,uncertain_to_control,0.8906782528025332,1.2007833613806966
22,22,uncertain_to_control,0.9609804577398985,1.081183264713077
22,23,uncertain_to_control,1.0086171486183562,1.0370152251500853
22,24,uncertain_to_control,1.008023050877346,1.054130919786506
22,25,uncertain_to_control,1.0215682685294956,1.0477834969511386
22,26,uncertain_to_control,1.0264318388086995,1.03272979926733
22,27,uncertain_to_control,1.0027325237605553,1.0360598956107596
22,28,uncertain_to_control,1.0090704608162877,1.0424581573619172
22,29,uncertain_to_control,1.0024745287421977,0.9817693858364254
22,30,uncertain_to_control,0.9945790378089208,0.9878930437627281
22,31,uncertain_to_control,1.0,1.0
23,0,control_to_uncertain,-0.012866140530907507,-0.0039728012999417665
23,1,control_to_uncertain,-0.03551021784469278,0.009532999460759656
23,2,control_to_uncertain,-0.01996469257742989,-0.011219390256466644
23,3,control_to_uncertain,-0.010861384886060383,0.0065155478636621175
23,4,control_to_uncertain,-0.008178054251083986,0.08472657955268338
23,5,control_to_uncertain,-0.0017793611327072668,0.08226524094242983
23,6,control_to_uncertain,-0.02196598061439794,0.11076990392798762
23,7,control_to_uncertain,-0.13689972419364366,0.08226244581956402
23,8,control_to_uncertain,0.3265082838760777,0.2853270738497811
23,9,control_to_uncertain,0.3690174497202836,0.31106712739414466
23,10,control_to_uncertain,0.40126153966094447,0.27174091330668754
23,11,control_to_uncertain,0.6748705685465964,0.19315032722517947
23,12,control_to_uncertain,0.8445882119985451,0.27482195394898234
23,13,control_to_uncertain,1.0527065038214234,0.2842933442432414
23,14,control_to_uncertain,1.0758675536409046,0.25929027142783045
23,15,control_to_uncertain,1.082647803198665,0.2372097907272585
23,16,control_to_uncertain,1.0709382892544572,0.4766125300379262
23,17,control_to_uncertain,1.069447696157197,0.6207951580086596
23,18,control_to_uncertain,0.9809524299202427,0.7524871680203821
23,19,control_to_uncertain,0.9845255009079154,0.8805702667902557
23,20,control_to_uncertain,1.0105863677094442,1.0694470622436156
23,21,control_to_uncertain,1.0088128656383257,1.0693169944038001
23,22,control_to_uncertain,0.9859596556976266,0.9910609204744307
23,23,control_to_uncertain,0.9983482229227055,0.9925688310288103
23,24,control_to_uncertain,0.9990079054285281,0.9965197080837734
23,25,control_to_uncertain,0.9985357128935466,0.996253035892857
23,26,control_to_uncertain,0.9979379690388054,0.9982716532454426
23,27,control_to_uncertain,0.9836357605552191,0.9862348351300417
23,28,control_to_uncertain,0.9832280176977141,0.9871418670579295
23,29,control_to_uncertain,0.9844797045693745,0.9878721511383495
23,30,control_to_uncertain,0.9851005259524144,0.9997954756190531
23,31,control_to_uncertain,1.0,1.0
23,0,uncertain_to_control,0.001530171656155829,-0.00016110534997143807
23,1,uncertain_to_control,0.10244832247892352,0.02108327694439847
23,2,uncertain_to_control,0.05164284499768866,0.006171674961509193
23,3,uncertain_to_control,-0.12417145096910075,-0.019880631657587782
23,4,uncertain_to_control,-0.4474067912980739,-0.043429498128264896
23,5,uncertain_to_control,-0.41961271842043524,-0.045069369053567176
23,6,uncertain_to_control,-0.3075135649233049,-0.031614739422414356
23,7,uncertain_to_control,0.011228951321242303,0.1278614833772369
23,8,uncertain_to_control,0.3040214446437057,0.10775488350546607
23,9,uncertain_to_control,0.5275444051103453,0.10174714541162311
23,10,uncertain_to_control,0.5943911562128652,0.16163405037309286
23,11,uncertain_to_control,0.7891726694147658,0.12742020335479673
23,12,uncertain_to_control,0.8432613139077143,0.21878720870834503
23,13,uncertain_to_control,0.9601335698640483,0.48780747752724857
23,14,uncertain_to_control,0.95452351839279,0.5530528659493867
23,15,uncertain_to_control,0.9928320360095534,0.8895671413042483
23,16,uncertain_to_control,1.0226519691110274,0.9350836208318586
23,17,uncertain_to_control,1.0127552368651198,0.9589424402240774
23,18,uncertain_to_control,1.0060976090963247,1.0117223959088602
23,19,uncertain_to_control,1.007730852407369,1.001622219433246
23,20,uncertain_to_control,1.026754986240771,1.0208848086629942
23,21,uncertain_to_control,1.022557446903151,1.00436260447627
23,22,uncertain_to_control,1.0029074098475759,0.9865679206048844
23,23,uncertain_to_control,0.980329456228864,0.9899970705074256
23,24,uncertain_to_control,0.9929603972874219,0.9906362219360747
23,25,uncertain_to_control,0.9963828664777259,0.9865616315784363
23,26,uncertain_to_control,0.9952273758315383,0.9887129444774901
23,27,uncertain_to_control,0.9991634097060018,0.9847639017219078
23,28,uncertain_to_control,0.9998598608126111,0.9842959515687897
23,29,uncertain_to_control,0.9997218141472184,0.9872830062047214
23,30,uncertain_to_control,0.9969484452800715,0.9887428755848449
23,31,uncertain_to_control,1.0,1.0
24,0,control_to_uncertain,0.022139070946672276,-0.047242167653905896
24,1,control_to_uncertain,0.026672606711400218,-0.015897545415951207
24,2,control_to_uncertain,0.07595442102688173,-0.13468016372262565
24,3,control_to_uncertain,0.07634502542950157,-0.09854629810786797
24,4,control_to_uncertain,0.11083940695455984,-0.21254424989723245
24,5,control_to_uncertain,0.1400353930587474,-0.3157133521261091
24,6,control_to_uncertain,0.18657879064774321,-0.44803036006934777
24,7,control_to_uncertain,0.30554314393611154,-0.3482833404767915
24,8,control_to_uncertain,0.32972216571611485,-0.4195200460889751
24,9,control_to_uncertain,0.3913968542045563,-0.3470994301490871
24,10,control_to_uncertain,0.604400252942814,-0.04121576394952785
24,11,control_to_uncertain,0.6851370411537888,0.05140042053637295
24,12,control_to_uncertain,0.7045316904586234,0.18458051856016094
24,13,control_to_uncertain,0.8406315189766502,0.31734737898164633
24,14,control_to_uncertain,0.8571249175365138,0.17593835163899263
24,15,control_to_uncertain,0.8839927497441008,0.2616542163069345
24,16,control_to_uncertain,0.9735515475740734,0.39693658911900725
24,17,control_to_uncertain,0.9924592727574129,0.7249362565045453
24,18,control_to_uncertain,0.9829566914546942,0.8304473025293893
24,19,control_to_uncertain,1.0025750128985143,0.9411354367648055
24,20,control_to_uncertain,0.9967179411924175,0.9287009456792901
24,21,control_to_uncertain,1.0093748124833686,0.9761827823408786
24,22,control_to_uncertain,1.0108805997972443,1.0012712227241867
24,23,control_to_uncertain,1.0128030055083483,0.9922371347037632
24,24,control_to_uncertain,1.0091503952089016,1.0002728182328087
24,25,control_to_uncertain,1.0067421611637755,1.0030033329989072
24,26,control_to_uncertain,1.0179443965000898,1.002122947670466
24,27,control_to_uncertain,1.0134354063747568,1.004942535163621
24,28,control_to_uncertain,1.0067150732974433,0.997517411292184
24,29,control_to_uncertain,1.0074563954386664,1.0052189620741068
24,30,control_to_uncertain,0.999027116049986,1.008575252355215
24,31,control_to_uncertain,1.0,1.0
24,0,uncertain_to_control,-0.019626474102619095,-0.004280584855310563
24,1,uncertain_to_control,-0.03222763555844376,-0.008080918523770497
24,2,uncertain_to_control,-0.030977736535259395,-0.008887656021811992
24,3,uncertain_to_control,-0.04252939658095899,-0.009997203384820838
24,4,uncertain_to_control,-0.0267309902679608,-0.02475503377254718
24,5,uncertain_to_control,-0.009284607258592651,-0.028426756038943308
24,6,uncertain_to_control,0.01056615262399679,-0.0401492896752574
24,7,uncertain_to_control,0.09454471849504724,-0.045617731849481744
24,8,uncertain_to_control,0.40015226186094605,-0.024422353298148212
24,9,uncertain_to_control,0.49457815316242293,0.07597849707794477
24,10,uncertain_to_control,0.6282499796293108,0.08678612365294691
24,11,uncertain_to_control,0.6536105561678085,0.15171707210068686
24,12,uncertain_to_control,0.7606152986921602,0.10856504353809106
24,13,uncertain_to_control,0.8298668754097971,0.13635607544376366
24,14,uncertain_to_control,0.8174053391937801,0.15162280639843637
24,15,uncertain_to_control,0.8665531387013157,1.185709770623535
24,16,uncertain_to_control,0.8904710452843816,1.258496799372451
24,17,uncertain_to_control,0.8956459016255481,1.2450003448597615
24,18,uncertain_to_control,0.9670560262547172,1.326303852926845
24,19,uncertain_to_control,1.0017995460196332,1.174082347098044
24,20,uncertain_to_control,1.0148156164442284,1.1422497612249103
24,21,uncertain_to_control,1.0063487296294753,1.0547910812719432
24,22,uncertain_to_control,1.016447419317497,1.0633729568709438
24,23,uncertain_to_control,1.016864914344704,1.0556323432533719
24,24,uncertain_to_control,1.0001204927905294,1.0190186115240767
24,25,uncertain_to_control,1.000828371498077,1.004621835939193
24,26,uncertain_to_control,1.006861470503834,0.9736233827086622
24,27,uncertain_to_control,1.0017829338815427,1.0058862813906686
24,28,uncertain_to_control,1.0014568713610816,1.0039992950316132
24,29,uncertain_to_control,0.9960618274850936,1.0031465028849234
24,30,uncertain_to_control,1.000439191619172,0.9932896198510014
24,31,uncertain_to_control,1.0,1.0
25,0,control_to_uncertain,0.0032799106556563084,0.009325046137826663
25,1,control_to_uncertain,0.020089800272957068,0.023772939178718106
25,2,control_to_uncertain,0.02405938734449337,-0.03265374404142173
25,3,control_to_uncertain,0.027835704888329024,-0.06871967102337147
25,4,control_to_uncertain,0.09250198746239001,-0.2648963027734097
25,5,control_to_uncertain,0.13515581049044312,-0.2564794482042463
25,6,control_to_uncertain,0.038533807099441396,-0.01801893066986184
25,7,control_to_uncertain,0.1501965555544806,0.1161582534845446
25,8,control_to_uncertain,0.7659630010064916,0.2966300298351179
25,9,control_to_uncertain,0.8082229734305553,0.4726803638300567
25,10,control_to_uncertain,0.8192765336654277,0.6492513706735403
25,11,control_to_uncertain,0.8743535117618074,0.7595139866428828
25,12,control_to_uncertain,0.9051433602854251,1.1334742028855027
25,13,control_to_uncertain,0.9344929727399892,1.1909583045072514
25,14,control_to_uncertain,0.9728594204382859,1.213618659741811
25,15,control_to_uncertain,1.0549358624285705,0.703391650085141
25,16,control_to_uncertain,1.0535071913945464,0.59287786238509
25,17,control_to_uncertain,1.0294353493969446,0.767378633934034
25,18,control_to_uncertain,0.9739925714666344,0.9394863758848019
25,19,control_to_uncertain,1.0100704766562547,0.8035511867056206
25,20,control_to_uncertain,0.9954032321826457,0.8084942873607208
25,21,control_to_uncertain,1.0025504238307332,0.9819274608000435
25,22,control_to_uncertain,1.0070644571667244,0.8649118650143519
25,23,control_to_uncertain,1.0000951335333417,0.9228782561712779
25,24,control_to_uncertain,0.9960532649928725,0.9651971057542963
25,25,control_to_uncertain,0.9901704986409415,0.9694298145495679
25,26,control_to_uncertain,0.9943445866684281,0.9893402985529993
25,27,control_to_uncertain,0.9879111467254882,0.997233031195395
25,28,control_to_uncertain,0.9915575800297644,0.9771674569260388
25,29,control_to_uncertain,0.9935544390107314,1.0003563784710192
25,30,control_to_uncertain,0.9955904967883119,1.01981960571951
25,31,control_to_uncertain,1.0,1.0
25,0,uncertain_to_control,-0.003787826977734972,-0.010107178824693681
25,1,uncertain_to_control,0.002073810944815545,-0.0070445156167757966
25,2,uncertain_to_control,0.008337889845932605,-0.01483653517505964
25,3,uncertain_to_control,0.008420457523905984,0.03380447479072669
25,4,uncertain_to_control,0.04582011277465985,0.010286432347197852
25,5,uncertain_to_control,0.05962776377926663,0.006155264414811453
25,6,uncertain_to_control,0.11473993739090363,-0.1204547012453774
25,7,uncertain_to_control,0.11411103301005725,-0.10137325739264587
25,8,uncertain_to_control,0.579417707158412,-0.12855611297477398
25,9,uncertain_to_control,0.7150852704489001,-0.0658311567021877
25,10,uncertain_to_control,0.7836087146097418,0.07684471386585025
25,11,uncertain_to_control,0.7665775324952464,0.091161423680157
25,12,uncertain_to_control,0.8540417517780964,0.24079733701203476
25,13,uncertain_to_control,0.9440053530543869,0.5733084232363493
25,14,uncertain_to_control,0.9652618040364863,0.608238637741028
25,15,uncertain_to_control,0.999513934921991,0.8971409979629941
25,16,uncertain_to_control,0.8677532684290223,0.9917917456817639
25,17,uncertain_to_control,0.886206644045903,0.9770765195150619
25,18,uncertain_to_control,0.9418488910299031,1.0908511643122338
25,19,uncertain_to_control,0.9624026271311497,1.0854098985076213
25,20,uncertain_to_control,0.9574830391533149,1.0559283603984801
25,21,uncertain_to_control,0.9595479539173387,1.0686597556073834
25,22,uncertain_to_control,1.0010525293899233,0.9955976359741934
25,23,uncertain_to_control,1.0080539348752862,0.98783512081648
25,24,uncertain_to_control,1.0123715850202994,0.9918818553139672
25,25,uncertain_to_control,1.0007758025661702,1.0153716153160675
25,26,uncertain_to_control,1.0056816570649076,0.9981030463953842
25,27,uncertain_to_control,1.0057097912366615,0.9909750039585563
25,28,uncertain_to_control,1.0066062482548195,0.9930610064678297
25,29,uncertain_to_control,1.0053678998886086,0.9938466867780118
25,30,uncertain_to_control,1.0062718074581798,0.9764864315036519
25,31,uncertain_to_control,1.0,1.0
26,0,control_to_uncertain,-0.029926119154662995,-0.009058280559370002
26,1,control_to_uncertain,0.002858742579509901,0.008308402484480086
26,2,control_to_uncertain,0.04662492554406998,-0.03523034201676047
26,3,control_to_uncertain,0.125418886972367,-0.21681727919853688
26,4,control_to_uncertain,0.12234765612876439,0.2567120409304961
26,5,control_to_uncertain,0.10920976254527771,0.26081799060473854
26,6,control_to_uncertain,0.0738682194177222,0.2873533848470194
26,7,control_to_uncertain,0.20086936276485726,-0.025908504391182845
26,8,control_to_uncertain,0.17769038497811557,-0.1956202283853643
26,9,control_to_uncertain,0.3189806866674424,-0.3146448217966945
26,10,control_to_uncertain,0.4539670801735305,-0.19581901875698843
26,11,control_to_uncertain,0.7549533912364013,0.10934185841123435
26,12,control_to_uncertain,0.9667801109678017,0.4919017515499936
26,13,control_to_uncertain,1.0338578342628053,0.5951279520372564
26,14,control_to_uncertain,0.975600728075461,0.8035450442229141
26,15,control_to_uncertain,0.9437913291066932,0.8404663982102397
26,16,control_to_uncertain,0.9523464367762857,0.9458577165716024
26,17,control_to_uncertain,0.9760158267916049,0.9528859589126292
26,18,control_to_uncertain,0.9755140185658666,0.9601697861562237
26,19,control_to_uncertain,0.9907040179922233,0.9658873686442151
26,20,control_to_uncertain,0.9956294717398008,0.9653957582286309
26,21,control_to_uncertain,1.0065725500792098,0.9652262593747245
26,22,control_to_uncertain,1.0097668115700695,0.9644584106350185
26,23,control_to_uncertain,1.012867291499134,0.9647951346589291
26,24,control_to_uncertain,0.9882706939441613,0.9996456097375698
26,25,control_to_uncertain,0.9882791496587494,0.9994485222505418
26,26,control_to_uncertain,0.9882630069308994,0.9996346599042171
26,27,control_to_uncertain,0.9883023644388005,1.0054409446043555
26,28,control_to_uncertain,0.9926504466202749,1.0072765543091042
26,29,control_to_uncertain,1.001353221814629,1.0000787322509361
26,30,control_to_uncertain,1.0029696469633462,1.0013590065542506
26,31,control_to_uncertain,1.0,1.0
26,0,uncertain_to_control,-2.152363713338592e-06,-0.012424089043550132
26,1,uncertain_to_control,-0.01752393039294186,-0.002560443960089522
26,2,uncertain_to_control,-0.03833021544872507,0.006536536792224914
26,3,uncertain_to_control,-0.007890795983497135,0.00651484641859824
26,4,uncertain_to_control,0.06851834645042074,0.006247122517457064
26,5,uncertain_to_control,0.07453796966570043,-0.0008789833645774603
26,6,uncertain_to_control,0.38149094042247633,-0.02059475289883995
26,7,uncertain_to_control,0.7463705911015327,0.05481339119906431
26,8,uncertain_to_control,0.8528266541035247,0.14103955206334198
26,9,uncertain_to_control,1.0630784969928884,0.5869301989982377
26,10,uncertain_to_control,1.1401679016654203,0.506898047775997
26,11,uncertain_to_control,1.1810889864990104,0.3804967485606701
26,12,uncertain_to_control,1.184364807200579,0.5900119063978564
26,13,uncertain_to_control,1.174894253121624,0.5461895126948382
26,14,uncertain_to_control,1.1140192961328654,0.7899498890532632
26,15,uncertain_to_control,1.1074013542403438,0.7029677615881653
26,16,uncertain_to_control,1.0671614925220254,1.0084991255592466
26,17,uncertain_to_control,1.0725396344805977,1.113721715645766
26,18,uncertain_to_control,1.0756015640381533,0.9272787985017089
26,19,uncertain_to_control,1.076891444863504,0.8821829896003696
26,20,uncertain_to_control,1.0620229547668274,0.9113372110584184
26,21,uncertain_to_control,1.060800027826988,0.9051287411672969
26,22,uncertain_to_control,1.0309590423442008,1.035262002351598
26,23,uncertain_to_control,1.029632782728588,0.9860330737290524
26,24,uncertain_to_control,0.9867632322084319,0.9399619590802539
26,25,uncertain_to_control,1.0002225582514659,0.8411574363900064
26,26,uncertain_to_control,0.9892747523989006,0.8238692953306571
26,27,uncertain_to_control,1.000944560972092,0.8138538984950449
26,28,uncertain_to_control,0.9970505314464663,0.9729413730605845
26,29,uncertain_to_control,0.9997956984050312,0.9733443573705959
26,30,uncertain_to_control,0.990691699553471,1.0028552142350118
26,31,uncertain_to_control,1.0,1.0
27,0,control_to_uncertain,0.02385343313208967,-0.001757613458489377
27,1,control_to_uncertain,0.09334256906219741,0.0012552672733712894
27,2,control_to_uncertain,0.13247684387658498,0.005589747839167925
27,3,control_to_uncertain,0.14994770028085938,0.007392823693875981
27,4,control_to_uncertain,0.1551972853347804,-0.012645657956388232
27,5,control_to_uncertain,0.1520079344390958,-0.025727728330279157
27,6,control_to_uncertain,0.21524194924326068,-0.040568675006998865
27,7,control_to_uncertain,0.28503909294215896,-0.00035426106994964376
27,8,control_to_uncertain,0.354238979770169,0.04543966502056915
27,9,control_to_uncertain,0.24709172109693847,0.18056334468228138
27,10,control_to_uncertain,0.25736886728215497,0.21687703185137477
27,11,control_to_uncertain,0.6284501092791692,0.32999013226310875
27,12,control_to_uncertain,0.9716948411639705,0.3850418372748426
27,13,control_to_uncertain,1.1014812073729667,0.8405864794505472
27,14,control_to_uncertain,1.1002030744898308,0.9863706049966326
27,15,control_to_uncertain,1.0855053411925257,0.9942790243559574
27,16,control_to_uncertain,1.0351319622523165,1.0031994940231375
27,17,control_to_uncertain,1.008783984136527,1.0038207158169352
27,18,control_to_uncertain,1.0189594480151045,1.0037860956040254
27,19,control_to_uncertain,1.0135180039284304,1.002794598710908
27,20,control_to_uncertain,1.01764252602457,1.0029085101781878
27,21,control_to_uncertain,1.027708935281527,1.0038120680333709
27,22,control_to_uncertain,1.0112831790439623,1.0037782661768258
27,23,control_to_uncertain,1.028571516005892,1.003853458379709
27,24,control_to_uncertain,1.0311214229020984,1.0002977062063056
27,25,control_to_uncertain,1.0147621168567167,1.0014157752043193
27,26,control_to_uncertain,1.0305408580651318,1.00251832243301
27,27,control_to_uncertain,1.0160640955025977,1.0013835352868254
27,28,control_to_uncertain,1.0056962758045431,0.9999211926974905
27,29,control_to_uncertain,1.01037417856812,0.9999041474144783
27,30,control_to_uncertain,1.0000108100791112,1.000000765391676
27,31,control_to_uncertain,1.0,1.0
27,0,uncertain_to_control,-1.351259888887489e-05,-8.666476983846673e-05
27,1,uncertain_to_control,-0.01690553298399556,-0.00025824232069913305
27,2,uncertain_to_control,-0.02246811354541463,-0.0001289856330582074
27,3,uncertain_to_control,-0.09042821942537037,-0.0009053202292324184
27,4,uncertain_to_control,0.00032016910779051797,0.004954819614784912
27,5,uncertain_to_control,0.017555409504674623,0.005113352274406022
27,6,uncertain_to_control,0.1750086629668906,0.008338775108910198
27,7,uncertain_to_control,0.46654044044634024,0.011395994554773064
27,8,uncertain_to_control,0.6303322155897,0.026291332851091576
27,9,uncertain_to_control,0.7626184125931381,0.2546627240306369
27,10,uncertain_to_control,0.7496748530892364,0.27333756642356116
27,11,uncertain_to_control,0.8026843016150378,0.24619874247497697
27,12,uncertain_to_control,0.8246510182557993,0.4204354031805545
27,13,uncertain_to_control,0.7612062665233749,0.48885205569820656
27,14,uncertain_to_control,0.7447035679580194,0.6799160175281548
27,15,uncertain_to_control,0.7576147170960567,1.092002995641245
27,16,uncertain_to_control,0.8535064975530472,1.0834185786149004
27,17,uncertain_to_control,0.9237191139248404,1.1207045229943546
27,18,uncertain_to_control,0.9394987692208274,1.1153436823080773
27,19,uncertain_to_control,0.9902603969214644,1.0509400167736054
27,20,uncertain_to_control,0.993944209579137,1.039195763813588
27,21,uncertain_to_control,0.9858412604266095,1.050721810564854
27,22,uncertain_to_control,0.9888533379477534,1.0490596415522273
27,23,uncertain_to_control,0.986254308780292,1.0518750533086993
27,24,uncertain_to_control,1.0011408210326622,0.9987973733959346
27,25,uncertain_to_control,0.9992019220638603,0.9782612646104522
27,26,uncertain_to_control,0.9941897811924734,0.9870666129307014
27,27,uncertain_to_control,1.0069198018909928,0.961145204158052
27,28,uncertain_to_control,1.0023762302575465,0.9721045661283817
27,29,uncertain_to_control,1.0055481538749582,0.977201007089282
27,30,uncertain_to_control,1.0004824395232708,0.9931910756493713
27,31,uncertain_to_control,1.0,1.0
28,0,control_to_uncertain,0.01156237517489532,0.01933276484014501
28,1,control_to_uncertain,0.01204376491176088,0.006533637948336222
28,2,control_to_uncertain,0.01799704120323696,0.002425777717672158
28,3,control_to_uncertain,0.028077901222394272,-0.022703461356737783
28,4,control_to_uncertain,0.010892542133193834,0.003386264727085356
28,5,control_to_uncertain,-0.001753772639750757,-0.0037653595998272016
28,6,control_to_uncertain,0.04447403112409052,0.024259566626203485
28,7,control_to_uncertain,0.10494972875428367,-0.051999254604818315
28,8,control_to_uncertain,0.07982695773958552,0.19614808920235668
28,9,control_to_uncertain,0.1861108968437208,0.08221491435907277
28,10,control_to_uncertain,0.19463163126458385,0.04236324808970116
28,11,control_to_uncertain,0.3059103385344408,-0.09709910778719875
28,12,control_to_uncertain,0.6904639044258296,0.4346927997272521
28,13,control_to_uncertain,0.8717782664894255,0.3603621997854584
28,14,control_to_uncertain,0.9511946456296941,0.5569427541913549
28,15,control_to_uncertain,0.921428364971086,0.6239976314846657
28,16,control_to_uncertain,0.9369105524042359,0.9363855182806021
28,17,control_to_uncertain,0.977414623880847,0.9421610112196916
28,18,control_to_uncertain,0.9822082102968819,0.9380209632664718
28,19,control_to_uncertain,0.9865066731433237,0.9448056497930603
28,20,control_to_uncertain,0.9831605570976788,0.9478993507139132
28,21,control_to_uncertain,0.9897171140414378,0.9565413068577722
28,22,control_to_uncertain,1.036929041419047,0.9570808482446854
28,23,control_to_uncertain,1.012942058370906,0.9709333233899591
28,24,control_to_uncertain,0.9932056587523587,0.9909676866357224
28,25,control_to_uncertain,0.982166479605145,0.9992142639165542
28,26,control_to_uncertain,1.0002702415085665,0.987086851624016
28,27,control_to_uncertain,1.0059065056611236,0.9995002850481184
28,28,control_to_uncertain,0.9959286367875754,1.0008763493315858
28,29,control_to_uncertain,0.9976754795117297,0.9977053162329663
28,30,control_to_uncertain,0.999999697603683,0.9997874805059052
28,31,control_to_uncertain,1.0,1.0
28,0,uncertain_to_control,-0.010603930048373582,-0.0021746620350643966
28,1,uncertain_to_control,0.015683180185138618,-0.004933204659985921
28,2,uncertain_to_control,-0.02368136117049349,0.00526230119579738
28,3,uncertain_to_control,0.03778381500824673,0.006941352828729307
28,4,uncertain_to_control,0.04318693160044788,0.0022922959703812113
28,5,uncertain_to_control,0.05466025106000619,-0.004504497300358223
28,6,uncertain_to_control,0.068956540936914,-0.012267593291327051
28,7,uncertain_to_control,0.3092324896719688,-0.03916942747033557
28,8,uncertain_to_control,0.2745698078495683,-0.02960779494931015
28,9,uncertain_to_control,0.7637283076947036,0.0193162348005559
28,10,uncertain_to_control,0.917846505796698,0.059187137651858
28,11,uncertain_to_control,1.0814684153472884,0.2206668352178958
28,12,uncertain_to_control,0.9333305580071357,0.6094166826393673
28,13,uncertain_to_control,0.7649338358118534,0.694145326158148
28,14,uncertain_to_control,0.7835825284782362,0.7986391549843762
28,15,uncertain_to_control,0.8715793149125761,0.9632159869774604
28,16,uncertain_to_control,0.916548595604725,0.9931745028411648
28,17,uncertain_to_control,0.9620959068566929,0.9898174061406346
28,18,uncertain_to_control,0.9716416513933427,0.9940295018036197
28,19,uncertain_to_control,0.9680294013891029,0.9891339259110205
28,20,uncertain_to_control,0.9677145312240955,0.9796366017307511
28,21,uncertain_to_control,0.9678372789290776,0.9825974248435132
28,22,uncertain_to_control,0.9625740458331514,0.9899658409751587
28,23,uncertain_to_control,0.9732947512592476,0.980272035241776
28,24,uncertain_to_control,0.9846055830978401,0.9889557862150967
28,25,uncertain_to_control,0.9843033127793717,0.9899813197131772
28,26,uncertain_to_control,0.9854421877083306,0.979647785790013
28,27,uncertain_to_control,0.9996403121808538,0.989998051065833
28,28,uncertain_to_control,0.983160305100748,0.9803148030843936
28,29,uncertain_to_control,0.9864094779271226,0.9795476660915003
28,30,uncertain_to_control,1.0000109366667957,0.9974286505669747
28,31,uncertain_to_control,1.0,1.0
29,0,control_to_uncertain,0.02853091523237913,-0.0012826833254186152
29,1,control_to_uncertain,0.11266217063710511,0.22740716725426957
29,2,control_to_uncertain,0.11844192173993781,0.25383050289497583
29,3,control_to_uncertain,0.13221404480376323,0.20421074509705842
29,4,control_to_uncertain,-0.05337022707033951,0.5053299205487133
29,5,control_to_uncertain,-0.07656426166467026,0.5436308899841432
29,6,control_to_uncertain,-0.01407578072161159,0.5128780792324795
29,7,control_to_uncertain,0.07557532833548454,0.3915626906362405
29,8,control_to_uncertain,0.09560615256971865,0.3759974162022917
29,9,control_to_uncertain,0.27128602591995366,0.19979404278900584
29,10,control_to_uncertain,0.48748392955592224,0.23400592935496412
29,11,control_to_uncertain,0.6881565640473772,0.7543456792876495
29,12,control_to_uncertain,0.8816758919261101,0.7895070609984841
29,13,control_to_uncertain,0.9492695330722244,0.8690121624650898
29,14,control_to_uncertain,0.931906335220118,0.9958529027283078
29,15,control_to_uncertain,0.9255996561693768,0.996022167227473
29,16,control_to_uncertain,0.9424293849806977,0.9987634813298377
29,17,control_to_uncertain,0.9947691383424273,0.9992153487033486
29,18,control_to_uncertain,0.9990962044701829,0.9984567546837956
29,19,control_to_uncertain,1.0143765526031285,0.9976109896781766
29,20,control_to_uncertain,1.0078723976624562,0.9975933548152893
29,21,control_to_uncertain,1.0093507438480505,0.9976334017085319
29,22,control_to_uncertain,1.0016729806958142,0.9984683210655714
29,23,control_to_uncertain,1.0093003093581758,0.9975370791049036
29,24,control_to_uncertain,0.9996160585665186,0.9974175374961446
29,25,control_to_uncertain,0.9997485378955552,0.9992261481510822
29,26,control_to_uncertain,1.0005660265166434,0.9999968429421955
29,27,control_to_uncertain,0.9972662375453226,0.999987838397326
29,28,control_to_uncertain,0.9851156691643085,0.9999509986128042
29,29,control_to_uncertain,0.9843649529664344,0.999904405829709
29,30,control_to_uncertain,0.9866794935228825,0.9992153132827001
29,31,control_to_uncertain,1.0,1.0
29,0,uncertain_to_control,0.01210569825974076,-0.0006736337439643985
29,1,uncertain_to_control,-0.012192005168469695,3.537444769198746e-05
29,2,uncertain_to_control,-0.020273836193808497,0.0009037994282060106
29,3,uncertain_to_control,0.0073874688584043705,0.0011934679519208125
29,4,uncertain_to_control,0.11123942374096467,0.005588704576945322
29,5,uncertain_to_control,0.11745932231969174,0.004276032282440678
29,6,uncertain_to_control,0.2250835639413879,0.005514916435913975
29,7,uncertain_to_control,0.6329444421769314,0.0030205882057618124
29,8,uncertain_to_control,0.6898231812365465,0.010952443374857216
29,9,uncertain_to_control,0.9896471074473361,0.42446854704930903
29,10,uncertain_to_control,0.9809645909924178,0.40464436775651585
29,11,uncertain_to_control,0.9935810272552541,0.2616165035335331
29,12,uncertain_to_control,1.1143778164251459,0.6406614014539961
29,13,uncertain_to_control,1.0979937402629099,0.5750801014866261
29,14,uncertain_to_control,1.010569370169414,0.7008363400330515
29,15,uncertain_to_control,1.0207755468967799,0.9102468609759258
29,16,uncertain_to_control,0.9948763116334106,0.914380345938382
29,17,uncertain_to_control,0.9999559586144757,0.9435659747155707
29,18,uncertain_to_control,1.0240095401691622,0.9181994187440774
29,19,uncertain_to_control,1.0066780710571646,0.9119880538164702
29,20,uncertain_to_control,1.0100091448030144,0.949761471192633
29,21,uncertain_to_control,1.007615282396294,0.9531145437860509
29,22,uncertain_to_control,1.006678011861754,0.9592994941500181
29,23,uncertain_to_control,1.0035968019442614,0.9630426743661505
29,24,uncertain_to_control,1.005022967375367,0.9651664841322579
29,25,uncertain_to_control,1.0093253786145864,0.9312719665771992
29,26,uncertain_to_control,1.0064002965926855,0.9594259489453548
29,27,uncertain_to_control,1.0040236600504646,0.9674160587610695
29,28,uncertain_to_control,1.0043350575081935,0.9713329048769551
29,29,uncertain_to_control,1.0039207784267534,0.9829679287895889
29,30,uncertain_to_control,1.0062541431237886,1.0093409979099353
29,31,uncertain_to_control,1.0,1.0
30,0,control_to_uncertain,0.01088928727817127,0.0019456676796605705
30,1,control_to_uncertain,0.06299679557079405,0.02289979586642202
30,2,control_to_uncertain,0.07331354459874222,0.052421389588729585
30,3,control_to_uncertain,0.08588651962885395,0.11195435774024454
30,4,control_to_uncertain,0.07452035050780195,0.15293980411602634
30,5,control_to_uncertain,0.08158411684587301,0.1461011918713255
30,6,control_to_uncertain,0.12136956685759334,0.2000192335344917
30,7,control_to_uncertain,0.19516592649465905,0.24289919138390942
30,8,control_to_uncertain,0.24105258513556244,0.29123574459964396
30,9,control_to_uncertain,0.16426971279002522,0.20523749959721982
30,10,control_to_uncertain,0.14851320065472662,0.18921994529183475
30,11,control_to_uncertain,0.3430166037805032,0.5008472996408991
30,12,control_to_uncertain,0.7808239324756021,0.9159473227627715
30,13,control_to_uncertain,0.8551862726205595,0.9423362316576818
30,14,control_to_uncertain,0.9192784025541147,1.010874490529899
30,15,control_to_uncertain,0.9448926419008307,1.0059236746741727
30,16,control_to_uncertain,0.9776724890218256,1.009836429196905
30,17,control_to_uncertain,0.9709723499997028,1.0113999073959434
30,18,control_to_uncertain,0.9919410081214264,1.008529023445179
30,19,control_to_uncertain,0.991291237597078,1.0067552169713379
30,20,control_to_uncertain,1.0012413574546772,1.0047993247114366
30,21,control_to_uncertain,1.0027870102708751,1.006530650885288
30,22,control_to_uncertain,1.011512534706423,0.9992839879659688
30,23,control_to_uncertain,0.9924842430345645,1.0043298557826288
30,24,control_to_uncertain,0.9808749237070645,0.9992409289947031
30,25,control_to_uncertain,0.9812594028304263,0.9953158308724539
30,26,control_to_uncertain,0.9812830953188498,0.9953207474967471
30,27,control_to_uncertain,0.9803581212299907,1.0015049616274334
30,28,control_to_uncertain,0.9808826600298151,1.0014490927891482
30,29,control_to_uncertain,0.9909115936754352,1.0012254800536173
30,30,control_to_uncertain,1.000432428207076,1.0000807183983245
30,31,control_to_uncertain,1.0,1.0
30,0,uncertain_to_control,0.010837298786354295,-0.00067876475414006
30,1,uncertain_to_control,-0.009717788414997708,0.002575336963614399
30,2,uncertain_to_control,-0.019630032525797564,-0.003972515862045767
30,3,uncertain_to_control,0.0013949556959532484,0.004346104372481791
30,4,uncertain_to_control,-0.000716576894766972,-0.009177801370543368
30,5,uncertain_to_control,0.0624129449632157,-0.008090790275957924
30,6,uncertain_to_control,0.25434180464032297,0.02363445027436096
30,7,uncertain_to_control,0.5145688959330614,0.2562851485557406
30,8,uncertain_to_control,0.5344987109654417,0.2861591739005433
30,9,uncertain_to_control,0.6327949168330195,0.4178184625778282
30,10,uncertain_to_control,0.6764886603942684,0.376024108694282
30,11,uncertain_to_control,0.7186101575298647,0.4037551352912627
30,12,uncertain_to_control,0.9386514038151957,0.7140229535165437
30,13,uncertain_to_control,0.8975281743678503,0.6624716190880924
30,14,uncertain_to_control,0.949367258451706,0.8416234501913487
30,15,uncertain_to_control,1.025011914239236,1.0673206345934019
30,16,uncertain_to_control,1.0277847009583874,1.0055794901581339
30,17,uncertain_to_control,1.0361660396182326,0.9928756323857084
30,18,uncertain_to_control,1.0192713209982636,0.9446728313336424
30,19,uncertain_to_control,1.0177242982082455,0.9491680497187699
30,20,uncertain_to_control,1.0138475946432814,0.9462535447778747
30,21,uncertain_to_control,1.0075157972587832,0.9481919520064198
30,22,uncertain_to_control,0.9923801854642352,0.9720724416505769
30,23,uncertain_to_control,0.9990631796669291,0.9676391702336824
30,24,uncertain_to_control,1.0012588044742137,0.9899958976785956
30,25,uncertain_to_control,1.0035019149917142,0.9790860374281251
30,26,uncertain_to_control,1.003457269962508,0.9800052505051301
30,27,uncertain_to_control,0.9985800825751721,0.9802776173364253
30,28,uncertain_to_control,0.9997343862522321,0.9847467247413944
30,29,uncertain_to_control,1.010280726775141,0.9855694870549571
30,30,uncertain_to_control,0.9931777318411229,1.0050965702444898
30,31,uncertain_to_control,1.0,1.0
31,0,control_to_uncertain,0.06905650767505242,0.04730164733472304
31,1,control_to_uncertain,0.17235740934395566,0.11347138604090332
31,2,control_to_uncertain,0.0875474328895728,0.06316403709654062
31,3,control_to_uncertain,0.03746016781143759,0.12042444725658391
31,4,control_to_uncertain,0.0299506752131658,0.0963975780808201
31,5,control_to_uncertain,0.04398593403735391,-0.008077896293489968
31,6,control_to_uncertain,0.1765873123379395,0.08475550307600213
31,7,control_to_uncertain,0.27479664738346243,0.16002328532149096
31,8,control_to_uncertain,0.48573927879732526,0.40652617474858604
31,9,control_to_uncertain,0.5470185384860367,0.5662798596156674
31,10,control_to_uncertain,0.3039085363247284,0.6375771454987572
31,11,control_to_uncertain,0.2138498619231068,0.8473874823045997
31,12,control_to_uncertain,0.40925801505209713,0.9091206747615339
31,13,control_to_uncertain,0.2873213985771488,0.918263580711042
31,14,control_to_uncertain,0.33595023211487324,0.9590347787215365
31,15,control_to_uncertain,0.646308527655414,0.9659343445083189
31,16,control_to_uncertain,0.9915240895564261,0.71092694655377
31,17,control_to_uncertain,1.076857987599268,0.996679991945134
31,18,control_to_uncertain,1.0592397131660998,0.9977192256837192
31,19,control_to_uncertain,0.9998723684265977,0.9976175597410801
31,20,control_to_uncertain,0.9652998649633872,0.992563140289639
31,21,control_to_uncertain,0.9197621838484652,0.9979566503382914
31,22,control_to_uncertain,0.9792424102861416,0.997470102856161
31,23,control_to_uncertain,0.9775988527607251,0.9919603598938426
31,24,control_to_uncertain,1.0060561783615116,0.9985888009692517
31,25,control_to_uncertain,1.003478863428798,0.9990516825315802
31,26,control_to_uncertain,1.0035309395188892,0.9932096781757397
31,27,control_to_uncertain,1.0058210834114474,0.9965440135804506
31,28,control_to_uncertain,1.0033996957311453,0.9967444566992559
31,29,control_to_uncertain,1.004432186997112,0.9961496670042674
31,30,control_to_uncertain,1.0031480447986822,1.0008095435232789
31,31,control_to_uncertain,1.0,1.0
31,0,uncertain_to_control,-0.17873883750513989,0.0011648218625680599
31,1,uncertain_to_control,-0.05873325061362491,0.011288271001412963
31,2,uncertain_to_control,-0.13519675430500694,0.01215285085091362
31,3,uncertain_to_control,-0.3578563554804215,0.03429276312313609
31,4,uncertain_to_control,-0.43653294249174157,0.022645596168199042
31,5,uncertain_to_control,-0.6912316808054756,0.129223253860561
31,6,uncertain_to_control,-0.9549477101872271,1.2981805520380145
31,7,uncertain_to_control,-1.0,1.0343546486214787
31,8,uncertain_to_control,-0.8420161935568933,1.0254818489933204
31,9,uncertain_to_control,-0.979026505224767,1.2377342451394115
31,10,uncertain_to_control,-0.97592120496246,0.988815761200399
31,11,uncertain_to_control,-0.6871264744607416,1.1116696477483092
31,12,uncertain_to_control,-0.8270717102811447,1.3732648377071859
31,13,uncertain_to_control,-0.8023187104876429,0.8830077800571484
31,14,uncertain_to_control,0.24006279834632827,0.8439696555582957
31,15,uncertain_to_control,0.5672488201604907,0.5242497684602087
31,16,uncertain_to_control,0.7725997437735961,1.0775439704785905
31,17,uncertain_to_control,0.92657903434674,1.0306981358813248
31,18,uncertain_to_control,0.9133784980533175,1.0338686968642317
31,19,uncertain_to_control,0.9780872542414922,1.0401172718046132
31,20,uncertain_to_control,0.9554716317756863,1.01659882552806
31,21,uncertain_to_control,0.939087982102682,1.0150295730312298
31,22,uncertain_to_control,1.0184286145171282,1.021470803401999
31,23,uncertain_to_control,1.0101722966037359,1.0068084365200107
31,24,uncertain_to_control,1.0511944087738279,1.0142436155540253
31,25,uncertain_to_control,1.0477644607475718,1.0193537236337948
31,26,uncertain_to_control,1.0315311694965357,1.0213382130145845
31,27,uncertain_to_control,1.0122131977067255,0.9941528171641691
31,28,uncertain_to_control,0.9931554558584397,0.9941053189209668
31,29,uncertain_to_control,0.9931807413588307,0.9968508451760251
31,30,uncertain_to_control,1.0002466841377433,0.9995299164899214
31,31,uncertain_to_control,1.0,1.0
32,0,control_to_uncertain,0.01442066823496841,0.05074221996183086
32,1,control_to_uncertain,-0.1047437195178062,0.10683111486817223
32,2,control_to_uncertain,-0.15649695607365618,0.12176803711495653
32,3,control_to_uncertain,-0.3835932488044386,-0.09872439624265401
32,4,control_to_uncertain,-0.25022287738538773,-0.08210109021777381
32,5,control_to_uncertain,-0.24627318599896128,-0.15278515599270873
32,6,control_to_uncertain,0.09291021171024852,0.015545321207958672
32,7,control_to_uncertain,0.464255986065133,0.11284723659853269
32,8,control_to_uncertain,0.6564394752717196,0.1043076938863499
32,9,control_to_uncertain,0.8766179502123185,0.12556564430117959
32,10,control_to_uncertain,1.0631178530782837,0.22732396772164887
32,11,control_to_uncertain,1.1522602867040155,0.8355066831955316
32,12,control_to_uncertain,1.2092362800469914,0.8635943589959436
32,13,control_to_uncertain,1.1674041512543398,0.9114333452751903
32,14,control_to_uncertain,1.2281881657974416,0.8611043937191291
32,15,control_to_uncertain,1.1139896081002183,0.831791706818321
32,16,control_to_uncertain,1.196692356718123,0.9913980007471601
32,17,control_to_uncertain,1.0537689971756412,1.0064870851128054
32,18,control_to_uncertain,0.9944686034223165,1.0084506792446395
32,19,control_to_uncertain,1.0423914687740952,1.005868658796914
32,20,control_to_uncertain,1.1155149139413425,1.0016626383367542
32,21,control_to_uncertain,1.132393427184998,0.9994537118982548
32,22,control_to_uncertain,1.1476715228440635,0.9954676928481626
32,23,control_to_uncertain,1.1146771492773149,0.9967564652409182
32,24,control_to_uncertain,1.0044246453559051,1.0041651598993744
32,25,control_to_uncertain,0.998991431493502,1.003791070432176
32,26,control_to_uncertain,1.0000192695048682,1.0000191866077042
32,27,control_to_uncertain,0.9989821244537358,1.0000028850087446
32,28,control_to_uncertain,0.997795280255941,0.9977239776148896
32,29,control_to_uncertain,0.997795280255941,0.9983282465950776
32,30,control_to_uncertain,0.9786421789274462,0.9956426699280677
32,31,control_to_uncertain,1.0,1.0
32,0,uncertain_to_control,0.03316530849428613,-0.0007610393157191749
32,1,uncertain_to_control,-0.035643996028646804,0.007745094475381355
32,2,uncertain_to_control,0.07759305270117822,0.0005168376205888821
32,3,uncertain_to_control,0.3118013002065638,0.0014257245375872897
32,4,uncertain_to_control,0.2944909927517823,-0.00230380164048043
32,5,uncertain_to_control,0.2704899723856198,-0.006013603195699754
32,6,uncertain_to_control,0.8931217567915829,0.0331796226665354
32,7,uncertain_to_control,1.0488984004213597,0.10803787503937583
32,8,uncertain_to_control,1.0220232088733054,0.2695947155830244
32,9,uncertain_to_control,1.09690568455637,0.7736263489605628
32,10,uncertain_to_control,1.1051683695927736,0.7194925647008825
32,11,uncertain_to_control,0.6759050834002522,0.5915417719090567
32,12,uncertain_to_control,1.1926504142157037,1.2137126316188422
32,13,uncertain_to_control,1.067691935410717,1.1597335462064327
32,14,uncertain_to_control,1.3372559884246642,1.2526311188780745
32,15,uncertain_to_control,1.2951184314256,1.3028938555847898
32,16,uncertain_to_control,1.2217218705209871,1.3987965781217977
32,17,uncertain_to_control,1.1401935785620336,1.4008179763928
32,18,uncertain_to_control,1.1305004277305741,1.2747244430681652
32,19,uncertain_to_control,1.075175188637966,0.6566784700951456
32,20,uncertain_to_control,1.0281692633307615,0.694666976085154
32,21,uncertain_to_control,1.0187017098998326,0.7417533961374265
32,22,uncertain_to_control,1.0165909126063724,0.8027637105011308
32,23,uncertain_to_control,0.9936958569515854,0.8119137314600696
32,24,uncertain_to_control,1.005171830238546,0.675638019813793
32,25,uncertain_to_control,1.006909035090686,0.6835304056815605
32,26,uncertain_to_control,1.0124012372332976,0.7965179524711392
32,27,uncertain_to_control,1.02571961113877,0.8358992055294109
32,28,uncertain_to_control,1.0168210324417188,0.8933967748315704
32,29,uncertain_to_control,1.010180459568515,0.8813017369462854
32,30,uncertain_to_control,1.0032320989576902,1.0717543156494929
32,31,uncertain_to_control,1.0,1.0
33,0,control_to_uncertain,0.07702162374137438,-0.027825075875455393
33,1,control_to_uncertain,0.0955648445593469,-0.02844452677132675
33,2,control_to_uncertain,0.11918208315512197,-0.04012531187547154
33,3,control_to_uncertain,0.053158083999827806,0.0830683511878936
33,4,control_to_uncertain,0.08460594279688016,0.21795270275860254
33,5,control_to_uncertain,0.09105329292852277,0.3864493442713516
33,6,control_to_uncertain,0.2270128532788358,0.5044825322318506
33,7,control_to_uncertain,0.26917995211477375,0.7336821533952942
33,8,control_to_uncertain,0.420864448485687,0.9058318778919452
33,9,control_to_uncertain,0.4497562154094135,0.9432898789843359
33,10,control_to_uncertain,0.4100051808910576,0.9842024939785609
33,11,control_to_uncertain,0.5049236455739363,1.0185183614369568
33,12,control_to_uncertain,0.5205381958462489,1.0274977143494637
33,13,control_to_uncertain,0.7719884491187881,0.9593822815022657
33,14,control_to_uncertain,0.8178292473401083,0.9105574227257979
33,15,control_to_uncertain,0.8223169827210108,1.0065495581682968
33,16,control_to_uncertain,0.8325755325298491,0.9924222576092594
33,17,control_to_uncertain,0.9823734049591344,1.0121773283151556
33,18,control_to_uncertain,1.0045181482180325,1.0187153746490123
33,19,control_to_uncertain,1.006217668958838,1.0240826312414728
33,20,control_to_uncertain,1.0038464100322955,1.019415691713963
33,21,control_to_uncertain,1.0064612286657695,1.0211906195627451
33,22,control_to_uncertain,1.0182083797646688,1.0192330454107739
33,23,control_to_uncertain,1.009531297486593,1.0151603754585892
33,24,control_to_uncertain,1.010642693926278,1.0073868316278398
33,25,control_to_uncertain,1.0194933435509044,1.007759377430927
33,26,control_to_uncertain,1.021194063671202,1.0017650113689063
33,27,control_to_uncertain,1.0208712592478049,0.9934293622287672
33,28,control_to_uncertain,1.0097161732683584,0.9931938338447636
33,29,control_to_uncertain,1.0199063584461268,0.997755379716486
33,30,control_to_uncertain,0.9994899210358527,1.0002245526933102
33,31,control_to_uncertain,1.0,1.0
33,0,uncertain_to_control,-0.015593903811049754,0.0015532389476821604
33,1,uncertain_to_control,-0.033218357102821734,-0.009082458149861384
33,2,uncertain_to_control,-0.009874834041217105,-0.006217637241008462
33,3,uncertain_to_control,0.303255908389681,0.005945241346328261
33,4,uncertain_to_control,0.23673215350087093,-0.015895990833005493
33,5,uncertain_to_control,0.09247412927726034,-0.0251530967187715
33,6,uncertain_to_control,0.5257769569643362,-0.017832132311768233
33,7,uncertain_to_control,0.9584458269196872,0.059873430148224216
33,8,uncertain_to_control,0.9738888230895973,0.04086647176083372
33,9,uncertain_to_control,1.0647714614503367,0.11787999033337183
33,10,uncertain_to_control,1.0650118513686098,0.12809913425164093
33,11,uncertain_to_control,1.0608643542487268,0.26474735516148595
33,12,uncertain_to_control,1.044131125589811,0.6763284680918146
33,13,uncertain_to_control,0.9823274430235843,0.5861158576299659
33,14,uncertain_to_control,1.0620491270123606,0.8515996650731806
33,15,uncertain_to_control,1.0618142199717675,0.9304050196375506
33,16,uncertain_to_control,1.0875033866407544,0.841887425452808
33,17,uncertain_to_control,1.0553444028921324,0.9648607726661329
33,18,uncertain_to_control,0.9860487534913187,1.0211748011427586
33,19,uncertain_to_control,1.0234479547474118,0.9695600072263459
33,20,uncertain_to_control,1.0026937635050666,1.0111679701483531
33,21,uncertain_to_control,1.0054287985151682,1.0208479888371909
33,22,uncertain_to_control,1.0127007863003448,1.0073763615686477
33,23,uncertain_to_control,1.0156364603655408,0.9889742343525117
33,24,uncertain_to_control,1.0257501636831745,0.9654579060336684
33,25,uncertain_to_control,1.018010546400887,0.9926607413222105
33,26,uncertain_to_control,1.0046238221183141,1.0128122837907714
33,27,uncertain_to_control,1.009840737395646,0.9886539080786166
33,28,uncertain_to_control,1.005753466260277,0.9877080633308337
33,29,uncertain_to_control,1.0175109834247895,0.9867718430171457
33,30,uncertain_to_control,1.0062969565102855,1.0095740801715185
33,31,uncertain_to_control,1.0,1.0
34,0,control_to_uncertain,0.2584515792924062,-0.023947349878789933
34,1,control_to_uncertain,0.19192051378881864,0.0054965955936260805
34,2,control_to_uncertain,-0.2946246851448178,0.20195189235761163
34,3,control_to_uncertain,-1.0,-0.14795766834285592
34,4,control_to_uncertain,-1.0,-0.04345389825489612
34,5,control_to_uncertain,-1.0,0.09384560120728437
34,6,control_to_uncertain,-1.0,0.06620765451830816
34,7,control_to_uncertain,-1.0,-0.43618722540434574
34,8,control_to_uncertain,-1.0,-1.0
34,9,control_to_uncertain,-1.0,-0.9375837277045721
34,10,control_to_uncertain,-1.0,-0.27748130564380474
34,11,control_to_uncertain,-0.7172207245439352,0.8251037510011648
34,12,control_to_uncertain,-0.27759327876882123,0.8351390348146708
34,13,control_to_uncertain,0.30602814471934425,0.9043040276705012
34,14,control_to_uncertain,0.809133386427171,1.103371829496055
34,15,control_to_uncertain,0.5603261905919215,1.1466560983201837
34,16,control_to_uncertain,0.4077479613088005,1.3441647085606951
34,17,control_to_uncertain,0.5424712065636945,1.0902302589917534
34,18,control_to_uncertain,0.8335226515012719,1.1341512931749547
34,19,control_to_uncertain,0.8742284256430773,1.1372829434513563
34,20,control_to_uncertain,0.9407622330819477,1.1098943403193382
34,21,control_to_uncertain,0.95520176281512,1.099424921110887
34,22,control_to_uncertain,1.0321110533642923,1.1040395885992969
34,23,control_to_uncertain,1.0014263048807694,1.133269030604873
34,24,control_to_uncertain,1.0583912567161835,1.0649454956055777
34,25,control_to_uncertain,1.1190957097437162,1.091796892420045
34,26,control_to_uncertain,1.0039249557239769,1.1018982887885593
34,27,control_to_uncertain,1.0081300873804921,1.0544844937628992
34,28,control_to_uncertain,0.9501650769673697,1.0611948623520997
34,29,control_to_uncertain,1.0117275064715905,1.0608496946112804
34,30,control_to_uncertain,1.0613021949191939,1.0122600326080946
34,31,control_to_uncertain,1.0,1.0
34,0,uncertain_to_control,-0.04761495252089791,0.0007496472510555711
34,1,uncertain_to_control,0.4387340734065929,-0.1117369630055102
34,2,uncertain_to_control,0.47927333729667615,0.033823372672347515
34,3,uncertain_to_control,1.4559432070422869,0.377740047663473
34,4,uncertain_to_control,1.280996768255369,0.731448125837277
34,5,uncertain_to_control,1.6528111691487413,0.7106794185484403
34,6,uncertain_to_control,2.0,2.0
34,7,uncertain_to_control,2.0,2.0
34,8,uncertain_to_control,2.0,2.0
34,9,uncertain_to_control,2.0,2.0
34,10,uncertain_to_control,2.0,2.0
34,11,uncertain_to_control,2.0,2.0
34,12,uncertain_to_control,2.0,2.0
34,13,uncertain_to_control,2.0,2.0
34,14,uncertain_to_control,1.416684676196138,2.0
34,15,uncertain_to_control,1.4226473883689599,2.0
34,16,uncertain_to_control,0.8311566106190168,1.4959563197805197
34,17,uncertain_to_control,0.8792895396415293,1.430459403100623
34,18,uncertain_to_control,0.918131296324685,1.7644118680620837
34,19,uncertain_to_control,0.8543636030525218,1.2173031607375708
34,20,uncertain_to_control,0.9630623927373613,1.2096075701439715
34,21,uncertain_to_control,0.9871954114959376,1.207806365356932
34,22,uncertain_to_control,0.9859545611470263,1.1622103311291356
34,23,uncertain_to_control,1.0356867862399717,1.0410680488836008
34,24,uncertain_to_control,1.0124356735750972,1.1717648774431544
34,25,uncertain_to_control,1.1320962219870805,1.1974252448728766
34,26,uncertain_to_control,1.0819203019120014,1.1204827175314886
34,27,uncertain_to_control,0.9439246815304486,1.0348624992641773
34,28,uncertain_to_control,0.9699311898877426,1.024613157936985
34,29,uncertain_to_control,0.9940891353307085,1.0176154840286338
34,30,uncertain_to_control,1.022247065817664,1.0079646118334562
34,31,uncertain_to_control,1.0,1.0
35,0,control_to_uncertain,0.004935260640324138,-0.11924165362589463
35,1,control_to_uncertain,0.017760358602715333,-0.09028060161198202
35,2,control_to_uncertain,0.023359209030448094,-0.12150740812523511
35,3,control_to_uncertain,-0.0261242471115925,0.15666421621105991
35,4,control_to_uncertain,-0.06345959266282791,0.19979734948880754
35,5,control_to_uncertain,-0.06256768571172953,0.21431893258661722
35,6,control_to_uncertain,-0.06973613755686717,0.17816473947732148
35,7,control_to_uncertain,-0.10085656710127934,0.17001240066198245
35,8,control_to_uncertain,-0.08895579080059349,0.11166541505276303
35,9,control_to_uncertain,0.043824242154486354,0.09563815019812139
35,10,control_to_uncertain,0.12726562452317625,0.22716440682353067
35,11,control_to_uncertain,0.5977952191167449,0.8291514700565755
35,12,control_to_uncertain,0.8821005149287048,0.934304782813167
35,13,control_to_uncertain,1.134921562354813,0.9640832937503965
35,14,control_to_uncertain,1.312743603435081,0.9639169560932892
35,15,control_to_uncertain,1.2353565521406438,0.9862610772625408
35,16,control_to_uncertain,1.0751786084048405,0.950145310605705
35,17,control_to_uncertain,1.0459416559027002,1.008501847823782
35,18,control_to_uncertain,1.0699178981155404,1.0116418112910543
35,19,control_to_uncertain,1.0615039175280445,1.0061421604018799
35,20,control_to_uncertain,1.0499313820397047,1.003777682826612
35,21,control_to_uncertain,1.0484998501703502,1.0066750942595402
35,22,control_to_uncertain,1.0624547738495234,1.0061120969880217
35,23,control_to_uncertain,1.0455075741753526,1.0065982270056837
35,24,control_to_uncertain,1.0188297091131409,0.9961400953746559
35,25,control_to_uncertain,1.0228003809082045,0.9913095306204288
35,26,control_to_uncertain,0.9988373874174951,0.9959797747050013
35,27,control_to_uncertain,1.0057902125884,0.995517734160555
35,28,control_to_uncertain,1.0089559872984948,0.9910587207730186
35,29,control_to_uncertain,1.0100742389911679,0.9911591059341125
35,30,control_to_uncertain,0.9960655761132388,0.995843172827698
35,31,control_to_uncertain,1.0,1.0
35,0,uncertain_to_control,0.04903448821005149,0.005294315213629205
35,1,uncertain_to_control,0.1609903583541157,-0.006193328710121874
35,2,uncertain_to_control,0.18968277349046814,-0.004745984946898806
35,3,uncertain_to_control,0.27610857938120725,-0.012179045046743346
35,4,uncertain_to_control,0.2297326184580899,-0.01698687151929323
35,5,uncertain_to_control,0.2010750370405987,-0.01979695054053772
35,6,uncertain_to_control,0.6865228788312067,0.12490476521036972
35,7,uncertain_to_control,0.9565841980853661,0.9905253397068313
35,8,uncertain_to_control,0.9713946319452891,1.0544291519349622
35,9,uncertain_to_control,0.9888632953680532,1.1169039631239406
35,10,uncertain_to_control,0.9757487351564071,1.0742327508161669
35,11,uncertain_to_control,0.9034530077502048,1.0826317382872757
35,12,uncertain_to_control,0.9409284510948729,1.1139887183541943
35,13,uncertain_to_control,0.9583595640664287,1.0891577877499115
35,14,uncertain_to_control,0.9794044148612554,1.1125807624221895
35,15,uncertain_to_control,0.974442024112972,1.1199297903657897
35,16,uncertain_to_control,0.9726531116856856,1.1094334857801833
35,17,uncertain_to_control,0.9787489380553764,1.079220211627158
35,18,uncertain_to_control,0.9810030071621997,1.0902650664965239
35,19,uncertain_to_control,0.9955375996501147,1.0828739483386287
35,20,uncertain_to_control,0.9940900651107705,1.078214178977841
35,21,uncertain_to_control,0.9983080339804417,1.076258361511038
35,22,uncertain_to_control,0.9954483196377769,1.0638101423694084
35,23,uncertain_to_control,0.9931159118790276,1.0844387094507988
35,24,uncertain_to_control,0.9897544207934079,1.0489498478380161
35,25,uncertain_to_control,0.9898497297186254,1.0536706862733631
35,26,uncertain_to_control,1.003648087740481,1.031764183758309
35,27,uncertain_to_control,1.0041721193593751,0.9767277082948986
35,28,uncertain_to_control,0.9996514395183181,1.0100304041771897
35,29,uncertain_to_control,0.9958527033868646,1.0178395929545296
35,30,uncertain_to_control,0.9973694215622804,1.000014234145198
35,31,uncertain_to_control,1.0,1.0
36,0,control_to_uncertain,0.023918710355943795,-0.14979215099898444
36,1,control_to_uncertain,0.07973660516043496,-0.15351234106828038
36,2,control_to_uncertain,0.01435358639624751,-0.1316959235348817
36,3,control_to_uncertain,0.014855570168482608,-0.15478141835520418
36,4,control_to_uncertain,0.07148559996443475,-0.23723658545260032
36,5,control_to_uncertain,0.05619722646034079,-0.1886357953217751
36,6,control_to_uncertain,0.043760147092775335,-0.04767141484701665
36,7,control_to_uncertain,0.018094978935756484,0.048777363467536826
36,8,control_to_uncertain,0.05466392023944479,0.27916931706141485
36,9,control_to_uncertain,0.08087614778875839,0.5637500641267204
36,10,control_to_uncertain,0.15215923634083933,0.7534058617691949
36,11,control_to_uncertain,0.5711069841016934,1.0167361683503773
36,12,control_to_uncertain,0.6734588984052401,1.0161206576500317
36,13,control_to_uncertain,0.7320168105365674,1.0256772537926389
36,14,control_to_uncertain,0.7875084971412964,1.0309265074609393
36,15,control_to_uncertain,0.7889229043231853,1.0348937246739913
36,16,control_to_uncertain,0.9253374393805457,0.7155600111635579
36,17,control_to_uncertain,1.072143742708825,0.9587891600453429
36,18,control_to_uncertain,1.0827515644238754,0.9761020674056264
36,19,control_to_uncertain,1.0969372683176002,0.9988685874228919
36,20,control_to_uncertain,1.092243058422221,0.9920420809715478
36,21,control_to_uncertain,1.0888510503025735,0.9983832721710798
36,22,control_to_uncertain,1.099053075362529,0.9981981838765065
36,23,control_to_uncertain,1.112392363578636,0.999082886753463
36,24,control_to_uncertain,1.0042870203455871,1.00515029840508
36,25,control_to_uncertain,1.0042978539710092,1.0011530360885201
36,26,control_to_uncertain,1.0061350820765136,1.0009303587365441
36,27,control_to_uncertain,0.9838897799330846,1.0001321187833137
36,28,control_to_uncertain,0.9882507784636967,1.0016749693937683
36,29,control_to_uncertain,0.9882546476156332,1.0009583995882745
36,30,control_to_uncertain,1.000158480463317,1.00082431389949
36,31,control_to_uncertain,1.0,1.0
36,0,uncertain_to_control,0.037400615512428355,0.006059288829972463
36,1,uncertain_to_control,-0.015266590178691752,-0.0008087280409475858
36,2,uncertain_to_control,0.014719724243993829,0.012709906626889199
36,3,uncertain_to_control,-0.14530398901439429,-0.00010572739344977405
36,4,uncertain_to_control,-0.2726526367864186,-0.011149802022872645
36,5,uncertain_to_control,-0.3461556899535574,-0.022572686462607527
36,6,uncertain_to_control,0.11434272568676189,0.03397046796004976
36,7,uncertain_to_control,0.540914018274082,0.13489721157413326
36,8,uncertain_to_control,0.8573800416839215,0.47172265278433084
36,9,uncertain_to_control,0.9908562266861832,0.8233015780594632
36,10,uncertain_to_control,0.9226591350270958,0.8268614279865676
36,11,uncertain_to_control,0.9287973511166778,1.0304566598043658
36,12,uncertain_to_control,0.9891401804193286,1.1510352352566462
36,13,uncertain_to_control,0.9818405609929822,1.230987801463898
36,14,uncertain_to_control,0.9510347601901564,1.1582201666593863
36,15,uncertain_to_control,0.9489638353076907,1.0289555374669412
36,16,uncertain_to_control,0.9631643193618128,1.0981275694803445
36,17,uncertain_to_control,0.9655867953892245,1.091848410495761
36,18,uncertain_to_control,0.9743819968050865,1.0941327097761637
36,19,uncertain_to_control,0.9681658946870237,1.1169208284073036
36,20,uncertain_to_control,0.973810329606476,1.1152563782231746
36,21,uncertain_to_control,0.9944144148815012,1.0729003884750343
36,22,uncertain_to_control,0.9926120478349445,1.0730525622248908
36,23,uncertain_to_control,0.9803052815045986,1.109966448202808
36,24,uncertain_to_control,0.9839485910425186,1.0455032376820148
36,25,uncertain_to_control,0.9860601420203171,1.0354787919102273
36,26,uncertain_to_control,0.9825148767924669,1.0428972622157247
36,27,uncertain_to_control,0.9963535564490115,1.0148441111018258
36,28,uncertain_to_control,0.9801371281614405,1.0469418174049698
36,29,uncertain_to_control,0.9803786793168331,1.03935125531953
36,30,uncertain_to_control,0.9806691365527025,1.0360904746141657
36,31,uncertain_to_control,1.0,1.0
37,0,control_to_uncertain,0.010001570020050492,-0.05100212852884875
37,1,control_to_uncertain,0.006340691970134436,-0.041391169017793134
37,2,control_to_uncertain,0.014310296276142586,-0.03238259529130488
37,3,control_to_uncertain,-0.0056676136607881076,-0.024718689306288368
37,4,control_to_uncertain,-0.04137733613229859,-0.013809165702623737
37,5,control_to_uncertain,-0.0396462468386317,-0.03615292263282615
37,6,control_to_uncertain,0.043747577017287285,-0.07610510297709028
37,7,control_to_uncertain,0.15970994243303904,-0.025230453018879148
37,8,control_to_uncertain,0.49710250617261253,0.10880606443962484
37,9,control_to_uncertain,0.5354113922083357,0.2266508218949663
37,10,control_to_uncertain,0.6829749909165015,0.3540976880175989
37,11,control_to_uncertain,0.7823618894893705,0.46051580801978254
37,12,control_to_uncertain,0.9079769187212392,0.5506565658283652
37,13,control_to_uncertain,0.9853513293519812,0.5215897343950955
37,14,control_to_uncertain,0.9554456879538195,0.5075694034125089
37,15,control_to_uncertain,0.9839093446350087,0.5773706580460329
37,16,control_to_uncertain,1.0783166871968501,0.9538150918048816
37,17,control_to_uncertain,1.075239606619374,0.9705589231878533
37,18,control_to_uncertain,1.0611850172735273,0.9653840858328407
37,19,control_to_uncertain,1.0243292925928782,1.012776110410181
37,20,control_to_uncertain,1.000747710475605,0.9948750972560766
37,21,control_to_uncertain,1.014508532801052,0.9886811248722284
37,22,control_to_uncertain,1.0196177113604772,1.0129333615019143
37,23,control_to_uncertain,0.9993985778290154,1.0027637420165307
37,24,control_to_uncertain,1.0000019178846447,0.9992207294422889
37,25,control_to_uncertain,0.9933338297788759,1.0008714613426684
37,26,control_to_uncertain,0.9933302585453996,1.0005063970629202
37,27,control_to_uncertain,0.992831476269881,1.0043125901370094
37,28,control_to_uncertain,0.9915528424174711,1.0003574023552955
37,29,control_to_uncertain,1.000224260235519,1.0000958401067332
37,30,control_to_uncertain,1.0000068117971863,0.999978269197026
37,31,control_to_uncertain,1.0,1.0
37,0,uncertain_to_control,0.022448376828091268,-0.0022047682996066097
37,1,uncertain_to_control,-0.006036442718142515,-0.03380226402601963
37,2,uncertain_to_control,-0.00668944937267316,-0.029772488070268038
37,3,uncertain_to_control,0.03484545090327738,-0.014893394063772113
37,4,uncertain_to_control,0.18968305699701854,0.09151973908240991
37,5,uncertain_to_control,0.21788756778234206,0.12376633521467705
37,6,uncertain_to_control,0.2854339769533754,0.43124636492048657
37,7,uncertain_to_control,0.30192540407514773,0.5367393735960638
37,8,uncertain_to_control,0.608216211204335,0.7725425624031547
37,9,uncertain_to_control,0.8571492060023705,0.8329126485459731
37,10,uncertain_to_control,0.8908542760825368,0.8176817334998393
37,11,uncertain_to_control,0.8515569685148152,0.7810165187458394
37,12,uncertain_to_control,0.9842404112050492,0.7987628568000521
37,13,uncertain_to_control,1.000225781316444,0.7951177622926908
37,14,uncertain_to_control,0.9915557853783914,0.8216689725646631
37,15,uncertain_to_control,1.0202777282140538,0.9063806624387595
37,16,uncertain_to_control,1.0383856014215096,0.9228345130990672
37,17,uncertain_to_control,1.0339337943575304,0.9194947066505075
37,18,uncertain_to_control,1.042065426849036,0.9934642463395899
37,19,uncertain_to_control,1.0069288542834895,0.9999331563142564
37,20,uncertain_to_control,1.0027359947135164,0.9938239604824357
37,21,uncertain_to_control,1.0069821913167971,0.9930962097615625
37,22,uncertain_to_control,0.9891339269428799,1.0030337257768835
37,23,uncertain_to_control,0.9977213877072588,1.0058658636793705
37,24,uncertain_to_control,0.9983295555414764,1.0142532931165964
37,25,uncertain_to_control,0.9971147078869897,1.0135873661999288
37,26,uncertain_to_control,1.0025872925196018,0.9991386940097853
37,27,uncertain_to_control,1.000384502804278,1.0024086184232492
37,28,uncertain_to_control,1.0022834400713294,1.0001118905174404
37,29,uncertain_to_control,1.000766393317402,0.999834343909244
37,30,uncertain_to_control,1.0017904445167216,0.9986141163890578
37,31,uncertain_to_control,1.0,1.0
38,0,control_to_uncertain,0.01172915043513105,-0.018314067495025527
38,1,control_to_uncertain,0.025118323848001604,-0.0075710725284056325
38,2,control_to_uncertain,0.0005467464628741166,-0.005540585878813765
38,3,control_to_uncertain,0.01310276099769719,-0.06435150233494677
38,4,control_to_uncertain,-0.02098616155926336,0.01926383808199813
38,5,control_to_uncertain,0.00623470818486649,0.04619666073589813
38,6,control_to_uncertain,0.06496220255373762,0.10913984566851795
38,7,control_to_uncertain,0.2351290357622545,0.2848553061406002
38,8,control_to_uncertain,0.6993027543791874,-0.05081005283388527
38,9,control_to_uncertain,0.7511647588092726,-0.011838801841768316
38,10,control_to_uncertain,0.8068922967020398,0.11835795561792035
38,11,control_to_uncertain,0.8253002968977174,0.29283353354405417
38,12,control_to_uncertain,0.91806873861994,0.6983327563375026
38,13,control_to_uncertain,0.9303148252461618,0.7318302012668797
38,14,control_to_uncertain,0.9523889942814636,0.7349238772480038
38,15,control_to_uncertain,0.993592814888194,0.9139903298786265
38,16,control_to_uncertain,1.0825300296897717,0.8554641485368477
38,17,control_to_uncertain,1.094884521391815,0.8837688389336784
38,18,control_to_uncertain,1.0755450738503396,0.9083597635447914
38,19,control_to_uncertain,1.0287023008673846,0.9801107546814344
38,20,control_to_uncertain,1.013029921419584,0.9783981108441568
38,21,control_to_uncertain,1.0161907094826699,0.9562158343855809
38,22,control_to_uncertain,0.9756044965580152,0.9961463916946347
38,23,control_to_uncertain,0.9827523972314486,0.9954246171434126
38,24,control_to_uncertain,0.9789777783533004,0.999870569546871
38,25,control_to_uncertain,0.9997350797566402,0.9992814040254326
38,26,control_to_uncertain,1.000127963851426,0.9978738589875265
38,27,control_to_uncertain,0.9899983165964169,1.002333238649377
38,28,control_to_uncertain,0.9998188003087679,1.0004723602559569
38,29,control_to_uncertain,0.9999876802195043,1.0008835403378904
38,30,control_to_uncertain,1.0,0.9997568982985584
38,31,control_to_uncertain,1.0,1.0
38,0,uncertain_to_control,0.017591117815949315,-0.001884747424654811
38,1,uncertain_to_control,-0.029752359822480055,-0.005564974770716195
38,2,uncertain_to_control,-0.06401106154422784,-0.012233272116521511
38,3,uncertain_to_control,-0.018745220464720106,-0.007497742467917022
38,4,uncertain_to_control,0.0901770163613879,0.0658627372963431
38,5,uncertain_to_control,0.14704179588947378,0.06698348263038566
38,6,uncertain_to_control,0.1562795629769194,0.053650838879850574
38,7,uncertain_to_control,0.12473004393395591,0.019796977476605825
38,8,uncertain_to_control,0.32380573666532136,0.03344623122701436
38,9,uncertain_to_control,0.5905451709697771,0.07974692350912724
38,10,uncertain_to_control,0.7550137909601228,0.14817428201151975
38,11,uncertain_to_control,0.7477362178525669,0.08388825241439632
38,12,uncertain_to_control,0.8616645570166636,0.2945346364745058
38,13,uncertain_to_control,0.9000705734579052,0.4627010665104985
38,14,uncertain_to_control,0.9482562474775924,0.5258075768117901
38,15,uncertain_to_control,0.9684610471921332,0.9784256040469044
38,16,uncertain_to_control,0.9939919038359301,0.9531229456220395
38,17,uncertain_to_control,0.9893384439739548,0.9484037990110528
38,18,uncertain_to_control,0.9929829857536576,0.9828394884737384
38,19,uncertain_to_control,0.9935626898774929,1.0577405381942226
38,20,uncertain_to_control,0.9986012103240121,1.055482382278443
38,21,uncertain_to_control,0.9788188801625276,1.0592695820967828
38,22,uncertain_to_control,0.9796792414756111,1.0479802284214303
38,23,uncertain_to_control,0.9868266475593166,1.0210104511006282
38,24,uncertain_to_control,0.982066805943134,1.0157663343340997
38,25,uncertain_to_control,0.9918212394454552,1.0055081465731408
38,26,uncertain_to_control,1.003551963575175,1.0048329812440806
38,27,uncertain_to_control,1.0032164518888291,0.999236666301675
38,28,uncertain_to_control,1.0032191496509815,1.000094347284631
38,29,uncertain_to_control,0.9883453078002735,1.0164499362591408
38,30,uncertain_to_control,1.0001598873702287,1.0008635034224358
38,31,uncertain_to_control,1.0,1.0
39,0,control_to_uncertain,0.07719633551955106,-0.02204021148267597
39,1,control_to_uncertain,0.17170244685980515,-0.039647868254112886
39,2,control_to_uncertain,0.1315837056100012,-0.041594744332947894
39,3,control_to_uncertain,-0.09072101615554871,0.02504971998951057
39,4,control_to_uncertain,-0.10682137691051999,-0.005781379206199887
39,5,control_to_uncertain,-0.09840121936342142,0.008225562127848713
39,6,control_to_uncertain,-0.3290015626906163,0.05111522931085891
39,7,control_to_uncertain,-0.6484672270664986,0.1867940114416936
39,8,control_to_uncertain,-0.642042912994731,0.23478112723739952
39,9,control_to_uncertain,-0.8732724716653402,0.27173220208325577
39,10,control_to_uncertain,-0.9831291862971203,0.270299958375952
39,11,control_to_uncertain,-0.5603465803798093,0.17473629903605892
39,12,control_to_uncertain,0.055967125404469645,0.08180301857767248
39,13,control_to_uncertain,-0.16945172215477028,0.08240962597819722
39,14,control_to_uncertain,-0.1921651978924009,0.1340854751750841
39,15,control_to_uncertain,-0.15555307048373698,0.3277413585182352
39,16,control_to_uncertain,0.7642076316232812,0.3222341932356858
39,17,control_to_uncertain,1.4623236889955211,0.2485249772094434
39,18,control_to_uncertain,1.071676813505365,0.49630260383446034
39,19,control_to_uncertain,1.97428458977919,0.7234233875814888
39,20,control_to_uncertain,2.0,0.6539520814376852
39,21,control_to_uncertain,2.0,0.7903719042381666
39,22,control_to_uncertain,0.90422202406195,1.1038726406800847
39,23,control_to_uncertain,0.9541275509907691,1.0545284654158917
39,24,control_to_uncertain,0.9165358373175166,1.0835019898690574
39,25,control_to_uncertain,0.9500962884645549,1.0523933613707446
39,26,control_to_uncertain,0.8997859288133427,1.1065421624227678
39,27,control_to_uncertain,0.9684172383945533,0.969897642487501
39,28,control_to_uncertain,0.9684408385084147,1.0194245913848916
39,29,control_to_uncertain,0.9994110863894876,0.9934093474863652
39,30,control_to_uncertain,1.0039089050128094,1.0250658690934384
39,31,control_to_uncertain,1.0,1.0
39,0,uncertain_to_control,-0.20873756092460163,-0.0028383921738233935
39,1,uncertain_to_control,0.20019613510012257,-0.1349901458381727
39,2,uncertain_to_control,0.14433030864591986,-0.0627889994442997
39,3,uncertain_to_control,-0.10582254747616751,0.04016442568439047
39,4,uncertain_to_control,0.28218329373355255,0.13253836962924653
39,5,uncertain_to_control,0.906072999146039,0.3852149499206662
39,6,uncertain_to_control,0.5773510070350124,0.3569897385813002
39,7,uncertain_to_control,0.8328374888897926,0.5102752149541986
39,8,uncertain_to_control,1.2342064407252278,0.27903523328075786
39,9,uncertain_to_control,0.5147119479025671,0.4787295981204582
39,10,uncertain_to_control,0.4091722387140625,0.2709857070804944
39,11,uncertain_to_control,0.18237151371856464,0.0605524020241351
39,12,uncertain_to_control,0.9786651339905541,0.4458538726406801
39,13,uncertain_to_control,1.1987187679723943,0.7520248409580632
39,14,uncertain_to_control,1.063363401088655,0.8234458038211133
39,15,uncertain_to_control,0.44988061973172844,1.1296696043063137
39,16,uncertain_to_control,0.5428073388366378,1.1700432197078103
39,17,uncertain_to_control,0.6172333840675268,1.1339892222377652
39,18,uncertain_to_control,0.6349124109004932,1.1080941875631793
39,19,uncertain_to_control,0.8805002788444223,1.0420167599892367
39,20,uncertain_to_control,0.9138240026954961,1.0342510730063557
39,21,uncertain_to_control,0.8311226683087505,1.0569958559902053
39,22,uncertain_to_control,0.809925046038376,1.0322701875563347
39,23,uncertain_to_control,0.8785647064291067,1.0318920204603799
39,24,uncertain_to_control,0.7726786201848506,1.031496741731124
39,25,uncertain_to_control,0.8865168555643985,1.0268036624028754
39,26,uncertain_to_control,0.872334276369678,1.0064044565537769
39,27,uncertain_to_control,0.9598994126839356,1.0045818537117914
39,28,uncertain_to_control,0.9911866282481018,1.0043931979546465
39,29,uncertain_to_control,1.017025485218341,1.002150076724286
39,30,uncertain_to_control,1.0133438674559514,0.9987298890182243
39,31,uncertain_to_control,1.0,1.0
40,0,control_to_uncertain,0.010460719792213583,0.02621448316290718
40,1,control_to_uncertain,-0.003652614370035667,-0.04870439691486566
40,2,control_to_uncertain,-0.013482643170339145,-0.056527340237707946
40,3,control_to_uncertain,0.03697901593925675,0.13362102422021108
40,4,control_to_uncertain,0.16616221341544307,0.19090321301006674
40,5,control_to_uncertain,0.12186475675751983,0.13603229620713062
40,6,control_to_uncertain,0.0897077962799774,0.02088595913687824
40,7,control_to_uncertain,0.21580952598135592,0.11627921916755511
40,8,control_to_uncertain,0.5558192521694341,0.5447051949856833
40,9,control_to_uncertain,0.6884001904696749,0.492476140597191
40,10,control_to_uncertain,0.7205381474163614,0.4523636562642543
40,11,control_to_uncertain,0.8364650247254035,0.4382291870120354
40,12,control_to_uncertain,0.9486996969751266,0.4774494146953534
40,13,control_to_uncertain,0.9506779645372396,0.38359108267680186
40,14,control_to_uncertain,0.9441462699960129,0.3166132007661774
40,15,control_to_uncertain,0.9328923790230701,0.24472597195733328
40,16,control_to_uncertain,0.9513203743731776,0.3332326277247734
40,17,control_to_uncertain,1.0231678379176183,0.24370920937902013
40,18,control_to_uncertain,1.0135810090657702,0.37440624376087184
40,19,control_to_uncertain,1.0547696238151525,0.5195591189155534
40,20,control_to_uncertain,1.030546818456012,0.5317621693412699
40,21,control_to_uncertain,1.0318373391871447,0.6401150127996235
40,22,control_to_uncertain,0.9862323038668204,0.7758246114299077
40,23,control_to_uncertain,0.9962835428155885,0.9999964071043893
40,24,control_to_uncertain,0.9997217340124652,0.9967661251551766
40,25,control_to_uncertain,0.997372264147631,0.9978506061998881
40,26,control_to_uncertain,0.9979626405062251,0.9993305835168003
40,27,control_to_uncertain,0.9916011633056661,1.0070759346301943
40,28,control_to_uncertain,0.9962377533555259,0.9996134456475488
40,29,control_to_uncertain,0.9980601919646194,1.0073745839980153
40,30,control_to_uncertain,1.0004167202837715,1.008810344507349
40,31,control_to_uncertain,1.0,1.0
40,0,uncertain_to_control,0.013728874634430887,0.0011260099004612911
40,1,uncertain_to_control,-0.022123729636585526,0.020857260771189687
40,2,uncertain_to_control,-0.0005609661322692804,0.025413625835295592
40,3,uncertain_to_control,-0.001174780178919148,0.005100711148727305
40,4,uncertain_to_control,0.15382742875531036,-0.03889105214256506
40,5,uncertain_to_control,0.19774648891668833,-0.03994404831152588
40,6,uncertain_to_control,0.2509318517094762,-0.05232881772060556
40,7,uncertain_to_control,0.23767978471352358,-0.04009615950549858
40,8,uncertain_to_control,0.23116112116488385,-0.019269048593984813
40,9,uncertain_to_control,0.5305540578963381,-0.045878848832303996
40,10,uncertain_to_control,0.5545471015181287,-0.04236852710176262
40,11,uncertain_to_control,0.6337332762141492,-0.05526951765949856
40,12,uncertain_to_control,0.8386136906141923,-0.044253327883720064
40,13,uncertain_to_control,0.8715109743580833,0.012058447577184604
40,14,uncertain_to_control,0.8172110997270912,0.062490068577983796
40,15,uncertain_to_control,1.010372489113239,1.0234303384983432
40,16,uncertain_to_control,1.000542822284952,1.0482159064692398
40,17,uncertain_to_control,1.0513736023581752,1.0513771528556581
40,18,uncertain_to_control,0.9874592532625895,1.129110856088197
40,19,uncertain_to_control,1.00116392101843,1.1277413625512742
40,20,uncertain_to_control,1.061692248133989,1.1815608959563466
40,21,uncertain_to_control,1.0583258178893449,1.2144631466258997
40,22,uncertain_to_control,0.9781299675003425,1.0263480922884607
40,23,uncertain_to_control,0.9959669077943253,1.013844170454745
40,24,uncertain_to_control,0.9898964560948758,1.0364268364644642
40,25,uncertain_to_control,1.002560228071328,1.0220743205599205
40,26,uncertain_to_control,0.9904038956152339,0.9990311188035912
40,27,uncertain_to_control,0.9870318095578349,1.0137750721730745
40,28,uncertain_to_control,0.9933143316123374,1.0085812324533305
40,29,uncertain_to_control,1.0029010247246795,1.0110120727295613
40,30,uncertain_to_control,0.9981448481699329,1.002566743120678
40,31,uncertain_to_control,1.0,1.0
41,0,control_to_uncertain,0.0023575026674886993,-0.0035532654027619474
41,1,control_to_uncertain,0.011635691562329159,-0.0035701588991300707
41,2,control_to_uncertain,0.01186344632424013,-0.002939075496044904
41,3,control_to_uncertain,0.09016635556093991,-0.016982416399394337
41,4,control_to_uncertain,0.018641371464657594,-0.06859388120671783
41,5,control_to_uncertain,0.04924174636499555,-0.07717931320980155
41,6,control_to_uncertain,0.06803940365113911,-0.10889678716228507
41,7,control_to_uncertain,0.1638981697100487,-0.16344235108687838
41,8,control_to_uncertain,0.3518659912726568,-0.2908166945558048
41,9,control_to_uncertain,0.404763217035791,-0.30477530606264125
41,10,control_to_uncertain,0.5389744176110077,-0.30345708951658285
41,11,control_to_uncertain,0.8235014185280819,-0.24764333474835462
41,12,control_to_uncertain,0.9090445689947759,-0.1721164412065607
41,13,control_to_uncertain,0.8341889643204685,-0.14003516777414968
41,14,control_to_uncertain,0.7158479789781427,0.07242602025689
41,15,control_to_uncertain,0.714170646702862,0.14421100435314463
41,16,control_to_uncertain,0.775921844360095,0.044957522555661884
41,17,control_to_uncertain,0.7854824173368004,0.2788861538358284
41,18,control_to_uncertain,0.8408981166276756,0.7327132367050987
41,19,control_to_uncertain,0.9024787081562503,0.6880489931038276
41,20,control_to_uncertain,0.9069945551451825,0.6893954964345024
41,21,control_to_uncertain,0.9176908522363966,0.853235777757052
41,22,control_to_uncertain,0.9713362256523287,0.9755637703091808
41,23,control_to_uncertain,1.0008365004121729,1.0015142433086632
41,24,control_to_uncertain,0.989337558943644,0.9895616935713739
41,25,control_to_uncertain,0.9893410948219581,0.9889804476195414
41,26,control_to_uncertain,0.9940809397020925,1.0000716418477278
41,27,control_to_uncertain,0.9938224669973272,0.9879835594523184
41,28,control_to_uncertain,1.0044956040855837,1.0022228452699375
41,29,control_to_uncertain,1.0150202342846453,0.9906913479229901
41,30,control_to_uncertain,1.0041869219087574,1.0013577329222527
41,31,control_to_uncertain,1.0,1.0
41,0,uncertain_to_control,0.01717384936884351,0.009840216089426508
41,1,uncertain_to_control,0.02261185342210922,0.01798642537177253
41,2,uncertain_to_control,0.02776628003457912,0.015405730995870384
41,3,uncertain_to_control,0.049298983395206046,-0.012316259184048217
41,4,uncertain_to_control,0.2247429007629674,-0.0014967359497817902
41,5,uncertain_to_control,0.20342341086468446,-0.00539618707075408
41,6,uncertain_to_control,0.11924590499987779,-0.02060121776408437
41,7,uncertain_to_control,0.11798642514437323,-0.03472745466124018
41,8,uncertain_to_control,0.2780246090942879,-0.004243320531298824
41,9,uncertain_to_control,0.4801682088031613,0.053295011397176045
41,10,uncertain_to_control,0.5580507021083072,0.08019633287537825
41,11,uncertain_to_control,0.6128907604096369,0.13747309389448661
41,12,uncertain_to_control,0.7365222594810489,0.3352499539705425
41,13,uncertain_to_control,0.7858993415885189,0.5215891476310288
41,14,uncertain_to_control,0.8630441622803728,0.40844764033091446
41,15,uncertain_to_control,0.9482853045405584,0.9757362902299402
41,16,uncertain_to_control,0.92929794738286,1.0576213588796175
41,17,uncertain_to_control,0.9851284935969442,0.9695985163188596
41,18,uncertain_to_control,1.0116318020961836,0.9426840336283706
41,19,uncertain_to_control,1.0120063400066113,0.9476512453899437
41,20,uncertain_to_control,1.0078294953510494,0.9404383117487678
41,21,uncertain_to_control,1.0115427863596245,0.9589653699284879
41,22,uncertain_to_control,0.9965960099469561,0.959242017301183
41,23,uncertain_to_control,1.0140044206434653,0.960837339570613
41,24,uncertain_to_control,1.019033058384909,0.9533023163610852
41,25,uncertain_to_control,1.0231505886817507,0.9508029301212881
41,26,uncertain_to_control,1.0224959208118836,0.9553555964351612
41,27,uncertain_to_control,1.0292358352604238,0.9544001317103409
41,28,uncertain_to_control,1.0267734496024412,0.9546213186511607
41,29,uncertain_to_control,1.0269497131364023,0.9533004829583787
41,30,uncertain_to_control,1.0041368450321329,0.9972751707059571
41,31,uncertain_to_control,1.0,1.0
42,0,control_to_uncertain,-0.006717955259019742,-0.0010858049712260034
42,1,control_to_uncertain,-0.014705047723027914,0.0022961384405185176
42,2,control_to_uncertain,-0.023255617755130385,0.0024003335121575756
42,3,control_to_uncertain,-0.017855825966315946,-0.004421036457393943
42,4,control_to_uncertain,-0.06908514629236952,0.03275978782454209
42,5,control_to_uncertain,-0.04532221583615623,0.048286941796611
42,6,control_to_uncertain,-0.09031086427936877,0.043710601925476565
42,7,control_to_uncertain,0.030960528959773567,0.10238924355147364
42,8,control_to_uncertain,0.6890766059287681,0.16272879638535426
42,9,control_to_uncertain,0.6898357755807666,0.11141871372063344
42,10,control_to_uncertain,0.4772226095683931,0.1912173006903803
42,11,control_to_uncertain,0.5693019002014029,0.1222794012828084
42,12,control_to_uncertain,0.615054969003719,0.1427229029890027
42,13,control_to_uncertain,0.6754674810729708,0.08085856299388931
42,14,control_to_uncertain,0.8100737234675576,0.06820259874378992
42,15,control_to_uncertain,0.8436997237420102,0.19533998533135627
42,16,control_to_uncertain,1.0359520045252835,0.9557886737099458
42,17,control_to_uncertain,1.0091197112842651,0.9649258698227662
42,18,control_to_uncertain,0.9641840418857756,0.9855689551003872
42,19,control_to_uncertain,0.9486279076380562,0.9863508886916363
42,20,control_to_uncertain,0.9288660159958957,0.9941780591557627
42,21,control_to_uncertain,0.9659047399017988,0.9931749858133134
42,22,control_to_uncertain,0.9985506868455863,0.9942364318892314
42,23,control_to_uncertain,0.9998421248065941,0.9997869833152696
42,24,control_to_uncertain,1.00010878993148,0.9961037102018516
42,25,control_to_uncertain,1.014575608943382,0.9967731607893722
42,26,control_to_uncertain,1.01260818669013,0.9967960633717063
42,27,control_to_uncertain,0.9846299413726104,0.9965110450622802
42,28,control_to_uncertain,0.9981012499160772,0.9960075317209696
42,29,control_to_uncertain,1.0017326153512505,0.9955732653746258
42,30,control_to_uncertain,1.000074925820488,1.000113022251693
42,31,control_to_uncertain,1.0,1.0
42,0,uncertain_to_control,-0.0009981063236330552,0.0016743683640901138
42,1,uncertain_to_control,-0.027991932554018273,0.00846590452588
42,2,uncertain_to_control,-0.043747593671729805,0.0070636880834800365
42,3,uncertain_to_control,-0.04179645451017451,-0.004295755759937633
42,4,uncertain_to_control,-0.06039670095122754,0.03486322583325557
42,5,uncertain_to_control,0.07169822852941617,0.017341486377868264
42,6,uncertain_to_control,0.12622912268707828,-0.012751548527810467
42,7,uncertain_to_control,0.012973258325704076,-0.013738262392206737
42,8,uncertain_to_control,0.23344867976574532,-0.0031255052444303173
42,9,uncertain_to_control,0.6594719393362799,0.09333100433167929
42,10,uncertain_to_control,0.6609666799566587,0.07156124801735353
42,11,uncertain_to_control,0.6471774971448543,0.044820449799572865
42,12,uncertain_to_control,0.8390309011782705,0.5228339432811709
42,13,uncertain_to_control,0.8453423691119661,0.27560777985471824
42,14,uncertain_to_control,0.862645395914525,0.37437028202682276
42,15,uncertain_to_control,1.0358279344461607,0.998290233613484
42,16,uncertain_to_control,1.017448158706811,1.020904630844445
42,17,uncertain_to_control,1.0272066863566216,1.0410426365573684
42,18,uncertain_to_control,1.0202291455778014,1.0269845451670798
42,19,uncertain_to_control,1.0205820638913121,0.9971868429761586
42,20,uncertain_to_control,0.9964229705338576,1.004202864287348
42,21,uncertain_to_control,0.9957609094649482,0.9951585562124168
42,22,uncertain_to_control,1.0006857187492368,0.9981296544999136
42,23,uncertain_to_control,1.0006991110021901,0.9991688574559762
42,24,uncertain_to_control,1.000941115502695,0.9993603213956337
42,25,uncertain_to_control,1.0007008219067524,0.9984742236450491
42,26,uncertain_to_control,0.9999640120074822,0.9982056025953805
42,27,uncertain_to_control,1.0016506099256772,0.9971742032786496
42,28,uncertain_to_control,1.0011904355951216,0.999390546759242
42,29,uncertain_to_control,0.9999985250822738,0.9998690966979724
42,30,uncertain_to_control,1.000000235986836,1.0010289812876423
42,31,uncertain_to_control,1.0,1.0
43,0,control_to_uncertain,0.007371752823713149,0.016080025198162744
43,1,control_to_uncertain,0.044150444562567094,-0.004033186857337105
43,2,control_to_uncertain,0.03933823752828003,-0.007343070659231023
43,3,control_to_uncertain,0.052170640675553506,0.009635019663365682
43,4,control_to_uncertain,-0.021438128536902464,0.09473865802230581
43,5,control_to_uncertain,-0.01496549202153804,0.0721536286243163
43,6,control_to_uncertain,-0.11346756657535793,0.06551981877977683
43,7,control_to_uncertain,0.2846787578343138,0.1607216154334183
43,8,control_to_uncertain,0.5672602627589439,0.17525661117869915
43,9,control_to_uncertain,0.8161605186688395,0.16943386839430058
43,10,control_to_uncertain,0.4923497811771998,0.20184846631843292
43,11,control_to_uncertain,0.3205978332557036,0.25920048810828855
43,12,control_to_uncertain,0.7156640520413273,0.16471139900115947
43,13,control_to_uncertain,0.8465883804253058,0.1476545444736195
43,14,control_to_uncertain,0.9078532237533284,0.1607507211687944
43,15,control_to_uncertain,0.9898724525633706,0.1918427953275912
43,16,control_to_uncertain,1.118043131130318,0.288656513562786
43,17,control_to_uncertain,1.1883445357213966,0.33835679071034286
43,18,control_to_uncertain,1.1963768856777324,0.38423042959634574
43,19,control_to_uncertain,1.132210759082585,0.5962149682595094
43,20,control_to_uncertain,1.1311614176957814,0.9487095507869631
43,21,control_to_uncertain,1.1513966732071026,0.86774045873224
43,22,control_to_uncertain,1.0340897432643579,0.9773401477987328
43,23,control_to_uncertain,1.010220488591652,0.95765062844373
43,24,control_to_uncertain,0.9916079499004279,1.0158121534987337
43,25,control_to_uncertain,0.9906569116583598,1.017448744744153
43,26,control_to_uncertain,1.0174003715501405,0.9969079145435823
43,27,control_to_uncertain,1.0136988113183738,0.9991294927730411
43,28,control_to_uncertain,1.013680938019331,0.9993846147561515
43,29,control_to_uncertain,1.011199051714246,1.0174454894974332
43,30,control_to_uncertain,1.011161517786256,0.998461241684181
43,31,control_to_uncertain,1.0,1.0
43,0,uncertain_to_control,0.06998540466400163,0.0006829316132822428
43,1,uncertain_to_control,0.37816424417929206,0.33642229651879607
43,2,uncertain_to_control,0.45847594736527914,0.6214382953383543
43,3,uncertain_to_control,0.6397901102746805,0.8687098999281309
43,4,uncertain_to_control,0.7512983164424699,1.0177511795043412
43,5,uncertain_to_control,0.7562964057868022,1.0644781398294738
43,6,uncertain_to_control,0.8511057673918817,1.0721808195086808
43,7,uncertain_to_control,0.875569666723742,1.083384612777472
43,8,uncertain_to_control,0.839189996386019,1.0482950956468877
43,9,uncertain_to_control,0.845573177039674,1.0526165314098357
43,10,uncertain_to_control,0.8874622024408492,1.0805253572469715
43,11,uncertain_to_control,0.9656868404976069,1.0658895126817471
43,12,uncertain_to_control,1.0087516608763136,1.0168426465277105
43,13,uncertain_to_control,1.0232186665875476,1.0032197581476152
43,14,uncertain_to_control,1.0637634411677126,0.9909557757020757
43,15,uncertain_to_control,1.0156879307688484,0.9830987590313349
43,16,uncertain_to_control,1.0307979284131477,0.9835022819678433
43,17,uncertain_to_control,1.0154041027800487,0.9843694541626236
43,18,uncertain_to_control,1.0093027840522988,0.9930618565013524
43,19,uncertain_to_control,1.0089076054104622,1.0037053643641536
43,20,uncertain_to_control,0.9941660658259305,1.0208788971466662
43,21,uncertain_to_control,1.0101054739123114,1.0058536995424192
43,22,uncertain_to_control,0.9884710071854237,1.0169745159340418
43,23,uncertain_to_control,1.0003204682518376,1.0159466239110222
43,24,uncertain_to_control,0.996797194178023,1.0162021926927018
43,25,uncertain_to_control,1.0023619564685078,0.9986892206542022
43,26,uncertain_to_control,1.002424244915672,0.9973739733227106
43,27,uncertain_to_control,1.0014036795403274,0.999169465287908
43,28,uncertain_to_control,1.0014024284093943,0.9996655393566429
43,29,uncertain_to_control,1.0014036795403274,0.9989283217171823
43,30,uncertain_to_control,0.999093645005539,1.000624241429777
43,31,uncertain_to_control,1.0,1.0
44,0,control_to_uncertain,-0.006444069518612812,0.001283159247210022
44,1,control_to_uncertain,-0.010786022442147014,-0.0025825773181520992
44,2,control_to_uncertain,-0.024936177750003855,0.03471355453865467
44,3,control_to_uncertain,-0.06977449886286687,0.04691507734652455
44,4,control_to_uncertain,-0.1266803125959324,0.13647946401902186
44,5,control_to_uncertain,-0.08592248588099084,0.12352488400898808
44,6,control_to_uncertain,-0.036450204216273714,0.10433480363003192
44,7,control_to_uncertain,0.23990613365282187,0.29569117829224884
44,8,control_to_uncertain,0.45193854953457396,0.5614530816628398
44,9,control_to_uncertain,0.49453350176801686,0.5352458700374267
44,10,control_to_uncertain,0.51380700032191,0.5150482255224414
44,11,control_to_uncertain,0.5801446256217414,0.5358978327712368
44,12,control_to_uncertain,0.5579951330403472,0.6539417224195415
44,13,control_to_uncertain,0.642255727832372,0.7812858202210347
44,14,control_to_uncertain,0.6485660579567227,0.5810349835958932
44,15,control_to_uncertain,0.6662378680507632,0.6093087561090317
44,16,control_to_uncertain,0.700837264332828,0.45287689824785415
44,17,control_to_uncertain,0.7996421177593278,0.4905278266146159
44,18,control_to_uncertain,0.9049407949433772,0.8101308247739077
44,19,control_to_uncertain,0.9529145286855577,1.0343437065433636
44,20,control_to_uncertain,0.9087042055765546,1.0318376342349012
44,21,control_to_uncertain,0.9024600485899897,1.0745562447848012
44,22,control_to_uncertain,0.9824210810700544,1.0812342346758372
44,23,control_to_uncertain,1.0066270158551833,1.0488565177318168
44,24,control_to_uncertain,1.0004987862453412,1.029186600829699
44,25,control_to_uncertain,1.000458783837236,1.0292399651867998
44,26,control_to_uncertain,1.0017992625426704,1.0229216011593025
44,27,control_to_uncertain,1.0079323680679284,1.024294224181652
44,28,control_to_uncertain,1.0085057359174359,1.022300023108457
44,29,control_to_uncertain,1.012936649420189,1.0253027541883977
44,30,control_to_uncertain,0.9935604581171305,1.003499752052938
44,31,control_to_uncertain,1.0,1.0
44,0,uncertain_to_control,-0.015130512831866992,0.014223251196492473
44,1,uncertain_to_control,0.025269133116968732,0.02575687440372575
44,2,uncertain_to_control,-0.013227612209491217,-0.002796920128045481
44,3,uncertain_to_control,-0.008526682452028207,-0.018282564351337727
44,4,uncertain_to_control,0.10533096768511935,0.07883742649220787
44,5,uncertain_to_control,0.2182267191209023,0.10542470824466439
44,6,uncertain_to_control,0.2456493152075324,0.11852320299149478
44,7,uncertain_to_control,0.20475834614919605,0.04771457683231913
44,8,uncertain_to_control,0.5145830669408457,0.11876129012317507
44,9,uncertain_to_control,0.9733687450836592,0.5727204465091541
44,10,uncertain_to_control,0.8576272501976487,0.44304087331454556
44,11,uncertain_to_control,0.8147815365999644,0.49829326619887937
44,12,uncertain_to_control,1.0876255237255577,0.8046328471864548
44,13,uncertain_to_control,1.0879579317958943,0.8399972376097501
44,14,uncertain_to_control,1.0694110939016728,0.7237316769294455
44,15,uncertain_to_control,1.1334445008878644,0.8129827995328084
44,16,uncertain_to_control,1.1326722155910878,0.8471617446297387
44,17,uncertain_to_control,1.1212613794163728,0.8820007013831188
44,18,uncertain_to_control,1.1150616032109395,0.9113013554466214
44,19,uncertain_to_control,1.108194025610497,0.9290569568327425
44,20,uncertain_to_control,1.147468927233928,0.928139057694919
44,21,uncertain_to_control,1.1012733104828698,0.9322087539599693
44,22,uncertain_to_control,1.0714381811044347,0.9735620257625086
44,23,uncertain_to_control,1.0207580655352884,0.9959586359426411
44,24,uncertain_to_control,1.0009350314123389,0.9976025479025594
44,25,uncertain_to_control,0.9997435168982809,1.000571312528961
44,26,uncertain_to_control,1.0007641753558298,1.0011012535955544
44,27,uncertain_to_control,1.0036364875696497,0.9994998399471733
44,28,uncertain_to_control,1.015726966648241,0.9853778441974874
44,29,uncertain_to_control,1.0155119288275563,0.9908926440332572
44,30,uncertain_to_control,1.013853470781077,0.9872072033350228
44,31,uncertain_to_control,1.0,1.0
45,0,control_to_uncertain,0.007504903885943201,-0.001095241080038681
45,1,control_to_uncertain,0.017369802882051706,-0.006174334322602763
45,2,control_to_uncertain,0.01680625997199586,-0.007796970737114514
45,3,control_to_uncertain,0.018603414734561365,-0.01352994384832936
45,4,control_to_uncertain,0.06352868316611177,0.008097474171804541
45,5,control_to_uncertain,0.09482757712203721,0.005559775538846526
45,6,control_to_uncertain,0.2154088105547363,0.2808093717878871
45,7,control_to_uncertain,0.27490469740283735,0.12447197222681447
45,8,control_to_uncertain,0.5914149678121011,0.13298175312691254
45,9,control_to_uncertain,0.6984700736496222,0.21769338390118106
45,10,control_to_uncertain,0.802673654118667,0.25546682990734637
45,11,control_to_uncertain,0.9016561416956064,0.2144571970147507
45,12,control_to_uncertain,0.9601987171560834,0.3506912042599108
45,13,control_to_uncertain,1.115500477391189,0.6963219491595248
45,14,control_to_uncertain,1.1209690479084364,0.5135015422569432
45,15,control_to_uncertain,1.1649663191558572,0.9584387393843699
45,16,control_to_uncertain,1.1153724353835746,0.9983729842381579
45,17,control_to_uncertain,1.1169501271989326,0.9958922074955555
45,18,control_to_uncertain,1.0895098818922255,1.005481271326519
45,19,control_to_uncertain,1.0785739703420285,1.0131292287551308
45,20,control_to_uncertain,1.0771028923793753,1.0112442036651121
45,21,control_to_uncertain,1.0470350634870564,1.0140687094442962
45,22,control_to_uncertain,0.9936914282462426,1.0001197470767464
45,23,control_to_uncertain,1.0338298752038309,1.0006138176634387
45,24,control_to_uncertain,1.029334792789742,0.9998204467594548
45,25,control_to_uncertain,1.0391301820128556,0.9946179265050616
45,26,control_to_uncertain,1.0277163523519333,1.0003642750734343
45,27,control_to_uncertain,1.0164607748842354,1.0003845580286157
45,28,control_to_uncertain,1.0168875815762832,0.9997570889930957
45,29,control_to_uncertain,1.0191278776079997,0.9994594024572746
45,30,control_to_uncertain,1.0000804434012172,1.0001301708858865
45,31,control_to_uncertain,1.0,1.0
45,0,uncertain_to_control,-0.0058133530425521,0.0036561839411348215
45,1,uncertain_to_control,-0.013851457922480664,0.003298200369616273
45,2,uncertain_to_control,-0.031407176394463526,0.0009631772894452234
45,3,uncertain_to_control,-0.03599921242748677,0.0017263708007629536
45,4,uncertain_to_control,0.1142572931252156,0.004255041240762974
45,5,uncertain_to_control,0.1050517929042597,-0.0032513429573378322
45,6,uncertain_to_control,0.07423661319932189,-0.0022108581563375727
45,7,uncertain_to_control,0.07908824605985411,0.007539487572280125
45,8,uncertain_to_control,0.08300696379906433,0.026613742890494556
45,9,uncertain_to_control,0.6448632409487123,0.1643289256106128
45,10,uncertain_to_control,0.8327989614019212,0.19885173448831406
45,11,uncertain_to_control,0.8882082180838171,0.15539618638285357
45,12,uncertain_to_control,0.9368041118872865,0.2259654705114145
45,13,uncertain_to_control,0.9550616024325522,0.245547370788889
45,14,uncertain_to_control,0.8839852468909855,0.3008589446521754
45,15,uncertain_to_control,0.8825094705419075,0.7997752903947621
45,16,uncertain_to_control,0.8996324544511196,0.8887997665862414
45,17,uncertain_to_control,0.9368478024900219,0.9294206032686659
45,18,uncertain_to_control,1.0040814487680918,0.9152970445042526
45,19,uncertain_to_control,0.9581292096664163,1.000083775470689
45,20,uncertain_to_control,0.9532663358065874,1.0161405353540685
45,21,uncertain_to_control,0.9521035510316779,0.997090650381877
45,22,uncertain_to_control,0.9607975857846323,1.0135596143275318
45,23,uncertain_to_control,1.0010515603560868,0.9945172239746545
45,24,uncertain_to_control,1.0024771034895574,1.0062941455656105
45,25,uncertain_to_control,1.0053297266118715,1.0049895684748669
45,26,uncertain_to_control,1.0155808593181912,0.998129425152015
45,27,uncertain_to_control,1.001637936545964,1.0015241797032484
45,28,uncertain_to_control,1.0053268285417403,1.0000125252541963
45,29,uncertain_to_control,0.9973409767444802,1.0017636995232457
45,30,uncertain_to_control,0.9987895727085399,1.0011457527608953
45,31,uncertain_to_control,1.0,1.0
46,0,control_to_uncertain,-0.0022544010805692605,0.007765195439459298
46,1,control_to_uncertain,-0.005332331477457071,0.00902463935949913
46,2,control_to_uncertain,0.005408378864861415,-0.002225689422454464
46,3,control_to_uncertain,-0.0028646281234303746,0.04467836044317715
46,4,control_to_uncertain,-0.025851548198155806,0.07278605091269513
46,5,control_to_uncertain,-0.023156626653729258,0.09062267151011409
46,6,control_to_uncertain,-0.023737489421649535,0.09311124763286416
46,7,control_to_uncertain,-0.053753378581810535,0.13049535515582572
46,8,control_to_uncertain,-0.09701325435312418,0.21689874670372472
46,9,control_to_uncertain,-0.1363518951608396,0.26001772005538076
46,10,control_to_uncertain,-0.13159553616146233,0.26896578662110227
46,11,control_to_uncertain,-0.09731512270525966,0.2802227808068666
46,12,control_to_uncertain,0.057374356509971865,0.34621742003682676
46,13,control_to_uncertain,0.738205882915013,0.9981542187572437
46,14,control_to_uncertain,0.8445903748999857,1.011812027915584
46,15,control_to_uncertain,0.8796542488460719,1.0482380133970253
46,16,control_to_uncertain,0.9988269614434224,1.0308867869458622
46,17,control_to_uncertain,1.034829230177334,1.0165551173647676
46,18,control_to_uncertain,1.0346654392715244,1.0162561065563194
46,19,control_to_uncertain,1.034524995555921,1.0152890477159398
46,20,control_to_uncertain,1.0112759717208737,1.0021599280723579
46,21,control_to_uncertain,1.0229176559925837,1.0020126940631824
46,22,control_to_uncertain,1.0113954119796507,1.0020200141048674
46,23,control_to_uncertain,1.0113609771276861,1.0039449073428528
46,24,control_to_uncertain,1.0115602846085587,0.9939493805032852
46,25,control_to_uncertain,1.0116412335537524,0.9932454860883599
46,26,control_to_uncertain,1.0116411434101609,1.0004826268134237
46,27,control_to_uncertain,1.0000144229746448,0.9974191992870239
46,28,control_to_uncertain,1.000066345683366,0.999373174316636
46,29,control_to_uncertain,1.0000921267505434,0.9986934816655472
46,30,control_to_uncertain,1.0000278543697827,1.0007268265780358
46,31,control_to_uncertain,1.0,1.0
46,0,uncertain_to_control,-5.0209980482109565e-05,0.000413374061331118
46,1,uncertain_to_control,-0.03530645035089294,0.012662065276560995
46,2,uncertain_to_control,-0.04704080223469569,0.017270517536270756
46,3,uncertain_to_control,0.29540672427923886,-0.007526034402727944
46,4,uncertain_to_control,0.3061600434564226,-0.022964835491783513
46,5,uncertain_to_control,-0.023159240817883623,-0.05433162078081675
46,6,uncertain_to_control,-0.14113583809922503,-0.043147628636788636
46,7,uncertain_to_control,-0.2504539631269442,-0.019429533083106933
46,8,uncertain_to_control,-0.13241426533153192,0.09179552469314892
46,9,uncertain_to_control,0.22673574189798415,0.19809320253986007
46,10,uncertain_to_control,0.4924511502863141,0.2535545199977885
46,11,uncertain_to_control,0.6336563538792213,0.37111534165877974
46,12,uncertain_to_control,0.9148497098998938,0.8693325345957766
46,13,uncertain_to_control,0.9713483101502045,0.9133241997463616
46,14,uncertain_to_control,0.9459484658552301,0.8411730285466351
46,15,uncertain_to_control,0.9960980444970402,1.1042370761936395
46,16,uncertain_to_control,0.9895739358639164,1.1105810329705588
46,17,uncertain_to_control,0.9947139121849977,1.0869487644096956
46,18,uncertain_to_control,1.0012185498023511,1.0647386867119164
46,19,uncertain_to_control,0.9917040401997149,1.0450260723419684
46,20,uncertain_to_control,0.9928272406181254,1.0456580161032585
46,21,uncertain_to_control,0.9953643432696812,1.042185420067932
46,22,uncertain_to_control,0.9961999518272647,1.036374854295959
46,23,uncertain_to_control,0.9990404665399608,1.0331378485453222
46,24,uncertain_to_control,0.9906511517826977,0.99129656962414
46,25,uncertain_to_control,0.9901933012133688,0.9889525692840457
46,26,uncertain_to_control,0.9920687837069425,0.9958611016337401
46,27,uncertain_to_control,0.9903559540563354,0.999288388793163
46,28,uncertain_to_control,0.9903437283317342,1.000531407253812
46,29,uncertain_to_control,0.9908858518911945,0.9910090050597358
46,30,uncertain_to_control,0.99986962983075,1.006900200594931
46,31,uncertain_to_control,1.0,1.0
47,0,control_to_uncertain,-0.0030095077489438317,0.0023723008764381893
47,1,control_to_uncertain,-0.001549416266666933,0.01621938068805672
47,2,control_to_uncertain,0.004374896281107898,0.003960328318360469
47,3,control_to_uncertain,0.012001929655803727,0.02987656098912825
47,4,control_to_uncertain,-0.012599389119811866,0.03696640726720607
47,5,control_to_uncertain,-0.015617645781059253,0.037646784312972865
47,6,control_to_uncertain,-0.02861823962287486,0.05051731022061965
47,7,control_to_uncertain,-0.07612208530657535,-0.0006292946546318092
47,8,control_to_uncertain,-0.10196593212194498,0.00995832456106301
47,9,control_to_uncertain,-0.07786552346400848,0.06633899862063114
47,10,control_to_uncertain,0.06804946929151641,0.04492775665618708
47,11,control_to_uncertain,0.39101709132759827,0.43675264044735473
47,12,control_to_uncertain,0.7407320490810331,0.9183490907117927
47,13,control_to_uncertain,0.7971633707581744,0.9851117557176564
47,14,control_to_uncertain,0.9661453377685059,1.0176045125520545
47,15,control_to_uncertain,0.9999954484186299,1.0288770813368753
47,16,control_to_uncertain,0.9888502573420094,1.0221652844358449
47,17,control_to_uncertain,1.0449338983176937,1.0218861620977027
47,18,control_to_uncertain,1.0449317513453493,1.0185792626992773
47,19,control_to_uncertain,1.0337838980230216,1.014756155175606
47,20,control_to_uncertain,1.033437290807737,1.0099242335585048
47,21,control_to_uncertain,1.0447435906890834,1.0121470931882786
47,22,control_to_uncertain,1.0335623304770765,1.0104458980479167
47,23,control_to_uncertain,1.0223927497946232,1.0104562065177378
47,24,control_to_uncertain,1.022286517603021,1.013399522668244
47,25,control_to_uncertain,1.0222885786964715,1.0097923969777118
47,26,control_to_uncertain,1.0222881493020026,1.0093977530385725
47,27,control_to_uncertain,1.022272605222229,1.0088470841406347
47,28,control_to_uncertain,1.022274494557892,1.0052948377491944
47,29,control_to_uncertain,1.022288406938684,1.009349917409586
47,30,control_to_uncertain,1.011083701788676,1.0002038605877852
47,31,control_to_uncertain,1.0,1.0
47,0,uncertain_to_control,-0.010951104776683906,-0.0002570533743166107
47,1,uncertain_to_control,0.00028434501729638495,0.006497492561667918
47,2,uncertain_to_control,0.011358342490975497,0.002143674708487657
47,3,uncertain_to_control,-0.01052299849120445,-0.005210566233875677
47,4,uncertain_to_control,0.4035301506894406,0.021446694803347946
47,5,uncertain_to_control,0.4817620442491644,0.05341219550241191
47,6,uncertain_to_control,0.46001291382395454,0.05962635395392859
47,7,uncertain_to_control,0.4275679965732604,0.09233964710725757
47,8,uncertain_to_control,0.7355887084584065,0.5645778105307937
47,9,uncertain_to_control,0.8484758809717244,0.8074124589951979
47,10,uncertain_to_control,0.8756549513578188,0.8590654144650613
47,11,uncertain_to_control,0.9194969639503054,1.0788910532366538
47,12,uncertain_to_control,0.9785883306878876,1.141250603717384
47,13,uncertain_to_control,0.988924027311764,1.0699315048627118
47,14,uncertain_to_control,0.9990526913924669,1.0609277283732812
47,15,uncertain_to_control,1.0027731046240986,1.1196746426866104
47,16,uncertain_to_control,0.9882637367020961,1.0492515058843597
47,17,uncertain_to_control,0.9881439893195855,1.0082633704190531
47,18,uncertain_to_control,0.9898309943089453,1.0114065247797939
47,19,uncertain_to_control,0.9936163105145491,0.9901053119770459
47,20,uncertain_to_control,0.9846930855263502,1.0063909987632
47,21,uncertain_to_control,0.9950191315095382,0.9871116529756719
47,22,uncertain_to_control,0.9862874808636329,1.0008136385943915
47,23,uncertain_to_control,0.9871401187256383,1.0050448911764693
47,24,uncertain_to_control,1.0039948177669733,0.9943415429277511
47,25,uncertain_to_control,1.0067377574296328,0.9956253848315024
47,26,uncertain_to_control,0.9997946850347021,1.0086059399008453
47,27,uncertain_to_control,1.0040282139217909,1.0111438977971223
47,28,uncertain_to_control,1.0002243693448547,0.9940215564804579
47,29,uncertain_to_control,0.9998032407194947,0.9962438569456395
47,30,uncertain_to_control,1.001272285076448,0.9983554067464254
47,31,uncertain_to_control,1.0,1.0
48,0,control_to_uncertain,-0.0009719924623486576,-0.009518496760778783
48,1,control_to_uncertain,-0.015818125439934324,0.03596155948810333
48,2,control_to_uncertain,-0.015027302485544743,0.02301086781096293
48,3,control_to_uncertain,-0.03859516886558033,0.04340571976089366
48,4,control_to_uncertain,-0.027859232310642107,0.023119041019093286
48,5,control_to_uncertain,-0.01785732387456312,0.004916933197880166
48,6,control_to_uncertain,-0.061185025400529724,-0.006794917690910197
48,7,control_to_uncertain,0.01560867423310887,-0.17748180235491667
48,8,control_to_uncertain,0.4826750987788092,0.5633349240900569
48,9,control_to_uncertain,0.5990892830089432,0.7007386883880751
48,10,control_to_uncertain,0.6930560838123285,0.6169332576092635
48,11,control_to_uncertain,0.7557147662452786,0.5151110571280563
48,12,control_to_uncertain,0.8477703537161064,0.37679988499141087
48,13,control_to_uncertain,0.9005035021861846,0.4144987224687356
48,14,control_to_uncertain,0.9134269425164518,0.4484494531731225
48,15,control_to_uncertain,0.9385718723368742,0.5153988412394106
48,16,control_to_uncertain,0.988128814760288,0.7511244267367486
48,17,control_to_uncertain,1.0117624557624008,0.7815452948600397
48,18,control_to_uncertain,0.971573050771852,0.9429443472185115
48,19,control_to_uncertain,0.957647762503346,0.9740868148538234
48,20,control_to_uncertain,0.9546930887165418,1.0144063109645844
48,21,control_to_uncertain,0.9719934343874075,1.004011037649169
48,22,control_to_uncertain,0.9727872660331659,1.0055092742831198
48,23,control_to_uncertain,1.0033619117354562,1.0038486126288315
48,24,control_to_uncertain,1.002369367596681,1.0000734922066046
48,25,control_to_uncertain,1.002419358160962,1.000222336270439
48,26,control_to_uncertain,1.005017571451907,1.0036360109304587
48,27,control_to_uncertain,1.0030550252158423,0.999781734627627
48,28,control_to_uncertain,1.0038088181226164,0.9997070097141159
48,29,control_to_uncertain,0.9988973840446875,1.0010871098181349
48,30,control_to_uncertain,0.9991215084078806,1.0001724561198384
48,31,control_to_uncertain,1.0,1.0
48,0,uncertain_to_control,0.006314641444760635,-0.00013963053283179926
48,1,uncertain_to_control,-0.02864672256074629,0.004206868603063958
48,2,uncertain_to_control,-0.020658970989596084,0.007433489521252093
48,3,uncertain_to_control,-0.019075612441114703,0.013988236934587154
48,4,uncertain_to_control,-0.03977827888689713,0.0010275861717514774
48,5,uncertain_to_control,-0.026433760627681525,0.0036830528898998253
48,6,uncertain_to_control,-0.04423507655522613,-0.003921842196851119
48,7,uncertain_to_control,0.005293723031999932,-0.009832411293277846
48,8,uncertain_to_control,0.33924763367581035,-0.0255270545340682
48,9,uncertain_to_control,0.46123923739023887,-0.029105720765274446
48,10,uncertain_to_control,0.4880935204961545,-0.024368563149247083
48,11,uncertain_to_control,0.5051222507677602,-0.023012583433977215
48,12,uncertain_to_control,0.5854034402858312,0.09615260864058832
48,13,uncertain_to_control,0.5976458980404485,0.6156004726935362
48,14,uncertain_to_control,0.6321149938504663,0.851265295483425
48,15,uncertain_to_control,0.8780878720252664,0.8402312215879326
48,16,uncertain_to_control,0.9970724507230742,1.0271308708201234
48,17,uncertain_to_control,1.019047839905403,0.9662534157259944
48,18,uncertain_to_control,1.018683649387104,0.9476325772783218
48,19,uncertain_to_control,1.0166384335697378,0.9577995032885888
48,20,uncertain_to_control,1.0194173534930466,0.9430638858995982
48,21,uncertain_to_control,1.0067299797163285,0.973896367990919
48,22,uncertain_to_control,1.0020213314366544,0.9917367462308091
48,23,uncertain_to_control,1.0017530024541201,0.9916540574376267
48,24,uncertain_to_control,0.9977010820689076,0.9950922845692287
48,25,uncertain_to_control,0.9971796989984807,0.9961284022588833
48,26,uncertain_to_control,1.0009235293875318,0.9928863237891418
48,27,uncertain_to_control,1.0005861393661946,0.9966588983115376
48,28,uncertain_to_control,0.9995219883728428,0.9970071401306941
48,29,uncertain_to_control,1.0005447582879843,0.9909739760025515
48,30,uncertain_to_control,0.996863554966963,0.9984409095823167
48,31,uncertain_to_control,1.0,1.0
49,0,control_to_uncertain,0.02365509619850873,0.11527742394015289
49,1,control_to_uncertain,0.10241399551625326,0.23761831785810872
49,2,control_to_uncertain,0.11938023093410598,0.34681957677971614
49,3,control_to_uncertain,0.11194533035844142,0.5032663241082965
49,4,control_to_uncertain,0.12631930793138202,0.18392275060522564
49,5,control_to_uncertain,0.17014684146070816,-0.10356772844083682
49,6,control_to_uncertain,0.16111341161522857,-0.3996025695797193
49,7,control_to_uncertain,0.10134882969095659,-0.33275116701092344
49,8,control_to_uncertain,0.5689898553529489,0.05038351643613873
49,9,control_to_uncertain,0.692265200495779,0.6744675124801253
49,10,control_to_uncertain,0.7456537290783543,1.205331734205015
49,11,control_to_uncertain,0.7689514160167593,1.371197530235153
49,12,control_to_uncertain,0.8363440987386196,1.6041271620567612
49,13,control_to_uncertain,0.9318267110717442,1.6849379488566363
49,14,control_to_uncertain,0.9378404489530113,1.634784111144644
49,15,control_to_uncertain,0.963102102749141,1.6923005041696226
49,16,control_to_uncertain,1.0411439162874365,1.7852709536109075
49,17,control_to_uncertain,1.0812535163425347,1.535861236424067
49,18,control_to_uncertain,1.0911885720024481,0.9763784316261593
49,19,control_to_uncertain,1.035091895176354,0.9231780846257661
49,20,control_to_uncertain,1.0348044364390783,0.8889253831571549
49,21,control_to_uncertain,1.0400740672709197,0.8406966398708156
49,22,control_to_uncertain,0.9800542885933333,0.8422031389425634
49,23,control_to_uncertain,0.985387031002094,1.0658124917528615
49,24,control_to_uncertain,0.9929434715403771,1.0593176660565418
49,25,control_to_uncertain,0.9892951912435028,1.0577722992826133
49,26,control_to_uncertain,0.9814531503771585,1.022953174544072
49,27,control_to_uncertain,0.9888760084611141,1.0261755356883895
49,28,control_to_uncertain,0.9850124500408497,0.9990279155022687
49,29,control_to_uncertain,0.9844354511479784,0.9648156495086991
49,30,control_to_uncertain,1.0008339797190315,0.9994605554880542
49,31,control_to_uncertain,1.0,1.0
49,0,uncertain_to_control,-0.0029771715613882183,-0.018552566770792915
49,1,uncertain_to_control,-0.014085180781030666,0.04344167950280697
49,2,uncertain_to_control,-0.017154826784924925,0.029208718907471353
49,3,uncertain_to_control,-0.008633797528025833,-0.045325881186333725
49,4,uncertain_to_control,-0.02210927141401265,0.011793179404167924
49,5,uncertain_to_control,-0.030696980393522613,0.04247292652240543
49,6,uncertain_to_control,-0.032840989935933575,0.05216522496887318
49,7,uncertain_to_control,0.0009066806874969313,0.08063735192711946
49,8,uncertain_to_control,0.23823088957849087,0.20641976857059616
49,9,uncertain_to_control,0.5582693987908669,0.10553580597243072
49,10,uncertain_to_control,0.7317525679777285,0.14126757048772107
49,11,uncertain_to_control,0.8846114090492114,0.23283726387054376
49,12,uncertain_to_control,1.1021846678192024,1.2512160038253657
49,13,uncertain_to_control,1.0509917382188285,1.353155730797722
49,14,uncertain_to_control,0.9903686455738956,1.5148615721887546
49,15,uncertain_to_control,1.0188436004061887,0.9553749132825636
49,16,uncertain_to_control,1.002948775068593,0.9411817349235776
49,17,uncertain_to_control,1.0816223734033987,1.1144921003844963
49,18,uncertain_to_control,1.3616485516989558,0.5032693290062802
49,19,uncertain_to_control,1.1272789904496723,0.7729015686873952
49,20,uncertain_to_control,1.0906020952225837,1.2372675286804449
49,21,uncertain_to_control,1.0491201342990568,0.5981335664088987
49,22,uncertain_to_control,0.9642314951968857,1.0341484445733502
49,23,uncertain_to_control,0.961724649839465,1.0078154783601618
49,24,uncertain_to_control,0.9845209008036542,0.9728702132301739
49,25,uncertain_to_control,0.9874700103859058,1.019048178966498
49,26,uncertain_to_control,0.9724210957544976,0.9907065037750664
49,27,uncertain_to_control,0.9874719431314887,0.972722058694803
49,28,uncertain_to_control,0.9792325743751165,0.9770135756064995
49,29,uncertain_to_control,0.9757556394078053,1.0038460081236764
49,30,uncertain_to_control,0.9830770283486573,0.9851987870663965
49,31,uncertain_to_control,1.0,1.0
50,0,control_to_uncertain,-0.026975534034622085,0.021947456806437095
50,1,control_to_uncertain,0.1407523163480259,-0.06959816643784011
50,2,control_to_uncertain,0.07505168076987936,-0.0083826250745416
50,3,control_to_uncertain,0.01991223997959106,0.08731529209926668
50,4,control_to_uncertain,0.18303844797705016,-0.04435427483634599
50,5,control_to_uncertain,0.158818907201817,-0.05432658939680651
50,6,control_to_uncertain,0.07039205843749742,0.07401173202507937
50,7,control_to_uncertain,0.21876958297284219,0.15895071440592262
50,8,control_to_uncertain,0.08245003995702802,0.26192273290791523
50,9,control_to_uncertain,0.021220071046072243,0.29535154255355733
50,10,control_to_uncertain,0.11761603752855267,0.16980936341866695
50,11,control_to_uncertain,0.2829286791617711,-0.04749782299519409
50,12,control_to_uncertain,0.504236938690235,-0.058212128661659444
50,13,control_to_uncertain,0.6596174974439688,0.0064664416503299495
50,14,control_to_uncertain,0.679185788584279,-0.011228496959636772
50,15,control_to_uncertain,0.7816510959389272,-0.09388418947286092
50,16,control_to_uncertain,1.0486851916856363,0.037123846296236364
50,17,control_to_uncertain,1.05216363474127,-0.0032424335519924104
50,18,control_to_uncertain,1.136004328645278,0.04876669281747525
50,19,control_to_uncertain,1.0973349664679364,0.11496616000467905
50,20,control_to_uncertain,1.012418950912801,0.028573543217845932
50,21,control_to_uncertain,0.9969207341401259,0.06886089326806526
50,22,control_to_uncertain,0.9791590588459121,1.011526340592614
50,23,control_to_uncertain,1.0025614951043305,1.0050685219270827
50,24,control_to_uncertain,1.0069930498749402,1.0040273483143056
50,25,control_to_uncertain,1.0011241427320858,1.0040274120702006
50,26,control_to_uncertain,0.9997771997690236,1.0044061539644455
50,27,control_to_uncertain,0.9917974294639548,0.9991071544769393
50,28,control_to_uncertain,0.9976712108532172,1.0000732276301505
50,29,control_to_uncertain,0.9902706897019359,0.9938722296639076
50,30,control_to_uncertain,0.9951373888897842,1.000792426003693
50,31,control_to_uncertain,1.0,1.0
50,0,uncertain_to_control,-0.03369833839298454,-0.008055923929590125
50,1,uncertain_to_control,-0.027057570746345395,-0.011131847007560883
50,2,uncertain_to_control,0.005517175232696131,-0.0035797062212834982
50,3,uncertain_to_control,-0.04041992418974498,-0.025320386721263282
50,4,uncertain_to_control,-0.17381436904256042,-0.03068217779585718
50,5,uncertain_to_control,-0.14955768179268494,-0.015890312063030543
50,6,uncertain_to_control,-0.08738957768192633,-0.005509784445861614
50,7,uncertain_to_control,-0.06516529395047058,0.01985448625487855
50,8,uncertain_to_control,0.0029103968068969013,-0.024899263095817466
50,9,uncertain_to_control,0.3542948989832086,-0.02982715545750501
50,10,uncertain_to_control,0.37810205492725385,-0.027724545811571223
50,11,uncertain_to_control,0.5390025798128368,0.029115532081237155
50,12,uncertain_to_control,0.5937554614162123,0.12513896294645255
50,13,uncertain_to_control,0.6416770080617678,-0.004893480117361532
50,14,uncertain_to_control,0.7136634953928545,0.01915986577885839
50,15,uncertain_to_control,0.8855630717658097,0.470203686456701
50,16,uncertain_to_control,0.8613034363830262,0.593930480237374
50,17,uncertain_to_control,0.9653721349553044,1.0986429294756277
50,18,uncertain_to_control,0.9942349850608279,1.0675878155567142
50,19,uncertain_to_control,0.9978152762813274,1.0317074004806541
50,20,uncertain_to_control,0.938147935736992,1.066900527008619
50,21,uncertain_to_control,0.9234118702837244,1.0603382602481046
50,22,uncertain_to_control,0.9685081622007694,1.0100766829605747
50,23,uncertain_to_control,0.9810300619147219,1.0102798092420433
50,24,uncertain_to_control,0.9878408778675015,0.9990075119825419
50,25,uncertain_to_control,0.9943218174020817,0.997134236275665
50,26,uncertain_to_control,0.994797528128136,0.9837064797180185
50,27,uncertain_to_control,0.9924270720362518,0.9818955572764512
50,28,uncertain_to_control,0.9898099554910548,0.9948110989736711
50,29,uncertain_to_control,0.9946886437527295,0.982353324602548
50,30,uncertain_to_control,0.992517520753873,0.9911919318381264
50,31,uncertain_to_control,1.0,1.0
51,0,control_to_uncertain,0.009511193934114984,0.002653528283518463
51,1,control_to_uncertain,0.0271924652312237,-0.0009720980987338033
51,2,control_to_uncertain,0.022711635556898757,-0.00819649253787225
51,3,control_to_uncertain,0.043221501661911174,0.014922089505926252
51,4,control_to_uncertain,0.10355482878378523,0.07909479769709045
51,5,control_to_uncertain,0.09902487936834008,0.06710732060789178
51,6,control_to_uncertain,0.10942437848264851,0.06330210238183219
51,7,control_to_uncertain,0.15391684845825662,0.13823132233994434
51,8,control_to_uncertain,0.1896709524006565,0.4511386723187145
51,9,control_to_uncertain,0.41809849780978225,0.8985012435590302
51,10,control_to_uncertain,0.5984024233150462,1.0340658095807855
51,11,control_to_uncertain,0.7099359978950734,1.052474360355676
51,12,control_to_uncertain,0.988070806007069,1.0771660032639672
51,13,control_to_uncertain,0.988191071563313,1.066236560084704
51,14,control_to_uncertain,1.030545057147487,1.0674055625077086
51,15,control_to_uncertain,1.032805602699024,1.0756196537466776
51,16,control_to_uncertain,0.9916613752881096,0.7023356779496182
51,17,control_to_uncertain,0.9963519713954719,0.8868845536966308
51,18,control_to_uncertain,1.0134203432420474,0.9321099355814825
51,19,control_to_uncertain,1.0137805812784675,0.9244653847241604
51,20,control_to_uncertain,1.038189700919034,0.9688361736837549
51,21,control_to_uncertain,1.0316263298890591,1.0093628802967138
51,22,control_to_uncertain,1.001334492787997,0.9949784833252191
51,23,control_to_uncertain,0.9898017681271297,1.0030613462717024
51,24,control_to_uncertain,0.9897277892481395,1.0073021536230613
51,25,control_to_uncertain,0.9901916136760691,1.0088191075077497
51,26,control_to_uncertain,0.9884589756590734,0.9969785312246289
51,27,control_to_uncertain,0.9884516336344056,0.9969635549233878
51,28,control_to_uncertain,0.9884517134390215,0.9994367487365912
51,29,control_to_uncertain,0.9889178522008137,0.9978204840278676
51,30,control_to_uncertain,0.999902877782383,0.998531966636514
51,31,control_to_uncertain,1.0,1.0
51,0,uncertain_to_control,0.016543018059744688,0.003781020979013189
51,1,uncertain_to_control,0.011845478950794349,-0.007308164256358878
51,2,uncertain_to_control,0.013878661151476065,0.004010059371132734
51,3,uncertain_to_control,0.07916139075025397,0.04823021892072481
51,4,uncertain_to_control,0.06863476288272947,-0.02605430840028782
51,5,uncertain_to_control,0.09167826593507647,-0.02506711022922838
51,6,uncertain_to_control,0.22453260132283334,0.049891350647629104
51,7,uncertain_to_control,0.3555902155869827,0.17900513792337988
51,8,uncertain_to_control,0.7448450108568194,0.419164083512559
51,9,uncertain_to_control,0.9168147807086865,0.3971588842606067
51,10,uncertain_to_control,1.046868253392584,0.4123355708876299
51,11,uncertain_to_control,1.1197138270315552,0.40655502803631666
51,12,uncertain_to_control,1.0629393069535717,0.5732277079148452
51,13,uncertain_to_control,1.06603217474721,0.7127312113482241
51,14,uncertain_to_control,1.075391460594855,0.6992534685144617
51,15,uncertain_to_control,1.0244350960430597,0.8364654740868834
51,16,uncertain_to_control,1.0303175740897077,0.8860690879055042
51,17,uncertain_to_control,1.0371256659745078,0.9380346253322402
51,18,uncertain_to_control,1.019391723630869,0.9596616420350863
51,19,uncertain_to_control,1.0231205544090514,0.973549252815622
51,20,uncertain_to_control,1.0208067791786724,0.992829569753763
51,21,uncertain_to_control,1.0112890412660491,0.9961654480268816
51,22,uncertain_to_control,1.0029290688193908,1.0101999750848807
51,23,uncertain_to_control,1.003407537394348,1.0092318376608551
51,24,uncertain_to_control,1.0012447524973558,1.0119923041614995
51,25,uncertain_to_control,1.0034196676959732,1.0074578267047625
51,26,uncertain_to_control,1.0024687956968712,1.0106807019776083
51,27,uncertain_to_control,1.0019903670242218,1.0136587580450431
51,28,uncertain_to_control,1.0027135963563127,1.0091956965041413
51,29,uncertain_to_control,1.0003876509220007,1.013426315948096
51,30,uncertain_to_control,0.9994433229014069,1.001062203448349
51,31,uncertain_to_control,1.0,1.0
52,0,control_to_uncertain,0.004761392239167867,-0.003751912632962946
52,1,control_to_uncertain,-0.02868555683574213,0.031234989488398767
52,2,control_to_uncertain,-0.03115114128404347,0.025584490611651373
52,3,control_to_uncertain,-0.04035610098430598,0.047674403192242205
52,4,control_to_uncertain,-0.06787243381896123,0.10792626135173729
52,5,control_to_uncertain,-0.059383600947220436,0.1126155702305246
52,6,control_to_uncertain,-0.07168224684441198,0.12676800348112938
52,7,control_to_uncertain,-0.04023373501392619,0.13609567157380476
52,8,control_to_uncertain,0.23126848191764238,-0.019760969776438948
52,9,control_to_uncertain,0.28526445132307837,0.13205176822169828
52,10,control_to_uncertain,0.37161042177736553,0.27957975578429023
52,11,control_to_uncertain,0.47815236468235134,0.3588923491125351
52,12,control_to_uncertain,0.6150716188910056,0.38281916522077597
52,13,control_to_uncertain,0.7084030361921618,0.3399046116235712
52,14,control_to_uncertain,0.8467751943364389,0.38960096649186665
52,15,control_to_uncertain,0.8929703249615405,0.35943630790796344
52,16,control_to_uncertain,0.8928768432415788,0.35704839797895355
52,17,control_to_uncertain,0.908358017277879,0.4830950240345992
52,18,control_to_uncertain,1.0376380080662864,0.8081099840329699
52,19,control_to_uncertain,0.9487716907160726,1.0334680298934873
52,20,control_to_uncertain,0.9561309010703314,1.018031412925374
52,21,control_to_uncertain,0.9572714368679487,1.0221272519606408
52,22,control_to_uncertain,0.9755937886314596,1.0071870386121518
52,23,control_to_uncertain,0.9817790045088838,1.0035731038788018
52,24,control_to_uncertain,0.9871115468581287,1.0012110567238526
52,25,control_to_uncertain,0.9926075270134724,1.0054862056045277
52,26,control_to_uncertain,0.993779038228959,0.9985762381237333
52,27,control_to_uncertain,0.9994249942999349,0.9998634930456617
52,28,control_to_uncertain,0.9988335860051755,1.0001117918408766
52,29,control_to_uncertain,0.9932418042409791,0.999897066159239
52,30,control_to_uncertain,0.9982526335476715,1.0008986505774349
52,31,control_to_uncertain,1.0,1.0
52,0,uncertain_to_control,0.011354059024638985,0.0031316263255884024
52,1,uncertain_to_control,0.06045009634727286,0.020569084480428185
52,2,uncertain_to_control,0.04530344375416314,0.011938725269126411
52,3,uncertain_to_control,0.002272837623396034,-0.01345294219766983
52,4,uncertain_to_control,-0.08686859894460086,-0.035899259969048726
52,5,uncertain_to_control,-0.07689118159260307,-0.05465106430164529
52,6,uncertain_to_control,0.09018414493829324,-0.04924653657044745
52,7,uncertain_to_control,0.6031594142038759,-0.01780417612678449
52,8,uncertain_to_control,1.0086686732725338,1.0738338232712594
52,9,uncertain_to_control,0.9044498540332445,0.7979705481194692
52,10,uncertain_to_control,0.8033528210535079,0.6771050762483072
52,11,uncertain_to_control,0.9927220511059106,0.9329139037950065
52,12,uncertain_to_control,1.0902732809508957,0.935947995133919
52,13,uncertain_to_control,0.9050473397834087,0.8410373041420203
52,14,uncertain_to_control,0.998413195998525,0.8679146748289581
52,15,uncertain_to_control,1.0259855982604624,0.8954198643562158
52,16,uncertain_to_control,1.0255182550096367,0.9325222120818596
52,17,uncertain_to_control,1.0273190115809507,0.9485789860434772
52,18,uncertain_to_control,1.0174056362321424,0.9536678747815
52,19,uncertain_to_control,1.030680726631024,0.9593188909137286
52,20,uncertain_to_control,1.0255077664978898,0.952827593252273
52,21,uncertain_to_control,1.0178855264876745,0.9804494238905436
52,22,uncertain_to_control,0.9937727647266057,1.0036210469962166
52,23,uncertain_to_control,0.9870982483401195,1.009576985234619
52,24,uncertain_to_control,0.9919137822115756,0.9999169804952657
52,25,uncertain_to_control,0.9917185847998136,1.0108097343602147
52,26,uncertain_to_control,0.9911572370371634,1.0108605547112437
52,27,uncertain_to_control,0.9894351606411964,1.0054798045679478
52,28,uncertain_to_control,0.9988657703792273,1.0019729417192085
52,29,uncertain_to_control,0.9983318365148812,0.9985822027260011
52,30,uncertain_to_control,0.9974792936846678,0.9998353834431046
52,31,uncertain_to_control,1.0,1.0
53,0,control_to_uncertain,-0.008044457717543868,0.020002266154321675
53,1,control_to_uncertain,-0.013027216006412505,0.046302614660441596
53,2,control_to_uncertain,-0.017554958903850577,0.03647337520423589
53,3,control_to_uncertain,-0.008621404234643937,-0.0013977870921083224
53,4,control_to_uncertain,0.012341759650580594,-0.027899536843489024
53,5,control_to_uncertain,0.02301362421004331,-0.07666018344609006
53,6,control_to_uncertain,0.015990703690735734,-0.050345471440308126
53,7,control_to_uncertain,0.1006263520469404,-0.20662565601284003
53,8,control_to_uncertain,0.46980763328519676,-0.03078371196312078
53,9,control_to_uncertain,0.594103437774018,0.17881066085486164
53,10,control_to_uncertain,0.6822634823158085,0.47031975999528813
53,11,control_to_uncertain,0.7652816967748056,0.6308169197498393
53,12,control_to_uncertain,0.8398539122460549,0.6659184636426062
53,13,control_to_uncertain,0.8557830806023407,0.5915931685478233
53,14,control_to_uncertain,0.8855683771520063,0.5896305602502558
53,15,control_to_uncertain,0.9140486012655514,0.7931708740856979
53,16,control_to_uncertain,0.980310887651842,0.8900974481486444
53,17,control_to_uncertain,0.9809368767331609,0.9313868501458031
53,18,control_to_uncertain,0.976619358459108,0.8837994438593444
53,19,control_to_uncertain,0.9809378052498672,0.8929239741133828
53,20,control_to_uncertain,0.9838098762439169,0.9028814312228213
53,21,control_to_uncertain,1.0036653619037361,0.8743711724249533
53,22,control_to_uncertain,0.9960110078187859,1.004727074576266
53,23,control_to_uncertain,0.9978218686280541,1.0197211630984364
53,24,control_to_uncertain,0.9981083582372768,0.9992943540478547
53,25,control_to_uncertain,0.9980677567340253,1.0136717293189121
53,26,control_to_uncertain,0.999970245260091,0.9990578637096696
53,27,control_to_uncertain,0.9946508152545503,1.0146660991783258
53,28,control_to_uncertain,0.9962855533267403,1.0139412205781957
53,29,control_to_uncertain,0.9965414018846526,1.0148611676034232
53,30,control_to_uncertain,1.000277204442159,0.9991740011913118
53,31,control_to_uncertain,1.0,1.0
53,0,uncertain_to_control,-0.002393040784167811,-0.015595286851773407
53,1,uncertain_to_control,0.0029015302968248445,-0.012253216633541496
53,2,uncertain_to_control,-0.00017941475085533272,0.002906208259738287
53,3,uncertain_to_control,-0.001333096758531296,0.0010660995374133452
53,4,uncertain_to_control,-0.00014691666613206615,0.0164823500496497
53,5,uncertain_to_control,0.009490917924863078,0.01556987750862132
53,6,uncertain_to_control,0.23553953404668176,0.018618179030640974
53,7,uncertain_to_control,0.3785203022710168,0.020654439295225226
53,8,uncertain_to_control,0.7025201293980882,0.49969167264788034
53,9,uncertain_to_control,0.8020982704941363,1.0025773895018508
53,10,uncertain_to_control,0.7454512810660587,0.6442245441218412
53,11,uncertain_to_control,0.6183732184718775,0.2084543871260577
53,12,uncertain_to_control,0.7270548116917473,0.38771679565778916
53,13,uncertain_to_control,0.8036119637520583,1.195482858900044
53,14,uncertain_to_control,0.906809462969572,1.0068798821506078
53,15,uncertain_to_control,0.9879071250320338,0.9668276536555868
53,16,uncertain_to_control,1.000979289688096,0.9711012631800234
53,17,uncertain_to_control,1.0261161783737993,0.9634124193609515
53,18,uncertain_to_control,1.011282111062078,1.006215179978749
53,19,uncertain_to_control,1.013558200946547,1.0361666676489532
53,20,uncertain_to_control,1.018130512645891,1.0144510857849478
53,21,uncertain_to_control,1.02282218094731,0.9892694509400032
53,22,uncertain_to_control,1.0107667420847328,0.969661790713896
53,23,uncertain_to_control,1.0078881292684334,0.9705748096924115
53,24,uncertain_to_control,1.0098268299460482,0.9702572514498841
53,25,uncertain_to_control,1.0105783376039474,0.9787078291260314
53,26,uncertain_to_control,1.0085779749759682,0.9712442736766582
53,27,uncertain_to_control,1.0088345832293677,0.9758872749424026
53,28,uncertain_to_control,1.008832895017174,0.975179560334056
53,29,uncertain_to_control,1.0076122753960293,0.9778847381453998
53,30,uncertain_to_control,1.002894313189698,0.9873619937973881
53,31,uncertain_to_control,1.0,1.0
54,0,control_to_uncertain,0.4080271994380266,-0.03258320785803079
54,1,control_to_uncertain,0.4440536743423109,-0.02400062975457023
54,2,control_to_uncertain,0.19024182692838149,0.007153496609638975
54,3,control_to_uncertain,0.06081394194167687,0.037401040038773946
54,4,control_to_uncertain,-0.272669263219063,0.03840798823599288
54,5,control_to_uncertain,-0.7271261571392319,0.12476091159520622
54,6,control_to_uncertain,-0.295690909124344,0.05301862382298324
54,7,control_to_uncertain,0.2984931904861732,0.053599094555536554
54,8,control_to_uncertain,0.751827424889389,-0.12608887883238948
54,9,control_to_uncertain,0.9850178742842011,0.014673401325555474
54,10,control_to_uncertain,0.6924972600119897,-0.013744947751267616
54,11,control_to_uncertain,0.8005801326963321,0.0669773346027292
54,12,control_to_uncertain,1.3805562911228066,0.5029585656995126
54,13,control_to_uncertain,2.0,0.7740983173614002
54,14,control_to_uncertain,2.0,0.7599197766977777
54,15,control_to_uncertain,2.0,0.5639502359070507
54,16,control_to_uncertain,2.0,0.4780123303967506
54,17,control_to_uncertain,2.0,0.22169098539438267
54,18,control_to_uncertain,2.0,0.30330517039137883
54,19,control_to_uncertain,1.7254771073082285,0.9904934248394887
54,20,control_to_uncertain,1.088283241203535,1.0803242666800887
54,21,control_to_uncertain,1.2205823669818572,1.1546832790649373
54,22,control_to_uncertain,1.0649478298927175,1.1950286913575698
54,23,control_to_uncertain,1.057581583602735,1.0838544275274051
54,24,control_to_uncertain,1.008632801150427,1.051449854856102
54,25,control_to_uncertain,1.039631444028849,1.0524430964540878
54,26,control_to_uncertain,1.0086125730510227,1.052785012440424
54,27,control_to_uncertain,1.0167208228055271,1.051981191549874
54,28,control_to_uncertain,1.031020709895954,1.008736721170247
54,29,control_to_uncertain,1.0192061206550962,1.0056746818814413
54,30,control_to_uncertain,1.0302545706310064,0.9976055395033553
54,31,control_to_uncertain,1.0,1.0
54,0,uncertain_to_control,-0.06918193888171711,-0.00039719177996519126
54,1,uncertain_to_control,-0.22480590219162264,-0.04361462345837272
54,2,uncertain_to_control,-0.35446480126811797,-0.03753084078451781
54,3,uncertain_to_control,-0.2780945314252719,-0.10777334198272175
54,4,uncertain_to_control,-0.034100667895063975,-0.02481958033389126
54,5,uncertain_to_control,0.5215449946487483,0.16052202819020536
54,6,uncertain_to_control,1.354605938234418,0.48957148751729523
54,7,uncertain_to_control,1.8769653437489655,0.6326211968587471
54,8,uncertain_to_control,1.7636716666850558,0.6655946308479523
54,9,uncertain_to_control,1.6620698310769808,0.7314403845697247
54,10,uncertain_to_control,1.6933666085568537,0.7168254797141208
54,11,uncertain_to_control,1.7361805302704314,0.7703925922047798
54,12,uncertain_to_control,2.0,0.6919206638068559
54,13,uncertain_to_control,2.0,0.5722152403452175
54,14,uncertain_to_control,2.0,0.6571269484998127
54,15,uncertain_to_control,2.0,0.542281076212212
54,16,uncertain_to_control,2.0,0.5094730202071973
54,17,uncertain_to_control,2.0,0.48369592531266586
54,18,uncertain_to_control,2.0,0.664996334046451
54,19,uncertain_to_control,2.0,0.7068624298594745
54,20,uncertain_to_control,1.7349337437798595,0.8783351320436098
54,21,uncertain_to_control,1.723288335006749,0.8714162205093717
54,22,uncertain_to_control,1.1145016164090342,0.9609050340144615
54,23,uncertain_to_control,1.1309475209544722,0.9672469201908168
54,24,uncertain_to_control,1.0864581149618058,0.9794347083898544
54,25,uncertain_to_control,1.0404559689443507,0.9920125729211676
54,26,uncertain_to_control,1.048229765464382,0.9945864175990338
54,27,uncertain_to_control,1.0246396639928796,1.0068402671124084
54,28,uncertain_to_control,1.0182114958127835,1.0012052819391288
54,29,uncertain_to_control,1.0117927520880916,1.0001947385683405
54,30,uncertain_to_control,1.0103772448593045,0.9949450361625777
54,31,uncertain_to_control,1.0,1.0
55,0,control_to_uncertain,-0.004337154146188635,-0.00523540826870411
55,1,control_to_uncertain,-0.002343366192676429,0.002845585806778118
55,2,control_to_uncertain,0.014674657307130122,-0.00851041918151504
55,3,control_to_uncertain,0.006869548324109351,0.015554282984999028
55,4,control_to_uncertain,0.0380635870897137,0.060914320895756824
55,5,control_to_uncertain,0.022456056519931076,0.06989255440875358
55,6,control_to_uncertain,0.026888439852907533,0.07067158236402012
55,7,control_to_uncertain,-0.0066392991478613226,0.09594057565315217
55,8,control_to_uncertain,0.2767048516778325,0.6812081090025252
55,9,control_to_uncertain,0.41626606401950045,0.8205832979191628
55,10,control_to_uncertain,0.3950158682080069,0.7380069558457887
55,11,control_to_uncertain,0.485317410539396,0.7769491600729235
55,12,control_to_uncertain,0.6025961634904388,0.8375063307231811
55,13,control_to_uncertain,0.7175173764007945,0.8729992816792781
55,14,control_to_uncertain,0.691810784070398,0.895167506413826
55,15,control_to_uncertain,0.6916488467732477,0.9300851004064699
55,16,control_to_uncertain,0.7553067623818965,0.8037077702286755
55,17,control_to_uncertain,0.7790753952488048,0.6795412836198869
55,18,control_to_uncertain,0.9429491781292064,0.8506156610883482
55,19,control_to_uncertain,0.9390817548420162,0.9478835535291694
55,20,control_to_uncertain,0.956395261895001,0.9428651406679076
55,21,control_to_uncertain,0.9743535706697225,0.9639305914184944
55,22,control_to_uncertain,1.0033177207169384,0.9888419996327128
55,23,control_to_uncertain,0.9926328065718801,0.9958422407281523
55,24,control_to_uncertain,1.0019622327200204,0.9963786532821721
55,25,control_to_uncertain,1.003486506540039,0.9964440601674004
55,26,control_to_uncertain,0.9961536424318717,0.9966308582249701
55,27,control_to_uncertain,1.000084609637055,1.000392266603123
55,28,control_to_uncertain,0.9978740961787913,0.9999483853602619
55,29,control_to_uncertain,0.9903110695845779,0.9968576994127258
55,30,control_to_uncertain,0.9906924197827387,1.0009939559817875
55,31,control_to_uncertain,1.0,1.0
55,0,uncertain_to_control,0.024222802834665574,-0.00042330837618908835
55,1,uncertain_to_control,0.04684911891112945,-0.002260012293287556
55,2,uncertain_to_control,0.04879063267289559,0.0021801939188939444
55,3,uncertain_to_control,0.014668155541987575,-0.0025999168936164
55,4,uncertain_to_control,0.059868686883573066,-0.00013977242111637783
55,5,uncertain_to_control,0.05527497308485956,-0.00038331571727432626
55,6,uncertain_to_control,0.1998452753276478,0.012901604200823301
55,7,uncertain_to_control,0.35832840138326355,0.02470455170870363
55,8,uncertain_to_control,0.8810999668930118,0.23179383072684515
55,9,uncertain_to_control,1.094409097477844,0.8972713644760476
55,10,uncertain_to_control,1.0785844512974012,0.8713545995963312
55,11,uncertain_to_control,1.1322386643675268,0.847082483799115
55,12,uncertain_to_control,1.197862323649373,0.9177375426453852
55,13,uncertain_to_control,1.2183668103441176,0.9720253117385735
55,14,uncertain_to_control,1.2266644497092367,0.9956070426625873
55,15,uncertain_to_control,1.2661171605942059,1.001875791975535
55,16,uncertain_to_control,1.2253382630005611,1.0266434269497833
55,17,uncertain_to_control,1.239920595242667,1.0219162100296189
55,18,uncertain_to_control,1.110400969057753,0.9573149705285726
55,19,uncertain_to_control,1.020634955448605,0.9450362575227745
55,20,uncertain_to_control,0.9882154206438325,0.8813658014426448
55,21,uncertain_to_control,0.982580254104586,0.929628449931964
55,22,uncertain_to_control,1.0172359193222837,0.986597128720822
55,23,uncertain_to_control,1.0190994119023393,0.9872669523745687
55,24,uncertain_to_control,1.0254918607002887,0.9738780577551416
55,25,uncertain_to_control,1.0288563074360515,0.973477828338366
55,26,uncertain_to_control,1.0172023702141482,0.9865029570933453
55,27,uncertain_to_control,1.0111253870609151,0.993648074031913
55,28,uncertain_to_control,1.0006370429486666,0.9932496460512831
55,29,uncertain_to_control,1.0005113421559109,0.9966787729322797
55,30,uncertain_to_control,0.989971677444137,0.9988234758414203
55,31,uncertain_to_control,1.0,1.0
56,0,control_to_uncertain,-0.004184896304009321,0.03141387051633514
56,1,control_to_uncertain,-0.07320093170331383,0.05335626216284613
56,2,control_to_uncertain,-0.1214970606644959,0.13524864450673624
56,3,control_to_uncertain,-0.18045513710516056,0.2473527209945604
56,4,control_to_uncertain,-0.2118663310205539,0.38783078312195957
56,5,control_to_uncertain,-0.2669670026546466,0.5302788185054259
56,6,control_to_uncertain,-0.23151914433557458,0.5507476705972811
56,7,control_to_uncertain,0.01389069739538973,0.5638148769629191
56,8,control_to_uncertain,0.4802398620116536,0.36668782167889824
56,9,control_to_uncertain,0.548819692134105,0.5657039482791915
56,10,control_to_uncertain,0.6239814963798727,0.9377465084309962
56,11,control_to_uncertain,0.6616540535400953,0.9857708477906055
56,12,control_to_uncertain,0.6757736029182341,1.1201126245382858
56,13,control_to_uncertain,0.6630244131890093,1.181515605532282
56,14,control_to_uncertain,0.7174482396351849,1.1549417362746663
56,15,control_to_uncertain,0.7670443641797885,1.105903380929539
56,16,control_to_uncertain,1.038409536361306,1.0290243837785218
56,17,control_to_uncertain,1.052589739044607,1.0566166158476098
56,18,control_to_uncertain,1.0392721842254826,1.0463115246025665
56,19,control_to_uncertain,1.0260012618276217,1.0388718389826548
56,20,control_to_uncertain,1.012635776357243,1.0296473645366457
56,21,control_to_uncertain,1.0060450781283896,1.0176749796532725
56,22,control_to_uncertain,0.9995991585080918,1.0126567998631502
56,23,control_to_uncertain,1.0130015137102044,1.0218763143809702
56,24,control_to_uncertain,1.0064850223076158,1.0150372347320185
56,25,control_to_uncertain,1.013269779955469,1.016046910780371
56,26,control_to_uncertain,1.013316100801535,1.0157686863641213
56,27,control_to_uncertain,1.0129827672691398,1.0156684682595458
56,28,control_to_uncertain,1.00659672201601,1.0138715138318068
56,29,control_to_uncertain,0.9996539438136965,1.0018007570393506
56,30,control_to_uncertain,0.993260940047817,0.9984371817379412
56,31,control_to_uncertain,1.0,1.0
56,0,uncertain_to_control,0.006774579524726828,-0.0005901763441846275
56,1,uncertain_to_control,-0.02643159910491716,-0.004602868469758547
56,2,uncertain_to_control,-0.03978306369139702,-0.0025128649515161507
56,3,uncertain_to_control,-0.07358004082517887,-0.027520437108551444
56,4,uncertain_to_control,-0.10593992928852816,-0.00925037629321861
56,5,uncertain_to_control,-0.1391517682009313,-0.022284075588423838
56,6,uncertain_to_control,-0.06576438470636257,-0.010364844602143219
56,7,uncertain_to_control,0.02296771377310632,0.04484833200921621
56,8,uncertain_to_control,0.5347010774815595,0.23180075593714428
56,9,uncertain_to_control,0.4718554253693406,0.03655081303142875
56,10,uncertain_to_control,0.474377756418144,0.04834659691611505
56,11,uncertain_to_control,0.47205771556648124,0.03628760617552943
56,12,uncertain_to_control,0.5863492103139595,0.13435938449275145
56,13,uncertain_to_control,0.5883626871356339,0.10620997337951431
56,14,uncertain_to_control,0.809687285735254,0.6332997233903159
56,15,uncertain_to_control,0.8670851363908744,0.772657833732626
56,16,uncertain_to_control,0.8470719214481538,0.7798712226289118
56,17,uncertain_to_control,0.9912406605009916,0.6513838420088723
56,18,uncertain_to_control,1.0056195702666593,0.8628498292462056
56,19,uncertain_to_control,1.097256666066971,0.7886821492845799
56,20,uncertain_to_control,0.8886266406608697,0.28279862735640676
56,21,uncertain_to_control,0.9102735612061045,0.3779811372828764
56,22,uncertain_to_control,0.9863219267124763,0.9971166284127613
56,23,uncertain_to_control,0.98614954773432,0.9918251565794219
56,24,uncertain_to_control,1.009377894160346,1.0027685216945055
56,25,uncertain_to_control,1.0032064203600684,1.0021949335545977
56,26,uncertain_to_control,1.00040751439406,1.002317939773686
56,27,uncertain_to_control,1.0001273044328816,0.9984635244676564
56,28,uncertain_to_control,1.0070244368687242,1.0004093594065369
56,29,uncertain_to_control,1.0069504377592582,0.9971329410654719
56,30,uncertain_to_control,0.9997088849069001,0.9906182407200845
56,31,uncertain_to_control,1.0,1.0
57,0,control_to_uncertain,0.0026873613788089127,-0.007009829970373422
57,1,control_to_uncertain,-0.00430739632743396,-0.02802414570642224
57,2,control_to_uncertain,-0.01126056027532601,0.049182695969729115
57,3,control_to_uncertain,-0.00043937416146391084,0.017616258888996816
57,4,control_to_uncertain,0.02151295297724471,0.006298001431363962
57,5,control_to_uncertain,0.03334413225058646,0.02450469545879867
57,6,control_to_uncertain,0.03407002474507911,0.0263918836532106
57,7,control_to_uncertain,0.13565624194521822,0.3702223984999929
57,8,control_to_uncertain,0.39837692569726535,-0.23558066526578417
57,9,control_to_uncertain,0.461289261448793,-0.09145243709730409
57,10,control_to_uncertain,0.535616740209826,0.17917721829218852
57,11,control_to_uncertain,0.6114094491545662,0.2694447120445713
57,12,control_to_uncertain,0.6880750842828683,0.22988332157501148
57,13,control_to_uncertain,0.8503699328144854,0.2067748099509445
57,14,control_to_uncertain,0.8900355762319351,0.13427531683827296
57,15,control_to_uncertain,0.9331385515227756,0.16031883337747488
57,16,control_to_uncertain,0.9742098962159252,0.5363239502690371
57,17,control_to_uncertain,0.9728027147353019,0.7995276039708021
57,18,control_to_uncertain,0.9889878674510042,0.8850792236692373
57,19,control_to_uncertain,0.9873131142603732,0.9051781173620616
57,20,control_to_uncertain,0.9894250213050829,0.9795640798924311
57,21,control_to_uncertain,0.9912038329018371,0.9738659175948453
57,22,control_to_uncertain,1.0051590075600974,0.9946668165449222
57,23,control_to_uncertain,1.004027538916561,0.9981889821712427
57,24,control_to_uncertain,1.00222731368858,0.9968417150850967
57,25,control_to_uncertain,1.0051928055725177,0.9960113283203317
57,26,control_to_uncertain,1.008627917138523,0.9986571054721969
57,27,control_to_uncertain,0.9980655201854559,0.9986313493066151
57,28,control_to_uncertain,1.0062211039328848,0.9950347902904048
57,29,control_to_uncertain,1.0022255867828358,0.9958156812920091
57,30,control_to_uncertain,1.0006131008793206,1.00041786882904
57,31,control_to_uncertain,1.0,1.0
57,0,uncertain_to_control,-0.00794583870976655,0.01812826750153913
57,1,uncertain_to_control,-0.005786022365699034,0.0038444770844499746
57,2,uncertain_to_control,-0.005164731019134905,0.002238610109454719
57,3,uncertain_to_control,-0.006432181154978245,-0.0036963691493447303
57,4,uncertain_to_control,-0.009891124020252362,0.007640376842651491
57,5,uncertain_to_control,0.00028686371417756067,0.014563274762681393
57,6,uncertain_to_control,0.11467354771174135,0.031110113697498228
57,7,uncertain_to_control,0.1549215037461026,0.04077813968407168
57,8,uncertain_to_control,0.7052934447052676,0.09346073916800997
57,9,uncertain_to_control,0.7958207548808277,0.16097353913374826
57,10,uncertain_to_control,0.8991777412309699,0.5726399640451915
57,11,uncertain_to_control,0.9429039074646932,1.0776528825591725
57,12,uncertain_to_control,0.9803324185009037,1.1464672074596245
57,13,uncertain_to_control,0.9650742687886358,1.1309060909238566
57,14,uncertain_to_control,0.9554428713922966,1.1250636342009535
57,15,uncertain_to_control,0.9914939530668464,1.1261379657960118
57,16,uncertain_to_control,0.9823389842952231,1.139754471864334
57,17,uncertain_to_control,0.9809507987777849,1.1277747002376655
57,18,uncertain_to_control,1.0090935896074615,1.049287876962198
57,19,uncertain_to_control,1.006882804873861,1.0814559301524735
57,20,uncertain_to_control,0.9994525215389553,1.048544342383697
57,21,uncertain_to_control,1.000559369440597,1.0299946321355684
57,22,uncertain_to_control,1.0021655891432693,1.0418714589639892
57,23,uncertain_to_control,1.0011666975207159,1.026037367005094
57,24,uncertain_to_control,1.0066476989918423,0.9963522880409831
57,25,uncertain_to_control,1.0007919096340816,1.018422327041608
57,26,uncertain_to_control,1.002654599509835,1.0128609120138437
57,27,uncertain_to_control,1.0029771855028335,0.9908843139860272
57,28,uncertain_to_control,0.9932165662166712,1.0170024235753172
57,29,uncertain_to_control,0.9988538279875568,1.00009679526414
57,30,uncertain_to_control,1.0000000986803281,0.9984712417935915
57,31,uncertain_to_control,1.0,1.0
58,0,control_to_uncertain,-0.02463745185916746,0.010787231495583995
58,1,control_to_uncertain,-0.03059983427167695,-0.012514548016871773
58,2,control_to_uncertain,-0.03651744914998325,0.008152876618368846
58,3,control_to_uncertain,-0.03145871778502215,0.005670101115416974
58,4,control_to_uncertain,0.016470336422916853,0.02975544704317506
58,5,control_to_uncertain,0.05266172416306908,0.020447154134892093
58,6,control_to_uncertain,0.23528421243991124,0.10171621336797432
58,7,control_to_uncertain,0.14938551966891891,0.24915476035419237
58,8,control_to_uncertain,0.5856457187830728,0.3507654991433865
58,9,control_to_uncertain,0.5823082582867648,0.30456082188717254
58,10,control_to_uncertain,0.6213117003182339,0.6145777842214547
58,11,control_to_uncertain,0.6664997635927211,0.7634083661991332
58,12,control_to_uncertain,0.6785138593788478,0.9775397584847254
58,13,control_to_uncertain,0.8041812944981551,0.9318053429721754
58,14,control_to_uncertain,0.8114611214886444,0.9509246001242535
58,15,control_to_uncertain,0.9033401581144405,0.8733954787257022
58,16,control_to_uncertain,0.9321350715428399,0.6936787708246416
58,17,control_to_uncertain,0.9770067004684229,0.8758210713757804
58,18,control_to_uncertain,0.895121981835607,0.7716713063650394
58,19,control_to_uncertain,0.904485063989169,0.9461961697383539
58,20,control_to_uncertain,0.9339743504480819,0.910021042214318
58,21,control_to_uncertain,0.9331726169784003,1.112455601279132
58,22,control_to_uncertain,0.9994900038960681,0.9730980669435177
58,23,control_to_uncertain,0.994169606974047,0.9807477703079166
58,24,control_to_uncertain,1.0023956073660012,0.9939116574039408
58,25,control_to_uncertain,0.9935869486717428,1.002970532690003
58,26,control_to_uncertain,1.008869142490469,1.006709108174434
58,27,control_to_uncertain,0.9936418535351197,1.0072736947368508
58,28,control_to_uncertain,0.9937826195355246,1.0055189161056564
58,29,control_to_uncertain,1.0009678768109038,1.0052081568776254
58,30,control_to_uncertain,0.9997024115583514,1.020947136621523
58,31,control_to_uncertain,1.0,1.0
58,0,uncertain_to_control,0.005835291601124128,-0.005134876782782992
58,1,uncertain_to_control,0.012607979989864711,-0.018547643731251777
58,2,uncertain_to_control,0.011241413588640722,-0.02364620312847926
58,3,uncertain_to_control,0.002979966562461953,-0.012033172364498777
58,4,uncertain_to_control,0.01125849056597355,-0.03165796895756233
58,5,uncertain_to_control,0.024081123398408295,-0.0131823505250085
58,6,uncertain_to_control,0.10026900321445183,-0.020506380512915492
58,7,uncertain_to_control,0.15959748407818494,0.004044351379202012
58,8,uncertain_to_control,0.52464182315715,0.2176988494272232
58,9,uncertain_to_control,0.9221798741154628,0.6770977153137867
58,10,uncertain_to_control,0.7661034790667385,0.42919423767495307
58,11,uncertain_to_control,0.9404041045569573,0.47818829090921344
58,12,uncertain_to_control,0.9914172540676288,0.8559720606373425
58,13,uncertain_to_control,1.0051658196610642,0.8690793026502692
58,14,uncertain_to_control,0.9460012709761496,0.9050281366524627
58,15,uncertain_to_control,0.8275046355318898,0.9408509174191052
58,16,uncertain_to_control,0.9118371789813161,0.9869311906004153
58,17,uncertain_to_control,0.9388488409579939,0.8578213433438818
58,18,uncertain_to_control,0.9684813086870141,1.1254492125383389
58,19,uncertain_to_control,1.047255432086137,1.1036197749705956
58,20,uncertain_to_control,1.020040649329271,0.727176342632771
58,21,uncertain_to_control,0.9936041957384913,0.9628795449119684
58,22,uncertain_to_control,1.02172669467994,1.0702760411697898
58,23,uncertain_to_control,1.0267381922141705,1.027875260500161
58,24,uncertain_to_control,1.0127602100168855,1.0049510670732635
58,25,uncertain_to_control,1.0029178499078608,1.0205680447805912
58,26,uncertain_to_control,1.0114217083692463,1.0014723419447125
58,27,uncertain_to_control,1.0170222765767518,0.999917972183464
58,28,uncertain_to_control,1.0103412833919967,0.9979217707740554
58,29,uncertain_to_control,1.010508872493252,1.0088225792463816
58,30,uncertain_to_control,1.0078254738359447,0.9950685794492283
58,31,uncertain_to_control,1.0,1.0
59,0,control_to_uncertain,-0.04402029787075201,0.008348186810804074
59,1,control_to_uncertain,-0.04343485724071969,0.007837141022844399
59,2,control_to_uncertain,-0.054012817253998015,0.008881684934929725
59,3,control_to_uncertain,-0.061626781805189476,0.0171704240829307
59,4,control_to_uncertain,-0.05759804798291747,0.00951315688959782
59,5,control_to_uncertain,-0.1435944073933859,0.03454228134089593
59,6,control_to_uncertain,-0.09003577565663935,0.015642006812450208
59,7,control_to_uncertain,0.057184694145170294,-0.04443393869301905
59,8,control_to_uncertain,0.5748168012968414,-0.01606413624638894
59,9,control_to_uncertain,0.721428470270571,0.00019173784805376717
59,10,control_to_uncertain,0.9413223945312609,0.09796132867344239
59,11,control_to_uncertain,0.9889148560201494,0.16377422877959424
59,12,control_to_uncertain,1.0524159043820374,0.2787441588744529
59,13,control_to_uncertain,1.0065882571885778,0.5155261771556139
59,14,control_to_uncertain,1.0095799198852276,0.601718527005237
59,15,control_to_uncertain,0.9329385167860786,0.6284788413880146
59,16,control_to_uncertain,0.8940461230563646,0.4216933993647823
59,17,control_to_uncertain,0.9218969298421712,0.32092489082013353
59,18,control_to_uncertain,0.960785624873861,0.2698944302475321
59,19,control_to_uncertain,0.9932494867691488,0.7663167310081043
59,20,control_to_uncertain,1.076850963542469,0.9770572764278129
59,21,control_to_uncertain,1.0700985036284472,1.0176062752748742
59,22,control_to_uncertain,1.0617646556407505,0.9958334013374943
59,23,control_to_uncertain,1.0701899977374676,1.0049668299024328
59,24,control_to_uncertain,1.0668260318844316,1.0250103756343611
59,25,control_to_uncertain,1.0611159234741325,1.026473345461156
59,26,control_to_uncertain,1.0598527207647,1.027035012656189
59,27,control_to_uncertain,0.9922157980055355,0.995139284494596
59,28,control_to_uncertain,1.0047085399190014,1.000402435801009
59,29,control_to_uncertain,1.0081272075691325,0.9996086149581976
59,30,control_to_uncertain,1.000005645381195,1.006922232243473
59,31,control_to_uncertain,1.0,1.0
59,0,uncertain_to_control,0.01585145172194103,-0.004915562671769641
59,1,uncertain_to_control,0.008970413384498006,2.7419596617469448e-05
59,2,uncertain_to_control,-0.004414396091916734,-0.0056644947885105944
59,3,uncertain_to_control,-0.01385863216015012,-0.0173141636839251
59,4,uncertain_to_control,0.025943154612731473,-0.023192202833065438
59,5,uncertain_to_control,-0.01495383611195589,-0.032250030172320004
59,6,uncertain_to_control,0.12001379614363038,-0.04576199916111502
59,7,uncertain_to_control,0.11503359658816521,-0.03923650591673674
59,8,uncertain_to_control,0.8128307445123854,-0.029719549830340947
59,9,uncertain_to_control,0.8885014340484912,-0.01846026136225547
59,10,uncertain_to_control,0.882524727377972,0.029167219171405624
59,11,uncertain_to_control,0.9225275091882229,0.017777617854493187
59,12,uncertain_to_control,1.0303357965202162,0.15660990039430878
59,13,uncertain_to_control,0.9240791130093867,0.1729097064391331
59,14,uncertain_to_control,0.8731836655177829,0.2129041740431747
59,15,uncertain_to_control,0.8655788990445727,0.7661395281773908
59,16,uncertain_to_control,0.9658657379430596,0.9589360804234389
59,17,uncertain_to_control,1.0245912318177968,0.597284055069234
59,18,uncertain_to_control,0.9557179219098753,0.9725143220749511
59,19,uncertain_to_control,1.2539743605279619,0.7797452611836972
59,20,uncertain_to_control,0.7060896288945404,1.06836328138246
59,21,uncertain_to_control,0.7066103666426884,1.0570541927397676
59,22,uncertain_to_control,1.0402689420667575,1.068552850538952
59,23,uncertain_to_control,1.0188871581253265,1.0158952334447766
59,24,uncertain_to_control,1.0068390143144967,1.022716023545835
59,25,uncertain_to_control,1.0173710326049477,1.0150354110256932
59,26,uncertain_to_control,1.0171552914425608,1.0127220549800466
59,27,uncertain_to_control,1.0142005913926138,0.9934545061571586
59,28,uncertain_to_control,1.019607406564926,1.0046808018102387
59,29,uncertain_to_control,1.019379279630866,0.9930956514887784
59,30,uncertain_to_control,1.0204912737250187,0.9987314430066223
59,31,uncertain_to_control,1.0,1.0
60,0,control_to_uncertain,0.009462994315204122,0.031495683654861634
60,1,control_to_uncertain,-0.014861277265471779,-0.00021958404846516685
60,2,control_to_uncertain,-0.03070730643942165,-0.002131187120938236
60,3,control_to_uncertain,-0.02813141567367442,0.015017314673506798
60,4,control_to_uncertain,-0.08279476789018661,0.11236475333205702
60,5,control_to_uncertain,-0.09497598273770516,0.1262169110577779
60,6,control_to_uncertain,-0.031552236114561996,0.276567400712751
60,7,control_to_uncertain,0.06659059755716112,0.05974417655423265
60,8,control_to_uncertain,0.7014674847621022,0.308426288253182
60,9,control_to_uncertain,0.5748106730644378,0.15261314792480157
60,10,control_to_uncertain,0.6464311642335054,0.2681092605540332
60,11,control_to_uncertain,0.7454706590811243,0.31760678662030056
60,12,control_to_uncertain,0.8796895368597027,0.38475007285721924
60,13,control_to_uncertain,1.0280133980771144,0.43880964080797435
60,14,control_to_uncertain,1.0359389474531149,0.432726918295324
60,15,control_to_uncertain,1.0422492093366147,0.48124542765965855
60,16,control_to_uncertain,1.080677265101101,0.5597629581469312
60,17,control_to_uncertain,1.0805478545818248,0.355197830216357
60,18,control_to_uncertain,1.0992145860809448,0.9866282041990614
60,19,control_to_uncertain,1.0270971672397107,0.9931681607458569
60,20,control_to_uncertain,1.1241778425423945,1.0073605428341101
60,21,control_to_uncertain,1.1180005889432394,0.9860783713273085
60,22,control_to_uncertain,1.0729998524916322,0.9967559336916219
60,23,control_to_uncertain,1.0243776929407815,1.0100233747045042
60,24,control_to_uncertain,1.0158658168818258,0.9993997221441402
60,25,control_to_uncertain,1.0321041659830004,1.0000075405650983
60,26,control_to_uncertain,1.028610518055275,0.9993990763087035
60,27,control_to_uncertain,1.0220561532630474,0.9996603429253511
60,28,control_to_uncertain,1.008884190231937,0.9982327673301387
60,29,control_to_uncertain,0.9957294528638809,1.0000555331200471
60,30,control_to_uncertain,1.0037337169786493,1.0010958081858978
60,31,control_to_uncertain,1.0,1.0
60,0,uncertain_to_control,-0.025449826931146734,-0.014521915256057344
60,1,uncertain_to_control,0.08057794498057806,0.022131139643306135
60,2,uncertain_to_control,0.06259631516901701,0.001272749640531487
60,3,uncertain_to_control,0.047452667857272514,-0.021587869855990566
60,4,uncertain_to_control,0.057996299971185175,-0.0077362183256119346
60,5,uncertain_to_control,0.08494247010120949,0.005200764403840829
60,6,uncertain_to_control,-0.015402250303929381,-0.049742699162033756
60,7,uncertain_to_control,-0.10501014951330416,-0.058851422520623795
60,8,uncertain_to_control,0.17174454865001498,0.08958233228840651
60,9,uncertain_to_control,0.6872037635675264,0.5095434229724991
60,10,uncertain_to_control,0.7185043196620805,0.43715637191016615
60,11,uncertain_to_control,0.8396284228237418,0.5308606703255164
60,12,uncertain_to_control,0.9583504181747753,0.8789647139256224
60,13,uncertain_to_control,1.0736795575315887,0.4651088278093807
60,14,uncertain_to_control,1.0658716441710046,0.5967113780284969
60,15,uncertain_to_control,1.0828157548530852,0.9467241620791405
60,16,uncertain_to_control,1.0315288506416178,1.091655848050352
60,17,uncertain_to_control,1.056011096815749,1.203109030846078
60,18,uncertain_to_control,1.1768551194179993,1.2612000083225496
60,19,uncertain_to_control,1.1368598008735156,1.1398618428833893
60,20,uncertain_to_control,1.1444701097133005,1.1280804081177256
60,21,uncertain_to_control,1.0471656098140927,1.0938007199005428
60,22,uncertain_to_control,1.0680182561501885,1.0200875766816124
60,23,uncertain_to_control,1.0389754611707935,0.9902359456783276
60,24,uncertain_to_control,1.0415789893136564,0.9765385091772169
60,25,uncertain_to_control,1.0371469788421979,0.9902738579639608
60,26,uncertain_to_control,1.0311791587792936,0.9903865475201525
60,27,uncertain_to_control,1.049122139872166,1.0006792094192272
60,28,uncertain_to_control,1.0304285341582173,0.9930509503416085
60,29,uncertain_to_control,1.0216631246851273,1.0129567156202945
60,30,uncertain_to_control,1.0102657865297713,0.9814147412741349
60,31,uncertain_to_control,1.0,1.0
61,0,control_to_uncertain,-0.07267962133031834,0.015240576040821562
61,1,control_to_uncertain,-0.07493577327952869,0.031132362797303016
61,2,control_to_uncertain,-0.07641413375147176,0.029546341095967744
61,3,control_to_uncertain,-0.07617926844015441,0.0036382056955998276
61,4,control_to_uncertain,0.0901257435476885,0.11996027712583558
61,5,control_to_uncertain,0.17679305689342717,0.12458136420356931
61,6,control_to_uncertain,-0.10559866551969961,0.22174760868143073
61,7,control_to_uncertain,-0.1706843084507571,0.12028298168387924
61,8,control_to_uncertain,0.11622670578482855,0.048813830003752015
61,9,control_to_uncertain,0.34305951685966957,0.08907256100141787
61,10,control_to_uncertain,0.3350717867067655,0.11898719065207097
61,11,control_to_uncertain,0.39186459961504827,0.038724471619789834
61,12,control_to_uncertain,0.5165252559564057,-0.1453968253609466
61,13,control_to_uncertain,0.6670410535799668,-0.1680899704527171
61,14,control_to_uncertain,0.7493821313097253,-0.19044285549682818
61,15,control_to_uncertain,0.7229846856683718,-0.13992267710969658
61,16,control_to_uncertain,0.7582950507613462,0.0762596906726497
61,17,control_to_uncertain,0.7326830063280982,0.2559765187415117
61,18,control_to_uncertain,1.0973215879358584,0.28167022099404115
61,19,control_to_uncertain,1.1784792192759634,0.34073381984266476
61,20,control_to_uncertain,1.0940878964773402,0.310331102373425
61,21,control_to_uncertain,1.11271900479644,0.27971447917448966
61,22,control_to_uncertain,1.0531282389472065,0.5336456703575954
61,23,control_to_uncertain,1.0091413890358525,0.9633825261886183
61,24,control_to_uncertain,1.0375078599340506,0.9577269649325516
61,25,control_to_uncertain,1.0282119074936247,0.9740539470024255
61,26,control_to_uncertain,1.028369905640522,0.9728138362574242
61,27,control_to_uncertain,1.024756438276437,0.974587618817654
61,28,control_to_uncertain,1.0388575952279349,0.9946201277418044
61,29,control_to_uncertain,1.0389243950441642,0.9999740434928214
61,30,control_to_uncertain,0.9886532695134521,1.0015204899970722
61,31,control_to_uncertain,1.0,1.0
61,0,uncertain_to_control,0.04312034733061894,0.011769241678382412
61,1,uncertain_to_control,-0.12149690334291627,-0.10976392820430114
61,2,uncertain_to_control,-0.17670706989594034,-0.09586549948278175
61,3,uncertain_to_control,-0.29843410097455486,-0.07518711053348778
61,4,uncertain_to_control,0.07144702259361657,0.10258371411510528
61,5,uncertain_to_control,0.1561996447528922,0.4287568752486753
61,6,uncertain_to_control,0.5106256122576242,1.0090239737351792
61,7,uncertain_to_control,0.7107042678568404,0.9613433392843053
61,8,uncertain_to_control,0.908363325147987,1.052917670574138
61,9,uncertain_to_control,1.0556057541172197,1.0649076932544368
61,10,uncertain_to_control,1.114330964900842,1.1332770578174793
61,11,uncertain_to_control,1.0979489021675237,1.1580063383228785
61,12,uncertain_to_control,1.0816215584326063,1.0344134310646687
61,13,uncertain_to_control,1.101411122429969,1.004243606378271
61,14,uncertain_to_control,1.1183214248448177,0.9800204212537682
61,15,uncertain_to_control,1.1044141531755318,0.9455966678625873
61,16,uncertain_to_control,1.0735576125319297,0.9474883660504935
61,17,uncertain_to_control,1.059533085866071,0.9456961992007091
61,18,uncertain_to_control,1.057449618548177,0.9491440822921487
61,19,uncertain_to_control,1.0486237520485573,0.9404770199488567
61,20,uncertain_to_control,1.0462294997700499,0.9600128140005105
61,21,uncertain_to_control,1.0391797503700342,0.959632771555782
61,22,uncertain_to_control,1.0350829318534094,0.9562074167535918
61,23,uncertain_to_control,1.0283117518997975,0.9599579625136425
61,24,uncertain_to_control,1.0370024790548822,0.9526783866135851
61,25,uncertain_to_control,1.0247011270810837,0.9767964648367404
61,26,uncertain_to_control,1.0307362062228766,0.9683093274256473
61,27,uncertain_to_control,1.0195780312459695,0.9714326223228185
61,28,uncertain_to_control,1.0239253490734546,0.9689358248340371
61,29,uncertain_to_control,1.0152425573575319,0.9754447674817782
61,30,uncertain_to_control,1.000495076652197,0.9965920499965275
61,31,uncertain_to_control,1.0,1.0
62,0,control_to_uncertain,-0.004519004489108341,0.002482554314059473
62,1,control_to_uncertain,-0.02112062034033087,-0.014398616437058268
62,2,control_to_uncertain,-0.015279126515220134,-0.008878960629896338
62,3,control_to_uncertain,-0.007908420979764401,-0.011320805124187214
62,4,control_to_uncertain,0.03893303019588087,0.03807832708953195
62,5,control_to_uncertain,0.06085927461860315,0.03605983989777367
62,6,control_to_uncertain,0.02513922025269482,0.06001967879176482
62,7,control_to_uncertain,0.10265969540688984,0.21922672348954894
62,8,control_to_uncertain,0.4731784985715395,0.016411021978912095
62,9,control_to_uncertain,0.5964988051328127,0.08466823350860948
62,10,control_to_uncertain,0.6960041603100278,0.1458388955736185
62,11,control_to_uncertain,0.8022487242085662,0.130551799731641
62,12,control_to_uncertain,0.9693359834133323,0.24455245130595907
62,13,control_to_uncertain,1.0344077380247982,0.35016774881507506
62,14,control_to_uncertain,1.0785480366149516,0.4121726518970799
62,15,control_to_uncertain,1.04661865368984,0.4431560517388919
62,16,control_to_uncertain,1.0179023948890873,0.4864331345166476
62,17,control_to_uncertain,0.9316685864857902,0.47976175074441646
62,18,control_to_uncertain,0.998711707349452,0.40941878152809924
62,19,control_to_uncertain,0.9858753749401113,0.9823027556095347
62,20,control_to_uncertain,1.0035429308392354,1.0487825584114159
62,21,control_to_uncertain,0.9815136218181141,1.0582155697591387
62,22,control_to_uncertain,1.016809702533918,1.0470558430281478
62,23,control_to_uncertain,1.0114331412683761,1.0213625787672567
62,24,control_to_uncertain,1.0159147162544113,1.0216373622934882
62,25,control_to_uncertain,1.0137758366635803,1.014585060895545
62,26,control_to_uncertain,1.0103642353327509,1.0076865771455041
62,27,control_to_uncertain,1.0036256197889724,1.0149172632643693
62,28,control_to_uncertain,1.0043527368233172,1.0077715495856232
62,29,control_to_uncertain,1.0085472138776972,1.007709096316005
62,30,control_to_uncertain,1.0041741903823498,1.0000881684092016
62,31,control_to_uncertain,1.0,1.0
62,0,uncertain_to_control,-0.0025755768992699705,0.00013145362153175878
62,1,uncertain_to_control,-0.009888744212885726,-0.007398265051117741
62,2,uncertain_to_control,-0.011161584588393211,-0.01400722658255662
62,3,uncertain_to_control,-0.008056181506159645,0.00032023299917821705
62,4,uncertain_to_control,-0.004529503731650275,0.0005062818401328791
62,5,uncertain_to_control,-0.02184815259895699,-0.01552510245214141
62,6,uncertain_to_control,-0.010238363057756689,-0.015753885743763987
62,7,uncertain_to_control,0.16118401559724763,-0.013951188522722712
62,8,uncertain_to_control,0.4540358880719055,0.0196609191610184
62,9,uncertain_to_control,0.7319269924196062,0.10071156389891038
62,10,uncertain_to_control,0.7680244559983567,0.1268563751507943
62,11,uncertain_to_control,0.8553912335121111,0.4365012528741808
62,12,uncertain_to_control,0.9721356627890058,0.6123665572367887
62,13,uncertain_to_control,0.9658214064607356,0.7729334092070873
62,14,uncertain_to_control,0.9828432886024079,0.9377909272426312
62,15,uncertain_to_control,1.0111052920393973,0.9351876087376119
62,16,uncertain_to_control,1.002426985924312,1.0439740522683367
62,17,uncertain_to_control,0.9904284871380423,1.1129235789647087
62,18,uncertain_to_control,0.9949956576437837,1.0486080212649234
62,19,uncertain_to_control,1.0112302152303199,0.9773986031101775
62,20,uncertain_to_control,0.9971172164503082,0.9770555484094445
62,21,uncertain_to_control,0.9942327126857365,0.9981791043724845
62,22,uncertain_to_control,1.005112359987114,1.0122058713582418
62,23,uncertain_to_control,1.0067914676630152,0.9965776446027459
62,24,uncertain_to_control,1.0146623405041975,0.9975047859249149
62,25,uncertain_to_control,1.0137371614876631,0.9983936997333988
62,26,uncertain_to_control,1.0073485206952824,0.9863696572957699
62,27,uncertain_to_control,1.0064241128095563,0.9961758833631393
62,28,uncertain_to_control,1.0015121281970565,0.9991287105647086
62,29,uncertain_to_control,1.0065317152161726,0.9858126278106434
62,30,uncertain_to_control,1.0065307068143465,0.9843396273807236
62,31,uncertain_to_control,1.0,1.0
63,0,control_to_uncertain,-0.032629323594756926,0.06908549871967995
63,1,control_to_uncertain,-0.01889323179282665,0.039137116118051686
63,2,control_to_uncertain,-0.03308345273835666,0.04321202659592005
63,3,control_to_uncertain,-0.002927154214315823,0.009228156974779569
63,4,control_to_uncertain,-0.023371478954256546,0.08052136936240364
63,5,control_to_uncertain,-0.021662348013336198,0.12494005402890325
63,6,control_to_uncertain,-0.0007312872891435261,0.0608758245995184
63,7,control_to_uncertain,0.02194479819652616,0.02297793659462859
63,8,control_to_uncertain,0.08803225736894876,0.06700095072378556
63,9,control_to_uncertain,0.22447669965129088,0.04857655411054457
63,10,control_to_uncertain,0.7133743004978065,-0.08254782650078649
63,11,control_to_uncertain,0.8804734460671022,0.04969640224798891
63,12,control_to_uncertain,0.9171077574566454,0.4079073438421272
63,13,control_to_uncertain,0.9779987314887153,0.42287037386582393
63,14,control_to_uncertain,1.0547462937986785,0.4885044924018015
63,15,control_to_uncertain,1.0817068918502095,0.4724225933000567
63,16,control_to_uncertain,1.0873902115842113,0.7724360578144037
63,17,control_to_uncertain,1.0793868099544477,0.8411355623671075
63,18,control_to_uncertain,1.0395863480417358,0.7738445000265529
63,19,control_to_uncertain,1.0208356396975662,0.9364920639607428
63,20,control_to_uncertain,1.021464504692887,0.9421093274996841
63,21,control_to_uncertain,1.0326063147354256,0.9816119264903603
63,22,control_to_uncertain,1.0223237212399119,1.00441450538829
63,23,control_to_uncertain,1.0074423798996708,1.0054211212271427
63,24,control_to_uncertain,1.00887563461721,1.0038617774061305
63,25,control_to_uncertain,1.006635623551921,1.0063396625144732
63,26,control_to_uncertain,1.017071784748571,1.006476877688859
63,27,control_to_uncertain,1.0120820177744096,0.9950552360426944
63,28,control_to_uncertain,1.0156606185359898,1.0048063127204316
63,29,control_to_uncertain,1.009587200026927,1.0048811250965486
63,30,control_to_uncertain,1.0067519826405387,1.0000532934664699
63,31,control_to_uncertain,1.0,1.0
63,0,uncertain_to_control,0.005222090713808445,0.001998333657225219
63,1,uncertain_to_control,-0.011278942844152713,0.0038740972368667523
63,2,uncertain_to_control,-0.013813598788077362,0.008302089168340361
63,3,uncertain_to_control,0.07232644285927282,0.003707624504189024
63,4,uncertain_to_control,0.10090909975405501,-0.009446217978811997
63,5,uncertain_to_control,0.0930666286604137,-0.0029485515954388855
63,6,uncertain_to_control,0.08081566011891504,-0.01147724406104406
63,7,uncertain_to_control,0.1417950539104148,-0.011439966374531388
63,8,uncertain_to_control,0.5638646390120338,-0.015168922135316468
63,9,uncertain_to_control,0.7174020999331296,-0.012261609337530963
63,10,uncertain_to_control,0.9104495194829817,-0.0033844206798263727
63,11,uncertain_to_control,0.9812910363006172,-0.00036283125342635096
63,12,uncertain_to_control,1.0191740056162653,-0.007786026960570724
63,13,uncertain_to_control,0.8848950256949794,-0.00024301070098050107
63,14,uncertain_to_control,0.8768470526177113,0.026998027905134593
63,15,uncertain_to_control,1.1537517720108665,0.8380268284956118
63,16,uncertain_to_control,1.1398368027625356,0.6783855153906139
63,17,uncertain_to_control,1.1310184273352613,0.7284972999051235
63,18,uncertain_to_control,1.035407018832817,0.8560924324754361
63,19,uncertain_to_control,1.0255685291921945,0.8409380289750833
63,20,uncertain_to_control,1.045809192657255,0.899702348809997
63,21,uncertain_to_control,1.0028963552126111,0.9543428704678555
63,22,uncertain_to_control,1.0076132042453054,0.954900803782472
63,23,uncertain_to_control,1.0131733608422873,0.9431631870338204
63,24,uncertain_to_control,1.0066447284862563,0.9559132817394596
63,25,uncertain_to_control,1.0060483717221909,0.9594799951200416
63,26,uncertain_to_control,1.0073476491388245,0.9619313640364021
63,27,uncertain_to_control,0.9990435545874012,0.9766932952601066
63,28,uncertain_to_control,1.0134768148270668,0.9525960979636715
63,29,uncertain_to_control,1.0030591264574797,0.9721715420737844
63,30,uncertain_to_control,1.0026107823985118,0.9984577203683819
63,31,uncertain_to_control,1.0,1.0
64,0,control_to_uncertain,-0.00035183505431121237,0.025328886373971213
64,1,control_to_uncertain,-0.003061754707627165,0.03764612420996347
64,2,control_to_uncertain,0.07077864014703901,0.020853020468665124
64,3,control_to_uncertain,0.07485359277904888,0.01985944883356651
64,4,control_to_uncertain,0.08082914773719936,0.01347270063882734
64,5,control_to_uncertain,0.11093812151348062,0.026191071233639025
64,6,control_to_uncertain,0.1380589148846052,0.0218988853477163
64,7,control_to_uncertain,-0.20243892768798435,-0.0021089429509033985
64,8,control_to_uncertain,-0.3083945458636253,0.027839833637759905
64,9,control_to_uncertain,-0.2975418124453229,0.134241332885064
64,10,control_to_uncertain,-0.13782481483129003,0.18407668542759423
64,11,control_to_uncertain,0.42898871033353897,0.02588580942206596
64,12,control_to_uncertain,0.8138471833532862,0.0415546084183843
64,13,control_to_uncertain,1.1396503117358507,0.13585196479880282
64,14,control_to_uncertain,1.313040686508681,0.16847859125487008
64,15,control_to_uncertain,1.2993278225939027,0.2693955097098749
64,16,control_to_uncertain,1.3050918413592985,0.28893455347997377
64,17,control_to_uncertain,1.2600110208341795,0.26463802289703264
64,18,control_to_uncertain,1.2063112890862475,0.5602488984101328
64,19,control_to_uncertain,1.1387309150032265,0.14668342084099303
64,20,control_to_uncertain,1.1718955190106972,0.3344242285057881
64,21,control_to_uncertain,1.1678649688328617,0.380514404282991
64,22,control_to_uncertain,1.0417415303325976,0.8425258682693965
64,23,control_to_uncertain,1.0413037108525078,0.9089365449810143
64,24,control_to_uncertain,1.0061583222286905,0.5882939830304066
64,25,control_to_uncertain,1.0202117392674996,0.5920174798883452
64,26,control_to_uncertain,1.0185348415017732,0.5998932782046335
64,27,control_to_uncertain,0.9999972601026462,0.923543028515288
64,28,control_to_uncertain,0.9995808762900887,0.9238516675988664
64,29,control_to_uncertain,0.9988562540252316,0.9289559239856691
64,30,control_to_uncertain,1.019470113522006,0.9909388881541203
64,31,control_to_uncertain,1.0,1.0
64,0,uncertain_to_control,0.02671786728968709,0.041748202365267
64,1,uncertain_to_control,0.01250626147130554,0.05066997450486469
64,2,uncertain_to_control,-0.06457285322595514,0.1797307900223619
64,3,uncertain_to_control,-0.034243478883127586,0.22054697425843278
64,4,uncertain_to_control,-0.6067838730286439,-0.09818078340944543
64,5,uncertain_to_control,-0.6119210193965392,0.02517113508804766
64,6,uncertain_to_control,-0.18690975358330222,0.46742991561395647
64,7,uncertain_to_control,0.25139573594609943,0.6795946096995688
64,8,uncertain_to_control,1.255083798954713,0.3281772557943638
64,9,uncertain_to_control,1.5535774033896077,0.5601684975475558
64,10,uncertain_to_control,1.5919096955619465,0.5827477397879466
64,11,uncertain_to_control,1.646124205671523,0.5332000000871554
64,12,uncertain_to_control,1.245878710868625,0.8568853751702527
64,13,uncertain_to_control,1.1904862060673576,0.8405863336400478
64,14,uncertain_to_control,1.1157253668722558,0.8964129667199259
64,15,uncertain_to_control,1.0454582816782096,0.9399361978846076
64,16,uncertain_to_control,1.0332445445420277,0.969890639574699
64,17,uncertain_to_control,1.031553302607802,0.9183159919494551
64,18,uncertain_to_control,1.0292031959452097,0.9547953231537271
64,19,uncertain_to_control,1.016845694783171,0.9811273682575216
64,20,uncertain_to_control,1.002965294203731,0.9813367591218483
64,21,uncertain_to_control,1.0366740095915747,0.9625070514171142
64,22,uncertain_to_control,1.0338959954304958,0.9463939777357157
64,23,uncertain_to_control,1.032200482479807,0.9468445711877735
64,24,uncertain_to_control,1.0172076835747343,0.9489491563683475
64,25,uncertain_to_control,1.0210282286789247,0.9452099715372231
64,26,uncertain_to_control,1.0378644144065736,0.9429936095477005
64,27,uncertain_to_control,1.0177993402327172,0.9434838587097557
64,28,uncertain_to_control,1.036742184684554,0.9396904196380306
64,29,uncertain_to_control,1.0365118721364044,0.9426822468576663
64,30,uncertain_to_control,1.028300158011492,0.9625504112318916
64,31,uncertain_to_control,1.0,1.0
65,0,control_to_uncertain,0.025773414489830344,0.0001556544127957758
65,1,control_to_uncertain,0.024255538928175897,0.029609292404597157
65,2,control_to_uncertain,0.03781595014220047,0.003065754750270017
65,3,control_to_uncertain,0.08277754071218409,0.05373627254377678
65,4,control_to_uncertain,0.09755826403568237,-0.02986170742604902
65,5,control_to_uncertain,0.14674174196225254,-0.08480525744170321
65,6,control_to_uncertain,0.12811973250582878,0.00997080296422438
65,7,control_to_uncertain,0.26830437282394715,0.051595159621097106
65,8,control_to_uncertain,0.41188724815707617,0.1477983252222365
65,9,control_to_uncertain,0.5190995109555644,0.018763365741765414
65,10,control_to_uncertain,0.5209144009593402,0.0356213758293547
65,11,control_to_uncertain,0.6554723058051912,-0.1296006858989072
65,12,control_to_uncertain,0.6978768820236401,-0.1588834681405228
65,13,control_to_uncertain,0.9805003979636668,-0.05273043554880993
65,14,control_to_uncertain,0.9915473038733621,-0.057188705624781566
65,15,control_to_uncertain,0.9487571853407177,0.08074750164427041
65,16,control_to_uncertain,0.9597100732777452,0.00914465123876563
65,17,control_to_uncertain,0.9509455394373827,-0.08042690816949455
65,18,control_to_uncertain,1.0035905257883064,-0.0762032120243853
65,19,control_to_uncertain,1.042420017126369,0.06935642043276387
65,20,control_to_uncertain,1.0363394562137713,0.7768104144271433
65,21,control_to_uncertain,1.020141463421999,0.8217909441992128
65,22,control_to_uncertain,0.9779503834903891,1.2393383099052961
65,23,control_to_uncertain,0.9761873749372242,1.23758625336688
65,24,control_to_uncertain,0.9750651983758636,1.2495582964689524
65,25,control_to_uncertain,0.9770432816197883,1.2223978871779495
65,26,control_to_uncertain,0.9756072085569806,1.2226369668944455
65,27,control_to_uncertain,1.0027552069829688,0.9614486801711889
65,28,control_to_uncertain,1.0027493051248304,1.0009417547104007
65,29,control_to_uncertain,1.002738462176158,1.00318508980008
65,30,control_to_uncertain,1.0023326064897655,1.0316642492444048
65,31,control_to_uncertain,1.0,1.0
65,0,uncertain_to_control,0.01725751358010695,0.0018360393761971906
65,1,uncertain_to_control,0.05476718473543411,-0.01703623894153907
65,2,uncertain_to_control,-0.09458921763458741,-0.102618812674511
65,3,uncertain_to_control,-0.26605137279279084,-0.15480448053502882
65,4,uncertain_to_control,-0.5817808815756479,-0.2537073854514372
65,5,uncertain_to_control,-0.3804415989863078,-0.2535819061484904
65,6,uncertain_to_control,0.3738514881123538,0.0489740212329914
65,7,uncertain_to_control,0.15517000714124835,0.5235613219902228
65,8,uncertain_to_control,0.16905570681545204,1.1443087535444945
65,9,uncertain_to_control,0.4210306675646641,0.9986899542052884
65,10,uncertain_to_control,0.6789148980879489,0.6827535502291101
65,11,uncertain_to_control,0.9744627970882154,0.36508583225797525
65,12,uncertain_to_control,1.1109473841111823,0.2964009104235707
65,13,uncertain_to_control,1.1584615969522256,0.35669956390822016
65,14,uncertain_to_control,1.2196266704145753,0.3489782402868119
65,15,uncertain_to_control,1.0179887263529357,0.6797786393992905
65,16,uncertain_to_control,0.9834067199654782,0.9191490018251163
65,17,uncertain_to_control,1.0191128244495042,0.915016513704347
65,18,uncertain_to_control,1.0523949122688787,0.9690326000872665
65,19,uncertain_to_control,1.010594384368256,1.0122602882219083
65,20,uncertain_to_control,1.0213681577734128,1.0040543878364543
65,21,uncertain_to_control,1.0372342739842937,0.9908690026570937
65,22,uncertain_to_control,1.0341963268207472,0.9989189755518347
65,23,uncertain_to_control,1.0388799316372674,1.019499219702608
65,24,uncertain_to_control,1.0406602340073026,0.9714111087459529
65,25,uncertain_to_control,1.0435553013028969,0.9572876098950875
65,26,uncertain_to_control,1.0281544711173356,0.9873164410064541
65,27,uncertain_to_control,1.0123336482363532,0.9772431427973128
65,28,uncertain_to_control,1.0316327243485,0.9498060941979545
65,29,uncertain_to_control,1.0365729913677775,0.9465256091788041
65,30,uncertain_to_control,1.0031367689742337,0.9987520339184619
65,31,uncertain_to_control,1.0,1.0
66,0,control_to_uncertain,-0.07163721664437067,-0.030421745211724503
66,1,control_to_uncertain,0.046840839286865714,-0.06462855707439437
66,2,control_to_uncertain,-0.04705484813289117,-0.04270439203745818
66,3,control_to_uncertain,-0.929569868338036,-0.03723196591850505
66,4,control_to_uncertain,-0.8096715347829672,0.058119389424662576
66,5,control_to_uncertain,-1.0,-0.02704645405236926
66,6,control_to_uncertain,-1.0,-0.1278065915630421
66,7,control_to_uncertain,-1.0,-0.00635358648170681
66,8,control_to_uncertain,-1.0,0.7567987782268734
66,9,control_to_uncertain,-1.0,0.745383335872442
66,10,control_to_uncertain,-1.0,0.7369586505930932
66,11,control_to_uncertain,-1.0,0.6439982986846405
66,12,control_to_uncertain,-0.577018943292553,0.7032533606974773
66,13,control_to_uncertain,0.20979412871383296,0.9139552771060269
66,14,control_to_uncertain,0.3298519486476714,0.9085402958523416
66,15,control_to_uncertain,0.537292959500744,0.9598351947506901
66,16,control_to_uncertain,0.03119811489385667,0.2567777212027273
66,17,control_to_uncertain,0.24264701681299855,0.32195612132619406
66,18,control_to_uncertain,0.941509798944321,0.416380792760917
66,19,control_to_uncertain,0.9336680316328254,0.5497823933983483
66,20,control_to_uncertain,0.7758398541279139,0.7217270507862599
66,21,control_to_uncertain,1.1526407075514433,0.9509735493973427
66,22,control_to_uncertain,0.8923047414141397,1.0000623579390986
66,23,control_to_uncertain,0.9425457258221833,0.9997600322811849
66,24,control_to_uncertain,0.9691970913732887,0.9994485286973621
66,25,control_to_uncertain,0.9752187224275883,0.9997725978487406
66,26,control_to_uncertain,0.9682378877277925,0.9997527279893359
66,27,control_to_uncertain,1.010303113902168,0.9993135748892567
66,28,control_to_uncertain,0.9706172873766613,0.9993632425836656
66,29,control_to_uncertain,0.9820532932631288,0.999748065759938
66,30,control_to_uncertain,1.0249105643809946,0.9993468547430205
66,31,control_to_uncertain,1.0,1.0
66,0,uncertain_to_control,0.07373331167670462,0.00046698739440462694
66,1,uncertain_to_control,0.018117783220955565,0.0005412040661522925
66,2,uncertain_to_control,0.03843931886093751,0.0003280404409626173
66,3,uncertain_to_control,-0.07361120746859857,-8.232714283315263e-05
66,4,uncertain_to_control,-0.018542862576447765,0.000482494547565934
66,5,uncertain_to_control,0.1356982589539685,0.0004029420918643058
66,6,uncertain_to_control,-0.17030272212396025,0.0011680260560626122
66,7,uncertain_to_control,-0.29588853257023645,0.0017720753452511507
66,8,uncertain_to_control,-0.19889012498541034,0.00449581175034719
66,9,uncertain_to_control,0.4551045843763748,0.020455231959989634
66,10,uncertain_to_control,0.5184642620735025,0.012148853856122088
66,11,uncertain_to_control,0.837320139113912,0.015676819368412146
66,12,uncertain_to_control,2.0,0.3498878128326123
66,13,uncertain_to_control,2.0,0.9672336014440756
66,14,uncertain_to_control,2.0,1.073872125743027
66,15,uncertain_to_control,1.4592342531687104,0.964953863658745
66,16,uncertain_to_control,1.6862259760378653,0.9882938363988198
66,17,uncertain_to_control,1.511471021063792,1.0469026039396607
66,18,uncertain_to_control,1.2400914802115275,1.0313255401865815
66,19,uncertain_to_control,1.1197543550636926,1.028044411556791
66,20,uncertain_to_control,1.0680561189634528,1.032655005745798
66,21,uncertain_to_control,0.9971235317499508,1.0182942980717893
66,22,uncertain_to_control,1.003562488216046,1.0215719933615417
66,23,uncertain_to_control,0.9985281382454703,1.0217008071933433
66,24,uncertain_to_control,0.9986929299541375,1.0155220667320977
66,25,uncertain_to_control,0.9931353112147329,1.0180835291416697
66,26,uncertain_to_control,1.0339648036252544,1.0176704474707836
66,27,uncertain_to_control,0.9616395265033877,0.9919654120873931
66,28,uncertain_to_control,1.001151664690091,0.9903200156642961
66,29,uncertain_to_control,0.9999925725381433,0.9860834012179631
66,30,uncertain_to_control,1.0101690931069074,0.9959918934073172
66,31,uncertain_to_control,1.0,1.0
67,0,control_to_uncertain,0.003105435041804494,-0.00482554352937405
67,1,control_to_uncertain,-0.006900603806545092,0.014325570517397135
67,2,control_to_uncertain,-0.006814862904590218,0.002612950644582672
67,3,control_to_uncertain,-0.024457997230212514,0.037700173567292675
67,4,control_to_uncertain,0.0074294113592818884,0.022293503524441524
67,5,control_to_uncertain,0.0262740251690042,0.03227573271571946
67,6,control_to_uncertain,-0.07275744549452752,0.2081351555338896
67,7,control_to_uncertain,0.03833347223035492,0.1897835426974508
67,8,control_to_uncertain,0.5749510330631334,0.3898344343981267
67,9,control_to_uncertain,0.6147555448865365,0.4477348852043643
67,10,control_to_uncertain,0.7384719454068024,0.7487591429138164
67,11,control_to_uncertain,0.814739449569866,0.8334510504958966
67,12,control_to_uncertain,0.8482893569705018,0.8229864369549763
67,13,control_to_uncertain,0.9189445575733014,0.8813202140171481
67,14,control_to_uncertain,0.940478266314643,0.9313618375024719
67,15,control_to_uncertain,0.926353586570815,0.839979814537334
67,16,control_to_uncertain,1.0306584196661337,0.7119881284270463
67,17,control_to_uncertain,1.0425285672298434,0.7465264835686655
67,18,control_to_uncertain,1.0531740993041083,0.8860059601940927
67,19,control_to_uncertain,1.0325800849315467,0.935961580226771
67,20,control_to_uncertain,0.9913401689025577,0.9198457535818024
67,21,control_to_uncertain,1.014113071246397,0.92320553477299
67,22,control_to_uncertain,1.0042908786015465,0.9783733040425752
67,23,control_to_uncertain,1.001580537419978,0.994487612800981
67,24,control_to_uncertain,1.0076792640191032,0.9751841940165034
67,25,control_to_uncertain,1.0131559911279764,0.9945990256746869
67,26,control_to_uncertain,1.0109289413906133,0.985314356432187
67,27,control_to_uncertain,1.0075415278472601,0.9980699161622679
67,28,control_to_uncertain,1.0075435255886784,0.9986797422677188
67,29,control_to_uncertain,1.0064466035709736,0.9923064705257698
67,30,control_to_uncertain,1.006427328065937,0.9791454529370468
67,31,control_to_uncertain,1.0,1.0
67,0,uncertain_to_control,-0.009172926683888817,-0.008519107975710658
67,1,uncertain_to_control,-0.005168427014312548,-0.020459744767981628
67,2,uncertain_to_control,-0.004942952199096205,-0.00822797733297495
67,3,uncertain_to_control,0.04299528281957768,-0.0027903764049026763
67,4,uncertain_to_control,0.04554121528171758,-0.01663114913302266
67,5,uncertain_to_control,0.07657499436245471,-0.00014514031313028343
67,6,uncertain_to_control,0.14169164585843502,-0.03383287182498355
67,7,uncertain_to_control,0.30290219724829476,-0.11896655270171969
67,8,uncertain_to_control,0.7500173520040087,-0.1350990533305801
67,9,uncertain_to_control,0.9791438765540504,0.46187745931775614
67,10,uncertain_to_control,0.9917758385107907,0.4609703703078559
67,11,uncertain_to_control,1.090404467316964,0.5233866550692038
67,12,uncertain_to_control,1.2042767540297887,0.49735848273030636
67,13,uncertain_to_control,1.1709185218192912,0.4128154798200321
67,14,uncertain_to_control,1.153855326428113,0.444308833085847
67,15,uncertain_to_control,1.1622817457376768,0.6619154186249174
67,16,uncertain_to_control,1.1488791685270634,0.7180750356900667
67,17,uncertain_to_control,1.1466888880304,0.7876089334060057
67,18,uncertain_to_control,1.0527246884744978,0.8998064937494342
67,19,uncertain_to_control,1.00311123929052,1.0104290949953518
67,20,uncertain_to_control,1.0001094978269298,1.0067707455172712
67,21,uncertain_to_control,1.0176812263950992,0.9765575170630182
67,22,uncertain_to_control,0.999997975262076,0.986091909002822
67,23,uncertain_to_control,1.0060303174537997,0.9723937720750038
67,24,uncertain_to_control,1.0081040540355577,0.9747070311966368
67,25,uncertain_to_control,1.0040553880827328,0.9752835852286322
67,26,uncertain_to_control,1.0080013053350414,0.9714099387204909
67,27,uncertain_to_control,1.0083578211886988,0.9769810681294884
67,28,uncertain_to_control,1.0080009813769735,0.9775074711894505
67,29,uncertain_to_control,1.0016905211840095,0.9941605082467081
67,30,uncertain_to_control,1.0020988703285212,0.9970736361379404
67,31,uncertain_to_control,1.0,1.0
68,0,control_to_uncertain,3.591165794872401e-05,-0.013011556087433313
68,1,control_to_uncertain,0.030902164620921872,-0.01664909660273765
68,2,control_to_uncertain,0.02381554517921799,-0.020979236030243886
68,3,control_to_uncertain,0.05977370009991491,0.012182869300781208
68,4,control_to_uncertain,0.05196701793878793,0.014671686765726385
68,5,control_to_uncertain,0.04668719398641254,-0.012524326149401722
68,6,control_to_uncertain,-0.0053295879965779905,0.07474469207803144
68,7,control_to_uncertain,0.15536478351229396,-0.11353899734130245
68,8,control_to_uncertain,0.7595548794429438,0.7751659353033297
68,9,control_to_uncertain,0.8009082774437465,0.7606700316543931
68,10,control_to_uncertain,0.8994615760419163,0.4347956688284255
68,11,control_to_uncertain,0.9131055492241148,0.32922590671992735
68,12,control_to_uncertain,0.933701852111088,0.6092891674334717
68,13,control_to_uncertain,0.9487734574479263,0.7455662923979122
68,14,control_to_uncertain,0.969619626019026,0.9914753671756895
68,15,control_to_uncertain,0.9598622142344194,0.983494308204183
68,16,control_to_uncertain,0.9954236943132766,1.0124114173979828
68,17,control_to_uncertain,1.0033755913008686,1.02570051321742
68,18,control_to_uncertain,1.006261644498841,1.0156190174356492
68,19,control_to_uncertain,1.0069145884863775,1.0295461974856333
68,20,control_to_uncertain,1.006390341008113,1.0370034241830062
68,21,control_to_uncertain,0.9834802714314972,0.9987626607674989
68,22,control_to_uncertain,1.0039349663397468,0.9536987517808071
68,23,control_to_uncertain,1.0029753880210208,0.9867831986546459
68,24,control_to_uncertain,1.0086380344289823,0.9810571334365292
68,25,control_to_uncertain,1.0020455008547184,0.9857946174523897
68,26,control_to_uncertain,1.001344936022362,0.9864495359297438
68,27,control_to_uncertain,1.0027056585377379,0.981209163033415
68,28,control_to_uncertain,1.0006406597959527,0.9812257763583478
68,29,control_to_uncertain,0.9973862899430944,0.980815091431257
68,30,control_to_uncertain,0.9992984419776858,1.000714125539615
68,31,control_to_uncertain,1.0,1.0
68,0,uncertain_to_control,0.004364024401527254,-0.0020116969118727443
68,1,uncertain_to_control,0.005931957705998836,0.008898945174048262
68,2,uncertain_to_control,0.006684586601407465,-0.0030585307938935354
68,3,uncertain_to_control,0.012179802091741689,0.004544062496641988
68,4,uncertain_to_control,0.01999798434711717,0.010894735710985268
68,5,uncertain_to_control,0.021662727535898853,0.0028136079673830236
68,6,uncertain_to_control,0.03905191550274387,0.02198844249866669
68,7,uncertain_to_control,0.07064586306586867,0.06304809833278568
68,8,uncertain_to_control,0.3115745625860743,0.19249735883481067
68,9,uncertain_to_control,0.7612066588891181,0.6054938356788049
68,10,uncertain_to_control,0.8787364982359378,0.5192074779474017
68,11,uncertain_to_control,0.9770833178691914,0.47701832810284595
68,12,uncertain_to_control,1.077965150323482,0.5224124357594537
68,13,uncertain_to_control,1.0855976060567443,0.559850245368205
68,14,uncertain_to_control,1.0417879447439289,0.6154280384286708
68,15,uncertain_to_control,1.0439300986634905,0.5746984575482182
68,16,uncertain_to_control,0.9953551642061866,0.7002239334810954
68,17,uncertain_to_control,1.005612803954025,0.9204323536514533
68,18,uncertain_to_control,0.9836603001796419,1.0210907220447936
68,19,uncertain_to_control,1.0008713412319465,0.9886445449758761
68,20,uncertain_to_control,1.0009511884772402,0.9557539791387539
68,21,uncertain_to_control,0.9910861985382544,0.9681931178134998
68,22,uncertain_to_control,1.0078995715587615,0.9751055334955736
68,23,uncertain_to_control,1.002688774308455,0.9947840522260725
68,24,uncertain_to_control,1.0042865555848168,0.9941922643834632
68,25,uncertain_to_control,1.004286529448239,0.9972421173661419
68,26,uncertain_to_control,1.0054221898918563,0.9814022664251348
68,27,uncertain_to_control,0.9999976999811503,1.001685368793191
68,28,uncertain_to_control,1.0064193264729346,0.9960017029011531
68,29,uncertain_to_control,1.0044001974252543,0.9848798948510852
68,30,uncertain_to_control,1.0019175100330482,0.9963367265047997
68,31,uncertain_to_control,1.0,1.0
69,0,control_to_uncertain,-0.0013665399409656506,0.015689196974490036
69,1,control_to_uncertain,0.018466771817093997,0.009351042337436834
69,2,control_to_uncertain,0.03460568773110143,-0.0013293843558772756
69,3,control_to_uncertain,0.06141978013757079,-0.06217845152174425
69,4,control_to_uncertain,0.03426992024238628,-0.040292239136874096
69,5,control_to_uncertain,0.0529883343167502,-0.0425693299209525
69,6,control_to_uncertain,0.056390162115261835,-0.02488017003731611
69,7,control_to_uncertain,0.07121028484128605,-0.019064698773354632
69,8,control_to_uncertain,0.1519174428570014,0.17358867336969855
69,9,control_to_uncertain,0.43212395673161375,0.05291731018935416
69,10,control_to_uncertain,0.77938455095499,0.3456993314064261
69,11,control_to_uncertain,0.9316777702926451,0.3645547294024063
69,12,control_to_uncertain,1.072914132488805,0.43594495697251945
69,13,control_to_uncertain,0.988397465681563,0.21794986945374054
69,14,control_to_uncertain,0.9321322078986037,0.29008719845641845
69,15,control_to_uncertain,0.90880238161684,0.27249857518780085
69,16,control_to_uncertain,1.009945333268302,0.23112063425560403
69,17,control_to_uncertain,1.0742294051788726,0.3146023463326184
69,18,control_to_uncertain,1.025627831296273,0.6791661728605354
69,19,control_to_uncertain,1.0156288837784624,0.8452865744203647
69,20,control_to_uncertain,0.9456850247186627,0.6107882309751471
69,21,control_to_uncertain,0.8432225464421518,0.877500616271724
69,22,control_to_uncertain,0.9261043086860585,0.9336444795523625
69,23,control_to_uncertain,1.000213210155023,0.9470834423302193
69,24,control_to_uncertain,1.0621733133789555,0.9338066893270934
69,25,control_to_uncertain,1.0618054213467591,0.9322139398431505
69,26,control_to_uncertain,1.063649942223495,0.9441198195779138
69,27,control_to_uncertain,0.9887280257671109,1.0006470915812475
69,28,control_to_uncertain,0.9952799657631578,1.0007998112480239
69,29,control_to_uncertain,0.9931504312426588,1.0009055653320855
69,30,control_to_uncertain,0.9998343165668397,1.0027521731134823
69,31,control_to_uncertain,1.0,1.0
69,0,uncertain_to_control,-0.014866255917461926,-0.00016115624732803292
69,1,uncertain_to_control,-0.015082179789628246,-0.0004533930430301227
69,2,uncertain_to_control,-0.04794852151922687,-0.0011054178081482786
69,3,uncertain_to_control,-0.0217164114244558,0.007851003264948312
69,4,uncertain_to_control,0.016722438443543864,0.012048030682196285
69,5,uncertain_to_control,0.00903521121337261,0.004835657333957936
69,6,uncertain_to_control,0.055984644761590784,0.021514952672622597
69,7,uncertain_to_control,0.15317899128200033,0.03313878807124033
69,8,uncertain_to_control,0.5812707677289158,0.2903691257339637
69,9,uncertain_to_control,0.8702593836854993,0.5711940122719888
69,10,uncertain_to_control,0.9280715335838999,0.6381099256846787
69,11,uncertain_to_control,0.9623417472011124,0.5717981684309043
69,12,uncertain_to_control,1.057838333601649,0.7312636882265252
69,13,uncertain_to_control,1.031561703876985,0.8007555597525708
69,14,uncertain_to_control,1.0398043629970732,0.9615017006357068
69,15,uncertain_to_control,1.0413365130274925,0.9900093494704076
69,16,uncertain_to_control,1.007081921619781,0.978135861522619
69,17,uncertain_to_control,0.9965430910778481,0.9754582296535556
69,18,uncertain_to_control,1.0052150309125387,0.9736661628185798
69,19,uncertain_to_control,1.0059486880094408,0.9620413073378735
69,20,uncertain_to_control,1.0136392890501147,0.959055978576537
69,21,uncertain_to_control,1.0095069579340838,0.9654269096216801
69,22,uncertain_to_control,1.0104024112476975,0.9794374193769342
69,23,uncertain_to_control,1.020141208638275,0.9494612536785456
69,24,uncertain_to_control,1.0175707317538276,0.9640612705450177
69,25,uncertain_to_control,1.0185563978265326,0.9664518078354646
69,26,uncertain_to_control,1.018448142515623,0.9658309290193605
69,27,uncertain_to_control,1.006329855252528,0.9870133850990991
69,28,uncertain_to_control,1.0062422828668736,0.9859343723666518
69,29,uncertain_to_control,1.002519062946136,0.987745971265224
69,30,uncertain_to_control,0.9967312176852213,1.0000149166102124
69,31,uncertain_to_control,1.0,1.0
70,0,control_to_uncertain,0.005797377874960863,-0.003786138570183825
70,1,control_to_uncertain,0.01013116079925612,-0.00944611052295558
70,2,control_to_uncertain,0.023521704552190312,-0.022234651465003127
70,3,control_to_uncertain,0.02059760566448247,-0.08830984832683235
70,4,control_to_uncertain,0.06393716223857752,-0.01835348753644963
70,5,control_to_uncertain,0.06625674068250308,-0.04732339790419712
70,6,control_to_uncertain,0.07590056681916879,0.112846267885462
70,7,control_to_uncertain,0.2767262674701363,0.2788109416634708
70,8,control_to_uncertain,0.7004660066685892,0.5844401938799437
70,9,control_to_uncertain,0.706142789556156,0.4977148709620394
70,10,control_to_uncertain,0.738945262512514,0.6514514738772917
70,11,control_to_uncertain,0.7436905593534617,0.6382331387536302
70,12,control_to_uncertain,0.7435860558193422,0.5871436076178534
70,13,control_to_uncertain,0.7521330721366214,0.406211798699871
70,14,control_to_uncertain,0.7984239103358768,0.5311636688688142
70,15,control_to_uncertain,0.8349265993359049,0.4684134618744733
70,16,control_to_uncertain,0.9031702708491596,0.5924445093905508
70,17,control_to_uncertain,0.9493129676749068,0.6719786183966914
70,18,control_to_uncertain,0.9896020574513974,0.6974624061536422
70,19,control_to_uncertain,1.0217285530019742,0.8498564071937915
70,20,control_to_uncertain,1.0039174961189596,0.7566895576043786
70,21,control_to_uncertain,0.9921680533196213,0.8674468385377457
70,22,control_to_uncertain,1.0104053518900822,0.9754663856771522
70,23,control_to_uncertain,1.0150643730860716,0.9872795541528165
70,24,control_to_uncertain,1.0119105391564152,1.0019255138406487
70,25,control_to_uncertain,1.0115254806798921,0.9820755051492267
70,26,control_to_uncertain,1.0068817781837713,1.0025641778636183
70,27,control_to_uncertain,1.0028102768566356,0.9945053125394937
70,28,control_to_uncertain,1.0026049062750122,1.0053677785937363
70,29,control_to_uncertain,1.0001810970334633,1.0056335546466664
70,30,control_to_uncertain,0.9999987726857672,0.9951069314202245
70,31,control_to_uncertain,1.0,1.0
70,0,uncertain_to_control,0.0008424375806163626,-0.009335119365507603
70,1,uncertain_to_control,-0.01104237343299246,0.018562998574555505
70,2,uncertain_to_control,-0.01344440921092968,0.03241438724962309
70,3,uncertain_to_control,-0.004145458373683183,-0.03843730862280748
70,4,uncertain_to_control,0.005173129491288251,-0.04606857586418735
70,5,uncertain_to_control,-0.0006382034010604722,-0.05229329788455727
70,6,uncertain_to_control,0.005975747543462379,-0.0785954690985806
70,7,uncertain_to_control,0.047717340986440634,-0.1213350315856725
70,8,uncertain_to_control,0.6003434843432887,-0.015110186134928186
70,9,uncertain_to_control,0.8705852143363394,0.574027351016813
70,10,uncertain_to_control,0.9080667091650736,0.626006222045024
70,11,uncertain_to_control,0.9317670106661788,0.5667595140934084
70,12,uncertain_to_control,0.9353413133607791,0.7561495417014169
70,13,uncertain_to_control,0.9326620409344752,0.7013754375606772
70,14,uncertain_to_control,0.9198970183355292,0.8054626372409509
70,15,uncertain_to_control,0.9511807581129107,0.9281968643298849
70,16,uncertain_to_control,0.9523169783559953,0.9535141332908262
70,17,uncertain_to_control,0.9604577536622148,0.9517478927229106
70,18,uncertain_to_control,0.9561846091522368,0.9782863850141548
70,19,uncertain_to_control,0.9653498281941898,0.9884411461853571
70,20,uncertain_to_control,0.9935349177263085,0.9812492269571681
70,21,uncertain_to_control,0.993091357271355,0.9901740445222658
70,22,uncertain_to_control,0.9976736940558354,0.9876119505480854
70,23,uncertain_to_control,1.0013635006565678,0.9952597606656186
70,24,uncertain_to_control,0.9984779485269866,0.9923524463611668
70,25,uncertain_to_control,0.9985924523992993,0.9899968177405291
70,26,uncertain_to_control,0.999582576792597,0.9930313454802073
70,27,uncertain_to_control,0.9992508383010771,0.9907408624493831
70,28,uncertain_to_control,0.9945086324737528,1.0042480567089795
70,29,uncertain_to_control,0.9942179408249079,1.0044950456971307
70,30,uncertain_to_control,0.9999239974297313,1.000343168500671
70,31,uncertain_to_control,1.0,1.0
71,0,control_to_uncertain,0.010110550801374109,-0.026252599004345435
71,1,control_to_uncertain,0.03147289955747892,-0.044826878661499196
71,2,control_to_uncertain,0.0245625875562801,-0.04470171345842224
71,3,control_to_uncertain,0.003269737484418672,-0.0008665283289942871
71,4,control_to_uncertain,-0.0056591583017544175,0.014489181338915488
71,5,control_to_uncertain,0.011719131373586327,0.0032037055656666947
71,6,control_to_uncertain,-0.025830308833846845,0.11854859207515926
71,7,control_to_uncertain,-0.0752201040003996,0.1609800182030069
71,8,control_to_uncertain,0.023398457987743825,0.3588830112011455
71,9,control_to_uncertain,0.16037362407505376,0.15690505471902585
71,10,control_to_uncertain,0.19404167451882362,0.12462771903351011
71,11,control_to_uncertain,0.4422453517123,0.09610500161249436
71,12,control_to_uncertain,0.9532864540643142,0.21579013089265128
71,13,control_to_uncertain,1.135283747624486,0.25967987521316405
71,14,control_to_uncertain,1.0111370311127055,-0.007889208356694478
71,15,control_to_uncertain,0.9172575414764175,-0.30506670346737597
71,16,control_to_uncertain,0.7681105269610904,-0.18950222888230978
71,17,control_to_uncertain,0.9444968394595294,0.4053647393829482
71,18,control_to_uncertain,0.9526170103830112,0.7074441159960496
71,19,control_to_uncertain,1.0420421984374397,1.0405900534287347
71,20,control_to_uncertain,1.0332347036198632,1.0587359674246157
71,21,control_to_uncertain,1.0444561690707512,1.0672949405260477
71,22,control_to_uncertain,1.0247717576646511,1.0701707630892545
71,23,control_to_uncertain,1.0185534169938084,1.0703633460543802
71,24,control_to_uncertain,0.990252303993134,1.061550336998019
71,25,control_to_uncertain,0.9849226524699669,1.064184686577928
71,26,control_to_uncertain,0.9975482822507953,1.040231069153648
71,27,control_to_uncertain,1.0033300477259774,1.062291457310199
71,28,control_to_uncertain,0.9865752240419045,1.0460178906006294
71,29,control_to_uncertain,0.9849806212550888,0.9693708417355684
71,30,control_to_uncertain,0.9963671948613971,0.9916134246521313
71,31,control_to_uncertain,1.0,1.0
71,0,uncertain_to_control,0.005844984798980998,-0.01973932108349993
71,1,uncertain_to_control,0.0246769641555658,-0.015378766415845003
71,2,uncertain_to_control,0.02271801655650942,-0.022871554953415023
71,3,uncertain_to_control,0.03258370777715465,-0.0012997291507773228
71,4,uncertain_to_control,0.0839549072385913,-0.019249597446494727
71,5,uncertain_to_control,0.10075592147237593,-0.026080876906399274
71,6,uncertain_to_control,0.18261302564987478,-0.007043625351831827
71,7,uncertain_to_control,0.09972617731267781,-0.009441717165237873
71,8,uncertain_to_control,0.4896956759401586,0.09427669862672573
71,9,uncertain_to_control,0.7275681023247682,0.27599944984741376
71,10,uncertain_to_control,0.816588041032534,0.38827407277562664
71,11,uncertain_to_control,0.9022398656089149,0.5401786847290809
71,12,uncertain_to_control,0.9599437113872548,0.838909427646637
71,13,uncertain_to_control,0.9513756127520543,0.8307825574266102
71,14,uncertain_to_control,0.9626012644432386,0.9333279083817739
71,15,uncertain_to_control,0.9677233068289925,1.0331894707686677
71,16,uncertain_to_control,0.9576538024684911,1.070290903103679
71,17,uncertain_to_control,0.9699200896394667,1.0356017302357958
71,18,uncertain_to_control,0.9804350383487992,1.0303496902097882
71,19,uncertain_to_control,0.9767189696002325,1.017611723773572
71,20,uncertain_to_control,0.9882281503799687,1.0172800613225037
71,21,uncertain_to_control,0.9797917409310426,1.019140394607373
71,22,uncertain_to_control,0.9732001153415631,1.0192422496916582
71,23,uncertain_to_control,0.9722212446444506,1.0243336525946887
71,24,uncertain_to_control,0.9860450615419896,0.9982668588850593
71,25,uncertain_to_control,0.9834702399467794,1.008260396661366
71,26,uncertain_to_control,0.9894310913627787,1.0044918429997622
71,27,uncertain_to_control,0.9951439612561332,0.9983970915052649
71,28,uncertain_to_control,0.9897255117714239,0.98945436712753
71,29,uncertain_to_control,0.995007802016661,0.9954204906839126
71,30,uncertain_to_control,0.9865836319991099,1.018658483238441
71,31,uncertain_to_control,1.0,1.0
72,0,control_to_uncertain,0.006798063771874187,-0.008413100575969341
72,1,control_to_uncertain,-0.006315360436293719,0.04341775669275436
72,2,control_to_uncertain,0.003186157056779666,0.022864262721763007
72,3,control_to_uncertain,0.09006360155463357,-0.057140840938151985
72,4,control_to_uncertain,0.18320284935752362,-0.16256144041388565
72,5,control_to_uncertain,0.22117372323712495,-0.22120360777807727
72,6,control_to_uncertain,0.22201121795463447,-0.24827542351840656
72,7,control_to_uncertain,0.1678878726324782,-0.21892120197804246
72,8,control_to_uncertain,0.6833598042408092,0.0035249322378696703
72,9,control_to_uncertain,0.7099908908574089,0.00260614453066737
72,10,control_to_uncertain,0.6948277249713324,-0.0721049236509744
72,11,control_to_uncertain,0.9292488636953781,-0.07638199932319864
72,12,control_to_uncertain,0.9692850836744031,-0.13009913606314777
72,13,control_to_uncertain,0.9744227287013799,-0.0092013423112617
72,14,control_to_uncertain,0.9046267602045902,0.8004839297159515
72,15,control_to_uncertain,0.887156502748864,0.6872845045061892
72,16,control_to_uncertain,0.896854281530838,0.42810407554383595
72,17,control_to_uncertain,0.908883862985303,0.16134641744343195
72,18,control_to_uncertain,1.0264307396274284,0.888237992063286
72,19,control_to_uncertain,0.9934061720163497,0.9919675132719973
72,20,control_to_uncertain,1.0015122013531543,0.98720795408394
72,21,control_to_uncertain,1.0002524273612947,0.9896118156256718
72,22,control_to_uncertain,1.0166113743434266,0.9989931749351866
72,23,control_to_uncertain,0.9941894450609914,1.0010970887230612
72,24,control_to_uncertain,0.9892295033831321,1.0030781918892269
72,25,control_to_uncertain,0.994008886644215,1.003040162735056
72,26,control_to_uncertain,0.9936645064141802,0.9982732740639381
72,27,control_to_uncertain,1.0021430728551735,1.0027502452713322
72,28,control_to_uncertain,1.0017868785520672,1.002930906882102
72,29,control_to_uncertain,1.0025677887820945,1.003698703060208
72,30,control_to_uncertain,1.0075753805546757,1.0000881149498586
72,31,control_to_uncertain,1.0,1.0
72,0,uncertain_to_control,-0.015008204627621648,-0.001181977626018815
72,1,uncertain_to_control,0.0761408148904577,0.014830352474452432
72,2,uncertain_to_control,0.11378360211580203,0.017101328339583832
72,3,uncertain_to_control,0.08837261389566352,0.009554348240744857
72,4,uncertain_to_control,0.16817628369133666,0.011804675615119928
72,5,uncertain_to_control,0.17311446778462256,0.008856486552071293
72,6,uncertain_to_control,0.172170818698035,0.01917607341107573
72,7,uncertain_to_control,0.3327766443651425,0.0028959903707782247
72,8,uncertain_to_control,0.19363442975315232,0.07441558198200939
72,9,uncertain_to_control,0.17206168619803686,0.22069674835929626
72,10,uncertain_to_control,0.2152981416709185,0.4660599080251939
72,11,uncertain_to_control,0.540868989067306,0.7637684212463295
72,12,uncertain_to_control,0.7119426987920848,0.8863809797909111
72,13,uncertain_to_control,0.9128724417301611,0.8168170709318751
72,14,uncertain_to_control,0.9147017032693724,0.960483629254895
72,15,uncertain_to_control,0.9633849879065733,1.0289702234766847
72,16,uncertain_to_control,0.9846456430313828,1.0342722807996108
72,17,uncertain_to_control,0.9848212296924083,1.0376545388004406
72,18,uncertain_to_control,0.9784278963738425,1.0645954265762574
72,19,uncertain_to_control,0.9537733534074125,1.0620866901592316
72,20,uncertain_to_control,0.966871370095283,1.0564906895286692
72,21,uncertain_to_control,0.9666814588706583,1.0613246149172115
72,22,uncertain_to_control,0.9635764251156363,1.0377628337032538
72,23,uncertain_to_control,0.9731398680417264,1.008900809631232
72,24,uncertain_to_control,0.9811793447668948,0.9880559508026714
72,25,uncertain_to_control,0.9803938073582478,0.9988554546647106
72,26,uncertain_to_control,0.9899258937653936,0.9864839557451662
72,27,uncertain_to_control,0.9909878312586098,0.9920840627962056
72,28,uncertain_to_control,0.9809439493609448,1.0126640097549213
72,29,uncertain_to_control,0.9784089446316236,1.0190792890197304
72,30,uncertain_to_control,1.0009533956968715,0.9933692769073716
72,31,uncertain_to_control,1.0,1.0
73,0,control_to_uncertain,0.004086855266403833,0.001542126636593462
73,1,control_to_uncertain,0.002838002360016001,-0.028908222351986066
73,2,control_to_uncertain,-0.00269228122698667,-0.0332933919063803
73,3,control_to_uncertain,0.008907647031220376,-0.07038338853117065
73,4,control_to_uncertain,0.04560983785639339,-0.20396736082610786
73,5,control_to_uncertain,0.045988537445912206,-0.0981298099268184
73,6,control_to_uncertain,0.07342609076739659,-0.04334613714920017
73,7,control_to_uncertain,0.05391839742806935,-0.3978767704305026
73,8,control_to_uncertain,0.03618846684042845,-0.9232496992824136
73,9,control_to_uncertain,0.0933044523750721,-1.0
73,10,control_to_uncertain,0.1766963255057295,-1.0
73,11,control_to_uncertain,0.27627236293322927,-1.0
73,12,control_to_uncertain,0.37503863977336105,-1.0
73,13,control_to_uncertain,0.6171037470637455,-1.0
73,14,control_to_uncertain,0.6355900246922794,-1.0
73,15,control_to_uncertain,0.737157724556266,-1.0
73,16,control_to_uncertain,0.7168960339512354,-1.0
73,17,control_to_uncertain,0.6221442603444294,-1.0
73,18,control_to_uncertain,0.9111058652282582,-0.02974869872219248
73,19,control_to_uncertain,0.916829216164798,0.010109432568546111
73,20,control_to_uncertain,0.9619070929752734,0.713801599565937
73,21,control_to_uncertain,0.9519186194993604,0.6469527814822174
73,22,control_to_uncertain,0.9662097768464095,1.152118414039021
73,23,control_to_uncertain,1.0027662465385532,0.927329740629455
73,24,control_to_uncertain,1.0068193632417863,0.9067640994538639
73,25,control_to_uncertain,0.9984348743673406,0.8823975152441185
73,26,control_to_uncertain,0.9989866857529203,0.8664530479994146
73,27,control_to_uncertain,0.990791266103062,1.0120249435802038
73,28,control_to_uncertain,0.9860038621887013,0.9891926770387119
73,29,control_to_uncertain,0.9787946817643347,1.0071680544938733
73,30,control_to_uncertain,0.996176950837723,1.0100628679795567
73,31,control_to_uncertain,1.0,1.0
73,0,uncertain_to_control,0.003338644760495832,-0.13222752557220216
73,1,uncertain_to_control,0.005313157345225393,-0.14379231846245463
73,2,uncertain_to_control,0.00014558084794338207,-0.10583321258354511
73,3,uncertain_to_control,0.07851763274809435,-0.2239811682390169
73,4,uncertain_to_control,0.04690060093220842,-0.07120130565950641
73,5,uncertain_to_control,0.020825461294187435,-0.17950012769109341
73,6,uncertain_to_control,0.23684050490566425,-0.7159636715223988
73,7,uncertain_to_control,0.3141979449216904,-1.0
73,8,uncertain_to_control,0.5094356099521887,-1.0
73,9,uncertain_to_control,0.6611668015624672,0.19871886643858694
73,10,uncertain_to_control,0.7695311384843164,0.1252931616864248
73,11,uncertain_to_control,0.7867483972253574,0.6816243116900546
73,12,uncertain_to_control,0.9535488023406286,0.549488469190583
73,13,uncertain_to_control,0.9452385944191928,1.5758810468529423
73,14,uncertain_to_control,0.9523764048060829,1.6024162104927662
73,15,uncertain_to_control,0.9508841222043024,2.0
73,16,uncertain_to_control,0.9606831056003701,1.5519185044495212
73,17,uncertain_to_control,0.9797279984411521,1.3076574454319416
73,18,uncertain_to_control,1.0016911016398415,1.119382929537365
73,19,uncertain_to_control,1.0001537875254713,1.0777177451285775
73,20,uncertain_to_control,0.9819204439069031,1.150204059911562
73,21,uncertain_to_control,0.9899808040902642,1.0765602824879836
73,22,uncertain_to_control,0.9882076356751427,1.049853610765733
73,23,uncertain_to_control,0.9996500237818292,1.0715411403928143
73,24,uncertain_to_control,0.9957956209028426,1.0846743790351758
73,25,uncertain_to_control,1.0074876813912466,0.9802485160790997
73,26,uncertain_to_control,0.9991099262009263,1.073720131780679
73,27,uncertain_to_control,1.0057647350368946,1.002916505064405
73,28,uncertain_to_control,1.012405445221725,0.9870293035875268
73,29,uncertain_to_control,1.013076183288918,0.9832112965114447
73,30,uncertain_to_control,1.0090740952856987,1.0071761526832628
73,31,uncertain_to_control,1.0,1.0
74,0,control_to_uncertain,-0.009969842795955445,-0.006817586631954067
74,1,control_to_uncertain,-0.01607378448535179,0.0039169889804162175
74,2,control_to_uncertain,0.0042382875008745565,-0.018226440412039645
74,3,control_to_uncertain,-0.012447686381943202,-0.0022239939411862514
74,4,control_to_uncertain,-0.011539959547078007,-0.15878340012162587
74,5,control_to_uncertain,-0.04841780745479022,-0.14926870081881063
74,6,control_to_uncertain,-0.06753524544166772,-0.12244627964210933
74,7,control_to_uncertain,0.027019902199902683,-0.0968167326410193
74,8,control_to_uncertain,0.2550336560879724,0.1771217249738344
74,9,control_to_uncertain,0.43957629708060925,0.31928240472477915
74,10,control_to_uncertain,0.574445261209374,0.2834715028651331
74,11,control_to_uncertain,0.6508878047392188,0.1870170380881249
74,12,control_to_uncertain,0.6712017543039039,0.20086176858292673
74,13,control_to_uncertain,0.7550352372066745,0.09880261685561055
74,14,control_to_uncertain,0.7389592786831073,0.9905856220225787
74,15,control_to_uncertain,0.9150190201991867,1.4177445879777972
74,16,control_to_uncertain,0.9431129302174578,1.143855418947152
74,17,control_to_uncertain,0.8709789351508117,1.049974748482874
74,18,control_to_uncertain,0.9802164498799206,1.0006397180202036
74,19,control_to_uncertain,1.0945242828869066,1.0084921065269068
74,20,control_to_uncertain,1.0807468756765046,1.0320935865539191
74,21,control_to_uncertain,1.048922513720487,1.0106046036183636
74,22,control_to_uncertain,0.9875974413810124,0.8772747198399407
74,23,control_to_uncertain,1.000187230806306,1.0046609042304075
74,24,control_to_uncertain,0.9972927953822901,1.0167028223948205
74,25,control_to_uncertain,0.99615300643792,1.0124738231107
74,26,control_to_uncertain,0.998699463987584,0.9935541125994153
74,27,control_to_uncertain,0.9941717988242538,0.9779652251273848
74,28,control_to_uncertain,0.9955676631184167,0.9794393607651759
74,29,control_to_uncertain,1.0008255416023295,0.9792875545097505
74,30,control_to_uncertain,0.9971833687921162,0.999151435331375
74,31,control_to_uncertain,1.0,1.0
74,0,uncertain_to_control,-0.0029547155745330792,0.03964598006053904
74,1,uncertain_to_control,0.008351007824824697,-0.029054037729862123
74,2,uncertain_to_control,0.015351872037955282,-0.014017272838734341
74,3,uncertain_to_control,0.043453094730223595,-0.04680703642019403
74,4,uncertain_to_control,0.0700915191032738,-0.06262363327536272
74,5,uncertain_to_control,0.06354292071888724,-0.02110223227545691
74,6,uncertain_to_control,0.15793946239065412,0.31443539248506064
74,7,uncertain_to_control,0.18791437662484653,0.34696837740042835
74,8,uncertain_to_control,0.48155710677940217,0.9752390431735698
74,9,uncertain_to_control,0.5957224414633623,1.1051107804534006
74,10,uncertain_to_control,0.6566537493660702,1.3672317347682448
74,11,uncertain_to_control,0.7026337353020193,1.7105669685866993
74,12,uncertain_to_control,0.7703130601854151,1.9334844419259678
74,13,uncertain_to_control,0.8581545801780682,1.46627905038792
74,14,uncertain_to_control,0.820335703122828,0.23724727326895972
74,15,uncertain_to_control,0.9663621278326565,0.5701261568121151
74,16,uncertain_to_control,1.0347745318142823,1.0510696914741344
74,17,uncertain_to_control,0.9994950631544925,1.0831515857164655
74,18,uncertain_to_control,1.0233365214835162,0.11107721848046719
74,19,uncertain_to_control,1.0304144322934008,0.231293173537547
74,20,uncertain_to_control,1.024799780962356,0.9112247354016968
74,21,uncertain_to_control,1.0355628841871396,0.9027783645466374
74,22,uncertain_to_control,0.9930629405144934,0.7662108732296322
74,23,uncertain_to_control,1.0019421078657624,0.8207139700126445
74,24,uncertain_to_control,0.9950023473024732,0.8320287685127729
74,25,uncertain_to_control,0.9903860406719069,0.8607501244488303
74,26,uncertain_to_control,0.9887057067712595,0.9362545507962464
74,27,uncertain_to_control,0.9875216135632578,0.9654066489072727
74,28,uncertain_to_control,0.9801179593607695,0.94334306314533
74,29,uncertain_to_control,0.988883384985407,0.8590064842588541
74,30,uncertain_to_control,1.0031989654740332,0.9807817156535763
74,31,uncertain_to_control,1.0,1.0
75,0,control_to_uncertain,-0.020398979382297525,-0.053557160706729987
75,1,control_to_uncertain,-0.01482503053206858,0.021823256660201632
75,2,control_to_uncertain,-0.004076571545913386,0.01580698677093405
75,3,control_to_uncertain,0.021082168191168576,0.02833036407829824
75,4,control_to_uncertain,0.08355177122023799,-0.052614243678017016
75,5,control_to_uncertain,0.09676621261848063,-0.06855315400407734
75,6,control_to_uncertain,0.06574058729649791,-0.0651384985256592
75,7,control_to_uncertain,0.12690807415599994,0.14205124747469502
75,8,control_to_uncertain,0.33486861303350063,-0.20695997670423075
75,9,control_to_uncertain,0.542462496892754,-0.17784421407712087
75,10,control_to_uncertain,0.607028455167395,-0.5124924440125647
75,11,control_to_uncertain,0.6842279349513829,-0.16846228470829025
75,12,control_to_uncertain,0.9806414976745191,-0.35493505982557716
75,13,control_to_uncertain,1.067683111352886,0.004237349489044861
75,14,control_to_uncertain,1.1547714688176614,-0.23525260655057492
75,15,control_to_uncertain,1.0830999596508357,0.11423877841713087
75,16,control_to_uncertain,1.0622629036267415,1.1730960630179224
75,17,control_to_uncertain,0.993234579954391,1.1617976222461142
75,18,control_to_uncertain,0.9777315843891965,1.0042532914707618
75,19,control_to_uncertain,0.9736819873404496,1.0185591724678174
75,20,control_to_uncertain,0.9747558335164657,1.009838177185035
75,21,control_to_uncertain,0.9708478188034311,1.0108582811940339
75,22,control_to_uncertain,0.9889001970624367,1.0479695692432662
75,23,control_to_uncertain,0.9822320473238056,1.0183238454165997
75,24,control_to_uncertain,0.9853931521703888,1.0113571262778998
75,25,control_to_uncertain,0.9850709893110741,0.9978042479677264
75,26,control_to_uncertain,0.9882421814487512,0.9942748906621378
75,27,control_to_uncertain,0.9810691267648256,0.998572826994543
75,28,control_to_uncertain,0.9850185714234249,0.9960802469632353
75,29,control_to_uncertain,0.9927376007378133,1.0073587602578973
75,30,control_to_uncertain,1.0003147775211922,1.004642846225838
75,31,control_to_uncertain,1.0,1.0
75,0,uncertain_to_control,0.028329796777110495,-0.00518874940711185
75,1,uncertain_to_control,0.024792760207077675,0.007559497596490307
75,2,uncertain_to_control,0.021480345994084524,0.00834072782898144
75,3,uncertain_to_control,0.0337974688104562,0.00023006180954948107
75,4,uncertain_to_control,0.025212103308271217,-0.014321567029524697
75,5,uncertain_to_control,0.02334046048483844,-0.014976650847053066
75,6,uncertain_to_control,-0.008284277876048808,-0.022469565074949984
75,7,uncertain_to_control,0.042362749795552226,-0.013326253533379365
75,8,uncertain_to_control,0.1648491229460654,-0.04381039396732011
75,9,uncertain_to_control,0.4134389736901833,0.04457985053441472
75,10,uncertain_to_control,0.6571050555341401,0.07199223435356654
75,11,uncertain_to_control,0.6707326255417416,0.008860231673558526
75,12,uncertain_to_control,1.170262936050177,0.8443835886512396
75,13,uncertain_to_control,1.2460555089218488,1.2420574926363401
75,14,uncertain_to_control,1.1736022797277872,1.3149107402593394
75,15,uncertain_to_control,1.1404809746484759,1.4660986445951636
75,16,uncertain_to_control,1.0905872514653592,1.7366162310142332
75,17,uncertain_to_control,1.0670006430648074,1.5993591323349752
75,18,uncertain_to_control,1.0740035647766206,1.4891288116510437
75,19,uncertain_to_control,1.0785413596947875,1.185075438481282
75,20,uncertain_to_control,1.0723959928236129,1.178339000537201
75,21,uncertain_to_control,1.0639337463118341,1.1827873984631052
75,22,uncertain_to_control,1.0140489395735237,0.9831936411091349
75,23,uncertain_to_control,1.0181451453110308,0.9783910094243438
75,24,uncertain_to_control,1.002326606671302,0.935902264244051
75,25,uncertain_to_control,0.9978839655302852,0.9470072439487381
75,26,uncertain_to_control,1.0010311553190647,1.016235226426599
75,27,uncertain_to_control,1.001079475244707,0.9558050240058455
75,28,uncertain_to_control,1.0015314669443074,0.9455514046275332
75,29,uncertain_to_control,1.0092402288374036,0.9441221840280941
75,30,uncertain_to_control,0.9993320772254185,1.0681513868134656
75,31,uncertain_to_control,1.0,1.0
76,0,control_to_uncertain,-0.00789566315225945,0.02951093897003184
76,1,control_to_uncertain,0.0028922292481988045,-0.011920818257191653
76,2,control_to_uncertain,0.0013619180884769748,0.02490963412075869
76,3,control_to_uncertain,0.037009698376709574,-0.031584346248098936
76,4,control_to_uncertain,0.03645121555696572,0.009347071384996398
76,5,control_to_uncertain,0.023444509694151232,0.024417663843477763
76,6,control_to_uncertain,0.0416560012504907,0.12122664346546483
76,7,control_to_uncertain,0.0641218905421249,0.1059513666275674
76,8,control_to_uncertain,0.10459676150702159,0.03237742999020972
76,9,control_to_uncertain,0.06700369694780986,-0.06973278408781815
76,10,control_to_uncertain,0.12483479168618994,-0.14833340520029323
76,11,control_to_uncertain,0.2846120846505083,-0.22614403557905757
76,12,control_to_uncertain,0.5829528995815777,-0.17744370861168135
76,13,control_to_uncertain,0.7885096956536246,0.10895649720073643
76,14,control_to_uncertain,0.878566310155373,0.7241665115613924
76,15,control_to_uncertain,0.8990193075489111,0.8274199561265856
76,16,control_to_uncertain,0.9431143791469533,0.9194663396083196
76,17,control_to_uncertain,0.9373183397144291,1.35307964478436
76,18,control_to_uncertain,0.9942616148494895,1.2646170118736955
76,19,control_to_uncertain,0.949866941303872,1.1442743775002198
76,20,control_to_uncertain,0.9425697621507338,1.1379223389256745
76,21,control_to_uncertain,0.9441231725830539,1.139979416938806
76,22,control_to_uncertain,0.991322498459892,1.046761056185953
76,23,control_to_uncertain,0.983522143281971,1.0284884267813044
76,24,control_to_uncertain,0.9902089132017601,1.026723774518232
76,25,control_to_uncertain,0.9946646314266918,1.029151149316436
76,26,control_to_uncertain,0.9853891779845277,1.0131602049172648
76,27,control_to_uncertain,0.9934659732377712,1.0155014303344434
76,28,control_to_uncertain,0.9852619754861004,1.00293935865925
76,29,control_to_uncertain,0.9864347174179595,1.0038162265406685
76,30,control_to_uncertain,0.9865642987032669,1.0034275991322839
76,31,control_to_uncertain,1.0,1.0
76,0,uncertain_to_control,0.03486525330418193,0.01027879468009833
76,1,uncertain_to_control,0.025286817533086578,-0.006441371934805933
76,2,uncertain_to_control,0.010054443545722068,0.016220463816623173
76,3,uncertain_to_control,-0.009225123319754842,0.01663156102132593
76,4,uncertain_to_control,-0.01825875429566656,0.005321339010641223
76,5,uncertain_to_control,0.03833521476595648,0.03495772676254629
76,6,uncertain_to_control,0.08266516026857505,0.05421825395309216
76,7,uncertain_to_control,0.43623339379833986,0.15866860179827508
76,8,uncertain_to_control,0.8520011450728845,0.3813930436785549
76,9,uncertain_to_control,0.9278761207920434,0.40414266628604467
76,10,uncertain_to_control,0.9619839808735519,0.40717190413056714
76,11,uncertain_to_control,0.98459222178006,0.4255972280822602
76,12,uncertain_to_control,1.1270489414742682,0.4909943421598696
76,13,uncertain_to_control,1.1114146151038318,0.4946299915924754
76,14,uncertain_to_control,1.1132312570843246,0.5854943000403728
76,15,uncertain_to_control,1.0330069199536336,0.8195455206233613
76,16,uncertain_to_control,0.9786980886885617,0.9456487466857051
76,17,uncertain_to_control,0.9782940079172288,0.9282618548189162
76,18,uncertain_to_control,0.9873379052365174,0.9268086866958974
76,19,uncertain_to_control,0.9954489425009025,0.9811928714525695
76,20,uncertain_to_control,0.9979110495213974,0.9765025971263769
76,21,uncertain_to_control,0.996087646778193,0.9784122569009112
76,22,uncertain_to_control,0.9945128585637799,0.983527001144595
76,23,uncertain_to_control,1.0039850940206125,0.9609476759407795
76,24,uncertain_to_control,1.0023040741921092,0.9700673202375357
76,25,uncertain_to_control,1.0023096142615535,0.9744832265244756
76,26,uncertain_to_control,0.9938005370925177,1.0076579249152198
76,27,uncertain_to_control,0.9952142250954629,1.0033619181892
76,28,uncertain_to_control,1.0015048956998982,0.9752410135824915
76,29,uncertain_to_control,0.9952136303987429,0.998860499317082
76,30,uncertain_to_control,0.995206681837067,1.012994637997026
76,31,uncertain_to_control,1.0,1.0
77,0,control_to_uncertain,-0.00029551859222150007,-0.022190196645457384
77,1,control_to_uncertain,0.015336651147099312,-0.08879815718611221
77,2,control_to_uncertain,0.023393359103600485,-0.12431118326619583
77,3,control_to_uncertain,0.02578009712803466,-0.09632335956214694
77,4,control_to_uncertain,0.023449360481370033,-0.07686865770892445
77,5,control_to_uncertain,0.05312731864577521,-0.1715406880187418
77,6,control_to_uncertain,0.02204242539342516,-0.18945324632252772
77,7,control_to_uncertain,0.06752005610164354,-0.21947396401704067
77,8,control_to_uncertain,0.0854426497528154,-0.43709494800428017
77,9,control_to_uncertain,0.22254039235762557,-0.4395221144103976
77,10,control_to_uncertain,0.4474904069256512,-0.4156815081471679
77,11,control_to_uncertain,0.6526138104882707,-0.3741839183839379
77,12,control_to_uncertain,0.7218450197995393,-0.359459398677716
77,13,control_to_uncertain,0.8328556456112496,0.029998730068279522
77,14,control_to_uncertain,0.8849924859657421,0.48105615514335304
77,15,control_to_uncertain,0.8401146509512861,0.45538112874775116
77,16,control_to_uncertain,1.0028006586870848,0.9510867697777653
77,17,control_to_uncertain,1.036994704788103,0.9641783111212326
77,18,control_to_uncertain,0.9998339127121653,0.9893752111501845
77,19,control_to_uncertain,1.0173719871612639,0.9887751914031224
77,20,control_to_uncertain,0.9949061453476096,0.989209467922018
77,21,control_to_uncertain,1.0167660280720545,0.9890120391031958
77,22,control_to_uncertain,1.0039895747198162,0.9997649079658996
77,23,control_to_uncertain,0.9968449903096089,1.0068117958682157
77,24,control_to_uncertain,0.9998113234255032,1.00498383407853
77,25,control_to_uncertain,0.9959306845084678,0.9919641078336728
77,26,control_to_uncertain,0.9880959767477797,0.9933329420706308
77,27,control_to_uncertain,0.9939504356842312,0.9876473014201749
77,28,control_to_uncertain,0.9935305580556463,0.9877541462351039
77,29,control_to_uncertain,0.9939860595201163,1.00097698631241
77,30,control_to_uncertain,0.9888282706986872,0.9924384720589523
77,31,control_to_uncertain,1.0,1.0
77,0,uncertain_to_control,0.004690314445229532,-0.001075617118679592
77,1,uncertain_to_control,0.04581437622309486,-0.016840609272942772
77,2,uncertain_to_control,0.03024540340455348,-0.003073878507747461
77,3,uncertain_to_control,0.0607299701443945,0.005147403625015498
77,4,uncertain_to_control,0.04759273698402943,-0.0009304193625544705
77,5,uncertain_to_control,-0.021105294386178895,-0.00625920000321036
77,6,uncertain_to_control,0.023402029143128788,0.006775365799275713
77,7,uncertain_to_control,0.13348457735621594,-0.014413307011720241
77,8,uncertain_to_control,0.20803771644134395,-0.011963233344812045
77,9,uncertain_to_control,0.5438473388876635,0.04351514257721565
77,10,uncertain_to_control,0.6924943408823623,0.11948866144932901
77,11,uncertain_to_control,0.9176668569750173,0.45093210396585715
77,12,uncertain_to_control,0.8173040423616952,0.7133484036356331
77,13,uncertain_to_control,0.8590225031760655,0.7671266260706532
77,14,uncertain_to_control,0.905628743009412,0.742545463179379
77,15,uncertain_to_control,0.9641803509773553,0.8139298384043236
77,16,uncertain_to_control,0.9570216703804318,0.9267982596835638
77,17,uncertain_to_control,0.9592624922294033,0.9592152942249541
77,18,uncertain_to_control,0.9814528980934171,0.9289543847047049
77,19,uncertain_to_control,0.9848227714164721,0.936272084083358
77,20,uncertain_to_control,0.9861809301595877,0.936840083827198
77,21,uncertain_to_control,0.9793585232386549,0.9381391930440849
77,22,uncertain_to_control,0.9815704744457957,0.9473888774213246
77,23,uncertain_to_control,0.9859127192428874,0.9253010946242929
77,24,uncertain_to_control,0.9963265573337329,0.9243662442952352
77,25,uncertain_to_control,0.9983516308521292,0.9327066609047382
77,26,uncertain_to_control,0.9912258020376362,0.9308000912611893
77,27,uncertain_to_control,0.9982728632481153,0.9456581251845017
77,28,uncertain_to_control,0.999848451247837,0.9616254055901909
77,29,uncertain_to_control,1.0053809096345963,0.9609656932000465
77,30,uncertain_to_control,1.0026648870476687,0.996514501424723
77,31,uncertain_to_control,1.0,1.0
78,0,control_to_uncertain,0.009078460492832821,6.407665215282819e-05
78,1,control_to_uncertain,0.02288180073185586,-0.006222092573333719
78,2,control_to_uncertain,0.03190765796957465,-0.0004061794015038369
78,3,control_to_uncertain,0.10757544091217859,0.009804726376559122
78,4,control_to_uncertain,-0.029547771353891507,0.2271813569313427
78,5,control_to_uncertain,0.03568451016248746,0.28561693363464374
78,6,control_to_uncertain,0.11758710160801691,0.45027903392619745
78,7,control_to_uncertain,0.28544673422073075,0.7001711535748553
78,8,control_to_uncertain,0.7202142988936643,0.8089789468435827
78,9,control_to_uncertain,0.7735743025900428,0.7850084953964449
78,10,control_to_uncertain,0.7634038477404625,0.8183093811695639
78,11,control_to_uncertain,0.9179947860637919,0.7813215081882849
78,12,control_to_uncertain,0.9409149164189649,0.7133633712230835
78,13,control_to_uncertain,0.8528216293756756,0.7193187343297771
78,14,control_to_uncertain,0.9273004557041524,0.7955921691788177
78,15,control_to_uncertain,0.8662317064489806,0.8180592533809815
78,16,control_to_uncertain,0.9455153325568559,0.7603494071756348
78,17,control_to_uncertain,0.9474430111407542,0.9359562729483449
78,18,control_to_uncertain,0.9989022838856788,0.9912511991195202
78,19,control_to_uncertain,1.0299713044629033,0.9963098063587189
78,20,control_to_uncertain,1.0445786439274587,0.9971915494618925
78,21,control_to_uncertain,1.047202162061462,0.9976797854657515
78,22,control_to_uncertain,1.0304890927611954,0.9970485576276686
78,23,control_to_uncertain,1.0275799789427016,0.9947948694292713
78,24,control_to_uncertain,1.0298536700491276,0.994865941462686
78,25,control_to_uncertain,1.030073926953582,0.9959103609868721
78,26,control_to_uncertain,1.015569086931155,0.9949648207867448
78,27,control_to_uncertain,1.0141029634582106,0.9962120088482679
78,28,control_to_uncertain,0.9998351149430343,0.9992995776992353
78,29,control_to_uncertain,1.000124771229674,0.9973571215546652
78,30,control_to_uncertain,1.003444744156532,0.9978462911428635
78,31,control_to_uncertain,1.0,1.0
78,0,uncertain_to_control,-0.027283185840163503,0.0010198251679468166
78,1,uncertain_to_control,-0.06828813073071704,0.002654908420694355
78,2,uncertain_to_control,-0.02723815007087289,0.002753809849117662
78,3,uncertain_to_control,-0.0280206158001598,-0.006922299031479583
78,4,uncertain_to_control,0.0507511283398222,-0.008145525961795946
78,5,uncertain_to_control,-0.07920315235619209,-0.012769210974122158
78,6,uncertain_to_control,-0.005745875089602416,-0.009345575815719771
78,7,uncertain_to_control,0.19826997430192558,0.7329689570126566
78,8,uncertain_to_control,0.3325713756957088,0.9854290525168783
78,9,uncertain_to_control,0.6509288596654051,1.077263793598743
78,10,uncertain_to_control,0.6493613441872819,1.0923491850605775
78,11,uncertain_to_control,0.6964147405518247,1.0889796685380837
78,12,uncertain_to_control,0.8515996342258804,1.0623128798899981
78,13,uncertain_to_control,0.8995017579638713,1.036209216832975
78,14,uncertain_to_control,0.9481725044692771,1.0171156227379028
78,15,uncertain_to_control,0.9316687407525169,1.0103063550248412
78,16,uncertain_to_control,0.9779689569426668,1.0022190493588408
78,17,uncertain_to_control,0.9490339673676476,1.0177706192691949
78,18,uncertain_to_control,0.9706256040530223,1.01262692842995
78,19,uncertain_to_control,0.9596504732108848,1.0204218115561259
78,20,uncertain_to_control,0.9930301609838027,1.005439608469187
78,21,uncertain_to_control,1.0065317861782885,1.0012474975226273
78,22,uncertain_to_control,0.991992677134694,1.0011588720232212
78,23,uncertain_to_control,0.9784121778196745,1.0026286406340306
78,24,uncertain_to_control,0.9895688052730242,0.9945979221413598
78,25,uncertain_to_control,0.9941278155738489,0.9852134387432055
78,26,uncertain_to_control,1.0017093904562437,0.9949244634180451
78,27,uncertain_to_control,0.9965916166899854,1.000977793068566
78,28,uncertain_to_control,1.00093559964973,0.997099158418967
78,29,uncertain_to_control,1.0012820428421827,0.9966858224043655
78,30,uncertain_to_control,0.9995360454423217,1.000745119926463
78,31,uncertain_to_control,1.0,1.0
79,0,control_to_uncertain,-0.01138767203695741,0.019182315475163244
79,1,control_to_uncertain,-0.00027139280370886315,-0.0018687154487641712
79,2,control_to_uncertain,-0.0004926405029507114,0.0067110724043624465
79,3,control_to_uncertain,0.027918685260971292,-0.030233716521226504
79,4,control_to_uncertain,0.04071998059806239,-0.03576057646299693
79,5,control_to_uncertain,0.02991600695001775,-0.029566337257965765
79,6,control_to_uncertain,0.07014376882638194,-0.07579334342027635
79,7,control_to_uncertain,0.23888129552454943,-0.13609685249027537
79,8,control_to_uncertain,0.3470470040057503,-0.1807332253290185
79,9,control_to_uncertain,0.4098114754962667,-0.2670792413655634
79,10,control_to_uncertain,0.5960512370492652,-0.19774189822711497
79,11,control_to_uncertain,1.0071468958657237,-0.07140003826081838
79,12,control_to_uncertain,1.1112754547914936,-0.0406164896992334
79,13,control_to_uncertain,1.1125011979759187,0.27787655133571726
79,14,control_to_uncertain,1.166098863182363,0.6096867651905037
79,15,control_to_uncertain,1.1994245966423869,0.4308453544989683
79,16,control_to_uncertain,1.2252595419221275,0.41840068887310294
79,17,control_to_uncertain,1.1618010996774546,0.8612996281387361
79,18,control_to_uncertain,1.0561935413574093,0.9463163259982261
79,19,control_to_uncertain,1.066735823170553,0.9395366249231327
79,20,control_to_uncertain,1.060638553384033,0.9377277979115302
79,21,control_to_uncertain,1.0529108647335808,0.9174748038241197
79,22,control_to_uncertain,0.9951932871170431,0.9699972307729354
79,23,control_to_uncertain,0.985252559099169,0.964260694411557
79,24,control_to_uncertain,1.0154562208634097,0.9858822485410276
79,25,control_to_uncertain,1.0089550720953038,0.9755903113619023
79,26,control_to_uncertain,1.022400614863337,0.9797025912562882
79,27,control_to_uncertain,1.0046192545485007,0.9842843465538285
79,28,control_to_uncertain,1.00442654738068,1.0048422677695414
79,29,control_to_uncertain,1.0184679264647818,0.9730279513561408
79,30,control_to_uncertain,1.0136865204569765,1.0001697656591764
79,31,control_to_uncertain,1.0,1.0
79,0,uncertain_to_control,-0.01023972406133168,0.0232323435018816
79,1,uncertain_to_control,-0.03388112564043382,0.03286051345304778
79,2,uncertain_to_control,-0.037967623602410246,0.03416133668494535
79,3,uncertain_to_control,0.0126674032217058,-0.00957216110747678
79,4,uncertain_to_control,0.10755450058170664,-0.010342639452433286
79,5,uncertain_to_control,0.16891570584506804,-0.0886928133429476
79,6,uncertain_to_control,0.24109588142323055,-0.07554518321714619
79,7,uncertain_to_control,0.2781261196241929,-0.132097526736865
79,8,uncertain_to_control,0.8956892784377223,-0.0185284924925407
79,9,uncertain_to_control,1.0032357183110472,0.08204546437619036
79,10,uncertain_to_control,1.0944924507013871,0.23555990783512887
79,11,uncertain_to_control,1.027671521446991,0.32744027544221793
79,12,uncertain_to_control,0.9956806319220455,0.7708225139498142
79,13,uncertain_to_control,0.8671804274752994,0.8944858490713279
79,14,uncertain_to_control,0.8094394644315385,0.9756009245026651
79,15,uncertain_to_control,0.84601933398397,1.106791919564879
79,16,uncertain_to_control,0.9988999476288278,0.9836297208966944
79,17,uncertain_to_control,0.9873038687885388,0.9864928608791159
79,18,uncertain_to_control,0.9870059037659208,0.9910296664040137
79,19,uncertain_to_control,0.9873697603931001,0.9978971711520565
79,20,uncertain_to_control,0.9931886076883693,0.9891768260733653
79,21,uncertain_to_control,0.9833621823899298,1.0000700110546117
79,22,uncertain_to_control,0.9791520556563795,1.0017944234634246
79,23,uncertain_to_control,0.9925788994555507,0.9988062446293271
79,24,uncertain_to_control,1.0013227997370897,0.9822111274767525
79,25,uncertain_to_control,1.0113695354430987,0.9795953004299214
79,26,uncertain_to_control,1.0119054319567253,0.9853828512158066
79,27,uncertain_to_control,1.010509476604614,0.9742793655125545
79,28,uncertain_to_control,1.0103846762184499,0.9753382715653001
79,29,uncertain_to_control,1.0144600204095262,0.9770543004847708
79,30,uncertain_to_control,0.9904132870467462,1.0139070493997109
79,31,uncertain_to_control,1.0,1.0
80,0,control_to_uncertain,0.010451272570292517,-0.0001594460265055513
80,1,control_to_uncertain,0.026285364823466058,-0.017040732224452695
80,2,control_to_uncertain,0.02549389548007506,-0.005445611312453096
80,3,control_to_uncertain,-0.1441290354061191,-3.800575678344612e-05
80,4,control_to_uncertain,-0.18027599390737295,-0.013661584963774526
80,5,control_to_uncertain,-0.1895036310164792,-0.008091267261875748
80,6,control_to_uncertain,-0.22878983441019607,0.035860608938330464
80,7,control_to_uncertain,-0.08528814450633673,0.08484349719274535
80,8,control_to_uncertain,-0.07152957420567978,0.25449951292752454
80,9,control_to_uncertain,-0.25148480199350237,0.40362004833362325
80,10,control_to_uncertain,-0.2972316406391805,0.47975354652352487
80,11,control_to_uncertain,0.15105964454719123,0.6839337838764041
80,12,control_to_uncertain,0.5608751819131387,0.8378714499814797
80,13,control_to_uncertain,0.6851927804613767,0.9616412301097639
80,14,control_to_uncertain,0.7195046386747527,1.0548121944043947
80,15,control_to_uncertain,0.7467476905792233,1.0334281662741962
80,16,control_to_uncertain,0.8705017721775222,0.9406124914728294
80,17,control_to_uncertain,0.8915963911482385,0.9619792982444854
80,18,control_to_uncertain,0.9193266386522139,0.9928064579104802
80,19,control_to_uncertain,0.9720581983705298,1.0072099345464658
80,20,control_to_uncertain,0.9850454383771088,1.002194634507594
80,21,control_to_uncertain,0.9600964500478997,1.006305541046341
80,22,control_to_uncertain,1.0024982772996047,0.9833038186630535
80,23,control_to_uncertain,1.009508266291591,0.9831205448085646
80,24,control_to_uncertain,1.0056491915477446,0.9715267352931206
80,25,control_to_uncertain,1.005477915520876,0.9841021993604838
80,26,control_to_uncertain,1.0070533726449458,0.9856069526781316
80,27,control_to_uncertain,1.0039854613944423,0.98635966955776
80,28,control_to_uncertain,1.0154442040227798,0.9899339922152531
80,29,control_to_uncertain,1.0001925443686666,0.9877086759769224
80,30,control_to_uncertain,0.9999836252589697,0.9878928034763391
80,31,control_to_uncertain,1.0,1.0
80,0,uncertain_to_control,-0.0018471460743828727,0.018322634729294348
80,1,uncertain_to_control,0.017581766481182728,0.005504104547502619
80,2,uncertain_to_control,-0.006864969015390351,0.01015784265864125
80,3,uncertain_to_control,-0.028635375430580992,0.015489102665772277
80,4,uncertain_to_control,-0.004897459183664106,0.0470598365505025
80,5,uncertain_to_control,0.04807671020347992,0.04055226620459321
80,6,uncertain_to_control,0.1641582845520152,0.032501479032624826
80,7,uncertain_to_control,0.5379014908284158,0.03154104188724315
80,8,uncertain_to_control,0.8999033490321457,0.03568686126636864
80,9,uncertain_to_control,1.2285104756817569,0.1404561878493913
80,10,uncertain_to_control,1.3580295013074972,0.2570175922610778
80,11,uncertain_to_control,1.3904561468789802,0.5889425021891662
80,12,uncertain_to_control,1.4566933859621274,0.6747878073771252
80,13,uncertain_to_control,1.1697380951927219,1.0202973505088342
80,14,uncertain_to_control,1.102024400293343,1.0339932792163689
80,15,uncertain_to_control,1.1169647516524666,1.0377756438029213
80,16,uncertain_to_control,1.0283565107676038,1.0120869193637103
80,17,uncertain_to_control,1.0099912035173508,0.9775925382030849
80,18,uncertain_to_control,1.010954795856974,0.9791227647802433
80,19,uncertain_to_control,1.009730948653447,0.9897367631219453
80,20,uncertain_to_control,0.9978966221661905,0.9849173560364944
80,21,uncertain_to_control,0.9985012877110463,0.9958474751781087
80,22,uncertain_to_control,0.9873034587005622,0.9948540799155163
80,23,uncertain_to_control,0.9985418010789402,0.986369393686937
80,24,uncertain_to_control,0.9985676571714578,0.9868497112329527
80,25,uncertain_to_control,0.9990681454845863,0.9824307502202775
80,26,uncertain_to_control,0.9987882221099047,0.9820873127826771
80,27,uncertain_to_control,1.0009261139452823,0.9797812343111816
80,28,uncertain_to_control,1.0003025562782322,0.978163713261411
80,29,uncertain_to_control,1.0001967086347043,0.9824619268176389
80,30,uncertain_to_control,0.9989858012408995,0.9941078210453415
80,31,uncertain_to_control,1.0,1.0
81,0,control_to_uncertain,0.007245119733342928,-0.007476495604466161
81,1,control_to_uncertain,0.00790815547064825,-0.00554394953029307
81,2,control_to_uncertain,0.028975054958426137,-0.0036403879121222667
81,3,control_to_uncertain,0.04216073805111879,-0.026424560800517805
81,4,control_to_uncertain,0.07893153659944614,-0.02101881035167894
81,5,control_to_uncertain,0.06954756274589817,0.030084371286249852
81,6,control_to_uncertain,0.08137824649760378,0.0337922899927692
81,7,control_to_uncertain,-0.0271482601967565,0.14972712591366868
81,8,control_to_uncertain,-0.09069708745201364,0.051430227896635004
81,9,control_to_uncertain,0.1489347132407726,-0.08571092091348398
81,10,control_to_uncertain,0.3001076749426279,-0.05531294976564237
81,11,control_to_uncertain,0.6847839784458467,0.3028962306798151
81,12,control_to_uncertain,0.7926679249083213,0.6915901862367086
81,13,control_to_uncertain,0.891521495483908,0.7546270453137233
81,14,control_to_uncertain,0.9524588596020357,0.8502810166268062
81,15,control_to_uncertain,0.8837257970937981,0.965652560561919
81,16,control_to_uncertain,0.6765980250584026,1.1976215116357463
81,17,control_to_uncertain,0.7236377189726485,1.0843161933727863
81,18,control_to_uncertain,0.9812325042908162,1.0169288645626964
81,19,control_to_uncertain,0.9661667810824048,1.0571057653631344
81,20,control_to_uncertain,1.0038319478994662,1.0992464751110365
81,21,control_to_uncertain,0.9988182966585241,1.1113567485655589
81,22,control_to_uncertain,0.9150395796491737,0.9627464579855557
81,23,control_to_uncertain,0.9973144996048634,1.0161551364620685
81,24,control_to_uncertain,0.9921355075276637,0.9761117658551978
81,25,control_to_uncertain,1.0133866413644261,0.996139277930716
81,26,control_to_uncertain,1.0144776739247285,1.0016342228137476
81,27,control_to_uncertain,1.009556411057026,1.0089737145720585
81,28,control_to_uncertain,1.0063125124412424,0.961475026436177
81,29,control_to_uncertain,1.008781867434798,0.9933409332867839
81,30,control_to_uncertain,0.9996035978310609,1.0215894978558786
81,31,control_to_uncertain,1.0,1.0
81,0,uncertain_to_control,0.021715426092103796,0.019625427450692717
81,1,uncertain_to_control,0.015087509507776082,0.0012943277755763452
81,2,uncertain_to_control,0.00443907149504095,0.0027330175646176885
81,3,uncertain_to_control,0.061757469129898594,0.0839680810919341
81,4,uncertain_to_control,-0.0464030096552178,0.019247658393982497
81,5,uncertain_to_control,-0.046055423260788875,-0.03231064643516777
81,6,uncertain_to_control,-0.05928820453592561,-0.07902604458802873
81,7,uncertain_to_control,0.06316336343579161,-0.09420310506443233
81,8,uncertain_to_control,0.21052028756468769,-0.022546059606160258
81,9,uncertain_to_control,0.6917982176456731,0.19581883534703712
81,10,uncertain_to_control,0.676864997625203,0.29192378387889784
81,11,uncertain_to_control,0.7238262473017985,0.4070158295095453
81,12,uncertain_to_control,0.9119929329222443,0.4539536161302382
81,13,uncertain_to_control,1.0472234762653185,0.5366899698953844
81,14,uncertain_to_control,1.0161076687954562,0.5451827890150854
81,15,uncertain_to_control,1.0729819332818538,0.808709537690083
81,16,uncertain_to_control,1.0279195946338084,0.8949834891316321
81,17,uncertain_to_control,1.0232578237674606,0.945008717934218
81,18,uncertain_to_control,1.0293174433768655,0.923965255854496
81,19,uncertain_to_control,1.0302206256048863,0.9358351376094943
81,20,uncertain_to_control,1.0306911102316236,0.9639766539171166
81,21,uncertain_to_control,1.020686407645346,0.9633137465393736
81,22,uncertain_to_control,1.0042228808936686,0.968816460451849
81,23,uncertain_to_control,1.0181626321031698,0.9504899176113103
81,24,uncertain_to_control,1.0270329555293718,0.9378958726694919
81,25,uncertain_to_control,1.010175241398525,0.9243263663192255
81,26,uncertain_to_control,1.0014008771290683,0.9498031055275861
81,27,uncertain_to_control,1.013630901036142,0.9622157735127715
81,28,uncertain_to_control,1.012389805169012,0.9563485128340818
81,29,uncertain_to_control,1.0123884943750667,0.9529531481582675
81,30,uncertain_to_control,0.9925327684926358,0.9833430514678405
81,31,uncertain_to_control,1.0,1.0
82,0,control_to_uncertain,-0.007671003132243573,0.1310823459687775
82,1,control_to_uncertain,0.01910295444338924,-0.11028889526488338
82,2,control_to_uncertain,-0.00019875994878360473,-0.07580090591383941
82,3,control_to_uncertain,-0.010818030746270423,0.20684738691363716
82,4,control_to_uncertain,0.07904022593313437,-0.0047077181413244405
82,5,control_to_uncertain,0.19220372715103604,-0.4821574719077341
82,6,control_to_uncertain,0.3049601076796527,-0.21843441767049382
82,7,control_to_uncertain,0.20967476787950876,0.48719855787547683
82,8,control_to_uncertain,0.32950320644355663,0.9474440036123667
82,9,control_to_uncertain,0.45256851070486803,0.7361249606073291
82,10,control_to_uncertain,0.7497975366783375,0.3281033193322766
82,11,control_to_uncertain,0.89814796899227,0.16403343320649286
82,12,control_to_uncertain,0.9861387538814367,0.46106387257000137
82,13,control_to_uncertain,1.0932899507128926,0.886098150073141
82,14,control_to_uncertain,1.161423471102633,1.4908041631585631
82,15,control_to_uncertain,1.0678826039926983,1.3901032675926492
82,16,control_to_uncertain,1.04045502687294,1.4274819146484292
82,17,control_to_uncertain,1.006520527891581,1.332704030516973
82,18,control_to_uncertain,0.9850837859031693,1.245700319374609
82,19,control_to_uncertain,0.9853736355721466,1.2270846366231898
82,20,control_to_uncertain,0.9795769366954128,1.1590664289779542
82,21,control_to_uncertain,0.9793663671838106,1.2324108784918368
82,22,control_to_uncertain,0.9850970974303364,1.3268227635546064
82,23,control_to_uncertain,1.0096300063968957,1.248736494781353
82,24,control_to_uncertain,0.9945200094488282,1.241749293283726
82,25,control_to_uncertain,0.9945152974038134,1.2366796917258929
82,26,control_to_uncertain,1.0003691887269153,1.1452093220697732
82,27,control_to_uncertain,1.0095582655115443,0.9593011975371938
82,28,control_to_uncertain,1.0249167050330208,0.9758023169945862
82,29,control_to_uncertain,1.0001252225962702,1.0014016735417657
82,30,control_to_uncertain,1.0190750650269575,0.9985883313029449
82,31,control_to_uncertain,1.0,1.0
82,0,uncertain_to_control,0.011849497400026087,0.09020098493436123
82,1,uncertain_to_control,0.0001175066225583913,0.07057961317573129
82,2,uncertain_to_control,0.01175525649972863,0.08707896878219028
82,3,uncertain_to_control,0.021164974792178937,-0.05763030154795558
82,4,uncertain_to_control,-0.05961331839497262,-0.38355820472900193
82,5,uncertain_to_control,-0.00962052340630318,-0.47028234549841724
82,6,uncertain_to_control,0.08591813298881217,-0.41712781569404006
82,7,uncertain_to_control,0.2767054194083774,0.007766823610203055
82,8,uncertain_to_control,0.8208446323018991,0.8789689585753728
82,9,uncertain_to_control,1.0282083924290042,0.9141580786724552
82,10,uncertain_to_control,0.981002006359317,1.1236888708061505
82,11,uncertain_to_control,1.0339820022851651,0.971153393884376
82,12,uncertain_to_control,1.0155942773744708,1.1503071452425413
82,13,uncertain_to_control,0.980609993664361,1.4079105186662464
82,14,uncertain_to_control,0.9953006775066673,1.1813080012981942
82,15,uncertain_to_control,1.0078892886175577,1.0527194465741312
82,16,uncertain_to_control,1.0157534561451296,0.9740802105332474
82,17,uncertain_to_control,1.0220422103225415,0.8543482453210914
82,18,uncertain_to_control,1.0203565351190336,0.811736840496136
82,19,uncertain_to_control,1.0222341083557722,0.8469956327050888
82,20,uncertain_to_control,1.0153997582662007,0.8940304816959309
82,21,uncertain_to_control,1.0378293575895274,0.8032824089970508
82,22,uncertain_to_control,1.0360837805137677,0.8198690752247146
82,23,uncertain_to_control,1.0379327575273225,0.8540480966872528
82,24,uncertain_to_control,1.0295063841289136,0.9034438601524908
82,25,uncertain_to_control,1.0158127690117542,0.9606173243086881
82,26,uncertain_to_control,1.00606787706734,0.9403774288227353
82,27,uncertain_to_control,0.9983997600626678,0.9820066626529259
82,28,uncertain_to_control,0.9983998189632305,0.9752261256896657
82,29,uncertain_to_control,1.0078151917096987,0.9414619031716391
82,30,uncertain_to_control,1.000054276868515,0.9967004228538637
82,31,uncertain_to_control,1.0,1.0
83,0,control_to_uncertain,-0.006841861125689315,-0.028155736094504683
83,1,control_to_uncertain,-0.00852671549907949,0.006881116144496382
83,2,control_to_uncertain,0.00730470641325176,-0.046365096587268555
83,3,control_to_uncertain,-0.0027976742329070808,0.08796582537227136
83,4,control_to_uncertain,-0.0010072878830639058,0.13830780420639177
83,5,control_to_uncertain,0.023111766977918946,0.05131967984141228
83,6,control_to_uncertain,0.04917851056874096,0.2286088209609088
83,7,control_to_uncertain,0.0582998948947027,0.7254762804058037
83,8,control_to_uncertain,0.07629961897551898,0.708635637169639
83,9,control_to_uncertain,0.1696182908005334,-0.2492483201778338
83,10,control_to_uncertain,0.3763519989207049,-0.8596853105074791
83,11,control_to_uncertain,0.7156026609337244,0.011221107820565563
83,12,control_to_uncertain,0.846981763123584,0.33386051561859714
83,13,control_to_uncertain,0.9468127372259881,0.6672443699193349
83,14,control_to_uncertain,0.9866089390094663,1.0316755238743647
83,15,control_to_uncertain,1.0028351813620044,0.8979301639846449
83,16,control_to_uncertain,1.00079431403301,0.7989873352755839
83,17,control_to_uncertain,0.9921180576508549,0.8905252336193782
83,18,control_to_uncertain,0.9921204551813173,0.915085159906881
83,19,control_to_uncertain,0.990285247202661,0.9023711975955228
83,20,control_to_uncertain,0.9800462073201481,0.7738891602051953
83,21,control_to_uncertain,0.9907576419759634,0.7789560122757931
83,22,control_to_uncertain,0.990854355916648,0.8727110593605328
83,23,control_to_uncertain,0.9910972785794266,0.8853839633618736
83,24,control_to_uncertain,0.9908386297422593,0.9169882767298019
83,25,control_to_uncertain,0.9910116989327535,0.8032705510073319
83,26,control_to_uncertain,0.9906739315903287,0.9096372353964333
83,27,control_to_uncertain,0.9906407318888415,0.9172586841934327
83,28,control_to_uncertain,0.9906235021784002,0.9409948781362093
83,29,control_to_uncertain,0.9903871625653657,1.0464852242208744
83,30,control_to_uncertain,1.00105531976453,1.1079209659608968
83,31,control_to_uncertain,1.0,1.0
83,0,uncertain_to_control,0.00939153318212637,0.014306094512701211
83,1,uncertain_to_control,-0.19239271711517755,-0.4157909298023187
83,2,uncertain_to_control,-0.14104972417224754,-0.4825825356232964
83,3,uncertain_to_control,-0.1800496613894583,-0.6368273794774207
83,4,uncertain_to_control,-0.24494048943349403,-0.5132008080147105
83,5,uncertain_to_control,-0.11884265921888051,-0.14082888067188076
83,6,uncertain_to_control,-0.0069238241586141135,-0.07788552911090314
83,7,uncertain_to_control,0.4895519076520029,0.9826807708376938
83,8,uncertain_to_control,0.9217170341085281,1.1788872075297092
83,9,uncertain_to_control,1.0072865014361816,0.9340003704870943
83,10,uncertain_to_control,1.0099028167122501,0.6634296359202474
83,11,uncertain_to_control,1.0027033984587943,0.5888292527628153
83,12,uncertain_to_control,1.0226530056193643,0.8378956974579934
83,13,uncertain_to_control,1.0492927386726336,0.5370014763349363
83,14,uncertain_to_control,1.030894414993424,0.6962910392644147
83,15,uncertain_to_control,1.0202378797215859,0.8037900348594675
83,16,uncertain_to_control,1.0400861810610942,0.7664917678890335
83,17,uncertain_to_control,1.0353451661620678,0.7515651475893881
83,18,uncertain_to_control,1.0399669140796195,0.7671762869013566
83,19,uncertain_to_control,1.031057528337083,0.7987571842018529
83,20,uncertain_to_control,1.0298094715050456,0.8144193256332963
83,21,uncertain_to_control,1.0262000909842492,0.855197605145761
83,22,uncertain_to_control,1.0235606131257478,0.8345228214436647
83,23,uncertain_to_control,1.018396048057076,0.8963861469903537
83,24,uncertain_to_control,1.0075346255209803,0.8966748382326643
83,25,uncertain_to_control,1.0169131551480566,0.8318293321529069
83,26,uncertain_to_control,1.022575431286269,0.8270280760252349
83,27,uncertain_to_control,1.01116107320778,0.9483990065813585
83,28,uncertain_to_control,1.0152111929725538,0.9409427533285699
83,29,uncertain_to_control,1.0140654578643165,0.9397851014469044
83,30,uncertain_to_control,1.0083831074879956,0.9683318537907165
83,31,uncertain_to_control,1.0,1.0
84,0,control_to_uncertain,-0.031093833607901303,0.0010238482210385724
84,1,control_to_uncertain,0.0353236039574776,0.027057939566186674
84,2,control_to_uncertain,-0.04196533341442788,-0.00040663036495229983
84,3,control_to_uncertain,-0.06965829610117931,-0.0027257231769405306
84,4,control_to_uncertain,-0.15320649662677494,-0.07126150726797621
84,5,control_to_uncertain,-0.26348958746929046,-0.11215447250077056
84,6,control_to_uncertain,-0.4014587056985668,-0.1651420606813813
84,7,control_to_uncertain,-0.41822621146821204,-0.06896670706150454
84,8,control_to_uncertain,-0.43641588272355286,-0.28106854042599017
84,9,control_to_uncertain,-0.39492324601020057,-0.3583122178498971
84,10,control_to_uncertain,-0.17080871699047448,-0.5290873778716335
84,11,control_to_uncertain,0.0988727349095737,-0.4123550644357493
84,12,control_to_uncertain,0.09748777218430872,-0.3007102724609121
84,13,control_to_uncertain,0.7124585538369463,0.09994596829397209
84,14,control_to_uncertain,0.780969022040717,0.6208241475306954
84,15,control_to_uncertain,0.8864331518588559,1.102333219658381
84,16,control_to_uncertain,0.9570153443154802,1.05051809783638
84,17,control_to_uncertain,0.9975664008500438,1.182331632128874
84,18,control_to_uncertain,0.9618669083996063,1.139709714195175
84,19,control_to_uncertain,0.9496112085124873,1.1669337563857058
84,20,control_to_uncertain,0.9521190701874285,1.093459378431137
84,21,control_to_uncertain,0.9738405250884835,1.1184590225522029
84,22,control_to_uncertain,0.9604637375327854,1.1309631383694432
84,23,control_to_uncertain,0.9674866463301109,1.103379735820236
84,24,control_to_uncertain,0.9574451899190195,1.0447804010353292
84,25,control_to_uncertain,0.970420445054645,1.0463461136163612
84,26,control_to_uncertain,0.9598969018799477,1.0472563900383607
84,27,control_to_uncertain,0.9486665777550086,1.0689079096723562
84,28,control_to_uncertain,0.9588883996311469,1.0614513176185447
84,29,control_to_uncertain,0.9471824712223182,1.045947529209924
84,30,control_to_uncertain,0.9827071273815844,1.010442880502662
84,31,control_to_uncertain,1.0,1.0
84,0,uncertain_to_control,-0.018142840105919905,0.003806202567527254
84,1,uncertain_to_control,-0.07616637207927349,0.0073007789725682325
84,2,uncertain_to_control,-0.17343512224669783,-0.016821004655515382
84,3,uncertain_to_control,-0.15082594894684967,0.016525625140030625
84,4,uncertain_to_control,-0.016695912501014078,0.07758795161036765
84,5,uncertain_to_control,-0.024825132726388924,0.06463287529135654
84,6,uncertain_to_control,-0.18612991480401034,0.014852684688788514
84,7,uncertain_to_control,-0.02089589204307074,0.07478610128747715
84,8,uncertain_to_control,0.7277488645412459,0.042274394417837764
84,9,uncertain_to_control,0.7949517307887185,0.04898874679863689
84,10,uncertain_to_control,1.096224355953724,0.24481221351745788
84,11,uncertain_to_control,1.054265028366092,0.11748445582706883
84,12,uncertain_to_control,1.1549098158375177,0.5380994703283618
84,13,uncertain_to_control,1.1501637350446572,0.9994408058832048
84,14,uncertain_to_control,1.1615002097749503,1.0249000753844422
84,15,uncertain_to_control,1.0851555218381872,1.0477201157627754
84,16,uncertain_to_control,1.1316192433554344,1.030040669225694
84,17,uncertain_to_control,1.0645279377239614,0.9731661094324628
84,18,uncertain_to_control,1.0307380598681788,0.9616554373968724
84,19,uncertain_to_control,1.0470598474920383,0.9714105431764701
84,20,uncertain_to_control,1.0499016045376595,0.9709796202060013
84,21,uncertain_to_control,1.054005443185689,0.9923131697486814
84,22,uncertain_to_control,1.035275724171632,0.9714894554619061
84,23,uncertain_to_control,1.0330024472314234,0.9620041987525051
84,24,uncertain_to_control,1.0303662229250417,0.9665159699898126
84,25,uncertain_to_control,1.0238541430624168,0.9442622413069608
84,26,uncertain_to_control,1.0035632189058088,0.955953792679168
84,27,uncertain_to_control,1.012219164440777,0.95337738392467
84,28,uncertain_to_control,0.9928344766489164,0.9505413382780906
84,29,uncertain_to_control,0.9982648403741802,0.9682461605304886
84,30,uncertain_to_control,0.9932329584902991,0.9994633964590356
84,31,uncertain_to_control,1.0,1.0
85,0,control_to_uncertain,0.0016243315356866763,-0.004773516480461476
85,1,control_to_uncertain,0.1434979399309486,0.01670811719993153
85,2,control_to_uncertain,0.04213282895798269,0.0024491763630451052
85,3,control_to_uncertain,-0.021461645709415972,0.008337186534003657
85,4,control_to_uncertain,0.07565787565573236,-0.04490534440796996
85,5,control_to_uncertain,-0.044198600350536674,-0.11179320130302625
85,6,control_to_uncertain,-0.11598974797716823,-0.25478822095461595
85,7,control_to_uncertain,-0.47758778385492223,-0.17582388460359005
85,8,control_to_uncertain,-0.4466928436896861,-0.045913407742978786
85,9,control_to_uncertain,-0.4053889188371039,0.06484267277810389
85,10,control_to_uncertain,-0.07200513289355175,0.11638052857072405
85,11,control_to_uncertain,0.2549127880997253,0.09466839520130324
85,12,control_to_uncertain,0.5275544497383363,0.20925562767014558
85,13,control_to_uncertain,0.5401668485352996,0.27193484144465363
85,14,control_to_uncertain,0.49326784555032066,0.3116563714044472
85,15,control_to_uncertain,0.7888167455343049,0.6117784701999798
85,16,control_to_uncertain,0.9037631617161334,0.890112255691899
85,17,control_to_uncertain,0.9241825571087007,1.0047539815253008
85,18,control_to_uncertain,0.9212503739703465,1.0068805861423886
85,19,control_to_uncertain,0.9081342028289314,1.0073416281266714
85,20,control_to_uncertain,0.9219429134696278,1.0043116436747488
85,21,control_to_uncertain,0.9228230403290212,1.016134296532311
85,22,control_to_uncertain,0.9264937749606464,1.0122664606229521
85,23,control_to_uncertain,0.9250236524261839,0.9902335875753424
85,24,control_to_uncertain,0.9598286780763958,1.0533217572214093
85,25,control_to_uncertain,0.9365887867787485,1.0749965462327096
85,26,control_to_uncertain,0.9622890416439024,1.0534734353901596
85,27,control_to_uncertain,1.021352907962936,1.0350767268916339
85,28,control_to_uncertain,1.0209580699974172,1.0591601311377066
85,29,control_to_uncertain,1.02156831881514,1.0269644373277842
85,30,control_to_uncertain,1.0290917714135936,1.0259887121192028
85,31,control_to_uncertain,1.0,1.0
85,0,uncertain_to_control,0.08384201329608984,0.04422669111838044
85,1,uncertain_to_control,0.16184050335548364,0.03880862763318467
85,2,uncertain_to_control,0.055658093917755135,0.014787321963222518
85,3,uncertain_to_control,0.08142500718445825,-0.005103139557016665
85,4,uncertain_to_control,0.49339152736322467,0.055613887031079855
85,5,uncertain_to_control,-0.058936645121976515,-0.15631165986511508
85,6,uncertain_to_control,-0.33086821781488057,-0.11730776789277803
85,7,uncertain_to_control,0.10662453750818114,-0.10135750895875813
85,8,uncertain_to_control,1.067069756640794,0.0002802637623705849
85,9,uncertain_to_control,1.2502891234430027,0.12849337244158926
85,10,uncertain_to_control,1.1679658008972535,0.14374482534056487
85,11,uncertain_to_control,1.2591105468633634,0.330213875804339
85,12,uncertain_to_control,1.347026391319621,0.7028836853193534
85,13,uncertain_to_control,1.1465718459097647,0.6431230833189271
85,14,uncertain_to_control,1.1574321020766256,0.7185765813381103
85,15,uncertain_to_control,1.1162910872113103,0.9908600269335265
85,16,uncertain_to_control,1.053349727236377,1.0147604161307602
85,17,uncertain_to_control,0.9671504349362385,0.9893140173741803
85,18,uncertain_to_control,0.9321704064029033,0.979822968995768
85,19,uncertain_to_control,0.9311218146894471,0.9753564729883443
85,20,uncertain_to_control,0.9366369617297207,0.9790437863131543
85,21,uncertain_to_control,0.9270692198341975,0.9914305243154271
85,22,uncertain_to_control,0.9140005354301693,0.9840483137573697
85,23,uncertain_to_control,0.9267426133298516,0.992333435481763
85,24,uncertain_to_control,0.9071566445891026,0.9988736617783477
85,25,uncertain_to_control,0.9115126433192502,0.9896752329681873
85,26,uncertain_to_control,0.9279847405351215,1.0027705977408687
85,27,uncertain_to_control,0.9281341811993616,1.0045964450003138
85,28,uncertain_to_control,0.9258905065950033,1.0004335609677535
85,29,uncertain_to_control,0.9282206011624321,1.0009149261223997
85,30,uncertain_to_control,0.967744019153574,0.9972961236108905
85,31,uncertain_to_control,1.0,1.0
86,0,control_to_uncertain,0.006708563461605296,-0.014346841449645188
86,1,control_to_uncertain,0.15435048958346723,-0.45295583146050433
86,2,control_to_uncertain,0.1198197036933356,-0.36674352281828915
86,3,control_to_uncertain,0.1127147685339252,-0.38616092728242263
86,4,control_to_uncertain,-0.05741203470289113,0.2653439204841074
86,5,control_to_uncertain,-0.015017461659570599,0.1949732622629819
86,6,control_to_uncertain,0.09594391035483196,0.13879530141212384
86,7,control_to_uncertain,0.1591074855543479,0.7076340179143917
86,8,control_to_uncertain,0.4670979652542611,0.1524053168912982
86,9,control_to_uncertain,0.441674682771718,-0.1833232945382478
86,10,control_to_uncertain,0.46852054122456094,-0.271721469852311
86,11,control_to_uncertain,0.637295883899662,-0.4427220894510614
86,12,control_to_uncertain,0.778022863098018,-0.18130862710301962
86,13,control_to_uncertain,0.9226128074863637,0.383318545000788
86,14,control_to_uncertain,0.9714469551655138,0.7857956446741493
86,15,control_to_uncertain,0.9873339589108857,0.9344369531285419
86,16,control_to_uncertain,1.0576571596969995,0.9732391629587891
86,17,control_to_uncertain,1.042333366183296,0.9924026830568886
86,18,control_to_uncertain,1.0432375733113572,1.0687815061646837
86,19,control_to_uncertain,1.0435621452263528,1.0580335187811822
86,20,control_to_uncertain,1.035325017055796,0.9993739246075695
86,21,control_to_uncertain,1.0438141734735122,1.0674340407985268
86,22,control_to_uncertain,1.0517784446161529,1.0228593079060369
86,23,control_to_uncertain,0.9974154458620711,1.054247273873442
86,24,control_to_uncertain,1.0283881404016932,1.0808466266410193
86,25,control_to_uncertain,1.0285169217775734,1.0792319997927475
86,26,control_to_uncertain,0.9905859862058721,1.0213919167190195
86,27,control_to_uncertain,0.9905714060593422,1.0235978609810386
86,28,control_to_uncertain,0.9904848178421954,1.0212690764092633
86,29,control_to_uncertain,0.9848756866951461,1.0147907073140718
86,30,control_to_uncertain,0.990738750435024,1.020055029868114
86,31,control_to_uncertain,1.0,1.0
86,0,uncertain_to_control,0.015581832351881184,0.0668013808200724
86,1,uncertain_to_control,-0.0008036338724059836,0.020415023218761538
86,2,uncertain_to_control,0.015099080724736832,4.037106840845159e-05
86,3,uncertain_to_control,0.000141278644334405,0.12633920764761886
86,4,uncertain_to_control,0.1228265167280104,0.15340509452658985
86,5,uncertain_to_control,0.11936682648887695,0.12624292157002437
86,6,uncertain_to_control,0.2014082398180588,0.007580045897802907
86,7,uncertain_to_control,0.6452370053402613,0.4987115800199912
86,8,uncertain_to_control,1.0531013102374291,0.5925451691806832
86,9,uncertain_to_control,1.0836130341034984,0.7443334779783378
86,10,uncertain_to_control,1.0761875142528372,0.6742087162647911
86,11,uncertain_to_control,1.020474602217896,0.6455351109556717
86,12,uncertain_to_control,1.0466928895065317,0.7716852006571633
86,13,uncertain_to_control,1.0816741721690355,0.5438995429649636
86,14,uncertain_to_control,1.0955620295373536,0.557826698013614
86,15,uncertain_to_control,0.9831025028339044,1.0832326215503785
86,16,uncertain_to_control,0.9987387875697645,1.0087730433524826
86,17,uncertain_to_control,0.984828078053416,1.0361139716279903
86,18,uncertain_to_control,0.9917878961217524,0.988981288981289
86,19,uncertain_to_control,0.9933194363708123,1.0028309402141178
86,20,uncertain_to_control,1.009145679587176,0.9373041625378074
86,21,uncertain_to_control,1.0085583674806315,0.9188418468792301
86,22,uncertain_to_control,0.9916201054150545,0.9783462110564914
86,23,uncertain_to_control,0.9920702451226137,0.9883137630801182
86,24,uncertain_to_control,0.9916201649258567,0.9798915378354631
86,25,uncertain_to_control,1.009197632517464,0.9337098421210571
86,26,uncertain_to_control,1.01468009492211,0.9117546734369164
86,27,uncertain_to_control,1.008778259894623,0.9354635008840616
86,28,uncertain_to_control,1.0088291118750712,0.9288713587779008
86,29,uncertain_to_control,1.0007496873302455,0.9334401979261793
86,30,uncertain_to_control,1.008432353357052,0.9315067044039007
86,31,uncertain_to_control,1.0,1.0
87,0,control_to_uncertain,-0.00230883763046451,-0.03392542775958984
87,1,control_to_uncertain,-0.016124212285852976,-0.08908093458521218
87,2,control_to_uncertain,-0.01264740985666587,-0.11232163814936068
87,3,control_to_uncertain,-0.017140745934653052,0.07309592933473347
87,4,control_to_uncertain,-0.018370490400163482,0.21676138118475508
87,5,control_to_uncertain,-0.015799794949527057,0.303896936191241
87,6,control_to_uncertain,-0.02595731734687884,0.38487398851071714
87,7,control_to_uncertain,-0.01295281446544461,0.3157433288035086
87,8,control_to_uncertain,0.05768580074917321,-0.6202355766261042
87,9,control_to_uncertain,0.07444178460354627,-0.6840146086849095
87,10,control_to_uncertain,0.13954050589077935,-1.0
87,11,control_to_uncertain,0.3149523669566843,-1.0
87,12,control_to_uncertain,0.6134215569642685,-0.49320024399283463
87,13,control_to_uncertain,0.7435195843415356,0.48653561059979
87,14,control_to_uncertain,0.8802661083111573,1.0176844616715053
87,15,control_to_uncertain,1.0020625456036414,1.2885925628513188
87,16,control_to_uncertain,0.996129950729429,1.062702683921181
87,17,control_to_uncertain,1.0061881983024676,1.0876698684291803
87,18,control_to_uncertain,1.013773387565514,1.0548605534622275
87,19,control_to_uncertain,1.0207985202077532,1.0852260794366546
87,20,control_to_uncertain,1.0128714449825786,1.0645052195935512
87,21,control_to_uncertain,1.0119093604165244,1.063336602013713
87,22,control_to_uncertain,1.011715583446019,1.0734314194823646
87,23,control_to_uncertain,1.018848085748992,1.0701193711779604
87,24,control_to_uncertain,1.0251206949468537,1.0437156402495522
87,25,control_to_uncertain,1.0052170674837657,1.012654811909321
87,26,control_to_uncertain,1.0067578002795168,0.9908228581135339
87,27,control_to_uncertain,1.006234864488539,1.0023797022669714
87,28,control_to_uncertain,1.007058510195111,1.0579907653344864
87,29,control_to_uncertain,1.0065092466895316,1.018383624683427
87,30,control_to_uncertain,1.0056755565231232,1.015524430168633
87,31,control_to_uncertain,1.0,1.0
87,0,uncertain_to_control,0.032015998266613215,0.013949286552597443
87,1,uncertain_to_control,0.09038722422069886,0.08221631972326889
87,2,uncertain_to_control,0.10367810338637734,0.09330023472728396
87,3,uncertain_to_control,0.07594073307025791,0.10158595342516523
87,4,uncertain_to_control,0.05420520825206653,0.04060087096176416
87,5,uncertain_to_control,0.07668421026198789,0.08304790289702885
87,6,uncertain_to_control,0.1052633187899745,0.09431712891469517
87,7,uncertain_to_control,0.11185491757257349,0.12323259620730126
87,8,uncertain_to_control,0.6419415217163249,0.760349620112422
87,9,uncertain_to_control,0.87499817905173,1.0253231360800543
87,10,uncertain_to_control,0.8795755205034408,0.9058261010562728
87,11,uncertain_to_control,0.9496140416307923,0.7418192908765211
87,12,uncertain_to_control,1.0161708472779498,0.6133261782691951
87,13,uncertain_to_control,1.0052773498397707,0.7404344771140898
87,14,uncertain_to_control,0.9984256089056053,0.8583054079930817
87,15,uncertain_to_control,1.00322598727604,0.853893461609735
87,16,uncertain_to_control,1.0026306814638821,0.8535579714621039
87,17,uncertain_to_control,0.9942449924234514,0.9677458459447773
87,18,uncertain_to_control,0.9899327685622632,0.981246525418494
87,19,uncertain_to_control,1.0038495860232028,0.9473338377910927
87,20,uncertain_to_control,1.0023305018458566,0.9353191210080919
87,21,uncertain_to_control,1.0067571140120746,0.8804114676632281
87,22,uncertain_to_control,1.0029368503250398,0.889750756686639
87,23,uncertain_to_control,1.009624932071221,0.8820074587682994
87,24,uncertain_to_control,1.0083760812962395,0.9509863950830811
87,25,uncertain_to_control,1.0057884163233952,0.9309322688245105
87,26,uncertain_to_control,1.0042916202409342,0.9668239236518624
87,27,uncertain_to_control,1.001848274191793,0.9710752671567113
87,28,uncertain_to_control,0.9960104466125574,1.0056782383099636
87,29,uncertain_to_control,1.0017907213085697,0.9459941935882389
87,30,uncertain_to_control,1.00372222102472,0.9267148990054975
87,31,uncertain_to_control,1.0,1.0
88,0,control_to_uncertain,0.006086255564237864,0.3353331715497539
88,1,control_to_uncertain,0.035502334345944145,0.6797778977068989
88,2,control_to_uncertain,0.04947724149889813,0.6134116172683446
88,3,control_to_uncertain,0.11520522654240234,0.6023803918301707
88,4,control_to_uncertain,0.20217621238926398,-0.1582859150491327
88,5,control_to_uncertain,0.20372300466649693,-0.2549605380873559
88,6,control_to_uncertain,0.1539337625222789,-0.02535993828077178
88,7,control_to_uncertain,0.08434252822725796,0.44200239777752826
88,8,control_to_uncertain,0.09795599313414752,0.30069470351951727
88,9,control_to_uncertain,0.19287645855465904,0.05711129382191974
88,10,control_to_uncertain,0.28499961862472234,-0.43305564509994965
88,11,control_to_uncertain,0.49880393579286547,0.05572224898492877
88,12,control_to_uncertain,0.7864268264308981,0.49436884482902255
88,13,control_to_uncertain,0.9178880369983407,0.47234768498563867
88,14,control_to_uncertain,0.9868141281157538,0.4992049665144211
88,15,control_to_uncertain,0.9877563719852147,0.6318288667784664
88,16,control_to_uncertain,0.9864361550348122,0.9396278011800543
88,17,control_to_uncertain,0.9819859719746789,0.9400718608854391
88,18,control_to_uncertain,0.9814440349614125,0.9288019443005697
88,19,control_to_uncertain,0.9892134450424507,0.955340850233077
88,20,control_to_uncertain,0.9913516708078352,0.9849103006639164
88,21,control_to_uncertain,1.0107142308401451,0.9476516630506829
88,22,control_to_uncertain,1.004150076384804,1.0272814201217724
88,23,control_to_uncertain,1.011182032889365,1.0136354581312548
88,24,control_to_uncertain,1.0035870677015197,1.0049426090862004
88,25,control_to_uncertain,1.0045952154139266,0.9740656092781675
88,26,control_to_uncertain,1.00334254853069,1.0836965616160006
88,27,control_to_uncertain,1.003601225229813,1.0084871182843214
88,28,control_to_uncertain,0.9942910590270156,1.0167337344117295
88,29,control_to_uncertain,0.9893607272360115,1.0591747588639895
88,30,control_to_uncertain,0.99942014495553,0.999917417934072
88,31,control_to_uncertain,1.0,1.0
88,0,uncertain_to_control,0.012137775797431012,0.05629235500146692
88,1,uncertain_to_control,0.004557462005145,0.08943999942047673
88,2,uncertain_to_control,-0.009435553614230402,0.08026143743503
88,3,uncertain_to_control,-0.09557741863262421,0.09623889397983984
88,4,uncertain_to_control,-0.06833591973449696,0.08994418466508988
88,5,uncertain_to_control,-0.01803213649174254,0.167481500530626
88,6,uncertain_to_control,-0.05458533806860585,0.16750323265323863
88,7,uncertain_to_control,-0.01202243035374066,0.27161277703928804
88,8,uncertain_to_control,0.20737206642843972,0.4104183795804976
88,9,uncertain_to_control,0.4745983212902886,0.3431505782555625
88,10,uncertain_to_control,0.6603961803208162,0.9610658157333324
88,11,uncertain_to_control,0.793660774647269,1.2863659906769194
88,12,uncertain_to_control,0.9236766277865088,1.1449376831384082
88,13,uncertain_to_control,0.9201984578171506,1.1882161187153417
88,14,uncertain_to_control,0.9881124640025637,1.0497853952892002
88,15,uncertain_to_control,1.0096287929006031,0.809812053359605
88,16,uncertain_to_control,0.9771983129494192,1.0702041732919456
88,17,uncertain_to_control,0.9551345733425814,1.306418582413642
88,18,uncertain_to_control,0.9858295076911595,1.0209526638149293
88,19,uncertain_to_control,0.985828067244967,0.9881951109968162
88,20,uncertain_to_control,0.9770165286399115,1.0904135985135228
88,21,uncertain_to_control,0.9995365330078931,0.8368786876695559
88,22,uncertain_to_control,0.9921641236160742,0.9908822879578687
88,23,uncertain_to_control,1.0075908770643651,0.8914846299562822
88,24,uncertain_to_control,1.0142822846519224,0.875133380902535
88,25,uncertain_to_control,1.015704018762566,0.8091231450727845
88,26,uncertain_to_control,1.01542218517608,0.7873859516315391
88,27,uncertain_to_control,1.008470866221235,0.8058814367830663
88,28,uncertain_to_control,0.9919809400159794,1.0137050009236153
88,29,uncertain_to_control,1.0000877986250736,0.9228705236354944
88,30,uncertain_to_control,1.0000022498397676,1.0244714566679585
88,31,uncertain_to_control,1.0,1.0
89,0,control_to_uncertain,0.0005735295350993728,0.0014049585385220288
89,1,control_to_uncertain,-0.03537772255110652,0.026919898748318682
89,2,control_to_uncertain,-0.020804088294874762,0.01045364073940568
89,3,control_to_uncertain,-0.011219101315882229,0.03757800445924632
89,4,control_to_uncertain,0.00030050658281118215,0.04392758295438459
89,5,control_to_uncertain,0.0007038642777857238,0.021462640081514724
89,6,control_to_uncertain,0.05836826115546396,-0.0593278735373079
89,7,control_to_uncertain,0.08330849417585036,-0.06805214290431466
89,8,control_to_uncertain,0.012216558768388815,0.0009762833319827666
89,9,control_to_uncertain,0.06033189572223241,-0.02469449683128888
89,10,control_to_uncertain,0.08643961636705165,-0.19628102114106447
89,11,control_to_uncertain,0.2921384973242844,-0.5244159294544178
89,12,control_to_uncertain,0.5456494602894972,-0.4673078295113677
89,13,control_to_uncertain,0.8300882060204677,-0.26354556792763933
89,14,control_to_uncertain,0.7742013483639136,0.2982713967552581
89,15,control_to_uncertain,0.7815911582723915,0.4839938227773563
89,16,control_to_uncertain,0.8037888649702599,-0.34846108853284824
89,17,control_to_uncertain,0.8252829907267397,-0.43345946543066854
89,18,control_to_uncertain,0.7860972269980147,-0.37772117007571177
89,19,control_to_uncertain,0.8746945350302388,0.018378411470023566
89,20,control_to_uncertain,0.8898671424300335,0.05694995329991447
89,21,control_to_uncertain,0.9306344899276178,0.1234529234281219
89,22,control_to_uncertain,1.0286145394185529,0.9970060552218275
89,23,control_to_uncertain,1.0142373139528216,0.9841603773043052
89,24,control_to_uncertain,1.0075413382136706,0.9527080409748356
89,25,control_to_uncertain,1.006382662351189,0.9745253115247821
89,26,control_to_uncertain,1.0014752192853713,0.9536959961565015
89,27,control_to_uncertain,0.998930348433501,0.9757694937939553
89,28,control_to_uncertain,1.0032844921829756,0.9749280595395354
89,29,control_to_uncertain,1.0016528712063806,0.9948100751314196
89,30,control_to_uncertain,1.0034329604550791,0.9992972669948763
89,31,control_to_uncertain,1.0,1.0
89,0,uncertain_to_control,0.01122941476073828,0.01965467979237671
89,1,uncertain_to_control,0.03416300274926973,0.08696519890388875
89,2,uncertain_to_control,0.04224897018553094,0.11632306102146815
89,3,uncertain_to_control,0.03895223787019884,0.11078220792136144
89,4,uncertain_to_control,0.051510613668102466,0.1540097105637321
89,5,uncertain_to_control,0.06587367231397662,0.14632497395920374
89,6,uncertain_to_control,0.33599310653879205,0.23935275303064998
89,7,uncertain_to_control,0.5831743343918026,0.16162649209085708
89,8,uncertain_to_control,0.7624556946875786,0.5745455319663475
89,9,uncertain_to_control,0.8083106871995642,0.6547776882859079
89,10,uncertain_to_control,0.8050797172620093,0.9787561263659034
89,11,uncertain_to_control,0.7987968743235343,1.0619383080924971
89,12,uncertain_to_control,0.9283963023920165,0.9615180499965296
89,13,uncertain_to_control,1.0327064269988306,0.8813767311158065
89,14,uncertain_to_control,1.0237099297167067,1.0408444615539305
89,15,uncertain_to_control,1.0207428309658122,1.0238847564928066
89,16,uncertain_to_control,0.9889753241198381,1.0212190536533479
89,17,uncertain_to_control,0.9927352547772217,1.004922106665528
89,18,uncertain_to_control,1.0030625831167321,0.9924005647791233
89,19,uncertain_to_control,1.0041420947898516,0.9888204901581741
89,20,uncertain_to_control,1.000317790103037,0.9911146314270919
89,21,uncertain_to_control,1.004804138615419,0.9954612651560756
89,22,uncertain_to_control,1.0048050452918897,0.9922295006738878
89,23,uncertain_to_control,1.0044291145601587,0.991808483677022
89,24,uncertain_to_control,1.0001591217206363,0.9881915020215021
89,25,uncertain_to_control,0.9976489312437765,0.9891526534693108
89,26,uncertain_to_control,1.0001591217206363,0.9898279599343691
89,27,uncertain_to_control,1.0006878841049869,0.9997792036656805
89,28,uncertain_to_control,1.0000044767150749,0.9990169811342081
89,29,uncertain_to_control,1.0000035133713245,0.9969632891955187
89,30,uncertain_to_control,1.0000022666911772,1.0005480694633757
89,31,uncertain_to_control,1.0,1.0
90,0,control_to_uncertain,0.00719664659835363,-0.0006569253053768606
90,1,control_to_uncertain,-0.02447148549471157,0.01533445109672542
90,2,control_to_uncertain,-0.012857150040037688,-0.04056392034261472
90,3,control_to_uncertain,0.0371890672540699,-0.0455989234016747
90,4,control_to_uncertain,0.11757127349041212,0.009646795578776434
90,5,control_to_uncertain,0.14923113366910817,0.05949879113223377
90,6,control_to_uncertain,0.1571975954355901,0.09475822098148476
90,7,control_to_uncertain,0.06462948068110619,0.012984286159882561
90,8,control_to_uncertain,0.10100867075039725,-0.012408743674820881
90,9,control_to_uncertain,0.2845506915077121,-0.08134665017281677
90,10,control_to_uncertain,0.25439936088918863,-0.0656095578210033
90,11,control_to_uncertain,0.5522776067437836,0.033547807041034924
90,12,control_to_uncertain,0.8990580722449538,0.23754611817361848
90,13,control_to_uncertain,1.0644833029786516,0.35160210379062096
90,14,control_to_uncertain,1.2673696009742044,0.881932805216132
90,15,control_to_uncertain,1.2459319617201754,0.8741464864929858
90,16,control_to_uncertain,1.1232387107426702,0.8837903010160729
90,17,control_to_uncertain,0.8922537738987365,0.8968295876534212
90,18,control_to_uncertain,0.9915838137125957,0.8788199371812071
90,19,control_to_uncertain,1.016675936076592,0.9639195874139431
90,20,control_to_uncertain,1.0187552682768353,0.9354961157341213
90,21,control_to_uncertain,1.0183089092897004,0.9251329724732299
90,22,control_to_uncertain,1.0169895389478223,0.8987740805952255
90,23,control_to_uncertain,1.0194486493342487,0.9117707878204796
90,24,control_to_uncertain,1.0012342993793957,0.9453801536614965
90,25,control_to_uncertain,1.0094648541766924,0.9818281800982933
90,26,control_to_uncertain,1.0087198142030716,0.9813655202553294
90,27,control_to_uncertain,1.0091704713417904,0.9848166884267171
90,28,control_to_uncertain,1.008625335965424,0.9864395254596564
90,29,control_to_uncertain,0.9993965557370511,0.9867962584571308
90,30,control_to_uncertain,0.9987291257835409,0.9929937241821946
90,31,control_to_uncertain,1.0,1.0
90,0,uncertain_to_control,-0.006873636451958587,-0.015553707742666132
90,1,uncertain_to_control,0.019496983265268452,-0.038019763206797126
90,2,uncertain_to_control,0.018963363691259068,-0.04244923932898821
90,3,uncertain_to_control,0.01529095810015861,0.018623648575666497
90,4,uncertain_to_control,0.03636885017632964,0.17157297092705565
90,5,uncertain_to_control,-0.03319940941775292,0.2152214889598093
90,6,uncertain_to_control,-0.04516002991513503,0.31589347853326893
90,7,uncertain_to_control,0.08171151098518338,0.12027536210138193
90,8,uncertain_to_control,0.5882322935212583,0.5785928999799176
90,9,uncertain_to_control,0.8910243403513228,0.8040143690858961
90,10,uncertain_to_control,0.9298995805815026,0.8620324698573039
90,11,uncertain_to_control,0.9025692160544558,0.9296605004854649
90,12,uncertain_to_control,0.9537041227059021,0.9246974402370377
90,13,uncertain_to_control,0.9412097609887111,1.0344726298843478
90,14,uncertain_to_control,0.9970355729622585,0.9505300764173752
90,15,uncertain_to_control,1.052372166078631,0.8921943938465446
90,16,uncertain_to_control,1.0145553254017028,0.955949834397388
90,17,uncertain_to_control,1.0012985283615559,0.9695715696321446
90,18,uncertain_to_control,0.991514313412455,1.0001582940570966
90,19,uncertain_to_control,0.993883243712818,0.9998669455477387
90,20,uncertain_to_control,0.9939366867674185,1.000078699870195
90,21,uncertain_to_control,0.9938983277919616,0.9993237972011663
90,22,uncertain_to_control,0.9969497721249786,0.9959301634045802
90,23,uncertain_to_control,0.9969715872716972,0.9981448890446104
90,24,uncertain_to_control,0.9963202956609267,0.9973263905208789
90,25,uncertain_to_control,0.9950454476816825,1.0025968969793857
90,26,uncertain_to_control,1.0000136243295492,1.0005392729741764
90,27,uncertain_to_control,1.0041072487758784,0.9971549798187498
90,28,uncertain_to_control,1.0034440358767525,0.99206751017956
90,29,uncertain_to_control,1.0034401432111668,0.9915030969690712
90,30,uncertain_to_control,1.0034170305092531,0.9958784917726341
90,31,uncertain_to_control,1.0,1.0
91,0,control_to_uncertain,0.019364929481747496,-0.10360708624370239
91,1,control_to_uncertain,-0.009399906570319715,0.07857510404744901
91,2,control_to_uncertain,0.004580119473358762,0.04629349999935193
91,3,control_to_uncertain,-0.005047635898603383,0.12357894709554997
91,4,control_to_uncertain,-0.024939943507923727,0.2866337102069543
91,5,control_to_uncertain,-0.027614919353206344,0.3108394046580594
91,6,control_to_uncertain,-0.04008294583842928,0.29933845134882564
91,7,control_to_uncertain,-0.02272890899939256,0.2966084614457378
91,8,control_to_uncertain,0.024655518930876936,0.17564803641628313
91,9,control_to_uncertain,0.06141582484110493,-0.01639063255405218
91,10,control_to_uncertain,0.2615438950258963,0.20149561322215928
91,11,control_to_uncertain,0.5743277563950684,0.6964665991811002
91,12,control_to_uncertain,0.8856780072784806,0.924412817245889
91,13,control_to_uncertain,0.9483233155673516,0.9648425905643773
91,14,control_to_uncertain,0.9780200194650951,1.0398471594495562
91,15,control_to_uncertain,0.9811258881084997,1.01759377231787
91,16,control_to_uncertain,1.0003095606036436,1.0785686233592517
91,17,control_to_uncertain,1.0066090347680616,1.0887711707881684
91,18,control_to_uncertain,1.0053809708407266,1.0549572080158336
91,19,control_to_uncertain,1.0104358936108764,1.0941689359876503
91,20,control_to_uncertain,1.00680351958209,1.0829923411226885
91,21,control_to_uncertain,1.0241580926844005,1.1252697586462101
91,22,control_to_uncertain,1.0203146622549233,1.1487742426343739
91,23,control_to_uncertain,1.011669172961425,1.1686236184792935
91,24,control_to_uncertain,1.0236778531501067,1.1292456608552175
91,25,control_to_uncertain,1.019429049745369,1.1254317758511412
91,26,control_to_uncertain,1.0017062845881268,1.0390312408055236
91,27,control_to_uncertain,1.0091589561208465,1.1005773645114922
91,28,control_to_uncertain,1.0071776841377982,1.1222594789785918
91,29,control_to_uncertain,0.9985875456261468,1.0242617524040112
91,30,control_to_uncertain,1.0042075847374046,1.0821355941430133
91,31,control_to_uncertain,1.0,1.0
91,0,uncertain_to_control,-0.010098909975496869,0.02256640437161303
91,1,uncertain_to_control,-0.022387961221772192,-0.00155536516733785
91,2,uncertain_to_control,-0.018487077017216608,-0.004179071783990886
91,3,uncertain_to_control,-0.019159025414473417,0.14193095993249716
91,4,uncertain_to_control,0.0018216968566591718,0.08569089968801967
91,5,uncertain_to_control,0.014046060031140492,0.32202118407357916
91,6,uncertain_to_control,0.05800846057309867,0.18717977299445382
91,7,uncertain_to_control,0.2469447372599645,0.29753390372030386
91,8,uncertain_to_control,0.6010392929459162,0.42886731827826263
91,9,uncertain_to_control,0.7059543235548249,0.5460848218394008
91,10,uncertain_to_control,0.7365974164665064,0.5784085503607799
91,11,uncertain_to_control,0.8057702475057948,0.7516059145352764
91,12,uncertain_to_control,0.9479042889085372,1.0807415981117867
91,13,uncertain_to_control,0.9566127365618969,1.0941806012264055
91,14,uncertain_to_control,0.9755639284128066,1.1424448785065384
91,15,uncertain_to_control,1.007051451969091,0.9216737543793251
91,16,uncertain_to_control,1.0153544793298426,0.9718660363981372
91,17,uncertain_to_control,1.004311493632962,0.9041003962292764
91,18,uncertain_to_control,1.0127294075139381,0.841301879529191
91,19,uncertain_to_control,1.0136426533545513,0.8005321941147574
91,20,uncertain_to_control,1.003264192488821,0.8912090112673245
91,21,uncertain_to_control,1.002305101395766,0.9094540927490172
91,22,uncertain_to_control,1.0039667709824913,0.861777613888374
91,23,uncertain_to_control,0.9977807427879346,0.8617973799873756
91,24,uncertain_to_control,1.0045454831748397,0.857307559204327
91,25,uncertain_to_control,1.004967385676898,0.8206501944854528
91,26,uncertain_to_control,1.0011362367278913,0.8755678703032832
91,27,uncertain_to_control,1.001599841585726,0.8534901098217422
91,28,uncertain_to_control,1.0075700185550247,0.8829069256522488
91,29,uncertain_to_control,1.004308749226795,0.9093546141851896
91,30,uncertain_to_control,1.0028811533016768,0.9288763912417387
91,31,uncertain_to_control,1.0,1.0
92,0,control_to_uncertain,-0.007661703571642097,0.07859684520738662
92,1,control_to_uncertain,-0.009066474727533354,0.22948748754408158
92,2,control_to_uncertain,0.011484709896640785,-0.02864375366610365
92,3,control_to_uncertain,-0.01964038181689479,0.4052007434681517
92,4,control_to_uncertain,-0.03216639922778588,0.6733969851377042
92,5,control_to_uncertain,-0.02043224113019895,0.5141776620329472
92,6,control_to_uncertain,-0.03483508792070865,0.6719146425063075
92,7,control_to_uncertain,-0.05477533192360784,0.8955323889214765
92,8,control_to_uncertain,-0.037459512839067066,0.6431564887384363
92,9,control_to_uncertain,0.04045517786714288,-0.2866274673319246
92,10,control_to_uncertain,0.20545606067860753,-0.9764017766910014
92,11,control_to_uncertain,0.44588949203223477,-0.10926976515735093
92,12,control_to_uncertain,0.7378571732280312,0.46129610456611003
92,13,control_to_uncertain,0.8542729701146488,0.6719287768818154
92,14,control_to_uncertain,0.8765852241468854,0.7298593982996346
92,15,control_to_uncertain,0.9237422785043579,0.9250546823652464
92,16,control_to_uncertain,0.9789217305091699,0.9838536844783355
92,17,control_to_uncertain,1.0083284100438379,1.0473854938904161
92,18,control_to_uncertain,1.0034548413205282,1.0782885391416195
92,19,control_to_uncertain,1.0079361370027198,1.0816675382864898
92,20,control_to_uncertain,1.016948718539579,1.105597036021456
92,21,control_to_uncertain,1.0308500866282775,1.089490031731673
92,22,control_to_uncertain,1.0258569041957466,1.1221519233351473
92,23,control_to_uncertain,1.0217722970904124,1.0855942444822932
92,24,control_to_uncertain,1.0206001300493548,1.1092476801956197
92,25,control_to_uncertain,1.020650435617241,1.110539208757659
92,26,control_to_uncertain,1.0175162725797735,1.1220931773369422
92,27,control_to_uncertain,1.0116075761210273,1.0857519311090538
92,28,control_to_uncertain,1.0017018736320586,1.0342175563078184
92,29,control_to_uncertain,1.0019505629127996,1.0733017547827193
92,30,control_to_uncertain,0.999790892843207,1.0274127378992077
92,31,control_to_uncertain,1.0,1.0
92,0,uncertain_to_control,0.0077129947501842645,-0.08003280941914784
92,1,uncertain_to_control,0.041436885505020296,0.07753411684888233
92,2,uncertain_to_control,0.003293201172931875,-0.0025278447197506697
92,3,uncertain_to_control,0.018274877389541578,-0.11848758648471014
92,4,uncertain_to_control,-0.033058721835263816,-0.1017326094177344
92,5,uncertain_to_control,-0.014065925643836855,-0.0584778867695178
92,6,uncertain_to_control,0.21539732400004724,0.2591838104862932
92,7,uncertain_to_control,0.46053958911192755,0.6225600534279394
92,8,uncertain_to_control,0.6467067367335968,0.819765510710323
92,9,uncertain_to_control,0.7352438561417668,1.003053025109718
92,10,uncertain_to_control,0.7638113473394258,1.0230107633269494
92,11,uncertain_to_control,0.8243743230210008,0.9420596611990191
92,12,uncertain_to_control,0.9573884242906427,1.112584717913201
92,13,uncertain_to_control,0.9670500107323144,1.0414499395755448
92,14,uncertain_to_control,0.9792181824823042,0.9599926501247359
92,15,uncertain_to_control,1.0158398079904283,0.7322675425268023
92,16,uncertain_to_control,1.0005162431494392,0.873579053562216
92,17,uncertain_to_control,0.9995396803991865,0.8410244948727553
92,18,uncertain_to_control,1.0003336094948685,0.9555601983052884
92,19,uncertain_to_control,0.9954823352845993,0.9867075032332384
92,20,uncertain_to_control,0.9964270726667673,0.939467770090248
92,21,uncertain_to_control,1.0009760305204984,0.8960337175527743
92,22,uncertain_to_control,1.0004147843885027,0.8901993123626315
92,23,uncertain_to_control,0.9964135599446725,0.8783383628152849
92,24,uncertain_to_control,0.9966745102219751,0.8932306942098531
92,25,uncertain_to_control,1.000878119957924,0.874733655361522
92,26,uncertain_to_control,0.9973645658106132,0.9132056586972346
92,27,uncertain_to_control,0.9951148799198013,1.0270819051724747
92,28,uncertain_to_control,0.995266525975345,1.0377387826062374
92,29,uncertain_to_control,0.996055921262009,1.0536814747807406
92,30,uncertain_to_control,0.9951632734030146,1.017717881398455
92,31,uncertain_to_control,1.0,1.0
93,0,control_to_uncertain,-0.0049548668553895505,0.06635143096233177
93,1,control_to_uncertain,-0.027587649188721676,0.2142746685643071
93,2,control_to_uncertain,0.007783117688965703,-0.023323922958776062
93,3,control_to_uncertain,0.00594094701816105,-0.06653483344381472
93,4,control_to_uncertain,0.015370006235673703,-0.01753320955357738
93,5,control_to_uncertain,0.028690977810611275,-0.12182086856302125
93,6,control_to_uncertain,0.06749691832457608,-0.24517324936071377
93,7,control_to_uncertain,0.12650308915811453,-0.412902939819961
93,8,control_to_uncertain,0.35804453609071074,-0.45561609190968344
93,9,control_to_uncertain,0.42437743940500944,-0.2510485580064489
93,10,control_to_uncertain,0.5050774621977564,-0.1626617587891917
93,11,control_to_uncertain,0.7549696333855737,-0.09122107815618921
93,12,control_to_uncertain,0.8134447983207193,0.05184368559129874
93,13,control_to_uncertain,0.98768555341965,0.1692632329796914
93,14,control_to_uncertain,0.9922082801627774,0.24776558591171166
93,15,control_to_uncertain,0.9718667919634371,0.8516091199083393
93,16,control_to_uncertain,0.9992098985744856,0.9209555607666223
93,17,control_to_uncertain,1.0131007182823253,0.954667440882308
93,18,control_to_uncertain,1.014734301587606,0.9325160079573667
93,19,control_to_uncertain,1.0071562803238614,0.9669787554280536
93,20,control_to_uncertain,1.0206936460084604,1.010397770204812
93,21,control_to_uncertain,1.0180551432465375,1.068310656733155
93,22,control_to_uncertain,1.004349623239163,1.029619162378534
93,23,control_to_uncertain,1.0109911298005547,1.0544160576655301
93,24,control_to_uncertain,1.0061052274282796,0.9992108955962763
93,25,control_to_uncertain,1.0136732914108226,1.0038568662065361
93,26,control_to_uncertain,0.9930418047613421,1.0235354110601171
93,27,control_to_uncertain,0.9926953031592951,0.9690858536793346
93,28,control_to_uncertain,0.9925054667094064,0.9805436022480678
93,29,control_to_uncertain,0.99250552562823,1.0327860698032552
93,30,control_to_uncertain,1.0002495801370976,1.0107402117385031
93,31,control_to_uncertain,1.0,1.0
93,0,uncertain_to_control,0.030735770316042632,0.04635277771856111
93,1,uncertain_to_control,0.09845076193675482,0.08705053279774394
93,2,uncertain_to_control,0.1124610101001888,0.04706845345349918
93,3,uncertain_to_control,0.1583674937308162,0.045796141035831496
93,4,uncertain_to_control,0.242123783204771,0.06671383697278978
93,5,uncertain_to_control,0.4332797496091399,0.2014145000979613
93,6,uncertain_to_control,0.7666451347825537,0.9400473530318426
93,7,uncertain_to_control,0.7859631293660874,1.1284565192306977
93,8,uncertain_to_control,0.8409584749263139,1.2732747731240244
93,9,uncertain_to_control,0.8614913609243704,1.2770971244724219
93,10,uncertain_to_control,0.886039034486631,1.3217282198555858
93,11,uncertain_to_control,0.9489328460628778,1.0031296855188852
93,12,uncertain_to_control,0.9371675965677311,1.0289887586460567
93,13,uncertain_to_control,0.9791910645833088,0.8003200407139973
93,14,uncertain_to_control,0.982354843388022,0.9178309509621694
93,15,uncertain_to_control,1.0112907909377782,0.7646056220643337
93,16,uncertain_to_control,0.9908193720025232,0.9189005731835118
93,17,uncertain_to_control,1.003314876128034,0.9171863352292818
93,18,uncertain_to_control,1.003986889501193,0.914568620106123
93,19,uncertain_to_control,0.9984938581103336,0.9294783620601851
93,20,uncertain_to_control,1.0017070108892887,0.9000155316861624
93,21,uncertain_to_control,0.9957092955845144,0.9778621023135444
93,22,uncertain_to_control,0.9953162481117622,0.9829005948398933
93,23,uncertain_to_control,0.9957042874845018,0.9829483065555559
93,24,uncertain_to_control,0.9987180589641322,0.994268841644139
93,25,uncertain_to_control,0.9987180442344263,0.9927786118868495
93,26,uncertain_to_control,1.0049377656668173,0.911822658598311
93,27,uncertain_to_control,1.0003725879112302,0.9233908885511847
93,28,uncertain_to_control,0.9997609810620466,0.9114676969690202
93,29,uncertain_to_control,0.9946116526291097,1.005986297601319
93,30,uncertain_to_control,0.9953857723237015,1.0060783372230224
93,31,uncertain_to_control,1.0,1.0
94,0,control_to_uncertain,0.0282596597536521,-0.01985271469454303
94,1,control_to_uncertain,0.022401069953114798,-0.011626302081999917
94,2,control_to_uncertain,0.047428988582180635,0.0165713889743223
94,3,control_to_uncertain,0.05186057298701391,0.0017952963871850564
94,4,control_to_uncertain,0.04503470729675204,-0.013933174876637377
94,5,control_to_uncertain,0.05172356268145448,-0.003041467386833348
94,6,control_to_uncertain,-0.005846181946900086,-0.06262009273232663
94,7,control_to_uncertain,0.0005103959732004162,-0.05318118941742302
94,8,control_to_uncertain,0.03651061407541038,-0.3332417365788851
94,9,control_to_uncertain,0.2403013679805587,-0.0589134394740594
94,10,control_to_uncertain,0.3960557107261371,0.19733013097425608
94,11,control_to_uncertain,0.7550204111748018,0.539026532450682
94,12,control_to_uncertain,0.8201488387852688,0.5512747821846247
94,13,control_to_uncertain,0.8645054204622272,0.5902747458872772
94,14,control_to_uncertain,0.874891726781823,0.5443864786805425
94,15,control_to_uncertain,1.049934621089643,0.8751850282886051
94,16,control_to_uncertain,1.0325370468671977,0.881590656721421
94,17,control_to_uncertain,1.0228360732008162,0.8994548684585267
94,18,control_to_uncertain,1.0222860896575148,0.9003656019027547
94,19,control_to_uncertain,1.02882946263886,0.9134044283446555
94,20,control_to_uncertain,1.0161340432567936,0.9120538029094998
94,21,control_to_uncertain,1.0378170933377404,0.9486004527951859
94,22,control_to_uncertain,1.0386415575155705,0.993694160826378
94,23,control_to_uncertain,1.040879724745504,1.0145031228804027
94,24,control_to_uncertain,1.0238070292778194,0.9846280164774027
94,25,control_to_uncertain,1.0244905218373943,1.0112519501290376
94,26,control_to_uncertain,1.0300831797717689,1.0260588783937594
94,27,control_to_uncertain,1.0109854612540363,1.0107171616248058
94,28,control_to_uncertain,1.0082940176242892,1.0432633659292616
94,29,control_to_uncertain,1.0052214701563582,1.041438940636314
94,30,control_to_uncertain,0.9999698429098004,0.9961833168516068
94,31,control_to_uncertain,1.0,1.0
94,0,uncertain_to_control,0.01342010959367704,0.032581363803989315
94,1,uncertain_to_control,0.06146045650908654,0.004495750763979514
94,2,uncertain_to_control,0.045831621183704895,0.04904283667297376
94,3,uncertain_to_control,-0.006066890956191498,0.022105881069181037
94,4,uncertain_to_control,0.34290334089062346,0.07501284914720008
94,5,uncertain_to_control,0.39212257446427684,0.14330659277027386
94,6,uncertain_to_control,0.21997767429721554,-0.0006279782457139262
94,7,uncertain_to_control,0.22707655110278024,0.19521999207830304
94,8,uncertain_to_control,0.3694232815573152,0.17034299627889607
94,9,uncertain_to_control,0.47563353753133575,0.17865975401321793
94,10,uncertain_to_control,0.675553475568227,0.2707086892094813
94,11,uncertain_to_control,0.7910120421733617,0.37142984581819855
94,12,uncertain_to_control,1.0739484053333224,0.8241676841871346
94,13,uncertain_to_control,1.0050734576242473,0.7324248300709528
94,14,uncertain_to_control,1.015956161149114,0.7902407014786674
94,15,uncertain_to_control,1.027044661257737,1.1200973406105532
94,16,uncertain_to_control,1.0149412408904024,1.1131337115767261
94,17,uncertain_to_control,1.0091222769952504,1.024540192826529
94,18,uncertain_to_control,1.006338036420999,1.0182729266960846
94,19,uncertain_to_control,1.015300148599062,1.0157252852897547
94,20,uncertain_to_control,1.0164382465149682,1.0630977612729149
94,21,uncertain_to_control,1.0001616471148411,0.9910146428506003
94,22,uncertain_to_control,1.0015928566133738,1.0019991987275219
94,23,uncertain_to_control,1.0011657504342077,1.003610846466658
94,24,uncertain_to_control,1.0109481738009845,0.9825961615156862
94,25,uncertain_to_control,1.0168378662953972,0.9822652753517913
94,26,uncertain_to_control,1.0045983556693228,0.9564556994288345
94,27,uncertain_to_control,1.0042002309649756,0.9900568025040846
94,28,uncertain_to_control,1.003811089495548,0.9857969276059078
94,29,uncertain_to_control,1.003514591629488,0.9897894082519687
94,30,uncertain_to_control,1.0038533094218276,1.0022925359113326
94,31,uncertain_to_control,1.0,1.0
95,0,control_to_uncertain,0.008868311185067495,-0.2668141251277393
95,1,control_to_uncertain,0.005134510560388374,-0.1394000227092086
95,2,control_to_uncertain,0.013969441592446718,-0.26330736913818553
95,3,control_to_uncertain,0.002406364420914398,0.014988077665493357
95,4,control_to_uncertain,-0.009877679708885893,0.287606222323152
95,5,control_to_uncertain,0.009188263601026515,-0.0012194845009651414
95,6,control_to_uncertain,0.010239585978931423,-0.012664925627341887
95,7,control_to_uncertain,0.043732675326412715,-0.5322102872714886
95,8,control_to_uncertain,0.17179438971370214,-1.0
95,9,control_to_uncertain,0.2504437398447144,-0.6682166458498922
95,10,control_to_uncertain,0.4814148491513653,4.723515385488816e-05
95,11,control_to_uncertain,0.6971985708896795,0.38694356761666854
95,12,control_to_uncertain,0.836726132243611,0.6081516975133416
95,13,control_to_uncertain,0.8990805167539635,0.6472905643238334
95,14,control_to_uncertain,0.9134025887588246,0.6666565232201658
95,15,control_to_uncertain,0.9321753724686448,0.9893425684114908
95,16,control_to_uncertain,0.9549068409172863,0.9776673100942432
95,17,control_to_uncertain,0.9556029367513083,1.0033605086862722
95,18,control_to_uncertain,0.9568506319917124,1.004031338707846
95,19,control_to_uncertain,0.9606607551860036,1.0267855115249234
95,20,control_to_uncertain,0.9560019834074863,1.0314690587033042
95,21,control_to_uncertain,0.9788560705637772,1.0600499602588849
95,22,control_to_uncertain,0.987596071877549,1.0559091631656636
95,23,control_to_uncertain,0.9925169328286553,1.09123560803906
95,24,control_to_uncertain,0.9812492418326028,1.0680549562847734
95,25,control_to_uncertain,0.9943739521352811,1.158550698308164
95,26,control_to_uncertain,0.9854364600518654,1.171293743613035
95,27,control_to_uncertain,0.9972329857997152,1.1252299307369138
95,28,control_to_uncertain,1.0004348196848112,1.142911320540479
95,29,control_to_uncertain,1.0000261645705293,1.1496991029862609
95,30,control_to_uncertain,1.0000001478224323,1.0466238219598047
95,31,control_to_uncertain,1.0,1.0
95,0,uncertain_to_control,0.020947695157253966,0.003915975928238901
95,1,uncertain_to_control,0.017856802007650364,0.07581242193709549
95,2,uncertain_to_control,0.012241249535629687,0.031803792437833545
95,3,uncertain_to_control,-0.010410173065884366,-0.022943113432496876
95,4,uncertain_to_control,-0.0017002536170994337,-0.009292608152605882
95,5,uncertain_to_control,0.06485842260345422,0.08621505620529124
95,6,uncertain_to_control,0.16194420497723674,0.03908754399909163
95,7,uncertain_to_control,0.34568874490162743,0.07649778585216305
95,8,uncertain_to_control,0.7136281288350105,0.44174134211422733
95,9,uncertain_to_control,0.7813627879384656,0.779088452367435
95,10,uncertain_to_control,0.8179824048806532,0.8807975474054729
95,11,uncertain_to_control,0.7809950057267334,0.8664780288406949
95,12,uncertain_to_control,0.9320654295345709,1.0948599977290792
95,13,uncertain_to_control,0.9812342932891295,1.0712451459066652
95,14,uncertain_to_control,0.9742255328698423,1.2652217554218235
95,15,uncertain_to_control,0.9834730085939343,1.2729437947087543
95,16,uncertain_to_control,1.0015114843709652,1.0880040876575452
95,17,uncertain_to_control,1.0012463278829047,1.0842961280799364
95,18,uncertain_to_control,1.0027559644734654,1.020536391506756
95,19,uncertain_to_control,1.0030944039323724,0.9997020551833768
95,20,uncertain_to_control,0.9968911649026677,1.0407557624616781
95,21,uncertain_to_control,0.9960288057878395,0.9939602588849779
95,22,uncertain_to_control,0.9964029258863595,0.9964582718292267
95,23,uncertain_to_control,0.9982664309022056,1.0028077665493358
95,24,uncertain_to_control,0.9962384826692519,0.9355003974111502
95,25,uncertain_to_control,0.9996329384226256,0.8976972862495742
95,26,uncertain_to_control,0.9964852999367967,0.9575914613375723
95,27,uncertain_to_control,1.0028034524298635,0.8778830475757919
95,28,uncertain_to_control,0.9983362585236956,0.9970205518337686
95,29,uncertain_to_control,0.9991134719174796,0.9562765981605541
95,30,uncertain_to_control,1.001391461794784,0.9926158737368003
95,31,uncertain_to_control,1.0,1.0
96,0,control_to_uncertain,-0.013252340840002201,0.02631546068504976
96,1,control_to_uncertain,0.012522224750470089,-0.06359591188323906
96,2,control_to_uncertain,-0.002204457800805383,0.022001522714469857
96,3,control_to_uncertain,0.004476510104751792,-0.03812874966339733
96,4,control_to_uncertain,0.0011646479197418786,-0.07515015279929292
96,5,control_to_uncertain,-0.01238661812589855,-0.05699961326810341
96,6,control_to_uncertain,0.02639222304062149,-0.47647113003938313
96,7,control_to_uncertain,0.16245739249401522,-0.9271917721118296
96,8,control_to_uncertain,0.218960311824838,-1.0
96,9,control_to_uncertain,0.3768604149049638,-1.0
96,10,control_to_uncertain,0.4294422564560506,-1.0
96,11,control_to_uncertain,0.5645806116055645,-0.7133539243828246
96,12,control_to_uncertain,0.5869364345587964,-0.6863594633430689
96,13,control_to_uncertain,0.635319720806662,-0.21148020043424126
96,14,control_to_uncertain,0.5182350639713662,-0.7423683404526891
96,15,control_to_uncertain,0.47290605891353144,-0.9174011500326377
96,16,control_to_uncertain,0.4564423527468962,-1.0
96,17,control_to_uncertain,0.5209526851603159,-0.8939476151484618
96,18,control_to_uncertain,0.8817820464465516,0.5455250657894588
96,19,control_to_uncertain,0.9467514010198715,0.8481793043907387
96,20,control_to_uncertain,0.9631372512053955,0.9708560276148334
96,21,control_to_uncertain,0.959989244539253,0.9479087405702421
96,22,control_to_uncertain,1.0001342344501918,0.9383492084748362
96,23,control_to_uncertain,0.9941786993433489,0.9580627853858797
96,24,control_to_uncertain,0.990069096735788,1.0199151591768665
96,25,control_to_uncertain,0.9971095444989588,1.0208914643179212
96,26,control_to_uncertain,0.997079297002849,1.0179428555600112
96,27,control_to_uncertain,0.9940460757065595,1.0105673788562093
96,28,control_to_uncertain,0.9931415144915337,1.0152117128723417
96,29,control_to_uncertain,0.9935974343441406,1.0101192747803571
96,30,control_to_uncertain,1.0009044418955144,1.009676691295065
96,31,control_to_uncertain,1.0,1.0
96,0,uncertain_to_control,0.0026013443252058052,0.005682979861111627
96,1,uncertain_to_control,0.009332933533424199,0.0702421540866559
96,2,uncertain_to_control,0.0010813330709895012,0.04471836545838158
96,3,uncertain_to_control,-0.011450258261116194,0.014880509722906063
96,4,uncertain_to_control,-0.01374077525943343,0.07729181909496084
96,5,uncertain_to_control,-0.03533522041117742,0.04647265417435581
96,6,uncertain_to_control,0.08158913066071151,0.19317505208322067
96,7,uncertain_to_control,0.1662570030112665,0.2484042668418448
96,8,uncertain_to_control,0.18152321856267956,0.3983004393841255
96,9,uncertain_to_control,0.7549427212652068,1.4750186013231918
96,10,uncertain_to_control,0.8837647191057623,1.2335083252926955
96,11,uncertain_to_control,0.7728029579068207,1.2727878113883455
96,12,uncertain_to_control,0.9321353276555542,1.1185844805481022
96,13,uncertain_to_control,0.951979206427408,1.0699064311554753
96,14,uncertain_to_control,0.9268282046028933,1.0801275947300248
96,15,uncertain_to_control,0.9305596836792028,1.138774733012457
96,16,uncertain_to_control,0.9349780553520827,1.2046566213656476
96,17,uncertain_to_control,0.9324304644667092,1.2980798643497276
96,18,uncertain_to_control,0.9516009337467675,1.1777760588258634
96,19,uncertain_to_control,0.9633457918812379,1.1801408086347978
96,20,uncertain_to_control,0.9716661502120487,1.1322242778978766
96,21,uncertain_to_control,0.965502969325698,1.167009680436257
96,22,uncertain_to_control,0.9710092366426878,1.154365139026711
96,23,uncertain_to_control,0.9866997225463404,1.102493799262998
96,24,uncertain_to_control,0.9948361200206327,1.0560782234752493
96,25,uncertain_to_control,0.9880448710567735,1.0556828071408806
96,26,uncertain_to_control,0.9882356927851906,1.0373426950496476
96,27,uncertain_to_control,0.9765268094833716,1.0806248998585857
96,28,uncertain_to_control,1.0003241314523965,0.948093922485162
96,29,uncertain_to_control,0.9976423956064647,0.953011186750376
96,30,uncertain_to_control,0.9984369740619666,0.9945961489457916
96,31,uncertain_to_control,1.0,1.0
97,0,control_to_uncertain,0.07578152162083814,-0.031456217301862446
97,1,control_to_uncertain,0.09791127136891044,-0.0595685613840987
97,2,control_to_uncertain,0.07425278035403747,-0.07539351702699772
97,3,control_to_uncertain,0.08715157492132376,-0.06159940155238067
97,4,control_to_uncertain,0.014181627432077435,-0.045179023530872386
97,5,control_to_uncertain,0.08337041221118202,-0.09023664454443017
97,6,control_to_uncertain,0.0805383724651932,-0.11101926253274724
97,7,control_to_uncertain,0.0686100493068818,-0.1207000328454707
97,8,control_to_uncertain,0.19003928113847243,-0.2548568864693948
97,9,control_to_uncertain,0.3014926896825374,-0.2867258330412863
97,10,control_to_uncertain,0.3775578406417246,-0.3470300779647752
97,11,control_to_uncertain,0.7485404405355923,-0.41781363888526557
97,12,control_to_uncertain,0.7982164257181665,-0.3551656181784751
97,13,control_to_uncertain,1.0782284065296064,-0.14616391618590222
97,14,control_to_uncertain,1.3475249126720195,0.05580586912415745
97,15,control_to_uncertain,1.276529535814183,0.02264098014656309
97,16,control_to_uncertain,1.0297231347478524,0.9154272347099619
97,17,control_to_uncertain,0.9982966188236783,0.8941051809408262
97,18,control_to_uncertain,1.0509698132990217,0.8935174198861252
97,19,control_to_uncertain,1.0580666463134125,0.887933689866465
97,20,control_to_uncertain,1.0045818899055885,0.8846131935069691
97,21,control_to_uncertain,1.021046677331258,0.8940154059401584
97,22,control_to_uncertain,1.0026386998829206,1.012332963494381
97,23,control_to_uncertain,1.0369483794604204,1.0057141689703024
97,24,control_to_uncertain,1.0020542661415912,0.9217358438378597
97,25,control_to_uncertain,1.0048022764825852,0.9183585751037618
97,26,control_to_uncertain,1.0160278666226215,0.9122550537235605
97,27,control_to_uncertain,1.020993225961892,0.9313400009115012
97,28,control_to_uncertain,1.007414330938134,0.9125475591414917
97,29,control_to_uncertain,1.007423640786252,0.9099770867481884
97,30,control_to_uncertain,0.987911162218967,1.0026280305447162
97,31,control_to_uncertain,1.0,1.0
97,0,uncertain_to_control,-0.0020298679189375475,-0.1013053913718563
97,1,uncertain_to_control,-0.025037873425231165,0.02222687576711461
97,2,uncertain_to_control,-0.015439580530346735,0.0018202519829077829
97,3,uncertain_to_control,0.020824525093411483,-0.09632209305797619
97,4,uncertain_to_control,-0.014140696203283423,-0.17805368584328782
97,5,uncertain_to_control,0.020129978320895057,-0.1704017912568186
97,6,uncertain_to_control,0.07200413100433037,-0.1936976181533302
97,7,uncertain_to_control,0.14834215682214433,-0.23461056115465187
97,8,uncertain_to_control,0.2568883245194754,-0.18918205348625597
97,9,uncertain_to_control,0.3761766123132051,-0.22109883422152304
97,10,uncertain_to_control,0.4631970467877653,-0.1667913432540275
97,11,uncertain_to_control,0.6902497158088605,-0.1963439180089044
97,12,uncertain_to_control,0.7499008822204694,-0.04890321272706986
97,13,uncertain_to_control,1.0305939265761173,0.2915373408998402
97,14,uncertain_to_control,1.065209225995279,0.4941709111710746
97,15,uncertain_to_control,1.1604794700192393,0.9112755829285273
97,16,uncertain_to_control,1.1303178093221113,0.7551234612525597
97,17,uncertain_to_control,1.0930970365469324,0.8385267942034816
97,18,uncertain_to_control,1.039019820666643,0.9003953243136632
97,19,uncertain_to_control,1.0268378844044315,0.8813207886684697
97,20,uncertain_to_control,1.0375914010390432,0.9027261347795817
97,21,uncertain_to_control,1.0342083948505625,0.9186284894383738
97,22,uncertain_to_control,1.044477157324555,0.8969184583687587
97,23,uncertain_to_control,1.0556947217334551,0.8976199606168662
97,24,uncertain_to_control,1.0270799404554956,0.9303782100947176
97,25,uncertain_to_control,1.0270855584672909,0.9133755714561859
97,26,uncertain_to_control,1.026910758043147,0.9260916011459769
97,27,uncertain_to_control,1.0270740014144548,0.9387070514039474
97,28,uncertain_to_control,1.0268983984171973,0.9343699562950938
97,29,uncertain_to_control,1.0067303781307173,0.9391899112543669
97,30,uncertain_to_control,0.992771223965732,0.9996880466059942
97,31,uncertain_to_control,1.0,1.0
98,0,control_to_uncertain,-0.0009407410696314531,-0.04747125523062789
98,1,control_to_uncertain,-0.0006902588464885513,-0.017171675287690952
98,2,control_to_uncertain,0.01793329994728122,-0.00021727935979538247
98,3,control_to_uncertain,0.016691482371394572,-0.019998538675792994
98,4,control_to_uncertain,0.03184174941832494,0.01694368371623762
98,5,control_to_uncertain,0.012729324811187518,0.04137502484452006
98,6,control_to_uncertain,0.018371629365732355,-0.0971785061079915
98,7,control_to_uncertain,0.16826796029031857,-0.010171244969221808
98,8,control_to_uncertain,0.9054073884672473,-0.213715942587366
98,9,control_to_uncertain,1.29857452054536,-0.03439119845412074
98,10,control_to_uncertain,1.2326377236879482,-0.04170085461578265
98,11,control_to_uncertain,1.3521292638780726,0.047364579456200824
98,12,control_to_uncertain,1.2936578445249258,0.08729881183272685
98,13,control_to_uncertain,1.2957352782069063,0.1189855339169376
98,14,control_to_uncertain,1.2369988466934754,0.1389397061827806
98,15,control_to_uncertain,1.145122928188709,0.20289393075992385
98,16,control_to_uncertain,0.8850334642976578,0.7471741743574023
98,17,control_to_uncertain,0.8685016375702264,0.7704799298457259
98,18,control_to_uncertain,0.9554275943419845,0.9755971801352569
98,19,control_to_uncertain,0.9829137201333813,0.9428507525127836
98,20,control_to_uncertain,1.0448220195582216,0.9696862710108315
98,21,control_to_uncertain,0.9859963823350929,1.04129689265074
98,22,control_to_uncertain,1.0060657567066804,1.0058762060220752
98,23,control_to_uncertain,1.005900891125097,1.0042602912105811
98,24,control_to_uncertain,1.0294040774940014,1.0031666636687353
98,25,control_to_uncertain,1.0159744791784553,1.0106251749382273
98,26,control_to_uncertain,1.0189339552995456,1.0067821020546155
98,27,control_to_uncertain,1.0037738472593325,1.0057540198578516
98,28,control_to_uncertain,1.0035114979560547,1.0014018267980882
98,29,control_to_uncertain,1.0121325554008846,1.0007873475568592
98,30,control_to_uncertain,1.0089088775542514,0.9970282985834394
98,31,control_to_uncertain,1.0,1.0
98,0,uncertain_to_control,-0.02093723420273106,0.0005512771924471588
98,1,uncertain_to_control,-0.01782041796550894,-0.03297178577522736
98,2,uncertain_to_control,-0.016976408071026964,-0.028771572218361116
98,3,uncertain_to_control,-0.02404305168275486,-0.03819470310592096
98,4,uncertain_to_control,0.06277338062258639,-0.10957949793381523
98,5,uncertain_to_control,0.08331917484544865,-0.13665289448199247
98,6,uncertain_to_control,0.28026292123865226,-0.17257143114746043
98,7,uncertain_to_control,0.45885911975556826,-0.17253940609802468
98,8,uncertain_to_control,0.9111684217113383,0.6940219208450578
98,9,uncertain_to_control,0.9859717798518861,0.7003808682220768
98,10,uncertain_to_control,1.0265022001277129,0.6791791696402353
98,11,uncertain_to_control,1.1028362379410928,0.7594470213512678
98,12,uncertain_to_control,1.1419152274841113,0.7881157563377127
98,13,uncertain_to_control,1.0787247045227295,0.9185989748324175
98,14,uncertain_to_control,1.0715388112276933,0.9395833940544637
98,15,uncertain_to_control,1.0386551321735125,0.9938824344590067
98,16,uncertain_to_control,1.0098719055792584,1.0160897419102382
98,17,uncertain_to_control,1.0016505661262938,1.009063423746929
98,18,uncertain_to_control,0.9884020420871497,1.0068686701150764
98,19,uncertain_to_control,1.004425610455627,1.0085269204797267
98,20,uncertain_to_control,1.007641704948613,1.0021891297207322
98,21,uncertain_to_control,0.9935143802093226,1.0015488965373087
98,22,uncertain_to_control,1.008086112627621,1.0035908226161747
98,23,uncertain_to_control,0.9941721637779781,1.0053380736060165
98,24,uncertain_to_control,0.997339458521921,1.0007662802072652
98,25,uncertain_to_control,1.0120497173927225,1.0014247241505072
98,26,uncertain_to_control,1.0122516314196055,0.9998035201845071
98,27,uncertain_to_control,0.997428143237857,1.0019348039622864
98,28,uncertain_to_control,0.9981855523914511,1.0010843436250758
98,29,uncertain_to_control,0.9981855523914511,1.0004760685397653
98,30,uncertain_to_control,0.9981854945032553,1.0003119038961072
98,31,uncertain_to_control,1.0,1.0
99,0,control_to_uncertain,0.0023568809168131115,-0.01243669258288317
99,1,control_to_uncertain,0.051014307333816886,-0.030147882400925696
99,2,control_to_uncertain,0.017735843624742516,-0.002216053746883086
99,3,control_to_uncertain,-0.029955301628010297,-0.0721161713118734
99,4,control_to_uncertain,0.06412075513679956,-0.18750176798305668
99,5,control_to_uncertain,0.08861695610454456,-0.20380421899339182
99,6,control_to_uncertain,0.17596588470742827,-0.2834267943052591
99,7,control_to_uncertain,0.33884491267825,0.25635875696684407
99,8,control_to_uncertain,0.5208236445385206,-0.13105353063801312
99,9,control_to_uncertain,0.7598006444314163,-0.010766180816253069
99,10,control_to_uncertain,0.9867910345620079,0.24646895079921752
99,11,control_to_uncertain,1.0196601596513326,0.1751519697548197
99,12,control_to_uncertain,1.0860412310216119,0.29750159904933415
99,13,control_to_uncertain,1.1419080234809786,0.26274336178405105
99,14,control_to_uncertain,1.1203081774770074,0.35454858506613013
99,15,control_to_uncertain,1.1479080132340946,0.3978473385086501
99,16,control_to_uncertain,1.1107091892836134,0.11436941822049775
99,17,control_to_uncertain,1.075844410336959,0.3903565893638833
99,18,control_to_uncertain,1.064787339340447,0.3250037118355313
99,19,control_to_uncertain,1.0689020000209817,0.7601821333416166
99,20,control_to_uncertain,1.032405331600146,0.6295812063661163
99,21,control_to_uncertain,1.0109578226054556,0.7269014964307673
99,22,control_to_uncertain,0.984156072730431,1.0389475954216683
99,23,control_to_uncertain,1.0005245428730847,1.1242513474198297
99,24,control_to_uncertain,0.9943601150285925,0.987652728346499
99,25,control_to_uncertain,1.000058553623042,0.9938038974743715
99,26,control_to_uncertain,0.9991006163500745,0.9686398075919211
99,27,control_to_uncertain,0.9967550558003829,0.9695947537607693
99,28,control_to_uncertain,0.9973183416540471,1.0021081541434513
99,29,control_to_uncertain,0.9989577455098521,1.0015787128845552
99,30,control_to_uncertain,0.9877426773204984,0.9668939939900218
99,31,control_to_uncertain,1.0,1.0
99,0,uncertain_to_control,0.02133908720269093,-0.006856380723304843
99,1,uncertain_to_control,0.014895846523146856,0.030029529713782182
99,2,uncertain_to_control,0.021007478517529612,0.034139622780410286
99,3,uncertain_to_control,0.04703544226405391,-0.06512494085461935
99,4,uncertain_to_control,0.0007285046600144871,-0.06756462123597956
99,5,uncertain_to_control,0.018301325239270843,-0.023757035457900304
99,6,uncertain_to_control,0.05984648703878958,0.006734015240992377
99,7,uncertain_to_control,0.1589501530567309,0.010927336651865398
99,8,uncertain_to_control,0.7018602242067021,0.10043486314461157
99,9,uncertain_to_control,1.1360534418917505,0.5411463842411887
99,10,uncertain_to_control,0.9961656647897791,0.46020146906944914
99,11,uncertain_to_control,1.0564997083297651,0.5571713083560118
99,12,uncertain_to_control,1.1747030782371553,0.7528242027628739
99,13,uncertain_to_control,1.2542077731398429,0.9421067600686852
99,14,uncertain_to_control,1.2569921930942345,0.9605035929131263
99,15,uncertain_to_control,1.319573622275945,0.8598753724901886
99,16,uncertain_to_control,1.338644830068847,0.7713697567319717
99,17,uncertain_to_control,1.3389530173047914,0.7424022305988909
99,18,uncertain_to_control,1.1792107801123595,0.8305597735317121
99,19,uncertain_to_control,1.103279124877068,0.925518162084327
99,20,uncertain_to_control,1.0875263948753868,0.8963636694207817
99,21,uncertain_to_control,1.0316607734884808,0.9790111987205029
99,22,uncertain_to_control,1.0074566575103439,0.9899359097162701
99,23,uncertain_to_control,0.9955757370376307,0.9991078714147843
99,24,uncertain_to_control,1.0216910920665452,1.0020995340649401
99,25,uncertain_to_control,1.0067092205122126,1.0026220891691637
99,26,uncertain_to_control,1.0084569485706452,1.0048084185073878
99,27,uncertain_to_control,1.0070127234583135,1.0063239670235429
99,28,uncertain_to_control,1.0064734445900967,0.9996403346552273
99,29,uncertain_to_control,1.0072076094336717,1.0016762584856376
99,30,uncertain_to_control,1.0119505016947614,0.9979573386369605
99,31,uncertain_to_control,1.0,1.0
100,0,control_to_uncertain,0.006045996528130759,0.03595512791363349
100,1,control_to_uncertain,-0.0007155426997870622,0.02065009174439016
100,2,control_to_uncertain,-0.0005914341237449385,0.010758772633821382
100,3,control_to_uncertain,0.004565952610056625,0.015150096111019596
100,4,control_to_uncertain,0.02700829650293488,0.019443546859505053
100,5,control_to_uncertain,0.05223474391999569,-0.05384837075032847
100,6,control_to_uncertain,0.06767405371650012,-0.17225284049244738
100,7,control_to_uncertain,0.18334920785814662,-0.327971513916448
100,8,control_to_uncertain,0.18761893606417016,-0.2981540601071059
100,9,control_to_uncertain,0.14425709919129026,-0.3060585628248057
100,10,control_to_uncertain,0.11897731742959407,-0.29095936053271676
100,11,control_to_uncertain,0.18326495735059836,-0.4386908664266125
100,12,control_to_uncertain,0.49075216709618463,-0.9057970468936852
100,13,control_to_uncertain,0.715959481372013,-0.6879278355762249
100,14,control_to_uncertain,0.8526826128958387,-0.3749380766774106
100,15,control_to_uncertain,0.9525199399738122,-0.17763026935478382
100,16,control_to_uncertain,1.0773864217861349,0.39135464589797325
100,17,control_to_uncertain,1.073964050115005,0.6639202575167008
100,18,control_to_uncertain,1.060228648964949,0.5122489978585447
100,19,control_to_uncertain,1.025619891262623,0.5261494850840456
100,20,control_to_uncertain,1.031214924027731,0.5529414669887331
100,21,control_to_uncertain,1.0330712572845615,0.8341564680773791
100,22,control_to_uncertain,1.0139644027178065,1.0453457903734793
100,23,control_to_uncertain,1.015438104858873,1.0235695599551773
100,24,control_to_uncertain,1.0078666889981773,1.051627864395979
100,25,control_to_uncertain,1.007291141025837,1.0456439257624812
100,26,control_to_uncertain,1.0086972081151153,1.092742616707206
100,27,control_to_uncertain,1.0118748506115154,1.043670811551632
100,28,control_to_uncertain,1.003791970435143,1.0474103026556034
100,29,control_to_uncertain,1.0015437470681172,1.056473166760976
100,30,control_to_uncertain,1.0015571282176037,1.0010278142249127
100,31,control_to_uncertain,1.0,1.0
100,0,uncertain_to_control,0.050867805594855195,0.06340872946441935
100,1,uncertain_to_control,0.05176183760852604,0.054812944135149894
100,2,uncertain_to_control,0.045942718152848366,0.004999941276362772
100,3,uncertain_to_control,0.08006639333184978,0.13872405281031752
100,4,uncertain_to_control,0.15229377952216105,0.11180077087572603
100,5,uncertain_to_control,0.16574405437794745,0.0691711745841689
100,6,uncertain_to_control,0.17617450185817238,0.08786351060744634
100,7,uncertain_to_control,0.25329406166782015,0.08856819425417818
100,8,uncertain_to_control,0.7183906015879429,0.4787369238270104
100,9,uncertain_to_control,0.8673718173078636,0.5919490194507744
100,10,uncertain_to_control,0.890369827702163,0.5939356852702146
100,11,uncertain_to_control,0.9337065511380921,0.5679671894475732
100,12,uncertain_to_control,1.0015226606595664,0.6209199494434655
100,13,uncertain_to_control,1.0324560732059225,0.6213954603315808
100,14,uncertain_to_control,1.0350316591020894,0.6893986368286344
100,15,uncertain_to_control,1.0085349537503716,0.9280623398086935
100,16,uncertain_to_control,1.0140637149457483,0.9917125890528902
100,17,uncertain_to_control,1.0139746763965591,0.9659886244786019
100,18,uncertain_to_control,1.0152312995106494,0.9629699283782429
100,19,uncertain_to_control,1.0125449227701566,0.9594474135851564
100,20,uncertain_to_control,1.017021646577714,0.9559274585403592
100,21,uncertain_to_control,1.017428725243843,0.9279117663799046
100,22,uncertain_to_control,1.0153628913835608,0.9526210166175847
100,23,uncertain_to_control,1.0164394714484004,0.9222116586596736
100,24,uncertain_to_control,1.007311624965572,0.9577816197424652
100,25,uncertain_to_control,1.0105690153078448,0.9525615401132131
100,26,uncertain_to_control,1.0101132952120662,0.95562525766878
100,27,uncertain_to_control,1.0081904050055392,0.9638510840835153
100,28,uncertain_to_control,1.0081865365215645,0.959560343656748
100,29,uncertain_to_control,1.0032825671969936,0.9892603501916348
100,30,uncertain_to_control,1.0008226553134483,0.9945957690673392
100,31,uncertain_to_control,1.0,1.0
101,0,control_to_uncertain,0.013093261975945066,0.0028229607072209973
101,1,control_to_uncertain,0.005921514374734958,0.03600945441675658
101,2,control_to_uncertain,0.00044083956601281805,0.09304823679962822
101,3,control_to_uncertain,0.010899834627559423,0.1215303556420095
101,4,control_to_uncertain,0.09184145122220318,-0.07552721066163792
101,5,control_to_uncertain,0.11659807316618617,-0.22537514955110324
101,6,control_to_uncertain,0.07507850930960784,-0.30085333532119196
101,7,control_to_uncertain,0.13842689238166858,-0.583580556459382
101,8,control_to_uncertain,0.07949365661496728,-1.0
101,9,control_to_uncertain,0.23470883637109144,-1.0
101,10,control_to_uncertain,0.44542897006652726,0.46666827844392306
101,11,control_to_uncertain,0.5223167059601702,0.5945275461127794
101,12,control_to_uncertain,0.7521150600376656,1.784054083185839
101,13,control_to_uncertain,0.8132743561047037,1.225440628002145
101,14,control_to_uncertain,0.8440753616497334,0.46537079775251095
101,15,control_to_uncertain,0.8974709087146485,0.7389887910965425
101,16,control_to_uncertain,0.96656713884244,0.22533854877590553
101,17,control_to_uncertain,0.9603167228928677,1.075497661411937
101,18,control_to_uncertain,1.036933106949597,1.574783274721725
101,19,control_to_uncertain,1.0351952549008638,0.6807613229870665
101,20,control_to_uncertain,1.069896996686014,0.981764083491405
101,21,control_to_uncertain,1.100188574522999,0.7907661280980122
101,22,control_to_uncertain,1.0055927199688695,1.0491440959088056
101,23,control_to_uncertain,0.9988896222818867,0.9775962961358647
101,24,control_to_uncertain,0.9981491918548581,0.9859768662953535
101,25,control_to_uncertain,0.9986926457114889,0.9723868977283678
101,26,control_to_uncertain,1.0060559042655286,1.0355826692307357
101,27,control_to_uncertain,1.0044051805909704,0.9896617920478268
101,28,control_to_uncertain,1.0038010690962302,0.9975306229284046
101,29,control_to_uncertain,1.009892553460438,1.0151896574939752
101,30,control_to_uncertain,0.9904830737861586,1.012290473154003
101,31,control_to_uncertain,1.0,1.0
101,0,uncertain_to_control,-0.02831468539637355,-0.07001627559242048
101,1,uncertain_to_control,-0.017525984992700184,-0.07584755139134992
101,2,uncertain_to_control,-0.04498910573815898,-0.05579200551765081
101,3,uncertain_to_control,-0.025010130147071194,-0.12967520337774788
101,4,uncertain_to_control,0.10870105954747473,0.32796410034790885
101,5,uncertain_to_control,0.15479143364113335,0.48159367162523226
101,6,uncertain_to_control,0.535515797295891,0.7060188799558373
101,7,uncertain_to_control,0.8038375922818621,0.258255069794992
101,8,uncertain_to_control,1.186637765338318,0.48178977119142913
101,9,uncertain_to_control,1.2356643549247732,1.0679756984284163
101,10,uncertain_to_control,1.3105555328714564,0.8217763867244623
101,11,uncertain_to_control,1.3440065055852717,0.5366513111304301
101,12,uncertain_to_control,1.22820346543731,1.269032822836466
101,13,uncertain_to_control,1.2200152201373928,1.4254027512366194
101,14,uncertain_to_control,1.2215564171226438,1.4298401754956802
101,15,uncertain_to_control,1.0738472449911634,1.6783574243665127
101,16,uncertain_to_control,1.0119353548187833,1.1276369767222427
101,17,uncertain_to_control,1.0207509136958623,0.9587754387979633
101,18,uncertain_to_control,1.0101033548282141,0.9450629080021047
101,19,uncertain_to_control,1.0055225242922587,0.9251433558344154
101,20,uncertain_to_control,0.9988186228379865,0.9388736833374803
101,21,uncertain_to_control,1.0033729290533904,0.9728747961353611
101,22,uncertain_to_control,1.0013610459434454,0.9711310546160797
101,23,uncertain_to_control,1.0011725357218297,0.9886064137318049
101,24,uncertain_to_control,1.0013729416993291,0.9912688682872416
101,25,uncertain_to_control,1.0035827659004193,0.996440322771827
101,26,uncertain_to_control,1.0013609923589595,0.9950367334110344
101,27,uncertain_to_control,0.9900727773771444,0.9928571404586648
101,28,uncertain_to_control,1.0013735847131606,0.9910734402949015
101,29,uncertain_to_control,1.0035833017452789,0.9931731159583074
101,30,uncertain_to_control,0.999359879730693,1.0013807558496601
101,31,uncertain_to_control,1.0,1.0
102,0,control_to_uncertain,0.022397012819008803,-0.0032351154643236674
102,1,control_to_uncertain,0.12799923467653862,0.033575638266136194
102,2,control_to_uncertain,0.07650974299107446,0.019573780639550932
102,3,control_to_uncertain,0.06531688736835856,0.03472490718398683
102,4,control_to_uncertain,0.09334017370359411,0.1622104468441599
102,5,control_to_uncertain,0.026064453033286635,0.18622101193437318
102,6,control_to_uncertain,0.3487714950756179,0.09681692766549563
102,7,control_to_uncertain,0.4950251587353762,0.011964289794898993
102,8,control_to_uncertain,0.3571871879631556,-0.42213436297505363
102,9,control_to_uncertain,0.3583999582319309,-0.4888430355580462
102,10,control_to_uncertain,0.33760315272516755,-0.550477880161117
102,11,control_to_uncertain,0.5859111400247456,-0.5133051832609601
102,12,control_to_uncertain,0.6617787626241363,-0.4879382512294053
102,13,control_to_uncertain,0.5350250886974555,-0.5680832728346822
102,14,control_to_uncertain,0.6249682640671562,-0.7044256015989675
102,15,control_to_uncertain,0.6108724958060816,-0.8113067278118552
102,16,control_to_uncertain,0.5713087110778183,-0.08693495182818282
102,17,control_to_uncertain,0.6652792260682414,0.014023936307127989
102,18,control_to_uncertain,0.7705334868012742,0.6925433709000857
102,19,control_to_uncertain,0.835795139718489,1.263693078079745
102,20,control_to_uncertain,0.9257161894723136,1.113937325323139
102,21,control_to_uncertain,1.3564379413881293,0.7577018993221735
102,22,control_to_uncertain,1.147257275228813,0.9075323884124167
102,23,control_to_uncertain,1.0841511985000425,0.8632022248539192
102,24,control_to_uncertain,1.0058236531110925,1.004739151980695
102,25,control_to_uncertain,1.0193957287374025,0.9631081071185457
102,26,control_to_uncertain,1.0438023523509103,1.0021478508409971
102,27,control_to_uncertain,0.9740936098196985,1.0079109384296618
102,28,control_to_uncertain,0.9380794742571643,1.0044854679412591
102,29,control_to_uncertain,0.9699024769706562,1.000850801954714
102,30,control_to_uncertain,1.0074310233925063,1.0041877369341405
102,31,control_to_uncertain,1.0,1.0
102,0,uncertain_to_control,-0.11181649555394503,0.03585463646955716
102,1,uncertain_to_control,-0.17917196394766194,0.03864059797604
102,2,uncertain_to_control,-0.10679636840646699,-0.006710704557558513
102,3,uncertain_to_control,-0.0753970951135657,0.001431176870580331
102,4,uncertain_to_control,-0.046049614544711334,-0.048983135089474036
102,5,uncertain_to_control,-0.01812390376726017,-0.01016579727568953
102,6,uncertain_to_control,0.3610270169687556,-0.04820541356735655
102,7,uncertain_to_control,0.33431519069972815,-0.0684388683837232
102,8,uncertain_to_control,0.7922157944743582,0.10396824909108512
102,9,uncertain_to_control,0.6825453244832992,0.105370686879159
102,10,uncertain_to_control,0.4105361864447653,0.2117248685830937
102,11,uncertain_to_control,0.45739824087027847,0.22440465481878058
102,12,uncertain_to_control,0.4358259245682043,0.33088667208305766
102,13,uncertain_to_control,0.36920474010280613,0.5793160591453997
102,14,uncertain_to_control,0.4799717810850179,0.630810975326817
102,15,uncertain_to_control,0.4572842700719528,0.7780104952479872
102,16,uncertain_to_control,1.1240739275721943,1.5460755384521012
102,17,uncertain_to_control,1.43165039107424,1.4220835820098054
102,18,uncertain_to_control,1.4650484511193413,0.7837615499557562
102,19,uncertain_to_control,1.4475833813384915,0.770946200621537
102,20,uncertain_to_control,1.3390101190469559,0.8669644688162004
102,21,uncertain_to_control,1.1906400367635412,1.2048892722892652
102,22,uncertain_to_control,1.153692805083989,1.0755164470163
102,23,uncertain_to_control,0.9611623811683312,1.055782375156009
102,24,uncertain_to_control,1.0356725415217425,1.0827841598861505
102,25,uncertain_to_control,1.0023373564282316,1.0591243514341593
102,26,uncertain_to_control,0.9937553234788917,1.0167784724916384
102,27,uncertain_to_control,0.9694279700575155,0.9994839476401147
102,28,uncertain_to_control,0.9922872331535322,1.0032490986286673
102,29,uncertain_to_control,0.961861486959178,1.0022788142144163
102,30,uncertain_to_control,0.9700280676967441,1.0041986290832081
102,31,uncertain_to_control,1.0,1.0
103,0,control_to_uncertain,0.003775541934046174,-0.0023659996677649325
103,1,control_to_uncertain,0.00011360287497396244,0.005654866488004137
103,2,control_to_uncertain,0.011824322734818126,0.006405468962381575
103,3,control_to_uncertain,-0.010707840865298043,0.022030714170158304
103,4,control_to_uncertain,0.055532430070715226,-0.006364391574825318
103,5,control_to_uncertain,0.0625750811922656,-0.00834153012834731
103,6,control_to_uncertain,0.05244654655386791,0.029625619388064083
103,7,control_to_uncertain,0.17794786842768232,-0.027827977447067845
103,8,control_to_uncertain,-0.05279381377597393,-0.044581766022477286
103,9,control_to_uncertain,0.050703623529653304,-0.16643855940155453
103,10,control_to_uncertain,0.19696924980613514,-0.2414876696602777
103,11,control_to_uncertain,0.3438907444880578,-0.2269180699210902
103,12,control_to_uncertain,0.5351785673804914,-0.09650589811260252
103,13,control_to_uncertain,0.6348941324713886,-0.06997619753421411
103,14,control_to_uncertain,0.7186986653800799,-0.06884700329248279
103,15,control_to_uncertain,0.77243992542245,-0.022812630920612958
103,16,control_to_uncertain,0.9224171064714716,0.1271338636125147
103,17,control_to_uncertain,0.9878089914793566,0.1942270504866405
103,18,control_to_uncertain,1.0846616015866763,0.6935959918883731
103,19,control_to_uncertain,1.0314840787024977,0.3197165168487077
103,20,control_to_uncertain,1.0571460956069134,0.35407507572377744
103,21,control_to_uncertain,1.0303782471025065,0.9267524730865369
103,22,control_to_uncertain,0.9858546456347368,1.0067965177367892
103,23,control_to_uncertain,0.9820397105350841,0.9926305774576699
103,24,control_to_uncertain,0.992900675757463,1.0033739686086316
103,25,control_to_uncertain,0.9918680701070032,1.0050130503872736
103,26,control_to_uncertain,0.9977779859356561,1.0022069513498368
103,27,control_to_uncertain,1.0037708797678668,1.000234603952874
103,28,control_to_uncertain,0.9973759275679018,1.0011425010010806
103,29,control_to_uncertain,1.0000005988103349,1.0003347662447146
103,30,control_to_uncertain,1.0000004277216679,1.0001412125596427
103,31,control_to_uncertain,1.0,1.0
103,0,uncertain_to_control,-0.0043055318526464634,0.010719227450051017
103,1,uncertain_to_control,-0.014134319146233334,0.009945916701566778
103,2,uncertain_to_control,-0.011212552433329954,0.010848561557394186
103,3,uncertain_to_control,0.002388911059128671,-0.0003813579822729377
103,4,uncertain_to_control,0.021115506664117444,0.01593483528076069
103,5,uncertain_to_control,0.0010329478277941238,0.0518332447541898
103,6,uncertain_to_control,0.0950062212116585,0.05525935561005381
103,7,uncertain_to_control,0.33318782242193973,0.06357004153806178
103,8,uncertain_to_control,0.8310162367422322,0.06901554352434873
103,9,uncertain_to_control,0.8999762614474358,0.4722958694300274
103,10,uncertain_to_control,0.945200599323601,0.7030161288771214
103,11,uncertain_to_control,0.9971985086200886,0.9366806534689167
103,12,uncertain_to_control,1.0885365032641579,0.9024039600915823
103,13,uncertain_to_control,1.1089360038563385,0.9125463865314188
103,14,uncertain_to_control,1.123272549807119,0.913956613745058
103,15,uncertain_to_control,1.0424570214575128,1.0072030066912028
103,16,uncertain_to_control,1.0042594234568551,1.0040736763444653
103,17,uncertain_to_control,1.0108431720009974,0.9990364893760352
103,18,uncertain_to_control,1.0016122540546946,0.9762391178370673
103,19,uncertain_to_control,1.001613366131031,0.981821086426028
103,20,uncertain_to_control,0.9987460056142746,0.9828191656965629
103,21,uncertain_to_control,1.0008290956809094,0.9864402675844667
103,22,uncertain_to_control,0.9989631171328619,0.9871869648142525
103,23,uncertain_to_control,1.0006520189104304,0.9855496548595454
103,24,uncertain_to_control,1.0002329372202967,0.9873469352038201
103,25,uncertain_to_control,0.9931897300605782,1.0075612767228113
103,26,uncertain_to_control,0.9999025650040698,0.9990140703793056
103,27,uncertain_to_control,1.0026562371015184,1.004536737105949
103,28,uncertain_to_control,0.9994811736169299,0.9958709270378091
103,29,uncertain_to_control,0.9941454313551634,1.0043273726042319
103,30,uncertain_to_control,0.9999999144556664,1.0006121109300636
103,31,uncertain_to_control,1.0,1.0
104,0,control_to_uncertain,-0.0001745629734804136,0.011575682295946878
104,1,control_to_uncertain,0.002538187976030534,0.05485032788755348
104,2,control_to_uncertain,-0.0005539695979431722,0.04224854540254806
104,3,control_to_uncertain,0.00027329594525048217,0.049435431473874074
104,4,control_to_uncertain,0.049753847602739064,0.0038062793146822465
104,5,control_to_uncertain,0.08485896838607453,0.231930279421477
104,6,control_to_uncertain,0.08792928153062153,0.06929925810278093
104,7,control_to_uncertain,0.11348838665448426,-0.20880871023474679
104,8,control_to_uncertain,0.4206492600672667,-0.6614752357917137
104,9,control_to_uncertain,0.7177741097384583,-0.43412340537042093
104,10,control_to_uncertain,0.8399994020849273,-0.371093401815896
104,11,control_to_uncertain,0.8680076815406809,-0.3316837893997155
104,12,control_to_uncertain,0.991355796805876,-0.023242089926717533
104,13,control_to_uncertain,1.0482029251904315,0.23148200922469092
104,14,control_to_uncertain,1.0634896633186417,0.17807876716656829
104,15,control_to_uncertain,1.0637449961501197,0.03655243392889829
104,16,control_to_uncertain,0.9986314031924816,1.6342033173166293
104,17,control_to_uncertain,0.974348865995043,1.5972678115634795
104,18,control_to_uncertain,0.9258687956206955,1.598421044394233
104,19,control_to_uncertain,0.97174921850832,1.4611882625186106
104,20,control_to_uncertain,0.9881111773037597,1.2329105147733737
104,21,control_to_uncertain,1.0030184446535293,1.171021022415937
104,22,control_to_uncertain,0.9928064786279364,0.9983985806674187
104,23,control_to_uncertain,0.9987719004037723,0.9960742879797887
104,24,control_to_uncertain,1.000874162100935,0.9912676865232118
104,25,control_to_uncertain,0.9999899278254919,0.9853120369837978
104,26,control_to_uncertain,0.9987407857245595,0.9933487616619509
104,27,control_to_uncertain,0.9934340969923461,0.9963220250564292
104,28,control_to_uncertain,0.9944177057793367,1.0001063762920304
104,29,control_to_uncertain,0.9944045542138963,0.9990271298044359
104,30,control_to_uncertain,1.0000004490778442,0.9885673523878297
104,31,control_to_uncertain,1.0,1.0
104,0,uncertain_to_control,0.0028557501659342635,-0.012497917041724699
104,1,uncertain_to_control,0.013146048198370258,0.033361312557901215
104,2,uncertain_to_control,-0.0010185727048689919,0.014649044860581356
104,3,uncertain_to_control,-0.001722790918722171,-0.004053179441739563
104,4,uncertain_to_control,0.023119040656813555,0.014763706953485941
104,5,uncertain_to_control,0.05010387170538851,0.0029468157876478126
104,6,uncertain_to_control,0.12679109886654036,0.06961035226287314
104,7,uncertain_to_control,0.23298075162543727,0.17091087985078193
104,8,uncertain_to_control,0.7080093290148297,0.7762246225378303
104,9,uncertain_to_control,0.7868676871682678,0.7255543556488364
104,10,uncertain_to_control,0.8481610069813642,0.8689703536555573
104,11,uncertain_to_control,0.9364368162228474,0.9516284988363471
104,12,uncertain_to_control,1.0427381610570214,0.8284787328181574
104,13,uncertain_to_control,1.0722615650054934,0.7068689540331387
104,14,uncertain_to_control,1.0707735134913892,0.6851358842050121
104,15,uncertain_to_control,1.038299539797856,0.8009645174387233
104,16,uncertain_to_control,1.044984640896185,0.864898426543153
104,17,uncertain_to_control,1.012932415452435,1.0111744486657392
104,18,uncertain_to_control,0.9953907933139751,1.0251813021110965
104,19,uncertain_to_control,1.0090527036475,0.9804311144042287
104,20,uncertain_to_control,1.0124966816355006,0.9692521462107401
104,21,uncertain_to_control,0.9945986199966153,1.0408277397900312
104,22,uncertain_to_control,0.9948869921266389,1.0066341645665509
104,23,uncertain_to_control,0.9999672814713433,1.0043683746547898
104,24,uncertain_to_control,0.998642694292567,1.0092976729202703
104,25,uncertain_to_control,0.992788772130075,0.9984344021095817
104,26,uncertain_to_control,0.999352814672374,0.9607817142585493
104,27,uncertain_to_control,0.9983550920102764,1.001172733756043
104,28,uncertain_to_control,0.9993947072198501,1.004053012051823
104,29,uncertain_to_control,0.9989406253652767,0.9999558090620047
104,30,uncertain_to_control,0.9993751402566339,1.0003664165275448
104,31,uncertain_to_control,1.0,1.0
105,0,control_to_uncertain,0.004212829056751619,-0.012004250616204068
105,1,control_to_uncertain,0.014242175402866665,-0.018600243927900415
105,2,control_to_uncertain,0.0031315800720790937,-0.003375693602596901
105,3,control_to_uncertain,-0.011327750708718363,-0.01065012449959079
105,4,control_to_uncertain,0.003043930139064478,-0.020870817829814314
105,5,control_to_uncertain,0.009815356820447695,0.025532489947686227
105,6,control_to_uncertain,0.03985852174357031,0.046654629186257596
105,7,control_to_uncertain,0.2179271096383599,0.05024880023688164
105,8,control_to_uncertain,0.2966510326329057,0.022502598398589244
105,9,control_to_uncertain,0.48128368388582304,0.06820822521291965
105,10,control_to_uncertain,0.5642493703543189,0.12112867185895443
105,11,control_to_uncertain,0.5844393354787749,0.19350663321405573
105,12,control_to_uncertain,0.7458439446136356,0.19388448344950135
105,13,control_to_uncertain,0.8049798193483712,0.19856966721327024
105,14,control_to_uncertain,0.8935088285496262,0.2312957079960648
105,15,control_to_uncertain,0.891096927683946,0.24900178594462233
105,16,control_to_uncertain,0.9531665903487668,0.6458905223976641
105,17,control_to_uncertain,0.9695427710506076,0.49178774380582074
105,18,control_to_uncertain,1.011978701471212,0.5044981395777178
105,19,control_to_uncertain,1.0446231294000514,0.7305865244122867
105,20,control_to_uncertain,0.9958120928267641,0.8833130759403736
105,21,control_to_uncertain,1.0194019255965083,0.9119249042370663
105,22,control_to_uncertain,0.980962699597322,0.9786388377520638
105,23,control_to_uncertain,0.9976010938534942,0.9631696939659061
105,24,control_to_uncertain,0.9975017744417876,0.9958356534504932
105,25,control_to_uncertain,0.9903254499808043,0.9914956025626103
105,26,control_to_uncertain,0.9883794815813844,0.9923227241793838
105,27,control_to_uncertain,0.990912310641081,0.9878439184089459
105,28,control_to_uncertain,0.9966389692632925,1.0051082848746253
105,29,control_to_uncertain,0.9891617415883397,0.9859246808402585
105,30,control_to_uncertain,0.998817664616311,0.9971874284025167
105,31,control_to_uncertain,1.0,1.0
105,0,uncertain_to_control,0.0027844038779334243,0.022271786379406924
105,1,uncertain_to_control,-0.0027982452785270807,-0.0013144999503361696
105,2,uncertain_to_control,-0.019887074049763,-0.006157302171021976
105,3,uncertain_to_control,0.027335809054344837,-0.01392942035401015
105,4,uncertain_to_control,0.1664481431006453,0.031248641298155376
105,5,uncertain_to_control,0.36007792561285284,0.009288619343342156
105,6,uncertain_to_control,0.44372541149729317,-0.10614701492164798
105,7,uncertain_to_control,0.494921291943079,-0.08763285978949337
105,8,uncertain_to_control,0.7473682656662476,0.016163171401273116
105,9,uncertain_to_control,0.962866283124892,0.3271690379548138
105,10,uncertain_to_control,0.9896435769403886,0.4131322453397567
105,11,uncertain_to_control,0.993527267798449,0.5025717038282096
105,12,uncertain_to_control,1.0077545710581246,0.7824978873881867
105,13,uncertain_to_control,0.9908922479726674,0.8402531242094209
105,14,uncertain_to_control,0.9509810847321584,0.8178033365846925
105,15,uncertain_to_control,1.0135105690321264,0.9633692897536899
105,16,uncertain_to_control,1.0072942340516786,0.9714143238878974
105,17,uncertain_to_control,1.0040657273632083,0.9883921919053816
105,18,uncertain_to_control,1.0106449941746478,0.9842810540191278
105,19,uncertain_to_control,1.001507902795525,0.9888987412732909
105,20,uncertain_to_control,0.9920625825675438,0.9889317299210725
105,21,uncertain_to_control,1.0032724236855666,0.9835450309872641
105,22,uncertain_to_control,1.0033387961463922,0.9828227532253095
105,23,uncertain_to_control,1.0084827170787165,0.9665033559799918
105,24,uncertain_to_control,1.009961575020336,0.9855119067677152
105,25,uncertain_to_control,1.0095987536260511,0.9862551641521624
105,26,uncertain_to_control,1.0101041488088978,0.9849956633673437
105,27,uncertain_to_control,1.0017089344142536,0.9851893993295346
105,28,uncertain_to_control,1.0020513250177683,0.9837144595247739
105,29,uncertain_to_control,1.0016839389062666,0.9850723475047307
105,30,uncertain_to_control,0.9999697403423192,1.0000572960724627
105,31,uncertain_to_control,1.0,1.0
106,0,control_to_uncertain,0.027765342274631368,-0.03176863220951094
106,1,control_to_uncertain,0.025151342796804574,0.0019109286620695727
106,2,control_to_uncertain,0.04900311514828921,-0.013589786789831124
106,3,control_to_uncertain,-0.014961384351320075,0.06354774531117638
106,4,control_to_uncertain,-0.12645112550765575,0.19566096305249694
106,5,control_to_uncertain,-0.06164423508549095,0.1124176562157324
106,6,control_to_uncertain,-0.06472329823438541,0.16401141998009156
106,7,control_to_uncertain,0.22185053292293982,-0.19450387255863993
106,8,control_to_uncertain,-0.025884770746656134,0.04863893824370118
106,9,control_to_uncertain,-0.036734976073126084,0.11806921528774372
106,10,control_to_uncertain,-0.08314087082843902,0.1397830036088332
106,11,control_to_uncertain,0.14258916845382452,-0.09671741077944036
106,12,control_to_uncertain,0.22283099751962673,-0.1653324054250146
106,13,control_to_uncertain,0.2288083948793872,-0.14986968320717395
106,14,control_to_uncertain,0.27041082174152953,-0.12038824368807921
106,15,control_to_uncertain,0.36034348201792554,-0.08763440761604509
106,16,control_to_uncertain,0.3781749995881038,0.10368235664956273
106,17,control_to_uncertain,0.4283133310132374,0.1778213055051672
106,18,control_to_uncertain,0.7276117732167193,0.7076491385099682
106,19,control_to_uncertain,0.8272952044465788,0.7333463209055281
106,20,control_to_uncertain,0.8088429618157558,0.6854409141014901
106,21,control_to_uncertain,0.8185952489515852,0.4151704101356516
106,22,control_to_uncertain,0.9758282120904627,0.8816382368099938
106,23,control_to_uncertain,0.9771049387214681,0.9657601044316094
106,24,control_to_uncertain,0.9721327702703727,0.9638262488179519
106,25,control_to_uncertain,0.9992531285665032,0.9660557966015183
106,26,control_to_uncertain,0.9801913806245438,0.9295313285657502
106,27,control_to_uncertain,1.0006639867974882,0.9674489691911555
106,28,control_to_uncertain,0.9964266613997861,1.0059311368702326
106,29,control_to_uncertain,0.9744167473865312,1.0032138345680262
106,30,control_to_uncertain,0.9721248861220695,0.999786451822352
106,31,control_to_uncertain,1.0,1.0
106,0,uncertain_to_control,-0.048915277649884986,-0.030860724926627205
106,1,uncertain_to_control,-0.14928594380684485,-0.19894272690279943
106,2,uncertain_to_control,-0.163551400452166,-0.26252086680122383
106,3,uncertain_to_control,-0.0948360951268989,-0.0669317633655612
106,4,uncertain_to_control,0.2855012837516093,0.7306912489004889
106,5,uncertain_to_control,0.21197674904018074,0.8058938772986234
106,6,uncertain_to_control,0.43094916351713475,1.2562130073636129
106,7,uncertain_to_control,0.9276650619729434,1.263757677581031
106,8,uncertain_to_control,0.9217569036078974,1.277837708101389
106,9,uncertain_to_control,1.0615013096277883,1.1983681774960049
106,10,uncertain_to_control,1.0381486645111944,1.226033802449332
106,11,uncertain_to_control,0.9961425288243957,1.2582596635790833
106,12,uncertain_to_control,1.2490292137007495,0.9966096934103225
106,13,uncertain_to_control,1.2324344966259384,0.8996761142301956
106,14,uncertain_to_control,1.231351740258958,0.9684829092021972
106,15,uncertain_to_control,1.1151755804881076,0.8218151385482235
106,16,uncertain_to_control,1.069323193375213,0.841054388231635
106,17,uncertain_to_control,1.045201944877876,0.908650116115184
106,18,uncertain_to_control,1.072014720311355,0.8843851476325367
106,19,uncertain_to_control,1.0755910912763011,0.9290268046196628
106,20,uncertain_to_control,1.0758741119846231,0.9606185717740665
106,21,uncertain_to_control,1.0323920233039252,0.9686532236997077
106,22,uncertain_to_control,1.0055097056392583,0.9989325211340639
106,23,uncertain_to_control,1.005057377900065,0.999428267332972
106,24,uncertain_to_control,0.9688961252342375,1.0216409461206157
106,25,uncertain_to_control,0.988091095066757,0.9916517073766353
106,26,uncertain_to_control,0.9691079864501815,1.0227123553211097
106,27,uncertain_to_control,0.9986479696448161,1.010475127663817
106,28,uncertain_to_control,1.0039577413694099,1.0099421742977606
106,29,uncertain_to_control,1.012802138504472,1.0112307999881567
106,30,uncertain_to_control,0.9790095670096507,1.029221775415967
106,31,uncertain_to_control,1.0,1.0
107,0,control_to_uncertain,0.016693764388199552,-0.014750294618253222
107,1,control_to_uncertain,-0.029740411732483856,0.03402101184220076
107,2,control_to_uncertain,-0.03676062830925332,0.056859609756922246
107,3,control_to_uncertain,-0.03596053105453613,0.035936099262830395
107,4,control_to_uncertain,0.0006473875433698186,-0.02691085965307247
107,5,control_to_uncertain,0.06001117048084796,-0.09890230098093711
107,6,control_to_uncertain,0.1575460943579234,-0.15128370328529425
107,7,control_to_uncertain,0.22158410396143585,-0.1432782297205582
107,8,control_to_uncertain,0.5095143883298509,-0.09579518568190051
107,9,control_to_uncertain,0.6197622002290124,-0.044650427270868875
107,10,control_to_uncertain,0.7027425335114426,-0.09795996272862144
107,11,control_to_uncertain,0.7130845772051829,-0.10076116822133305
107,12,control_to_uncertain,0.8349355257513917,0.13807936358755976
107,13,control_to_uncertain,0.8550749658748521,0.7020958172936176
107,14,control_to_uncertain,0.8881207219781588,1.193651261120179
107,15,control_to_uncertain,0.9231670143896329,1.08623810516785
107,16,control_to_uncertain,1.036804017672631,0.5217732905226331
107,17,control_to_uncertain,1.0446303578045868,0.6988790626395345
107,18,control_to_uncertain,1.0024801646763153,0.9414495333099816
107,19,control_to_uncertain,1.02043209030408,1.065118774384065
107,20,control_to_uncertain,1.0418133066447488,0.9655835962318674
107,21,control_to_uncertain,1.0241625983166491,0.9242519602411285
107,22,control_to_uncertain,0.9885252724148409,0.8034971152895332
107,23,control_to_uncertain,0.9838233899158428,0.8862990370393453
107,24,control_to_uncertain,0.986438608871861,0.8493284664530333
107,25,control_to_uncertain,0.9869939406037402,0.8517671418155547
107,26,control_to_uncertain,0.984245035501099,0.8523471500094959
107,27,control_to_uncertain,0.9919536836136226,0.9465803750256154
107,28,control_to_uncertain,0.9895344660085382,0.9532487686455053
107,29,control_to_uncertain,0.9895344660085382,0.9511029984212833
107,30,control_to_uncertain,0.9898073434086997,0.952258313121495
107,31,control_to_uncertain,1.0,1.0
107,0,uncertain_to_control,0.018578009384611134,-0.05462120628199492
107,1,uncertain_to_control,0.021419328619311367,-0.1612931961927734
107,2,uncertain_to_control,0.00027027143239103274,-0.11336624281285768
107,3,uncertain_to_control,0.02864466743421104,-0.2700412813179291
107,4,uncertain_to_control,0.04024747833528694,-0.36458411746896546
107,5,uncertain_to_control,0.09000914955284199,-0.36690765150150645
107,6,uncertain_to_control,0.10299527329565798,-0.4004916064621396
107,7,uncertain_to_control,0.15259609115258307,-0.36798553840901194
107,8,uncertain_to_control,0.7926151955023081,0.05897882044759967
107,9,uncertain_to_control,0.9409216031079815,0.2055452304604738
107,10,uncertain_to_control,0.9827555294727137,0.16756719824581034
107,11,uncertain_to_control,0.968635223407011,0.18992742444900598
107,12,uncertain_to_control,1.0451175760538665,0.3116503168812445
107,13,uncertain_to_control,1.0425815133688752,0.5737906121402278
107,14,uncertain_to_control,1.0199007009010916,0.5870276635798419
107,15,uncertain_to_control,1.072484537490234,0.7577194333906155
107,16,uncertain_to_control,1.0146171663957329,0.8554363088630664
107,17,uncertain_to_control,1.0021419426343103,0.8678123512434789
107,18,uncertain_to_control,0.9995248669262558,0.9298824312987147
107,19,uncertain_to_control,0.9982731880315197,0.9319571760283354
107,20,uncertain_to_control,1.0112120460338996,0.9230287711774141
107,21,uncertain_to_control,1.0208101510783756,0.9337382153323935
107,22,uncertain_to_control,1.001756422277272,0.9738019962265455
107,23,uncertain_to_control,0.9953686415037893,0.9889344280129353
107,24,uncertain_to_control,1.0015679782328724,0.9571946350142384
107,25,uncertain_to_control,0.9954468531114995,0.9701032685682526
107,26,uncertain_to_control,0.994315732800743,0.9723276670160754
107,27,uncertain_to_control,0.9918942349738595,0.9732584011030759
107,28,uncertain_to_control,0.9992521849736771,0.9697395380071677
107,29,uncertain_to_control,1.0002511827184726,0.963985872729016
107,30,uncertain_to_control,0.9993657400192737,0.996312076219759
107,31,uncertain_to_control,1.0,1.0
108,0,control_to_uncertain,-0.0014585035677532896,-0.04738970630090824
108,1,control_to_uncertain,-0.0847159653669483,-0.05282590247862522
108,2,control_to_uncertain,-0.07625919639430424,-0.13492319265634045
108,3,control_to_uncertain,-0.005883439484515713,0.015832620329753574
108,4,control_to_uncertain,0.15705677681171282,0.39102079635128995
108,5,control_to_uncertain,0.1878486848238043,0.3452542861221334
108,6,control_to_uncertain,0.16534825867501576,0.38463791824556454
108,7,control_to_uncertain,0.14110553627908373,0.38420092075983264
108,8,control_to_uncertain,0.14750437729230978,-0.2287716867665076
108,9,control_to_uncertain,0.2545753667264635,-0.2957045511668008
108,10,control_to_uncertain,0.34029133059916117,-0.292682350118182
108,11,control_to_uncertain,0.4294588985096919,-0.37421784893898935
108,12,control_to_uncertain,0.5659443267498566,-0.3928213310820811
108,13,control_to_uncertain,0.7084329069393345,-0.2730025755703518
108,14,control_to_uncertain,0.7661871309847468,-0.31113082513707624
108,15,control_to_uncertain,0.7870057205661647,-0.21440287665198624
108,16,control_to_uncertain,0.6298632542273213,0.1260680822816348
108,17,control_to_uncertain,0.6103061570137883,0.12134999820471974
108,18,control_to_uncertain,0.623777631136873,0.2690744148043188
108,19,control_to_uncertain,0.7045582575566266,0.3876912082936693
108,20,control_to_uncertain,0.9409143411624787,0.8704832281415872
108,21,control_to_uncertain,0.9445912322199979,0.8369033867743018
108,22,control_to_uncertain,0.9991919552304117,0.9337182530959827
108,23,control_to_uncertain,1.0031840182307774,0.8826210741380685
108,24,control_to_uncertain,0.9994278169469402,0.9443009923083188
108,25,control_to_uncertain,1.0252619162752976,0.9296598250433713
108,26,control_to_uncertain,1.0000605746221298,0.9927978610768353
108,27,control_to_uncertain,1.0219977832217033,0.9361655265907278
108,28,control_to_uncertain,1.023678815192575,0.9405197380116878
108,29,control_to_uncertain,1.0252898472680443,0.990633453690089
108,30,control_to_uncertain,0.9968844874139843,1.0017992211110947
108,31,control_to_uncertain,1.0,1.0
108,0,uncertain_to_control,6.735622119185339e-05,-0.012187106735103334
108,1,uncertain_to_control,-0.010666076016208252,0.23073532927629187
108,2,uncertain_to_control,0.07007253897206821,0.22992482592349653
108,3,uncertain_to_control,0.12317510330156978,0.3071225335695513
108,4,uncertain_to_control,0.23548154468274932,0.09779066681963038
108,5,uncertain_to_control,0.26308271033617997,0.15457932204963207
108,6,uncertain_to_control,0.28772548960559025,0.03642448482024866
108,7,uncertain_to_control,0.2391865391465507,-0.15106889234711438
108,8,uncertain_to_control,0.48110531558975833,0.22926560777242502
108,9,uncertain_to_control,0.670880032018343,0.4982927322676666
108,10,uncertain_to_control,0.6372587029467657,0.4515751613781797
108,11,uncertain_to_control,0.6715117552123198,0.5717380852504154
108,12,uncertain_to_control,0.7302987938064001,0.647229181973985
108,13,uncertain_to_control,0.743223946906746,0.7886727449309605
108,14,uncertain_to_control,0.8551180325822502,0.7875622984141107
108,15,uncertain_to_control,0.884394195732811,0.8934269097622085
108,16,uncertain_to_control,0.9386872180535822,1.0047868301743699
108,17,uncertain_to_control,0.9653357989235188,0.9716599686657915
108,18,uncertain_to_control,0.9698779760444036,0.9763631650528118
108,19,uncertain_to_control,0.9958147188975465,0.9731776372885839
108,20,uncertain_to_control,0.9959090865726292,0.9710592065912181
108,21,uncertain_to_control,0.9980514971644295,0.9691172388064276
108,22,uncertain_to_control,0.9973132224055298,0.9512585790313018
108,23,uncertain_to_control,0.9757724499951896,1.0045718344173615
108,24,uncertain_to_control,0.9981828762784607,0.9612171299511421
108,25,uncertain_to_control,1.0007940218020364,1.0021722891049258
108,26,uncertain_to_control,1.0255355940272732,0.9574238341406256
108,27,uncertain_to_control,1.0224882422589483,0.9561102144440368
108,28,uncertain_to_control,0.9967419588913258,0.9565559693944126
108,29,uncertain_to_control,0.9948131111987993,0.9635763909262157
108,30,uncertain_to_control,0.9995512650383396,1.0078497534335829
108,31,uncertain_to_control,1.0,1.0
109,0,control_to_uncertain,0.03488533025335126,0.0006904147059116387
109,1,control_to_uncertain,0.010755072377496839,-0.052440626961784066
109,2,control_to_uncertain,-0.0005678010881987997,-0.06994702247093669
109,3,control_to_uncertain,0.04646854233044241,-0.1911278966193749
109,4,control_to_uncertain,0.0704395224146915,-0.1889090985070311
109,5,control_to_uncertain,0.09248772650409093,-0.12112740346601354
109,6,control_to_uncertain,0.13252108792977,-0.042179900934976436
109,7,control_to_uncertain,0.14173723199830127,-0.014927415116663699
109,8,control_to_uncertain,0.0746041103977215,0.12057262553516744
109,9,control_to_uncertain,0.12561855532553617,0.22245952124295346
109,10,control_to_uncertain,0.07277820255252379,0.2417030083060668
109,11,control_to_uncertain,0.24549389501370544,0.09172197785388594
109,12,control_to_uncertain,0.5993948230044648,0.1717420301438228
109,13,control_to_uncertain,0.7958892441545989,0.18243883232260416
109,14,control_to_uncertain,0.566184595492277,-0.21061349140584223
109,15,control_to_uncertain,0.5506339819495942,-0.0595053428736948
109,16,control_to_uncertain,0.7383953769173331,0.5353028420294931
109,17,control_to_uncertain,0.8081492667434828,0.7471552538512808
109,18,control_to_uncertain,0.8568441605909708,0.888650596766529
109,19,control_to_uncertain,0.9816465864699128,0.8416411642088577
109,20,control_to_uncertain,0.9775216104849596,0.9042398879844085
109,21,control_to_uncertain,0.9592848055930918,0.9054529354895033
109,22,control_to_uncertain,0.9548763002900411,0.9506827821972107
109,23,control_to_uncertain,0.9438886220671672,0.9656471250139067
109,24,control_to_uncertain,0.960355421382347,0.942664923930114
109,25,control_to_uncertain,0.950653670029785,0.9036142339583837
109,26,control_to_uncertain,0.9669538980542648,0.9471172598737104
109,27,control_to_uncertain,0.9895379777957063,1.0119997776497722
109,28,control_to_uncertain,0.99005428765377,1.01588071427737
109,29,control_to_uncertain,1.0026799023439779,0.9905274569210154
109,30,control_to_uncertain,1.0000012228621236,0.9965652534804357
109,31,control_to_uncertain,1.0,1.0
109,0,uncertain_to_control,0.024934857479568487,0.07094752009325538
109,1,uncertain_to_control,0.017093778195433718,0.06805430143807127
109,2,uncertain_to_control,-0.048485697077049444,-0.027927219972193676
109,3,uncertain_to_control,-0.04421380294266921,-0.16442164283105154
109,4,uncertain_to_control,-0.0870386965547563,-0.3192180140063395
109,5,uncertain_to_control,-0.17645760688590167,-0.25106022092486563
109,6,uncertain_to_control,-0.00763878294996533,-0.21912560067294656
109,7,uncertain_to_control,0.09695401204248415,-0.24999229692881492
109,8,uncertain_to_control,0.32777832199994905,-0.20274898893760576
109,9,uncertain_to_control,0.6188594251421239,-0.18109226491696795
109,10,uncertain_to_control,0.6827019121152575,-0.18541602033391266
109,11,uncertain_to_control,0.9265804499372694,0.06384720932823496
109,12,uncertain_to_control,1.1472027705863053,0.3906233278161311
109,13,uncertain_to_control,1.019358911911258,0.4979079399494443
109,14,uncertain_to_control,0.9565303086595714,0.6495308810047596
109,15,uncertain_to_control,0.9165423241534093,0.821120496182844
109,16,uncertain_to_control,0.9463116796915313,0.9356752394596701
109,17,uncertain_to_control,0.9575620112291061,1.0599241704184348
109,18,uncertain_to_control,0.9360862376345165,1.0826376068404213
109,19,uncertain_to_control,0.9695154011404848,1.0796106330764152
109,20,uncertain_to_control,0.9927945906519265,1.0786437702382026
109,21,uncertain_to_control,0.9582142771511313,1.1063607140076646
109,22,uncertain_to_control,0.966723737933135,1.1095625259268127
109,23,uncertain_to_control,0.9832700669599993,1.0723063183294754
109,24,uncertain_to_control,0.9695305558960887,1.013064722340937
109,25,uncertain_to_control,0.9695875500057802,1.011536966156586
109,26,uncertain_to_control,0.9872034903280122,1.0078617583716312
109,27,uncertain_to_control,0.9871571525882554,1.0053544381019226
109,28,uncertain_to_control,0.9903323577659584,1.0002987145161848
109,29,uncertain_to_control,1.002519139648365,0.9982059880421679
109,30,uncertain_to_control,1.0003992208097243,0.9915044337152881
109,31,uncertain_to_control,1.0,1.0
110,0,control_to_uncertain,-0.019934366950334577,0.12102739234424337
110,1,control_to_uncertain,0.0012595104229471677,0.007780372070772807
110,2,control_to_uncertain,0.0021857280155621064,-0.0019959397797762973
110,3,control_to_uncertain,0.010375553759619375,0.060497183236525566
110,4,control_to_uncertain,0.008960536995644074,0.14176960138590944
110,5,control_to_uncertain,0.0010162825562108554,0.1676082582335377
110,6,control_to_uncertain,0.10642069103156526,0.09120830054589149
110,7,control_to_uncertain,0.2316074927614002,0.21927053044290473
110,8,control_to_uncertain,0.4558779263330856,0.33809761499256835
110,9,control_to_uncertain,0.5887454156933529,0.2831566258481068
110,10,control_to_uncertain,0.676092813291588,0.7402101589868709
110,11,control_to_uncertain,0.7498724924952276,0.817552171475555
110,12,control_to_uncertain,0.823960770989666,0.6749605201869002
110,13,control_to_uncertain,0.9636318026766537,0.5783644247931428
110,14,control_to_uncertain,0.9552764322830045,0.6085350295769566
110,15,control_to_uncertain,0.9552854562677066,0.8055376211268787
110,16,control_to_uncertain,0.9915553691065073,1.1349291586888206
110,17,control_to_uncertain,0.9558196201993713,1.3089772983104324
110,18,control_to_uncertain,0.9558191655024677,1.4119235166601622
110,19,control_to_uncertain,0.9632453802619712,1.6277676947140785
110,20,control_to_uncertain,0.9633528286379582,1.5361450993285775
110,21,control_to_uncertain,0.9636013379841132,1.533187485418342
110,22,control_to_uncertain,0.9924663368645095,1.482212543716362
110,23,control_to_uncertain,0.9926540917090076,1.5868022078939352
110,24,control_to_uncertain,1.0216092255063698,1.5197188157707364
110,25,control_to_uncertain,1.0286383849389835,1.4967818577444931
110,26,control_to_uncertain,0.992401315207296,1.3486781558549719
110,27,control_to_uncertain,0.9919799161077217,1.3091703852108187
110,28,control_to_uncertain,1.028620441899634,1.089103309993416
110,29,control_to_uncertain,0.9923946696371666,1.0691390073632978
110,30,control_to_uncertain,0.9999769853413413,1.011188413085635
110,31,control_to_uncertain,1.0,1.0
110,0,uncertain_to_control,0.0002181845603539137,0.05525228250461013
110,1,uncertain_to_control,0.029204587514009037,-0.06382315005664264
110,2,uncertain_to_control,-0.007388160126341382,0.08185952658231117
110,3,uncertain_to_control,-0.007240943259632562,0.09939479273568169
110,4,uncertain_to_control,0.0676970937942477,0.21299250852255494
110,5,uncertain_to_control,0.022850583029858127,-0.099417354964516
110,6,uncertain_to_control,-0.03089630483216193,-1.0
110,7,uncertain_to_control,-0.05284081683990269,-1.0
110,8,uncertain_to_control,0.07346796698788555,-1.0
110,9,uncertain_to_control,0.5002573934241175,-1.0
110,10,uncertain_to_control,0.7175560643030962,-0.5834123147587877
110,11,uncertain_to_control,0.7542169465256154,0.22867096864062736
110,12,uncertain_to_control,0.9422919326206344,1.260437769367262
110,13,uncertain_to_control,1.0488584414515127,1.066980390643738
110,14,uncertain_to_control,1.0557792081376476,1.0516514815781854
110,15,uncertain_to_control,1.0573244081227895,1.2151295439797516
110,16,uncertain_to_control,1.0228392156072683,1.2208158796236424
110,17,uncertain_to_control,1.003680596551145,1.1872870996205784
110,18,uncertain_to_control,1.0115586051493934,1.1085992011336048
110,19,uncertain_to_control,1.0135206222883888,1.080393799180141
110,20,uncertain_to_control,1.0036817158050615,1.0925603993318311
110,21,uncertain_to_control,1.01481598381335,1.0921588570563452
110,22,uncertain_to_control,1.0137108255008294,1.0873364258846314
110,23,uncertain_to_control,1.0417344602261578,0.9515863617539484
110,24,uncertain_to_control,1.0193321034131857,0.9694883458730822
110,25,uncertain_to_control,1.0402359890920312,0.8891805447535706
110,26,uncertain_to_control,1.0391341885412604,0.8589471581156092
110,27,uncertain_to_control,1.0226131612928138,0.886287674630425
110,28,uncertain_to_control,1.009824461112467,0.8981093015731269
110,29,uncertain_to_control,1.0339913217248515,0.8611075732736992
110,30,uncertain_to_control,1.0329433502921288,0.8620940985547585
110,31,uncertain_to_control,1.0,1.0
111,0,control_to_uncertain,-0.009374733630483726,0.005418783624165419
111,1,control_to_uncertain,-0.045038853834520796,-0.05099594056167675
111,2,control_to_uncertain,-0.030379744288139193,0.0019307042708193302
111,3,control_to_uncertain,-0.021020858071709655,0.002481743663133088
111,4,control_to_uncertain,0.004762704918562978,0.043248556305492104
111,5,control_to_uncertain,-0.019487216491199978,0.09043405946931922
111,6,control_to_uncertain,-0.03285222836202709,-0.057656399616522504
111,7,control_to_uncertain,-0.06487593523100786,-0.014511851996329619
111,8,control_to_uncertain,-0.11256256494385272,0.0389408058560793
111,9,control_to_uncertain,-0.11073267374551367,0.2144969050528131
111,10,control_to_uncertain,-0.023645707305665065,0.19649008571073348
111,11,control_to_uncertain,0.1318762863895796,-0.057143932981670705
111,12,control_to_uncertain,0.6905900211456969,0.2739232891173968
111,13,control_to_uncertain,0.8064949171126342,0.13800689740599353
111,14,control_to_uncertain,0.7601752616188856,0.17187228605924293
111,15,control_to_uncertain,0.8489112574998516,0.4101272545116637
111,16,control_to_uncertain,0.9975665415307897,0.8107293339276905
111,17,control_to_uncertain,1.0521602001790722,0.937569762448066
111,18,control_to_uncertain,1.1185932426626473,0.5607239096336725
111,19,control_to_uncertain,1.0049921510381459,0.5139817635809111
111,20,control_to_uncertain,1.020903026618912,0.8515914304649704
111,21,control_to_uncertain,1.065574155764053,1.2066706532836036
111,22,control_to_uncertain,1.0075258327223156,0.9644383284174114
111,23,control_to_uncertain,1.0093868078507156,0.9939960814211214
111,24,control_to_uncertain,1.0094763223822552,0.995471948593535
111,25,control_to_uncertain,1.0109613796004038,0.997110831586175
111,26,control_to_uncertain,1.010959367230365,0.9998152870037015
111,27,control_to_uncertain,1.0105387459571127,1.0378143894982912
111,28,control_to_uncertain,1.012103183986249,1.041611050911333
111,29,control_to_uncertain,1.007185670315429,1.004607033719363
111,30,control_to_uncertain,0.9953540484788567,0.9569517694735886
111,31,control_to_uncertain,1.0,1.0
111,0,uncertain_to_control,-0.0018282022449137706,0.07835470199043465
111,1,uncertain_to_control,-0.00015200580827489434,0.077423330617551
111,2,uncertain_to_control,-0.014701980215240225,0.08364445055689992
111,3,uncertain_to_control,0.0019617733062276673,0.077422756618184
111,4,uncertain_to_control,0.025643882948484333,0.06462647392992454
111,5,uncertain_to_control,0.03818709320478697,0.01833859097620187
111,6,uncertain_to_control,0.0889689636481164,0.010077247686811251
111,7,uncertain_to_control,0.15278747029418407,0.07213254885222513
111,8,uncertain_to_control,0.3301906102526516,0.1038979034213921
111,9,uncertain_to_control,0.5542467404276947,0.19002490124053892
111,10,uncertain_to_control,0.6586061484229272,0.17757588816931053
111,11,uncertain_to_control,0.7101900381645978,0.4080863423623816
111,12,uncertain_to_control,0.8483269874202437,0.7334464035553062
111,13,uncertain_to_control,0.9571680333294476,0.6609650926876958
111,14,uncertain_to_control,1.0576774001214033,0.4634156337452391
111,15,uncertain_to_control,1.0731495071633905,0.7823231384540429
111,16,uncertain_to_control,1.0244701321882757,0.9567530508927354
111,17,uncertain_to_control,0.9984896084804723,1.0203962639070001
111,18,uncertain_to_control,1.0028473598639407,1.0712516894236368
111,19,uncertain_to_control,0.9993398707569717,1.0571381929880008
111,20,uncertain_to_control,0.987822681738935,1.0569336196136043
111,21,uncertain_to_control,0.9831455025470136,1.0770961509783648
111,22,uncertain_to_control,0.9993527355511472,1.0231268936956617
111,23,uncertain_to_control,0.9915158479171468,1.0554520124475206
111,24,uncertain_to_control,0.9987354769769775,1.0261812591273074
111,25,uncertain_to_control,1.0000402114655933,0.9907076390476156
111,26,uncertain_to_control,1.0003205058638307,0.9911036986108411
111,27,uncertain_to_control,0.9931212879858202,1.0175774678155685
111,28,uncertain_to_control,1.002068285177558,1.0096666085396642
111,29,uncertain_to_control,0.9930260238255988,1.0263238405700685
111,30,uncertain_to_control,1.0013967285475245,0.9963661248074376
111,31,uncertain_to_control,1.0,1.0
112,0,control_to_uncertain,-0.021325851249332086,0.01243482964645208
112,1,control_to_uncertain,0.04860660934939888,0.03355287884366172
112,2,control_to_uncertain,0.08136717076980964,0.03868740715052828
112,3,control_to_uncertain,0.1311275396259602,0.025941346505594053
112,4,control_to_uncertain,0.026476452465699615,-0.01704487028426104
112,5,control_to_uncertain,-0.10896441818492515,-0.04240682903777384
112,6,control_to_uncertain,-0.1608720657848393,0.026846688816226552
112,7,control_to_uncertain,-0.029197925509364005,0.00789041849448309
112,8,control_to_uncertain,-0.07750381334393455,-0.24407151546392802
112,9,control_to_uncertain,0.03269088745318688,-0.3308329125762776
112,10,control_to_uncertain,0.3689098596251876,-0.32433167763767684
112,11,control_to_uncertain,0.5305531679383069,-0.20193628911934394
112,12,control_to_uncertain,0.7169565051143846,-0.1045170707539896
112,13,control_to_uncertain,0.9070923762488837,0.0810050333429898
112,14,control_to_uncertain,0.8534688470643608,0.10077305738875626
112,15,control_to_uncertain,0.8739252026802895,0.05396928775013116
112,16,control_to_uncertain,0.950935927346707,0.49395351161215073
112,17,control_to_uncertain,0.9368341923171,0.8189269171817759
112,18,control_to_uncertain,0.9835857199705694,0.7599006347655677
112,19,control_to_uncertain,0.9299019774989549,0.9402163940419391
112,20,control_to_uncertain,0.9615319876435634,1.089551741801072
112,21,control_to_uncertain,0.9918073466517372,1.0866790959358197
112,22,control_to_uncertain,0.9969502117911215,1.0059358267369043
112,23,control_to_uncertain,1.005105712260115,1.0016461018474074
112,24,control_to_uncertain,1.0040214788974602,1.0022689162700116
112,25,control_to_uncertain,0.9924518554857458,1.001142583503927
112,26,control_to_uncertain,1.0038249726872135,1.0019728591532495
112,27,control_to_uncertain,1.003330849247807,1.0000178170740197
112,28,control_to_uncertain,1.0000890880712452,0.9976415676174406
112,29,control_to_uncertain,0.9955692481380691,0.9999272045261477
112,30,control_to_uncertain,0.9992445252719403,1.0009733604591433
112,31,control_to_uncertain,1.0,1.0
112,0,uncertain_to_control,0.006717674186396291,0.00022523914233382993
112,1,uncertain_to_control,-0.015610516413195993,0.02336080765305591
112,2,uncertain_to_control,-0.007894641924097357,0.010418132659432856
112,3,uncertain_to_control,0.02748130480911994,-0.016969157509277997
112,4,uncertain_to_control,0.045985606757763815,-0.03871618857779103
112,5,uncertain_to_control,0.07248950505072206,-0.05575530257659952
112,6,uncertain_to_control,0.24009245055464223,-0.0387210637991437
112,7,uncertain_to_control,0.48932480505578746,0.30283621973848296
112,8,uncertain_to_control,0.970507315175266,0.9931302061588182
112,9,uncertain_to_control,1.1996301071165798,0.9177018778256215
112,10,uncertain_to_control,1.2071937237848003,0.9393763679499111
112,11,uncertain_to_control,1.0948553412733406,1.0138247963704232
112,12,uncertain_to_control,1.0691184971867287,1.0420324746913359
112,13,uncertain_to_control,1.0557500634161214,0.9970001529527277
112,14,uncertain_to_control,1.0281662186311933,0.9758172574377669
112,15,uncertain_to_control,1.0108660838756307,1.0087000576646663
112,16,uncertain_to_control,1.0216923540557048,0.9995410634999735
112,17,uncertain_to_control,1.0237631589683995,0.9924958400069044
112,18,uncertain_to_control,1.0184408858271325,1.0056936320054484
112,19,uncertain_to_control,1.0206590211231366,1.000306140405905
112,20,uncertain_to_control,1.0015853044890335,1.0226947231935464
112,21,uncertain_to_control,1.0145081500802877,1.021939905789578
112,22,uncertain_to_control,1.0264453110602643,1.001540491630635
112,23,uncertain_to_control,1.0136100753089847,1.0260711174579054
112,24,uncertain_to_control,1.0109633514932403,1.009111377544895
112,25,uncertain_to_control,1.012547522671633,0.9997717065021199
112,26,uncertain_to_control,1.002732461229443,0.9943251640286824
112,27,uncertain_to_control,1.0120716800256069,0.9877247800100418
112,28,uncertain_to_control,1.0118250125009092,0.9887207348685464
112,29,uncertain_to_control,1.0126589813094409,0.9835572293423949
112,30,uncertain_to_control,1.0115033986507889,0.9932122821745226
112,31,uncertain_to_control,1.0,1.0
113,0,control_to_uncertain,0.016425346362865627,-0.009284018438446989
113,1,control_to_uncertain,0.005621917341958809,-0.0025201462137340084
113,2,control_to_uncertain,-0.006762738194191501,0.006085925123956756
113,3,control_to_uncertain,0.01735214915680579,0.00389301051966488
113,4,control_to_uncertain,0.052890686208889676,-0.013905972079721437
113,5,control_to_uncertain,0.051687768573257915,-0.014220090426658423
113,6,control_to_uncertain,0.08462745561958249,0.02611304815044289
113,7,control_to_uncertain,0.19305599398956266,-0.03254557480100624
113,8,control_to_uncertain,0.31377666534877036,-0.23360120100343026
113,9,control_to_uncertain,0.5355260637342955,-0.17759368547557047
113,10,control_to_uncertain,0.5884949520420648,-0.16133529695154358
113,11,control_to_uncertain,0.6697957468269311,-0.0853676817388906
113,12,control_to_uncertain,0.8245501044458765,-0.13532989754428018
113,13,control_to_uncertain,0.9516843441182911,-0.15533096546095218
113,14,control_to_uncertain,1.0230056960100948,-0.2503457230237264
113,15,control_to_uncertain,1.0722715032423362,-0.164347747608608
113,16,control_to_uncertain,1.1300942140201338,0.7975132711787546
113,17,control_to_uncertain,1.0916077816069412,0.8054499233216974
113,18,control_to_uncertain,1.0691334364820677,0.9099897947962975
113,19,control_to_uncertain,1.036598125681648,0.8922430081241375
113,20,control_to_uncertain,1.0399179376064305,0.8991072867999929
113,21,control_to_uncertain,1.0059412010705053,0.8967764686704017
113,22,control_to_uncertain,1.0277057500749749,0.9597290851390996
113,23,control_to_uncertain,1.0149779018883276,0.974382170351222
113,24,control_to_uncertain,1.0059042169568633,0.9428373174653143
113,25,control_to_uncertain,1.0063048159251684,0.9353889843623916
113,26,control_to_uncertain,1.0041740992905153,0.9333535146157595
113,27,control_to_uncertain,1.0168420091381063,0.9690742988025706
113,28,control_to_uncertain,1.0079399620404355,0.9623282537582567
113,29,control_to_uncertain,1.0163397142344215,0.996976278793789
113,30,control_to_uncertain,1.0075918298730773,1.000347115772195
113,31,control_to_uncertain,1.0,1.0
113,0,uncertain_to_control,0.0008773246082371632,0.009250635328997614
113,1,uncertain_to_control,-0.0069393570533914034,0.024718585529797662
113,2,uncertain_to_control,-0.02154347449351792,0.012018690770157334
113,3,uncertain_to_control,0.06382930856103365,-0.14902425756435977
113,4,uncertain_to_control,0.10877625545188796,-0.20130619236539
113,5,uncertain_to_control,0.12040578753643671,-0.20715374323220664
113,6,uncertain_to_control,0.08669337741540818,-0.20586733646583177
113,7,uncertain_to_control,0.18654425796730578,-0.12570501998829747
113,8,uncertain_to_control,0.6963745399037209,-0.19658021112695465
113,9,uncertain_to_control,0.7741327048939612,0.1310720297796192
113,10,uncertain_to_control,0.7969949888808985,0.4196719678815919
113,11,uncertain_to_control,0.8234775651502557,0.45449050818349
113,12,uncertain_to_control,0.963431801979335,1.0076258335385315
113,13,uncertain_to_control,0.947210345589769,1.1201416540897908
113,14,uncertain_to_control,0.9426485564884601,1.1181955773679488
113,15,uncertain_to_control,0.9794744395568132,1.0759996698543322
113,16,uncertain_to_control,0.9893191872211793,1.07052861103895
113,17,uncertain_to_control,1.0084314647224064,1.002556486235317
113,18,uncertain_to_control,1.0066096546800365,0.9952557416162756
113,19,uncertain_to_control,0.9986850923098156,0.9980158691046136
113,20,uncertain_to_control,1.0025592508537788,1.0047574573538276
113,21,uncertain_to_control,0.9856761482560704,1.009614678351812
113,22,uncertain_to_control,0.9833804766633771,1.0152479816503461
113,23,uncertain_to_control,0.9936063557884185,1.0178510928190145
113,24,uncertain_to_control,0.9857319357406215,1.0115934953761179
113,25,uncertain_to_control,0.9833265155548084,1.0144892122846072
113,26,uncertain_to_control,0.9847522510602839,1.0090433515030584
113,27,uncertain_to_control,0.9880189735559437,1.010099440526512
113,28,uncertain_to_control,0.9919463460546647,1.007318228969048
113,29,uncertain_to_control,0.9917441164231672,1.010647797738982
113,30,uncertain_to_control,0.9927761848873614,1.0042428689349983
113,31,uncertain_to_control,1.0,1.0
114,0,control_to_uncertain,0.02523976546572495,-0.01629752258471251
114,1,control_to_uncertain,0.02507339179283625,-0.012111357154133614
114,2,control_to_uncertain,0.030120891802819436,-0.005932783125807724
114,3,control_to_uncertain,0.02909784538222249,-0.002848503736144301
114,4,control_to_uncertain,-0.014037245893300297,0.0207938477577305
114,5,control_to_uncertain,-0.034347735336769804,0.02246378620281041
114,6,control_to_uncertain,0.02303390321467879,0.0446652980724584
114,7,control_to_uncertain,0.129228341012197,0.07378713834942385
114,8,control_to_uncertain,0.10321595356496582,0.2583473122996934
114,9,control_to_uncertain,0.15293008112799583,0.30823806653740216
114,10,control_to_uncertain,0.28013241086625507,0.37136611100030875
114,11,control_to_uncertain,0.4443002599007886,0.36395143616192915
114,12,control_to_uncertain,0.6429227027838965,0.31499684689185486
114,13,control_to_uncertain,1.069860623940054,0.40795374561575304
114,14,control_to_uncertain,1.0907470281584273,0.5170324827648388
114,15,control_to_uncertain,1.1395427791906123,0.45913218962841157
114,16,control_to_uncertain,1.3394899143688184,0.7616552003802247
114,17,control_to_uncertain,1.357435002532658,0.8596012058255469
114,18,control_to_uncertain,1.3082119710407674,0.9714833911309702
114,19,control_to_uncertain,1.2175233061370805,0.9744330645308313
114,20,control_to_uncertain,0.9969832340799631,0.9868058809750774
114,21,control_to_uncertain,0.9800781637568489,1.0074955271089447
114,22,control_to_uncertain,0.9959096573677619,1.0037838014979734
114,23,control_to_uncertain,1.000230765237494,0.9958635978378851
114,24,control_to_uncertain,0.9969015255233264,0.9963254990352107
114,25,control_to_uncertain,0.9955391274939156,1.0005698911412853
114,26,control_to_uncertain,0.9955390507001594,1.0041505773908415
114,27,control_to_uncertain,0.9933933563571253,0.9996218200247757
114,28,control_to_uncertain,0.9938657915454989,0.9998181149929504
114,29,control_to_uncertain,1.0002257736433384,0.9999648292623041
114,30,control_to_uncertain,1.0002260040246072,0.9994434103612915
114,31,control_to_uncertain,1.0,1.0
114,0,uncertain_to_control,-0.0024999439405579468,0.006828000330607542
114,1,uncertain_to_control,0.0038551233568823945,0.012913724654671476
114,2,uncertain_to_control,-0.0011604304505059633,0.011706756743398862
114,3,uncertain_to_control,0.012730331352771164,0.009976870251901509
114,4,uncertain_to_control,0.024120842040465395,0.006563867699291001
114,5,uncertain_to_control,0.006472408156971352,0.014054354582014235
114,6,uncertain_to_control,0.12186616199857901,0.014553936849629879
114,7,uncertain_to_control,0.31207101087921785,0.011148954320631885
114,8,uncertain_to_control,0.7507681295467663,0.03461549124809381
114,9,uncertain_to_control,0.8127904147876515,0.05283427243245595
114,10,uncertain_to_control,0.8945662043580149,0.12268695672653464
114,11,uncertain_to_control,0.8688893672286638,0.08894648265628816
114,12,uncertain_to_control,0.9612954860937258,0.2161017140342302
114,13,uncertain_to_control,0.9810132429296756,0.25701152846444614
114,14,uncertain_to_control,1.0055169402418636,0.30140127678254286
114,15,uncertain_to_control,1.038419071514339,0.8057479861329488
114,16,uncertain_to_control,1.161277869606045,0.9048311396417039
114,17,uncertain_to_control,1.1832372745834476,0.936434988136755
114,18,uncertain_to_control,1.1825164115936455,0.9506750030052268
114,19,uncertain_to_control,1.1962615724350962,0.9495976334592569
114,20,uncertain_to_control,1.0814548300661686,0.9548868325113656
114,21,uncertain_to_control,1.0864535276440628,0.956822905333493
114,22,uncertain_to_control,1.0518056823079165,0.9832875748604001
114,23,uncertain_to_control,1.048045860002525,0.9806887220706589
114,24,uncertain_to_control,1.0452796337122132,0.984620959208908
114,25,uncertain_to_control,1.042479618169157,0.9890999663471984
114,26,uncertain_to_control,1.0425558359722227,0.9918486305698836
114,27,uncertain_to_control,1.0258819532522616,0.997122076469921
114,28,uncertain_to_control,1.0287102672944914,0.9965809400474415
114,29,uncertain_to_control,1.0157960916892876,1.0022139959818508
114,30,uncertain_to_control,1.0217847759757184,0.9982577639762082
114,31,uncertain_to_control,1.0,1.0
115,0,control_to_uncertain,0.012261895172963012,-0.0072444773219896745
115,1,control_to_uncertain,-0.0033084646334148576,0.012173444478338688
115,2,control_to_uncertain,0.0027022973496613582,0.03087160622248634
115,3,control_to_uncertain,0.04097709890052665,-0.01881411187612242
115,4,control_to_uncertain,0.02493414665099191,0.06059892278912532
115,5,control_to_uncertain,0.041361311793843426,0.025309259529961915
115,6,control_to_uncertain,0.059654185110385,0.05500925719000443
115,7,control_to_uncertain,0.07284041394652582,0.030959927005744226
115,8,control_to_uncertain,0.10722461011652658,0.0390556366219101
115,9,control_to_uncertain,0.09504569646101821,0.004452360890982856
115,10,control_to_uncertain,0.2382032088233062,-0.05062721143929543
115,11,control_to_uncertain,0.3444307706051099,-0.041413599747517425
115,12,control_to_uncertain,0.47525589584210737,-0.037160232255720176
115,13,control_to_uncertain,0.5514107016732948,0.07023776257534091
115,14,control_to_uncertain,0.6245357824453235,0.12979934301910162
115,15,control_to_uncertain,0.8419239137809332,0.3813984788879373
115,16,control_to_uncertain,1.0668260532751928,0.5804375130652477
115,17,control_to_uncertain,0.9996935822792969,0.791659227373979
115,18,control_to_uncertain,1.0212648076760444,0.15412193987985656
115,19,control_to_uncertain,0.9245678954458283,0.5293188717493363
115,20,control_to_uncertain,0.9584289058495301,0.7293245450790868
115,21,control_to_uncertain,0.9358836531385272,0.8121766187490199
115,22,control_to_uncertain,0.9735407504344622,1.0318178726107743
115,23,control_to_uncertain,0.9630173392209285,1.0152216368534224
115,24,control_to_uncertain,0.9696072783258309,1.0140891634007831
115,25,control_to_uncertain,0.9773861605245702,1.0310156901716236
115,26,control_to_uncertain,0.9685624944498172,1.0315214003857787
115,27,control_to_uncertain,0.9805265452476305,1.0023206712658925
115,28,control_to_uncertain,0.9757750066231741,1.0003799811553873
115,29,control_to_uncertain,0.9853808581749549,1.0022084076340978
115,30,control_to_uncertain,0.9902339009770121,0.9972390830020949
115,31,control_to_uncertain,1.0,1.0
115,0,uncertain_to_control,0.0011769827475709648,0.02863910051879147
115,1,uncertain_to_control,0.021440561259888056,0.06510200216153088
115,2,uncertain_to_control,-0.024466634708903694,0.05005545466402227
115,3,uncertain_to_control,-0.019082044482538793,-0.01840329993765158
115,4,uncertain_to_control,0.09742580536790925,0.07798414719551051
115,5,uncertain_to_control,0.11272457005465879,-0.010557535033684328
115,6,uncertain_to_control,0.46637295725488676,0.6114503316472575
115,7,uncertain_to_control,0.8425198142187772,0.8521870201122644
115,8,uncertain_to_control,0.7545519437309104,0.9170802887530817
115,9,uncertain_to_control,0.9045184388848003,0.9703171542671104
115,10,uncertain_to_control,0.8992001068598725,0.9136225844159065
115,11,uncertain_to_control,0.896988077863336,0.9408014816160639
115,12,uncertain_to_control,0.9068473194059158,0.9206169229993723
115,13,uncertain_to_control,0.9389645536615754,1.0506424231031957
115,14,uncertain_to_control,0.9557606901945377,1.055224704021572
115,15,uncertain_to_control,0.9363695818969893,1.0739833243686703
115,16,uncertain_to_control,0.9592467606778108,1.02086497013411
115,17,uncertain_to_control,0.9914531153897163,0.9961316583480466
115,18,uncertain_to_control,1.0000690101395158,0.970418746451016
115,19,uncertain_to_control,0.9898558270224866,0.984497607053928
115,20,uncertain_to_control,0.9959070213265675,0.9843566663312598
115,21,uncertain_to_control,1.0000896496751073,0.9799310034626326
115,22,uncertain_to_control,0.9808829212288419,0.9975700143024565
115,23,uncertain_to_control,0.9920701845820129,0.9937422629577474
115,24,uncertain_to_control,1.0048261584839022,0.9719962580859016
115,25,uncertain_to_control,0.9976917590144759,0.9792320430285196
115,26,uncertain_to_control,0.9977770690949204,0.9806928284261295
115,27,uncertain_to_control,1.0070004012537406,0.9874557324088263
115,28,uncertain_to_control,1.0014932439390944,0.9955105412756277
115,29,uncertain_to_control,1.0078585825592536,0.985297771619296
115,30,uncertain_to_control,0.9933004067470325,1.0036858792956798
115,31,uncertain_to_control,1.0,1.0
116,0,control_to_uncertain,0.008800445100258758,-0.045166512168463
116,1,control_to_uncertain,0.015057226141084458,-0.03517982633053818
116,2,control_to_uncertain,0.009649341160515383,0.020351191622827135
116,3,control_to_uncertain,0.03458851379493899,-0.22970973849538262
116,4,control_to_uncertain,0.05223690790145573,0.1073354540916836
116,5,control_to_uncertain,0.08918064519502716,0.05431081916685913
116,6,control_to_uncertain,0.15994319440078894,-0.1180490442219623
116,7,control_to_uncertain,0.25923706836889415,-0.2496458603173049
116,8,control_to_uncertain,0.5517362898151562,0.3119084590161143
116,9,control_to_uncertain,0.5771098018765807,0.18420052767078793
116,10,control_to_uncertain,0.6921947239289082,0.23964853166397226
116,11,control_to_uncertain,0.751177249484781,0.34047883090801306
116,12,control_to_uncertain,0.7759074742355887,0.40114048409910164
116,13,control_to_uncertain,0.8481937080761491,0.3332236236445044
116,14,control_to_uncertain,0.878753840240332,0.4257887124428348
116,15,control_to_uncertain,0.8787808998260437,0.7637462603807361
116,16,control_to_uncertain,0.8636176719318509,-0.017307080345806358
116,17,control_to_uncertain,0.8703910737010501,0.6505798737974949
116,18,control_to_uncertain,0.9451959595974869,1.1465747162891482
116,19,control_to_uncertain,0.9523604495583177,1.3085247088923915
116,20,control_to_uncertain,0.9312127690499326,1.3622316813200497
116,21,control_to_uncertain,0.9420204116849781,1.4350668528449841
116,22,control_to_uncertain,0.994685169753066,0.9579592827168127
116,23,control_to_uncertain,1.0020856671832243,1.1411109609291603
116,24,control_to_uncertain,0.9998825947893507,1.0710519678033548
116,25,control_to_uncertain,1.0004881120845213,1.0715920906853016
116,26,control_to_uncertain,1.0043528446491858,1.1485359210984236
116,27,control_to_uncertain,0.9932378441820221,1.0628234750708014
116,28,control_to_uncertain,0.9986585501770088,1.0722508809590454
116,29,control_to_uncertain,0.9987339327015818,0.9890692964354019
116,30,control_to_uncertain,0.9987687730994831,0.9981220752212907
116,31,control_to_uncertain,1.0,1.0
116,0,uncertain_to_control,0.0018446195116686667,0.0883005126644182
116,1,uncertain_to_control,-0.006480975536181439,-0.04344929390241177
116,2,uncertain_to_control,-0.007132547679210533,0.003190449988878258
116,3,uncertain_to_control,-0.009836112154327968,0.022348315934103944
116,4,uncertain_to_control,-0.06513286382589528,-0.07908250416932294
116,5,uncertain_to_control,-0.11696447646568923,-0.0014692406670490986
116,6,uncertain_to_control,-0.058649620198711234,-0.011472422868856035
116,7,uncertain_to_control,-0.06614033724875143,-0.266282709362804
116,8,uncertain_to_control,0.3797632037390236,0.17377003643035713
116,9,uncertain_to_control,0.6149374331346297,0.47181516409624935
116,10,uncertain_to_control,0.6614416150219196,0.6534454518460495
116,11,uncertain_to_control,0.701220497570024,0.7809485089947754
116,12,uncertain_to_control,0.7477802791881418,1.315633178338465
116,13,uncertain_to_control,0.764887670588007,1.6472845920768497
116,14,uncertain_to_control,0.7856733700726274,1.8498421138334251
116,15,uncertain_to_control,0.7714271754725615,1.805790702649316
116,16,uncertain_to_control,0.7752424510528636,1.8588720105661871
116,17,uncertain_to_control,0.8538112654694044,1.0686025238372459
116,18,uncertain_to_control,0.9309465833697645,0.6251227914827677
116,19,uncertain_to_control,1.0151466267281042,0.6957910857906707
116,20,uncertain_to_control,1.005522045561034,0.7430696646768149
116,21,uncertain_to_control,1.0005083043946972,0.9644436840744103
116,22,uncertain_to_control,1.0089345144795245,0.9510914739341486
116,23,uncertain_to_control,1.0100040453923134,0.9316396002132821
116,24,uncertain_to_control,1.0034435291647206,0.9207080984375283
116,25,uncertain_to_control,1.0113927471111923,0.8478383377625184
116,26,uncertain_to_control,1.01037109811957,0.848163209702842
116,27,uncertain_to_control,1.0108858287721079,0.8768865720662281
116,28,uncertain_to_control,1.0101669699293345,0.8741598827587455
116,29,uncertain_to_control,1.0001507650491461,0.9672557819755406
116,30,uncertain_to_control,1.002103591402398,0.9272316121417495
116,31,uncertain_to_control,1.0,1.0
117,0,control_to_uncertain,0.024327098971344812,-0.017025237261736246
117,1,control_to_uncertain,-0.025256679084980627,0.02234247930299316
117,2,control_to_uncertain,0.025800428679034572,-0.008633251812038695
117,3,control_to_uncertain,0.04511851685972734,-0.04754409837228908
117,4,control_to_uncertain,0.06391568536781378,0.01075488731099441
117,5,control_to_uncertain,0.13683353351926875,0.02094004383726101
117,6,control_to_uncertain,0.2089723530135981,-0.004427968998514184
117,7,control_to_uncertain,0.3634290832841351,0.03532551619894826
117,8,control_to_uncertain,0.8022231787199927,0.29270880267635496
117,9,control_to_uncertain,0.8693350046193026,0.3934089488296857
117,10,control_to_uncertain,1.0392228714127698,0.24026781578011702
117,11,control_to_uncertain,1.0644570598744985,0.24492684124153666
117,12,control_to_uncertain,1.0594070424733482,0.5825727226531868
117,13,control_to_uncertain,1.144453104626961,0.5080337421539567
117,14,control_to_uncertain,1.1778106735456952,0.67269476912359
117,15,control_to_uncertain,1.2037678579911026,0.2831655820794741
117,16,control_to_uncertain,1.1850269160411462,0.40417662151024375
117,17,control_to_uncertain,1.1357502997941915,1.0154190177221318
117,18,control_to_uncertain,1.0577554357994496,0.8187418616868603
117,19,control_to_uncertain,1.038001882620274,0.9160596797136151
117,20,control_to_uncertain,1.009750072949112,0.876294236976273
117,21,control_to_uncertain,1.0024317986391234,1.0297699051992442
117,22,control_to_uncertain,0.9702393797241214,1.140389612521899
117,23,control_to_uncertain,0.9546959354984436,1.1143061708770161
117,24,control_to_uncertain,0.9821278068443232,0.9705846358581878
117,25,control_to_uncertain,0.9864225464620408,0.9922118243236873
117,26,control_to_uncertain,0.9942279560385869,0.9984755516369573
117,27,control_to_uncertain,0.9873374882820944,1.0287730832833915
117,28,control_to_uncertain,0.9837440295635365,1.0272487728919628
117,29,control_to_uncertain,0.9839418888827492,1.0239787996497176
117,30,control_to_uncertain,0.9880142427688284,1.02287109454675
117,31,control_to_uncertain,1.0,1.0
117,0,uncertain_to_control,0.011934086963096958,0.007172914258966189
117,1,uncertain_to_control,0.015147240875544452,-0.031126741046550565
117,2,uncertain_to_control,0.007472121806113378,-0.03312190256600987
117,3,uncertain_to_control,0.022360817456601338,0.009166006204215557
117,4,uncertain_to_control,0.050109205547816324,0.10534643223572468
117,5,uncertain_to_control,0.017770791466359553,0.06573786322349612
117,6,uncertain_to_control,-0.0031478147742067452,0.032642934108022485
117,7,uncertain_to_control,0.07588249037120191,0.0545576554170898
117,8,uncertain_to_control,1.0580062741083487,0.11815093386316886
117,9,uncertain_to_control,1.154522748005169,0.3017973148240427
117,10,uncertain_to_control,1.1969113200541714,0.3683533497185356
117,11,uncertain_to_control,1.173318559320473,0.3869487039475472
117,12,uncertain_to_control,1.173493879545263,0.5309421350270238
117,13,uncertain_to_control,1.01461313704448,0.6782628895496299
117,14,uncertain_to_control,1.058658453711486,0.9520954277908772
117,15,uncertain_to_control,1.1031547946228022,1.2882206780541385
117,16,uncertain_to_control,1.0515413347603246,1.0637780224372198
117,17,uncertain_to_control,1.0687568404939793,0.9442015198677055
117,18,uncertain_to_control,1.0246496261418596,0.9568995074091446
117,19,uncertain_to_control,1.013647397437426,0.9793198946835076
117,20,uncertain_to_control,1.0034060691722384,1.0120457497315418
117,21,uncertain_to_control,1.0064011997584197,0.9977355178900204
117,22,uncertain_to_control,1.0063470089894633,1.0060972415657148
117,23,uncertain_to_control,1.004635443477283,0.9973928883819301
117,24,uncertain_to_control,0.9993337152861592,1.0008591032498155
117,25,uncertain_to_control,1.0051839432460756,0.9982727793549211
117,26,uncertain_to_control,1.0068838756772633,0.9866452675759395
117,27,uncertain_to_control,0.9974898234776902,1.0008563438175357
117,28,uncertain_to_control,1.000034705358294,1.0002684927608363
117,29,uncertain_to_control,1.0138104059848323,0.9829857084863074
117,30,uncertain_to_control,1.0000006785963913,1.00337441775404
117,31,uncertain_to_control,1.0,1.0
118,0,control_to_uncertain,-0.010827445449666025,0.014236227861747013
118,1,control_to_uncertain,-0.017332941621428823,0.09425519075659637
118,2,control_to_uncertain,0.013767559189707741,0.11499035248419023
118,3,control_to_uncertain,0.02633399872664913,0.04674383435356544
118,4,control_to_uncertain,0.027457786867944554,0.08866708289499366
118,5,control_to_uncertain,0.056679414534292163,0.10241455968180552
118,6,control_to_uncertain,-0.040090599172752706,0.1651283260791926
118,7,control_to_uncertain,-0.16347164726630178,0.21848180655533492
118,8,control_to_uncertain,-0.08715068358609376,-0.06746804925128037
118,9,control_to_uncertain,-0.024295603493357985,0.04095246376443815
118,10,control_to_uncertain,0.06802343723750061,0.34955852554660444
118,11,control_to_uncertain,0.11390690409462427,0.3510173150237652
118,12,control_to_uncertain,0.5011882138367922,0.7389256955310936
118,13,control_to_uncertain,0.6832862790843935,0.649664249531992
118,14,control_to_uncertain,0.693276655722282,0.3225696140632928
118,15,control_to_uncertain,0.7018299206438778,0.08924216465101942
118,16,control_to_uncertain,0.7305771174196639,0.2968351097674707
118,17,control_to_uncertain,0.7315141244592782,0.3109619937262225
118,18,control_to_uncertain,0.8799544419526896,0.0832426798983985
118,19,control_to_uncertain,0.957512296278938,0.14932284527514297
118,20,control_to_uncertain,1.0004665736781662,0.9546648236185816
118,21,control_to_uncertain,1.0210650830478059,0.904671833321578
118,22,control_to_uncertain,0.9921466817492981,1.0353595044668664
118,23,control_to_uncertain,0.9887849320721589,1.0494074592942753
118,24,control_to_uncertain,0.9962608973591324,1.0024134028009206
118,25,control_to_uncertain,0.9968816171383722,1.0019039398262712
118,26,control_to_uncertain,0.9929080042766669,1.0034644228650913
118,27,control_to_uncertain,1.0038566506736784,1.0027307364716154
118,28,control_to_uncertain,0.9953702409803595,1.0087840224051752
118,29,control_to_uncertain,0.9941420346217037,1.0014502061673694
118,30,control_to_uncertain,0.9944486726738732,1.0028894033069626
118,31,control_to_uncertain,1.0,1.0
118,0,uncertain_to_control,0.004983161270145953,-0.0025371144181318313
118,1,uncertain_to_control,-0.003455519304016397,-0.001319714979380775
118,2,uncertain_to_control,-0.009697661014700397,0.0056103747087427975
118,3,uncertain_to_control,0.01963875776782799,-0.053092124912783
118,4,uncertain_to_control,0.023781748694987666,-0.12334999863786605
118,5,uncertain_to_control,0.012833963834423033,-0.1358591152946246
118,6,uncertain_to_control,0.04531905710005109,-0.177196148656457
118,7,uncertain_to_control,0.28137535678378106,-0.25313990533728864
118,8,uncertain_to_control,0.8511586545213002,0.3003803898987132
118,9,uncertain_to_control,1.0643051493171893,0.5961805266594492
118,10,uncertain_to_control,1.1095536638129708,0.7587339841970071
118,11,uncertain_to_control,1.0668559864290779,0.9655664978242554
118,12,uncertain_to_control,1.0337613388965614,0.89672462142317
118,13,uncertain_to_control,1.020058291555995,0.9530847482421941
118,14,uncertain_to_control,1.0154576869297167,1.00099305162413
118,15,uncertain_to_control,1.0044041743163923,0.9943778076908197
118,16,uncertain_to_control,1.0192875265891685,0.9812125032202961
118,17,uncertain_to_control,1.018363821672294,0.9720654316901022
118,18,uncertain_to_control,1.0121573820319683,0.9687640917110479
118,19,uncertain_to_control,1.0184335716630324,0.9722423225092821
118,20,uncertain_to_control,1.0167208372066576,0.9638502090533517
118,21,uncertain_to_control,1.0183700247347114,0.972400305167762
118,22,uncertain_to_control,1.0122459479787063,0.9983145613860279
118,23,uncertain_to_control,1.0098454317460672,0.989866345426968
118,24,uncertain_to_control,1.0065708350958933,0.9571556006034191
118,25,uncertain_to_control,1.0084578066832828,0.9571072106395225
118,26,uncertain_to_control,1.0034628940560015,0.9934124963287692
118,27,uncertain_to_control,1.0064562852099177,0.9555659467508876
118,28,uncertain_to_control,1.003179069488945,0.9771829502627053
118,29,uncertain_to_control,0.9994689489341502,0.9752568057871909
118,30,uncertain_to_control,1.0016132097660326,0.9806513537932071
118,31,uncertain_to_control,1.0,1.0
119,0,control_to_uncertain,0.016614735102871803,-0.014357938142461632
119,1,control_to_uncertain,0.056166135235907376,-0.03379107074037688
119,2,control_to_uncertain,0.0742725446543181,-0.05046901676413421
119,3,control_to_uncertain,0.07113552147809096,-0.06687882860744529
119,4,control_to_uncertain,0.1154255205608032,-0.080902801005158
119,5,control_to_uncertain,0.08652619664226527,-0.07604359325505695
119,6,control_to_uncertain,0.047972707516163594,-0.05551561024034023
119,7,control_to_uncertain,0.04162185994804344,-0.012418865717524062
119,8,control_to_uncertain,0.09165500345857869,0.05013683858058826
119,9,control_to_uncertain,0.19710667825872247,0.0326801939127901
119,10,control_to_uncertain,0.4519916862864326,-0.04079781753570727
119,11,control_to_uncertain,0.696530560970502,-0.009364971502344872
119,12,control_to_uncertain,0.9903916631234745,0.08060125792222854
119,13,control_to_uncertain,1.1747943746607046,0.10722537939946357
119,14,control_to_uncertain,1.193840535292214,0.13227792637907612
119,15,control_to_uncertain,1.192249199680853,0.3869071435769004
119,16,control_to_uncertain,1.1418622297246233,0.7890027015751481
119,17,control_to_uncertain,1.103413810430658,0.898204538084708
119,18,control_to_uncertain,1.060957737841466,0.9519685540862779
119,19,control_to_uncertain,1.0427085430643526,0.9611672669867357
119,20,control_to_uncertain,1.0527143352461763,0.966357543399636
119,21,control_to_uncertain,1.055980946952499,0.9580147024751543
119,22,control_to_uncertain,1.0107542614939329,0.9556822278954689
119,23,control_to_uncertain,0.9918544558550939,0.997396632848012
119,24,control_to_uncertain,0.9909249808609928,0.9978922033715161
119,25,control_to_uncertain,0.992448457370061,0.9978846139414086
119,26,control_to_uncertain,0.9916581620437863,0.9973593868529466
119,27,control_to_uncertain,0.9916406383861274,1.0066828977223896
119,28,control_to_uncertain,0.9914938146536431,1.006313504363799
119,29,control_to_uncertain,1.0007228689068872,1.0069771518704138
119,30,control_to_uncertain,1.0007302966300924,1.0066998487337973
119,31,control_to_uncertain,1.0,1.0
119,0,uncertain_to_control,-0.002217716230397301,-0.0033986546721926345
119,1,uncertain_to_control,0.0038324167186366913,-0.009404652279048844
119,2,uncertain_to_control,0.0032160599202363488,-0.016250526271116665
119,3,uncertain_to_control,-0.0705269529719835,-0.004095934526441058
119,4,uncertain_to_control,-0.11482531725752883,-0.005865882087562668
119,5,uncertain_to_control,-0.11125633231431702,0.003342600759470033
119,6,uncertain_to_control,-0.08455777787905763,0.01072015092933997
119,7,uncertain_to_control,-0.06712289232945515,0.0024783149178315904
119,8,uncertain_to_control,0.5016471156492176,0.0695918379832192
119,9,uncertain_to_control,0.8434545316611389,0.463401988165636
119,10,uncertain_to_control,0.8742882366210118,0.49698545524630183
119,11,uncertain_to_control,0.901133254219668,0.5355371096704087
119,12,uncertain_to_control,0.9427392491278554,0.5842159763498256
119,13,uncertain_to_control,0.9916911901722135,0.6607905369222077
119,14,uncertain_to_control,0.9967077878884555,0.7023483145293452
119,15,uncertain_to_control,1.0189804288868338,0.9181938025468833
119,16,uncertain_to_control,1.014836624704117,0.9249690293464077
119,17,uncertain_to_control,1.00371948648039,0.9573153807945318
119,18,uncertain_to_control,1.0149633286815114,0.9756303630399654
119,19,uncertain_to_control,1.0122827138564103,0.9797300421989265
119,20,uncertain_to_control,1.0060771756306064,0.9776146792553507
119,21,uncertain_to_control,1.009673780165931,0.9765243902016189
119,22,uncertain_to_control,1.0029141193662523,0.9992969336868575
119,23,uncertain_to_control,1.0080498491090482,0.9959476603928971
119,24,uncertain_to_control,1.005797229790968,0.9906722590827102
119,25,uncertain_to_control,1.002175241191874,0.9939852880322793
119,26,uncertain_to_control,1.0006636634626978,0.9962733663720874
119,27,uncertain_to_control,0.9943224791461263,1.008618880440248
119,28,uncertain_to_control,0.9890893236358518,1.0125870197506868
119,29,uncertain_to_control,0.9888148584463453,1.0164826703723426
119,30,uncertain_to_control,0.9999538471567829,0.997398173849049
119,31,uncertain_to_control,1.0,1.0
120,0,control_to_uncertain,0.010676565000789982,0.0006953996722500407
120,1,control_to_uncertain,-0.014746333387870831,0.013836079484085358
120,2,control_to_uncertain,-0.011358874913593537,0.0019952653403029715
120,3,control_to_uncertain,-0.018805682009143676,-0.06768644735592635
120,4,control_to_uncertain,0.035871447875971386,-0.08578863515076665
120,5,control_to_uncertain,0.03461708543040357,-0.11149773734800193
120,6,control_to_uncertain,-0.02737132069570929,-0.0865170763726265
120,7,control_to_uncertain,0.003714387863884456,-0.03941509793348708
120,8,control_to_uncertain,0.06498190877398967,0.12493183445017474
120,9,control_to_uncertain,0.20241381634342484,0.3053815938021827
120,10,control_to_uncertain,0.3056124701392421,0.4125980903650286
120,11,control_to_uncertain,0.40756363410098184,0.38338304374312443
120,12,control_to_uncertain,0.6186907394294432,0.5121774769916974
120,13,control_to_uncertain,0.7826674807385826,0.42346306815499873
120,14,control_to_uncertain,0.8376049200212771,0.4493212044005791
120,15,control_to_uncertain,0.8493129679380111,0.5375590791236826
120,16,control_to_uncertain,0.8046509696220226,0.24939789411488353
120,17,control_to_uncertain,0.8835090504903423,0.20011753351218345
120,18,control_to_uncertain,0.9489139943662321,0.27112632256437963
120,19,control_to_uncertain,0.9847977094842186,0.46196737160859036
120,20,control_to_uncertain,0.9615169228081579,0.8115446410771434
120,21,control_to_uncertain,1.0039290645991485,0.9102733639851551
120,22,control_to_uncertain,0.9968724444785365,1.0517907548078231
120,23,control_to_uncertain,0.9947969897074883,0.9949588556350836
120,24,control_to_uncertain,0.98895615672924,1.0173231603770179
120,25,control_to_uncertain,0.989446624712699,1.01755016484679
120,26,control_to_uncertain,0.9946536994528662,1.0187532312691898
120,27,control_to_uncertain,0.998742977188694,1.0190898073483297
120,28,control_to_uncertain,0.9987456375544322,1.0170161377427236
120,29,control_to_uncertain,0.997127026699874,1.0184605775440743
120,30,control_to_uncertain,0.9965559348547374,0.999804631425679
120,31,control_to_uncertain,1.0,1.0
120,0,uncertain_to_control,-0.010136658554029145,-0.03012837475003651
120,1,uncertain_to_control,-0.018669264366011937,-0.03079843793991769
120,2,uncertain_to_control,-0.006371649842070344,-0.018315986057021384
120,3,uncertain_to_control,-0.002253773174556794,-0.014000263360586596
120,4,uncertain_to_control,0.05363193869571432,-0.06517095114681944
120,5,uncertain_to_control,0.09392339949810723,-0.07574041184209138
120,6,uncertain_to_control,0.1294974406542608,-0.08235557649729587
120,7,uncertain_to_control,0.16556150639958367,-0.10723344250464942
120,8,uncertain_to_control,0.5735687934369369,-0.12604871344813282
120,9,uncertain_to_control,0.7152419151854711,-0.0007554436647132355
120,10,uncertain_to_control,0.6774350881844733,-0.06028691900322252
120,11,uncertain_to_control,0.6540590456351749,-0.11468298437939918
120,12,uncertain_to_control,0.8319272561416391,0.12741550387252515
120,13,uncertain_to_control,1.0325339082088096,0.9133349308043313
120,14,uncertain_to_control,1.156417607660198,0.7921195071200374
120,15,uncertain_to_control,1.095559598326157,0.8736773662053252
120,16,uncertain_to_control,1.0818041033776742,0.9122687160942334
120,17,uncertain_to_control,1.0416507598965237,0.9373845281139161
120,18,uncertain_to_control,1.011009184617115,0.9530424742178732
120,19,uncertain_to_control,1.01182576910065,0.9463062324137046
120,20,uncertain_to_control,1.0095226313618397,0.9520950286073181
120,21,uncertain_to_control,1.0149345542638495,0.9712167842186895
120,22,uncertain_to_control,1.0161329751298664,0.9575064153361659
120,23,uncertain_to_control,1.0150394909124123,0.9582163227476354
120,24,uncertain_to_control,1.0161396999432604,0.9552555638915282
120,25,uncertain_to_control,1.01857807294043,0.954857399335726
120,26,uncertain_to_control,1.0112231223618964,0.9730889073131778
120,27,uncertain_to_control,1.0088584267158658,0.9738874577054282
120,28,uncertain_to_control,1.007822140361783,0.983110214947775
120,29,uncertain_to_control,1.0067786119009687,0.9856466397854687
120,30,uncertain_to_control,1.0012903512820819,0.9925771742311453
120,31,uncertain_to_control,1.0,1.0
121,0,control_to_uncertain,-0.013406207127829627,-0.027597746404237154
121,1,control_to_uncertain,-0.037000549500554786,0.008906024093205202
121,2,control_to_uncertain,-0.024534937068930583,-0.004712228847916437
121,3,control_to_uncertain,-0.028126166873396197,-0.011569595512408116
121,4,control_to_uncertain,0.041306208534947216,0.07806979171504366
121,5,control_to_uncertain,0.08371181072299695,0.08215621788300614
121,6,control_to_uncertain,0.004822971019477225,0.04285755177221258
121,7,control_to_uncertain,0.11449302127048466,-0.04650975020273997
121,8,control_to_uncertain,0.11106735424994503,-0.04189070213981721
121,9,control_to_uncertain,0.3423011312561097,-0.1378823528247199
121,10,control_to_uncertain,0.45411543545790173,-0.1168634866029112
121,11,control_to_uncertain,0.5937982469972081,0.005820367475121613
121,12,control_to_uncertain,0.7402327167158866,0.0885797527624069
121,13,control_to_uncertain,0.810610276560205,0.15226301200453266
121,14,control_to_uncertain,0.8391965950411606,0.20072084774056806
121,15,control_to_uncertain,0.8174617615795662,0.24506850016799103
121,16,control_to_uncertain,0.8758321394474062,0.7967163012177761
121,17,control_to_uncertain,0.9046220672393253,0.7417358765242412
121,18,control_to_uncertain,0.9768528552982476,0.7660800825164685
121,19,control_to_uncertain,1.0402174739485466,0.8097222138586455
121,20,control_to_uncertain,1.0314687656432373,0.9448120467840792
121,21,control_to_uncertain,1.0479281763701718,0.9639400425863244
121,22,control_to_uncertain,0.9957901215876417,1.0007889185477359
121,23,control_to_uncertain,1.0038448129267363,1.0091269655012496
121,24,control_to_uncertain,1.0027519113397554,1.0099095405624718
121,25,control_to_uncertain,1.0058875490807748,0.9989522358562729
121,26,control_to_uncertain,1.0000180570025146,0.9992016033430257
121,27,control_to_uncertain,1.0072356039641583,0.9979423759004925
121,28,control_to_uncertain,0.9999284362943818,0.9996601409045911
121,29,control_to_uncertain,0.9988036480942646,0.9976280144862465
121,30,control_to_uncertain,1.0016544804043175,0.9981893429261588
121,31,control_to_uncertain,1.0,1.0
121,0,uncertain_to_control,-0.005302296868837255,0.0019703083586117285
121,1,uncertain_to_control,-0.0037530785226569784,0.013037828049610518
121,2,uncertain_to_control,0.01079736280799796,0.013230269137882238
121,3,uncertain_to_control,0.01987822333347606,8.412337512087889e-05
121,4,uncertain_to_control,0.04579877868232557,-0.04297897715775673
121,5,uncertain_to_control,0.05938422722642086,-0.03572367838737849
121,6,uncertain_to_control,0.09220938175420217,-0.03967247811971471
121,7,uncertain_to_control,0.16599778255177816,-0.04763458894496106
121,8,uncertain_to_control,0.4515492274048772,-0.039212736203102436
121,9,uncertain_to_control,0.731882440096498,-0.0552786180537276
121,10,uncertain_to_control,0.8654973137038215,-0.03993176503758949
121,11,uncertain_to_control,0.8649281255810777,-0.007652966908035366
121,12,uncertain_to_control,0.992259283095934,0.20451544053286608
121,13,uncertain_to_control,1.0452803796536112,0.7753676561873204
121,14,uncertain_to_control,1.022571373925918,0.8132786413159279
121,15,uncertain_to_control,0.9849656430802154,0.9390284863789506
121,16,uncertain_to_control,0.9911031518044955,1.0006576768436592
121,17,uncertain_to_control,0.9959607874374957,0.9948891791256234
121,18,uncertain_to_control,0.9986844356428803,1.0075716646933666
121,19,uncertain_to_control,1.0067647328985843,0.9981481308863368
121,20,uncertain_to_control,1.0065055937755398,0.9914100778615538
121,21,uncertain_to_control,1.0011678472061136,1.0127431982605153
121,22,uncertain_to_control,1.0011656731188543,1.0125874570051434
121,23,uncertain_to_control,1.0000384692662267,1.0001179937985614
121,24,uncertain_to_control,1.0016057446149218,0.9956388488972439
121,25,uncertain_to_control,1.0068649220864498,0.988509396980253
121,26,uncertain_to_control,1.000796742589216,0.9977846466343927
121,27,uncertain_to_control,1.000292414736374,1.00125054948699
121,28,uncertain_to_control,1.0000205330463376,1.0061711812520524
121,29,uncertain_to_control,0.9996383768192053,1.0004164098819477
121,30,uncertain_to_control,1.0000013286088807,0.9991083813129962
121,31,uncertain_to_control,1.0,1.0
122,0,control_to_uncertain,0.004734922867458763,0.04104708644178906
122,1,control_to_uncertain,-0.0049087181292185485,0.02096380270854694
122,2,control_to_uncertain,-0.006552210688661617,0.01428289185035537
122,3,control_to_uncertain,-0.0005581577364896113,-0.008897755295448014
122,4,control_to_uncertain,0.0011317776848795591,0.014082571992344608
122,5,control_to_uncertain,0.013128767332788126,0.03999927602569199
122,6,control_to_uncertain,0.0008298428561348012,-0.12094175301602153
122,7,control_to_uncertain,0.034378625712983675,-0.23515917820891782
122,8,control_to_uncertain,0.1506447882928003,-0.10472745103252806
122,9,control_to_uncertain,0.4131410246498582,0.46408615917578194
122,10,control_to_uncertain,0.5372802081719757,0.4529809449585994
122,11,control_to_uncertain,0.6737962457187243,0.4223625275196883
122,12,control_to_uncertain,0.7999710997203027,0.5879506763575936
122,13,control_to_uncertain,0.9499707483063958,0.8766942165280164
122,14,control_to_uncertain,0.9634157319291021,1.031562100575453
122,15,control_to_uncertain,0.9806507004803687,1.0681967857099006
122,16,control_to_uncertain,1.0222330863783817,1.0496840578448308
122,17,control_to_uncertain,1.0476371069470594,1.0457465878031411
122,18,control_to_uncertain,1.0631402515392632,1.0510831489418355
122,19,control_to_uncertain,1.0690273059850848,1.0343459268711974
122,20,control_to_uncertain,1.0095628439112199,1.0283672281046827
122,21,control_to_uncertain,1.0087617326561071,1.0377889423420468
122,22,control_to_uncertain,0.9964829371680368,1.033700959259689
122,23,control_to_uncertain,1.0059060026836777,1.0326996823728403
122,24,control_to_uncertain,1.0264583747416054,1.014683468876865
122,25,control_to_uncertain,1.02647653581231,1.021036585232065
122,26,control_to_uncertain,1.027179588530862,1.014677298437748
122,27,control_to_uncertain,0.9957431687244996,0.9986020507476795
122,28,control_to_uncertain,1.0007577046093417,0.9997399728595608
122,29,control_to_uncertain,0.9999068893712474,1.0024142089325552
122,30,control_to_uncertain,0.9999949396397417,0.9998887082047792
122,31,control_to_uncertain,1.0,1.0
122,0,uncertain_to_control,-0.002056811540095343,-0.002885643018997582
122,1,uncertain_to_control,0.012168704539339943,-0.006415868556786502
122,2,uncertain_to_control,0.022881149848793626,-0.014490295623230516
122,3,uncertain_to_control,0.009842625607278372,-0.011322952803905299
122,4,uncertain_to_control,-0.01968120292635011,-0.01001026128800564
122,5,uncertain_to_control,0.017004553480839086,0.0009480445354532968
122,6,uncertain_to_control,-0.040189662302480784,-0.010203013626344591
122,7,uncertain_to_control,-0.006083958686094327,-0.01287817213073081
122,8,uncertain_to_control,0.6850096104675238,-0.011015854795543038
122,9,uncertain_to_control,0.9395143291128991,0.177585336299813
122,10,uncertain_to_control,1.003214284609842,0.21557089981865804
122,11,uncertain_to_control,1.0382311904300716,0.23761285466714596
122,12,uncertain_to_control,1.0792465910742555,0.7904154918465528
122,13,uncertain_to_control,1.0431424387394193,0.7751016978370713
122,14,uncertain_to_control,1.0408160786762322,0.7656005470322647
122,15,uncertain_to_control,1.0153662899603295,0.7731985875408123
122,16,uncertain_to_control,1.01570218542903,0.7936059223176105
122,17,uncertain_to_control,0.9980979230313582,0.8879765644393868
122,18,uncertain_to_control,0.9941749068542298,0.9730906523211809
122,19,uncertain_to_control,0.9997586208156795,0.9666660878335052
122,20,uncertain_to_control,0.9952581050806298,0.9826737651852021
122,21,uncertain_to_control,1.0018063237073098,0.9769303312018571
122,22,uncertain_to_control,0.9988986969291204,1.0059863827095663
122,23,uncertain_to_control,0.998646466083357,0.998086286220556
122,24,uncertain_to_control,0.9969617034746964,0.990012521871811
122,25,uncertain_to_control,0.9964540931145646,0.9975834088659861
122,26,uncertain_to_control,0.9972637507558914,1.0000786663820085
122,27,uncertain_to_control,1.000527233312689,0.9968302033340594
122,28,uncertain_to_control,1.0007882916757918,0.9951884545692823
122,29,uncertain_to_control,1.0023536297823568,0.982201981828621
122,30,uncertain_to_control,0.9999996064164244,0.9981162338960383
122,31,uncertain_to_control,1.0,1.0
123,0,control_to_uncertain,-0.01570588039756673,0.029203083621224906
123,1,control_to_uncertain,-0.034637502908619486,0.033546054236884795
123,2,control_to_uncertain,-0.04428927586059521,0.08308559856841863
123,3,control_to_uncertain,-0.010711317735218277,0.027817985146356472
123,4,control_to_uncertain,0.024475269215487944,0.011087781310405857
123,5,control_to_uncertain,-0.002190131113443283,0.048834732498665726
123,6,control_to_uncertain,0.007575105699627855,0.10502395660880606
123,7,control_to_uncertain,0.23025958340654348,-0.016155298873460264
123,8,control_to_uncertain,0.5970018820944593,0.10834165928436068
123,9,control_to_uncertain,0.6950021765179828,-0.03733835767634163
123,10,control_to_uncertain,0.7670529313344192,-0.11781355624177124
123,11,control_to_uncertain,0.9338249889591179,-0.15466878681832305
123,12,control_to_uncertain,1.0049038295636041,-0.21431749986372234
123,13,control_to_uncertain,1.1319727167534899,-0.3613833817115077
123,14,control_to_uncertain,1.135692520534458,-0.33274466488482213
123,15,control_to_uncertain,1.0794533219996105,-0.049490206545217796
123,16,control_to_uncertain,1.0370625396719868,0.878531376005952
123,17,control_to_uncertain,1.0427330101006265,0.7205017279242386
123,18,control_to_uncertain,0.9800976662978458,0.824427990638658
123,19,control_to_uncertain,0.993850917224251,1.1003602424813286
123,20,control_to_uncertain,0.9699714599132875,1.0563867668584581
123,21,control_to_uncertain,0.9856776568952881,1.0658820393884145
123,22,control_to_uncertain,1.003734809883133,1.0502952746759107
123,23,control_to_uncertain,0.9994022252719856,1.0176234093713246
123,24,control_to_uncertain,0.9965746830594087,1.020196207275034
123,25,control_to_uncertain,0.9967431059782221,1.015546001162839
123,26,control_to_uncertain,0.997198291077226,1.0134134591756643
123,27,control_to_uncertain,0.9967235410602097,1.0128938316941531
123,28,control_to_uncertain,0.997347972197555,1.0067339851222146
123,29,control_to_uncertain,0.9839156112533103,1.0095213305452535
123,30,control_to_uncertain,0.9968416270540393,1.002629608209118
123,31,control_to_uncertain,1.0,1.0
123,0,uncertain_to_control,0.0003024647681098168,-0.004095132065757785
123,1,uncertain_to_control,-0.015711135699168807,0.029155757666972242
123,2,uncertain_to_control,-0.003713598726064238,0.03024732026364197
123,3,uncertain_to_control,0.026315701163289504,0.03322578973270129
123,4,uncertain_to_control,0.06633254345517085,0.02420851892084945
123,5,uncertain_to_control,0.106473296894465,0.028968657285078615
123,6,uncertain_to_control,0.1952053920660775,0.023409965293980876
123,7,uncertain_to_control,0.3070931692159628,0.060745832130625
123,8,uncertain_to_control,0.6544618935231573,0.16947223034672393
123,9,uncertain_to_control,0.8191072635549582,0.19425115155830283
123,10,uncertain_to_control,0.8454578523228591,0.18473561700542246
123,11,uncertain_to_control,0.8415772236494904,0.1861699574650801
123,12,uncertain_to_control,0.9461943860082344,0.21121966169223624
123,13,uncertain_to_control,0.9467497384221115,0.3147273675359474
123,14,uncertain_to_control,0.9161186748408767,0.3469894897102933
123,15,uncertain_to_control,1.0291032271034266,0.43005190430921975
123,16,uncertain_to_control,1.019888214036404,0.5545678311693525
123,17,uncertain_to_control,1.0571577999281354,0.5656382724034026
123,18,uncertain_to_control,1.1603191171093308,0.5686919460710214
123,19,uncertain_to_control,1.1494003732530476,0.805142472677644
123,20,uncertain_to_control,1.0932857823513675,0.8194230314726217
123,21,uncertain_to_control,1.1128631104737212,0.7956987413691207
123,22,uncertain_to_control,0.9911515917073873,1.0011135011463133
123,23,uncertain_to_control,0.976986844333851,1.0081234904673169
123,24,uncertain_to_control,0.9702582854103646,1.0102376385613407
123,25,uncertain_to_control,0.9675726363410437,1.0107492187145983
123,26,uncertain_to_control,0.9893883430445608,0.9911896125853317
123,27,uncertain_to_control,0.9756105884829749,1.0136520049774642
123,28,uncertain_to_control,0.9779586319120275,1.012663141617553
123,29,uncertain_to_control,0.9751363450010526,1.0132996469617934
123,30,uncertain_to_control,0.9885495209286055,1.0009078152682152
123,31,uncertain_to_control,1.0,1.0
124,0,control_to_uncertain,-0.0027524621757725504,0.0065768490434708485
124,1,control_to_uncertain,0.039837058740429684,-0.08060252143851235
124,2,control_to_uncertain,0.043719028037849154,-0.09746183762392546
124,3,control_to_uncertain,0.009316518564479851,0.014079289896799674
124,4,control_to_uncertain,0.0013327119320133403,0.03965415916711547
124,5,control_to_uncertain,0.025421506071820327,-0.02183024086337037
124,6,control_to_uncertain,0.04519803012088241,-0.07129675683466022
124,7,control_to_uncertain,0.020217558557610274,-0.03659419779454499
124,8,control_to_uncertain,-0.018329420143928733,-0.09657399189958168
124,9,control_to_uncertain,0.019459749606661275,-0.13914399102184974
124,10,control_to_uncertain,0.022947860805180992,-0.16409252811722164
124,11,control_to_uncertain,0.20718139216978937,-0.4233178339598461
124,12,control_to_uncertain,0.48815248869843664,-0.3184982187098496
124,13,control_to_uncertain,0.946903686719555,0.2710548206808093
124,14,control_to_uncertain,1.0763218224047955,0.886444604097744
124,15,control_to_uncertain,1.0587692981812238,0.27821989460714996
124,16,control_to_uncertain,0.9849179182409449,0.7039572707087848
124,17,control_to_uncertain,0.9041684383067599,0.2498931731598964
124,18,control_to_uncertain,0.8642964949918562,0.44702851617428796
124,19,control_to_uncertain,0.8812980939691756,0.22869432136330914
124,20,control_to_uncertain,0.9026922062147519,0.5794997578110016
124,21,control_to_uncertain,0.9445591490033572,0.6168136596762361
124,22,control_to_uncertain,0.9438813668243715,1.1936025622548536
124,23,control_to_uncertain,0.9918524176481668,0.8517505334117874
124,24,control_to_uncertain,1.0066252125968111,0.9567476816859967
124,25,control_to_uncertain,0.9999455523639104,0.9440765555631409
124,26,control_to_uncertain,0.9973495513999535,0.9257518243640327
124,27,control_to_uncertain,0.979518340110578,0.9895716054078402
124,28,control_to_uncertain,0.9883216312754146,1.0165443440651414
124,29,control_to_uncertain,0.9849366156803652,0.9730440574477361
124,30,control_to_uncertain,0.9939438474344343,1.004986275956755
124,31,control_to_uncertain,1.0,1.0
124,0,uncertain_to_control,0.008858864109780285,0.07578836040757103
124,1,uncertain_to_control,0.009505137640854044,0.10975261323915955
124,2,uncertain_to_control,0.021809610899360687,0.13111436919428182
124,3,uncertain_to_control,-0.010018970976034037,0.0873637664308349
124,4,uncertain_to_control,0.005424767736252534,0.13262168416893053
124,5,uncertain_to_control,-0.009141662881012265,0.1167159533017711
124,6,uncertain_to_control,-0.012408434484172271,0.14090631782781934
124,7,uncertain_to_control,-0.03253233272024199,0.10389330102701862
124,8,uncertain_to_control,0.09008002157823009,0.21094715945355227
124,9,uncertain_to_control,0.19353961918163384,0.2585146319359335
124,10,uncertain_to_control,0.25584918229864934,0.3139123402247933
124,11,uncertain_to_control,0.2987045790721638,0.3465092456237116
124,12,uncertain_to_control,0.5082571701217689,0.16720667047378382
124,13,uncertain_to_control,0.7723560781913067,-0.3644238267740028
124,14,uncertain_to_control,0.9787530435276389,0.6479292569728218
124,15,uncertain_to_control,1.0151073579271603,1.149231406621422
124,16,uncertain_to_control,1.0081730749254871,1.003558968235134
124,17,uncertain_to_control,1.007592718524592,0.9059468686822715
124,18,uncertain_to_control,1.0051006787863008,0.9308390575542921
124,19,uncertain_to_control,1.025644014257144,0.8509394440814319
124,20,uncertain_to_control,1.0173024026902153,0.8620089803174933
124,21,uncertain_to_control,1.0269306318072529,0.8297644319178009
124,22,uncertain_to_control,1.0026420520647512,0.9338482694051903
124,23,uncertain_to_control,1.0112976248019456,0.9004572513842338
124,24,uncertain_to_control,1.017524478064441,0.9230146010527727
124,25,uncertain_to_control,1.0133581951569477,0.9353508886945597
124,26,uncertain_to_control,1.016175578997374,0.9207518225579998
124,27,uncertain_to_control,0.9876425506631359,0.9887792988186017
124,28,uncertain_to_control,0.9988359545527572,0.9776806854544646
124,29,uncertain_to_control,0.9872576084728486,0.9892217768545338
124,30,uncertain_to_control,0.9846188457724397,1.0281816970134359
124,31,uncertain_to_control,1.0,1.0
125,0,control_to_uncertain,-0.016858611927829018,0.024761532020242474
125,1,control_to_uncertain,-0.0072881893254737725,-0.00016264576780674358
125,2,control_to_uncertain,-0.008561857095355176,-0.010823660329153878
125,3,control_to_uncertain,-0.011629564764505168,-0.022409302229869518
125,4,control_to_uncertain,-0.01723410518638052,-0.04485778190745891
125,5,control_to_uncertain,-0.0265362970360986,-0.02074683295844341
125,6,control_to_uncertain,-0.037329437718025944,0.10747402812228429
125,7,control_to_uncertain,0.2395910676552297,-0.3774790618307186
125,8,control_to_uncertain,0.36136794108428094,-0.552781915373547
125,9,control_to_uncertain,0.47513710978794205,-0.5679380473960056
125,10,control_to_uncertain,0.5891455707139989,-0.4554028074796475
125,11,control_to_uncertain,0.6976459157417262,-0.2509454032586139
125,12,control_to_uncertain,0.9053267230827721,0.16149240748977825
125,13,control_to_uncertain,0.9073337609929171,0.24380135609371562
125,14,control_to_uncertain,0.8646969893798201,-0.035612695709159294
125,15,control_to_uncertain,0.8485378183759742,-0.006980511000552442
125,16,control_to_uncertain,0.7950684275197453,0.045390041171935964
125,17,control_to_uncertain,0.8064696870199258,0.05631718536552163
125,18,control_to_uncertain,0.8799040566679737,0.19884167324900553
125,19,control_to_uncertain,0.8445180814789831,0.46466372294975317
125,20,control_to_uncertain,0.9541589099984149,0.5418923657005007
125,21,control_to_uncertain,0.9836286131077165,0.8097105855089348
125,22,control_to_uncertain,1.074910122958586,1.1033466938982905
125,23,control_to_uncertain,0.9973173200343717,0.9992786798703899
125,24,control_to_uncertain,0.9942584764195299,0.9941750753077606
125,25,control_to_uncertain,1.0029575401370339,0.9988287328193041
125,26,control_to_uncertain,1.002597763815113,1.0081324862562349
125,27,control_to_uncertain,1.000114636803196,1.0034623564087182
125,28,control_to_uncertain,0.9912611597698862,0.9533576655623112
125,29,control_to_uncertain,0.990518515892132,1.0007791959046508
125,30,control_to_uncertain,0.9903761696082416,0.9964553313778907
125,31,control_to_uncertain,1.0,1.0
125,0,uncertain_to_control,0.01575686211881587,0.00935074658760473
125,1,uncertain_to_control,0.054011289974650295,-0.006980609933501229
125,2,uncertain_to_control,0.028608474572231167,-0.0042740517870456405
125,3,uncertain_to_control,0.05682536651002368,-0.03809338993353289
125,4,uncertain_to_control,0.09334772835889557,0.004024988088472966
125,5,uncertain_to_control,0.05651773168403326,0.008656830884808807
125,6,uncertain_to_control,-0.008460181178290546,-0.021388858329600264
125,7,uncertain_to_control,0.08590020951942821,-0.1213958726756693
125,8,uncertain_to_control,0.6412641988742204,-0.307758217964324
125,9,uncertain_to_control,0.7320718915027835,-0.33210658125719245
125,10,uncertain_to_control,0.7462494621977134,-0.33814495378644094
125,11,uncertain_to_control,0.8136661073125617,-0.33851303382240505
125,12,uncertain_to_control,0.939382308003094,-0.2940603328737568
125,13,uncertain_to_control,0.9341472273238124,-0.06306747939424542
125,14,uncertain_to_control,0.9812524506503087,0.30251163055745944
125,15,uncertain_to_control,0.9648859054683617,0.9527880096431924
125,16,uncertain_to_control,0.9646003935342161,0.966146529986181
125,17,uncertain_to_control,0.9573183867004027,1.0237436109101672
125,18,uncertain_to_control,0.9857640308296278,1.010633115469789
125,19,uncertain_to_control,0.9952931871623466,1.0022415238206797
125,20,uncertain_to_control,1.0128023014958352,0.9796192189520706
125,21,uncertain_to_control,1.0132322453737086,0.9676253797046575
125,22,uncertain_to_control,1.0174411814130762,0.9658062995753006
125,23,uncertain_to_control,1.0195101559716016,0.946425433840767
125,24,uncertain_to_control,1.0178380526849593,0.9360398486088445
125,25,uncertain_to_control,1.013061891657718,0.9680564305625249
125,26,uncertain_to_control,1.0188466926798108,0.9548570933341354
125,27,uncertain_to_control,1.0074811873482683,0.9824308933566129
125,28,uncertain_to_control,1.007463533727503,0.9892701281062968
125,29,uncertain_to_control,0.9984427569801075,1.023060577831738
125,30,uncertain_to_control,0.9953006359474795,1.0273409118610317
125,31,uncertain_to_control,1.0,1.0
126,0,control_to_uncertain,-0.026545782057354913,-0.025293196752687215
126,1,control_to_uncertain,0.10661756548425329,-0.05531683695243084
126,2,control_to_uncertain,0.03663572056382759,-0.07398104181500571
126,3,control_to_uncertain,0.10021348060134379,-0.039024992562159175
126,4,control_to_uncertain,-0.03073636914799858,-0.14043124176902716
126,5,control_to_uncertain,-0.1911263059020633,-0.23489087857495938
126,6,control_to_uncertain,-0.029225966741162884,0.04422874581493095
126,7,control_to_uncertain,0.13880556807301958,-0.148232638621273
126,8,control_to_uncertain,0.8346928265413978,-0.10073118903376264
126,9,control_to_uncertain,0.8429694559293056,-0.07399625201340068
126,10,control_to_uncertain,0.8875168652606846,-0.04753538554902368
126,11,control_to_uncertain,0.9265872335015622,-0.011361157246421016
126,12,control_to_uncertain,0.9493823295045329,0.04401164175670832
126,13,control_to_uncertain,0.8971673691512635,0.16138142465641678
126,14,control_to_uncertain,0.9190595419578768,0.17849461976001715
126,15,control_to_uncertain,0.9504969409154006,0.42226660403460914
126,16,control_to_uncertain,0.9359866033409957,1.022466431603334
126,17,control_to_uncertain,0.9865765551404488,1.0655497310978623
126,18,control_to_uncertain,0.9586599636285399,1.0872728270325833
126,19,control_to_uncertain,0.9308820988596622,0.9868129552936575
126,20,control_to_uncertain,0.8477188146179607,0.992875062372127
126,21,control_to_uncertain,0.9467140052243079,1.0536620552561755
126,22,control_to_uncertain,0.9502381442439629,0.936371022799926
126,23,control_to_uncertain,0.9384078580904044,0.9919039414269609
126,24,control_to_uncertain,0.9886489274563746,1.0075621052758457
126,25,control_to_uncertain,0.9739326986062893,1.0093609982209268
126,26,control_to_uncertain,0.9881873045573734,0.9955493309333266
126,27,control_to_uncertain,0.990411330123606,1.00860316084783
126,28,control_to_uncertain,1.0042019144423802,0.9954153628061898
126,29,control_to_uncertain,1.021360320326846,0.9990062969324528
126,30,control_to_uncertain,0.9961537644021448,0.9876054281539014
126,31,control_to_uncertain,1.0,1.0
126,0,uncertain_to_control,0.002022931757170097,-0.008356317981896528
126,1,uncertain_to_control,-0.03519887931179808,-0.007335279604969624
126,2,uncertain_to_control,-0.0400140699034863,-0.009989566844221219
126,3,uncertain_to_control,0.0027915925197100917,-0.015673481666607984
126,4,uncertain_to_control,-0.08477003576977785,-0.012064754478071638
126,5,uncertain_to_control,-0.09106551133897893,-0.019957582917957104
126,6,uncertain_to_control,0.16934897245261352,0.021782277596990262
126,7,uncertain_to_control,0.0649157201720345,-0.0015907212911047764
126,8,uncertain_to_control,0.8083605983800155,-0.11777073664371941
126,9,uncertain_to_control,0.9949851148603461,1.3117144338343545
126,10,uncertain_to_control,0.887097953140878,1.15306546392262
126,11,uncertain_to_control,0.880376635777867,0.4013439178855916
126,12,uncertain_to_control,1.108749373081055,0.8307669561381464
126,13,uncertain_to_control,1.2490312948742202,0.6194054652718077
126,14,uncertain_to_control,1.2274209732314023,0.983183260272664
126,15,uncertain_to_control,1.2067436922142647,1.068477963337216
126,16,uncertain_to_control,1.226733402980999,1.260652793375356
126,17,uncertain_to_control,1.1674614358644346,1.0962461894013724
126,18,uncertain_to_control,1.2446209571598892,0.9863899575239067
126,19,uncertain_to_control,1.1282137612531409,1.2159802971968734
126,20,uncertain_to_control,1.1682370929324588,1.2193490691564852
126,21,uncertain_to_control,1.15157069390224,1.0967715152157498
126,22,uncertain_to_control,1.080135749648469,1.0436910796509122
126,23,uncertain_to_control,1.0003493488538486,1.0214001034257618
126,24,uncertain_to_control,1.007873042508686,0.9925733336487775
126,25,uncertain_to_control,1.0138393585627217,0.9922609506119298
126,26,uncertain_to_control,1.0137581347876232,0.9866585753672594
126,27,uncertain_to_control,1.0002428717475258,0.9914440481641694
126,28,uncertain_to_control,0.996811883538033,0.9960215286726499
126,29,uncertain_to_control,1.012401584469961,0.9979197183846117
126,30,uncertain_to_control,0.9994004499357373,1.0066522376650178
126,31,uncertain_to_control,1.0,1.0
127,0,control_to_uncertain,-0.009144919255896285,0.027613739542838002
127,1,control_to_uncertain,0.05963274839668888,0.05244294290323434
127,2,control_to_uncertain,0.05256574048659826,0.06293470499563641
127,3,control_to_uncertain,0.03952827471553934,0.05199534551609235
127,4,control_to_uncertain,-0.0522813275646945,0.11204457902485036
127,5,control_to_uncertain,-0.025520732152557478,0.12571470129320603
127,6,control_to_uncertain,0.019723968861016742,0.17232499404966545
127,7,control_to_uncertain,0.0780268383716911,0.21498977423989984
127,8,control_to_uncertain,0.6771974099110243,0.004307381059424007
127,9,control_to_uncertain,0.7962934221232889,0.09911560398099419
127,10,control_to_uncertain,0.8867623818360445,0.183353608547325
127,11,control_to_uncertain,0.9692726841548713,0.3772826144447677
127,12,control_to_uncertain,1.0132696661574752,0.4558579941642645
127,13,control_to_uncertain,1.029167840689181,0.5708296970177805
127,14,control_to_uncertain,1.0617818823283094,0.5994769215172913
127,15,control_to_uncertain,1.1179103145755351,0.37302426854961696
127,16,control_to_uncertain,1.0302443824433245,0.6469914447412266
127,17,control_to_uncertain,1.044111736735629,0.712514435070831
127,18,control_to_uncertain,1.0355908505929834,0.8155315852572749
127,19,control_to_uncertain,0.9876599166231346,1.0682501168028633
127,20,control_to_uncertain,1.0007773721721682,1.0874163647422843
127,21,control_to_uncertain,1.0194260579353418,1.1223936983753382
127,22,control_to_uncertain,0.9845353674608006,0.9953803365685523
127,23,control_to_uncertain,0.9921349171917,0.9425270409647476
127,24,control_to_uncertain,0.9914801555039477,0.9419031373689825
127,25,control_to_uncertain,0.9919932532550154,0.9830925651671824
127,26,control_to_uncertain,0.9810968486544791,0.9452247463394423
127,27,control_to_uncertain,0.9924654663772973,0.9891430636729872
127,28,control_to_uncertain,0.9921665138050291,0.9456564761678082
127,29,control_to_uncertain,0.9914328473878368,0.9961807667557013
127,30,control_to_uncertain,0.9913168339985114,1.0016954045786723
127,31,control_to_uncertain,1.0,1.0
127,0,uncertain_to_control,-0.0014206757473944512,0.03950052451097066
127,1,uncertain_to_control,0.009116100366815847,0.027225204735584763
127,2,uncertain_to_control,0.02959148703905185,0.03900708750958665
127,3,uncertain_to_control,-0.0036048350457135287,0.036972293479314876
127,4,uncertain_to_control,-0.0024920960724541595,0.1994687673551424
127,5,uncertain_to_control,-0.008526007571729086,0.2691576530117508
127,6,uncertain_to_control,-0.004957152735424717,0.2191545676530999
127,7,uncertain_to_control,-0.03867963655561499,0.17199904794647344
127,8,uncertain_to_control,0.08183852707005125,0.05387102319308174
127,9,uncertain_to_control,0.9433156322855584,0.5271153439293365
127,10,uncertain_to_control,1.0157632378959365,0.5174198247516286
127,11,uncertain_to_control,1.2385438839633471,0.4874425902908171
127,12,uncertain_to_control,1.2607563031337417,0.6157468992145558
127,13,uncertain_to_control,1.2599363536570736,0.6661816042101922
127,14,uncertain_to_control,1.2495769178753673,0.6831149340174014
127,15,uncertain_to_control,1.1174710435267654,0.9205941078465079
127,16,uncertain_to_control,1.0726956043034588,0.953207891465898
127,17,uncertain_to_control,1.0371365673335116,0.9429808090691914
127,18,uncertain_to_control,1.0414830113516909,0.9422780084450674
127,19,uncertain_to_control,1.0246024338767084,0.9433235042622026
127,20,uncertain_to_control,1.0246055588164882,0.9403959396680154
127,21,uncertain_to_control,1.0248859787597844,0.9713046218672591
127,22,uncertain_to_control,1.0284779668308475,0.99242302030166
127,23,uncertain_to_control,1.0178452724261737,0.971372499757579
127,24,uncertain_to_control,1.018658060582513,0.9856261955764772
127,25,uncertain_to_control,1.0159644058942614,0.9910357108225566
127,26,uncertain_to_control,1.0158097647771023,0.9832559789843
127,27,uncertain_to_control,0.9997169759402206,0.9891816306561235
127,28,uncertain_to_control,0.9994705831189712,0.9935531430989343
127,29,uncertain_to_control,1.0063128123746226,0.987416805507806
127,30,uncertain_to_control,1.0045279509370566,0.9927987729087879
127,31,uncertain_to_control,1.0,1.0
128,0,control_to_uncertain,-0.023045580118035248,-0.021417494968141937
128,1,control_to_uncertain,-0.021611889535423128,-0.02117385540675625
128,2,control_to_uncertain,0.01024764044109862,-0.06688326632661128
128,3,control_to_uncertain,-0.0126699062507163,-0.07022884064903476
128,4,control_to_uncertain,-0.0680212777801427,-0.06439270911241757
128,5,control_to_uncertain,-0.019407542511354372,-0.05701796745361076
128,6,control_to_uncertain,-0.051401545788049556,-0.035034317245702086
128,7,control_to_uncertain,0.025918746254776696,-0.02894753493729962
128,8,control_to_uncertain,0.07864772470521204,0.035394518179980926
128,9,control_to_uncertain,0.08794914027682726,-0.14839735123482314
128,10,control_to_uncertain,0.2295891469568321,-0.09289380522752341
128,11,control_to_uncertain,0.4567957042766221,0.0033611742655625648
128,12,control_to_uncertain,0.7691733057401107,0.2718351440076324
128,13,control_to_uncertain,0.9675136738171097,0.9178129703536226
128,14,control_to_uncertain,0.95632532060203,0.8838887029944353
128,15,control_to_uncertain,0.9204405965287988,1.3588048708280889
128,16,control_to_uncertain,1.001955866124844,1.3450185963591836
128,17,control_to_uncertain,1.0012401669128008,1.3145393748699639
128,18,control_to_uncertain,0.9559545366728992,0.8734618499884929
128,19,control_to_uncertain,0.912396866510145,0.8450036537170195
128,20,control_to_uncertain,0.9792579300498708,0.9207622360082094
128,21,control_to_uncertain,0.9980624711433614,0.9524117599733153
128,22,control_to_uncertain,0.9773359005508822,0.9743963742226539
128,23,control_to_uncertain,0.994856177967554,0.9868881601514702
128,24,control_to_uncertain,1.0037655798560743,1.0151089831308524
128,25,control_to_uncertain,1.001761141800567,0.9746114431016614
128,26,control_to_uncertain,1.0019790060109128,1.012307566375567
128,27,control_to_uncertain,1.002347279480706,1.033641277379434
128,28,control_to_uncertain,1.0138336133041246,1.0290226425287052
128,29,control_to_uncertain,0.994927889784286,1.0345458988012408
128,30,control_to_uncertain,0.9882292202185846,1.0346554927837994
128,31,control_to_uncertain,1.0,1.0
128,0,uncertain_to_control,-0.0029250125795842897,0.0032288814893353356
128,1,uncertain_to_control,-0.012854315861627847,-0.03982989751889039
128,2,uncertain_to_control,-0.009585152051973057,-0.0457388580035333
128,3,uncertain_to_control,-0.01842327872538522,-0.02533299305592194
128,4,uncertain_to_control,0.009297759033014724,-5.367957962184686e-05
128,5,uncertain_to_control,-0.06760972617437651,-0.02058193396877102
128,6,uncertain_to_control,0.0965489916139743,-0.1097803931150615
128,7,uncertain_to_control,0.16837978228860023,-0.06107377738951253
128,8,uncertain_to_control,0.9427008394757724,-0.21448291709822126
128,9,uncertain_to_control,1.016765502359286,-0.2675095777516065
128,10,uncertain_to_control,1.0762552023812253,-0.26600181695517505
128,11,uncertain_to_control,1.1760662630284653,-0.18925136749276839
128,12,uncertain_to_control,1.0627695605713805,-0.2617450920212601
128,13,uncertain_to_control,1.0427380597642133,-0.1185239640542254
128,14,uncertain_to_control,0.9958429522128608,-0.08289888660226052
128,15,uncertain_to_control,0.9687739244046119,0.9419108948775922
128,16,uncertain_to_control,0.9722749782517816,0.988371907552283
128,17,uncertain_to_control,0.9854906911076255,1.0075549297660762
128,18,uncertain_to_control,1.000564689625363,0.9727721396934593
128,19,uncertain_to_control,0.9992407497759688,0.9788810949547505
128,20,uncertain_to_control,1.0051239020833538,0.987538625196292
128,21,uncertain_to_control,1.000601091285759,0.9824217562065426
128,22,uncertain_to_control,1.0016549384555435,0.9796808987810836
128,23,uncertain_to_control,1.00195652102728,0.9768157676512919
128,24,uncertain_to_control,1.0141699057049642,0.9821264089684599
128,25,uncertain_to_control,1.0142767639524235,0.9819608567628996
128,26,uncertain_to_control,1.0088511155717244,0.9683238772554407
128,27,uncertain_to_control,1.011214713038125,0.9832698497445027
128,28,uncertain_to_control,1.0068792043372006,0.9899161266427924
128,29,uncertain_to_control,1.0019667811654425,0.9780825180902374
128,30,uncertain_to_control,1.0027305611313222,0.9922080913224177
128,31,uncertain_to_control,1.0,1.0
129,0,control_to_uncertain,0.011068793144489407,-0.04938888534554657
129,1,control_to_uncertain,-0.03447449665343374,0.0607271060499298
129,2,control_to_uncertain,-0.035854414893503585,0.10313755671933159
129,3,control_to_uncertain,-0.09572144140141882,0.5235064990153747
129,4,control_to_uncertain,-0.06192439494977649,0.910743173157646
129,5,control_to_uncertain,-0.044538885182238946,0.9309488199296831
129,6,control_to_uncertain,0.09075191476677388,0.47903524723662533
129,7,control_to_uncertain,0.06147710884366576,0.6472571021041045
129,8,control_to_uncertain,0.4026321388806544,-0.22636967897216898
129,9,control_to_uncertain,0.4462878534220545,-0.27432747786691064
129,10,control_to_uncertain,0.4870728737586847,-0.24295007966416846
129,11,control_to_uncertain,0.5428531341443268,-0.21304023551663914
129,12,control_to_uncertain,0.6130325538650425,-0.1335991450406652
129,13,control_to_uncertain,0.6483130759946722,-0.12363174006013646
129,14,control_to_uncertain,0.67685846843922,0.12412748586231846
129,15,control_to_uncertain,0.654385233012848,0.06956630405559433
129,16,control_to_uncertain,0.6732594270899039,0.14079470691795032
129,17,control_to_uncertain,0.6404251162016985,0.2015543133851977
129,18,control_to_uncertain,0.6685874076452212,1.0803279093747988
129,19,control_to_uncertain,0.8240020631102404,0.7588198961146285
129,20,control_to_uncertain,0.7708654908228834,0.3490782851131915
129,21,control_to_uncertain,0.8259265499287934,0.4744113380986371
129,22,control_to_uncertain,0.9938449560186434,0.8919043749223728
129,23,control_to_uncertain,0.9881797694782722,0.9464177978998932
129,24,control_to_uncertain,1.0157547569570502,1.0079247613813258
129,25,control_to_uncertain,1.0166887015021038,1.005931555036634
129,26,control_to_uncertain,1.0089696736246876,1.0037956825408063
129,27,control_to_uncertain,1.0145272424553178,0.9994386430267074
129,28,control_to_uncertain,1.0157535265716493,1.0006385645374367
129,29,control_to_uncertain,1.0072431968300022,1.0026368061580508
129,30,control_to_uncertain,1.0017942300174338,1.002376192483035
129,31,control_to_uncertain,1.0,1.0
129,0,uncertain_to_control,-0.0011466371680399683,-0.050081769829298045
129,1,uncertain_to_control,0.004434391010902691,0.1724742216760389
129,2,uncertain_to_control,0.018678316721216486,0.1749083961242413
129,3,uncertain_to_control,0.02079318517415121,0.13573227102235327
129,4,uncertain_to_control,0.008267615714876065,0.03302210241995361
129,5,uncertain_to_control,-0.002718003376505643,-0.03613054608940636
129,6,uncertain_to_control,0.021809565541071822,-0.04519373758156003
129,7,uncertain_to_control,0.23898727141694956,-0.010394945681579526
129,8,uncertain_to_control,0.6494990444826976,1.24053680924025
129,9,uncertain_to_control,0.7366651650496395,1.6794328204167317
129,10,uncertain_to_control,0.7692807544263935,1.8152381792320198
129,11,uncertain_to_control,0.7984531922841384,1.910938633413908
129,12,uncertain_to_control,0.8755001311590838,1.8220730322523155
129,13,uncertain_to_control,0.9230041631320428,1.7540086136786779
129,14,uncertain_to_control,0.9375259508787495,1.738645529086958
129,15,uncertain_to_control,0.9536241494140658,1.6328214237868266
129,16,uncertain_to_control,0.979301677540266,1.4184340230847565
129,17,uncertain_to_control,0.9574167303869595,1.4413271339423068
129,18,uncertain_to_control,1.0039290307138646,1.3042492235757113
129,19,uncertain_to_control,1.0321087936300815,1.10906178771826
129,20,uncertain_to_control,0.9734074752639218,1.0499290331263174
129,21,uncertain_to_control,0.9839864519802725,1.0097843040378947
129,22,uncertain_to_control,0.9891244593891613,1.0315072472878937
129,23,uncertain_to_control,0.9900314995067795,1.038579978949495
129,24,uncertain_to_control,0.9865468429869099,1.0302453766249065
129,25,uncertain_to_control,0.9865476222309971,1.0274405753519886
129,26,uncertain_to_control,0.9879953347066621,1.0284607527706988
129,27,uncertain_to_control,0.9980796964918103,1.0142376241309954
129,28,uncertain_to_control,0.9965085763604248,1.0149109778475325
129,29,uncertain_to_control,0.9987389369896669,1.0120634530213335
129,30,uncertain_to_control,0.9987450068909784,1.0053811841198994
129,31,uncertain_to_control,1.0,1.0
130,0,control_to_uncertain,-0.0051594101651484215,0.016100191930360212
130,1,control_to_uncertain,0.0018149455707890205,-0.05880048308320429
130,2,control_to_uncertain,-0.011279930319195526,0.009892940245863414
130,3,control_to_uncertain,0.003437008587104903,0.059649659896486074
130,4,control_to_uncertain,0.006354687501857816,0.4196780022356189
130,5,control_to_uncertain,0.011554325569634368,0.535077820707371
130,6,control_to_uncertain,0.1479076602513841,0.5106948899509673
130,7,control_to_uncertain,0.34742438376335794,-0.03308008366031652
130,8,control_to_uncertain,0.8392493671536599,-0.4717962291507883
130,9,control_to_uncertain,0.8343981727416524,-0.37042438036439584
130,10,control_to_uncertain,0.9029944422080931,-0.25288962326282827
130,11,control_to_uncertain,1.0221989654889514,-0.08843238042392328
130,12,control_to_uncertain,1.1212493095531162,-0.12145642934817023
130,13,control_to_uncertain,1.1807499445462657,-0.1085042051108235
130,14,control_to_uncertain,1.1762853079112365,-0.06484038983775894
130,15,control_to_uncertain,1.104036622319973,-0.20789494504419834
130,16,control_to_uncertain,0.9616719905334299,-0.3100647952887087
130,17,control_to_uncertain,0.938629824425352,-0.38536075056782626
130,18,control_to_uncertain,0.92163171903406,-0.3993537934529257
130,19,control_to_uncertain,0.9162115871420261,0.3777290928553282
130,20,control_to_uncertain,0.9867117461380223,0.7228654068417957
130,21,control_to_uncertain,0.9860586537352566,0.8586134272894631
130,22,control_to_uncertain,1.013323461533736,1.0510961624405997
130,23,control_to_uncertain,1.0168548306444933,0.9482411394883771
130,24,control_to_uncertain,1.0170687189018166,0.9519835461362531
130,25,control_to_uncertain,1.0170079476860237,0.8974316045933906
130,26,control_to_uncertain,1.0156420485554087,0.8931265727500193
130,27,control_to_uncertain,1.0162897904489578,0.9063658800999392
130,28,control_to_uncertain,1.0092515588807687,0.9935733168964774
130,29,control_to_uncertain,1.000598794642568,0.9973338702949234
130,30,control_to_uncertain,1.008454002729156,1.0019463339084107
130,31,control_to_uncertain,1.0,1.0
130,0,uncertain_to_control,-0.0024494763304701724,0.0540457307225702
130,1,uncertain_to_control,0.008437290644812984,0.0561535631182708
130,2,uncertain_to_control,0.015766629547784208,0.04106055380845627
130,3,uncertain_to_control,0.03030904937568805,0.042197497084751096
130,4,uncertain_to_control,0.06305555295002638,-0.12481448933753123
130,5,uncertain_to_control,0.08480715641837178,-0.1451017971964713
130,6,uncertain_to_control,0.19681722647305133,-0.22284862679210551
130,7,uncertain_to_control,0.26482721884626376,-0.19514313230530092
130,8,uncertain_to_control,0.8450726367956765,0.7212426773305781
130,9,uncertain_to_control,0.8965945396005719,1.199936493965788
130,10,uncertain_to_control,0.935425562989167,1.1711493696244049
130,11,uncertain_to_control,0.96458194093487,1.1560398839762067
130,12,uncertain_to_control,1.0098400488389196,1.1244103255162599
130,13,uncertain_to_control,1.025781329576439,1.145179015796177
130,14,uncertain_to_control,1.0264719415993901,1.1008310908049732
130,15,uncertain_to_control,0.9947183868465723,1.166350427268659
130,16,uncertain_to_control,0.9926672922578924,1.1264269685921509
130,17,uncertain_to_control,1.0040706145674152,1.1190929479601306
130,18,uncertain_to_control,1.029464197364828,1.0754371810366912
130,19,uncertain_to_control,1.0108085570627845,1.0395435158319388
130,20,uncertain_to_control,1.0070163010859685,1.0322536851950306
130,21,uncertain_to_control,1.015693571977494,1.023724256860193
130,22,uncertain_to_control,0.9948565092511625,1.0311619949034205
130,23,uncertain_to_control,0.9968490785168072,1.021275432594996
130,24,uncertain_to_control,1.0040971028908208,1.0178595915295523
130,25,uncertain_to_control,1.005750344183065,1.014590746736508
130,26,uncertain_to_control,1.000397324851081,1.0162104391346596
130,27,uncertain_to_control,1.0110748935215639,0.9377671235851419
130,28,uncertain_to_control,0.9999212616421466,1.0225522349279847
130,29,uncertain_to_control,1.0005626621914392,1.0157334605276285
130,30,uncertain_to_control,1.0008085874483923,1.0090086847766682
130,31,uncertain_to_control,1.0,1.0
131,0,control_to_uncertain,-0.0024207552529443383,0.025601394400847095
131,1,control_to_uncertain,-0.00543809429068656,-0.021795178583118666
131,2,control_to_uncertain,0.028236266090930377,-0.10351495116710166
131,3,control_to_uncertain,0.10526030116464805,-0.158698404253971
131,4,control_to_uncertain,0.1972104199896891,-0.088090294328935
131,5,control_to_uncertain,0.18909214302275926,-0.13883773677654962
131,6,control_to_uncertain,0.2528160664769652,-0.4932901939128859
131,7,control_to_uncertain,0.2850409996508817,-0.570959943182468
131,8,control_to_uncertain,0.092195693098162,-0.1721795246582167
131,9,control_to_uncertain,0.13281837754174575,-0.09917549917637698
131,10,control_to_uncertain,0.20814003539598072,-0.059908892402447796
131,11,control_to_uncertain,0.2304592569869994,-0.06639093258654719
131,12,control_to_uncertain,0.44659707531158715,-0.31070842212103
131,13,control_to_uncertain,0.7356929582120907,-0.573135912726807
131,14,control_to_uncertain,0.7621634913796527,-0.6129512100028826
131,15,control_to_uncertain,0.8459022854577288,0.0922013931521373
131,16,control_to_uncertain,0.925534637036118,0.6750018251562726
131,17,control_to_uncertain,0.9007481835825135,0.8739016376458062
131,18,control_to_uncertain,0.9057223155431777,0.8930497987320898
131,19,control_to_uncertain,0.9473697075765479,0.9573428370451644
131,20,control_to_uncertain,0.9612522188680472,0.8855504309686952
131,21,control_to_uncertain,0.950254945243651,0.873208541892081
131,22,control_to_uncertain,0.988684009360758,0.9279404812984999
131,23,control_to_uncertain,0.9877370779895477,0.8829790160500627
131,24,control_to_uncertain,1.009567515053126,0.9151606783510874
131,25,control_to_uncertain,0.9978479391240572,0.9123484849842957
131,26,control_to_uncertain,1.0096609883565455,0.9079407866760439
131,27,control_to_uncertain,1.0040080520371601,1.0051309609124779
131,28,control_to_uncertain,1.0002112487201202,1.0028126879053245
131,29,control_to_uncertain,0.9916309006382095,1.0063898087477314
131,30,control_to_uncertain,1.000022221776736,1.0038138193476702
131,31,control_to_uncertain,1.0,1.0
131,0,uncertain_to_control,-0.0014024305139225578,0.049633556219789494
131,1,uncertain_to_control,-0.041938922831996184,-0.03612109443602733
131,2,uncertain_to_control,-0.05088389717388171,-0.07753523478865927
131,3,uncertain_to_control,-0.059021417253857414,-0.02304085932993614
131,4,uncertain_to_control,-0.02900982032322378,-0.1469668993614704
131,5,uncertain_to_control,0.046667244117659296,-0.07901446135759357
131,6,uncertain_to_control,0.19022332601937436,-0.01823753019544101
131,7,uncertain_to_control,0.1595966113965375,-0.20395597444892488
131,8,uncertain_to_control,0.5743449871264992,-0.18565656511956674
131,9,uncertain_to_control,0.4842276447980428,-0.2968329072368729
131,10,uncertain_to_control,0.40504946851183693,-0.3042036331644216
131,11,uncertain_to_control,0.3051611636721798,-0.23954170001453326
131,12,uncertain_to_control,0.38696661589384684,-0.3255612687806417
131,13,uncertain_to_control,0.43073462735309703,-0.4104799793183986
131,14,uncertain_to_control,0.44357068208183437,-0.4057682943557637
131,15,uncertain_to_control,0.4799443264116124,-0.11223907451564433
131,16,uncertain_to_control,0.5351278064212802,-0.08235210191548992
131,17,uncertain_to_control,0.7147064758607203,0.8879629135663479
131,18,uncertain_to_control,0.7461240493334791,1.5673725606655053
131,19,uncertain_to_control,0.7163245994501103,1.4872207224997784
131,20,uncertain_to_control,1.0098536086085084,1.4440195671588583
131,21,uncertain_to_control,1.0061417208468255,1.4400312375264246
131,22,uncertain_to_control,0.9993661119985112,1.4307378694179658
131,23,uncertain_to_control,1.0202149138948704,1.1885710043280158
131,24,uncertain_to_control,1.0143219351063602,1.0903385901336966
131,25,uncertain_to_control,1.011510029302486,1.0396873354307126
131,26,uncertain_to_control,1.0082276364766967,1.0583965935691322
131,27,uncertain_to_control,1.0112698449922328,1.0152618300262408
131,28,uncertain_to_control,1.0129929782967944,0.9986045358950594
131,29,uncertain_to_control,1.0112351884765998,0.9874063289928716
131,30,uncertain_to_control,1.0112329662989261,0.9879764082865619
131,31,uncertain_to_control,1.0,1.0
132,0,control_to_uncertain,0.013178027503686802,-0.05367384870293877
132,1,control_to_uncertain,0.07667395439772146,-0.10196946371877715
132,2,control_to_uncertain,0.05367030694344151,0.0005523034010592391
132,3,control_to_uncertain,0.04620685518383769,-0.015332695554405919
132,4,control_to_uncertain,0.04179461210327302,0.22009559511139762
132,5,control_to_uncertain,0.09815879050836473,0.06330957053927586
132,6,control_to_uncertain,-0.014227160858398848,0.05206625130342706
132,7,control_to_uncertain,-0.2722225170126096,-0.08081337434963136
132,8,control_to_uncertain,0.13640874045808377,0.36901039962199494
132,9,control_to_uncertain,0.2309840333836015,1.0971901564471112
132,10,control_to_uncertain,0.24649917189535095,0.5335918818572816
132,11,control_to_uncertain,0.37618137247739536,0.4310799772981784
132,12,control_to_uncertain,0.5424249508533157,0.6819539346686045
132,13,control_to_uncertain,0.7977865471509534,1.1377476959713233
132,14,control_to_uncertain,0.7986385554553268,1.4812674107819308
132,15,control_to_uncertain,0.7718426219221,1.1336636992313478
132,16,control_to_uncertain,0.8593735140321506,0.1593180128912635
132,17,control_to_uncertain,0.9232820192987732,-0.4797669566558388
132,18,control_to_uncertain,0.8854380469803595,-0.21373424343848318
132,19,control_to_uncertain,0.9197280648395302,-0.2482213768314103
132,20,control_to_uncertain,0.8967105750540172,-0.078217727683939
132,21,control_to_uncertain,0.9018806857695965,0.1375854120174406
132,22,control_to_uncertain,0.9554220539609959,0.9327108862048776
132,23,control_to_uncertain,0.9945762413815467,1.03457365494845
132,24,control_to_uncertain,0.9975781047131344,0.6499373727393442
132,25,control_to_uncertain,0.9871523940696377,0.6299724117278399
132,26,control_to_uncertain,0.9996957250523381,0.5170617817702221
132,27,control_to_uncertain,1.0100905467900274,0.863923111476524
132,28,control_to_uncertain,1.0104945377904615,0.8683303312296192
132,29,control_to_uncertain,0.995831535752819,1.0036383883141207
132,30,control_to_uncertain,0.9877852962143531,0.8673243500348328
132,31,control_to_uncertain,1.0,1.0
132,0,uncertain_to_control,-0.0013428342993486158,0.09028367414457976
132,1,uncertain_to_control,0.02758917601472619,0.08185163301590831
132,2,uncertain_to_control,0.03930542770624625,0.07321382300648509
132,3,uncertain_to_control,0.01883518320709896,0.5860494975025307
132,4,uncertain_to_control,0.02841202570469642,0.19500344741327447
132,5,uncertain_to_control,0.06495014069191661,0.1366412959763442
132,6,uncertain_to_control,0.21738202040103285,-0.04966157967738667
132,7,uncertain_to_control,0.6367927369800699,2.0
132,8,uncertain_to_control,1.3781847935839258,1.8206161589988246
132,9,uncertain_to_control,1.343145623631628,1.7201103889524973
132,10,uncertain_to_control,1.3773152901109105,2.0
132,11,uncertain_to_control,1.3528744754333226,2.0
132,12,uncertain_to_control,1.173487988060733,1.5548990477249314
132,13,uncertain_to_control,1.1024186397756313,1.2126296366363647
132,14,uncertain_to_control,1.0594340357803755,1.4826450311970727
132,15,uncertain_to_control,1.0409472179093107,1.393639903562088
132,16,uncertain_to_control,0.9915104213528726,1.1129967032149257
132,17,uncertain_to_control,1.0154950158635678,1.0197986423736853
132,18,uncertain_to_control,1.0193358141866977,0.9149954856369735
132,19,uncertain_to_control,1.0160658197723347,0.9332197046790678
132,20,uncertain_to_control,1.0184823960152543,0.8725138501733569
132,21,uncertain_to_control,1.0225488371544575,0.8416794506374352
132,22,uncertain_to_control,1.0094975054324742,0.8218095288475419
132,23,uncertain_to_control,1.020366362930032,0.8357094633063428
132,24,uncertain_to_control,1.0333154152045705,0.7733583543510479
132,25,uncertain_to_control,1.0225428772618432,0.8548069672715405
132,26,uncertain_to_control,1.0234135983473283,0.7867301935124076
132,27,uncertain_to_control,1.0268274632877024,0.8223721431075495
132,28,uncertain_to_control,1.0215851930120836,0.8884759564218271
132,29,uncertain_to_control,1.010028384469212,0.9770565456470691
132,30,uncertain_to_control,1.0108612313984062,0.9877121459228623
132,31,uncertain_to_control,1.0,1.0
133,0,control_to_uncertain,0.011099780118098451,-0.0606784090445566
133,1,control_to_uncertain,0.014696696151231831,-0.0020186631961899167
133,2,control_to_uncertain,0.035169904484344566,-0.06257018765376857
133,3,control_to_uncertain,0.021723631378723463,-0.11089811389262297
133,4,control_to_uncertain,0.0791798840844845,-0.12123600689116265
133,5,control_to_uncertain,0.0931718503923379,-0.1246520420006039
133,6,control_to_uncertain,0.06455975358891329,-0.2693026050489068
133,7,control_to_uncertain,0.09689155655941638,-0.7609838266470929
133,8,control_to_uncertain,0.483482548121311,-1.0
133,9,control_to_uncertain,0.6794943734424692,-0.9785306518609479
133,10,control_to_uncertain,0.6763064727709315,-0.8832001113564085
133,11,control_to_uncertain,0.7614496403654136,-0.7260280257357398
133,12,control_to_uncertain,0.8038487681685618,-0.23824460672795264
133,13,control_to_uncertain,0.8727186794542172,-0.05822755035352459
133,14,control_to_uncertain,0.8674453013734168,-0.04766724000006237
133,15,control_to_uncertain,0.8823382173804852,0.02868872001766864
133,16,control_to_uncertain,0.7488958051387773,-0.23819470645053828
133,17,control_to_uncertain,0.7465255279263048,-0.2123250238154819
133,18,control_to_uncertain,0.9418878076931378,0.41447597199051467
133,19,control_to_uncertain,0.9863938349985685,0.36612391634120006
133,20,control_to_uncertain,0.9926234285204624,0.3826694695083452
133,21,control_to_uncertain,1.002339080780432,1.1495461249685148
133,22,control_to_uncertain,0.9876860433434919,0.920543492810954
133,23,control_to_uncertain,0.9906077561823713,0.9611771738075086
133,24,control_to_uncertain,0.987315473715377,0.9741689736653748
133,25,control_to_uncertain,0.9807022373869282,0.9729858118245766
133,26,control_to_uncertain,0.9871438118863293,0.9660654312463226
133,27,control_to_uncertain,0.9868861358739013,0.9935718922242647
133,28,control_to_uncertain,0.9869454742570383,0.997479789772101
133,29,control_to_uncertain,0.9895567703791914,1.0037675530176084
133,30,control_to_uncertain,0.9999386660226464,0.9993187134822096
133,31,control_to_uncertain,1.0,1.0
133,0,uncertain_to_control,-0.0008610785412939352,0.006690166304985407
133,1,uncertain_to_control,0.005298913541491458,0.019031456954321794
133,2,uncertain_to_control,0.03833129226128926,0.0010102343991665998
133,3,uncertain_to_control,-0.003179348124894875,0.04625320730339803
133,4,uncertain_to_control,0.06320649635152432,0.1706583742473204
133,5,uncertain_to_control,0.09778753763629602,0.2519464185922524
133,6,uncertain_to_control,0.13083221573269463,0.2740845781797413
133,7,uncertain_to_control,0.15920614447531958,0.2954254823481462
133,8,uncertain_to_control,0.6194149325020801,0.2920772393919027
133,9,uncertain_to_control,0.7597813643266763,0.5269095863603501
133,10,uncertain_to_control,0.8279409662504291,0.7888492741602493
133,11,uncertain_to_control,0.8926102331627846,0.9084682822592778
133,12,uncertain_to_control,0.9383173638281851,1.0477491486791077
133,13,uncertain_to_control,0.9422342265585897,1.3896822640872053
133,14,uncertain_to_control,0.9582682966463021,1.4453458593972686
133,15,uncertain_to_control,0.9822215769348406,1.0965967600439286
133,16,uncertain_to_control,0.9851257774163082,1.0478133296280188
133,17,uncertain_to_control,0.9976186452033042,0.9727779213596249
133,18,uncertain_to_control,1.0012771395722668,0.9907569584828871
133,19,uncertain_to_control,1.0146957187173298,0.9871296679226819
133,20,uncertain_to_control,1.0052692647131292,0.9870420141459079
133,21,uncertain_to_control,0.9957288989329273,1.0096589865926655
133,22,uncertain_to_control,1.009183358047478,0.9949052473342541
133,23,uncertain_to_control,1.0015443455652397,1.0029956581013553
133,24,uncertain_to_control,1.0046046503861474,1.0037198687064608
133,25,uncertain_to_control,1.0037843797102641,1.0076255502880305
133,26,uncertain_to_control,0.9945813915319199,1.0070032741311956
133,27,uncertain_to_control,1.0041281920853105,0.9987736678534124
133,28,uncertain_to_control,1.0025957386325455,1.0033334698477985
133,29,uncertain_to_control,1.0022849553781061,1.0033242776914326
133,30,uncertain_to_control,0.9937610394032115,1.0016634520109113
133,31,uncertain_to_control,1.0,1.0
134,0,control_to_uncertain,-0.0013163663090577581,0.01073957617818041
134,1,control_to_uncertain,-0.042909524040228346,-0.011923897973591375
134,2,control_to_uncertain,-0.038914171667468786,-0.010105879205755225
134,3,control_to_uncertain,0.02776415823877683,-0.005625637261381979
134,4,control_to_uncertain,0.13593324260455517,0.09970234563836829
134,5,control_to_uncertain,0.11745821954957585,0.0614953546874969
134,6,control_to_uncertain,-0.009962342267732162,-0.05905581706338375
134,7,control_to_uncertain,0.08958292221504037,-0.045485698746189546
134,8,control_to_uncertain,0.4930205407500452,0.534486100759939
134,9,control_to_uncertain,0.5358702222849439,0.4610739157555438
134,10,control_to_uncertain,0.5906494945967029,0.3970073475630815
134,11,control_to_uncertain,0.6654950815200098,0.4212389172687019
134,12,control_to_uncertain,0.6895977688958408,0.4645382092335727
134,13,control_to_uncertain,0.8186624381339064,0.5368631168056127
134,14,control_to_uncertain,0.8228629768683817,0.6184487205760879
134,15,control_to_uncertain,0.8473214275163774,0.5795276788328494
134,16,control_to_uncertain,0.9656379945383796,0.6144726200202956
134,17,control_to_uncertain,0.9593974087604363,0.7056438962806157
134,18,control_to_uncertain,0.8467093289992392,0.7779384944787602
134,19,control_to_uncertain,0.8888420821275504,0.840757376615228
134,20,control_to_uncertain,0.9206126285748722,0.7197740992074466
134,21,control_to_uncertain,0.9569556826156087,1.0165299170238076
134,22,control_to_uncertain,0.9921745584779443,1.0134445179027685
134,23,control_to_uncertain,0.9908051019913796,1.0038711186706042
134,24,control_to_uncertain,0.9807805961056287,0.9941131584572165
134,25,control_to_uncertain,0.9879890436728747,0.993678606303768
134,26,control_to_uncertain,0.9785925886787433,1.0001870210694186
134,27,control_to_uncertain,0.9891593908927641,0.9979987386407466
134,28,control_to_uncertain,0.9883082599706983,0.999208368083778
134,29,control_to_uncertain,0.9971764297167922,1.000026748362254
134,30,control_to_uncertain,0.9888059909353375,1.000127734303081
134,31,control_to_uncertain,1.0,1.0
134,0,uncertain_to_control,-0.00019733678062176446,0.010365615589228229
134,1,uncertain_to_control,-0.01214524324670153,-0.0012714442558014385
134,2,uncertain_to_control,0.007876421597117971,0.0001798718628404874
134,3,uncertain_to_control,-0.0006118453048448121,0.00881774440683998
134,4,uncertain_to_control,0.04966953263594166,0.008114743623879535
134,5,uncertain_to_control,0.02304181227076902,0.011396175076620874
134,6,uncertain_to_control,0.06527627233691145,0.018671824751254503
134,7,uncertain_to_control,0.10434726681806511,0.011235426661794333
134,8,uncertain_to_control,0.6895714348173319,0.01646735467042579
134,9,uncertain_to_control,0.917842275075318,0.13563428508301195
134,10,uncertain_to_control,0.9600613735956636,0.20336026844482386
134,11,uncertain_to_control,1.0464944614875074,0.5030615321880522
134,12,uncertain_to_control,1.245184830625453,0.7825628894363785
134,13,uncertain_to_control,1.2585476451847546,0.7583926452442187
134,14,uncertain_to_control,1.275713244167719,0.7506332824271769
134,15,uncertain_to_control,1.2949758629601564,0.7863166850058766
134,16,uncertain_to_control,1.2617100135164723,0.8424040862581403
134,17,uncertain_to_control,1.2584753108729527,0.8780482361588983
134,18,uncertain_to_control,1.153804945168566,0.9140853477717948
134,19,uncertain_to_control,1.1608115403359587,0.9298284986891807
134,20,uncertain_to_control,1.0769482196052826,0.9394153944272995
134,21,uncertain_to_control,1.08245275944849,0.9421954843708422
134,22,uncertain_to_control,0.9812576902683594,0.9933824986716203
134,23,uncertain_to_control,0.9684287949306224,0.9953964546296263
134,24,uncertain_to_control,1.0014982993418338,0.9913287463697729
134,25,uncertain_to_control,0.9900307787982984,0.990462904058273
134,26,uncertain_to_control,0.9950511345345612,0.9976594095695909
134,27,uncertain_to_control,1.0001394355695412,0.9942965097818136
134,28,uncertain_to_control,0.9899622426708968,0.9937537137477802
134,29,uncertain_to_control,1.0017951907557932,0.9955201929883464
134,30,uncertain_to_control,1.0018244367756757,0.9987856678469381
134,31,uncertain_to_control,1.0,1.0
135,0,control_to_uncertain,-0.03899278975679989,-0.011101882946246724
135,1,control_to_uncertain,-0.010579878244572447,-0.0028959270953579385
135,2,control_to_uncertain,0.0014471113895799523,-0.014623973246291
135,3,control_to_uncertain,-0.0024515756988866813,-0.006898210577943449
135,4,control_to_uncertain,0.09903562547998354,-0.02792053646159475
135,5,control_to_uncertain,0.10667250309736692,-0.03984079979291377
135,6,control_to_uncertain,0.12122294044917052,-0.09904765539392509
135,7,control_to_uncertain,0.276923205382115,-0.11758071826947253
135,8,control_to_uncertain,0.5499461911106573,-0.29064947653317663
135,9,control_to_uncertain,0.6939417807053647,-0.2733992087830193
135,10,control_to_uncertain,0.7878002955631077,-0.23750177592488173
135,11,control_to_uncertain,0.8445715804086178,-0.21727552297350416
135,12,control_to_uncertain,0.9090564239738842,-0.20441282805618444
135,13,control_to_uncertain,0.99433595645063,-0.13555671663558763
135,14,control_to_uncertain,0.9900455668598968,-0.07845772100824673
135,15,control_to_uncertain,0.973163252428693,0.16750642988523234
135,16,control_to_uncertain,0.9956397994263344,0.1212817345498033
135,17,control_to_uncertain,1.006630986437116,0.21714618638306252
135,18,control_to_uncertain,0.9680641969327136,0.5974678923031544
135,19,control_to_uncertain,0.9924773249065505,0.8974224136638667
135,20,control_to_uncertain,0.9298915937429911,0.925922885603486
135,21,control_to_uncertain,0.9477733520116027,0.9481776205279399
135,22,control_to_uncertain,1.0041874963403403,1.007826102484888
135,23,control_to_uncertain,0.9904678678172109,1.0071294560849373
135,24,control_to_uncertain,1.0015738915167975,0.9987151354114364
135,25,control_to_uncertain,1.0158843503118293,0.9958260870950774
135,26,control_to_uncertain,1.0031690275567888,0.9967158396701575
135,27,control_to_uncertain,1.0007454608063913,0.9966260463431696
135,28,control_to_uncertain,1.0012639962829484,0.9971131474520784
135,29,control_to_uncertain,1.000262544256781,1.000998909470634
135,30,control_to_uncertain,1.0002475356881566,1.000497866203726
135,31,control_to_uncertain,1.0,1.0
135,0,uncertain_to_control,-0.002596588066158616,0.0010329730287836191
135,1,uncertain_to_control,-0.004807498196329411,-0.006832765019558904
135,2,uncertain_to_control,-0.018847168591251358,0.004935300468515775
135,3,uncertain_to_control,-0.0519392656074845,-0.0012911215570314467
135,4,uncertain_to_control,-0.008707295073321086,0.0011294508189793634
135,5,uncertain_to_control,-0.006701642973210128,0.0038335882286913816
135,6,uncertain_to_control,0.04711707592496646,0.02891705584800028
135,7,uncertain_to_control,0.36788844870800536,0.05431758854336637
135,8,uncertain_to_control,0.9771982849645217,0.06919004310730653
135,9,uncertain_to_control,1.2347166794450888,0.4142832774268991
135,10,uncertain_to_control,1.2408929168223013,0.28521876795568996
135,11,uncertain_to_control,1.3554589229216991,0.33341623492693623
135,12,uncertain_to_control,1.0741437030282006,0.7234060841614919
135,13,uncertain_to_control,1.0302541563694145,0.7477405615646688
135,14,uncertain_to_control,1.0177610555547452,0.7268017914711166
135,15,uncertain_to_control,1.0388000036358787,0.9217133546140862
135,16,uncertain_to_control,0.9935704137566426,0.9978420842785866
135,17,uncertain_to_control,1.0079246299278046,1.024207161696961
135,18,uncertain_to_control,0.9487669298239495,1.0639162153836255
135,19,uncertain_to_control,0.9751959622299858,1.0110346496825857
135,20,uncertain_to_control,0.9769713596346872,1.0172698547818828
135,21,uncertain_to_control,1.00715369683241,0.9821970981404435
135,22,uncertain_to_control,1.0431371100388087,0.96776145575872
135,23,uncertain_to_control,1.022983720353585,0.9980197666378111
135,24,uncertain_to_control,1.0096091832146705,0.9991608666884566
135,25,uncertain_to_control,1.0110900638836553,0.9981784060495247
135,26,uncertain_to_control,0.9972428625272188,1.001429931042281
135,27,uncertain_to_control,0.9996174928883694,0.9985008925361488
135,28,uncertain_to_control,0.9996173871942242,0.9996732385659755
135,29,uncertain_to_control,0.9993368749327521,1.0026630590515098
135,30,uncertain_to_control,0.9993369277798247,1.0007261969738561
135,31,uncertain_to_control,1.0,1.0
136,0,control_to_uncertain,0.004920502271460538,-0.004493539711495834
136,1,control_to_uncertain,-0.0072196340155259685,0.004749965528569588
136,2,control_to_uncertain,-0.010572079746543376,0.022916810479087467
136,3,control_to_uncertain,-0.017311971894062094,0.0019808454278872484
136,4,control_to_uncertain,0.03233220610030951,0.010057451833906229
136,5,control_to_uncertain,0.041628213807176316,0.022008978002565193
136,6,control_to_uncertain,-0.07826824874070182,0.10820736725271965
136,7,control_to_uncertain,0.02250124326696915,0.21884498524831822
136,8,control_to_uncertain,0.855822877416686,0.9170437451643384
136,9,control_to_uncertain,0.8815850609325125,0.9308751160886561
136,10,control_to_uncertain,0.9309374481568491,0.9236459214592697
136,11,control_to_uncertain,0.9489029383850387,0.9131034720255506
136,12,control_to_uncertain,1.0231020668421393,0.9537526118543708
136,13,control_to_uncertain,1.0697744477043587,0.8649975376501873
136,14,control_to_uncertain,1.0543290068310103,0.5570472398462761
136,15,control_to_uncertain,1.037944488525361,0.43638708382939356
136,16,control_to_uncertain,0.9409985308107095,0.7412753999247501
136,17,control_to_uncertain,0.9486449536276435,0.9375046146424147
136,18,control_to_uncertain,0.9944039586679359,0.9726372620544133
136,19,control_to_uncertain,1.0200377632857145,1.0089256960260626
136,20,control_to_uncertain,1.0072523745091428,1.006068576247453
136,21,control_to_uncertain,1.0080039205933895,1.0372498932575276
136,22,control_to_uncertain,0.9785606594490776,1.0216039576053528
136,23,control_to_uncertain,0.9921059247313487,1.0167889962738215
136,24,control_to_uncertain,0.9960274221975768,0.9994164772346309
136,25,control_to_uncertain,1.0040025414888891,1.0025076240792021
136,26,control_to_uncertain,0.9984934206783405,1.000870131426758
136,27,control_to_uncertain,0.9977789417407132,1.0032711070111016
136,28,control_to_uncertain,0.9977759712028308,1.00533397422673
136,29,control_to_uncertain,0.9977346419801192,1.0026433001819286
136,30,control_to_uncertain,1.0007642677356126,1.0006726685112004
136,31,control_to_uncertain,1.0,1.0
136,0,uncertain_to_control,0.0012329669519265585,0.013267202953708548
136,1,uncertain_to_control,0.025562124247138163,0.02121062710075966
136,2,uncertain_to_control,0.01441892630424856,0.022868574773151216
136,3,uncertain_to_control,-0.01800720691236416,0.002121793442971446
136,4,uncertain_to_control,-0.05569371068033002,-0.006316456982235792
136,5,uncertain_to_control,-0.053960466402861375,-0.02270832697456658
136,6,uncertain_to_control,-0.044704851553504135,-0.03698776460656438
136,7,uncertain_to_control,0.12280668559588118,-0.06553004022304094
136,8,uncertain_to_control,0.7300851750076249,-0.005813635734382571
136,9,uncertain_to_control,0.8838910701175449,0.6068480986288801
136,10,uncertain_to_control,0.9224143292031448,0.9060561721253163
136,11,uncertain_to_control,0.9994708567954703,0.9199625050590875
136,12,uncertain_to_control,1.0933541253764592,0.9442217369638283
136,13,uncertain_to_control,1.0621164656204476,0.9054034451956425
136,14,uncertain_to_control,1.0327235744663155,0.9477282279852893
136,15,uncertain_to_control,1.025047252539826,0.9746420832228486
136,16,uncertain_to_control,1.0011395887393626,1.0248444050078913
136,17,uncertain_to_control,1.0035303551194088,1.0172064217100247
136,18,uncertain_to_control,1.0132422058413562,1.0019424108946646
136,19,uncertain_to_control,0.9970509662287943,1.0183561570311435
136,20,uncertain_to_control,0.9972722067241224,1.0164466795437634
136,21,uncertain_to_control,1.0029731209588173,1.016568877887941
136,22,uncertain_to_control,0.9979855232773609,1.0133573205651223
136,23,uncertain_to_control,1.001173879078831,1.0059822177387638
136,24,uncertain_to_control,1.0013188542428741,1.0067600769464489
136,25,uncertain_to_control,0.9985715587400296,1.0054177288691415
136,26,uncertain_to_control,0.9992978552522759,0.9888201717779752
136,27,uncertain_to_control,0.9995126380565553,1.0047501122252613
136,28,uncertain_to_control,0.9998799515234048,1.0072128562853495
136,29,uncertain_to_control,0.9995104424415987,1.0055713203053407
136,30,uncertain_to_control,0.9983722098173565,1.002413674016718
136,31,uncertain_to_control,1.0,1.0
137,0,control_to_uncertain,0.013526966034623469,-0.004816138630481552
137,1,control_to_uncertain,0.0062768329385165175,-0.02054577467977721
137,2,control_to_uncertain,0.008270841627194657,-0.02656127543568128
137,3,control_to_uncertain,0.02803294623042273,-0.03594478471659077
137,4,control_to_uncertain,0.059874856178976164,-0.056321401901609704
137,5,control_to_uncertain,0.07806052076178739,-0.08989478780881639
137,6,control_to_uncertain,0.13238783835048146,-0.13751025674418474
137,7,control_to_uncertain,0.17850864149296913,-0.12551143064396697
137,8,control_to_uncertain,0.15437094936294662,0.016306427618835082
137,9,control_to_uncertain,0.27990211733295667,-0.03598855273971005
137,10,control_to_uncertain,0.3922761224378832,-0.01214775567077767
137,11,control_to_uncertain,0.5537077946062128,0.05635629802815075
137,12,control_to_uncertain,0.8207907234580293,0.1567961038178987
137,13,control_to_uncertain,1.0586690675005064,0.1918764109319066
137,14,control_to_uncertain,1.1625446529291903,0.17213508068786623
137,15,control_to_uncertain,1.2240906319536187,0.17709796048775173
137,16,control_to_uncertain,1.268901187289592,0.26990107428686677
137,17,control_to_uncertain,1.3316280901487632,0.2804987321874959
137,18,control_to_uncertain,1.2963237618714005,0.9828061165664445
137,19,control_to_uncertain,1.2590138183355768,0.7560052407771737
137,20,control_to_uncertain,1.0049243997149069,0.9140182435027312
137,21,control_to_uncertain,1.083959515213222,0.9755186667846136
137,22,control_to_uncertain,1.0220436437379476,1.0009759234100997
137,23,control_to_uncertain,1.0053602710509026,1.0008507039831451
137,24,control_to_uncertain,1.022811105844506,0.9999355456713591
137,25,control_to_uncertain,1.0159499267580807,0.9945885127496362
137,26,control_to_uncertain,1.0112613189723758,1.0016315565672311
137,27,control_to_uncertain,1.011034544455082,0.9998538355038736
137,28,control_to_uncertain,1.0116001415287263,0.99976335694527
137,29,control_to_uncertain,0.995108812930933,0.9999123752347957
137,30,control_to_uncertain,1.0004181936374035,0.9988214498653006
137,31,control_to_uncertain,1.0,1.0
137,0,uncertain_to_control,-0.013140154776286493,0.0005802442159577843
137,1,uncertain_to_control,0.010110661500374133,0.009892586099815564
137,2,uncertain_to_control,-0.0014504640976208943,0.007151539719499464
137,3,uncertain_to_control,0.043293487384060414,0.02395543675921743
137,4,uncertain_to_control,0.11183456745394625,-0.005313474972915763
137,5,uncertain_to_control,0.07434900758917885,0.009264611080266895
137,6,uncertain_to_control,0.14877211866235532,0.006117483207070842
137,7,uncertain_to_control,0.24343467684140238,-0.005645232152211581
137,8,uncertain_to_control,0.9686190494344342,0.21050343835896826
137,9,uncertain_to_control,1.0690704289332857,0.3952520492879693
137,10,uncertain_to_control,1.0924999863846008,0.48649705103702673
137,11,uncertain_to_control,1.0842528043035018,0.37461356328894957
137,12,uncertain_to_control,1.1233573913716581,0.5081544743580564
137,13,uncertain_to_control,1.169499934512162,0.6943652329891271
137,14,uncertain_to_control,1.1668475654728834,0.7760461823619081
137,15,uncertain_to_control,1.060858334405453,0.9428134107440812
137,16,uncertain_to_control,1.0039837318746672,0.9856977929641646
137,17,uncertain_to_control,1.0074248119713376,0.9903254925113245
137,18,uncertain_to_control,1.0119879795220825,0.9805121102682111
137,19,uncertain_to_control,1.0032875608909668,0.989012688401655
137,20,uncertain_to_control,1.0060724680290338,0.9895852214608368
137,21,uncertain_to_control,1.0058766741249294,0.9891920190044896
137,22,uncertain_to_control,0.9982891023327152,0.9951217580934708
137,23,uncertain_to_control,1.0082485659413423,0.9868827234711532
137,24,uncertain_to_control,1.0082503515674628,0.9890395406752984
137,25,uncertain_to_control,1.0022694415177535,0.9953332641078959
137,26,uncertain_to_control,1.0082887425290519,0.9890760928892007
137,27,uncertain_to_control,1.0031398003295016,0.9940509793224555
137,28,uncertain_to_control,1.0049814951101075,0.9943997040039572
137,29,uncertain_to_control,1.002923203881094,0.9934344416562456
137,30,uncertain_to_control,0.9983110655339964,1.0002552740375443
137,31,uncertain_to_control,1.0,1.0
138,0,control_to_uncertain,-0.16522218310351133,0.006049595895626746
138,1,control_to_uncertain,-0.1929479149121464,0.03057841522408763
138,2,control_to_uncertain,-0.15528903310778744,-0.014367960105998416
138,3,control_to_uncertain,-0.1121558178266371,-0.05880717171860079
138,4,control_to_uncertain,0.005039506741887188,-0.0875902513621682
138,5,control_to_uncertain,0.3296505617510006,-0.10533930291805776
138,6,control_to_uncertain,0.30534479134535114,-0.14274664362728606
138,7,control_to_uncertain,0.6683815094844279,-0.15484727418085867
138,8,control_to_uncertain,1.029840752385367,-0.12179666563635298
138,9,control_to_uncertain,1.22323838746225,-0.0728966513846129
138,10,control_to_uncertain,1.1836554894802485,-0.0380159371702087
138,11,control_to_uncertain,1.331691729340625,0.053315256084106206
138,12,control_to_uncertain,1.37388804040695,0.29353772710563464
138,13,control_to_uncertain,0.919391230287893,0.5876813330100914
138,14,control_to_uncertain,0.8353562040117373,0.5720295173280138
138,15,control_to_uncertain,0.7937041940666111,0.8532400887460571
138,16,control_to_uncertain,0.8620103765749993,0.9286591302697768
138,17,control_to_uncertain,0.8702516636498515,0.9404657737228127
138,18,control_to_uncertain,0.9325680771768321,0.939471309200973
138,19,control_to_uncertain,0.9118267497975953,0.9523333247806907
138,20,control_to_uncertain,0.9104043504783325,0.9541161111565387
138,21,control_to_uncertain,0.9256455495744701,0.9884559706358202
138,22,control_to_uncertain,0.9370976758725976,0.9941108261029532
138,23,control_to_uncertain,0.9370121538064459,0.9995120597457243
138,24,control_to_uncertain,0.9201692200710002,0.9843657292250914
138,25,control_to_uncertain,0.9199481217312184,0.9832594408985614
138,26,control_to_uncertain,0.9852361583610717,0.9907217015634471
138,27,control_to_uncertain,1.0200533123371798,0.9932073632977967
138,28,control_to_uncertain,0.9226085182127455,1.0049258825587877
138,29,control_to_uncertain,0.9227989084497797,1.0047841045219261
138,30,control_to_uncertain,0.9599810469589842,0.9972699484995028
138,31,control_to_uncertain,1.0,1.0
138,0,uncertain_to_control,0.07021806898544575,-0.0002807784631348729
138,1,uncertain_to_control,0.1699117710145911,0.014352853101647838
138,2,uncertain_to_control,0.01165096126341733,0.07439112577796077
138,3,uncertain_to_control,0.2372521836915715,-0.00903091124890724
138,4,uncertain_to_control,0.44467374867168263,-0.01872317357716198
138,5,uncertain_to_control,0.5049731004696958,-0.03385309821079514
138,6,uncertain_to_control,0.9375062471796527,-0.033309345968224296
138,7,uncertain_to_control,1.7344684174072564,-0.02845000616669516
138,8,uncertain_to_control,1.8494595143605674,0.020240788064475417
138,9,uncertain_to_control,2.0,0.027870864367636385
138,10,uncertain_to_control,2.0,0.012816894394765847
138,11,uncertain_to_control,2.0,0.03569777134917459
138,12,uncertain_to_control,1.4278581451476822,0.20793120925654915
138,13,uncertain_to_control,1.1852466298241087,0.30289683602577716
138,14,uncertain_to_control,1.0832516625750679,0.6276828421119016
138,15,uncertain_to_control,1.04441251484161,1.043396108931253
138,16,uncertain_to_control,0.9302405565290877,1.1129514746234699
138,17,uncertain_to_control,0.9916005661959985,1.134502695401308
138,18,uncertain_to_control,1.000278829572947,1.1227747042883829
138,19,uncertain_to_control,1.0286893520728506,1.135777278953553
138,20,uncertain_to_control,1.0382461742694042,1.1298570917354056
138,21,uncertain_to_control,0.9847371516914253,1.0980353460738934
138,22,uncertain_to_control,1.0133068957040745,1.038284825861401
138,23,uncertain_to_control,1.0783431258913987,1.0455863847683668
138,24,uncertain_to_control,1.0922038422285238,1.0513817193897121
138,25,uncertain_to_control,1.072890595167558,1.0447739636455136
138,26,uncertain_to_control,1.0932675709076962,1.0571621868004268
138,27,uncertain_to_control,1.0852770154917772,1.0649644349944405
138,28,uncertain_to_control,1.041798334054718,1.0195156118900277
138,29,uncertain_to_control,1.0724745003753298,0.9935441136117067
138,30,uncertain_to_control,1.0389004103984392,0.9943584530843187
138,31,uncertain_to_control,1.0,1.0
139,0,control_to_uncertain,0.019140908093305983,-0.007720559223236553
139,1,control_to_uncertain,0.0608718284624621,0.014554461892066122
139,2,control_to_uncertain,0.010993184446645782,-0.003912161672735768
139,3,control_to_uncertain,-0.015290156998620094,0.024517997036426445
139,4,control_to_uncertain,-0.0368257823793185,0.01892175697843235
139,5,control_to_uncertain,-0.04651843392044685,0.04293231476598269
139,6,control_to_uncertain,-0.0508967864676985,0.04549639039791997
139,7,control_to_uncertain,-0.03729825215762389,0.07065961381403163
139,8,control_to_uncertain,-0.07555970209515663,0.11101544242003844
139,9,control_to_uncertain,-0.09256518007215228,0.20805699350357287
139,10,control_to_uncertain,0.054574577447082176,0.31742637613156394
139,11,control_to_uncertain,0.5498176302696182,0.5122329212745419
139,12,control_to_uncertain,0.7110671863516891,0.5748256313243181
139,13,control_to_uncertain,0.8463744251592197,0.9010985648071872
139,14,control_to_uncertain,0.9315277865848299,0.9648052256919604
139,15,control_to_uncertain,0.9731831920304386,1.0168999684500162
139,16,control_to_uncertain,1.004074881835805,1.0100771293128894
139,17,control_to_uncertain,1.0080102259650636,1.022510556289206
139,18,control_to_uncertain,1.0004925980244739,1.0174197425529794
139,19,control_to_uncertain,0.9860862138343952,1.0148290977966863
139,20,control_to_uncertain,1.0087469469751615,1.0176979124311325
139,21,control_to_uncertain,1.0119610742839384,1.00793659321985
139,22,control_to_uncertain,1.01277953229368,1.0068452234919671
139,23,control_to_uncertain,1.0153573078198745,0.999936751711374
139,24,control_to_uncertain,1.012345278982762,1.0047787192256363
139,25,control_to_uncertain,1.0070946627677257,1.0048002106278495
139,26,control_to_uncertain,1.0059126723119824,1.000611823897513
139,27,control_to_uncertain,1.0063695018990082,1.007364604090383
139,28,control_to_uncertain,1.009848424446231,1.0006085699176004
139,29,control_to_uncertain,1.0059325285548242,1.007351648709894
139,30,control_to_uncertain,0.9994127448178691,1.0073775443360817
139,31,control_to_uncertain,1.0,1.0
139,0,uncertain_to_control,0.007659613677075271,-0.002258852316139011
139,1,uncertain_to_control,0.04109521459447449,-0.002575926172735117
139,2,uncertain_to_control,0.11232050967983338,-0.00290425274591257
139,3,uncertain_to_control,0.12448286642545639,-0.009035250349257989
139,4,uncertain_to_control,0.35100614880519987,-0.009900317125314884
139,5,uncertain_to_control,0.3283913842266291,-0.00564647242696987
139,6,uncertain_to_control,0.6031836969366136,0.019779316898504914
139,7,uncertain_to_control,0.5188019409477378,0.030922298682846443
139,8,uncertain_to_control,0.7599668903950695,0.06168070272163183
139,9,uncertain_to_control,0.5979534129702406,0.04308414698218184
139,10,uncertain_to_control,0.4291665087064015,0.04794218764373321
139,11,uncertain_to_control,0.5726002549011174,0.0489238452767967
139,12,uncertain_to_control,0.9508453948391788,0.1069456065020512
139,13,uncertain_to_control,1.0241714736171224,0.11926409988089828
139,14,uncertain_to_control,1.0098449564038168,0.15158624558733838
139,15,uncertain_to_control,1.0151852657157998,0.7054617856080071
139,16,uncertain_to_control,1.0143556895700834,0.7352753246889263
139,17,uncertain_to_control,1.0064153684599562,0.9551604595007087
139,18,uncertain_to_control,1.00664092721854,0.9518412183724125
139,19,uncertain_to_control,1.0072822090614169,0.9489011945496472
139,20,uncertain_to_control,1.0168244597631428,0.9734983768088761
139,21,uncertain_to_control,1.0219302002063486,0.9613239514988089
139,22,uncertain_to_control,1.010173468421519,0.9668221181157174
139,23,uncertain_to_control,1.0135225773811214,0.9689078132961373
139,24,uncertain_to_control,1.0054861710958725,0.9548550999717978
139,25,uncertain_to_control,1.0001085973281454,0.9560578920258029
139,26,uncertain_to_control,1.0035792577743226,0.9543864057860667
139,27,uncertain_to_control,1.004704637537717,0.9600898001593209
139,28,uncertain_to_control,1.0028223745176403,0.9499712847623809
139,29,uncertain_to_control,1.0112371374301907,0.9495541699419614
139,30,uncertain_to_control,1.0065764284297196,0.988714894967431
139,31,uncertain_to_control,1.0,1.0
140,0,control_to_uncertain,-0.008947362861928149,0.04282478647991096
140,1,control_to_uncertain,-0.003019232495035892,0.053142525231200506
140,2,control_to_uncertain,-0.0017336669613229273,0.05458218966315374
140,3,control_to_uncertain,-0.003910686098225018,0.058701449402324364
140,4,control_to_uncertain,0.00034965893151555776,0.09939929682269476
140,5,control_to_uncertain,0.0018139863116678027,0.13207081718195188
140,6,control_to_uncertain,0.04601846645968033,0.18070966022238635
140,7,control_to_uncertain,0.05278584665143917,0.10683010602157299
140,8,control_to_uncertain,0.061466073585138926,0.10383950934656469
140,9,control_to_uncertain,0.06833900115403024,0.1198210931133903
140,10,control_to_uncertain,0.0701762018096246,0.0907802727734307
140,11,control_to_uncertain,0.16249041505955145,0.27596250721404264
140,12,control_to_uncertain,0.37622753917240065,0.7879227096956009
140,13,control_to_uncertain,0.7170163876550755,0.9531631274067174
140,14,control_to_uncertain,0.8732036334133665,0.9807347229050489
140,15,control_to_uncertain,0.9474980446379538,0.9885183176690914
140,16,control_to_uncertain,0.9811100590145857,0.9922169733286551
140,17,control_to_uncertain,0.9893985296467689,0.9920667421942643
140,18,control_to_uncertain,0.999762993326655,0.984694368185618
140,19,control_to_uncertain,1.0013946083603402,0.996270353904316
140,20,control_to_uncertain,0.9914268022100663,0.9957434773114648
140,21,control_to_uncertain,0.9922450413439486,0.9973719444130307
140,22,control_to_uncertain,1.0083287442894044,1.0049118861780442
140,23,control_to_uncertain,1.0079664333504788,0.9968173292250175
140,24,control_to_uncertain,0.9909657068289001,0.9983205612708838
140,25,control_to_uncertain,1.0089069372286419,1.0097365211535094
140,26,control_to_uncertain,1.0164214697498861,1.0098668102752768
140,27,control_to_uncertain,0.9987395865050421,0.9994059513430171
140,28,control_to_uncertain,0.9987194496764316,0.999405187356286
140,29,control_to_uncertain,0.9987468813561614,0.9984959451991926
140,30,control_to_uncertain,1.0003556239920663,1.0000694640243253
140,31,control_to_uncertain,1.0,1.0
140,0,uncertain_to_control,0.007409821012469104,-0.013667624673378531
140,1,uncertain_to_control,0.01776820564975581,-0.013081411777740902
140,2,uncertain_to_control,-0.018087963290485454,-0.011688144847652916
140,3,uncertain_to_control,-0.05509481900676499,-0.011908290562646256
140,4,uncertain_to_control,0.009233305828198505,-0.0020936566632268326
140,5,uncertain_to_control,-0.01814943760877212,-0.0018842263518730517
140,6,uncertain_to_control,0.16227297530457332,0.00435059100348423
140,7,uncertain_to_control,0.11422452655086446,0.00941558795821353
140,8,uncertain_to_control,0.3683380816988371,0.03929207265623514
140,9,uncertain_to_control,0.4261905064047653,0.04365586691758603
140,10,uncertain_to_control,0.5025338589374883,0.0645992898410314
140,11,uncertain_to_control,0.7599070347212876,0.2009392256978808
140,12,uncertain_to_control,0.8906682668733136,0.3736459486067693
140,13,uncertain_to_control,0.9544146653255285,0.5399152017825103
140,14,uncertain_to_control,0.8863654825274258,0.5003069169771898
140,15,uncertain_to_control,0.9929239944142717,0.8327600135300092
140,16,uncertain_to_control,0.9814193303068313,0.8446836132113835
140,17,uncertain_to_control,0.9789003270296954,0.9375344075626694
140,18,uncertain_to_control,0.9879166110370945,0.9359384196918794
140,19,uncertain_to_control,0.9902933267233877,0.9452304572830825
140,20,uncertain_to_control,0.9887897895184692,0.9438988480000796
140,21,uncertain_to_control,0.9798862717512894,0.9807242621636532
140,22,uncertain_to_control,0.9806042826703136,0.9869810392401803
140,23,uncertain_to_control,0.9860043721994136,0.9859047190618039
140,24,uncertain_to_control,0.9923377087495736,0.9903483793206658
140,25,uncertain_to_control,1.0118813367845072,0.9581120571465209
140,26,uncertain_to_control,1.0086376356414875,0.9637777827447799
140,27,uncertain_to_control,1.0169354907956836,0.9664083261859763
140,28,uncertain_to_control,1.0091580016879982,0.965099362253261
140,29,uncertain_to_control,1.0080875582742723,0.9642871855898312
140,30,uncertain_to_control,0.9999718844279777,0.9929446021271702
140,31,uncertain_to_control,1.0,1.0
