pair,set,direction,logodds_rec,entropy_rec
0,direction,uncertain_to_control,0.9321359556306988,0.5652768797974749
0,hedgematched0,uncertain_to_control,0.01447981736909097,-0.005359186346373551
0,hedgematched1,uncertain_to_control,0.007368311061599346,-0.0027706217593568183
0,hedgematched2,uncertain_to_control,-0.01075377460907087,-0.005366916169220752
0,hedgematched3,uncertain_to_control,-0.005536365214859474,0.017229189247419535
0,hedgematched4,uncertain_to_control,0.015829272401348453,-0.007691457222801276
0,hedgematched5,uncertain_to_control,-0.004107408609985786,-0.01597053217656881
0,hedgematched6,uncertain_to_control,0.004758570513384642,-0.0021406128483263233
0,hedgematched7,uncertain_to_control,0.010243358975108195,-0.005942041448103878
0,hedgematched8,uncertain_to_control,0.020775720409629047,-0.00900601848920707
0,hedgematched9,uncertain_to_control,0.024578761435418588,0.009161673308203534
1,direction,uncertain_to_control,0.8955708228766525,0.31903437959432357
1,hedgematched0,uncertain_to_control,0.001053533141942758,-0.05915199963165103
1,hedgematched1,uncertain_to_control,0.007543184755746308,-0.08194305688957133
1,hedgematched2,uncertain_to_control,-0.010723325315841256,-0.0036701049473335926
1,hedgematched3,uncertain_to_control,0.0004881702730546123,-0.029610733303565596
1,hedgematched4,uncertain_to_control,0.0010649406627319417,-0.025530786585672725
1,hedgematched5,uncertain_to_control,-0.008777140883444449,0.02487265726306006
1,hedgematched6,uncertain_to_control,-0.009281987621868002,-0.017522007244910306
1,hedgematched7,uncertain_to_control,-0.006805583669382015,-0.05255437698161575
1,hedgematched8,uncertain_to_control,-0.002436503207124718,-0.01239577276723236
1,hedgematched9,uncertain_to_control,-0.005244799513333678,-0.04748810629009409
2,direction,uncertain_to_control,0.523611733121457,-0.04622396048598521
2,hedgematched0,uncertain_to_control,0.008805862452036331,0.005012087730246646
2,hedgematched1,uncertain_to_control,0.02097671547462408,0.004172851066640824
2,hedgematched2,uncertain_to_control,0.006276664881038485,0.0020927171794759424
2,hedgematched3,uncertain_to_control,0.012897439817222703,0.005967576723002935
2,hedgematched4,uncertain_to_control,0.021144576802578897,-0.0004986173391949588
2,hedgematched5,uncertain_to_control,-0.004871662165759661,-0.0012263277105489456
2,hedgematched6,uncertain_to_control,-0.0018857480377098602,0.005040969715941114
2,hedgematched7,uncertain_to_control,0.008424292458410471,0.0045308264548660614
2,hedgematched8,uncertain_to_control,0.0076375770787113495,-0.0018033365072750648
2,hedgematched9,uncertain_to_control,0.0101791290620975,0.006586611612990786
3,direction,uncertain_to_control,0.6993066021769219,0.015084237419188847
3,hedgematched0,uncertain_to_control,0.018883293080676336,0.004500854685861319
3,hedgematched1,uncertain_to_control,0.010262746964865548,-0.010331408890686851
3,hedgematched2,uncertain_to_control,-0.00010517779856972673,-8.09903188847175e-05
3,hedgematched3,uncertain_to_control,-1.561636930582963e-05,8.024156401059068e-05
3,hedgematched4,uncertain_to_control,0.0038154616741720043,-0.007607777381056544
3,hedgematched5,uncertain_to_control,-0.002521681674066516,-0.003332297912307398
3,hedgematched6,uncertain_to_control,-0.0014251746835694387,0.0015713779820856475
3,hedgematched7,uncertain_to_control,0.0018248399761679726,-0.0029210353839447417
3,hedgematched8,uncertain_to_control,0.008850241190170043,0.005093708098696732
3,hedgematched9,uncertain_to_control,0.0032857461537451208,-0.004027160262994088
4,direction,uncertain_to_control,1.0563793858791557,0.7948346677142435
4,hedgematched0,uncertain_to_control,0.002029877474011055,-0.0018716723850530825
4,hedgematched1,uncertain_to_control,0.0012688308424351567,0.032563277260205505
4,hedgematched2,uncertain_to_control,-0.008598264027058489,-0.00990172433647797
4,hedgematched3,uncertain_to_control,0.00784774443222282,0.02922261524501945
4,hedgematched4,uncertain_to_control,0.000798149592356648,0.03176820239576025
4,hedgematched5,uncertain_to_control,-0.00024625516006440094,0.0001637519366422931
4,hedgematched6,uncertain_to_control,-0.0088205911680293,0.027729981632014688
4,hedgematched7,uncertain_to_control,-0.00048065933091510725,0.028791755722946424
4,hedgematched8,uncertain_to_control,-0.00046687085027683037,0.01869720429299591
4,hedgematched9,uncertain_to_control,0.015801954018226434,0.06530476236367957
5,direction,uncertain_to_control,1.0738463023449152,0.2593186907062583
5,hedgematched0,uncertain_to_control,-0.0028955182674633546,-0.032025698105308704
5,hedgematched1,uncertain_to_control,0.012274867694389869,-0.00711115784194258
5,hedgematched2,uncertain_to_control,-0.006352848864906605,-0.004266956995895321
5,hedgematched3,uncertain_to_control,0.003778351387509354,-0.010026063145580877
5,hedgematched4,uncertain_to_control,-0.000898816696402346,-0.00043945101181785094
5,hedgematched5,uncertain_to_control,0.000922273113652569,-0.033106335911974316
5,hedgematched6,uncertain_to_control,0.005647910873917606,-0.009427926242250235
5,hedgematched7,uncertain_to_control,-0.004592475887114435,-0.008317067981936837
5,hedgematched8,uncertain_to_control,-0.004255782889062564,-0.03692622976291598
5,hedgematched9,uncertain_to_control,-0.003324168724292649,-0.023379968435021263
6,direction,uncertain_to_control,1.2849919000076178,0.0043666972687661605
6,hedgematched0,uncertain_to_control,-0.004251023884654081,0.0023011546805139396
6,hedgematched1,uncertain_to_control,0.0031776090480202016,-0.001152761687247676
6,hedgematched2,uncertain_to_control,-0.01761001104496983,-0.0038363505643970275
6,hedgematched3,uncertain_to_control,0.024118329208675394,-0.0022171936217917536
6,hedgematched4,uncertain_to_control,-0.0049742614487023095,0.001430793302431019
6,hedgematched5,uncertain_to_control,-0.005231341357844053,0.0013710618560336194
6,hedgematched6,uncertain_to_control,0.007160446932937549,-0.002157830363541896
6,hedgematched7,uncertain_to_control,-0.0016021840089886286,0.0010339289626284782
6,hedgematched8,uncertain_to_control,-0.011801674738831707,0.000463223172855697
6,hedgematched9,uncertain_to_control,0.0030976302882321206,0.002308893712153622
7,direction,uncertain_to_control,0.20359588983713747,-0.13188491202418418
7,hedgematched0,uncertain_to_control,0.016922083527124914,-0.022809188467710465
7,hedgematched1,uncertain_to_control,0.0035474221001945234,-0.03153436523174347
7,hedgematched2,uncertain_to_control,-0.0022438375159685143,-0.021819753543229
7,hedgematched3,uncertain_to_control,-0.019438067033278886,-0.04249312042275045
7,hedgematched4,uncertain_to_control,0.028044970581600496,-0.0492106135268115
7,hedgematched5,uncertain_to_control,-0.060311466940964426,0.0014895689698437376
7,hedgematched6,uncertain_to_control,0.01248220600869421,-0.04508336663943506
7,hedgematched7,uncertain_to_control,-0.023558882920960728,0.000793594012955089
7,hedgematched8,uncertain_to_control,0.018041709415457574,-0.003286944532845454
7,hedgematched9,uncertain_to_control,0.034560777007667534,-0.04959854077078477
8,direction,uncertain_to_control,0.4661562078563234,0.07671046158627262
8,hedgematched0,uncertain_to_control,0.012835735174406558,-0.00010049474261360061
8,hedgematched1,uncertain_to_control,0.04261265231776569,0.011450065517765118
8,hedgematched2,uncertain_to_control,0.011957909355049846,0.00712380942739533
8,hedgematched3,uncertain_to_control,-0.013343881370432988,-0.00042738320094641265
8,hedgematched4,uncertain_to_control,0.03252513026779856,-0.00412107236032138
8,hedgematched5,uncertain_to_control,-0.018769405186647208,0.014434632829759726
8,hedgematched6,uncertain_to_control,0.0114212425284838,-0.0037625798295312465
8,hedgematched7,uncertain_to_control,0.011621540086471939,-0.008046996935033711
8,hedgematched8,uncertain_to_control,0.00017678436639822682,0.012205355893054047
8,hedgematched9,uncertain_to_control,0.008738706683022365,0.0042555667497588745
9,direction,uncertain_to_control,0.9804097921290454,0.5465413477527041
9,hedgematched0,uncertain_to_control,-0.004105621005914645,-0.005805758220614947
9,hedgematched1,uncertain_to_control,-0.0007055193823973687,-0.012279194594348211
9,hedgematched2,uncertain_to_control,-0.012510310414437866,0.0008500085302776609
9,hedgematched3,uncertain_to_control,-0.01768425557728253,-0.004354472249416988
9,hedgematched4,uncertain_to_control,0.017197864460736064,-0.008087221662044513
9,hedgematched5,uncertain_to_control,-0.005690744246587615,-0.0009272125626821075
9,hedgematched6,uncertain_to_control,-0.015522426375788932,0.00017501828248425778
9,hedgematched7,uncertain_to_control,0.0013213148077755126,-0.010290364777927639
9,hedgematched8,uncertain_to_control,0.003849585013062926,-0.0032899631221697287
9,hedgematched9,uncertain_to_control,0.00115082110829268,0.00419607100175787
10,direction,uncertain_to_control,0.6972019100435187,0.7204486984409032
10,hedgematched0,uncertain_to_control,6.2589152580329e-05,0.0008682703155800262
10,hedgematched1,uncertain_to_control,-0.0236482517223352,0.006194154089721752
10,hedgematched2,uncertain_to_control,-0.01179426048599935,0.0008519257179515847
10,hedgematched3,uncertain_to_control,0.012236918571413928,5.428020693889826e-05
10,hedgematched4,uncertain_to_control,-0.0018230692379933306,-0.004783926212997834
10,hedgematched5,uncertain_to_control,0.002379570585187878,-0.0021808154930343764
10,hedgematched6,uncertain_to_control,-0.010228447449950362,-0.0037345499832294113
10,hedgematched7,uncertain_to_control,-0.02812638238246447,-0.0011707873686677575
10,hedgematched8,uncertain_to_control,8.190800912480848e-05,0.004440110464667867
10,hedgematched9,uncertain_to_control,-0.014118535772608385,-0.0017233947019289464
11,direction,uncertain_to_control,0.6877878305964297,0.09257606551596567
11,hedgematched0,uncertain_to_control,-0.0007191598909474041,-0.0008729806712793345
11,hedgematched1,uncertain_to_control,0.006403496055274407,0.000849711615208299
11,hedgematched2,uncertain_to_control,-0.01412231898469996,0.0013867368857478628
11,hedgematched3,uncertain_to_control,0.003581464226941047,0.0012110703787003177
11,hedgematched4,uncertain_to_control,0.004656606311639039,0.0013001090325813144
11,hedgematched5,uncertain_to_control,-0.007111500126925334,-4.492081142711509e-05
11,hedgematched6,uncertain_to_control,0.0008167175306950974,0.0026403778765927894
11,hedgematched7,uncertain_to_control,0.00936374848469112,-0.0018143576336843727
11,hedgematched8,uncertain_to_control,-0.0005252159724781476,0.003242392501506059
11,hedgematched9,uncertain_to_control,-0.0015833454327490119,0.004283737207283911
12,direction,uncertain_to_control,1.1058048956332853,0.261393527443062
12,hedgematched0,uncertain_to_control,-0.0006339590000426582,-0.0003146684971526507
12,hedgematched1,uncertain_to_control,0.008011598788846884,-0.002616804218639076
12,hedgematched2,uncertain_to_control,-0.0253552979079353,0.00807501800111925
12,hedgematched3,uncertain_to_control,-0.00220576340954216,-0.00013387915164194428
12,hedgematched4,uncertain_to_control,-0.00034242655515295475,0.0012612801104922007
12,hedgematched5,uncertain_to_control,0.012836085909258124,0.0017598137295105178
12,hedgematched6,uncertain_to_control,0.017908813804003193,-0.0010985862755728013
12,hedgematched7,uncertain_to_control,-0.014597845722001587,0.0014318567734350905
12,hedgematched8,uncertain_to_control,-0.010810563674444948,-0.0004530415974808839
12,hedgematched9,uncertain_to_control,0.010117896945550904,0.013815190228019088
13,direction,uncertain_to_control,1.0326105448149172,0.14341512885233976
13,hedgematched0,uncertain_to_control,0.01178913431271603,-0.005844136608561288
13,hedgematched1,uncertain_to_control,0.00960608249791072,-0.0010088362311194638
13,hedgematched2,uncertain_to_control,-0.003317825911989279,0.0002968429214900446
13,hedgematched3,uncertain_to_control,0.005302761746830132,-0.001388089394685966
13,hedgematched4,uncertain_to_control,0.0034428378505538914,0.009207175444503531
13,hedgematched5,uncertain_to_control,-0.003384032395763933,-0.0019648660224188055
13,hedgematched6,uncertain_to_control,0.010123348972664174,-0.0022760893822132014
13,hedgematched7,uncertain_to_control,-0.0017709101599160974,0.001596196962848895
13,hedgematched8,uncertain_to_control,0.012277199448618306,-0.0017050738027036567
13,hedgematched9,uncertain_to_control,0.007553631153760506,-0.0021325385106426586
14,direction,uncertain_to_control,1.0174815932050856,0.9158615555474369
14,hedgematched0,uncertain_to_control,0.0027729321999873545,0.00011396994888077046
14,hedgematched1,uncertain_to_control,0.011926050962963728,0.0003339792603768747
14,hedgematched2,uncertain_to_control,-0.012179702597145719,-0.0019215673840465425
14,hedgematched3,uncertain_to_control,0.008954815168883875,1.571827908464931e-05
14,hedgematched4,uncertain_to_control,0.010884761232887041,-0.0007534243334920807
14,hedgematched5,uncertain_to_control,-0.00938529480458409,0.00022519385849062592
14,hedgematched6,uncertain_to_control,-0.004709744923418774,-0.0007377961394061379
14,hedgematched7,uncertain_to_control,0.00821962176043451,-0.0014496602247018701
14,hedgematched8,uncertain_to_control,0.00401349330837126,-0.002272700070728839
14,hedgematched9,uncertain_to_control,0.009239205473123895,0.00274682518486925
15,direction,uncertain_to_control,0.7458185795119024,0.08204273008023333
15,hedgematched0,uncertain_to_control,-0.0017775214745011005,0.0006085159621236951
15,hedgematched1,uncertain_to_control,0.0035193643678738404,-0.0002750734136634571
15,hedgematched2,uncertain_to_control,-0.009544093265267338,1.9618142668614445e-05
15,hedgematched3,uncertain_to_control,-0.004645060009189055,0.00045813216063305355
15,hedgematched4,uncertain_to_control,0.011020604016534473,5.9838189805209715e-05
15,hedgematched5,uncertain_to_control,-0.011545297599413997,0.0013195638390172894
15,hedgematched6,uncertain_to_control,-0.009204200169946547,-0.00042660347332211036
15,hedgematched7,uncertain_to_control,-0.006378747798303884,-0.0005381989524377345
15,hedgematched8,uncertain_to_control,-0.03128254305276134,-0.00015087348649345117
15,hedgematched9,uncertain_to_control,-0.0010980265375830165,0.0005451950798769785
16,direction,uncertain_to_control,1.3183364294172728,0.26388741249099446
16,hedgematched0,uncertain_to_control,0.01101274347094202,0.002513359205275759
16,hedgematched1,uncertain_to_control,-0.011930751905894014,-0.02985126126577401
16,hedgematched2,uncertain_to_control,-0.011054379552117605,-0.0027848347073373553
16,hedgematched3,uncertain_to_control,0.0015230747113907253,-0.034693402178196185
16,hedgematched4,uncertain_to_control,-0.02465796175169517,-0.0034661279798025133
16,hedgematched5,uncertain_to_control,-0.009945842874735404,-0.008012282661358781
16,hedgematched6,uncertain_to_control,0.01234672897496621,0.007134540137438966
16,hedgematched7,uncertain_to_control,-0.002010523855291977,0.018469621566259396
16,hedgematched8,uncertain_to_control,0.04758793019893269,-0.016231856634607078
16,hedgematched9,uncertain_to_control,-0.0012442856517219517,-0.010403835254709982
17,direction,uncertain_to_control,0.8518589183421653,0.19555895068031656
17,hedgematched0,uncertain_to_control,0.015305345104046828,-0.004351999269676524
17,hedgematched1,uncertain_to_control,0.008092131067411377,-0.007037771443456974
17,hedgematched2,uncertain_to_control,0.006353324074129267,0.00030465041796388465
17,hedgematched3,uncertain_to_control,0.010749482895309399,-0.0010450961921917
17,hedgematched4,uncertain_to_control,0.004640697182301011,0.0025401471801764076
17,hedgematched5,uncertain_to_control,-0.005837256573339453,-0.007349233310843118
17,hedgematched6,uncertain_to_control,-0.010231794040331185,-0.0076551269328321995
17,hedgematched7,uncertain_to_control,-0.005628197256811774,0.0005331382314367981
17,hedgematched8,uncertain_to_control,0.005147084244848326,-9.65511505041899e-05
17,hedgematched9,uncertain_to_control,0.007321606332818712,-0.0013950973843589282
18,direction,uncertain_to_control,0.36474695532098417,0.4278966393038876
18,hedgematched0,uncertain_to_control,-0.0016378094181885266,-0.020347641307706436
18,hedgematched1,uncertain_to_control,0.0010926878773750215,-0.015721109124383577
18,hedgematched2,uncertain_to_control,-0.012200141981513066,-0.027650389575503084
18,hedgematched3,uncertain_to_control,-0.007295134690079525,-0.037767903675010414
18,hedgematched4,uncertain_to_control,0.0003831538225077608,0.003320833701555686
18,hedgematched5,uncertain_to_control,0.001466877448806741,-0.013644795802238211
18,hedgematched6,uncertain_to_control,-0.011916681496729763,-0.018523490997828785
18,hedgematched7,uncertain_to_control,0.0005926592359137236,-0.005785601003159056
18,hedgematched8,uncertain_to_control,-0.0019152937355878018,-0.0033554458535136416
18,hedgematched9,uncertain_to_control,0.014778790296727917,0.004790153265305921
19,direction,uncertain_to_control,0.8831669177850039,0.9058463688537013
19,hedgematched0,uncertain_to_control,0.020552921534566948,0.022418859669711678
19,hedgematched1,uncertain_to_control,-0.0012458823654023367,0.017228949920264594
19,hedgematched2,uncertain_to_control,0.01713485451907087,0.02863694706615289
19,hedgematched3,uncertain_to_control,0.020306161358316296,0.05487874719517805
19,hedgematched4,uncertain_to_control,-0.002625819554924744,0.029509342253326555
19,hedgematched5,uncertain_to_control,0.01883354429038989,-0.013212941143334616
19,hedgematched6,uncertain_to_control,0.01222447596148754,0.04464485220449281
19,hedgematched7,uncertain_to_control,-0.021090961328658737,0.043096282009841856
19,hedgematched8,uncertain_to_control,-0.0323662960354196,0.036303415679642057
19,hedgematched9,uncertain_to_control,-0.002596195093792037,0.021999594952192288
20,direction,uncertain_to_control,0.8273786052860546,0.20639627672504174
20,hedgematched0,uncertain_to_control,0.010430714719952409,0.009448218012013863
20,hedgematched1,uncertain_to_control,0.009119368767082402,-0.009932806435099566
20,hedgematched2,uncertain_to_control,-0.005057002600069797,-0.0005210919445717807
20,hedgematched3,uncertain_to_control,0.0014546465790524266,9.553945339015509e-05
20,hedgematched4,uncertain_to_control,0.0025789203756186358,5.191966950973694e-05
20,hedgematched5,uncertain_to_control,-0.0032697742080390465,0.005922102734125378
20,hedgematched6,uncertain_to_control,0.007308331935303388,-0.001093791314487016
20,hedgematched7,uncertain_to_control,-0.0014120204721491776,0.007495871424126254
20,hedgematched8,uncertain_to_control,0.011054152214391481,-0.009451856019625664
20,hedgematched9,uncertain_to_control,0.0038831892493194856,0.010695139674839527
21,direction,uncertain_to_control,0.6485719392093677,0.23476941143477686
21,hedgematched0,uncertain_to_control,0.003577903397086963,-0.00374845897141718
21,hedgematched1,uncertain_to_control,0.0021072984590415375,-0.004917237815045951
21,hedgematched2,uncertain_to_control,0.0021804065935008,-0.007886783883134433
21,hedgematched3,uncertain_to_control,0.007269341986319292,-0.008300673156730312
21,hedgematched4,uncertain_to_control,0.01138898536309873,-0.005525563212580522
21,hedgematched5,uncertain_to_control,-0.003326159017416229,-0.0034992878665033853
21,hedgematched6,uncertain_to_control,0.002787204109512678,-0.003963871833201891
21,hedgematched7,uncertain_to_control,0.010950031939116242,-0.008554179381334305
21,hedgematched8,uncertain_to_control,0.005516487429165072,-0.00012202215359726539
21,hedgematched9,uncertain_to_control,-0.0035363884207333103,-0.0020972479164208142
22,direction,uncertain_to_control,0.5340585050664587,0.10859229252564787
22,hedgematched0,uncertain_to_control,-0.019646339815474142,0.002835245809841825
22,hedgematched1,uncertain_to_control,0.01449065630597519,-7.456374315885024e-05
22,hedgematched2,uncertain_to_control,0.0009401675817567237,0.0009591608779070281
22,hedgematched3,uncertain_to_control,0.025611276644071337,0.019402045934802405
22,hedgematched4,uncertain_to_control,0.03794692701290263,-0.0036997468369352826
22,hedgematched5,uncertain_to_control,0.04031699269046061,-0.0003407680949700419
22,hedgematched6,uncertain_to_control,0.013865027970225152,0.011033941975850779
22,hedgematched7,uncertain_to_control,0.005941552436145754,-0.01503909070546732
22,hedgematched8,uncertain_to_control,0.023323248015441365,0.002918908982131226
22,hedgematched9,uncertain_to_control,0.021342858320291425,0.020014286472132905
23,direction,uncertain_to_control,0.5496333064454221,0.31479534088539624
23,hedgematched0,uncertain_to_control,0.018840948479238714,0.0015176352526835473
23,hedgematched1,uncertain_to_control,0.016847791384883667,0.00012618815104616863
23,hedgematched2,uncertain_to_control,-0.012632375930783677,-0.009923195701240789
23,hedgematched3,uncertain_to_control,-0.0013117123597741224,-0.009302678425030372
23,hedgematched4,uncertain_to_control,0.04726194094687697,-0.006383471029286671
23,hedgematched5,uncertain_to_control,-0.014786597432487468,-0.00011347907676567657
23,hedgematched6,uncertain_to_control,0.0008965559957690401,-0.0007695322639940556
23,hedgematched7,uncertain_to_control,0.0015966540692856752,-0.012747390756444247
23,hedgematched8,uncertain_to_control,-0.012166401175447327,-0.01378457059277146
23,hedgematched9,uncertain_to_control,0.01796711129371189,-0.014551278618036517
24,direction,uncertain_to_control,0.7433368779866509,0.4798610425850481
24,hedgematched0,uncertain_to_control,0.007620938885609562,-0.004379575944946278
24,hedgematched1,uncertain_to_control,0.010810820050964638,-0.009370646723118782
24,hedgematched2,uncertain_to_control,0.0014152314371081766,-0.0023120621844696836
24,hedgematched3,uncertain_to_control,-0.002215594607375623,-0.007482945229767644
24,hedgematched4,uncertain_to_control,-0.015535811802972328,-0.0047318896062810535
24,hedgematched5,uncertain_to_control,-0.0004249902135220788,-0.004876577777417399
24,hedgematched6,uncertain_to_control,-0.00036463423951012513,-0.001979381710070716
24,hedgematched7,uncertain_to_control,-0.015962730602446858,0.006581826507781723
24,hedgematched8,uncertain_to_control,-0.006102966415034414,0.0013633540256158243
24,hedgematched9,uncertain_to_control,0.007190601229219322,0.00027007871835259815
25,direction,uncertain_to_control,0.5907070161842657,0.404307689784938
25,hedgematched0,uncertain_to_control,-0.00216799925894814,-0.0023900732454135046
25,hedgematched1,uncertain_to_control,0.005722690698809457,-0.0014983781251654326
25,hedgematched2,uncertain_to_control,-0.004871437399299404,0.0021998417996509693
25,hedgematched3,uncertain_to_control,-0.0033697064805229796,0.015670325199198063
25,hedgematched4,uncertain_to_control,0.0005291003525890054,-0.0186087427550141
25,hedgematched5,uncertain_to_control,-0.009657304659608214,0.007373597097287302
25,hedgematched6,uncertain_to_control,-0.006546699444644794,-0.020234953573633307
25,hedgematched7,uncertain_to_control,-0.003462004356237329,0.0008083850993986897
25,hedgematched8,uncertain_to_control,-0.004468496010563325,-0.0027639927428240747
25,hedgematched9,uncertain_to_control,0.0050314018501609594,-0.016710685445366857
26,direction,uncertain_to_control,1.1962729516199564,0.3235457805540188
26,hedgematched0,uncertain_to_control,0.007828915526738651,0.002259670779132966
26,hedgematched1,uncertain_to_control,-0.015650451520745855,-0.004457057840663372
26,hedgematched2,uncertain_to_control,0.008581166644550489,0.002522676072678163
26,hedgematched3,uncertain_to_control,0.02042869896435753,0.0007867802500205606
26,hedgematched4,uncertain_to_control,0.015799118357231457,0.0019264952242411236
26,hedgematched5,uncertain_to_control,-0.0028306657635707253,0.0006652570777805858
26,hedgematched6,uncertain_to_control,-0.00637822238394844,-0.0052752225391902476
26,hedgematched7,uncertain_to_control,0.0013752066725581217,-0.004113075152245255
26,hedgematched8,uncertain_to_control,-0.01746458665055981,-0.005554961765721989
26,hedgematched9,uncertain_to_control,0.0142223581969457,-0.001194311927836127
27,direction,uncertain_to_control,1.3198836342675215,0.29428021138809557
27,hedgematched0,uncertain_to_control,-0.010911980003897193,0.0013817781053926475
27,hedgematched1,uncertain_to_control,-0.000988963266914008,-0.0011997613182657587
27,hedgematched2,uncertain_to_control,0.0011426889507439144,-0.0011099996719304878
27,hedgematched3,uncertain_to_control,-0.025971374036169174,-3.4131068433088185e-05
27,hedgematched4,uncertain_to_control,0.013745333533266806,-4.519549572918195e-05
27,hedgematched5,uncertain_to_control,-0.02227750641520568,-0.002630479834426983
27,hedgematched6,uncertain_to_control,0.008176712045285648,-0.00026640511387984424
27,hedgematched7,uncertain_to_control,-0.022432821816551925,-0.0013242979174834869
27,hedgematched8,uncertain_to_control,-0.0021666260030173633,6.91334579194355e-05
27,hedgematched9,uncertain_to_control,-0.007529220100881089,-1.986695083295229e-06
28,direction,uncertain_to_control,1.2936678236433752,0.2786309736213449
28,hedgematched0,uncertain_to_control,-0.0021575977213227934,-0.002175142949612659
28,hedgematched1,uncertain_to_control,0.03224673684764389,0.0020504966091386247
28,hedgematched2,uncertain_to_control,-0.00889700363805449,0.0007719125861980612
28,hedgematched3,uncertain_to_control,-0.012585734710785517,0.007837676890156903
28,hedgematched4,uncertain_to_control,-0.01058316550127746,0.0015638670065934728
28,hedgematched5,uncertain_to_control,-0.040250260167931255,-0.009633154580005358
28,hedgematched6,uncertain_to_control,0.0024251176630369115,0.005030791169075754
28,hedgematched7,uncertain_to_control,-0.00036509315331142994,0.008263029032006026
28,hedgematched8,uncertain_to_control,0.011387640503093729,0.01427115040374342
28,hedgematched9,uncertain_to_control,0.0009153536513586679,0.005013836135234692
29,direction,uncertain_to_control,1.3724762591625987,0.10187420815600165
29,hedgematched0,uncertain_to_control,0.022264104290711267,0.000847140250799136
29,hedgematched1,uncertain_to_control,0.006262164101931774,0.000135200615469189
29,hedgematched2,uncertain_to_control,-0.005141594978311246,-0.0003728731671585414
29,hedgematched3,uncertain_to_control,0.003603579818780946,0.000659788890470669
29,hedgematched4,uncertain_to_control,0.024605282781952256,0.0006675182919929191
29,hedgematched5,uncertain_to_control,-0.03162467457692966,-0.0008258355007176839
29,hedgematched6,uncertain_to_control,-0.00931830476301369,0.0007000167370264483
29,hedgematched7,uncertain_to_control,-0.0024304451705024653,0.000773898049763732
29,hedgematched8,uncertain_to_control,0.0063788974517352435,-9.58205544360235e-06
29,hedgematched9,uncertain_to_control,0.0055540685997263455,0.0009252212204304576
30,direction,uncertain_to_control,1.188348251777415,0.07390817011403487
30,hedgematched0,uncertain_to_control,0.02057184923397813,-8.897383098618991e-05
30,hedgematched1,uncertain_to_control,-0.0006528328187704949,-0.0007824926211086127
30,hedgematched2,uncertain_to_control,-0.0004954470028145911,0.0027033107407300402
30,hedgematched3,uncertain_to_control,-0.0003075994160285124,0.006081556181112619
30,hedgematched4,uncertain_to_control,0.010736081897034984,0.002517253354690605
30,hedgematched5,uncertain_to_control,0.010220407633695593,-0.001967548947471885
30,hedgematched6,uncertain_to_control,0.008905152179411771,0.000941394088210984
30,hedgematched7,uncertain_to_control,0.021743176850424144,-0.003217707873917604
30,hedgematched8,uncertain_to_control,0.029104368534239825,-0.0010411128872757514
30,hedgematched9,uncertain_to_control,0.009742931463936899,0.0006207144500378967
31,direction,uncertain_to_control,-0.5111534643242661,0.07451827048446355
31,hedgematched0,uncertain_to_control,-0.017517734467327822,0.0008765143155967587
31,hedgematched1,uncertain_to_control,-0.03634068238341127,-0.004474309881926629
31,hedgematched2,uncertain_to_control,-0.0021709408192863346,-0.0013336649379873194
31,hedgematched3,uncertain_to_control,-0.002162813337017792,0.004775440490210891
31,hedgematched4,uncertain_to_control,1.2040714471915335e-06,-0.0010044087934570612
31,hedgematched5,uncertain_to_control,-0.05782613328709699,-0.00046948112905147876
31,hedgematched6,uncertain_to_control,-0.004710929537136875,-0.0009327920126645386
31,hedgematched7,uncertain_to_control,-0.03943424294910811,-0.0028353076526808512
31,hedgematched8,uncertain_to_control,-0.03738130113164655,0.0041233114431950815
31,hedgematched9,uncertain_to_control,0.007848438710656214,0.005593713546275647
32,direction,uncertain_to_control,0.7050946473510199,0.1172187214070617
32,hedgematched0,uncertain_to_control,-0.005560890717787746,6.093866218256255e-05
32,hedgematched1,uncertain_to_control,0.013979173728874658,-0.0009018901210163442
32,hedgematched2,uncertain_to_control,-0.03876290303087027,0.0013165256570559331
32,hedgematched3,uncertain_to_control,0.010484183669055298,-1.5399708838679654e-05
32,hedgematched4,uncertain_to_control,-0.0055937930696373685,-0.0017562737647072223
32,hedgematched5,uncertain_to_control,-0.004624681168345473,0.004018260972141799
32,hedgematched6,uncertain_to_control,-0.025288537895513143,0.0021678111652302366
32,hedgematched7,uncertain_to_control,-0.03118920110730178,0.003542873909621991
32,hedgematched8,uncertain_to_control,-0.031215549205794904,0.005299984586775805
32,hedgematched9,uncertain_to_control,0.0264424797414583,0.0006395128707959438
33,direction,uncertain_to_control,0.6865111999556229,0.15144304222852098
33,hedgematched0,uncertain_to_control,0.010633184560302125,-0.006478691298046119
33,hedgematched1,uncertain_to_control,0.021060332857793643,-0.006251741213996651
33,hedgematched2,uncertain_to_control,-0.03980406422591512,-0.006155392259634313
33,hedgematched3,uncertain_to_control,-0.03170139905476046,-0.003164477315683958
33,hedgematched4,uncertain_to_control,-0.019794130793618702,-0.0004150537203393837
33,hedgematched5,uncertain_to_control,0.011211371145628016,0.002072635830776051
33,hedgematched6,uncertain_to_control,-0.011655826917545443,-0.004533692550225096
33,hedgematched7,uncertain_to_control,0.0328751632280528,-0.011066181296458871
33,hedgematched8,uncertain_to_control,-0.030406411882766653,5.012726091055359e-05
33,hedgematched9,uncertain_to_control,0.0010646206394791609,-0.0015229882354457045
34,direction,uncertain_to_control,1.9810103532983612,0.09610959387938216
34,hedgematched0,uncertain_to_control,0.0858066212751744,0.05055469882999731
34,hedgematched1,uncertain_to_control,0.1267247707679787,-0.10003236505011621
34,hedgematched2,uncertain_to_control,0.10795896569215795,-0.048316181231793966
34,hedgematched3,uncertain_to_control,0.021701669963220677,-0.034140835573504676
34,hedgematched4,uncertain_to_control,0.08666060948236001,-0.009262056789458382
34,hedgematched5,uncertain_to_control,0.07360251659805597,-0.038672054078063206
34,hedgematched6,uncertain_to_control,-0.08085817589016306,-0.007265803241901045
34,hedgematched7,uncertain_to_control,0.048741638655305085,-0.0724508871792036
34,hedgematched8,uncertain_to_control,0.10680236753648333,-0.01491133559401852
34,hedgematched9,uncertain_to_control,-0.012011670673631182,-0.027082456292131424
35,direction,uncertain_to_control,0.9754674975352167,0.58635313860546
35,hedgematched0,uncertain_to_control,0.0005510128648069133,0.0007927189649712108
35,hedgematched1,uncertain_to_control,0.03647946321536959,0.0009128386969949651
35,hedgematched2,uncertain_to_control,-0.00714939750319644,0.0009947615595458476
35,hedgematched3,uncertain_to_control,0.014164819164618946,-0.001193666519963935
35,hedgematched4,uncertain_to_control,0.003719467091737278,-0.00024385300460432746
35,hedgematched5,uncertain_to_control,0.024591563481698678,-0.00030947786656307244
35,hedgematched6,uncertain_to_control,-0.014574487516354357,0.0038925915031274307
35,hedgematched7,uncertain_to_control,0.019186978024538122,0.0015717227379547607
35,hedgematched8,uncertain_to_control,0.011245038986225645,0.000495978171211326
35,hedgematched9,uncertain_to_control,0.029548520765287873,-0.0037480379234074374
36,direction,uncertain_to_control,0.8297271741025899,0.2510779108809821
36,hedgematched0,uncertain_to_control,0.004766795185707105,3.608275637750737e-05
36,hedgematched1,uncertain_to_control,0.01919486275673129,-0.011462384383149003
36,hedgematched2,uncertain_to_control,-0.03449085849014007,-0.002348808800343397
36,hedgematched3,uncertain_to_control,-3.575096389280329e-05,0.0004807652268142646
36,hedgematched4,uncertain_to_control,0.008352106136099664,-0.0031210308267741495
36,hedgematched5,uncertain_to_control,0.020255010387318747,-0.00567733570553752
36,hedgematched6,uncertain_to_control,-0.024685653652787024,-0.0035380583573135006
36,hedgematched7,uncertain_to_control,0.0016657472916807004,-0.0028234803548282533
36,hedgematched8,uncertain_to_control,-0.01645209833202021,-0.00038556949177241575
36,hedgematched9,uncertain_to_control,0.018490677104297287,-5.601945961662348e-06
37,direction,uncertain_to_control,1.0191678682103742,0.7789783147392407
37,hedgematched0,uncertain_to_control,0.0313570171364977,-0.005168661579699255
37,hedgematched1,uncertain_to_control,0.013362100721217214,-0.00670345733442507
37,hedgematched2,uncertain_to_control,0.01253059852682651,-0.004153555666308526
37,hedgematched3,uncertain_to_control,0.0070469033900661246,-0.0033147070408693327
37,hedgematched4,uncertain_to_control,0.022982673036512687,-0.007700019409107762
37,hedgematched5,uncertain_to_control,0.003487838561200294,-0.00985452284226089
37,hedgematched6,uncertain_to_control,0.0010988817674378371,-0.0060085174839997054
37,hedgematched7,uncertain_to_control,0.014237449726622078,0.0024901254471698915
37,hedgematched8,uncertain_to_control,0.01232115229683881,-0.001646752323239155
37,hedgematched9,uncertain_to_control,-0.006545674158276803,-0.0017433850428468355
38,direction,uncertain_to_control,0.8868457836855171,0.523603070516931
38,hedgematched0,uncertain_to_control,0.00042175014981572485,0.0008537597482044458
38,hedgematched1,uncertain_to_control,0.015283541996243277,0.0028929800570159417
38,hedgematched2,uncertain_to_control,-0.026218741029940842,-0.0060324631895573005
38,hedgematched3,uncertain_to_control,-0.011485902214395115,-0.0027909091281770244
38,hedgematched4,uncertain_to_control,0.022305816878782712,0.00127223273264968
38,hedgematched5,uncertain_to_control,0.00018326797554892266,-0.000324407909890976
38,hedgematched6,uncertain_to_control,0.011581402994587929,-0.0032544466059425837
38,hedgematched7,uncertain_to_control,0.011342201417080503,-0.0028012172225620954
38,hedgematched8,uncertain_to_control,0.00798043007364531,-0.0007839795934190512
38,hedgematched9,uncertain_to_control,0.011519714166704435,0.00034523204292825216
39,direction,uncertain_to_control,0.9894177089445158,0.5982961732826658
39,hedgematched0,uncertain_to_control,0.01796259127797884,-0.0015832538711861913
39,hedgematched1,uncertain_to_control,-0.058241450223366,-0.042481126937945944
39,hedgematched2,uncertain_to_control,-0.0863960229814278,-0.06261168014421685
39,hedgematched3,uncertain_to_control,-0.013227682280017892,-0.06551092556396734
39,hedgematched4,uncertain_to_control,0.09124784331267173,-0.07369360166085513
39,hedgematched5,uncertain_to_control,-0.013495634342014302,0.05296382044592061
39,hedgematched6,uncertain_to_control,-0.01720048913959068,0.0727815516059054
39,hedgematched7,uncertain_to_control,-0.02184898541295116,0.07131711663845386
39,hedgematched8,uncertain_to_control,-0.1376496610297492,0.13275290673175932
39,hedgematched9,uncertain_to_control,-0.13739405364269572,-0.010392964380851912
40,direction,uncertain_to_control,0.8937371873217853,1.174148456636747
40,hedgematched0,uncertain_to_control,0.014344770020174511,0.02730368604299739
40,hedgematched1,uncertain_to_control,0.011543740064999315,0.005490240167868685
40,hedgematched2,uncertain_to_control,-0.0043464694787910645,0.0018812885249015845
40,hedgematched3,uncertain_to_control,0.004867618689266751,-0.022619105676673818
40,hedgematched4,uncertain_to_control,0.01545683854726875,0.022804413075728034
40,hedgematched5,uncertain_to_control,-0.007635256725937774,-0.015042127865814721
40,hedgematched6,uncertain_to_control,0.008789494992931591,0.0035255803370876164
40,hedgematched7,uncertain_to_control,-0.0035918483177983995,-0.005458343139504261
40,hedgematched8,uncertain_to_control,-0.004544920636730495,-0.008902433736992317
40,hedgematched9,uncertain_to_control,0.004764004199599333,-0.009769334041029237
41,direction,uncertain_to_control,0.7018658785665355,0.5659633862113138
41,hedgematched0,uncertain_to_control,0.011312070299625467,0.014462985502327174
41,hedgematched1,uncertain_to_control,0.006874719809267652,-0.0013539106050028404
41,hedgematched2,uncertain_to_control,0.002103052024305804,-0.004805274830544277
41,hedgematched3,uncertain_to_control,-0.013299941087847439,0.0025838946458052177
41,hedgematched4,uncertain_to_control,0.016475159813965065,-0.0020579863533452375
41,hedgematched5,uncertain_to_control,0.00029285912137048167,0.00551185513794125
41,hedgematched6,uncertain_to_control,-0.0077773411459154,-0.0002862154430702064
41,hedgematched7,uncertain_to_control,-0.02937448588881793,0.0032752593477039637
41,hedgematched8,uncertain_to_control,-0.017990725656372827,0.0007400972006273347
41,hedgematched9,uncertain_to_control,0.004564907300541215,-0.0013847919818424379
42,direction,uncertain_to_control,0.7627567699018614,0.3570310075960186
42,hedgematched0,uncertain_to_control,0.0020913153422475786,0.005002053813457189
42,hedgematched1,uncertain_to_control,0.02193662833099844,-0.0022780444387584123
42,hedgematched2,uncertain_to_control,-0.0024301924390053675,0.0010948107557011357
42,hedgematched3,uncertain_to_control,-1.2035328645297509e-05,0.0004920380072406782
42,hedgematched4,uncertain_to_control,0.028293169750404985,-0.0027378546520516593
42,hedgematched5,uncertain_to_control,0.0026624034858087546,0.0013832088103307874
42,hedgematched6,uncertain_to_control,-0.0014009358529962481,0.00014443602164311892
42,hedgematched7,uncertain_to_control,0.01257632846724544,-0.0035887398540323766
42,hedgematched8,uncertain_to_control,0.009252571873035778,-0.0012051127246692492
42,hedgematched9,uncertain_to_control,-0.0013196383879314445,0.0003437997722436419
43,direction,uncertain_to_control,0.9253581541028694,1.0361596635325927
43,hedgematched0,uncertain_to_control,0.030702931828735187,0.004223810275540518
43,hedgematched1,uncertain_to_control,0.025923432931696473,-0.02266457550042916
43,hedgematched2,uncertain_to_control,0.016170688575994945,0.040850617669501536
43,hedgematched3,uncertain_to_control,0.00913897526657132,-0.016234649417348337
43,hedgematched4,uncertain_to_control,-0.00759811815609038,-0.015204475530206686
43,hedgematched5,uncertain_to_control,-0.00639828359134632,0.01875030089091156
43,hedgematched6,uncertain_to_control,0.030410524656394763,0.02498510365591174
43,hedgematched7,uncertain_to_control,-0.011509868384600509,-0.04264077996605001
43,hedgematched8,uncertain_to_control,-0.05163846319655374,-0.006900261362801699
43,hedgematched9,uncertain_to_control,0.010649805234660331,0.022980302518056207
44,direction,uncertain_to_control,0.9767224793134313,0.7060164811349754
44,hedgematched0,uncertain_to_control,0.00013244578404968658,-0.003587726777389256
44,hedgematched1,uncertain_to_control,-0.0004940098384032073,-0.025243312894704075
44,hedgematched2,uncertain_to_control,0.005429829357886718,0.0016439924491446934
44,hedgematched3,uncertain_to_control,-0.0015497947886415054,-0.004777438032753159
44,hedgematched4,uncertain_to_control,0.022965064066045766,0.016813153034246638
44,hedgematched5,uncertain_to_control,0.01156721374769327,-0.024798811141930437
44,hedgematched6,uncertain_to_control,0.006650499855961479,-0.0036655598593144907
44,hedgematched7,uncertain_to_control,-0.025913351002722053,-0.043399790872891975
44,hedgematched8,uncertain_to_control,-0.0015368586865179446,-0.02304048374668978
44,hedgematched9,uncertain_to_control,-0.0006726275561862181,0.017715598240602096
45,direction,uncertain_to_control,1.0758630452850682,0.6431973956865212
45,hedgematched0,uncertain_to_control,-0.026549835213975935,0.0023768947739502984
45,hedgematched1,uncertain_to_control,-0.010896831513579478,0.003958586697157875
45,hedgematched2,uncertain_to_control,-0.027773874653021967,0.005528930817063237
45,hedgematched3,uncertain_to_control,-0.005892127857936251,0.005615195938688894
45,hedgematched4,uncertain_to_control,-0.025614900225592804,-0.00150119214015531
45,hedgematched5,uncertain_to_control,0.0021457135610712954,-9.915933182401667e-05
45,hedgematched6,uncertain_to_control,0.0009091158181234417,-0.0021817940483039957
45,hedgematched7,uncertain_to_control,-0.014960716220270192,0.0014286938898810258
45,hedgematched8,uncertain_to_control,-0.008288656215815945,0.004269337483769666
45,hedgematched9,uncertain_to_control,-0.029817453197045585,0.006107967158590999
46,direction,uncertain_to_control,0.8091139700752122,0.7143915729140922
46,hedgematched0,uncertain_to_control,1.3521538729472953e-06,0.004731008404776643
46,hedgematched1,uncertain_to_control,0.01164817461030024,0.0012376028200530023
46,hedgematched2,uncertain_to_control,0.011450760144849935,0.0037591885616750907
46,hedgematched3,uncertain_to_control,0.023169427043726494,0.01641520339727697
46,hedgematched4,uncertain_to_control,0.011974945129595837,-0.004782248696571358
46,hedgematched5,uncertain_to_control,-3.623772379498751e-05,0.0025430697664047736
46,hedgematched6,uncertain_to_control,0.023463836013662885,0.005329744172081365
46,hedgematched7,uncertain_to_control,0.011590302424538096,0.0019581607445049746
46,hedgematched8,uncertain_to_control,-3.749973407640499e-05,-0.0003155949679295881
46,hedgematched9,uncertain_to_control,0.01165223107191908,0.002002100832126072
47,direction,uncertain_to_control,0.8549633443654434,0.7172980705141905
47,hedgematched0,uncertain_to_control,-7.986737121281727e-05,-0.008337396596036844
47,hedgematched1,uncertain_to_control,-0.01099954047277426,-0.00038363200418587004
47,hedgematched2,uncertain_to_control,0.00011868463120012201,0.0026276497006268848
47,hedgematched3,uncertain_to_control,0.011394669263043262,0.004400859829197223
47,hedgematched4,uncertain_to_control,0.00011482008098014697,4.577934629258002e-05
47,hedgematched5,uncertain_to_control,-0.01096956873884601,0.0055542540448523595
47,hedgematched6,uncertain_to_control,-0.011067642435539598,0.0007853827449166166
47,hedgematched7,uncertain_to_control,8.278725360124285e-05,-0.003032980898504628
47,hedgematched8,uncertain_to_control,-0.022134683718822754,7.547820116678531e-05
47,hedgematched9,uncertain_to_control,0.011336872767531191,2.3223368144876588e-05
48,direction,uncertain_to_control,0.48385640358530474,0.19792273890428547
48,hedgematched0,uncertain_to_control,0.016550487206650855,0.007733465146273362
48,hedgematched1,uncertain_to_control,0.000698432985588785,-0.008957843868028906
48,hedgematched2,uncertain_to_control,0.0032303162037424695,-0.0012488549434260178
48,hedgematched3,uncertain_to_control,0.013410709469328406,-0.0019362055367543277
48,hedgematched4,uncertain_to_control,0.0012276386535745082,-0.005111463667169101
48,hedgematched5,uncertain_to_control,0.005565662444176625,-0.002035461741316608
48,hedgematched6,uncertain_to_control,0.000639971797915736,0.0023980893771558577
48,hedgematched7,uncertain_to_control,0.002831039715327806,-0.007910945288074645
48,hedgematched8,uncertain_to_control,-0.008769039288278782,0.0043731272995199515
48,hedgematched9,uncertain_to_control,-0.004350382568993806,0.0034869169363580155
49,direction,uncertain_to_control,0.7612397239727094,-0.1518423944072316
49,hedgematched0,uncertain_to_control,-0.0118717410703716,0.0335777752519215
49,hedgematched1,uncertain_to_control,-0.011499018518341626,0.09373034568085109
49,hedgematched2,uncertain_to_control,0.006145759271854455,-0.016300134436522836
49,hedgematched3,uncertain_to_control,-0.0001526869010509713,-0.03303663231937624
49,hedgematched4,uncertain_to_control,0.0026157481373814888,0.018208048684573246
49,hedgematched5,uncertain_to_control,-0.01938030898729298,0.00951455219834417
49,hedgematched6,uncertain_to_control,-0.017324611050747916,0.030283753823079445
49,hedgematched7,uncertain_to_control,-0.0037976963977078976,0.018292381799724856
49,hedgematched8,uncertain_to_control,-0.012116530732085743,0.02656251428959639
49,hedgematched9,uncertain_to_control,0.000507048370043172,0.050398802221534145
50,direction,uncertain_to_control,0.7814084449463695,0.7248282820640171
50,hedgematched0,uncertain_to_control,0.0026588227987372555,0.0007331688840342671
50,hedgematched1,uncertain_to_control,0.004599087336668524,-0.01650074287970379
50,hedgematched2,uncertain_to_control,0.006638880841577951,-0.007126697698945349
50,hedgematched3,uncertain_to_control,0.006690846597638428,-0.007384243621539492
50,hedgematched4,uncertain_to_control,-0.0010599913600051573,-0.0011644137578112627
50,hedgematched5,uncertain_to_control,0.003311893200544186,-0.01355093693152903
50,hedgematched6,uncertain_to_control,0.0014274466456733398,-0.017905898897033378
50,hedgematched7,uncertain_to_control,0.01437965583889515,0.007700680067396038
50,hedgematched8,uncertain_to_control,0.0023712422606597607,0.0038902332926222722
50,hedgematched9,uncertain_to_control,0.012345286898536664,-0.012118162657434324
51,direction,uncertain_to_control,1.1052315237649966,0.9001505242045805
51,hedgematched0,uncertain_to_control,0.009688040963070932,0.0036750110450221654
51,hedgematched1,uncertain_to_control,0.01799961191015261,0.0024033250359261045
51,hedgematched2,uncertain_to_control,-0.01268909354605307,-0.0007742345485570364
51,hedgematched3,uncertain_to_control,0.0012925953646207064,-0.00242916224984394
51,hedgematched4,uncertain_to_control,0.03252054061083331,-0.0014550219282136374
51,hedgematched5,uncertain_to_control,-0.0023516026183415667,-0.0027220974644069943
51,hedgematched6,uncertain_to_control,0.012644003938038578,0.00026726818588659364
51,hedgematched7,uncertain_to_control,0.007814308385067009,-0.011096170565961232
51,hedgematched8,uncertain_to_control,-0.010966351301435721,0.0012556267108644959
51,hedgematched9,uncertain_to_control,0.006140725783877848,-0.012709255904948263
52,direction,uncertain_to_control,0.5063783547962265,0.19192893944199124
52,hedgematched0,uncertain_to_control,0.020353528848341153,-0.001490213041368477
52,hedgematched1,uncertain_to_control,0.015565474224171974,-0.0065548877571770005
52,hedgematched2,uncertain_to_control,0.009764248969952994,-0.004941778046319582
52,hedgematched3,uncertain_to_control,0.005045660314549487,-0.0031046805478640743
52,hedgematched4,uncertain_to_control,0.02383636823812019,-0.0038792867952111196
52,hedgematched5,uncertain_to_control,0.014905318799458153,-0.004972215298542083
52,hedgematched6,uncertain_to_control,0.010341215139503415,-0.0013951996751635578
52,hedgematched7,uncertain_to_control,0.016393184440903836,0.004181170025432806
52,hedgematched8,uncertain_to_control,0.007938855832105915,-0.0029922259734020767
52,hedgematched9,uncertain_to_control,0.02370913376851835,-0.011748359087807027
53,direction,uncertain_to_control,0.716824414620863,0.242762581849993
53,hedgematched0,uncertain_to_control,0.0036524470804564792,-0.012406677747117864
53,hedgematched1,uncertain_to_control,0.008329512346402234,-0.009332722936639363
53,hedgematched2,uncertain_to_control,-0.00018705391103054212,-0.001651490211138371
53,hedgematched3,uncertain_to_control,0.010564030005608242,-0.02434750777863521
53,hedgematched4,uncertain_to_control,0.012161163151189869,-0.024449193940304904
53,hedgematched5,uncertain_to_control,-0.0010535288193015326,-0.005077067786780249
53,hedgematched6,uncertain_to_control,-0.00014003720144389412,0.0001707031678581411
53,hedgematched7,uncertain_to_control,0.0018737889187777478,-0.010832030307608787
53,hedgematched8,uncertain_to_control,-0.010729263774038876,-0.022426418972278327
53,hedgematched9,uncertain_to_control,-0.0010071451892874157,0.0012515174861752291
54,direction,uncertain_to_control,1.5182342524246135,0.2469905962992332
54,hedgematched0,uncertain_to_control,0.04103867612606152,-0.06659040404732657
54,hedgematched1,uncertain_to_control,-0.013445249890584371,0.03567730411116336
54,hedgematched2,uncertain_to_control,0.010465742794199318,0.006782369838051662
54,hedgematched3,uncertain_to_control,0.09632574963497476,-0.030641289834429524
54,hedgematched4,uncertain_to_control,0.11162761724022523,-0.05748469073979909
54,hedgematched5,uncertain_to_control,-0.045746536397706504,-0.0031514692313436518
54,hedgematched6,uncertain_to_control,-0.08313197179835159,0.023656878731724628
54,hedgematched7,uncertain_to_control,-0.056616611315231026,-0.0745662966109572
54,hedgematched8,uncertain_to_control,0.02081241563963089,0.12157701090228895
54,hedgematched9,uncertain_to_control,0.09264630432623878,-0.0380416924788894
55,direction,uncertain_to_control,0.9781554561642759,0.980077544954213
55,hedgematched0,uncertain_to_control,0.013423457623098569,-0.0005680250406923169
55,hedgematched1,uncertain_to_control,0.024700725917743655,0.0004500581499899534
55,hedgematched2,uncertain_to_control,0.013389041612944026,-0.0006748241920132307
55,hedgematched3,uncertain_to_control,0.011556930885976464,0.0030729491780717554
55,hedgematched4,uncertain_to_control,0.036595401830324906,0.0005059803186151581
55,hedgematched5,uncertain_to_control,0.0028429184811287135,0.001490154579779757
55,hedgematched6,uncertain_to_control,0.022233176010844596,-0.001026904015947229
55,hedgematched7,uncertain_to_control,0.0234910508404225,0.002082664010671661
55,hedgematched8,uncertain_to_control,0.0010700171620592702,-0.00020170455343443286
55,hedgematched9,uncertain_to_control,0.013237853900829356,-0.0021125235912670824
56,direction,uncertain_to_control,0.44707016364474644,0.20232032053921695
56,hedgematched0,uncertain_to_control,0.006980530730441055,0.0015562601347865997
56,hedgematched1,uncertain_to_control,0.006979699863247049,0.004702452805732178
56,hedgematched2,uncertain_to_control,0.00016435591681430355,-0.0013758840796445429
56,hedgematched3,uncertain_to_control,4.668435046320976e-05,-0.0021529946062434253
56,hedgematched4,uncertain_to_control,8.422916179235398e-05,0.0009736614586685877
56,hedgematched5,uncertain_to_control,0.006770217471958297,0.003362528205458302
56,hedgematched6,uncertain_to_control,0.0068487344217918605,0.0003807020436667669
56,hedgematched7,uncertain_to_control,0.0067959224257728565,0.0019554241333793027
56,hedgematched8,uncertain_to_control,-6.153610155606625e-05,0.0032372900186846006
56,hedgematched9,uncertain_to_control,2.1550617844529534e-05,0.003871775054691475
57,direction,uncertain_to_control,0.4273436479275355,0.4480126273095818
57,hedgematched0,uncertain_to_control,-0.008143890128533102,0.00014917611716619485
57,hedgematched1,uncertain_to_control,-0.0014851389399285475,-0.008711034690060985
57,hedgematched2,uncertain_to_control,-0.003986783941000216,-0.004902426560237132
57,hedgematched3,uncertain_to_control,-0.0013514764353349782,-0.005169412177415257
57,hedgematched4,uncertain_to_control,0.004516006541321598,-0.0016730526317260655
57,hedgematched5,uncertain_to_control,-0.0012788477137544193,0.008197788184289158
57,hedgematched6,uncertain_to_control,-0.003637603599542597,0.01166229194533823
57,hedgematched7,uncertain_to_control,-0.008987014852968284,-0.0010653968011840648
57,hedgematched8,uncertain_to_control,-0.006328369449675598,-0.0006953565726490087
57,hedgematched9,uncertain_to_control,-0.0031492839952743964,0.004003566330462186
58,direction,uncertain_to_control,0.6174747212259991,0.3991859671343077
58,hedgematched0,uncertain_to_control,0.005171942880028145,0.02497940610641883
58,hedgematched1,uncertain_to_control,0.026875896605093503,0.0022113451712235666
58,hedgematched2,uncertain_to_control,-0.0014686880863896388,-0.0010418034618534982
58,hedgematched3,uncertain_to_control,0.0018919385883320089,-0.005186932897123172
58,hedgematched4,uncertain_to_control,0.005631524481156695,0.043511848878662183
58,hedgematched5,uncertain_to_control,0.001646941794007226,0.022962805296831527
58,hedgematched6,uncertain_to_control,-0.0022986563990716794,-0.017152955742228592
58,hedgematched7,uncertain_to_control,0.0062554124578182504,0.015525377588774408
58,hedgematched8,uncertain_to_control,-0.005976261708827807,7.374616198192112e-05
58,hedgematched9,uncertain_to_control,0.003857627947296638,0.01738369482755462
59,direction,uncertain_to_control,0.5892300434923087,-0.0466681933085867
59,hedgematched0,uncertain_to_control,0.01088935631996288,4.224961979528078e-05
59,hedgematched1,uncertain_to_control,0.009332107117604143,-0.0018130341185333613
59,hedgematched2,uncertain_to_control,-0.01113337305540343,-0.0015771490455680128
59,hedgematched3,uncertain_to_control,0.007053125129728183,0.0014195361970846933
59,hedgematched4,uncertain_to_control,-0.00967044065266252,0.005689131762499539
59,hedgematched5,uncertain_to_control,0.018406765385890277,0.022858447580257273
59,hedgematched6,uncertain_to_control,0.002029319871240535,0.00016009249214369556
59,hedgematched7,uncertain_to_control,5.0613762436811275e-05,-0.0006164585494832466
59,hedgematched8,uncertain_to_control,-0.004229071854071178,-0.0011542940567318709
59,hedgematched9,uncertain_to_control,-0.005176035882432211,0.008574966568463476
60,direction,uncertain_to_control,0.8787048394628166,0.5781150179151259
60,hedgematched0,uncertain_to_control,0.018356342494587816,-0.013275775781017522
60,hedgematched1,uncertain_to_control,-0.00725756432831198,0.009349794526583076
60,hedgematched2,uncertain_to_control,-0.002591699127411143,-0.00362403573278304
60,hedgematched3,uncertain_to_control,-0.0019212065464933184,-0.007696185256044775
60,hedgematched4,uncertain_to_control,-0.00468200063211642,-0.02625835972880218
60,hedgematched5,uncertain_to_control,-0.006548041447561865,-0.012368446812554258
60,hedgematched6,uncertain_to_control,0.02155639098810001,-0.000613246929628514
60,hedgematched7,uncertain_to_control,0.011574228271216102,0.0022131296738412353
60,hedgematched8,uncertain_to_control,0.00197419181386341,-0.00393940415850994
60,hedgematched9,uncertain_to_control,-0.00038692327962233495,0.010225468831143987
61,direction,uncertain_to_control,0.7135586571673538,0.8862297282363116
61,hedgematched0,uncertain_to_control,-0.030308403144471065,-0.052929141918747584
61,hedgematched1,uncertain_to_control,-0.0002445773413365198,0.05432470916138688
61,hedgematched2,uncertain_to_control,0.029220774221714037,0.015740662622160638
61,hedgematched3,uncertain_to_control,0.02999524939604794,0.04158155220930092
61,hedgematched4,uncertain_to_control,0.0215209110073661,-0.021170394731228375
61,hedgematched5,uncertain_to_control,-0.026048730465939376,0.03853211468850675
61,hedgematched6,uncertain_to_control,0.00110421043742391,0.060087147936852305
61,hedgematched7,uncertain_to_control,0.042412671972514485,-0.050416672576575325
61,hedgematched8,uncertain_to_control,-0.0244140299985657,-0.026936977506388494
61,hedgematched9,uncertain_to_control,0.026309770882552302,-0.04292507458304723
62,direction,uncertain_to_control,0.9346870593988419,0.7370535365003639
62,hedgematched0,uncertain_to_control,0.0024584836519378904,-0.007177712155603109
62,hedgematched1,uncertain_to_control,-0.0022806490240242245,-0.0001455484657618547
62,hedgematched2,uncertain_to_control,-0.006312358160126973,-0.00740734873994187
62,hedgematched3,uncertain_to_control,0.005633644413433122,-0.007700571146049535
62,hedgematched4,uncertain_to_control,0.005686081308388319,0.00013341619477898734
62,hedgematched5,uncertain_to_control,0.005809343602185717,-0.007797714643184093
62,hedgematched6,uncertain_to_control,0.010585609192448683,-0.00690026790753838
62,hedgematched7,uncertain_to_control,0.011865330427475177,-0.007101722560623461
62,hedgematched8,uncertain_to_control,0.001657100788991384,0.006788595162609123
62,hedgematched9,uncertain_to_control,0.0014157961637903192,0.0002129198043080205
63,direction,uncertain_to_control,0.6513579960256468,0.06426698447152238
63,hedgematched0,uncertain_to_control,-0.002158888401247159,0.0026273874781517796
63,hedgematched1,uncertain_to_control,-0.008834218670413998,-0.005038288606133453
63,hedgematched2,uncertain_to_control,-0.015471814410277677,0.0036059981388570405
63,hedgematched3,uncertain_to_control,-0.014810474053500989,-0.0034599795887328834
63,hedgematched4,uncertain_to_control,-0.002180450989420395,-0.00377957721098597
63,hedgematched5,uncertain_to_control,-0.002092096969588599,0.009581760593396152
63,hedgematched6,uncertain_to_control,-0.004685129676616399,0.0008984909667778305
63,hedgematched7,uncertain_to_control,-0.002112213286603874,0.005389868835331094
63,hedgematched8,uncertain_to_control,-0.011555180635323254,-0.003001877697221949
63,hedgematched9,uncertain_to_control,0.013834635459465883,0.004289006291345933
64,direction,uncertain_to_control,1.665258842938124,0.5645287735948751
64,hedgematched0,uncertain_to_control,0.029107702463909105,-0.038909223939934234
64,hedgematched1,uncertain_to_control,0.021143223782566903,-0.04566926963551391
64,hedgematched2,uncertain_to_control,-0.01320936748341395,0.002915675183129851
64,hedgematched3,uncertain_to_control,-0.054909718770488794,-0.05914387679886036
64,hedgematched4,uncertain_to_control,0.008481110502961346,0.07010868061312957
64,hedgematched5,uncertain_to_control,-0.01975723864763824,0.06540381387701456
64,hedgematched6,uncertain_to_control,-0.03215116432743901,-0.05488480996744092
64,hedgematched7,uncertain_to_control,0.007715309192581261,0.04210869891576495
64,hedgematched8,uncertain_to_control,-0.03953381774718548,0.00722398481927128
64,hedgematched9,uncertain_to_control,0.007903798013477716,0.004256561113480044
65,direction,uncertain_to_control,0.7370947293524522,0.6607122481954215
65,hedgematched0,uncertain_to_control,0.05216858287190181,-0.03410993507071876
65,hedgematched1,uncertain_to_control,0.013351787391462427,-0.033820222157077966
65,hedgematched2,uncertain_to_control,-0.04350630215509781,0.16912202400254764
65,hedgematched3,uncertain_to_control,0.035365237863412065,0.0017664500203010674
65,hedgematched4,uncertain_to_control,0.01727192509416552,0.10965684983413475
65,hedgematched5,uncertain_to_control,0.013698761748986836,-0.0016253142501023246
65,hedgematched6,uncertain_to_control,0.017279542608739335,0.07051131245752786
65,hedgematched7,uncertain_to_control,0.03451694869542171,0.04481618237891008
65,hedgematched8,uncertain_to_control,0.018001353584301386,0.07398431740829395
65,hedgematched9,uncertain_to_control,0.050427946478656345,-0.0013170092815998143
66,direction,uncertain_to_control,2.0,0.03930585430492798
66,hedgematched0,uncertain_to_control,-0.010658326143931151,0.0003092385331032434
66,hedgematched1,uncertain_to_control,-0.007873436049961515,-0.001356237365934529
66,hedgematched2,uncertain_to_control,0.02526642958643729,-0.0002549026486366616
66,hedgematched3,uncertain_to_control,0.028667717394054604,0.000582694232053111
66,hedgematched4,uncertain_to_control,0.05283651503489683,0.0011623311423563953
66,hedgematched5,uncertain_to_control,-0.0809015469525777,0.0014746945513537345
66,hedgematched6,uncertain_to_control,0.051950443321528296,-0.00037127857034639945
66,hedgematched7,uncertain_to_control,-0.003491396795417501,0.00012384015792982694
66,hedgematched8,uncertain_to_control,-0.0043200077049714205,0.00012658255815416392
66,hedgematched9,uncertain_to_control,0.07318090440366867,-0.0018023500330383478
67,direction,uncertain_to_control,1.0293808100360913,0.11466540103261216
67,hedgematched0,uncertain_to_control,0.005498162334361927,0.006583316884502615
67,hedgematched1,uncertain_to_control,0.005044243088307379,0.0025220595972051214
67,hedgematched2,uncertain_to_control,-0.001777071981133978,0.0030964278725502297
67,hedgematched3,uncertain_to_control,0.0066684068614210786,0.0013978217356377118
67,hedgematched4,uncertain_to_control,0.0053825093041432,-0.013626629291847025
67,hedgematched5,uncertain_to_control,-0.0020887196423956473,0.0061940093388881505
67,hedgematched6,uncertain_to_control,0.003087482365545051,-0.012564548885024283
67,hedgematched7,uncertain_to_control,0.009284314266214323,0.0026616292666501074
67,hedgematched8,uncertain_to_control,0.001545981892741749,0.00851561683661633
67,hedgematched9,uncertain_to_control,-0.003849431741103727,0.01236922724212944
68,direction,uncertain_to_control,0.9176335022418388,0.3240376006908881
68,hedgematched0,uncertain_to_control,0.014019137620477863,-0.0028618042834383105
68,hedgematched1,uncertain_to_control,0.018819224686645954,-0.0003936297584097358
68,hedgematched2,uncertain_to_control,0.0016724273426659037,-0.005357284752106569
68,hedgematched3,uncertain_to_control,0.0058327432565276885,0.003587859604255047
68,hedgematched4,uncertain_to_control,0.008609650105450638,0.004512126030521011
68,hedgematched5,uncertain_to_control,0.00778896156135316,-0.004187335528083164
68,hedgematched6,uncertain_to_control,0.0056641623294758185,0.01151973252971028
68,hedgematched7,uncertain_to_control,0.005921555348019511,0.0036101462029150093
68,hedgematched8,uncertain_to_control,0.0002060085065151693,0.0033241495815704357
68,hedgematched9,uncertain_to_control,0.0022267841585992634,0.004783965978172777
69,direction,uncertain_to_control,0.8126151908751628,0.8453956897585213
69,hedgematched0,uncertain_to_control,0.0058144690264026345,-0.0010474069103604872
69,hedgematched1,uncertain_to_control,-0.007471083326885199,0.0014272620684030594
69,hedgematched2,uncertain_to_control,-0.024203496514523703,-0.006902352006616018
69,hedgematched3,uncertain_to_control,0.011030160032300569,0.0051473342186419534
69,hedgematched4,uncertain_to_control,0.005684870696878896,-0.01699940044257181
69,hedgematched5,uncertain_to_control,-0.018209042032178085,0.004512190975955846
69,hedgematched6,uncertain_to_control,-0.010692265576094645,0.0003863602716889979
69,hedgematched7,uncertain_to_control,-0.0037007034028179384,-0.0066837283478588284
69,hedgematched8,uncertain_to_control,-0.012319102331706447,-0.01385975500069742
69,hedgematched9,uncertain_to_control,-0.014652972418732422,0.00031129226356867623
70,direction,uncertain_to_control,0.8160349149989437,1.1664616012593616
70,hedgematched0,uncertain_to_control,0.004269280742948762,-0.018743655758905405
70,hedgematched1,uncertain_to_control,0.00629075819654992,-0.0009859682426791201
70,hedgematched2,uncertain_to_control,-0.002524358096473808,0.003783317304483241
70,hedgematched3,uncertain_to_control,-0.0017360587103491137,0.0043123046233427545
70,hedgematched4,uncertain_to_control,0.004271098986256626,-0.02425576774109655
70,hedgematched5,uncertain_to_control,-0.008312917491391528,-0.015668860863318847
70,hedgematched6,uncertain_to_control,-0.0031482428314848466,-0.0016202881576666901
70,hedgematched7,uncertain_to_control,-0.005790877655135246,0.006634526893298513
70,hedgematched8,uncertain_to_control,-0.009726556207173552,0.022874950539685687
70,hedgematched9,uncertain_to_control,-0.010394987903227272,0.0015377020162495928
71,direction,uncertain_to_control,0.9672047097048119,0.9671819709068603
71,hedgematched0,uncertain_to_control,0.0021027697868678634,0.025071109586569284
71,hedgematched1,uncertain_to_control,0.022784783541576318,-0.01767823362338525
71,hedgematched2,uncertain_to_control,-0.013870504119828077,-0.004254582306952627
71,hedgematched3,uncertain_to_control,0.0034884862782138407,0.014656469446874107
71,hedgematched4,uncertain_to_control,0.010725715265274242,-0.028183833900539187
71,hedgematched5,uncertain_to_control,0.0017034450345230013,-0.017243132520178985
71,hedgematched6,uncertain_to_control,-0.0002744470757053886,-0.006756176115210769
71,hedgematched7,uncertain_to_control,-0.007071837018738463,-0.0034744745542393735
71,hedgematched8,uncertain_to_control,0.0024539172991910195,-0.021258828337993176
71,hedgematched9,uncertain_to_control,-0.006415164918000776,-0.009777771377817627
72,direction,uncertain_to_control,0.8578095084090357,1.3370304497315597
72,hedgematched0,uncertain_to_control,-0.011986952340798596,-0.000706355055445137
72,hedgematched1,uncertain_to_control,0.007097895101368439,-0.0010964470948616526
72,hedgematched2,uncertain_to_control,-0.007868960270502894,0.0006732858364726138
72,hedgematched3,uncertain_to_control,-0.02080044775336941,-0.0029324378368292517
72,hedgematched4,uncertain_to_control,0.008719179729216523,-0.0012077531737370428
72,hedgematched5,uncertain_to_control,-0.01616893730689836,-0.000856442336427552
72,hedgematched6,uncertain_to_control,0.008595328863183435,-0.003926916781356713
72,hedgematched7,uncertain_to_control,-0.009355170662899946,-0.003080406252594584
72,hedgematched8,uncertain_to_control,-0.0035123239241625116,-0.0011248518260393871
72,hedgematched9,uncertain_to_control,0.009787368836099672,0.001135261124457956
73,direction,uncertain_to_control,0.9785407657587674,1.6320842165421137
73,hedgematched0,uncertain_to_control,0.006642077964418512,0.43000257695955213
73,hedgematched1,uncertain_to_control,-0.009719862607592524,-0.1334668377698396
73,hedgematched2,uncertain_to_control,-0.019854022145263384,0.1381004482058606
73,hedgematched3,uncertain_to_control,0.0023043578930667112,0.06943098361475987
73,hedgematched4,uncertain_to_control,-0.008360956051277846,0.011986187959554171
73,hedgematched5,uncertain_to_control,0.001316505389086648,0.17940063565002287
73,hedgematched6,uncertain_to_control,-0.002460565336270716,-0.10062665524821962
73,hedgematched7,uncertain_to_control,0.023368970187525387,0.17461402727875097
73,hedgematched8,uncertain_to_control,-0.014182716975610667,0.004139620883263732
73,hedgematched9,uncertain_to_control,-0.0021374537120591093,0.2523132622601526
74,direction,uncertain_to_control,0.3932825908421868,0.9716269586721358
74,hedgematched0,uncertain_to_control,0.0032077604468136044,-0.038123395617824976
74,hedgematched1,uncertain_to_control,-0.0010322728726278442,0.03934230295128156
74,hedgematched2,uncertain_to_control,0.007590160329389189,0.02826593716978102
74,hedgematched3,uncertain_to_control,0.001161331686686045,0.02057937277272769
74,hedgematched4,uncertain_to_control,0.0016375119357992021,0.02292791244176938
74,hedgematched5,uncertain_to_control,3.458697160824674e-05,0.06449162539797464
74,hedgematched6,uncertain_to_control,0.00231146378256561,0.11520518585672151
74,hedgematched7,uncertain_to_control,0.008163118219059516,-0.044148488998051585
74,hedgematched8,uncertain_to_control,0.00750906211596109,-0.012772526142652145
74,hedgematched9,uncertain_to_control,0.002411798940202486,0.03176626642785928
75,direction,uncertain_to_control,1.1088217863872007,0.6670695551587449
75,hedgematched0,uncertain_to_control,0.025526340438869213,0.005358187809122704
75,hedgematched1,uncertain_to_control,0.02592514869747854,-0.004190766725954263
75,hedgematched2,uncertain_to_control,0.008933106849630914,0.0025244274305635285
75,hedgematched3,uncertain_to_control,0.007905193874132223,0.0019790727119636383
75,hedgematched4,uncertain_to_control,0.014221459270760906,0.0056693489660308545
75,hedgematched5,uncertain_to_control,0.02485247336775021,-0.00318027909583515
75,hedgematched6,uncertain_to_control,0.013661614615043753,-0.0007000577567759639
75,hedgematched7,uncertain_to_control,0.0182350302798863,-0.037234399637400356
75,hedgematched8,uncertain_to_control,0.008001473465020517,0.007136742567562923
75,hedgematched9,uncertain_to_control,0.00192406071108197,-0.004363569032364124
76,direction,uncertain_to_control,1.0359808417512655,0.6872515472774521
76,hedgematched0,uncertain_to_control,0.02126566611134513,0.02442303112276023
76,hedgematched1,uncertain_to_control,0.014791609818355207,0.019045108252564877
76,hedgematched2,uncertain_to_control,0.011983389306814618,0.0020902368825968607
76,hedgematched3,uncertain_to_control,0.02257694107913917,-0.002213229451917092
76,hedgematched4,uncertain_to_control,0.012125240124450617,0.010252140225356593
76,hedgematched5,uncertain_to_control,0.015154187018596917,0.00857199986827423
76,hedgematched6,uncertain_to_control,0.017888602537201568,-0.020500823558971936
76,hedgematched7,uncertain_to_control,0.013200952591466078,0.005304054551934977
76,hedgematched8,uncertain_to_control,-0.00547959817782421,-0.014675142237449527
76,hedgematched9,uncertain_to_control,0.013752705948325613,-0.01311863124553447
77,direction,uncertain_to_control,0.8701776591365112,0.9531350049447078
77,hedgematched0,uncertain_to_control,0.004405264778288806,0.022103730096286574
77,hedgematched1,uncertain_to_control,0.005963453719093078,0.01300325642596737
77,hedgematched2,uncertain_to_control,-0.0018849373692858837,-0.0015552274410925995
77,hedgematched3,uncertain_to_control,0.009291569300746568,-0.0018034869699905687
77,hedgematched4,uncertain_to_control,0.022584863172621077,0.010926596190890384
77,hedgematched5,uncertain_to_control,0.018616875081834558,0.013573220843634286
77,hedgematched6,uncertain_to_control,0.004984918849609612,0.013098396801076273
77,hedgematched7,uncertain_to_control,0.0025377854477810005,0.0133399262770777
77,hedgematched8,uncertain_to_control,0.0003064593563881677,0.013175771508601133
77,hedgematched9,uncertain_to_control,-0.005575012356280824,0.007915461840892687
78,direction,uncertain_to_control,1.0450385994072628,0.2792724322912822
78,hedgematched0,uncertain_to_control,0.0009291396008563441,0.0016388787021719314
78,hedgematched1,uncertain_to_control,0.01731108525314194,-4.2296051499175085e-05
78,hedgematched2,uncertain_to_control,-0.011143645831327386,-0.00034798251032980515
78,hedgematched3,uncertain_to_control,-0.029623200115025783,0.004515987997184404
78,hedgematched4,uncertain_to_control,0.015645500080689087,0.0012069451154166524
78,hedgematched5,uncertain_to_control,0.0049655011856650656,0.0012184653901340643
78,hedgematched6,uncertain_to_control,-0.008874261424150383,-0.0022458970600105492
78,hedgematched7,uncertain_to_control,-0.024546586088733877,0.0016517629462097232
78,hedgematched8,uncertain_to_control,0.002248343105131389,0.0011517622193662055
78,hedgematched9,uncertain_to_control,0.005574960653688039,0.0020709267115203403
79,direction,uncertain_to_control,0.8802964184913588,0.5346208232497348
79,hedgematched0,uncertain_to_control,0.017470179479639095,0.0234107156155421
79,hedgematched1,uncertain_to_control,0.03060304174579947,0.014333046600160625
79,hedgematched2,uncertain_to_control,-0.01786299841949192,0.010331491195329504
79,hedgematched3,uncertain_to_control,-0.030649812600246275,0.030611107320703695
79,hedgematched4,uncertain_to_control,0.00729372260618636,0.004351744456975086
79,hedgematched5,uncertain_to_control,0.017722779585318732,0.024476667366777213
79,hedgematched6,uncertain_to_control,0.004819647508034347,0.008448327605358833
79,hedgematched7,uncertain_to_control,-0.01373179164474771,0.007641818093442907
79,hedgematched8,uncertain_to_control,0.006621684477161131,0.007945006093637333
79,hedgematched9,uncertain_to_control,-0.007089111834127493,0.013152000242586075
80,direction,uncertain_to_control,1.3561091394370133,0.5200640951252421
80,hedgematched0,uncertain_to_control,0.01172280885437771,0.006258108080355452
80,hedgematched1,uncertain_to_control,-0.018732986061778086,0.003989441525693599
80,hedgematched2,uncertain_to_control,-0.011086828969994205,0.010236118187016531
80,hedgematched3,uncertain_to_control,0.0003655143342624352,-0.0017851323755849633
80,hedgematched4,uncertain_to_control,0.00671891385401669,-0.002615370111985843
80,hedgematched5,uncertain_to_control,0.016669768691960983,0.005945191541838622
80,hedgematched6,uncertain_to_control,-0.020117498648201605,0.011326927944697664
80,hedgematched7,uncertain_to_control,-0.009187453118187116,-0.003400352295550184
80,hedgematched8,uncertain_to_control,-0.017326734595021247,0.011079457517308579
80,hedgematched9,uncertain_to_control,-0.015084618474062821,-0.002752510025379235
81,direction,uncertain_to_control,1.148598200795191,0.5767259449838421
81,hedgematched0,uncertain_to_control,0.009303925023309532,0.006737429327510943
81,hedgematched1,uncertain_to_control,0.02479208548039875,-0.006352563561212538
81,hedgematched2,uncertain_to_control,-0.006988791717373299,0.001739777031096026
81,hedgematched3,uncertain_to_control,0.0046792631855474935,-0.0019223118719248603
81,hedgematched4,uncertain_to_control,0.014441785290505386,-0.025502100607362552
81,hedgematched5,uncertain_to_control,0.007293709508897036,0.027353893596642673
81,hedgematched6,uncertain_to_control,0.008777709054006337,0.013092047199393747
81,hedgematched7,uncertain_to_control,0.011483910953518523,-0.01612577849503516
81,hedgematched8,uncertain_to_control,0.010557586432396751,0.041044417520939305
81,hedgematched9,uncertain_to_control,0.006377690540171857,0.006645582964998543
82,direction,uncertain_to_control,0.8133695324411488,1.5775600532447802
82,hedgematched0,uncertain_to_control,0.015497680451666006,0.0034242226120986064
82,hedgematched1,uncertain_to_control,-0.02471155437318566,0.00975497758733414
82,hedgematched2,uncertain_to_control,0.003045689195925742,0.09010220928208915
82,hedgematched3,uncertain_to_control,0.009367486589004508,-0.0067426141681914175
82,hedgematched4,uncertain_to_control,0.006059984391939894,0.004504287333668857
82,hedgematched5,uncertain_to_control,-0.006053505330044444,0.003107317394392365
82,hedgematched6,uncertain_to_control,0.009247859546189424,0.005846577894009022
82,hedgematched7,uncertain_to_control,0.00010778802971521608,0.004201492923430055
82,hedgematched8,uncertain_to_control,-0.018760182618838585,0.056198642540321635
82,hedgematched9,uncertain_to_control,0.024732935277440644,0.10426299252597565
83,direction,uncertain_to_control,0.9773699944186304,1.5526846280734592
83,hedgematched0,uncertain_to_control,0.011253073359758996,-0.011793197632411045
83,hedgematched1,uncertain_to_control,-0.01228267046695563,-0.09902446417702547
83,hedgematched2,uncertain_to_control,0.0002762849087038686,-0.007560021715996783
83,hedgematched3,uncertain_to_control,0.01088519466017139,-0.015527579235722013
83,hedgematched4,uncertain_to_control,-0.0007045488670551072,-0.10558962379521526
83,hedgematched5,uncertain_to_control,-0.0016655522213627684,-0.015764306054416696
83,hedgematched6,uncertain_to_control,0.009331960645553363,-0.05652269794796661
83,hedgematched7,uncertain_to_control,-0.001455179082318802,-0.09930738159448985
83,hedgematched8,uncertain_to_control,-0.0014167373227021143,-0.06400733917291562
83,hedgematched9,uncertain_to_control,-0.0012066486364248675,0.10567366502353234
84,direction,uncertain_to_control,0.7385519646537073,0.5056835413110456
84,hedgematched0,uncertain_to_control,0.0269638743798388,-0.0020758572968797772
84,hedgematched1,uncertain_to_control,0.03303404932004031,-0.012686619818557445
84,hedgematched2,uncertain_to_control,0.008855829937101834,-0.0018480947789156275
84,hedgematched3,uncertain_to_control,0.024649629121129234,-0.011922872679514617
84,hedgematched4,uncertain_to_control,0.01958233192526883,0.0006726111858628795
84,hedgematched5,uncertain_to_control,-0.006751502624498644,-0.002549331009495469
84,hedgematched6,uncertain_to_control,0.009806561851960565,-0.03865371308607071
84,hedgematched7,uncertain_to_control,-0.004571673489317684,-0.014544617315645427
84,hedgematched8,uncertain_to_control,0.021627458945168994,-0.0458734135536028
84,hedgematched9,uncertain_to_control,0.02168599192378358,-0.005735840041393362
85,direction,uncertain_to_control,1.4133392113327934,0.43566151866275243
85,hedgematched0,uncertain_to_control,0.020307216578160762,-0.01790249756638556
85,hedgematched1,uncertain_to_control,0.025548159662798938,-0.027797687312685716
85,hedgematched2,uncertain_to_control,0.025891971506777772,-0.001584206042010379
85,hedgematched3,uncertain_to_control,0.025680788252312077,-0.02674196891257937
85,hedgematched4,uncertain_to_control,0.02575944123349111,-0.00015174207809103652
85,hedgematched5,uncertain_to_control,-0.0567065381568716,0.0009835434512684353
85,hedgematched6,uncertain_to_control,0.00021600074956291065,-0.0017909314562733888
85,hedgematched7,uncertain_to_control,-4.0309652854252785e-06,-0.03256289557884767
85,hedgematched8,uncertain_to_control,0.0001151283012008049,-0.00038971915998840687
85,hedgematched9,uncertain_to_control,0.02034192220610601,0.008390849077133142
86,direction,uncertain_to_control,0.9565055780665083,1.118706269173559
86,hedgematched0,uncertain_to_control,0.01593252950902636,0.00020509366303758826
86,hedgematched1,uncertain_to_control,0.008931500210192154,-0.009811141119552334
86,hedgematched2,uncertain_to_control,0.00970442650868215,0.059664769010563404
86,hedgematched3,uncertain_to_control,0.009837254619109443,-0.025776603346696805
86,hedgematched4,uncertain_to_control,0.03051249750649739,-0.05934115279909673
86,hedgematched5,uncertain_to_control,0.0001582987337529559,-0.004035811512447026
86,hedgematched6,uncertain_to_control,0.024856590868948168,-0.008036541214111308
86,hedgematched7,uncertain_to_control,0.014994044158919551,-0.006032668182200892
86,hedgematched8,uncertain_to_control,-0.00021269160692972345,-0.010592008255559657
86,hedgematched9,uncertain_to_control,0.025158965254737178,0.04010228776583917
87,direction,uncertain_to_control,0.8995979190249961,1.675049416270307
87,hedgematched0,uncertain_to_control,-0.0035717724849990517,-0.0012052937179566371
87,hedgematched1,uncertain_to_control,0.0007764804169062234,0.004770986472296003
87,hedgematched2,uncertain_to_control,0.0006875775891630635,0.006360028414355427
87,hedgematched3,uncertain_to_control,-0.004152417129073149,-0.029360985854592625
87,hedgematched4,uncertain_to_control,0.01852398035241268,-0.06589428006671197
87,hedgematched5,uncertain_to_control,-0.005429124123414219,-0.06134875532769164
87,hedgematched6,uncertain_to_control,-0.00518506246577826,-0.08038598739885107
87,hedgematched7,uncertain_to_control,0.007588620600257544,-0.003849836308604608
87,hedgematched8,uncertain_to_control,-0.004009423949292572,-0.027831011798134537
87,hedgematched9,uncertain_to_control,0.01807422562595623,0.011678454506146149
88,direction,uncertain_to_control,0.6184389184965363,2.0
88,hedgematched0,uncertain_to_control,0.0022117571138835965,0.0035394383695112807
88,hedgematched1,uncertain_to_control,-0.008181679499899031,0.01066612577828164
88,hedgematched2,uncertain_to_control,-0.01476877134604072,0.014125517496169714
88,hedgematched3,uncertain_to_control,0.006726527037586591,0.002260140751714121
88,hedgematched4,uncertain_to_control,-0.006520090520382451,0.020105835437123538
88,hedgematched5,uncertain_to_control,-0.015705253430731276,-0.05921858531125833
88,hedgematched6,uncertain_to_control,-0.015866748026725903,-0.05469323297922047
88,hedgematched7,uncertain_to_control,-0.008075827282544756,0.016781907283520893
88,hedgematched8,uncertain_to_control,-0.006427462970929876,-0.0042667400729474916
88,hedgematched9,uncertain_to_control,-0.00585896687357876,0.0025158553944561357
89,direction,uncertain_to_control,0.8233459331140234,1.5345685010593126
89,hedgematched0,uncertain_to_control,0.014036995120040564,0.0004947387984209048
89,hedgematched1,uncertain_to_control,0.006687532314516094,-0.002432611849247958
89,hedgematched2,uncertain_to_control,-0.0023042615834152555,-0.0027862389076772605
89,hedgematched3,uncertain_to_control,-0.006590007926619046,-7.94308584652362e-05
89,hedgematched4,uncertain_to_control,0.01167612292447589,0.01839453523075166
89,hedgematched5,uncertain_to_control,0.004169238416698079,0.0009688327243787964
89,hedgematched6,uncertain_to_control,-0.011418343470354059,0.018128573912876193
89,hedgematched7,uncertain_to_control,-0.008146771427088365,-0.029623408231315946
89,hedgematched8,uncertain_to_control,0.02453693199269128,0.019093416064142027
89,hedgematched9,uncertain_to_control,0.002976448852000253,-0.015935604052475436
90,direction,uncertain_to_control,0.8475732717254126,1.0022093597397896
90,hedgematched0,uncertain_to_control,-0.008815914384713113,-0.00033695866140265226
90,hedgematched1,uncertain_to_control,0.0013186404670809436,-0.013843724515079123
90,hedgematched2,uncertain_to_control,-0.009068856550569538,-0.01963293466350688
90,hedgematched3,uncertain_to_control,0.00840394061024994,0.040106079873014976
90,hedgematched4,uncertain_to_control,0.011374287743569357,0.04119997825816717
90,hedgematched5,uncertain_to_control,0.011913746315956961,0.040895811209345725
90,hedgematched6,uncertain_to_control,-0.037224668924737095,0.002286718134924369
90,hedgematched7,uncertain_to_control,-0.007725643631980259,0.020501117448725098
90,hedgematched8,uncertain_to_control,0.01161474094067237,-0.041223677650896316
90,hedgematched9,uncertain_to_control,-0.017176792381923694,-0.04495809579701952
91,direction,uncertain_to_control,0.8667336554130557,1.3723265541014331
91,hedgematched0,uncertain_to_control,-0.000564275143815558,-0.003443837708013889
91,hedgematched1,uncertain_to_control,0.006196763975002519,-0.007771317251721595
91,hedgematched2,uncertain_to_control,0.00642144777183188,-0.00980916965534404
91,hedgematched3,uncertain_to_control,-0.0028011028643283044,-0.004396174838598461
91,hedgematched4,uncertain_to_control,0.012644036503714448,0.05824324096624469
91,hedgematched5,uncertain_to_control,0.0020267807565730552,-0.016923345123865393
91,hedgematched6,uncertain_to_control,0.005595223791128778,-0.01285347293599802
91,hedgematched7,uncertain_to_control,0.00587340773576176,-0.011572240879403466
91,hedgematched8,uncertain_to_control,0.006992704853175269,-0.0006960259123836879
91,hedgematched9,uncertain_to_control,0.020287575702104533,0.001654195662345776
92,direction,uncertain_to_control,0.8378854287143196,1.6355786966692345
92,hedgematched0,uncertain_to_control,-0.004512440978923485,0.024847348744514094
92,hedgematched1,uncertain_to_control,1.6794805579526154e-05,-0.010118004367522032
92,hedgematched2,uncertain_to_control,0.003808636121633107,0.01734729574060594
92,hedgematched3,uncertain_to_control,-0.00408342437254695,0.004622824189570244
92,hedgematched4,uncertain_to_control,-0.010312720265501433,-0.039006017710372515
92,hedgematched5,uncertain_to_control,-0.005741379193770877,-0.023814214234729573
92,hedgematched6,uncertain_to_control,0.0005017152483686616,-0.0040388978013978895
92,hedgematched7,uncertain_to_control,-0.005579029406502125,-0.043425218552781295
92,hedgematched8,uncertain_to_control,0.004702387864562351,-0.0073171895207739986
92,hedgematched9,uncertain_to_control,-0.003964835698407949,-0.08402709559784875
93,direction,uncertain_to_control,0.8797285191469533,1.5094734826067109
93,hedgematched0,uncertain_to_control,-0.015282776917219259,0.01834684657705662
93,hedgematched1,uncertain_to_control,0.013241828865032853,0.05946165619208398
93,hedgematched2,uncertain_to_control,-0.006441241479712084,-0.01105270655704477
93,hedgematched3,uncertain_to_control,-0.021512499819929344,-0.00024448024515023945
93,hedgematched4,uncertain_to_control,0.022020262242381496,-0.01995263343291885
93,hedgematched5,uncertain_to_control,0.005823654369925193,0.0017382630025422562
93,hedgematched6,uncertain_to_control,-0.00024881419238981494,0.055040032159726644
93,hedgematched7,uncertain_to_control,0.0007625863348570625,0.014913294954164607
93,hedgematched8,uncertain_to_control,0.005961583336154072,0.05454599595499398
93,hedgematched9,uncertain_to_control,0.021710349229838177,0.005220203103021099
94,direction,uncertain_to_control,0.7141819990871858,0.46946431600948557
94,hedgematched0,uncertain_to_control,0.006761730759875485,0.03150211508853424
94,hedgematched1,uncertain_to_control,0.00023461193901055634,-0.005335254930835347
94,hedgematched2,uncertain_to_control,0.02016885747065303,0.03474634696782314
94,hedgematched3,uncertain_to_control,0.016272561416862903,0.04643045172219535
94,hedgematched4,uncertain_to_control,0.009902872829582398,0.050681337622109565
94,hedgematched5,uncertain_to_control,0.00010273856152749854,-0.00863080374957288
94,hedgematched6,uncertain_to_control,0.010072979263793103,0.043241633034727917
94,hedgematched7,uncertain_to_control,0.016185463651269442,0.03667909537907459
94,hedgematched8,uncertain_to_control,0.010630936546198164,0.052768491990859444
94,hedgematched9,uncertain_to_control,0.022341190239269292,0.04001162425395581
95,direction,uncertain_to_control,0.8363033046536257,1.602623367775633
95,hedgematched0,uncertain_to_control,0.000956115492557741,-0.004629045077779039
95,hedgematched1,uncertain_to_control,-0.004908517778003412,-0.08333598274100147
95,hedgematched2,uncertain_to_control,0.004098007381328382,-0.0023703871920063586
95,hedgematched3,uncertain_to_control,-0.008365641003799313,-0.037222663790166914
95,hedgematched4,uncertain_to_control,0.008125873018498037,-0.01343840127171568
95,hedgematched5,uncertain_to_control,-0.001358857709544996,-0.03997320313387078
95,hedgematched6,uncertain_to_control,0.003937472219776479,0.0020751674804133074
95,hedgematched7,uncertain_to_control,-0.004565569734909108,-0.038453502895424096
95,hedgematched8,uncertain_to_control,0.0061525174575982906,0.016049051890541614
95,hedgematched9,uncertain_to_control,0.008866389493446708,-0.02919132508232088
96,direction,uncertain_to_control,0.4189915377409404,1.1005158136348063
96,hedgematched0,uncertain_to_control,-0.01440812928603142,-0.014320508764712334
96,hedgematched1,uncertain_to_control,-0.007405147849403026,-0.006607210659634059
96,hedgematched2,uncertain_to_control,0.012874515607529013,-0.0022319005097894114
96,hedgematched3,uncertain_to_control,-0.010891067371494974,0.03616222491034448
96,hedgematched4,uncertain_to_control,-0.008880115988110527,0.03303673126543203
96,hedgematched5,uncertain_to_control,0.011339828053425073,0.025324950515653828
96,hedgematched6,uncertain_to_control,-0.01737948341572147,-0.027732702819475364
96,hedgematched7,uncertain_to_control,-0.0027821133847974293,0.017764001339534173
96,hedgematched8,uncertain_to_control,-0.008615226673065374,-0.04277066236788073
96,hedgematched9,uncertain_to_control,-0.004437969902607836,-0.023917232207047844
97,direction,uncertain_to_control,0.2096161260694688,1.507177481836769
97,hedgematched0,uncertain_to_control,0.015351136973227123,0.009431679063605489
97,hedgematched1,uncertain_to_control,0.021766585414164645,-0.014450042667680843
97,hedgematched2,uncertain_to_control,0.016103629524546057,-0.11521531070400888
97,hedgematched3,uncertain_to_control,0.004495533038564281,-0.02913856859752983
97,hedgematched4,uncertain_to_control,0.026436276818381878,0.10706051895843711
97,hedgematched5,uncertain_to_control,0.030370490221288668,-0.08918105162082182
97,hedgematched6,uncertain_to_control,0.021512972310264493,-0.005115014151840368
97,hedgematched7,uncertain_to_control,-0.0017638951890878308,-0.001698456577187642
97,hedgematched8,uncertain_to_control,0.009354150153724854,0.00856830679241191
97,hedgematched9,uncertain_to_control,0.020614090423023448,0.008049301208681891
98,direction,uncertain_to_control,1.2084515144970278,1.3091303259721545
98,hedgematched0,uncertain_to_control,-0.017862329019254136,-0.028873092740927794
98,hedgematched1,uncertain_to_control,-0.05765814809062443,-0.021430672106030186
98,hedgematched2,uncertain_to_control,-0.015803245895336174,0.06621958953750785
98,hedgematched3,uncertain_to_control,-0.018673111089358013,-0.0013844194541440793
98,hedgematched4,uncertain_to_control,-0.018428012468422714,0.004008643505049938
98,hedgematched5,uncertain_to_control,-0.03326047332051727,-0.0004926278336198924
98,hedgematched6,uncertain_to_control,-0.028401569719472067,-0.008456219882784301
98,hedgematched7,uncertain_to_control,-0.03521130551832541,0.0012470799738461351
98,hedgematched8,uncertain_to_control,-0.04550949977131268,-0.0413307030687853
98,hedgematched9,uncertain_to_control,0.0015636759444271006,-0.0073883239660249705
99,direction,uncertain_to_control,1.3188914725675056,0.8748251647438194
99,hedgematched0,uncertain_to_control,0.016825090813009737,0.014461172515959655
99,hedgematched1,uncertain_to_control,-6.870291770263884e-05,0.0008617601477025682
99,hedgematched2,uncertain_to_control,-0.011684765835522385,0.022364001046101024
99,hedgematched3,uncertain_to_control,0.014485385625622285,-0.05744677931325816
99,hedgematched4,uncertain_to_control,0.010321930259219328,0.0188319486465263
99,hedgematched5,uncertain_to_control,-0.0062518679215683975,0.05734160444728676
99,hedgematched6,uncertain_to_control,0.0009960947173165266,0.005202316462799333
99,hedgematched7,uncertain_to_control,0.004790271901067798,-0.10275663670495815
99,hedgematched8,uncertain_to_control,-0.00016970791745012635,0.0037592955037720026
99,hedgematched9,uncertain_to_control,-0.00010539652147563914,-0.055912405338285814
100,direction,uncertain_to_control,0.9839201707257105,1.3493604694759052
100,hedgematched0,uncertain_to_control,0.008013310882597156,-0.011567351946417542
100,hedgematched1,uncertain_to_control,0.011837180456089186,-0.034685191615228275
100,hedgematched2,uncertain_to_control,0.0043345411670429775,0.032955102918444314
100,hedgematched3,uncertain_to_control,0.008400000735646134,0.00806079793678265
100,hedgematched4,uncertain_to_control,0.007622498874493126,-0.007477175326797041
100,hedgematched5,uncertain_to_control,0.019204739894869826,-0.0037441588802637083
100,hedgematched6,uncertain_to_control,-0.002005428434283114,-0.04931957373264603
100,hedgematched7,uncertain_to_control,0.007967523252601033,-0.004867436659028578
100,hedgematched8,uncertain_to_control,0.004044531704477504,-0.05302804671028678
100,hedgematched9,uncertain_to_control,0.021319437146996873,-0.03933700712423121
101,direction,uncertain_to_control,1.224067171796899,0.9554847268994543
101,hedgematched0,uncertain_to_control,0.002213146439219814,-0.01451640470249446
101,hedgematched1,uncertain_to_control,0.016923266694594902,0.10946788181240323
101,hedgematched2,uncertain_to_control,0.018534659356456755,-0.06654759662184918
101,hedgematched3,uncertain_to_control,0.018856166272231266,-0.04345082853745653
101,hedgematched4,uncertain_to_control,-0.006909612295881957,0.040697375724418325
101,hedgematched5,uncertain_to_control,-0.009040560133635422,0.06062834464767389
101,hedgematched6,uncertain_to_control,0.040521445636556366,0.2150899959336203
101,hedgematched7,uncertain_to_control,-0.010982783411829247,0.015078176233739938
101,hedgematched8,uncertain_to_control,-0.011921797943834671,0.06042284304748128
101,hedgematched9,uncertain_to_control,0.007777680968473139,0.04137768004139581
102,direction,uncertain_to_control,0.4485995678978643,-0.029835988153610358
102,hedgematched0,uncertain_to_control,-0.030281531748428247,0.03857715856728056
102,hedgematched1,uncertain_to_control,-0.009540438224086645,0.041097807929241656
102,hedgematched2,uncertain_to_control,-0.0177036762427075,0.023755188351935786
102,hedgematched3,uncertain_to_control,-0.03470219796504821,0.04296588508996161
102,hedgematched4,uncertain_to_control,-0.0430144257423741,0.025707348487722617
102,hedgematched5,uncertain_to_control,-0.07540409890564156,-0.036743192967999126
102,hedgematched6,uncertain_to_control,0.0017413973934114373,0.03592050453317629
102,hedgematched7,uncertain_to_control,-0.03857211144115597,0.037148520744962645
102,hedgematched8,uncertain_to_control,-0.06835287205615895,0.004976387403126569
102,hedgematched9,uncertain_to_control,-0.09966905490670551,0.03247012193356105
103,direction,uncertain_to_control,1.1784118608929375,1.0015562399697588
103,hedgematched0,uncertain_to_control,0.016291405061401584,0.0014273126587274008
103,hedgematched1,uncertain_to_control,0.004977824770131683,0.0006042462013722017
103,hedgematched2,uncertain_to_control,0.018837803238622924,0.0267478157207646
103,hedgematched3,uncertain_to_control,0.014239966398185776,-0.010785056133190246
103,hedgematched4,uncertain_to_control,-0.0009523650655761475,-9.227948331299834e-05
103,hedgematched5,uncertain_to_control,0.017082005792206825,0.013766619979708638
103,hedgematched6,uncertain_to_control,0.021753239670842514,-0.021458306560109417
103,hedgematched7,uncertain_to_control,0.009475916917632355,-0.0027788165648036647
103,hedgematched8,uncertain_to_control,0.018228385406307782,0.01673639577310789
103,hedgematched9,uncertain_to_control,0.0004758831276205972,-0.0109234391984876
104,direction,uncertain_to_control,0.8778674743053696,1.585777832904857
104,hedgematched0,uncertain_to_control,0.009427940263408534,0.020721448866858144
104,hedgematched1,uncertain_to_control,0.016141718189795436,0.03948719764254737
104,hedgematched2,uncertain_to_control,0.002239551209565512,-0.008104266509521013
104,hedgematched3,uncertain_to_control,0.02330867981506718,0.029180916779508393
104,hedgematched4,uncertain_to_control,0.01735069990065115,0.0015974856695399984
104,hedgematched5,uncertain_to_control,0.005121861122291724,-0.03985763152809167
104,hedgematched6,uncertain_to_control,0.0076964244037112306,0.02785920599764767
104,hedgematched7,uncertain_to_control,-0.0027844750966447597,0.048224281731960035
104,hedgematched8,uncertain_to_control,0.006896616762998142,0.03079581100037989
104,hedgematched9,uncertain_to_control,0.005205389601333068,0.03868581841659015
105,direction,uncertain_to_control,1.2539659570016155,0.9386197014426095
105,hedgematched0,uncertain_to_control,-0.002954329157561927,0.019010956209957405
105,hedgematched1,uncertain_to_control,0.010910557642420741,0.026514227765054563
105,hedgematched2,uncertain_to_control,0.005737555043955466,0.0354018107729204
105,hedgematched3,uncertain_to_control,0.016868470728806064,0.018726917441640657
105,hedgematched4,uncertain_to_control,0.009092916696377209,-0.007543114751951774
105,hedgematched5,uncertain_to_control,-4.5279049814354056e-05,0.030890685532314877
105,hedgematched6,uncertain_to_control,0.009398458252035044,0.02418668333654418
105,hedgematched7,uncertain_to_control,0.018246205459173555,0.037240240623248155
105,hedgematched8,uncertain_to_control,0.010220107351105274,0.01256312243917483
105,hedgematched9,uncertain_to_control,-0.004031896918672311,0.025651350360636094
106,direction,uncertain_to_control,0.4588301399668805,0.23222001803237496
106,hedgematched0,uncertain_to_control,0.000765166700713384,0.02286904465881945
106,hedgematched1,uncertain_to_control,0.025557578592071032,0.081073107105023
106,hedgematched2,uncertain_to_control,0.044683107272227206,0.013465719228952207
106,hedgematched3,uncertain_to_control,0.051124658593635734,-0.023948052506125427
106,hedgematched4,uncertain_to_control,-0.002309550058731851,-0.042622382102409324
106,hedgematched5,uncertain_to_control,-0.0060061037458902615,-0.19443050631355843
106,hedgematched6,uncertain_to_control,0.057227899089775075,0.06320973653919369
106,hedgematched7,uncertain_to_control,0.03479628422112044,0.0820127190866741
106,hedgematched8,uncertain_to_control,0.009142680745868732,-0.11368558214412328
106,hedgematched9,uncertain_to_control,0.017241520472151318,0.036649583685862505
107,direction,uncertain_to_control,0.8945729027301682,1.067839551006834
107,hedgematched0,uncertain_to_control,0.015637630800037317,-0.06984001907484691
107,hedgematched1,uncertain_to_control,0.009854239101712486,0.018970459446418293
107,hedgematched2,uncertain_to_control,0.004732567769494854,-0.05110684480194166
107,hedgematched3,uncertain_to_control,0.0022040623910379725,0.09399639000419201
107,hedgematched4,uncertain_to_control,0.009398357614872363,-0.0023976606402868307
107,hedgematched5,uncertain_to_control,0.014131381428727042,-0.03990492387242401
107,hedgematched6,uncertain_to_control,0.015537887383623994,-0.018081440333007532
107,hedgematched7,uncertain_to_control,0.013875703415850434,-0.012174970205555285
107,hedgematched8,uncertain_to_control,0.0024238757724739965,-0.004190104037844384
107,hedgematched9,uncertain_to_control,0.021814035012740575,-0.0030961613671227285
108,direction,uncertain_to_control,1.1411743867509163,0.40665943883918054
108,hedgematched0,uncertain_to_control,0.035970176136518414,0.1925201618729765
108,hedgematched1,uncertain_to_control,0.008591366472670788,-0.0007069463333809156
108,hedgematched2,uncertain_to_control,-0.017677214965081088,0.07408552364821964
108,hedgematched3,uncertain_to_control,-0.026313523899332104,0.040754832150053905
108,hedgematched4,uncertain_to_control,0.006404932958146155,0.01166669439863804
108,hedgematched5,uncertain_to_control,-0.028913060244852507,0.06335631583971388
108,hedgematched6,uncertain_to_control,-0.020854796423867412,-0.06619636162373903
108,hedgematched7,uncertain_to_control,0.0012509176710425605,0.051920161697827184
108,hedgematched8,uncertain_to_control,0.005828152210807042,0.0618182861116244
108,hedgematched9,uncertain_to_control,-0.025956512938543886,0.0047253089852463
109,direction,uncertain_to_control,1.2039605184987812,0.9253277999801327
109,hedgematched0,uncertain_to_control,0.018695727577414487,0.07190865952997702
109,hedgematched1,uncertain_to_control,0.008838061304087246,0.0031130599946545
109,hedgematched2,uncertain_to_control,0.024150216732658276,0.06587995769073451
109,hedgematched3,uncertain_to_control,0.0212846140404749,0.0020801036296322606
109,hedgematched4,uncertain_to_control,0.030702311991171984,0.007593072112585109
109,hedgematched5,uncertain_to_control,0.02786387430759254,-0.01276828150479672
109,hedgematched6,uncertain_to_control,0.05492624984042741,-0.0003329765223718748
109,hedgematched7,uncertain_to_control,0.021744846935439825,0.002882791088083698
109,hedgematched8,uncertain_to_control,0.060708728086692886,-0.007444890895895012
109,hedgematched9,uncertain_to_control,0.02241593619943973,0.014416464328743401
110,direction,uncertain_to_control,0.5619976779678434,1.6647453893349653
110,hedgematched0,uncertain_to_control,0.014107775897664376,-0.04287837143870341
110,hedgematched1,uncertain_to_control,0.008010989954206425,-0.01560979246509844
110,hedgematched2,uncertain_to_control,-0.022185186576479984,0.031274682546987884
110,hedgematched3,uncertain_to_control,0.0438577898358733,0.05909521865497398
110,hedgematched4,uncertain_to_control,0.008041734460226158,-0.04217289305160194
110,hedgematched5,uncertain_to_control,-0.029049815683363626,-0.016052044849133078
110,hedgematched6,uncertain_to_control,0.007579482592698533,-0.023275881941993162
110,hedgematched7,uncertain_to_control,2.5323119861531502e-05,0.0010681089925686886
110,hedgematched8,uncertain_to_control,0.00782106655524494,0.04277978430836223
110,hedgematched9,uncertain_to_control,0.00723031034742551,-0.02044072534622803
111,direction,uncertain_to_control,1.0214476961309742,0.7465652738878159
111,hedgematched0,uncertain_to_control,0.015338320369597631,-0.009848336739254244
111,hedgematched1,uncertain_to_control,0.007346228696368003,-0.010820002867700837
111,hedgematched2,uncertain_to_control,0.0047882907661969554,-0.013305075727162488
111,hedgematched3,uncertain_to_control,0.0004885387620560729,-0.0014045764510330898
111,hedgematched4,uncertain_to_control,0.016687147323166937,0.029799521537087648
111,hedgematched5,uncertain_to_control,0.01478596072917366,-0.003081113802147699
111,hedgematched6,uncertain_to_control,-0.0010287523118897577,0.04931056362031044
111,hedgematched7,uncertain_to_control,0.006928985329966159,0.032767787063684425
111,hedgematched8,uncertain_to_control,-0.009922421697603741,-0.00045954389321499456
111,hedgematched9,uncertain_to_control,0.000522138154665299,-0.001534415107847019
112,direction,uncertain_to_control,1.1824290138561515,1.1878765423222861
112,hedgematched0,uncertain_to_control,0.03703107301260182,0.00025840631089376633
112,hedgematched1,uncertain_to_control,0.02080984998711968,-0.014526309396348917
112,hedgematched2,uncertain_to_control,0.011521827267296341,-0.004199249396040349
112,hedgematched3,uncertain_to_control,-0.004254053950711039,-0.0026313273030956832
112,hedgematched4,uncertain_to_control,0.021123333565251395,0.019960742133213603
112,hedgematched5,uncertain_to_control,-0.0070686062900514445,0.019975720222911567
112,hedgematched6,uncertain_to_control,0.03821336238287727,0.0013065593225157458
112,hedgematched7,uncertain_to_control,0.018020920323137415,0.0006460745148410745
112,hedgematched8,uncertain_to_control,-0.0031408472551511927,0.030442096036613422
112,hedgematched9,uncertain_to_control,0.007424564380026848,-0.017466586720868163
113,direction,uncertain_to_control,0.8025240516075741,0.8837358433546229
113,hedgematched0,uncertain_to_control,0.0016011506168688652,-0.03965092752334096
113,hedgematched1,uncertain_to_control,0.0014188450869967219,-0.010115896385342047
113,hedgematched2,uncertain_to_control,-0.008025054557793903,-0.008600671759012175
113,hedgematched3,uncertain_to_control,-0.00816713830750983,-0.027021184432723264
113,hedgematched4,uncertain_to_control,-0.008600072432411118,-0.006130921612945001
113,hedgematched5,uncertain_to_control,-0.0068294424260914414,0.002984767102886915
113,hedgematched6,uncertain_to_control,-0.0028371920714528095,-0.029864576852589017
113,hedgematched7,uncertain_to_control,0.0030276332761553127,-0.01786150629218046
113,hedgematched8,uncertain_to_control,-0.009085929952254795,-0.006896119048539384
113,hedgematched9,uncertain_to_control,-0.009013995643678196,-0.0065856432745204935
114,direction,uncertain_to_control,0.8055395483236998,0.1410355449272203
114,hedgematched0,uncertain_to_control,0.001815404397456222,-0.0006166159292587492
114,hedgematched1,uncertain_to_control,0.0119382037571806,0.005854623757479911
114,hedgematched2,uncertain_to_control,-0.002003856275263226,-0.005831326566937216
114,hedgematched3,uncertain_to_control,-0.0014554720619707182,0.002106462461999107
114,hedgematched4,uncertain_to_control,-2.964238990770312e-05,-0.002331727320344755
114,hedgematched5,uncertain_to_control,-0.005551651019682854,-0.001560109763999264
114,hedgematched6,uncertain_to_control,-0.007906454760951788,-0.0019714913329104498
114,hedgematched7,uncertain_to_control,0.006589057872696226,-0.002083576053153639
114,hedgematched8,uncertain_to_control,0.005516556273082283,-0.0016908100675056472
114,hedgematched9,uncertain_to_control,0.002500635084364085,0.002054808293658994
115,direction,uncertain_to_control,0.7467767660642004,0.5425827829808955
115,hedgematched0,uncertain_to_control,0.01641986192256533,0.0051217905183913864
115,hedgematched1,uncertain_to_control,0.016686376541125016,-0.018719659860986348
115,hedgematched2,uncertain_to_control,0.002789935993095599,-0.017774014356939132
115,hedgematched3,uncertain_to_control,0.022812084860879475,-0.01896366736763204
115,hedgematched4,uncertain_to_control,0.00405678010331834,-0.0007203033298914357
115,hedgematched5,uncertain_to_control,0.005448096489723046,0.008813005538015792
115,hedgematched6,uncertain_to_control,0.024406515446257982,0.024555215022107942
115,hedgematched7,uncertain_to_control,0.00628288632156587,-0.023853829258929257
115,hedgematched8,uncertain_to_control,0.01112407462112957,-0.01592738820891932
115,hedgematched9,uncertain_to_control,0.022652260764761477,-0.04186719449070787
116,direction,uncertain_to_control,0.6886955320308317,1.8026569256524845
116,hedgematched0,uncertain_to_control,0.0034907180580806443,-0.07703056935869587
116,hedgematched1,uncertain_to_control,-0.013115803245373614,-0.0004571089217657282
116,hedgematched2,uncertain_to_control,0.0002086328709766822,0.004947578812708799
116,hedgematched3,uncertain_to_control,0.002420242107374074,-0.10258343701209344
116,hedgematched4,uncertain_to_control,-0.0013776762765052423,0.10970667336454516
116,hedgematched5,uncertain_to_control,0.0086325748648013,0.0036502196144959404
116,hedgematched6,uncertain_to_control,-0.015599677905876618,-0.03842615110030747
116,hedgematched7,uncertain_to_control,-0.003311570370137961,-0.04279821966983858
116,hedgematched8,uncertain_to_control,-0.01238295784141747,0.0679352193111757
116,hedgematched9,uncertain_to_control,-0.011886340415636496,-0.07039823286692969
117,direction,uncertain_to_control,1.0968540271302838,0.24886901218717064
117,hedgematched0,uncertain_to_control,0.020145103296912097,-0.02453188185968995
117,hedgematched1,uncertain_to_control,0.015579312892071182,0.03589814438756999
117,hedgematched2,uncertain_to_control,0.006638611553006618,-0.051484176748444126
117,hedgematched3,uncertain_to_control,0.003324249835925087,-0.054026947603853875
117,hedgematched4,uncertain_to_control,-0.00694940870018739,-0.010785057103921553
117,hedgematched5,uncertain_to_control,0.0007733090589709959,0.02712678298992122
117,hedgematched6,uncertain_to_control,0.011061993658032012,0.0032779755958568598
117,hedgematched7,uncertain_to_control,0.007607065545625428,-0.02240157714432148
117,hedgematched8,uncertain_to_control,-0.008212664353622397,-0.027442737985972243
117,hedgematched9,uncertain_to_control,0.027774174754081515,-0.0008793850770730131
118,direction,uncertain_to_control,0.9128431133514888,1.7763789056080983
118,hedgematched0,uncertain_to_control,0.01570501681288376,-0.02209617611060876
118,hedgematched1,uncertain_to_control,0.030254575404685208,0.0015446225750750386
118,hedgematched2,uncertain_to_control,0.022515255656632926,-0.00833196808949332
118,hedgematched3,uncertain_to_control,0.014546112446013972,0.00516727689023452
118,hedgematched4,uncertain_to_control,0.029304059473584,-0.0009481447424677414
118,hedgematched5,uncertain_to_control,0.006631762953415863,-0.03314028350050262
118,hedgematched6,uncertain_to_control,0.013424529838022533,-0.009440770000013683
118,hedgematched7,uncertain_to_control,-0.007646342734706221,0.007154126513259285
118,hedgematched8,uncertain_to_control,0.027159212796917766,-0.04067680268475979
118,hedgematched9,uncertain_to_control,-0.011863322411922976,-0.05856983150714088
119,direction,uncertain_to_control,1.0462364952453918,0.7018640087234219
119,hedgematched0,uncertain_to_control,-0.0012364635153120712,0.0016315502579843772
119,hedgematched1,uncertain_to_control,0.008390514783044138,0.005197573052810737
119,hedgematched2,uncertain_to_control,-0.0007803436194559619,5.11535294247907e-05
119,hedgematched3,uncertain_to_control,0.000267470149206373,0.001109659436767511
119,hedgematched4,uncertain_to_control,-0.009945360802736402,-0.0010121140711224065
119,hedgematched5,uncertain_to_control,-0.0010605058005470267,0.0022299671907010203
119,hedgematched6,uncertain_to_control,-0.0013692971671961744,-0.006861438102542
119,hedgematched7,uncertain_to_control,-0.00870608484854079,0.003212779127103969
119,hedgematched8,uncertain_to_control,-0.021322469338647065,-0.0009856627883214866
119,hedgematched9,uncertain_to_control,-0.01073161775522955,0.0018273344397412578
120,direction,uncertain_to_control,1.0434180556362287,1.120433255236808
120,hedgematched0,uncertain_to_control,0.011764876284864278,-0.04176979424832696
120,hedgematched1,uncertain_to_control,0.0023726028441970106,-0.013090458044728817
120,hedgematched2,uncertain_to_control,-0.013368707329765783,-0.05176831640254714
120,hedgematched3,uncertain_to_control,0.0046745581982347885,-0.047192391502935145
120,hedgematched4,uncertain_to_control,-0.013498917452841692,-0.016663891222776124
120,hedgematched5,uncertain_to_control,-0.007680254189078401,-0.016248806755802956
120,hedgematched6,uncertain_to_control,0.0013999435706867306,-0.033710849234463394
120,hedgematched7,uncertain_to_control,-0.006711215968934023,-0.010243505114221027
120,hedgematched8,uncertain_to_control,-0.009392199541618983,0.015228492727804825
120,hedgematched9,uncertain_to_control,0.01401702368035883,-0.03993623119755348
121,direction,uncertain_to_control,0.9469341534795693,1.228060235240237
121,hedgematched0,uncertain_to_control,-0.007109688077057866,-0.006265591139114474
121,hedgematched1,uncertain_to_control,0.003603549632268238,0.00039269398633353986
121,hedgematched2,uncertain_to_control,-0.001659613665901851,0.0005270950601562973
121,hedgematched3,uncertain_to_control,0.0013866449322358137,-0.0010147598660394232
121,hedgematched4,uncertain_to_control,-0.0114676459882987,0.004263565347933636
121,hedgematched5,uncertain_to_control,-0.004664081475610998,0.003210134136280693
121,hedgematched6,uncertain_to_control,-0.014358517738710101,-0.00263298410061611
121,hedgematched7,uncertain_to_control,-0.007862043051396692,0.0014831962362090005
121,hedgematched8,uncertain_to_control,-0.013526868970720057,0.013426645002574103
121,hedgematched9,uncertain_to_control,-0.0036169565037005077,-0.005581839183790437
122,direction,uncertain_to_control,0.9089349375425035,1.1126850785823332
122,hedgematched0,uncertain_to_control,0.014060267203889506,-0.0001606373968678045
122,hedgematched1,uncertain_to_control,-0.008688413658587052,-0.00584503577112815
122,hedgematched2,uncertain_to_control,-0.002939563274041842,-0.013201954504949386
122,hedgematched3,uncertain_to_control,0.007367490952497555,0.0004326471897576872
122,hedgematched4,uncertain_to_control,0.012985390458803186,8.858923620540348e-05
122,hedgematched5,uncertain_to_control,4.947907808107765e-05,0.0008551028559810286
122,hedgematched6,uncertain_to_control,0.003097502740325645,-0.010820585921076537
122,hedgematched7,uncertain_to_control,-0.01090322089119129,0.0016910854107794312
122,hedgematched8,uncertain_to_control,0.007971473062437255,-0.00033392016388543005
122,hedgematched9,uncertain_to_control,-0.012433136475948249,-0.007964200992928435
123,direction,uncertain_to_control,0.6785346572894357,0.3000952171375136
123,hedgematched0,uncertain_to_control,0.009924225515755615,-0.009353773674832566
123,hedgematched1,uncertain_to_control,-0.0027397850075109656,-0.0027039980946992346
123,hedgematched2,uncertain_to_control,0.011319033214455878,-0.036596183248010894
123,hedgematched3,uncertain_to_control,0.02384786218446425,0.03180658591428235
123,hedgematched4,uncertain_to_control,0.016047031783494238,-0.011655117952276852
123,hedgematched5,uncertain_to_control,-0.0017598928678275818,-0.013783636275324774
123,hedgematched6,uncertain_to_control,0.0002490253156742536,-0.05208810444895585
123,hedgematched7,uncertain_to_control,-0.008935532328810924,-0.013297587228966703
123,hedgematched8,uncertain_to_control,-0.0043769064318876505,0.022864663003280147
123,hedgematched9,uncertain_to_control,-0.005134113080793931,0.002965919469044946
124,direction,uncertain_to_control,0.8291143196071045,-1.0
124,hedgematched0,uncertain_to_control,0.006488357727720962,0.09654491477150615
124,hedgematched1,uncertain_to_control,-3.722175440151574e-06,0.0031538750781560693
124,hedgematched2,uncertain_to_control,0.025676085559482788,0.07048404207478493
124,hedgematched3,uncertain_to_control,0.0027848797269896847,-0.006927941819736976
124,hedgematched4,uncertain_to_control,0.015371199572313386,0.020833310757923336
124,hedgematched5,uncertain_to_control,0.01876591013595116,-0.007402928446064095
124,hedgematched6,uncertain_to_control,0.004337892507728275,-0.020204269533779858
124,hedgematched7,uncertain_to_control,0.02439332002814311,0.035099163842934385
124,hedgematched8,uncertain_to_control,-0.005966387543904357,-0.026474996017697677
124,hedgematched9,uncertain_to_control,-0.0059820553056408095,0.015775335299019432
125,direction,uncertain_to_control,0.8826793995206558,0.1104292542355174
125,hedgematched0,uncertain_to_control,0.01961637564759738,0.0162976203855694
125,hedgematched1,uncertain_to_control,0.03129413405191267,0.0005056463012532035
125,hedgematched2,uncertain_to_control,0.013997682533969439,-0.047151888590419175
125,hedgematched3,uncertain_to_control,0.02050322800552521,-0.0041680451324197735
125,hedgematched4,uncertain_to_control,0.021259354184369948,0.04695402269284406
125,hedgematched5,uncertain_to_control,0.00217355550179188,0.006563607554361676
125,hedgematched6,uncertain_to_control,0.02167477293123401,0.06221982188903364
125,hedgematched7,uncertain_to_control,-0.005168488540193049,0.0013584483198019442
125,hedgematched8,uncertain_to_control,-0.014233138632021672,0.0067042407410631884
125,hedgematched9,uncertain_to_control,0.010642451758687966,0.059718846410158594
126,direction,uncertain_to_control,0.88048397909344,0.2605369770415866
126,hedgematched0,uncertain_to_control,-0.016316450493042974,-0.018378278243925916
126,hedgematched1,uncertain_to_control,0.03638385356639337,0.009637257036586643
126,hedgematched2,uncertain_to_control,-0.0005898218680655369,0.013105989415603193
126,hedgematched3,uncertain_to_control,0.037957289354068426,0.002920322218725989
126,hedgematched4,uncertain_to_control,0.0148657498930065,2.473450894654722e-05
126,hedgematched5,uncertain_to_control,0.022116854159879972,-0.00013970782464442082
126,hedgematched6,uncertain_to_control,-0.03504922500591521,-0.0031441524849652657
126,hedgematched7,uncertain_to_control,-0.002565178747942503,0.008675068495666717
126,hedgematched8,uncertain_to_control,-0.0003608761000274455,-0.009142028761014368
126,hedgematched9,uncertain_to_control,-0.047612857237188284,0.00529377682086657
127,direction,uncertain_to_control,1.3222673573478012,0.8060189837710134
127,hedgematched0,uncertain_to_control,0.014475068275593994,0.052459471610292754
127,hedgematched1,uncertain_to_control,0.018229857028796842,-0.03151859148969931
127,hedgematched2,uncertain_to_control,0.009603243756934545,0.07756657763203131
127,hedgematched3,uncertain_to_control,0.015383427506865752,0.009301474801435132
127,hedgematched4,uncertain_to_control,0.02264405147748021,-0.0055767857615105915
127,hedgematched5,uncertain_to_control,0.01114982853629036,-2.8208993379701866e-05
127,hedgematched6,uncertain_to_control,-0.0009161715807212743,0.036804472006981725
127,hedgematched7,uncertain_to_control,0.00020207943909414245,-0.011125362529641481
127,hedgematched8,uncertain_to_control,-0.01906512739077424,0.04382046738775906
127,hedgematched9,uncertain_to_control,0.014723544390029984,0.09096518833910736
128,direction,uncertain_to_control,1.2239985723126898,1.2085025299076326
128,hedgematched0,uncertain_to_control,-0.01907326939302551,-0.0002661192547293682
128,hedgematched1,uncertain_to_control,0.012496520830809231,-0.03835925231751178
128,hedgematched2,uncertain_to_control,0.007679495113882076,-0.04169295140232095
128,hedgematched3,uncertain_to_control,0.02136160765449967,-0.030739600315434355
128,hedgematched4,uncertain_to_control,0.007028849543805878,-0.010744154096588888
128,hedgematched5,uncertain_to_control,0.03261141254814897,-0.026680153314137808
128,hedgematched6,uncertain_to_control,0.013030157165669578,-0.0399029893873061
128,hedgematched7,uncertain_to_control,-0.017450857758465433,-0.07173064191662654
128,hedgematched8,uncertain_to_control,0.00883921817747201,-0.023535493989727527
128,hedgematched9,uncertain_to_control,-0.009056864087005971,-0.006768403419437424
129,direction,uncertain_to_control,0.8649810331989151,1.4177132157072534
129,hedgematched0,uncertain_to_control,0.014614763870175638,-0.07172414866453802
129,hedgematched1,uncertain_to_control,0.01747499979903705,0.06040088120380325
129,hedgematched2,uncertain_to_control,-0.0004734523023053649,0.0073223592800593
129,hedgematched3,uncertain_to_control,0.017057735096710755,0.010794868657116326
129,hedgematched4,uncertain_to_control,-0.021820803061067637,0.0019556706514517923
129,hedgematched5,uncertain_to_control,0.00017799575467821238,0.0012301331662638955
129,hedgematched6,uncertain_to_control,0.003953474370497917,-3.189008084211785e-05
129,hedgematched7,uncertain_to_control,0.004571537970267655,-0.06556493812256228
129,hedgematched8,uncertain_to_control,-0.0054474903500873,-0.046987821651137164
129,hedgematched9,uncertain_to_control,0.0009527284288421368,0.01776002851492013
130,direction,uncertain_to_control,0.9223053217221558,1.5226516244530728
130,hedgematched0,uncertain_to_control,-0.0006229710175466316,-0.001079921478478789
130,hedgematched1,uncertain_to_control,0.013711571618943867,0.045584789287373306
130,hedgematched2,uncertain_to_control,-0.0200651361744229,0.05137261565744159
130,hedgematched3,uncertain_to_control,0.006364661907928173,0.007410404025632627
130,hedgematched4,uncertain_to_control,-0.009737728607111844,0.02671581323030231
130,hedgematched5,uncertain_to_control,-0.016984696090415943,-0.010868916529654904
130,hedgematched6,uncertain_to_control,-0.011525657409140758,0.15091020000756242
130,hedgematched7,uncertain_to_control,-0.008302206801012449,0.034964004895218836
130,hedgematched8,uncertain_to_control,-0.0017023867102334631,-0.009114983733981697
130,hedgematched9,uncertain_to_control,0.00796109532454009,-0.044296142213426745
131,direction,uncertain_to_control,0.5431696783005391,0.2877934228476926
131,hedgematched0,uncertain_to_control,0.008477607824788761,0.055196743809938456
131,hedgematched1,uncertain_to_control,0.015707013722278097,0.0022342632738933045
131,hedgematched2,uncertain_to_control,0.0015658314934963006,-0.0044925734839442195
131,hedgematched3,uncertain_to_control,-0.0003086462947504031,0.00248227434809467
131,hedgematched4,uncertain_to_control,-0.00025644875960879085,0.013321322640833293
131,hedgematched5,uncertain_to_control,0.004952193866184432,0.05375893484312651
131,hedgematched6,uncertain_to_control,0.009015138419920092,-0.008702703648340573
131,hedgematched7,uncertain_to_control,-0.008604933877448508,0.05137253915307927
131,hedgematched8,uncertain_to_control,0.005881867900142333,0.04160113773534857
131,hedgematched9,uncertain_to_control,-0.004603784775189377,-0.005501679360131429
132,direction,uncertain_to_control,1.2383398225669475,2.0
132,hedgematched0,uncertain_to_control,0.015728220693926317,0.22705587319974643
132,hedgematched1,uncertain_to_control,0.042551326210684894,0.11815437418017465
132,hedgematched2,uncertain_to_control,0.02243201044224454,0.10813221928238215
132,hedgematched3,uncertain_to_control,0.012322622701371954,0.09946213180146844
132,hedgematched4,uncertain_to_control,0.011703562887889677,-0.0003438447310165879
132,hedgematched5,uncertain_to_control,0.018027201206230997,-0.0521720496822014
132,hedgematched6,uncertain_to_control,0.03129879261547516,0.30298817658287375
132,hedgematched7,uncertain_to_control,0.01915676106880228,-0.02034197981044158
132,hedgematched8,uncertain_to_control,-0.009810239582556304,0.2713410123828933
132,hedgematched9,uncertain_to_control,-0.008507522409837077,0.15553796234115674
133,direction,uncertain_to_control,0.9826380045035267,1.786947072302301
133,hedgematched0,uncertain_to_control,0.029395754434393618,0.05600444375102027
133,hedgematched1,uncertain_to_control,0.014110683800539951,0.004122353838763504
133,hedgematched2,uncertain_to_control,0.008165930808268601,0.05703150307924927
133,hedgematched3,uncertain_to_control,0.009215246828532435,0.07415205845620525
133,hedgematched4,uncertain_to_control,0.0035939837314272285,-0.010580089904213627
133,hedgematched5,uncertain_to_control,0.0065066960331252345,-0.04915760042369275
133,hedgematched6,uncertain_to_control,0.0101268668478449,-0.07132497793677291
133,hedgematched7,uncertain_to_control,0.005905655636189327,0.0029946732274588423
133,hedgematched8,uncertain_to_control,-2.5576187103655642e-05,0.001780159567627228
133,hedgematched9,uncertain_to_control,0.019059716731509902,0.11689665250390646
134,direction,uncertain_to_control,1.1727217603723774,0.953569627386887
134,hedgematched0,uncertain_to_control,-0.003298343333249492,0.004444550278072875
134,hedgematched1,uncertain_to_control,0.011448825035875961,0.008622119824562277
134,hedgematched2,uncertain_to_control,0.008821578684116482,0.00220456522236112
134,hedgematched3,uncertain_to_control,0.013969637820328323,0.005426737092059953
134,hedgematched4,uncertain_to_control,0.007614262469397184,-0.0008930256064735821
134,hedgematched5,uncertain_to_control,0.0030537402578680235,-0.0070485060618340045
134,hedgematched6,uncertain_to_control,0.0016394651953794495,0.0007821177629811854
134,hedgematched7,uncertain_to_control,0.014039946433783382,0.019910458770022774
134,hedgematched8,uncertain_to_control,-0.020539315175536046,0.00902728683614418
134,hedgematched9,uncertain_to_control,0.0014308182656544701,0.02107694832393104
135,direction,uncertain_to_control,1.4398531612378982,1.1765533844792575
135,hedgematched0,uncertain_to_control,0.0013575356014874126,0.0005375843513918155
135,hedgematched1,uncertain_to_control,0.007610506928145526,0.002135345942297168
135,hedgematched2,uncertain_to_control,-0.00656413489025037,0.007413662360748568
135,hedgematched3,uncertain_to_control,-0.0006925080396251579,0.002989461001321124
135,hedgematched4,uncertain_to_control,0.013157652752877998,-0.010169711234006997
135,hedgematched5,uncertain_to_control,0.003615162543855143,0.0004975844458292899
135,hedgematched6,uncertain_to_control,0.00893041541392681,-0.0023449835333398243
135,hedgematched7,uncertain_to_control,-0.007216796237119319,-0.008762029349787398
135,hedgematched8,uncertain_to_control,-0.0013351284426961223,-0.0007732699742083679
135,hedgematched9,uncertain_to_control,-0.0014179926525657994,0.010164348118177385
136,direction,uncertain_to_control,0.8852625222540106,0.5467579797338704
136,hedgematched0,uncertain_to_control,0.007778547175790168,0.017427062702869492
136,hedgematched1,uncertain_to_control,0.009712754798694073,-0.0046628093566193915
136,hedgematched2,uncertain_to_control,0.001091672671781201,-0.004332072496661527
136,hedgematched3,uncertain_to_control,-0.005087369008158711,0.017022693272226583
136,hedgematched4,uncertain_to_control,0.009085131805671803,0.0012297950406084408
136,hedgematched5,uncertain_to_control,-0.00923436904580705,0.00654267244936468
136,hedgematched6,uncertain_to_control,0.027545668629654067,-0.0054420896885052535
136,hedgematched7,uncertain_to_control,-0.004532136731792266,-0.013906974731797419
136,hedgematched8,uncertain_to_control,-0.00802587674295503,0.004125926970664448
136,hedgematched9,uncertain_to_control,0.010269407767091232,0.015679382497879934
137,direction,uncertain_to_control,1.03715227274939,1.081170637881601
137,hedgematched0,uncertain_to_control,0.012011728349484174,0.013482066736402239
137,hedgematched1,uncertain_to_control,-0.002459967824802936,-0.008967391455025418
137,hedgematched2,uncertain_to_control,0.006932247006018364,0.014639457397762574
137,hedgematched3,uncertain_to_control,-0.032749275861647185,0.009617143284050072
137,hedgematched4,uncertain_to_control,0.01636276351712277,0.016258548950301224
137,hedgematched5,uncertain_to_control,-0.011771829480205128,-0.00018154857697921014
137,hedgematched6,uncertain_to_control,-0.022431928137833908,0.015386012708326456
137,hedgematched7,uncertain_to_control,-0.022868870849501805,-0.005644041839420668
137,hedgematched8,uncertain_to_control,-0.015018097767137034,0.013483286622181744
137,hedgematched9,uncertain_to_control,-0.013360590320852907,-0.00705268461187652
138,direction,uncertain_to_control,-0.5311536005480783,0.1733957580331096
138,hedgematched0,uncertain_to_control,0.10584499563100468,-0.003227103916127191
138,hedgematched1,uncertain_to_control,0.023073607782907225,0.002708869721910424
138,hedgematched2,uncertain_to_control,0.09546304671362651,-0.0034469148259900903
138,hedgematched3,uncertain_to_control,0.10275161490073836,-0.0037832255180803268
138,hedgematched4,uncertain_to_control,-0.0028097914013934418,-0.00037335882180712865
138,hedgematched5,uncertain_to_control,0.0524236446863697,0.01322502330595129
138,hedgematched6,uncertain_to_control,0.023037832843206422,-0.00017750730111928514
138,hedgematched7,uncertain_to_control,-0.0030140002846641123,-0.00923003995043304
138,hedgematched8,uncertain_to_control,0.06031977268634022,0.004213095726532208
138,hedgematched9,uncertain_to_control,0.08913963419586764,-0.004257297702224638
139,direction,uncertain_to_control,0.8950070219358782,0.11286641213783544
139,hedgematched0,uncertain_to_control,0.0007666413760240287,-0.007469987635179028
139,hedgematched1,uncertain_to_control,-0.02290227209478772,-0.007717577669549228
139,hedgematched2,uncertain_to_control,-0.004383333608170028,-0.007053811171757561
139,hedgematched3,uncertain_to_control,0.0005029341508846654,-0.003654930776950211
139,hedgematched4,uncertain_to_control,0.00323547956991514,-0.0006531116054268152
139,hedgematched5,uncertain_to_control,-0.028246593455837965,-0.009700780050118556
139,hedgematched6,uncertain_to_control,0.0014641939070914837,-0.01013485340305911
139,hedgematched7,uncertain_to_control,-0.008216948493280073,-0.007704766069567911
139,hedgematched8,uncertain_to_control,-0.03154558580251436,-0.005298773322219958
139,hedgematched9,uncertain_to_control,0.012396551609826188,-0.0073900910772329255
140,direction,uncertain_to_control,0.8577023217459436,0.6166716557612132
140,hedgematched0,uncertain_to_control,0.01873819288452623,-0.008499117311279164
140,hedgematched1,uncertain_to_control,0.008904961539797173,-0.008394509897320771
140,hedgematched2,uncertain_to_control,0.017699208516252358,-0.0012190093924724621
140,hedgematched3,uncertain_to_control,0.008819095063080325,-0.0006078983651604655
140,hedgematched4,uncertain_to_control,0.017861518953656952,-0.0004759245547039672
140,hedgematched5,uncertain_to_control,-0.00018563876337987777,-0.009073243545041828
140,hedgematched6,uncertain_to_control,0.0020506130448503406,-0.00011222769186659922
140,hedgematched7,uncertain_to_control,0.02544246501529981,-0.0005028599843280855
140,hedgematched8,uncertain_to_control,0.009121147492239152,-0.011815524943020793
140,hedgematched9,uncertain_to_control,-0.0005012930503549135,-0.008492946649219821
