pair,set,direction,logodds_rec,entropy_rec
0,circuit,control_to_uncertain,0.569824845777955,-0.49440672664681606
0,circuit,uncertain_to_control,0.9830957731102806,0.4731356527211717
0,random0,control_to_uncertain,-0.030929694066122605,0.07334169313359269
0,random1,control_to_uncertain,0.017957212702486774,-0.18436137772280176
0,random2,control_to_uncertain,0.03474920080849905,-0.06433102541108389
0,random3,control_to_uncertain,0.021961510966663593,0.005294985348300337
0,random4,control_to_uncertain,-0.028680688666619217,0.08995003964132867
0,random5,control_to_uncertain,0.07885334562428221,-0.255593226104878
0,random6,control_to_uncertain,-0.03789855504381154,0.0674212914095965
0,random7,control_to_uncertain,0.031280243345595364,0.008134268345808462
0,random8,control_to_uncertain,0.08027444702491261,-0.20166680683664087
0,random9,control_to_uncertain,0.04696018054539546,0.08665354423717138
0,random10,control_to_uncertain,-0.004131017383178546,-0.1617940748734454
0,random11,control_to_uncertain,0.04044920891835003,-0.006560559571136577
0,random12,control_to_uncertain,-0.1075808202326582,-0.044016370593032386
0,random13,control_to_uncertain,0.1069740272850951,0.4690504885947314
0,random14,control_to_uncertain,0.005339596664611221,0.10065106275614488
0,random15,control_to_uncertain,0.005370283753715522,-0.06589528452457337
0,random16,control_to_uncertain,0.039518065092279446,-0.20678822080834292
0,random17,control_to_uncertain,-0.004161877114134348,0.027432895593528493
0,random18,control_to_uncertain,0.04133335100034947,-0.12091317745802224
0,random19,control_to_uncertain,0.04719052793576066,-0.18450531496193204
0,random20,control_to_uncertain,-0.05834815499595522,0.12569863707536766
0,random21,control_to_uncertain,-0.04638934026340744,0.23540330681443417
0,random22,control_to_uncertain,0.08687801942505688,0.06724333539020959
0,random23,control_to_uncertain,0.04770355477772729,0.029618640023661953
0,random24,control_to_uncertain,-0.01911883340031118,0.14974447171196678
0,random25,control_to_uncertain,-0.04111426849079471,0.012023522096615226
0,random26,control_to_uncertain,-0.05944037366947623,-0.019940599429807443
0,random27,control_to_uncertain,0.05642842076772709,-0.27385813601653314
0,random28,control_to_uncertain,-0.023014842063134002,-0.0015255533012863824
0,random29,control_to_uncertain,-0.03139587022563815,0.04388619206058367
1,circuit,control_to_uncertain,0.8276685784750722,0.28888437375856224
1,circuit,uncertain_to_control,0.9180353005986596,0.9931734977197699
1,random0,control_to_uncertain,-0.05340080447064321,-0.22074597091542214
1,random1,control_to_uncertain,0.009584312500182239,0.06832900202056544
1,random2,control_to_uncertain,-0.0992670181922333,0.1986782268280121
1,random3,control_to_uncertain,-0.11142446837500174,0.0713697549087319
1,random4,control_to_uncertain,-0.07416760778713177,-0.593668787885602
1,random5,control_to_uncertain,0.0036006330304406368,-0.01643328975251018
1,random6,control_to_uncertain,0.047402341263197235,0.3919227709265583
1,random7,control_to_uncertain,-0.11377027411863218,-0.6842274897552942
1,random8,control_to_uncertain,-0.09665331475186315,-0.20896549619497654
1,random9,control_to_uncertain,0.019828138281864697,-0.08277840061591375
1,random10,control_to_uncertain,-0.09089788800750871,0.13939933954172676
1,random11,control_to_uncertain,0.0422597490437505,-0.35332697288887316
1,random12,control_to_uncertain,0.12385994490525543,-0.5776257981340555
1,random13,control_to_uncertain,0.061185951438644394,0.022511850878630085
1,random14,control_to_uncertain,-0.013168294642654807,-0.2984986567041119
1,random15,control_to_uncertain,-0.03797875715009847,-0.3157711717673362
1,random16,control_to_uncertain,-0.0690677298271423,0.10425534079240002
1,random17,control_to_uncertain,-0.11083363041484447,-0.7805700200343293
1,random18,control_to_uncertain,0.026521232542208978,0.00798428520489947
1,random19,control_to_uncertain,-0.015005826276144772,-0.12269179577619374
1,random20,control_to_uncertain,-0.04147083969123576,0.053071430789476785
1,random21,control_to_uncertain,-0.004267205674581696,-0.8463585920074698
1,random22,control_to_uncertain,-0.0649885947811769,0.24425405050021576
1,random23,control_to_uncertain,0.08253975610515933,-0.2258934871832761
1,random24,control_to_uncertain,0.0014313369302320633,-1.0
1,random25,control_to_uncertain,0.01617110708249996,-0.11788666201947325
1,random26,control_to_uncertain,0.04781088908733542,-0.5061310294390067
1,random27,control_to_uncertain,0.08666874150542546,-0.41893083498501443
1,random28,control_to_uncertain,0.19343623019394782,-0.3368952893092065
1,random29,control_to_uncertain,0.018547324355767936,-0.20931992500243604
2,circuit,control_to_uncertain,0.6730673951614057,0.4979504363861238
2,circuit,uncertain_to_control,0.9227689695130789,-0.05875261128143213
2,random0,control_to_uncertain,0.04837534518327388,0.04146593228999341
2,random1,control_to_uncertain,-0.007655315294663362,0.005870894509563729
2,random2,control_to_uncertain,0.08173557392125223,-0.0339930690010851
2,random3,control_to_uncertain,-0.09706691798639513,0.002675088772089505
2,random4,control_to_uncertain,0.2749801755601671,0.007750092963891454
2,random5,control_to_uncertain,0.07797654560145374,0.0676303941913186
2,random6,control_to_uncertain,0.40277767427336714,0.05264092402351812
2,random7,control_to_uncertain,0.060370431187410624,-0.05141133657429249
2,random8,control_to_uncertain,0.1420270048753175,0.19492330635223873
2,random9,control_to_uncertain,-0.0321632108551081,0.08553217798458256
2,random10,control_to_uncertain,0.02449505943931653,-0.0008306608636463813
2,random11,control_to_uncertain,-0.2205046975811279,0.2809679760117817
2,random12,control_to_uncertain,-0.05974392646744421,0.0841658450820527
2,random13,control_to_uncertain,0.03032699381018437,0.14400464598052082
2,random14,control_to_uncertain,0.028794649972719702,-0.017610440267666373
2,random15,control_to_uncertain,-0.04726874686446572,0.042168633806016084
2,random16,control_to_uncertain,-0.03895861937741412,0.09928346153589562
2,random17,control_to_uncertain,-0.07205515508400363,0.13070631421780124
2,random18,control_to_uncertain,0.06213067993046959,0.2552670279197085
2,random19,control_to_uncertain,-0.03255795699956094,0.03943157494811612
2,random20,control_to_uncertain,0.09107242108371148,0.08347772476269132
2,random21,control_to_uncertain,-0.0819045970173445,0.04612705482271736
2,random22,control_to_uncertain,0.028617267813199586,-0.04477689209340804
2,random23,control_to_uncertain,0.0947985515301549,0.020619401055615546
2,random24,control_to_uncertain,0.04927432703518046,-0.00048286193559099873
2,random25,control_to_uncertain,0.08611280456920575,0.008666371623318198
2,random26,control_to_uncertain,0.07857346773762798,0.05432888447548053
2,random27,control_to_uncertain,-0.14739355193181497,0.17922206815510697
2,random28,control_to_uncertain,-0.10341422403735114,0.12557064850911995
2,random29,control_to_uncertain,-0.015139737329891288,-0.05008603665467484
3,circuit,control_to_uncertain,0.7272755713134949,0.05148231715530766
3,circuit,uncertain_to_control,0.9186734390689086,0.42018829259714613
3,random0,control_to_uncertain,0.05061534183146504,-0.05919449235881389
3,random1,control_to_uncertain,0.009650373277765259,0.029465928836482705
3,random2,control_to_uncertain,0.0011935663454210581,0.025571833011119153
3,random3,control_to_uncertain,0.04181117410173041,-0.024443495070804042
3,random4,control_to_uncertain,0.03984366669869229,-0.009937617309387154
3,random5,control_to_uncertain,0.02587492777429196,0.016396376853605087
3,random6,control_to_uncertain,0.049312098932078205,-0.09832399422075333
3,random7,control_to_uncertain,0.02868871829010891,-0.040922306270551094
3,random8,control_to_uncertain,0.1651677968539945,-0.01467851924239413
3,random9,control_to_uncertain,-0.0012105530252785582,-0.0748908190601044
3,random10,control_to_uncertain,-0.003989827228143055,-0.05639586056929188
3,random11,control_to_uncertain,0.02748310355379958,-0.03170178220061339
3,random12,control_to_uncertain,0.185476910991142,-0.23169805981923916
3,random13,control_to_uncertain,0.029531226585141634,0.03820796288685936
3,random14,control_to_uncertain,0.14980414642528378,-0.29435586436583566
3,random15,control_to_uncertain,0.03609170469838637,-0.047630579462823286
3,random16,control_to_uncertain,-0.012462638353534124,0.020695941270805315
3,random17,control_to_uncertain,0.009556132108692826,0.10533904298145348
3,random18,control_to_uncertain,0.04012682973948276,-0.047073077976544864
3,random19,control_to_uncertain,0.017284890459442894,0.0010417676148684462
3,random20,control_to_uncertain,0.03488446110236468,-0.02888061645487957
3,random21,control_to_uncertain,0.010983064926554974,0.07697692144940974
3,random22,control_to_uncertain,-0.010988494458929517,-0.024429375693177654
3,random23,control_to_uncertain,0.04332291104429971,-0.08927226089244022
3,random24,control_to_uncertain,0.09816946160033037,-0.07635866385334501
3,random25,control_to_uncertain,0.02236520048263889,-0.07646377477567483
3,random26,control_to_uncertain,-0.001661643745938839,0.014299863206049996
3,random27,control_to_uncertain,0.017333213297576328,-0.05166993373376744
3,random28,control_to_uncertain,0.04851442306150957,-0.09071307920022426
3,random29,control_to_uncertain,-0.015909874313047807,0.013175518625063564
4,circuit,control_to_uncertain,0.7345480134432196,-0.23360255077330933
4,circuit,uncertain_to_control,1.1254219573771906,0.5323506039220427
4,random0,control_to_uncertain,-0.10025536459891231,-0.04261780951361999
4,random1,control_to_uncertain,-0.17978208969364676,0.0839050222433117
4,random2,control_to_uncertain,-0.19466208841748575,0.3025815635737288
4,random3,control_to_uncertain,0.021312793168689403,0.005775992250980674
4,random4,control_to_uncertain,0.07155259163858138,0.20613077450174083
4,random5,control_to_uncertain,-0.1687118449410113,0.1510134243919331
4,random6,control_to_uncertain,-0.1381788529979725,0.07071502834419433
4,random7,control_to_uncertain,0.031363271601519756,-0.0602821106930423
4,random8,control_to_uncertain,-0.01696018639184169,0.10123022215543284
4,random9,control_to_uncertain,0.06976900161615847,-0.2969179517042044
4,random10,control_to_uncertain,-0.03153538542307014,-0.003511396889774937
4,random11,control_to_uncertain,-0.008783681956391008,0.002394126818320289
4,random12,control_to_uncertain,-0.23871928716848836,0.02960880029859206
4,random13,control_to_uncertain,-0.20127946121205137,-0.09313573116260608
4,random14,control_to_uncertain,-0.27038713242195245,0.25045707616629354
4,random15,control_to_uncertain,-0.04249302963241364,-0.21240659810047754
4,random16,control_to_uncertain,-0.013489461128416319,-0.06543053691850707
4,random17,control_to_uncertain,0.022762424252561825,0.04756859001007013
4,random18,control_to_uncertain,-0.1296516303231487,0.04906971748911519
4,random19,control_to_uncertain,-0.02002956030666485,-0.0020011221703787854
4,random20,control_to_uncertain,-0.027048801114212567,-0.06588283528515297
4,random21,control_to_uncertain,-0.0442882123118603,-0.16889186900171757
4,random22,control_to_uncertain,-0.009163301109514152,-0.05645203048317847
4,random23,control_to_uncertain,-0.1564007015139784,0.17936872607527035
4,random24,control_to_uncertain,0.028801907938222054,-0.011313992909255293
4,random25,control_to_uncertain,-0.08340235377437376,-0.23746807653953364
4,random26,control_to_uncertain,0.008810613087192701,0.08565949561136643
4,random27,control_to_uncertain,-0.018369485362559057,0.05651573447848071
4,random28,control_to_uncertain,-0.09593017332572244,-0.332005295598789
4,random29,control_to_uncertain,-0.03484148849845351,-0.009039596933387673
5,circuit,control_to_uncertain,0.9570983166387992,-0.5933454218949239
5,circuit,uncertain_to_control,0.900580909590042,0.6840774302761391
5,random0,control_to_uncertain,-0.2328656580407249,0.10112915588970127
5,random1,control_to_uncertain,-0.2500305659950451,0.13822926730053972
5,random2,control_to_uncertain,0.09601495190915517,-0.13140788369527268
5,random3,control_to_uncertain,-0.025874711595046753,-0.01861055363243866
5,random4,control_to_uncertain,0.12125016476576277,-0.12135941179821336
5,random5,control_to_uncertain,0.3015321399621584,-0.23068903033455013
5,random6,control_to_uncertain,0.28702766715551503,-0.20831928034722275
5,random7,control_to_uncertain,0.23118364610286157,-0.1295310224645738
5,random8,control_to_uncertain,0.48647696029741905,0.34734089373057303
5,random9,control_to_uncertain,-0.012609173534933975,-0.2846782699143809
5,random10,control_to_uncertain,0.09899163353188256,-0.10379847724265844
5,random11,control_to_uncertain,-0.05804887237944595,-0.01853528759693852
5,random12,control_to_uncertain,-0.0839587167056396,0.05753552428581228
5,random13,control_to_uncertain,0.039091468610435616,-0.11766362137626113
5,random14,control_to_uncertain,0.1463493096444277,-0.04801516907117892
5,random15,control_to_uncertain,0.1276883804589362,-0.010655617916760441
5,random16,control_to_uncertain,0.14585236572498492,0.07375546897553974
5,random17,control_to_uncertain,0.1693411133910195,-0.11756315262281322
5,random18,control_to_uncertain,0.47073391600734416,0.9952214620415992
5,random19,control_to_uncertain,0.039435115502097065,-0.015208984985623331
5,random20,control_to_uncertain,-0.011884100389314253,0.017998846034828445
5,random21,control_to_uncertain,0.1755871629048178,-0.08076547382734804
5,random22,control_to_uncertain,-0.08857584258875816,0.045947747923327405
5,random23,control_to_uncertain,-0.01770077292008523,0.26542088453443197
5,random24,control_to_uncertain,0.31497386062529,-0.11343275786557155
5,random25,control_to_uncertain,-0.20025698269518385,0.22705744412166845
5,random26,control_to_uncertain,0.21202795257652138,-0.12042930606254801
5,random27,control_to_uncertain,0.4124891929228045,-0.25026755079929963
5,random28,control_to_uncertain,-0.022766217362107922,-0.16654879739415301
5,random29,control_to_uncertain,0.24870647199916138,-0.20454069728622037
6,circuit,control_to_uncertain,1.124337827299844,0.6105897991774394
6,circuit,uncertain_to_control,1.2745123718122353,0.0034903386722030835
6,random0,control_to_uncertain,0.13489547081699532,0.17719706010260838
6,random1,control_to_uncertain,-0.01188463499945066,0.13438340593012327
6,random2,control_to_uncertain,0.13945038417383582,0.12380955213168901
6,random3,control_to_uncertain,-0.029040749811680953,-0.17506338146543698
6,random4,control_to_uncertain,-0.08341397050788824,-0.022575937743349355
6,random5,control_to_uncertain,-0.011937407564157053,-0.05727942662343005
6,random6,control_to_uncertain,-0.3484960788046448,-0.11028741758072914
6,random7,control_to_uncertain,0.2132920971891752,-0.018040652786256727
6,random8,control_to_uncertain,0.03775832282230061,0.10000114704769042
6,random9,control_to_uncertain,-0.071576219609003,0.011579347307206419
6,random10,control_to_uncertain,0.15623571208898707,0.12494028625495585
6,random11,control_to_uncertain,-0.004046492927656417,-0.09103684189731884
6,random12,control_to_uncertain,-0.14406973521738345,-0.14410918081394222
6,random13,control_to_uncertain,0.21469668223059793,0.03722121607730365
6,random14,control_to_uncertain,-0.15719560628148557,-0.15223129806005914
6,random15,control_to_uncertain,-0.024237924660753654,-0.07093637468072068
6,random16,control_to_uncertain,0.04732487819451043,0.12911100830165145
6,random17,control_to_uncertain,-0.09114954895110056,-0.10316949102378538
6,random18,control_to_uncertain,-0.0929207840571995,-0.07812057510422203
6,random19,control_to_uncertain,-0.12803455291127902,0.2820670705690645
6,random20,control_to_uncertain,-0.02589549004767569,-0.10538655011529245
6,random21,control_to_uncertain,0.11688482059787739,-0.09900420683280732
6,random22,control_to_uncertain,-0.04289608232281574,-0.0877285864251579
6,random23,control_to_uncertain,0.05094565007227903,0.13293789926287317
6,random24,control_to_uncertain,0.09618053345311016,0.027141244195549256
6,random25,control_to_uncertain,0.29438198779940045,-0.014266101186316372
6,random26,control_to_uncertain,-0.25105451957511826,-0.0457256825535604
6,random27,control_to_uncertain,0.09461606542963204,0.3536355393326193
6,random28,control_to_uncertain,0.26840633264813474,-0.07879328317194656
6,random29,control_to_uncertain,-0.1841899657291387,-0.08743822758757319
7,circuit,control_to_uncertain,0.18018445607223316,0.06714799451914125
7,circuit,uncertain_to_control,0.663223658322914,0.5566562710753737
7,random0,control_to_uncertain,0.47996225936553477,-0.2094326255768058
7,random1,control_to_uncertain,-0.08939581297309176,0.10878496757473172
7,random2,control_to_uncertain,-0.052586612710152525,-0.05231058691063485
7,random3,control_to_uncertain,-0.22714313203525163,0.03193169614625525
7,random4,control_to_uncertain,0.26707186964648005,-0.10601718832524314
7,random5,control_to_uncertain,0.07387784754568587,0.26723881399804905
7,random6,control_to_uncertain,-0.0635909760410995,-0.00392102060344215
7,random7,control_to_uncertain,-0.0021664972588743316,0.4954018978949453
7,random8,control_to_uncertain,0.10842319177685228,-0.05574495895228919
7,random9,control_to_uncertain,0.6285934779146386,-0.2182726270138796
7,random10,control_to_uncertain,0.03185915924702866,0.4163592590692977
7,random11,control_to_uncertain,0.025686048646580775,0.14996284861223697
7,random12,control_to_uncertain,0.061479066717392,0.4867416340141717
7,random13,control_to_uncertain,-0.14910037495473788,0.10982798275387491
7,random14,control_to_uncertain,-0.20701279474177967,0.17436465030039905
7,random15,control_to_uncertain,-0.02369724878570505,-0.1390439815182395
7,random16,control_to_uncertain,0.071290344143861,0.34710346452234503
7,random17,control_to_uncertain,-0.032618980974649506,0.27107413375057615
7,random18,control_to_uncertain,-0.09723478156271766,0.02817270801978436
7,random19,control_to_uncertain,-0.1581115290600945,0.19176295640654678
7,random20,control_to_uncertain,0.04638669317223984,-0.06998714521681954
7,random21,control_to_uncertain,-0.038494812206038675,-0.14678351238255014
7,random22,control_to_uncertain,0.23673420578787321,-0.08038491806940094
7,random23,control_to_uncertain,0.649843352909149,0.1986241913316965
7,random24,control_to_uncertain,-0.10849136055534009,-0.03349442773962938
7,random25,control_to_uncertain,0.09292956604267101,-0.14442880572316344
7,random26,control_to_uncertain,-0.03744644165149404,0.24362313161036273
7,random27,control_to_uncertain,-0.19307479287891127,-0.019518575469984603
7,random28,control_to_uncertain,0.03530631239361305,0.7840259676333927
7,random29,control_to_uncertain,-0.3247828696533587,0.07799232116242319
8,circuit,control_to_uncertain,1.1939016070177877,0.9044773396333278
8,circuit,uncertain_to_control,0.8603402416880324,0.05526037728593108
8,random0,control_to_uncertain,0.21324269481785948,0.016718021095762137
8,random1,control_to_uncertain,0.03108955557818176,-0.11982838073403008
8,random2,control_to_uncertain,-0.08185743908396088,0.1474495282724095
8,random3,control_to_uncertain,0.2931722336203951,-0.17771780936200648
8,random4,control_to_uncertain,0.09370968422001409,-0.20794375006745014
8,random5,control_to_uncertain,0.06677031581482026,-0.07359204454106541
8,random6,control_to_uncertain,-0.16291782451597114,0.3384543232094928
8,random7,control_to_uncertain,-0.11943369639200961,0.10892627300742252
8,random8,control_to_uncertain,0.052867778429389924,0.20490956810229538
8,random9,control_to_uncertain,0.24982279834702262,0.09956764737501875
8,random10,control_to_uncertain,0.15205189970985156,0.1503926624941969
8,random11,control_to_uncertain,0.2981877643011549,0.13030180002980382
8,random12,control_to_uncertain,-0.03326082464972058,0.051942737591075996
8,random13,control_to_uncertain,-0.021407672368930104,-0.05708489765931214
8,random14,control_to_uncertain,0.16778258774139757,-0.07274791098752388
8,random15,control_to_uncertain,0.31212201546660007,0.029625407617722744
8,random16,control_to_uncertain,0.22394290242337547,-0.2233413878751338
8,random17,control_to_uncertain,-0.014850539921661883,0.16331520241680186
8,random18,control_to_uncertain,0.09549258648663496,-0.11362796574096261
8,random19,control_to_uncertain,-0.13395189476772704,0.19175889946326719
8,random20,control_to_uncertain,0.4369885291185115,-0.09639511104179598
8,random21,control_to_uncertain,-0.20399261250354603,0.27987153099741113
8,random22,control_to_uncertain,-0.07613259379023868,0.1650470196332998
8,random23,control_to_uncertain,0.7104436090165542,0.023354319201482003
8,random24,control_to_uncertain,0.010220944897924083,-0.027383213680362763
8,random25,control_to_uncertain,0.6536453901553315,-0.20202360931655267
8,random26,control_to_uncertain,0.026298271076473825,0.010337420708478146
8,random27,control_to_uncertain,-0.14827273473440508,0.25254823055236914
8,random28,control_to_uncertain,0.11463330415713953,-0.12018645941144128
8,random29,control_to_uncertain,0.13961886422721173,0.0864710343542555
9,circuit,control_to_uncertain,0.8412414577588565,0.5158709164760702
9,circuit,uncertain_to_control,0.9223083256059674,0.4302731687690487
9,random0,control_to_uncertain,0.01868158235788832,-0.07403699638210141
9,random1,control_to_uncertain,0.021682107838469425,-0.0261703464533389
9,random2,control_to_uncertain,-0.030626231857886342,0.1873841134134653
9,random3,control_to_uncertain,0.0400171575477688,0.001257200802496397
9,random4,control_to_uncertain,0.015788507451974614,-0.02614289613070621
9,random5,control_to_uncertain,-0.010506157204281497,0.08790024840444251
9,random6,control_to_uncertain,-0.013336825325500472,0.03800059641519764
9,random7,control_to_uncertain,0.012912159200662266,-0.017876273424512555
9,random8,control_to_uncertain,-0.015894367176340254,-0.16429054056787584
9,random9,control_to_uncertain,0.10908355977572283,-0.19671116965315288
9,random10,control_to_uncertain,0.0004036214479892175,0.031219887243304646
9,random11,control_to_uncertain,0.04299270667861228,0.11450033025794823
9,random12,control_to_uncertain,-0.09984540116767503,-0.09360248354696288
9,random13,control_to_uncertain,-0.012992792584528581,-0.03155780191361713
9,random14,control_to_uncertain,-0.018950390606019878,0.1026814679845179
9,random15,control_to_uncertain,-0.049190091293444475,0.0332992791503322
9,random16,control_to_uncertain,-0.0053763013212284475,0.14990345487782794
9,random17,control_to_uncertain,0.06408972250252752,-0.04307566960132392
9,random18,control_to_uncertain,-0.0027799881758915,-0.04065260924456742
9,random19,control_to_uncertain,0.01900116145707888,0.18986477149958864
9,random20,control_to_uncertain,-0.00660393777266322,0.1522848003338151
9,random21,control_to_uncertain,0.06380977830228365,-0.23296237738493783
9,random22,control_to_uncertain,0.03789862220091594,-0.09450762497141466
9,random23,control_to_uncertain,-0.057405242251729514,0.11310833518558082
9,random24,control_to_uncertain,0.01730395144943053,-0.019539954768700914
9,random25,control_to_uncertain,-0.017267770968281946,0.06002414609493239
9,random26,control_to_uncertain,-0.01027371124876158,-0.06222988140831303
9,random27,control_to_uncertain,-0.1209174860947184,0.2569544388475288
9,random28,control_to_uncertain,-0.006709570232700037,0.11151387899999674
9,random29,control_to_uncertain,0.1089353834333304,-0.29636543044218605
10,circuit,control_to_uncertain,1.0860971454615276,0.0517264737939376
10,circuit,uncertain_to_control,0.9471080263146482,0.7875799592364091
10,random0,control_to_uncertain,0.1526839214282391,-0.10057677671082424
10,random1,control_to_uncertain,-0.09914979289397259,0.1302387163235522
10,random2,control_to_uncertain,0.027785443990692254,-0.07401455603379468
10,random3,control_to_uncertain,0.14292775102488506,-0.2778966034924676
10,random4,control_to_uncertain,-0.03351348495613043,-0.18366813725695352
10,random5,control_to_uncertain,-0.05056198159425512,0.09431988238466409
10,random6,control_to_uncertain,0.04102999863585217,0.27484357913655083
10,random7,control_to_uncertain,0.014330944629003044,-0.11335638367519227
10,random8,control_to_uncertain,0.05976160136761734,-0.08699899735198087
10,random9,control_to_uncertain,0.021842727160183286,-0.07116050678865053
10,random10,control_to_uncertain,0.10835631225895784,-0.16601136812727232
10,random11,control_to_uncertain,0.08897797137812838,-0.03119401209276019
10,random12,control_to_uncertain,-0.053250653884154675,-0.1440260533035668
10,random13,control_to_uncertain,0.014634920922794753,0.005964470267629894
10,random14,control_to_uncertain,0.029658288853966003,0.009518400115749944
10,random15,control_to_uncertain,0.10627460690069555,-0.13512837422148297
10,random16,control_to_uncertain,0.16727527635821418,0.18078234048061337
10,random17,control_to_uncertain,-0.006558258968877717,-0.09779554948638952
10,random18,control_to_uncertain,0.08360831491470921,-0.2377137951094453
10,random19,control_to_uncertain,-0.11053096497294178,0.2523653704386839
10,random20,control_to_uncertain,0.03860459504916846,-0.08612608971457714
10,random21,control_to_uncertain,-0.05997558727352583,-0.2216005180049158
10,random22,control_to_uncertain,0.1970444515061217,-0.1250797723983018
10,random23,control_to_uncertain,0.08195389140910163,0.0758596794994054
10,random24,control_to_uncertain,0.023244329915604194,-0.009915393726185615
10,random25,control_to_uncertain,-0.01672411726624775,0.002767834668901948
10,random26,control_to_uncertain,0.11553109902215045,-0.18026846095023769
10,random27,control_to_uncertain,0.09441218830602015,-0.10376348746929129
10,random28,control_to_uncertain,-0.07986760275068976,-0.06633631696352502
10,random29,control_to_uncertain,0.031152444702730108,0.016149269597523812
11,circuit,control_to_uncertain,0.7522266875868028,-0.020686056387723476
11,circuit,uncertain_to_control,1.150101548634101,0.3797402837762043
11,random0,control_to_uncertain,0.062021920850243,0.011695652154810419
11,random1,control_to_uncertain,0.0406472037409032,0.013799552067545871
11,random2,control_to_uncertain,0.016316222407545173,0.037027838525242336
11,random3,control_to_uncertain,-0.03608968899416511,0.03370572862760588
11,random4,control_to_uncertain,-0.016735011863934925,-0.01198356955796755
11,random5,control_to_uncertain,-0.003822708819227367,0.09754812515001696
11,random6,control_to_uncertain,-0.00890859105739485,0.0019266407243046784
11,random7,control_to_uncertain,-0.013496477522167588,0.02441971060967904
11,random8,control_to_uncertain,0.029452143850050617,-0.009796585082039415
11,random9,control_to_uncertain,0.04340394613680392,0.06491273901337323
11,random10,control_to_uncertain,-0.03836781885269873,-0.04507728432438971
11,random11,control_to_uncertain,0.01284570280350759,-0.02005761953848343
11,random12,control_to_uncertain,-0.003359017190169291,-0.023860480595716924
11,random13,control_to_uncertain,-0.09840101968650697,0.08190459271133549
11,random14,control_to_uncertain,-0.03185650180392387,-0.0836222190968717
11,random15,control_to_uncertain,-0.03840842603493791,0.0067133660291188975
11,random16,control_to_uncertain,0.16713790706678203,-0.18372754287055135
11,random17,control_to_uncertain,-0.01918639159614283,-0.03242515976923641
11,random18,control_to_uncertain,-0.027465125096058578,0.08724727555278694
11,random19,control_to_uncertain,0.028703365258871065,0.07592783708747336
11,random20,control_to_uncertain,0.0009974418032980283,-0.02281256063457335
11,random21,control_to_uncertain,0.08114307879304967,-0.11371034524469123
11,random22,control_to_uncertain,0.05009456509122141,0.16976727580549492
11,random23,control_to_uncertain,-0.014099226438756253,0.019057635310006094
11,random24,control_to_uncertain,0.11709337582510532,-0.09806354032868489
11,random25,control_to_uncertain,0.07683110362902706,-0.11994211169416591
11,random26,control_to_uncertain,0.1081928727367004,-0.06720565479233624
11,random27,control_to_uncertain,0.02248806787512823,-0.026154487200454886
11,random28,control_to_uncertain,-0.0037699417939550295,-0.04102123048450193
11,random29,control_to_uncertain,0.05222752985115962,-0.12194171654252893
12,circuit,control_to_uncertain,1.0248342140196591,0.7339753479287824
12,circuit,uncertain_to_control,1.147273247732678,0.2551551162823036
12,random0,control_to_uncertain,-0.13078941622132562,0.008213906800477058
12,random1,control_to_uncertain,-0.037142247137575864,0.026727575633478703
12,random2,control_to_uncertain,-0.2710098172838088,0.5269052431580782
12,random3,control_to_uncertain,0.34697291968740457,0.48095911178946
12,random4,control_to_uncertain,0.01640316117890188,-0.0968588127484852
12,random5,control_to_uncertain,0.18503150366543183,-0.0703372220416764
12,random6,control_to_uncertain,-0.0807184812352782,-0.4534448741220109
12,random7,control_to_uncertain,0.07718978772721263,-0.129509118065333
12,random8,control_to_uncertain,0.265707485150957,0.02688795803167626
12,random9,control_to_uncertain,0.5638871020809144,0.003369724801817323
12,random10,control_to_uncertain,0.5612808907187304,-0.20356777164699627
12,random11,control_to_uncertain,0.05420312494060594,0.15051427625278718
12,random12,control_to_uncertain,-0.13734593972701328,0.19152634664901994
12,random13,control_to_uncertain,0.5900167929445981,-0.6504472077522089
12,random14,control_to_uncertain,0.27039618425103934,0.2623673329713003
12,random15,control_to_uncertain,-0.20756619085249112,-0.0847303819570907
12,random16,control_to_uncertain,0.34214526488378194,0.024890287333685913
12,random17,control_to_uncertain,-0.13363177836691992,0.22226031437197022
12,random18,control_to_uncertain,0.3066881196252335,0.28763511199463454
12,random19,control_to_uncertain,0.10486689183966792,-0.22710221256064184
12,random20,control_to_uncertain,0.08621092715553451,-0.0053276130032405234
12,random21,control_to_uncertain,0.19082461551717075,0.8054549906635453
12,random22,control_to_uncertain,0.20760668440287694,0.35101503842832615
12,random23,control_to_uncertain,0.5400564101026287,0.10867421422892819
12,random24,control_to_uncertain,-0.1617742151431307,-0.3953076176942599
12,random25,control_to_uncertain,-0.12007588924259005,0.01792776106411548
12,random26,control_to_uncertain,0.2511237884139664,0.315388634011806
12,random27,control_to_uncertain,0.8690646063773488,-0.5823039167249207
12,random28,control_to_uncertain,-0.12243565485092672,0.05221533712857123
12,random29,control_to_uncertain,-0.10802327698095293,-0.10913856436941474
13,circuit,control_to_uncertain,0.7563703098307365,0.39177642752215364
13,circuit,uncertain_to_control,1.1770166029246751,0.4566917541197801
13,random0,control_to_uncertain,-0.025022602088006492,0.04617518811470274
13,random1,control_to_uncertain,0.1530894538206755,-0.044222439940692006
13,random2,control_to_uncertain,0.04833649790256349,0.04773955671211996
13,random3,control_to_uncertain,0.011308369511526549,-0.0025907858491873176
13,random4,control_to_uncertain,0.09010858517851811,-0.032673471277967686
13,random5,control_to_uncertain,-0.030041481508780818,-0.01663897201706137
13,random6,control_to_uncertain,0.027195659996325665,0.0021474449852534275
13,random7,control_to_uncertain,0.0412773763181069,-0.00518299136262328
13,random8,control_to_uncertain,-0.020895043188528424,0.08274178438081084
13,random9,control_to_uncertain,0.004313667087518376,0.14598559575696834
13,random10,control_to_uncertain,0.026610236086279482,0.014476620557197176
13,random11,control_to_uncertain,-0.031540668175973105,0.07938671214290675
13,random12,control_to_uncertain,0.05006541855109703,0.3064829994635824
13,random13,control_to_uncertain,0.04324705697075481,0.024840575190659957
13,random14,control_to_uncertain,-0.04411249906417261,0.026849907125438097
13,random15,control_to_uncertain,-0.024020115090531955,0.011793860745615522
13,random16,control_to_uncertain,0.022871054993522086,0.06882217923202831
13,random17,control_to_uncertain,0.056374846107685575,0.08296213655311833
13,random18,control_to_uncertain,-0.05362992025567484,0.003361460727022991
13,random19,control_to_uncertain,-0.023277922785920505,0.02029785240417542
13,random20,control_to_uncertain,0.0031849975805683817,-0.008600833041235302
13,random21,control_to_uncertain,-0.06716408630042851,0.12225296710778635
13,random22,control_to_uncertain,0.14667857678514706,-0.033425082093035845
13,random23,control_to_uncertain,-0.019036201755675115,-0.027818219547602947
13,random24,control_to_uncertain,-0.12496511572817844,0.18340368635849566
13,random25,control_to_uncertain,-0.01289648180759107,0.13586734444311027
13,random26,control_to_uncertain,0.073419868983662,0.01909559959475177
13,random27,control_to_uncertain,0.030211919150756595,0.048360355607134434
13,random28,control_to_uncertain,0.053857917260825804,0.009079259893028553
13,random29,control_to_uncertain,0.012805001061569362,0.006843694319769967
14,circuit,control_to_uncertain,0.625355683741391,0.05392535239535219
14,circuit,uncertain_to_control,1.0933701158926206,0.478143094571856
14,random0,control_to_uncertain,-0.02275431203169613,0.06136416154647091
14,random1,control_to_uncertain,0.006634552514091399,-0.027123611494675605
14,random2,control_to_uncertain,-0.09949771077556752,0.058244660934711444
14,random3,control_to_uncertain,0.026086254828091106,0.006316735258264822
14,random4,control_to_uncertain,-0.01224210163651389,-0.0337582411814793
14,random5,control_to_uncertain,0.03652701048875315,-0.13287887708788176
14,random6,control_to_uncertain,-0.02645410499961012,0.033204560141153625
14,random7,control_to_uncertain,-0.09732936720000486,0.24800705811615933
14,random8,control_to_uncertain,0.0012831436138316089,-0.028975510557739743
14,random9,control_to_uncertain,-0.01667616631362513,0.11545750693251437
14,random10,control_to_uncertain,-0.053419384404443104,0.062038718016785094
14,random11,control_to_uncertain,-0.012568913148832492,-0.02177884988314407
14,random12,control_to_uncertain,0.02281016700637429,-0.03189600408821877
14,random13,control_to_uncertain,0.0027268702798629177,-0.04658038074909299
14,random14,control_to_uncertain,-0.08405063041463746,0.17538170015759252
14,random15,control_to_uncertain,-0.003489322943693577,0.05925033258371949
14,random16,control_to_uncertain,0.03686299290863029,-0.08635426205936736
14,random17,control_to_uncertain,-0.0364077656480108,0.11351713818796193
14,random18,control_to_uncertain,-0.03224974989690794,0.06208026894584364
14,random19,control_to_uncertain,-0.03483046171786675,-0.03897656073137811
14,random20,control_to_uncertain,0.058796232204061265,0.08802862533463587
14,random21,control_to_uncertain,0.008279255702046339,-0.044478977303404534
14,random22,control_to_uncertain,-0.058432276211882433,0.17508984961281762
14,random23,control_to_uncertain,-0.019164155189821196,-0.009663374321935262
14,random24,control_to_uncertain,0.024941366102076718,-0.057900722622408606
14,random25,control_to_uncertain,-0.018655423287616435,0.0595531175835098
14,random26,control_to_uncertain,0.03201690562334244,-0.016963117086085285
14,random27,control_to_uncertain,-0.03318979096413981,0.05215933850622726
14,random28,control_to_uncertain,-0.030383401081300696,0.059439498655486055
14,random29,control_to_uncertain,-0.028922000832110085,0.047046188532749375
15,circuit,control_to_uncertain,1.104954735530697,0.5516054298662247
15,circuit,uncertain_to_control,1.121577459291831,0.09199784612380899
15,random0,control_to_uncertain,-0.10344684219072313,-0.009479880042194246
15,random1,control_to_uncertain,0.00820155922680874,0.07005206155278122
15,random2,control_to_uncertain,-0.002625506690462096,0.024478523241433996
15,random3,control_to_uncertain,-0.04819761273885536,0.09586484686895586
15,random4,control_to_uncertain,-0.11358931623091469,0.20065557534966277
15,random5,control_to_uncertain,0.030297086079309844,-0.032038521863464786
15,random6,control_to_uncertain,0.04067066994909613,0.04667591367623721
15,random7,control_to_uncertain,0.09231672677415385,-0.0985945750560977
15,random8,control_to_uncertain,-0.00258800777356188,-0.03589824101457884
15,random9,control_to_uncertain,0.0129561306360326,0.20929187964890034
15,random10,control_to_uncertain,0.003552858546075975,-0.10870996522068263
15,random11,control_to_uncertain,-0.036905851505745345,0.04751435980409719
15,random12,control_to_uncertain,0.05740647296837786,0.0356056421479673
15,random13,control_to_uncertain,0.08220727362486374,-0.19181239999775843
15,random14,control_to_uncertain,-0.02940512155110083,0.026090979099295454
15,random15,control_to_uncertain,0.04225654647353632,0.04607525682902408
15,random16,control_to_uncertain,-0.031888642051358225,-0.05944809311741097
15,random17,control_to_uncertain,-0.11828884068639765,0.019665890250233693
15,random18,control_to_uncertain,0.1327470031812188,-0.04569524369966883
15,random19,control_to_uncertain,-0.06604119929545724,0.08841088371515676
15,random20,control_to_uncertain,-0.06565368621634472,-0.02833957749784719
15,random21,control_to_uncertain,0.04090920674864003,0.7381860616447278
15,random22,control_to_uncertain,-0.007586941056799573,0.011524769479577184
15,random23,control_to_uncertain,0.043790288581470584,-0.031727512597465105
15,random24,control_to_uncertain,0.013597762588896098,0.10534943491404707
15,random25,control_to_uncertain,0.1662386693199881,-0.007741010793114208
15,random26,control_to_uncertain,-0.0675224429197312,0.03877166869312814
15,random27,control_to_uncertain,-0.07652917306514691,0.04904157972891354
15,random28,control_to_uncertain,0.16241072163206938,-0.19457986247677597
15,random29,control_to_uncertain,0.11293315799859178,-0.10453382611367237
16,circuit,control_to_uncertain,0.5347524809324257,-1.0
16,circuit,uncertain_to_control,1.4965177030333372,0.9456150942155871
16,random0,control_to_uncertain,-0.23716002976500125,-1.0
16,random1,control_to_uncertain,-0.01735435514128614,-1.0
16,random2,control_to_uncertain,-0.16091179755961718,-1.0
16,random3,control_to_uncertain,-0.061955400178142946,-0.03285342174316871
16,random4,control_to_uncertain,0.022949683227609825,-0.5062427352390445
16,random5,control_to_uncertain,-0.02139451803429921,0.4648093470109661
16,random6,control_to_uncertain,0.10193131456860391,-1.0
16,random7,control_to_uncertain,-0.07275660549472515,-0.5913042516160778
16,random8,control_to_uncertain,0.014449878720523225,-0.30983919407270005
16,random9,control_to_uncertain,-0.03665773937281,-0.6811096237096358
16,random10,control_to_uncertain,-0.030981177757142014,-1.0
16,random11,control_to_uncertain,0.19948393324546584,-0.08203268483476993
16,random12,control_to_uncertain,-0.24035459167068277,-0.6598045913440664
16,random13,control_to_uncertain,-0.17026096852911862,-1.0
16,random14,control_to_uncertain,0.008473134390573208,-0.9795467659355221
16,random15,control_to_uncertain,0.23901868745324034,-0.8915706129767834
16,random16,control_to_uncertain,-0.06507050336439203,0.18278187524882983
16,random17,control_to_uncertain,0.019715212082829132,0.22811582090620203
16,random18,control_to_uncertain,0.13702031385066932,-1.0
16,random19,control_to_uncertain,0.0676872687080914,-0.7141550932719039
16,random20,control_to_uncertain,-0.03954300467547289,-1.0
16,random21,control_to_uncertain,-0.09230450576748465,0.09795860154056997
16,random22,control_to_uncertain,0.06230153607879158,-0.07019016671151888
16,random23,control_to_uncertain,0.004726414730960643,-0.8072829410920168
16,random24,control_to_uncertain,-0.11040368147380983,0.48566301046949334
16,random25,control_to_uncertain,-0.20265086567792487,-1.0
16,random26,control_to_uncertain,-0.12908796883702414,-1.0
16,random27,control_to_uncertain,-0.10399134123008621,-1.0
16,random28,control_to_uncertain,-0.038567866548493104,-0.1763344633102353
16,random29,control_to_uncertain,-0.1231218733665453,-1.0
17,circuit,control_to_uncertain,0.793286353800943,0.3037482967777696
17,circuit,uncertain_to_control,0.9840931563355011,0.18201284258548014
17,random0,control_to_uncertain,0.01270555134983697,-0.025841369731311157
17,random1,control_to_uncertain,-0.13014924803738653,0.0791803186826581
17,random2,control_to_uncertain,0.1078540304361562,-0.03400746660485718
17,random3,control_to_uncertain,-0.0896202573899774,0.10848779358164908
17,random4,control_to_uncertain,0.12163999976156556,-0.056946386787154336
17,random5,control_to_uncertain,-0.03065947389440931,0.0488128487727103
17,random6,control_to_uncertain,-0.04542533723571033,0.07554607998533909
17,random7,control_to_uncertain,0.24045107027259016,0.038274980346253
17,random8,control_to_uncertain,0.18233761124456815,0.010648003216731526
17,random9,control_to_uncertain,0.023203009042626118,0.028088349772809044
17,random10,control_to_uncertain,0.1429641692646086,0.1267448335777734
17,random11,control_to_uncertain,-0.09243163786577334,0.11163270717465082
17,random12,control_to_uncertain,-0.02904527273919445,0.049745330309756454
17,random13,control_to_uncertain,-0.11649096035431358,0.11478275062005128
17,random14,control_to_uncertain,0.1380078325713366,0.08956376808282786
17,random15,control_to_uncertain,-0.05429242791828852,0.042618499655841864
17,random16,control_to_uncertain,-0.08313317159530523,0.05482890934600742
17,random17,control_to_uncertain,-0.06021981270974779,0.07711047558521343
17,random18,control_to_uncertain,0.019517885563390777,0.021085787175981446
17,random19,control_to_uncertain,0.2016683019295307,0.24241159386424635
17,random20,control_to_uncertain,-0.05480277299253104,0.14360131917818614
17,random21,control_to_uncertain,0.011561304474818342,0.05122346063664033
17,random22,control_to_uncertain,-0.0678302108356531,0.10159787835586241
17,random23,control_to_uncertain,0.0458425498178957,-0.014119971072867015
17,random24,control_to_uncertain,-0.05591149313606857,0.1031924249249373
17,random25,control_to_uncertain,0.10471809300135311,-0.03550339437883861
17,random26,control_to_uncertain,0.13301258337754304,0.07612303134389543
17,random27,control_to_uncertain,0.04793230846263434,-0.005579499665080836
17,random28,control_to_uncertain,0.0541344889455833,0.14105492326198835
17,random29,control_to_uncertain,0.13057819159399384,0.06818767313742584
18,circuit,control_to_uncertain,0.7563513161982353,-0.7472955997346462
18,circuit,uncertain_to_control,0.7109675880185042,0.03223883715396052
18,random0,control_to_uncertain,-0.08360043575767769,0.41985983247179043
18,random1,control_to_uncertain,-0.10547952410556723,-0.6298124264098451
18,random2,control_to_uncertain,-0.03244060597929808,-0.300224008049438
18,random3,control_to_uncertain,-0.0875641966861269,-0.08959674685328341
18,random4,control_to_uncertain,0.059443748526543674,-1.0
18,random5,control_to_uncertain,0.0403218125389703,-0.5683443011900916
18,random6,control_to_uncertain,-0.03482767738325905,-0.30936979722043745
18,random7,control_to_uncertain,0.37546307232795795,-1.0
18,random8,control_to_uncertain,0.017662189193031665,-0.02864429774685679
18,random9,control_to_uncertain,0.0009730626632049718,-0.08871553045460319
18,random10,control_to_uncertain,-0.005297295142499844,0.10419507372882826
18,random11,control_to_uncertain,0.09815247124877756,0.40377466643999455
18,random12,control_to_uncertain,-0.054591270388195876,-0.09072294536647121
18,random13,control_to_uncertain,0.1818535171425852,0.3472587760010306
18,random14,control_to_uncertain,0.05928850399654496,0.5943040894212588
18,random15,control_to_uncertain,0.048454799105191175,0.002355244563622125
18,random16,control_to_uncertain,0.2834101287819929,-0.15018716184039915
18,random17,control_to_uncertain,0.11278572828750581,-0.741799010200336
18,random18,control_to_uncertain,0.10004963274923427,-0.6704116715412863
18,random19,control_to_uncertain,0.43505001118324277,-1.0
18,random20,control_to_uncertain,-0.03409410283686968,-1.0
18,random21,control_to_uncertain,-0.0010283422115072258,-0.15611941498091253
18,random22,control_to_uncertain,0.007762464188411172,0.32445287402678047
18,random23,control_to_uncertain,-0.09396813541506333,0.012068403321651808
18,random24,control_to_uncertain,-0.060751578429743686,-0.2896369149298933
18,random25,control_to_uncertain,0.1446202965652691,0.2973414900540408
18,random26,control_to_uncertain,-0.023837539519529046,-0.613398534836142
18,random27,control_to_uncertain,-0.10344239804853687,-0.30195578436934994
18,random28,control_to_uncertain,0.15696186318970531,-0.2764510335593132
18,random29,control_to_uncertain,-0.03367858942619727,-1.0
19,circuit,control_to_uncertain,1.7323431591657752,0.34461628426308794
19,circuit,uncertain_to_control,1.2204359462880385,0.6548458873564729
19,random0,control_to_uncertain,0.005115101788986453,-0.2851684100264086
19,random1,control_to_uncertain,0.06323217103939159,0.050191056490756995
19,random2,control_to_uncertain,-0.211944152429272,0.35663641326142614
19,random3,control_to_uncertain,-0.018962965120589762,-0.07909483885937464
19,random4,control_to_uncertain,0.13370826757475293,-0.35407294347705376
19,random5,control_to_uncertain,-0.08720200109097456,-0.04203055026147043
19,random6,control_to_uncertain,0.331065103642584,-0.5472716274740441
19,random7,control_to_uncertain,-0.18407994698710956,0.1833980023900503
19,random8,control_to_uncertain,0.008338375560051264,-0.020871630692967057
19,random9,control_to_uncertain,-0.0677696785861817,-0.05339495782540293
19,random10,control_to_uncertain,0.23613691068837317,0.3227868898632092
19,random11,control_to_uncertain,-0.1211599085382,0.20656150624135752
19,random12,control_to_uncertain,-0.07106908225736408,0.012463133272799699
19,random13,control_to_uncertain,-0.2002969397104151,0.19000470767485123
19,random14,control_to_uncertain,0.04004912695554543,-0.08227486651528787
19,random15,control_to_uncertain,0.1708545283388588,-0.1538387668306082
19,random16,control_to_uncertain,-0.09069752200485114,0.010072814720134765
19,random17,control_to_uncertain,0.040323029096185826,-0.03893622642977182
19,random18,control_to_uncertain,-0.0658725545752084,0.13908456513021214
19,random19,control_to_uncertain,-0.005826254355954285,0.21141591033153564
19,random20,control_to_uncertain,-0.016962734744892016,0.04185766727334423
19,random21,control_to_uncertain,0.20616374151317113,-0.01238319668558231
19,random22,control_to_uncertain,0.2140621359004777,-0.21485626838306793
19,random23,control_to_uncertain,0.007283810943640042,0.04828143043572146
19,random24,control_to_uncertain,-0.03340083517810424,-0.006651367841081773
19,random25,control_to_uncertain,-0.06330134994862886,0.0035418882470416085
19,random26,control_to_uncertain,-0.21760920999671649,0.07168004978600868
19,random27,control_to_uncertain,-0.2886089478450604,0.3253916691590966
19,random28,control_to_uncertain,0.11464070659139296,-0.17440017382184067
19,random29,control_to_uncertain,-0.18300436389827457,0.31619426736642475
20,circuit,control_to_uncertain,0.5365678612326317,-0.0328756218714723
20,circuit,uncertain_to_control,0.9383559814184537,0.6144820325666164
20,random0,control_to_uncertain,0.06895288232048671,0.11751034713629002
20,random1,control_to_uncertain,0.013677048659991876,-0.006762598676327269
20,random2,control_to_uncertain,-0.07202224837332517,0.015254478160448495
20,random3,control_to_uncertain,-0.01141905132530989,-0.02228546158993379
20,random4,control_to_uncertain,-0.11444123821395304,0.07715910614254638
20,random5,control_to_uncertain,-0.043049627138152316,-0.027267426185352016
20,random6,control_to_uncertain,-0.019863888540830228,0.02553059342562937
20,random7,control_to_uncertain,-0.0987345405194077,0.07045599361064203
20,random8,control_to_uncertain,-0.03270031928263126,-0.0626861969147793
20,random9,control_to_uncertain,-0.12830478631863965,0.06776842819503534
20,random10,control_to_uncertain,0.031737713791709615,-0.10766039432763887
20,random11,control_to_uncertain,-0.015604059592606506,0.08690716569209816
20,random12,control_to_uncertain,-0.05075677089322516,0.15756671345318732
20,random13,control_to_uncertain,0.021114690695027673,-0.005359794559604329
20,random14,control_to_uncertain,0.0065871243876025444,-0.16776626354419885
20,random15,control_to_uncertain,-0.062129391670228726,-0.05798330598909508
20,random16,control_to_uncertain,-0.1021863552031852,0.21929857601193198
20,random17,control_to_uncertain,-0.0683494897323649,0.12993969817215387
20,random18,control_to_uncertain,2.225393680937372e-05,-0.033915351376239036
20,random19,control_to_uncertain,-0.03044003110151301,0.11249532822819931
20,random20,control_to_uncertain,0.09936894135036316,0.059595822001683924
20,random21,control_to_uncertain,-0.0391138711447151,0.11856105601732232
20,random22,control_to_uncertain,0.016114427452227364,0.01970664428210023
20,random23,control_to_uncertain,-0.08120027917236464,0.0846176462350713
20,random24,control_to_uncertain,-0.002079515852514161,0.10432673037856388
20,random25,control_to_uncertain,0.04220082762554626,-0.03320546789494227
20,random26,control_to_uncertain,0.05516444125253174,-2.3120591289370967e-05
20,random27,control_to_uncertain,0.00793271031310021,-0.060522736963023634
20,random28,control_to_uncertain,0.07983767553048333,0.015856310637227096
20,random29,control_to_uncertain,-0.009419346926316111,0.17237643973697395
21,circuit,control_to_uncertain,0.785292114212835,-0.16002047137427106
21,circuit,uncertain_to_control,0.955615007167861,0.10353885211250219
21,random0,control_to_uncertain,0.3525289039319513,-0.8756565263048456
21,random1,control_to_uncertain,0.21324128438981624,-0.6634934536908156
21,random2,control_to_uncertain,0.017949178445163177,-0.2726086619862734
21,random3,control_to_uncertain,-0.0025425094428076587,-0.0507624389025211
21,random4,control_to_uncertain,0.0847961669056969,-0.44966604454605197
21,random5,control_to_uncertain,-0.026007087398468357,-0.19977131315459967
21,random6,control_to_uncertain,0.004716606108036677,-0.2100353915022023
21,random7,control_to_uncertain,-0.010132482818826859,-0.09707435875744899
21,random8,control_to_uncertain,0.15312929578284865,-0.35118889783927915
21,random9,control_to_uncertain,-0.014731985361488611,-0.266014650105665
21,random10,control_to_uncertain,-0.014613619810459328,0.24526198444111347
21,random11,control_to_uncertain,0.010801074115155495,0.07399588499956097
21,random12,control_to_uncertain,0.1416521019741851,-0.46944362495152064
21,random13,control_to_uncertain,-0.014995392229275465,-0.30294541462979285
21,random14,control_to_uncertain,-0.012877736784518866,0.03162492745362833
21,random15,control_to_uncertain,0.013297716906939306,-0.5860733264420582
21,random16,control_to_uncertain,0.0643926439465442,-0.1629936864605356
21,random17,control_to_uncertain,0.02870068698582516,-0.027874142586760242
21,random18,control_to_uncertain,-0.04422311053440784,-0.2870974400484887
21,random19,control_to_uncertain,0.14499236041753275,-0.2831663491455386
21,random20,control_to_uncertain,0.12564516296782297,-0.5612227169051203
21,random21,control_to_uncertain,0.0327150633523326,-0.3437788788447939
21,random22,control_to_uncertain,-0.007976576153719252,-0.39327445818565765
21,random23,control_to_uncertain,0.010917394379089786,-0.3102710462062281
21,random24,control_to_uncertain,0.17451416489687685,0.5994070626394111
21,random25,control_to_uncertain,0.23544655297104278,-0.5282319537566559
21,random26,control_to_uncertain,0.0040334802183095925,0.051609894743621515
21,random27,control_to_uncertain,-0.05015096177014637,-0.10688234320273379
21,random28,control_to_uncertain,0.010885583637250666,-0.01958871332697581
21,random29,control_to_uncertain,-0.004798504625329732,-0.24178454142836384
22,circuit,control_to_uncertain,1.0590440575371058,-0.4003297898363429
22,circuit,uncertain_to_control,0.7680690912959266,0.9915172690218592
22,random0,control_to_uncertain,0.041342647477408664,-0.23110398547627958
22,random1,control_to_uncertain,-0.17927222787132066,-0.08996041932527181
22,random2,control_to_uncertain,0.09806014964094416,0.5463083579177559
22,random3,control_to_uncertain,0.03478648803802072,-0.11006050567774905
22,random4,control_to_uncertain,0.2122934817922795,-0.30157910093219414
22,random5,control_to_uncertain,-0.07930912537580348,-0.13437948524492568
22,random6,control_to_uncertain,-0.009419980813297668,-0.0008894599875628855
22,random7,control_to_uncertain,0.7542810209779085,0.11515404928280289
22,random8,control_to_uncertain,0.3633968130139894,-0.38494593391825105
22,random9,control_to_uncertain,-0.05702801622723496,-0.15829366915507195
22,random10,control_to_uncertain,-0.10781278302063098,-0.19475578163727833
22,random11,control_to_uncertain,0.2686616556341531,-0.29929930711715347
22,random12,control_to_uncertain,-0.12423380175593786,-0.015943599748899962
22,random13,control_to_uncertain,0.1383570164198687,-0.18995452495822368
22,random14,control_to_uncertain,0.13115960710387176,-0.3271117306745808
22,random15,control_to_uncertain,0.34422956573074787,-0.2728514295313684
22,random16,control_to_uncertain,0.22993326822760682,-0.3177435184066347
22,random17,control_to_uncertain,0.44620640943196055,-0.019977336158699937
22,random18,control_to_uncertain,-0.07382433529385268,0.0575411058422019
22,random19,control_to_uncertain,-0.06564727327441872,0.026665379729861157
22,random20,control_to_uncertain,0.5500598506274014,-0.21537928778362958
22,random21,control_to_uncertain,0.26013641534514503,-0.20261046780644076
22,random22,control_to_uncertain,0.07950473006839935,-0.22078530652182243
22,random23,control_to_uncertain,-0.2629728271442961,-0.13322949423383543
22,random24,control_to_uncertain,-0.02118338443078651,-0.12515922158988763
22,random25,control_to_uncertain,-0.10244894008324461,-0.19983407356759514
22,random26,control_to_uncertain,0.0019797188314320735,0.023420972747393954
22,random27,control_to_uncertain,0.17160952664814444,-0.17528816086906548
22,random28,control_to_uncertain,0.1780286382137391,-0.12227142381383231
22,random29,control_to_uncertain,0.04621158466635551,-0.17159106649730185
23,circuit,control_to_uncertain,1.1294853806847545,0.024833967882029278
23,circuit,uncertain_to_control,1.0468571874065091,0.3470598226316935
23,random0,control_to_uncertain,-0.03473628363788895,-0.007008654122572572
23,random1,control_to_uncertain,-0.0708341414453994,-0.04552637892109335
23,random2,control_to_uncertain,0.046196548319202634,0.0197996022103424
23,random3,control_to_uncertain,0.1885892025386716,-0.07990953468381344
23,random4,control_to_uncertain,0.007290884711125545,0.11515917853493547
23,random5,control_to_uncertain,-0.010878842498141243,-0.0745896006260027
23,random6,control_to_uncertain,0.1768832757750283,-0.08609199707263289
23,random7,control_to_uncertain,0.062113346774897486,-0.06846967911130583
23,random8,control_to_uncertain,-0.12099583958798123,0.08150718032853088
23,random9,control_to_uncertain,-0.06923724823074276,0.04892303552031947
23,random10,control_to_uncertain,0.04679781956816564,-0.02314978989192439
23,random11,control_to_uncertain,-0.016299012544848723,0.06885913289727573
23,random12,control_to_uncertain,-0.008376843840703356,0.049436057029648844
23,random13,control_to_uncertain,-0.0245028347096548,0.02769093284124807
23,random14,control_to_uncertain,0.13951848557845797,0.07129880930531923
23,random15,control_to_uncertain,-0.058590615887814036,0.11351424872840471
23,random16,control_to_uncertain,0.037892344884931616,0.028898542382731894
23,random17,control_to_uncertain,-0.005541117818075899,-0.0039390268986465304
23,random18,control_to_uncertain,0.04770782749105178,0.006699560118994786
23,random19,control_to_uncertain,-0.028478925433755894,0.06528533538642872
23,random20,control_to_uncertain,-0.0004630452245419589,0.044045429656023594
23,random21,control_to_uncertain,0.007548504062003698,0.03421568131767682
23,random22,control_to_uncertain,0.05254143372911095,-0.032200980048689584
23,random23,control_to_uncertain,0.12208185850390178,-0.027354236999370386
23,random24,control_to_uncertain,-0.07290753181171511,-0.021324691124001448
23,random25,control_to_uncertain,0.2907249022313937,-0.16393616888551624
23,random26,control_to_uncertain,-0.02152224637856186,0.025229011913730805
23,random27,control_to_uncertain,0.004336662157182121,0.1103359611030702
23,random28,control_to_uncertain,0.08407155516473888,0.04353031180454486
23,random29,control_to_uncertain,0.060462346920058724,0.06856471328874346
24,circuit,control_to_uncertain,0.553603928845172,-0.02588258051567762
24,circuit,uncertain_to_control,0.7747834581501012,0.3405912569727382
24,random0,control_to_uncertain,-0.0198536089300192,0.1578474343275398
24,random1,control_to_uncertain,-0.0014568275295826457,0.1551669789621463
24,random2,control_to_uncertain,0.062193565772648736,-0.3210713583114487
24,random3,control_to_uncertain,-0.01759633056717127,0.01578277186251083
24,random4,control_to_uncertain,-0.003745445414157916,0.09135878035672197
24,random5,control_to_uncertain,-0.009312396428907523,-0.14035045255183518
24,random6,control_to_uncertain,0.07761068187654745,-0.31332687196661346
24,random7,control_to_uncertain,0.08950442485556316,-0.42196268079378896
24,random8,control_to_uncertain,-0.039718438723761754,-0.00794498799724099
24,random9,control_to_uncertain,-0.013126262812878554,-0.0010963338816359664
24,random10,control_to_uncertain,-0.023954396305916337,0.1164440191387981
24,random11,control_to_uncertain,0.0017969599611968507,0.05001952921741127
24,random12,control_to_uncertain,-0.05649818846606541,-0.21662275980468648
24,random13,control_to_uncertain,0.023665152244547506,0.0008821896672798081
24,random14,control_to_uncertain,-0.07631077111309609,0.32602352028289744
24,random15,control_to_uncertain,0.10367517037194052,-0.43907397414067784
24,random16,control_to_uncertain,0.07583217497639565,-0.19769498133824048
24,random17,control_to_uncertain,0.09931636887765459,-0.27023468364147574
24,random18,control_to_uncertain,0.0577834595088777,-0.1420701194898091
24,random19,control_to_uncertain,-0.0473173741969138,0.02861910240986065
24,random20,control_to_uncertain,0.043727530603919595,-0.05619608911977189
24,random21,control_to_uncertain,0.1084431608243881,-0.43203634853792827
24,random22,control_to_uncertain,0.0678625565168826,0.016575624753148017
24,random23,control_to_uncertain,0.023272816497720346,-0.0981278675303714
24,random24,control_to_uncertain,-0.0028859973833471773,0.09935983488275246
24,random25,control_to_uncertain,0.0363528809107379,-0.14511584344935718
24,random26,control_to_uncertain,0.060863235948947346,-0.28475380220126917
24,random27,control_to_uncertain,0.04280321195470821,-0.11028444642647887
24,random28,control_to_uncertain,0.06558923582543019,-0.4176817328702975
24,random29,control_to_uncertain,0.03822790477151012,-0.22938726886460736
25,circuit,control_to_uncertain,0.9391383915460484,0.571189112485951
25,circuit,uncertain_to_control,1.0016288351018385,0.30378148658582527
25,random0,control_to_uncertain,-0.000831403696118474,-0.11167965497550031
25,random1,control_to_uncertain,-0.04306574399927585,0.14077615770084367
25,random2,control_to_uncertain,0.15951513813044313,-0.18426103223145862
25,random3,control_to_uncertain,0.16337585818954048,-0.3971718819948538
25,random4,control_to_uncertain,-0.01330156951981641,-0.02071118258564741
25,random5,control_to_uncertain,0.1504006395019562,-0.37627937643976844
25,random6,control_to_uncertain,0.048098257872035775,-0.13982807507890407
25,random7,control_to_uncertain,0.0845424355051913,0.09110336091190002
25,random8,control_to_uncertain,0.1064410795381948,-0.057723142451621356
25,random9,control_to_uncertain,0.06642505751658888,0.024509741123225633
25,random10,control_to_uncertain,0.06923516642474616,0.0968996255562427
25,random11,control_to_uncertain,0.11915544552462613,-0.0521908998179951
25,random12,control_to_uncertain,0.1263503429422094,-0.17703349866966098
25,random13,control_to_uncertain,0.0016422349741560388,-0.09746519554874185
25,random14,control_to_uncertain,-0.004199553345002899,0.02081303879282735
25,random15,control_to_uncertain,-0.03149804011577045,0.060492180703160224
25,random16,control_to_uncertain,0.0946019309382813,-0.21414132320121604
25,random17,control_to_uncertain,-0.003099651792363585,-0.002510613602052923
25,random18,control_to_uncertain,0.050003208185198024,-0.07151078337553757
25,random19,control_to_uncertain,0.03632477420659134,0.09117462872249651
25,random20,control_to_uncertain,0.03681317453205811,0.03731484806100903
25,random21,control_to_uncertain,0.10430833139563396,-0.13456907827661346
25,random22,control_to_uncertain,0.17073055325459546,0.05273408036557233
25,random23,control_to_uncertain,0.08078707958734621,-0.24400553161194505
25,random24,control_to_uncertain,0.01914919595761993,0.060427140942383564
25,random25,control_to_uncertain,0.009153391618885835,-0.020392842520173263
25,random26,control_to_uncertain,0.02004587538029783,0.1001272532483123
25,random27,control_to_uncertain,-0.018538917955306256,-0.006512963390064692
25,random28,control_to_uncertain,0.16960896726127628,-0.3072415230230702
25,random29,control_to_uncertain,-0.004979470394789151,0.002778104400010769
26,circuit,control_to_uncertain,0.6265765799959124,-0.16905842516186084
26,circuit,uncertain_to_control,0.9162104984807099,0.16590082999451414
26,random0,control_to_uncertain,-0.0828907935813055,0.05557872842182411
26,random1,control_to_uncertain,0.04455312172971635,-0.2085817868120721
26,random2,control_to_uncertain,0.2331715377187808,-0.12043370663132277
26,random3,control_to_uncertain,-0.12673138683424098,0.06379618355022042
26,random4,control_to_uncertain,-0.12075938466611891,0.007323431202106668
26,random5,control_to_uncertain,-0.018514498139406484,-0.17845614104184476
26,random6,control_to_uncertain,-0.016993122909672885,-0.08537391944718467
26,random7,control_to_uncertain,-0.01743097518507205,-0.10628541839422644
26,random8,control_to_uncertain,0.04746334808054799,0.029051020943530303
26,random9,control_to_uncertain,-0.14169957749292483,0.032429467875676674
26,random10,control_to_uncertain,-0.034249545241099806,-0.020794599249180108
26,random11,control_to_uncertain,-0.09475060590479846,0.09862468285558144
26,random12,control_to_uncertain,0.08972714273813141,0.0751296701431674
26,random13,control_to_uncertain,0.16917580708594648,0.05752819831813033
26,random14,control_to_uncertain,-0.037717387533951374,-0.0889589196215163
26,random15,control_to_uncertain,0.17625965885227318,-0.0207985567910348
26,random16,control_to_uncertain,0.00652348771706564,0.18619123270341348
26,random17,control_to_uncertain,0.0897658084148389,-0.08794784378421674
26,random18,control_to_uncertain,0.2394717369181207,0.14769804964060812
26,random19,control_to_uncertain,-0.05698227269045368,0.068219802064876
26,random20,control_to_uncertain,0.006271199941809309,0.07513697637428376
26,random21,control_to_uncertain,-0.14068885055418082,0.04325380148770277
26,random22,control_to_uncertain,0.030782202604110267,0.040129017767127295
26,random23,control_to_uncertain,0.23915491666653055,0.21991573004446383
26,random24,control_to_uncertain,-0.10533792927044575,0.11933564097979413
26,random25,control_to_uncertain,-0.10722136282481595,-0.04898531147875977
26,random26,control_to_uncertain,-0.09345695844294934,0.10222155565547715
26,random27,control_to_uncertain,0.06314106928084051,0.1496774294205469
26,random28,control_to_uncertain,-0.11817731691143879,0.0015101827504354604
26,random29,control_to_uncertain,-0.014780262401962955,0.058414078840988204
27,circuit,control_to_uncertain,0.8497684357851295,0.028838911524138984
27,circuit,uncertain_to_control,0.8817375358098775,0.2706846627939233
27,random0,control_to_uncertain,0.010796407540459404,0.06365519763415252
27,random1,control_to_uncertain,0.028795467461006117,0.05327355371635617
27,random2,control_to_uncertain,0.04423814238646724,-0.08643551374174557
27,random3,control_to_uncertain,0.08068821891745563,0.027046403682587025
27,random4,control_to_uncertain,0.19480873373316585,-0.07722479238854638
27,random5,control_to_uncertain,0.19404568919679244,0.03627347554670697
27,random6,control_to_uncertain,0.2404207298687215,-0.12500590374536055
27,random7,control_to_uncertain,0.022863555777603767,0.057049458291185295
27,random8,control_to_uncertain,0.1620366077765086,-0.02809948293066998
27,random9,control_to_uncertain,0.058006288366093506,0.04726347810864011
27,random10,control_to_uncertain,0.23532055838986732,0.0038056811150425332
27,random11,control_to_uncertain,0.024787789602317457,-0.028578832055712537
27,random12,control_to_uncertain,-0.043715204809467785,0.16906401705861765
27,random13,control_to_uncertain,0.06884959257328488,-0.017485209792456415
27,random14,control_to_uncertain,0.04959481478658261,-0.045822772113850524
27,random15,control_to_uncertain,0.306883600048852,0.012061359820191736
27,random16,control_to_uncertain,-0.07709498041527635,0.08116745888166887
27,random17,control_to_uncertain,0.002810183396568984,0.06017307053196456
27,random18,control_to_uncertain,0.13084821802403437,-0.08377509951156276
27,random19,control_to_uncertain,0.02918864434573447,0.07370424823224381
27,random20,control_to_uncertain,0.07143638091587044,-0.010333389970932668
27,random21,control_to_uncertain,-0.012026888641043097,-0.03785641769340879
27,random22,control_to_uncertain,0.03113708161963441,-0.07015007253721806
27,random23,control_to_uncertain,0.2151362330284242,-0.056978074353262985
27,random24,control_to_uncertain,0.025082801430411923,-0.03158420218702831
27,random25,control_to_uncertain,0.08051474099348521,0.021125524764528083
27,random26,control_to_uncertain,0.026081501717113504,-0.041195643988769036
27,random27,control_to_uncertain,-0.06218573520242251,-0.13674663403432583
27,random28,control_to_uncertain,-0.02627612288405121,-0.08041267675965234
27,random29,control_to_uncertain,0.15245291624338783,-0.028078346904357787
28,circuit,control_to_uncertain,0.46516060532989134,-0.1521926784361294
28,circuit,uncertain_to_control,0.838888231876891,0.682684618006331
28,random0,control_to_uncertain,0.09774179754400264,0.023527502843155624
28,random1,control_to_uncertain,0.04379084224505779,0.0906576264871807
28,random2,control_to_uncertain,0.01908100600097931,-0.20620291636871402
28,random3,control_to_uncertain,-0.042635033122350584,-0.1615647411526654
28,random4,control_to_uncertain,0.01825614444746309,-0.15209300609998724
28,random5,control_to_uncertain,0.04142995859967624,0.03271444701078839
28,random6,control_to_uncertain,-0.06674143751598763,-0.27205215207359057
28,random7,control_to_uncertain,0.0013346261447874069,0.01293485663501138
28,random8,control_to_uncertain,-0.02819340401561645,0.016302063725114432
28,random9,control_to_uncertain,-0.052182743235060496,0.24302128682130628
28,random10,control_to_uncertain,-0.024784326536816514,-0.08791878458264904
28,random11,control_to_uncertain,-0.07732649299424593,-0.058444672693696555
28,random12,control_to_uncertain,0.10049604839832893,0.1496593548045947
28,random13,control_to_uncertain,-0.04191927364001478,0.0496260867019142
28,random14,control_to_uncertain,0.12370977886437734,0.014161345309909947
28,random15,control_to_uncertain,-0.009386583275170342,-0.147656423999497
28,random16,control_to_uncertain,0.06157524843810412,-0.01677644678276779
28,random17,control_to_uncertain,0.03879648987427193,-0.1063895716073598
28,random18,control_to_uncertain,0.0063753207511433796,-0.08240575914631808
28,random19,control_to_uncertain,-0.11866366632400964,-0.15921304664354416
28,random20,control_to_uncertain,-0.08010921950175015,-0.23103313843469742
28,random21,control_to_uncertain,0.031175296297361217,0.032600190661368676
28,random22,control_to_uncertain,0.1746293874839122,0.12433864463562078
28,random23,control_to_uncertain,0.03852723115373544,0.16056452836475388
28,random24,control_to_uncertain,0.0814722583004828,0.05840888370405843
28,random25,control_to_uncertain,0.05806770315860261,-0.01716842569177936
28,random26,control_to_uncertain,-0.008118610318573765,-0.06226058424138761
28,random27,control_to_uncertain,0.004947380142888811,-0.016636064470912242
28,random28,control_to_uncertain,0.07516045337574206,0.04232030130213541
28,random29,control_to_uncertain,0.024136946421647362,-0.0344021662896483
29,circuit,control_to_uncertain,0.5858617444419875,0.1361625417216739
29,circuit,uncertain_to_control,0.9862250207576106,0.1465899617635639
29,random0,control_to_uncertain,-0.1407555873882165,0.10141438037673894
29,random1,control_to_uncertain,0.11807952743593332,0.1012965004584048
29,random2,control_to_uncertain,-0.004203318121789999,0.06769086755270855
29,random3,control_to_uncertain,0.02078117046079158,0.05270868475493439
29,random4,control_to_uncertain,0.07678201198274939,0.029589633614355626
29,random5,control_to_uncertain,0.07165009545407956,0.10243774759418335
29,random6,control_to_uncertain,0.0011525346453719859,0.06201360904437616
29,random7,control_to_uncertain,-0.043533666487077655,0.0932824401241657
29,random8,control_to_uncertain,0.015155061046303153,0.03986864421892819
29,random9,control_to_uncertain,-0.006503474193449951,-0.05456391360343251
29,random10,control_to_uncertain,-0.07715748847250771,0.09176182860237697
29,random11,control_to_uncertain,0.0703543967080485,0.04649170180446336
29,random12,control_to_uncertain,-0.11168936805732176,-0.01839123849622037
29,random13,control_to_uncertain,-0.026344443946874133,0.03452738290256999
29,random14,control_to_uncertain,0.014684279945396969,-0.15710948781187803
29,random15,control_to_uncertain,0.025693620004473398,0.005070019230024094
29,random16,control_to_uncertain,-0.06587581992673207,0.044531110386818736
29,random17,control_to_uncertain,0.059053859625127894,0.10691964853599684
29,random18,control_to_uncertain,0.0466125381858495,0.10615914565149322
29,random19,control_to_uncertain,0.009171440949188939,0.0923040170896313
29,random20,control_to_uncertain,0.03339808028691305,0.04461774621308606
29,random21,control_to_uncertain,0.023955524356943234,0.04768390539323419
29,random22,control_to_uncertain,0.034836469570317975,0.011461555136489927
29,random23,control_to_uncertain,0.06842810405120664,0.07174491170063528
29,random24,control_to_uncertain,-0.030263298522781486,0.007824230298527074
29,random25,control_to_uncertain,-0.030854009525666286,-0.022734364417118732
29,random26,control_to_uncertain,0.03195212878979748,0.0298919226691473
29,random27,control_to_uncertain,0.02452214282769314,-0.06793303390667761
29,random28,control_to_uncertain,-0.002612619046780446,-0.08279250725769088
29,random29,control_to_uncertain,-0.011981447092784633,-0.10336688972640413
30,circuit,control_to_uncertain,0.3942931121443445,0.17215129081578745
30,circuit,uncertain_to_control,0.8369481536429669,0.33256930962351977
30,random0,control_to_uncertain,0.11708330156034981,0.08079230172369938
30,random1,control_to_uncertain,0.017403240814098882,0.07464889432571599
30,random2,control_to_uncertain,0.01872605127106876,0.059315487666267035
30,random3,control_to_uncertain,0.22702374094117403,0.03444064926750624
30,random4,control_to_uncertain,-0.06356706732021133,0.1315544450987917
30,random5,control_to_uncertain,-0.024300474746295455,-0.031034298720770126
30,random6,control_to_uncertain,0.04170472289408581,0.009212380101601353
30,random7,control_to_uncertain,0.03019511952870483,0.14815077059447357
30,random8,control_to_uncertain,0.09071245387796777,0.07609472324234429
30,random9,control_to_uncertain,0.04833616175845004,0.023292060055587413
30,random10,control_to_uncertain,-4.634742314472051e-05,-0.00753481623606724
30,random11,control_to_uncertain,-0.008476128760212979,-0.01917358581274547
30,random12,control_to_uncertain,0.01940203261806933,-0.004103886730967731
30,random13,control_to_uncertain,0.11208986786501769,-0.11847790637231977
30,random14,control_to_uncertain,-0.014080812539531551,0.040408673474782796
30,random15,control_to_uncertain,0.08111762061335138,0.008509182097692533
30,random16,control_to_uncertain,-0.003959526541077003,0.008744513967334465
30,random17,control_to_uncertain,0.04008221051722858,-0.0072269464649138285
30,random18,control_to_uncertain,0.0025644398917438627,0.06556187357273227
30,random19,control_to_uncertain,0.1026336235696743,-0.002800535841275215
30,random20,control_to_uncertain,0.008963255186735995,-0.0013720920415381066
30,random21,control_to_uncertain,0.04586208977216832,0.0035705433173750505
30,random22,control_to_uncertain,-0.03781307049714033,-0.08854220049785713
30,random23,control_to_uncertain,0.018400057941833935,0.053700894226134575
30,random24,control_to_uncertain,0.13741117457425292,-0.0770389815452155
30,random25,control_to_uncertain,-0.08093513204180394,0.02193309011377177
30,random26,control_to_uncertain,-0.002858490669622049,-0.02379336423077144
30,random27,control_to_uncertain,-0.0764631144118526,0.048326894817461684
30,random28,control_to_uncertain,-0.021411199959061957,0.2890589414578669
30,random29,control_to_uncertain,0.08494091534599343,0.0573273230342058
31,circuit,control_to_uncertain,-0.2762648620043816,0.08686992038662772
31,circuit,uncertain_to_control,-0.03984678792870212,0.015442909586092315
31,random0,control_to_uncertain,0.5428622343592624,0.04079545299903565
31,random1,control_to_uncertain,0.28444908613987335,0.25057181684617513
31,random2,control_to_uncertain,0.006672662942473681,-0.01571595459499426
31,random3,control_to_uncertain,-0.21655917318821863,0.037302947645723714
31,random4,control_to_uncertain,0.23537263904165545,0.27927678373500403
31,random5,control_to_uncertain,-0.5065227560472984,-0.012597364784021724
31,random6,control_to_uncertain,-0.11178810028229455,-0.0031227432447951593
31,random7,control_to_uncertain,-0.18069725971399692,-0.011743248392804986
31,random8,control_to_uncertain,0.005455196200432141,-0.05187542995985836
31,random9,control_to_uncertain,0.11176793208555409,-0.023574464384007107
31,random10,control_to_uncertain,0.08274695053855105,0.12145439234629177
31,random11,control_to_uncertain,-0.3797015227289557,0.03198910831203913
31,random12,control_to_uncertain,0.06166772323936158,0.23424940766392607
31,random13,control_to_uncertain,0.3007856265175063,-0.013759793762841012
31,random14,control_to_uncertain,-0.09522534498152051,0.05399826063643233
31,random15,control_to_uncertain,0.2746903128237823,-0.07758646330154505
31,random16,control_to_uncertain,-0.2669394791548141,-0.016265698835824783
31,random17,control_to_uncertain,-0.04054168766266253,-0.06030807210112176
31,random18,control_to_uncertain,-0.049677579768228286,-0.04176160560516012
31,random19,control_to_uncertain,-0.02462296007720506,0.06068539558916178
31,random20,control_to_uncertain,0.03462668667833412,0.28735239031497645
31,random21,control_to_uncertain,-0.06244374728707652,-0.06213174904416358
31,random22,control_to_uncertain,-0.03664049617376196,-0.10155103096996947
31,random23,control_to_uncertain,-0.10775024668413774,-0.010198597004001051
31,random24,control_to_uncertain,0.06438335587957118,0.04755575228602518
31,random25,control_to_uncertain,-0.12721978096736303,-0.07493369706852537
31,random26,control_to_uncertain,0.06437387381692455,-0.05233092320240624
31,random27,control_to_uncertain,0.14539840015026811,-0.027844939841787653
31,random28,control_to_uncertain,0.27614656198469506,-0.10261878295729354
31,random29,control_to_uncertain,0.23609628598141758,-0.19825958409597072
32,circuit,control_to_uncertain,1.2545640543247978,0.253435386541035
32,circuit,uncertain_to_control,1.0703637767914937,0.24262334583280265
32,random0,control_to_uncertain,0.2121547579815731,0.1999212293846697
32,random1,control_to_uncertain,0.08015930506038171,-0.25951896029566235
32,random2,control_to_uncertain,-0.17887101412913506,-0.05227016217860931
32,random3,control_to_uncertain,-0.07693441578138367,0.03826492621522559
32,random4,control_to_uncertain,-0.19822316813206664,-0.15453816008083887
32,random5,control_to_uncertain,0.08653541381065076,0.19608577920086162
32,random6,control_to_uncertain,-0.0173083411787746,0.13511721689163575
32,random7,control_to_uncertain,-0.247892610918285,-0.2562454162474242
32,random8,control_to_uncertain,0.1263479805165643,-0.0742718314602635
32,random9,control_to_uncertain,0.28426353918670105,0.08024179305071258
32,random10,control_to_uncertain,-0.19326163111246392,-0.16766768412867852
32,random11,control_to_uncertain,0.14114178239511818,-0.1867784810805311
32,random12,control_to_uncertain,0.21161685040860526,0.14205978510573117
32,random13,control_to_uncertain,0.019153429041162545,-0.05309089778337605
32,random14,control_to_uncertain,0.05665188551449709,-0.10204268651660806
32,random15,control_to_uncertain,-0.021522988257137516,-0.09586762419639056
32,random16,control_to_uncertain,-0.13826610373495438,0.022833965714254584
32,random17,control_to_uncertain,0.27600268934123723,0.2404323662279795
32,random18,control_to_uncertain,0.11368817798835283,-0.06875340752671334
32,random19,control_to_uncertain,0.4109567977700857,0.0991478219584898
32,random20,control_to_uncertain,0.5976946200328919,0.11510417634021795
32,random21,control_to_uncertain,0.14068613070177438,0.22969244034193081
32,random22,control_to_uncertain,0.21260687037810438,-0.2472488465644071
32,random23,control_to_uncertain,-0.09940528015893803,-0.1421134306737363
32,random24,control_to_uncertain,0.5307052350394579,0.29071797507609237
32,random25,control_to_uncertain,-0.31302327520234946,-0.44583351117722825
32,random26,control_to_uncertain,0.7870300239859456,0.234926750693612
32,random27,control_to_uncertain,-0.5945544444785266,-0.17122326247320405
32,random28,control_to_uncertain,0.04989910382383006,0.0993887695716849
32,random29,control_to_uncertain,-0.3291496551020799,-0.012678901276596617
33,circuit,control_to_uncertain,0.6935969198221235,0.21323659056758557
33,circuit,uncertain_to_control,1.0334575048066204,0.1131117806621459
33,random0,control_to_uncertain,-0.03124981125836112,-0.07482551158160723
33,random1,control_to_uncertain,-0.03103882755514415,-0.03802502323224188
33,random2,control_to_uncertain,-0.0434578453447263,-0.013637404658712554
33,random3,control_to_uncertain,0.05868084104773509,0.1167351098475283
33,random4,control_to_uncertain,0.005052471781920254,0.0010127973327903432
33,random5,control_to_uncertain,-0.0019400819990058001,-0.01806959604393216
33,random6,control_to_uncertain,-0.22117435957954037,0.20087805002479206
33,random7,control_to_uncertain,-0.005737039044728502,-0.005075842850880126
33,random8,control_to_uncertain,0.0668063800992101,0.09535352285628305
33,random9,control_to_uncertain,0.06738169674075048,0.31397010234060047
33,random10,control_to_uncertain,0.06825818613984208,-0.06932417110454932
33,random11,control_to_uncertain,-0.02564331182089152,-0.07361039190599739
33,random12,control_to_uncertain,-0.04446958619908286,-0.02660863109660061
33,random13,control_to_uncertain,0.10510762182108213,0.06431521109640062
33,random14,control_to_uncertain,0.09549956404697199,-0.03365176407028407
33,random15,control_to_uncertain,0.021850381263464908,0.13518361567723722
33,random16,control_to_uncertain,0.016520424468969376,-0.037407804089204105
33,random17,control_to_uncertain,0.05050449970775834,-0.04557260208859112
33,random18,control_to_uncertain,0.19607584447560453,0.027115936412584425
33,random19,control_to_uncertain,0.10041727697591882,-0.05150550776984313
33,random20,control_to_uncertain,-0.12845834115964147,0.04823836110602985
33,random21,control_to_uncertain,-0.016261615508490857,0.026478701236320457
33,random22,control_to_uncertain,-0.018517862508703534,0.10333545660786837
33,random23,control_to_uncertain,0.06464792536261418,0.03194070706968647
33,random24,control_to_uncertain,0.03778623673480927,-0.042425412139582924
33,random25,control_to_uncertain,0.04940396193597841,-0.0062503027795531305
33,random26,control_to_uncertain,0.09335113269613442,0.06973320955357942
33,random27,control_to_uncertain,0.08458396845117915,0.025526928395073395
33,random28,control_to_uncertain,0.02621205329271435,0.04332948126401215
33,random29,control_to_uncertain,-0.18475652917565577,0.10954921443477159
34,circuit,control_to_uncertain,2.0,0.7039843795988919
34,circuit,uncertain_to_control,2.0,0.4296642686279092
34,random0,control_to_uncertain,-0.47501162206659664,-0.2178927108065152
34,random1,control_to_uncertain,0.6704792030440467,0.15555269650033804
34,random2,control_to_uncertain,0.23125706515710667,0.5409085091429315
34,random3,control_to_uncertain,0.4930989227933341,0.4224371518220754
34,random4,control_to_uncertain,-1.0,-1.0
34,random5,control_to_uncertain,-0.4230434733839096,0.2910641467935076
34,random6,control_to_uncertain,0.09572469972692817,0.3209676469906189
34,random7,control_to_uncertain,0.11265864276696168,-1.0
34,random8,control_to_uncertain,-0.35721459257957533,0.9135981930870126
34,random9,control_to_uncertain,0.8092340902321048,0.5103779988119808
34,random10,control_to_uncertain,-0.4032950584094532,-0.6101299150726814
34,random11,control_to_uncertain,-1.0,-1.0
34,random12,control_to_uncertain,1.2526753187188182,0.0020099108628836757
34,random13,control_to_uncertain,-1.0,-0.10828846301353735
34,random14,control_to_uncertain,-1.0,-1.0
34,random15,control_to_uncertain,-1.0,-1.0
34,random16,control_to_uncertain,-0.2144774182934444,0.4757167359083263
34,random17,control_to_uncertain,0.5420207813767756,-0.1835476286887015
34,random18,control_to_uncertain,-0.8087350580106263,-0.38014696832127176
34,random19,control_to_uncertain,-1.0,0.045635947035035866
34,random20,control_to_uncertain,0.2928773245691111,0.772014867632185
34,random21,control_to_uncertain,-1.0,-0.3211281901258837
34,random22,control_to_uncertain,-0.251203398005616,-0.16262662839794007
34,random23,control_to_uncertain,-0.788578842479557,-0.4253400838748691
34,random24,control_to_uncertain,-1.0,-1.0
34,random25,control_to_uncertain,-1.0,-0.17167167323407012
34,random26,control_to_uncertain,0.05165631586097391,0.20598988667438464
34,random27,control_to_uncertain,2.0,1.0344536717106942
34,random28,control_to_uncertain,-1.0,-1.0
34,random29,control_to_uncertain,0.27920453964776104,0.47002347497400093
35,circuit,control_to_uncertain,0.9301489037277885,-0.21682842769055793
35,circuit,uncertain_to_control,0.9778909344353491,0.71699450587106
35,random0,control_to_uncertain,0.22843714649915917,-0.31979241795058583
35,random1,control_to_uncertain,0.053600794268334855,0.128351353497293
35,random2,control_to_uncertain,0.012430129737739312,0.010337739269206885
35,random3,control_to_uncertain,0.02061620253217318,-0.064450525847994
35,random4,control_to_uncertain,0.14025506618481015,-0.34544617398050825
35,random5,control_to_uncertain,-0.005242288611056073,-0.15052593241357623
35,random6,control_to_uncertain,0.021117495473477323,-0.062206734787749365
35,random7,control_to_uncertain,0.02801181786014083,-0.0378831825848792
35,random8,control_to_uncertain,-0.05396859516951591,0.14314682909867074
35,random9,control_to_uncertain,-0.08730866947251775,0.21100605008327514
35,random10,control_to_uncertain,0.018873400123763904,-0.018828253824492047
35,random11,control_to_uncertain,-0.009036298372535905,0.18003423374098845
35,random12,control_to_uncertain,-0.03441668183819023,-0.07193982899669046
35,random13,control_to_uncertain,-0.027199254379781913,0.039683342786452684
35,random14,control_to_uncertain,0.03244522732648677,-0.25473793579128723
35,random15,control_to_uncertain,-0.03434783314172307,-0.01680333187858233
35,random16,control_to_uncertain,-0.04029703039569467,0.009264897970654037
35,random17,control_to_uncertain,-0.027767795750554252,0.12985213748373425
35,random18,control_to_uncertain,0.0661033453916553,-0.030213044570038188
35,random19,control_to_uncertain,0.006915051426626865,-0.06308435401963496
35,random20,control_to_uncertain,-0.0023652318399840183,-0.14304688397163529
35,random21,control_to_uncertain,-0.017989196783567536,-0.005188881618309239
35,random22,control_to_uncertain,0.04584154617648578,0.02936955667556287
35,random23,control_to_uncertain,0.013063723822795215,0.12700607372075684
35,random24,control_to_uncertain,0.14907983158938964,-0.24159484547547572
35,random25,control_to_uncertain,0.021911079042918266,-0.0804195531515836
35,random26,control_to_uncertain,-0.04268139100864308,0.015467005838541685
35,random27,control_to_uncertain,0.001969891460216097,-0.06231639892790389
35,random28,control_to_uncertain,0.007433054132641144,0.01644686602733337
35,random29,control_to_uncertain,-0.003221300253407862,-0.14911093593663477
36,circuit,control_to_uncertain,0.7756791067768699,0.22863508375015026
36,circuit,uncertain_to_control,1.0442540830289826,0.11784190036232017
36,random0,control_to_uncertain,0.014075858670249089,0.06766174738213908
36,random1,control_to_uncertain,0.08772311513005941,-0.15378711029331552
36,random2,control_to_uncertain,0.083933590340461,-0.08993060296893923
36,random3,control_to_uncertain,-0.07360078794505355,0.2486564386171315
36,random4,control_to_uncertain,0.07731347137719406,-0.032174589899275644
36,random5,control_to_uncertain,0.024141380049886522,-0.1483843446325123
36,random6,control_to_uncertain,-0.07170207901527917,-0.08092765337010766
36,random7,control_to_uncertain,0.10275610526058797,-0.060461180325781544
36,random8,control_to_uncertain,0.06167261813168945,0.32970932660140434
36,random9,control_to_uncertain,0.030738671016728395,0.01455948245189805
36,random10,control_to_uncertain,0.09431479582659343,0.26566066008177425
36,random11,control_to_uncertain,0.15737467903933755,-0.20133343991139266
36,random12,control_to_uncertain,0.02797079579594975,-0.17089032436748522
36,random13,control_to_uncertain,0.0321649178035428,-0.08777756350680274
36,random14,control_to_uncertain,-0.016793009309140867,0.10526101277531245
36,random15,control_to_uncertain,0.04515393169484293,0.07141530015182893
36,random16,control_to_uncertain,0.1696457524430696,-0.18721633690770267
36,random17,control_to_uncertain,0.05878545695671003,-0.05494189418897572
36,random18,control_to_uncertain,0.03889751301360235,-0.02371201645667482
36,random19,control_to_uncertain,0.01587006180621995,-0.14117700544592554
36,random20,control_to_uncertain,0.018594331684674795,0.2042886780352392
36,random21,control_to_uncertain,0.07529814620805506,-0.07927166834876506
36,random22,control_to_uncertain,0.00305094237644937,-0.024312047113012873
36,random23,control_to_uncertain,-0.030368625325526262,0.03915257296942312
36,random24,control_to_uncertain,0.06057381767325685,-0.052616464176445665
36,random25,control_to_uncertain,0.031781059239927544,0.1721124946935567
36,random26,control_to_uncertain,-0.01624714935394642,-0.02667601851375917
36,random27,control_to_uncertain,0.04722365714020843,-0.021264488919718126
36,random28,control_to_uncertain,0.12066027696859839,0.18049519683551302
36,random29,control_to_uncertain,0.12786986122938357,-0.08008502110732321
37,circuit,control_to_uncertain,0.9432109065999437,0.04088046212236827
37,circuit,uncertain_to_control,0.9775568477542166,0.5024432126726646
37,random0,control_to_uncertain,0.028385354080524436,-0.06320598895645876
37,random1,control_to_uncertain,-0.024327374708233533,-0.009731172463677606
37,random2,control_to_uncertain,0.13769186617186124,-0.134602707255139
37,random3,control_to_uncertain,-0.033732085800074675,-0.004045760315385947
37,random4,control_to_uncertain,-0.031816515843777315,0.10019894913403576
37,random5,control_to_uncertain,-0.013861941139987987,-0.017952285299418926
37,random6,control_to_uncertain,0.07251546641698013,-0.05597934107383654
37,random7,control_to_uncertain,0.06508997921145313,-0.1742774730933524
37,random8,control_to_uncertain,-0.04971904312634773,0.06769574458367167
37,random9,control_to_uncertain,-0.013862205675801044,0.017624407773696078
37,random10,control_to_uncertain,-0.03352845935797423,-0.09794462601700901
37,random11,control_to_uncertain,0.006552783558252704,0.0660768327876469
37,random12,control_to_uncertain,-0.018165409746795577,0.1314854268710758
37,random13,control_to_uncertain,0.003137593144713126,-0.011272936606591124
37,random14,control_to_uncertain,0.03400845959076574,-0.10328062798982246
37,random15,control_to_uncertain,-0.02678702869803541,0.09700022777712479
37,random16,control_to_uncertain,0.032006188021739025,0.09275882418390019
37,random17,control_to_uncertain,-0.005323783237767566,-0.02609942093354671
37,random18,control_to_uncertain,0.03852729341637818,-0.012131732656036825
37,random19,control_to_uncertain,-0.006629862680782121,8.652690545868854e-05
37,random20,control_to_uncertain,-0.06855723357969995,0.002573746105422334
37,random21,control_to_uncertain,0.006664979809965408,-0.09414933136994318
37,random22,control_to_uncertain,-0.045508922594572544,0.04855889934341601
37,random23,control_to_uncertain,-0.02453569666101574,0.12825625596957213
37,random24,control_to_uncertain,-0.013826361073131852,0.10899523471232231
37,random25,control_to_uncertain,0.02556583218403545,-0.00020158787439688352
37,random26,control_to_uncertain,0.0556255326263261,0.04732242325930406
37,random27,control_to_uncertain,-9.100031969153007e-05,-0.06003514115229862
37,random28,control_to_uncertain,-0.08311500310895714,0.20508659972676652
37,random29,control_to_uncertain,0.012202739453519271,0.06409067702646921
38,circuit,control_to_uncertain,0.9877062079463843,0.24851704545893388
38,circuit,uncertain_to_control,1.0844930113572189,0.1807054693441729
38,random0,control_to_uncertain,0.14339518582545407,-0.031974223466296664
38,random1,control_to_uncertain,0.39358047712261723,-0.1412502429234635
38,random2,control_to_uncertain,0.05134084174495573,0.10714500660757761
38,random3,control_to_uncertain,0.1424752039688038,-0.01381581710838287
38,random4,control_to_uncertain,0.025237205233514696,-0.17031895026406843
38,random5,control_to_uncertain,0.040283254234947025,-0.08845735238348393
38,random6,control_to_uncertain,0.10527980829342444,-0.08669279674523257
38,random7,control_to_uncertain,0.12675570360874247,-0.13198543463292758
38,random8,control_to_uncertain,-0.043607796460679936,0.1178112404333012
38,random9,control_to_uncertain,0.10732187935463774,-0.08280186244391669
38,random10,control_to_uncertain,0.11611024423020616,-0.11057121517817288
38,random11,control_to_uncertain,0.3433013846354172,-0.1286763878037004
38,random12,control_to_uncertain,0.023652629670635614,0.05439513082457091
38,random13,control_to_uncertain,0.0007942211776487168,-0.03339977053647185
38,random14,control_to_uncertain,-0.012870798415298541,0.05454698955222648
38,random15,control_to_uncertain,0.08976434867748505,-0.11574653209860385
38,random16,control_to_uncertain,0.016235762110614005,-0.0352842208978879
38,random17,control_to_uncertain,-0.0791688878241721,-0.03715999701273207
38,random18,control_to_uncertain,-0.03859697303892475,0.08592269000506374
38,random19,control_to_uncertain,-0.01749948382817485,0.06031928475727527
38,random20,control_to_uncertain,0.02123507508051921,-0.0008659987536414755
38,random21,control_to_uncertain,0.09000516891228388,0.2995528663542789
38,random22,control_to_uncertain,-0.013159863629921708,-0.07223793719762304
38,random23,control_to_uncertain,0.10429188779323775,-0.18888195675317723
38,random24,control_to_uncertain,0.032765445407725385,-0.1708798056588527
38,random25,control_to_uncertain,-0.051832553859922116,0.14101271115774872
38,random26,control_to_uncertain,-0.019070660505697314,-0.08952321528416506
38,random27,control_to_uncertain,0.003631187857048821,0.29431956268964143
38,random28,control_to_uncertain,-0.19541932576089482,0.15293801781464478
38,random29,control_to_uncertain,0.26235772901662613,-0.19451677109132656
39,circuit,control_to_uncertain,0.4082318649463515,0.08391459412703077
39,circuit,uncertain_to_control,1.1951627754314826,1.0293338312818623
39,random0,control_to_uncertain,-0.30661994086174543,0.03548054385904121
39,random1,control_to_uncertain,-0.42072031904449314,0.028645301936908552
39,random2,control_to_uncertain,0.3288545158273256,-0.20049187389924072
39,random3,control_to_uncertain,-0.29799573309941385,0.00875366991060455
39,random4,control_to_uncertain,0.10390295052254282,0.04265716286553122
39,random5,control_to_uncertain,0.438923631483859,-0.15531202849429177
39,random6,control_to_uncertain,0.027992276590429827,-0.1247959972467382
39,random7,control_to_uncertain,0.6631170885156763,-0.12883370101955388
39,random8,control_to_uncertain,0.2585846321867793,-0.07840229535449102
39,random9,control_to_uncertain,-0.28303144551786635,0.03678038630367759
39,random10,control_to_uncertain,1.5451829626058011,0.3933859687173676
39,random11,control_to_uncertain,0.12093751270775362,-0.08618701902941961
39,random12,control_to_uncertain,-0.18728687281789716,0.04001512668383819
39,random13,control_to_uncertain,1.6300569597825014,-0.030842221757356184
39,random14,control_to_uncertain,0.6101951039566862,0.06729320911998721
39,random15,control_to_uncertain,0.3417361841302668,-0.0574920933559378
39,random16,control_to_uncertain,-0.08893721062629618,0.050364456399772245
39,random17,control_to_uncertain,1.8573304132125783,-0.19307911435319525
39,random18,control_to_uncertain,1.1061133734946758,-0.1963478641045418
39,random19,control_to_uncertain,0.13387727359866156,-0.04228669600456196
39,random20,control_to_uncertain,-0.2873847588286211,-0.00040640129090161625
39,random21,control_to_uncertain,-0.5369091257646437,0.25299325245519855
39,random22,control_to_uncertain,1.0517329018990467,0.4220159771320133
39,random23,control_to_uncertain,0.35014871702519473,-0.06142862459686062
39,random24,control_to_uncertain,-0.3264353226171873,0.3657778456539232
39,random25,control_to_uncertain,0.5005003224138632,-0.038114024224083685
39,random26,control_to_uncertain,0.6183309709014226,-0.11089108402624753
39,random27,control_to_uncertain,-0.3024249298532,0.019827677296841064
39,random28,control_to_uncertain,-0.44966749254962557,0.020157931819552694
39,random29,control_to_uncertain,0.45435846902793675,-0.13403349858893193
40,circuit,control_to_uncertain,1.3221874005142535,0.23099096818618167
40,circuit,uncertain_to_control,1.2760314437851124,-0.054720409420221064
40,random0,control_to_uncertain,0.30701552443682134,0.44067443471006673
40,random1,control_to_uncertain,-0.0026151120783003386,0.012578324340327567
40,random2,control_to_uncertain,-0.056507994423459114,-0.005836152688673543
40,random3,control_to_uncertain,0.05208926628091309,0.03191982219592888
40,random4,control_to_uncertain,0.09533166500431019,0.17128145137715106
40,random5,control_to_uncertain,-0.022043733820982035,0.10403033020332393
40,random6,control_to_uncertain,0.010953725678421527,-0.2938038866582821
40,random7,control_to_uncertain,0.7931161609827105,0.5379202669802777
40,random8,control_to_uncertain,-0.09203572880984144,0.054385508542073475
40,random9,control_to_uncertain,0.08198815482773843,0.14853879847460166
40,random10,control_to_uncertain,0.08001726244545761,0.182040211526398
40,random11,control_to_uncertain,0.04097007414453796,0.1503541336214722
40,random12,control_to_uncertain,0.11270224960178554,0.2966921088176441
40,random13,control_to_uncertain,0.014713800490797856,0.08472796892634504
40,random14,control_to_uncertain,0.011146023312083767,-0.07733309089202486
40,random15,control_to_uncertain,-0.05418639640388041,-0.1962177596865877
40,random16,control_to_uncertain,0.15804055679259493,0.44995252763476556
40,random17,control_to_uncertain,0.17881177799025536,-0.12292871024016375
40,random18,control_to_uncertain,-0.06252021387478555,0.1455869256159417
40,random19,control_to_uncertain,0.14893673435000412,0.2440955576551645
40,random20,control_to_uncertain,-0.11663064140174387,0.024678623327481334
40,random21,control_to_uncertain,0.1643139390536857,0.13756442874935434
40,random22,control_to_uncertain,0.007887008263278174,-0.003882262584885183
40,random23,control_to_uncertain,-0.031060547240153412,-0.02177011609165389
40,random24,control_to_uncertain,0.1607922680605485,-0.026619611262493074
40,random25,control_to_uncertain,0.03048600715727268,-0.061266951937799574
40,random26,control_to_uncertain,0.14541248430625076,0.0655645209998611
40,random27,control_to_uncertain,0.13577959451532762,0.4602591384471073
40,random28,control_to_uncertain,0.021105095136200114,0.049029101495743944
40,random29,control_to_uncertain,0.08002685470388969,-0.1442207292999284
41,circuit,control_to_uncertain,1.1073451993579022,-0.25193428282585795
41,circuit,uncertain_to_control,1.2611281935776693,0.44975963804047064
41,random0,control_to_uncertain,0.025768243596203933,-0.027042166093271335
41,random1,control_to_uncertain,0.5440956069673245,-0.1444974080473856
41,random2,control_to_uncertain,0.011195342116779188,-0.00997921093212199
41,random3,control_to_uncertain,-0.03760455205438287,0.09360928608649102
41,random4,control_to_uncertain,-0.11558525437970463,-0.009027936842059601
41,random5,control_to_uncertain,0.05469349614520756,-0.07873482444903077
41,random6,control_to_uncertain,0.036255658676008926,-0.09125513153252536
41,random7,control_to_uncertain,0.34673565283120206,-0.32022722407401805
41,random8,control_to_uncertain,0.5394772637057604,0.051207199510514216
41,random9,control_to_uncertain,-0.0385689628645706,0.059771547382471826
41,random10,control_to_uncertain,0.12062693067243169,-0.1539808145047036
41,random11,control_to_uncertain,0.11761829601339002,-0.060482514760631066
41,random12,control_to_uncertain,-0.02427756149743209,0.004678843707289237
41,random13,control_to_uncertain,-0.0384131190278739,-0.02426128705934033
41,random14,control_to_uncertain,-0.07106103266298532,0.08529945379741284
41,random15,control_to_uncertain,0.020033977138690363,-0.011963083618018894
41,random16,control_to_uncertain,-0.033605827268896875,0.02817108380987139
41,random17,control_to_uncertain,0.02249724676625144,-0.0720019149236484
41,random18,control_to_uncertain,0.10348318046773748,0.09269003106512635
41,random19,control_to_uncertain,0.07664427291800524,0.0440363686529225
41,random20,control_to_uncertain,0.14402706396620443,-0.1907778616132086
41,random21,control_to_uncertain,0.06644980535652857,-0.12018596432828565
41,random22,control_to_uncertain,-0.061266649732756105,0.04453151834104556
41,random23,control_to_uncertain,0.2936464288756088,-0.11233611968256432
41,random24,control_to_uncertain,0.34763531286976174,-0.22597094326809516
41,random25,control_to_uncertain,0.1300103561455974,-0.1433476026356637
41,random26,control_to_uncertain,-0.028495068753606873,-0.017627512237451515
41,random27,control_to_uncertain,0.010969311095546372,-0.02168378476850774
41,random28,control_to_uncertain,-0.021824722710897793,0.021537505423986858
41,random29,control_to_uncertain,0.12096261811988245,0.11830960761539827
42,circuit,control_to_uncertain,0.6290240327814034,-0.018142582162705
42,circuit,uncertain_to_control,0.8445532881284816,0.2659506113162223
42,random0,control_to_uncertain,0.025914068461433085,-0.0026496103291168403
42,random1,control_to_uncertain,-0.011730020675986653,0.07725569965177084
42,random2,control_to_uncertain,-0.07945157603218578,0.10821196750740439
42,random3,control_to_uncertain,-0.04674262060313752,0.021761492425139195
42,random4,control_to_uncertain,0.025693479766311676,0.003037813908261515
42,random5,control_to_uncertain,0.028160663141888618,-0.049629827224127884
42,random6,control_to_uncertain,0.0213663661413639,0.047389853004714384
42,random7,control_to_uncertain,-0.05130731397541182,0.0565329705410417
42,random8,control_to_uncertain,-0.011235923237729952,0.01490352228801826
42,random9,control_to_uncertain,-0.01180766034509063,0.014793392054070648
42,random10,control_to_uncertain,0.057689518963253195,-0.04948243736013213
42,random11,control_to_uncertain,-0.007538363495007521,0.024925153756424675
42,random12,control_to_uncertain,0.030752506563678866,-0.0005742819085591526
42,random13,control_to_uncertain,0.03246925180019608,0.04661553414427434
42,random14,control_to_uncertain,-0.05017717301693477,0.0666877035197381
42,random15,control_to_uncertain,0.011529254875104557,-0.05047877525507734
42,random16,control_to_uncertain,0.08071563952019628,-0.031691348698589264
42,random17,control_to_uncertain,-0.08458364075535138,0.02342740455681978
42,random18,control_to_uncertain,-0.043040754100654756,0.009250500009946892
42,random19,control_to_uncertain,0.0022496625093259047,-0.03781039112829524
42,random20,control_to_uncertain,0.002025475014952716,0.0622154488098296
42,random21,control_to_uncertain,-0.003454257314618476,0.011639732570379209
42,random22,control_to_uncertain,0.08798562698575547,0.0176657907905845
42,random23,control_to_uncertain,0.05681477475823444,-0.028585829975844988
42,random24,control_to_uncertain,-0.05450759045758909,0.07189020301442497
42,random25,control_to_uncertain,-0.08158625395558185,0.09635241411078244
42,random26,control_to_uncertain,0.04929812205215569,-0.02075680133879676
42,random27,control_to_uncertain,-0.022630547622792506,0.062137742147752785
42,random28,control_to_uncertain,0.013701277715326483,0.023392672866273428
42,random29,control_to_uncertain,-0.02612722357121475,0.06709931801687763
43,circuit,control_to_uncertain,0.862192217322158,-0.10083835209134683
43,circuit,uncertain_to_control,1.1268648553388796,0.8194250816217211
43,random0,control_to_uncertain,-0.0625877355566764,0.02355624183106607
43,random1,control_to_uncertain,0.2303512567967688,-0.08876432286615665
43,random2,control_to_uncertain,-0.015406783774905102,0.03072544401844506
43,random3,control_to_uncertain,-0.0810584496199958,-0.03836569955467427
43,random4,control_to_uncertain,0.09708275587683009,-0.005429240901517601
43,random5,control_to_uncertain,-0.029661901525986526,-0.014310319893254715
43,random6,control_to_uncertain,0.2262026853559414,-0.1877228018910622
43,random7,control_to_uncertain,-0.0500741026978315,0.051010354381317145
43,random8,control_to_uncertain,0.013632680111915449,0.007868505776810296
43,random9,control_to_uncertain,-0.014141890401645202,-0.01381986272082042
43,random10,control_to_uncertain,0.08576198699610255,0.08231689185341158
43,random11,control_to_uncertain,-0.0659223569590941,-0.04773659743517515
43,random12,control_to_uncertain,0.12108123450161556,-0.14511877110734286
43,random13,control_to_uncertain,0.20674187989214537,-0.14206905172955647
43,random14,control_to_uncertain,0.013879421005201488,0.02361419798835008
43,random15,control_to_uncertain,-0.023753256961918077,0.01989989765280914
43,random16,control_to_uncertain,0.032092759562304354,0.018415249835159252
43,random17,control_to_uncertain,0.27585033113861135,-0.14697145328941963
43,random18,control_to_uncertain,0.07593024265863178,-0.04552647639760228
43,random19,control_to_uncertain,-0.16781669430474475,0.09393199511949157
43,random20,control_to_uncertain,-0.02493798858897096,0.012501041000773903
43,random21,control_to_uncertain,0.06335834284490731,0.03776379805336565
43,random22,control_to_uncertain,-0.01771896310557865,0.03914032061722797
43,random23,control_to_uncertain,0.23742926195071332,-0.14742463469549505
43,random24,control_to_uncertain,0.17262738210861317,-0.11988358790931795
43,random25,control_to_uncertain,-0.006486756421608246,-0.027416070843487562
43,random26,control_to_uncertain,0.11838611973894975,-0.05162246842135422
43,random27,control_to_uncertain,-0.17226571590248185,0.1147217878657519
43,random28,control_to_uncertain,-0.003379483383015147,0.03961750148931527
43,random29,control_to_uncertain,-0.10275627719199033,0.06301021504399186
44,circuit,control_to_uncertain,1.0822495782084394,0.07982857082605208
44,circuit,uncertain_to_control,1.3306601541684848,0.0527404851069577
44,random0,control_to_uncertain,-0.12825523327523697,0.09580181878285318
44,random1,control_to_uncertain,-0.10917846298209992,0.05881315577088033
44,random2,control_to_uncertain,0.03970174323926963,-0.019690884345594017
44,random3,control_to_uncertain,-0.05364288098935309,0.08229234604604321
44,random4,control_to_uncertain,-0.09104493355072618,0.10914467882102279
44,random5,control_to_uncertain,0.028626996948572524,0.009021876408309933
44,random6,control_to_uncertain,-0.09848408784807444,0.08102737736399876
44,random7,control_to_uncertain,0.01693091972203302,0.008883595917361067
44,random8,control_to_uncertain,-0.053506753391622086,0.0466214526486308
44,random9,control_to_uncertain,0.09879883316358845,-0.04343327439107284
44,random10,control_to_uncertain,0.002971920200171254,0.032460339134916284
44,random11,control_to_uncertain,-0.021053953994245426,0.03657655817282373
44,random12,control_to_uncertain,-0.009182542829692733,-0.05015331990290102
44,random13,control_to_uncertain,0.14188764597271777,-0.05655285731521907
44,random14,control_to_uncertain,-0.04244976936422541,0.06360210376300816
44,random15,control_to_uncertain,0.38407053359928633,-0.11743184957078717
44,random16,control_to_uncertain,0.08040115847769941,-0.03131497744329675
44,random17,control_to_uncertain,-0.06992281624913739,0.05242054043203236
44,random18,control_to_uncertain,-0.04471393551552108,0.03177022450779429
44,random19,control_to_uncertain,0.14319981451619723,-0.06002999189553979
44,random20,control_to_uncertain,-0.03897921218142983,0.08212186986453583
44,random21,control_to_uncertain,0.05570977158326446,-0.029139675610709993
44,random22,control_to_uncertain,-0.04986713130491935,0.03133590464215979
44,random23,control_to_uncertain,-0.15069389749333167,0.2250717018151045
44,random24,control_to_uncertain,-0.07652500473909125,0.15328658036128878
44,random25,control_to_uncertain,0.15651723312696933,-0.025167532288051946
44,random26,control_to_uncertain,0.07874593445675088,-0.002381354252161317
44,random27,control_to_uncertain,-0.08542653562726911,0.035626302365988856
44,random28,control_to_uncertain,-0.03405593073015838,0.02417171957907676
44,random29,control_to_uncertain,-0.0505383159881764,0.046785167735120904
45,circuit,control_to_uncertain,0.9787162655854699,0.08520458165970211
45,circuit,uncertain_to_control,0.8240115297524662,0.2771104210336286
45,random0,control_to_uncertain,-0.009354970383479665,0.040105966602147596
45,random1,control_to_uncertain,0.08839588129785768,0.054567604563839446
45,random2,control_to_uncertain,0.37802479483419876,-0.09327936664152836
45,random3,control_to_uncertain,0.00015522239263264905,0.09473219346226583
45,random4,control_to_uncertain,0.08804925454610601,0.023939046081452888
45,random5,control_to_uncertain,0.03344425623576872,0.0712592511025392
45,random6,control_to_uncertain,-0.010253635585069424,0.04143549153526542
45,random7,control_to_uncertain,0.05375691760558284,-0.0077515923571579055
45,random8,control_to_uncertain,0.03148586338954067,0.03577746461719158
45,random9,control_to_uncertain,0.031939103993997305,0.06095363621556105
45,random10,control_to_uncertain,0.025354732566088292,-0.0021428451277247236
45,random11,control_to_uncertain,0.2420912544322909,0.04388274140636422
45,random12,control_to_uncertain,0.008412263297926527,0.06448791388525843
45,random13,control_to_uncertain,-0.07962561851842224,0.08827573292219529
45,random14,control_to_uncertain,-0.04401874331248362,0.018305556341681375
45,random15,control_to_uncertain,0.14213470792019733,0.0005673324154756048
45,random16,control_to_uncertain,0.1807993105754619,-0.07530182822736138
45,random17,control_to_uncertain,0.04439940043320001,0.0927533059652893
45,random18,control_to_uncertain,0.1538391349770016,-0.019221542554289654
45,random19,control_to_uncertain,0.07179538430517626,-0.03225673886187038
45,random20,control_to_uncertain,0.07611017162898238,0.0019440837168740593
45,random21,control_to_uncertain,0.18596503276400014,0.12653750984298417
45,random22,control_to_uncertain,0.06766431706362616,-0.006094460160597693
45,random23,control_to_uncertain,-0.01211841198402935,0.019424615937896374
45,random24,control_to_uncertain,0.10774221191953412,0.026550458915335893
45,random25,control_to_uncertain,-0.009072803737070216,0.025418052736780716
45,random26,control_to_uncertain,0.1528343389343954,0.09765560832485502
45,random27,control_to_uncertain,0.06923590536764743,0.03444321704724569
45,random28,control_to_uncertain,0.19579449626623183,-0.1502634212710662
45,random29,control_to_uncertain,0.09038373785708614,0.05951918661204582
46,circuit,control_to_uncertain,0.5729537044148365,0.13479081116159164
46,circuit,uncertain_to_control,1.0587337556740883,0.7149693999444431
46,random0,control_to_uncertain,0.018194221940012686,0.027575489715252165
46,random1,control_to_uncertain,0.09955389514064744,0.07360367378014035
46,random2,control_to_uncertain,-0.04036076772412311,0.14107017700158356
46,random3,control_to_uncertain,0.07469323910443423,0.2569046590756049
46,random4,control_to_uncertain,-0.024451336522974175,0.028457386119443363
46,random5,control_to_uncertain,-0.054836859480203205,0.5783413773449947
46,random6,control_to_uncertain,0.05612569874804974,-0.03264429126314937
46,random7,control_to_uncertain,0.0061788586775646664,0.0773885122439798
46,random8,control_to_uncertain,0.017292290234961073,-0.03830353649861061
46,random9,control_to_uncertain,0.07635588131045705,-0.23794856803817072
46,random10,control_to_uncertain,0.0010628267479833977,-0.060434105450933515
46,random11,control_to_uncertain,0.0514408236167556,-0.007115159867825836
46,random12,control_to_uncertain,0.11709343797922586,-0.13590567929897568
46,random13,control_to_uncertain,0.038840631268359994,0.024082897468493517
46,random14,control_to_uncertain,-0.04230962710120205,0.016209547917201163
46,random15,control_to_uncertain,0.11067243107891422,-0.014628498263295313
46,random16,control_to_uncertain,0.012911277882765014,0.011402204768782995
46,random17,control_to_uncertain,0.0416233301350387,0.050534155741008516
46,random18,control_to_uncertain,-0.0018766430923146098,-0.0011634303651476827
46,random19,control_to_uncertain,0.00566178376860068,0.03891961025082768
46,random20,control_to_uncertain,-0.0354393220048079,0.09534868086203271
46,random21,control_to_uncertain,0.014080654355936658,0.4307174420465456
46,random22,control_to_uncertain,0.01760427720524578,-0.037811724917435785
46,random23,control_to_uncertain,0.02464018734722915,-0.010560142087365233
46,random24,control_to_uncertain,0.0528498806318561,0.6901976052195984
46,random25,control_to_uncertain,-0.09662169312741653,0.176733975541023
46,random26,control_to_uncertain,0.0006295628432442606,-0.07291785133804708
46,random27,control_to_uncertain,0.03287530022323159,0.082063182116547
46,random28,control_to_uncertain,0.05110111749207548,0.03515373644783055
46,random29,control_to_uncertain,0.002563244293099364,-0.036789537633038535
47,circuit,control_to_uncertain,0.38432560115198805,0.09381872764153322
47,circuit,uncertain_to_control,0.8616431442766381,0.5123796154708072
47,random0,control_to_uncertain,0.02263703230797262,-0.05191139773687691
47,random1,control_to_uncertain,0.00324226102080355,-0.0975156353242527
47,random2,control_to_uncertain,0.016684766180273303,0.06750638998865942
47,random3,control_to_uncertain,0.026029699476365253,0.024637946337803814
47,random4,control_to_uncertain,0.05677602882190142,0.06522564780480639
47,random5,control_to_uncertain,-0.044318329141960246,0.08659417680943136
47,random6,control_to_uncertain,0.11504541646255668,-0.0651780286266297
47,random7,control_to_uncertain,0.05021859559947746,-0.03393241626492194
47,random8,control_to_uncertain,0.05306124065781215,-0.1553841201007622
47,random9,control_to_uncertain,0.003071619658868208,-0.009455797930759118
47,random10,control_to_uncertain,-0.023145220661899335,0.04993758280145357
47,random11,control_to_uncertain,0.0556999555480111,0.10177336705540752
47,random12,control_to_uncertain,0.03978042398560146,-0.02578578498267167
47,random13,control_to_uncertain,-0.036638866702613425,-0.06506136164009685
47,random14,control_to_uncertain,0.0011063670536702402,0.036059334073210304
47,random15,control_to_uncertain,-0.010001520378465708,0.08797657598195435
47,random16,control_to_uncertain,0.02946656207046799,-0.010208397396760539
47,random17,control_to_uncertain,0.018025013666284086,-0.003377931339205692
47,random18,control_to_uncertain,0.03948201629944905,-0.019884109350371958
47,random19,control_to_uncertain,-0.011485947792266728,0.030453185946685855
47,random20,control_to_uncertain,0.09879994229367732,-0.04742834071262245
47,random21,control_to_uncertain,0.010431462325299653,-0.05179538010277373
47,random22,control_to_uncertain,-0.048374893833559425,-0.005958602195301834
47,random23,control_to_uncertain,0.012538458044676928,0.0313960456745841
47,random24,control_to_uncertain,0.04069647267579965,-0.031209897978075263
47,random25,control_to_uncertain,-0.021968143074065274,0.08924137021443493
47,random26,control_to_uncertain,0.050189718821444865,-0.017824435593690662
47,random27,control_to_uncertain,-0.030392390219695063,-0.038256959146064036
47,random28,control_to_uncertain,-0.010681906649277479,0.058286018388795005
47,random29,control_to_uncertain,-0.062427912048891455,0.0259108935507904
48,circuit,control_to_uncertain,0.7717682639253692,0.1441709609099024
48,circuit,uncertain_to_control,0.754410845693616,-0.03025362347311511
48,random0,control_to_uncertain,-0.00030369267800702617,-0.023919156759681547
48,random1,control_to_uncertain,0.005935731482534523,0.01674942839147757
48,random2,control_to_uncertain,0.1262551276779841,-0.14527112852542368
48,random3,control_to_uncertain,0.07923735876334824,-0.2735545222685262
48,random4,control_to_uncertain,0.12515795051091513,-0.23578350154141525
48,random5,control_to_uncertain,-0.04432617047236038,0.00949341901202676
48,random6,control_to_uncertain,0.006536127417061141,-0.0383034145553465
48,random7,control_to_uncertain,0.04724386049910857,-0.048991686628858264
48,random8,control_to_uncertain,0.05428382800153878,-0.1768677363989887
48,random9,control_to_uncertain,-0.010140030513684986,-0.1517215321706405
48,random10,control_to_uncertain,-0.045182490323469965,-0.05430586492251037
48,random11,control_to_uncertain,0.02839403877332968,-0.0499819188160666
48,random12,control_to_uncertain,-0.018854172756373716,-0.07740741929517657
48,random13,control_to_uncertain,0.021284501068941756,-0.07348614050045113
48,random14,control_to_uncertain,-0.010997692704020635,-0.03821367688143385
48,random15,control_to_uncertain,-0.007019138100646466,-0.03088026536934841
48,random16,control_to_uncertain,0.2904442758651527,-0.21374300705175706
48,random17,control_to_uncertain,0.010249500591948455,-0.03390640408902521
48,random18,control_to_uncertain,0.07236481336369982,-0.2953728414597813
48,random19,control_to_uncertain,-0.02156518882986762,-0.025777960163801246
48,random20,control_to_uncertain,0.06644593055283038,-0.21478908806321315
48,random21,control_to_uncertain,-0.010273801560696159,0.026640499165472252
48,random22,control_to_uncertain,-0.08505889883654831,0.15212765614502466
48,random23,control_to_uncertain,0.02590953087234414,-0.19336374397267217
48,random24,control_to_uncertain,-0.03434842414235054,-0.12222793075188043
48,random25,control_to_uncertain,0.12682941742894177,-0.13450247210050678
48,random26,control_to_uncertain,0.06631590879814028,0.014008972674475864
48,random27,control_to_uncertain,0.03719733085565285,-0.20880119943822284
48,random28,control_to_uncertain,0.012159232722601387,-0.09383571694722956
48,random29,control_to_uncertain,0.16254714330077605,-0.37860995622971244
49,circuit,control_to_uncertain,0.7120113187528245,1.1023594981559073
49,circuit,uncertain_to_control,0.9734390951539341,0.952276210222663
49,random0,control_to_uncertain,-0.4818637658930691,0.47637692917716745
49,random1,control_to_uncertain,-0.1562205174993201,0.16655992746437562
49,random2,control_to_uncertain,0.24171150419604642,0.07138644686491155
49,random3,control_to_uncertain,0.0808416928606348,0.2840543128778169
49,random4,control_to_uncertain,-0.2964936166802783,0.5460825928872758
49,random5,control_to_uncertain,0.06182425685653575,0.4057674444126535
49,random6,control_to_uncertain,0.25231859779605303,0.45047261819374274
49,random7,control_to_uncertain,-0.3238775366310111,0.39983642903149524
49,random8,control_to_uncertain,-0.013383891479903664,-0.3336489782693617
49,random9,control_to_uncertain,-0.08028398425540846,0.20995509637230425
49,random10,control_to_uncertain,-0.19084572895376653,0.03888102824996048
49,random11,control_to_uncertain,0.48402829227320654,0.3690313907321107
49,random12,control_to_uncertain,-0.05725097195731115,0.2257321172641841
49,random13,control_to_uncertain,0.3157381131221866,0.6780118549757844
49,random14,control_to_uncertain,0.09717395055910427,0.05162937326973401
49,random15,control_to_uncertain,-0.15493122752277286,-0.05470129354325812
49,random16,control_to_uncertain,-0.34706167476641936,0.3826588643837281
49,random17,control_to_uncertain,0.5641668374234999,0.52184782935315
49,random18,control_to_uncertain,0.1427724737333371,-0.4216715855540183
49,random19,control_to_uncertain,0.22864993521027957,0.7255130210068499
49,random20,control_to_uncertain,0.2104381196006011,0.5868732991297554
49,random21,control_to_uncertain,-0.4167315778031752,0.43203247380186227
49,random22,control_to_uncertain,-0.042028370400729896,0.3105053846465391
49,random23,control_to_uncertain,-0.09510762252185313,0.04196875689983368
49,random24,control_to_uncertain,0.04292936435603092,-0.2004980291788659
49,random25,control_to_uncertain,-0.05149863791613453,-0.1766041255942839
49,random26,control_to_uncertain,0.047720566319730165,0.17332382217797618
49,random27,control_to_uncertain,0.361453790413292,0.7429024962863381
49,random28,control_to_uncertain,-0.11792717793759024,0.008274705160716316
49,random29,control_to_uncertain,0.028662877172048292,0.29923192194581516
50,circuit,control_to_uncertain,0.8423752438597271,-0.19982889033510282
50,circuit,uncertain_to_control,0.9330491988350551,0.13798552076528306
50,random0,control_to_uncertain,-0.12886084537514597,0.19938298160547593
50,random1,control_to_uncertain,-0.13475365204877549,0.08501459687231272
50,random2,control_to_uncertain,0.018883538136850758,-0.08640383782435304
50,random3,control_to_uncertain,0.06623982943282247,-0.012675628264336691
50,random4,control_to_uncertain,0.2323102788029637,0.21948559783420588
50,random5,control_to_uncertain,-0.14164261317783963,0.27843659356301514
50,random6,control_to_uncertain,-0.012619109483042928,0.04879072878989008
50,random7,control_to_uncertain,-0.07308735946741783,-0.046252415342272764
50,random8,control_to_uncertain,-0.03554858660612119,0.13971626219940161
50,random9,control_to_uncertain,0.19348879296756308,0.23505867650269238
50,random10,control_to_uncertain,-0.15865310420706427,0.29477187395622134
50,random11,control_to_uncertain,0.1047705900550436,-0.14702727819079067
50,random12,control_to_uncertain,0.11066422220588738,-0.0594102294404911
50,random13,control_to_uncertain,-0.13880595900208453,0.23430457177663763
50,random14,control_to_uncertain,0.09397995191005601,-0.14533251898991248
50,random15,control_to_uncertain,0.02194330701109245,0.1499077695268706
50,random16,control_to_uncertain,0.07184371908145612,-0.20059115581571751
50,random17,control_to_uncertain,-0.027250417946975275,0.04926857922291175
50,random18,control_to_uncertain,-0.06781114496441211,0.19324603042050367
50,random19,control_to_uncertain,0.03909707729965177,0.22114070086839435
50,random20,control_to_uncertain,-0.07521512525830558,0.1300553314301189
50,random21,control_to_uncertain,-0.10229691000293634,0.10639233100103378
50,random22,control_to_uncertain,0.16139109420149428,0.023104180009414037
50,random23,control_to_uncertain,-0.057492208084723835,0.06670906805593525
50,random24,control_to_uncertain,-0.01793325662946647,-0.08307297484599624
50,random25,control_to_uncertain,0.029410259423903382,-0.03813679995598931
50,random26,control_to_uncertain,0.1588505898034696,-0.22699859250095353
50,random27,control_to_uncertain,0.004219682285612758,0.04755558583606369
50,random28,control_to_uncertain,0.1121180448139787,-0.047715230597142576
50,random29,control_to_uncertain,-0.051986392990833664,-0.026751654762338626
51,circuit,control_to_uncertain,0.7189469764963834,-0.10209146522252216
51,circuit,uncertain_to_control,1.1042399514117576,0.547012063905734
51,random0,control_to_uncertain,0.03380647229002179,-0.05336724496024256
51,random1,control_to_uncertain,0.1887029224091242,0.005896330700990534
51,random2,control_to_uncertain,0.08458156065667548,0.037750552127337175
51,random3,control_to_uncertain,-0.0626372464821826,0.09495816630167606
51,random4,control_to_uncertain,0.11251912168476164,0.33297596495496
51,random5,control_to_uncertain,0.015686275605161396,0.08307044870669428
51,random6,control_to_uncertain,0.025019585050313018,0.0877501096457096
51,random7,control_to_uncertain,-0.157930262496934,0.17129262126920689
51,random8,control_to_uncertain,0.10052269230288868,-0.08437128280622219
51,random9,control_to_uncertain,0.10613347553451835,0.013829190828587383
51,random10,control_to_uncertain,-0.004347595867988322,0.1809121099671431
51,random11,control_to_uncertain,0.02046030743850446,0.007090350354477292
51,random12,control_to_uncertain,0.01570758343762134,-0.14499064692856176
51,random13,control_to_uncertain,0.09328604963041086,0.05043486042303843
51,random14,control_to_uncertain,0.020382537840256457,0.002236048415040093
51,random15,control_to_uncertain,0.01991436406075733,-0.08901084191381535
51,random16,control_to_uncertain,0.03248610491904879,-0.1112464410398182
51,random17,control_to_uncertain,-0.05117961796492882,0.08715006742739263
51,random18,control_to_uncertain,-0.16816839667778172,0.15667315206521648
51,random19,control_to_uncertain,-0.057814015103103376,0.2661131541247673
51,random20,control_to_uncertain,-0.047098250295765885,-0.16680839487283233
51,random21,control_to_uncertain,0.13530014735523313,-0.08579130846025491
51,random22,control_to_uncertain,0.1372201267081829,-0.33670401190974886
51,random23,control_to_uncertain,0.02413131977242756,0.04886791849154238
51,random24,control_to_uncertain,0.018509523503796126,-0.11954937671047772
51,random25,control_to_uncertain,0.050815788720790664,0.02042284782041905
51,random26,control_to_uncertain,-0.04942255973545089,0.022120615788375705
51,random27,control_to_uncertain,0.10579725868750056,-0.018345969020221287
51,random28,control_to_uncertain,0.06855112764520879,0.05573894648404408
51,random29,control_to_uncertain,0.04980837515128461,-0.16706163051199827
52,circuit,control_to_uncertain,0.6328796741595157,-0.02205085979175941
52,circuit,uncertain_to_control,0.8953828133612791,0.829102151168561
52,random0,control_to_uncertain,-0.13204676869864754,0.1853609586554461
52,random1,control_to_uncertain,0.11271853271667419,-0.020999538026198344
52,random2,control_to_uncertain,0.08022486192903532,0.015909873404953822
52,random3,control_to_uncertain,0.00070521354838638,0.03723618758140712
52,random4,control_to_uncertain,0.019082360434013963,0.029454984063681907
52,random5,control_to_uncertain,-0.0072670682884454435,0.011292333724184506
52,random6,control_to_uncertain,-0.038074571946191384,0.0024785589520921205
52,random7,control_to_uncertain,0.07563661181991885,0.0009117920995044369
52,random8,control_to_uncertain,-0.021246718745885056,0.027193543099828046
52,random9,control_to_uncertain,0.22904419858850117,-0.07544054810977066
52,random10,control_to_uncertain,0.07543291904038678,-0.030594497888789426
52,random11,control_to_uncertain,-0.1045147847826006,0.11563110502904875
52,random12,control_to_uncertain,0.12334238220698807,-0.025193316153985665
52,random13,control_to_uncertain,0.20105614412116957,-0.0394649121360744
52,random14,control_to_uncertain,0.014203895492076861,0.04846464025366209
52,random15,control_to_uncertain,0.14975961049915057,-0.05018128188193062
52,random16,control_to_uncertain,0.02793433760343192,0.021871113512038635
52,random17,control_to_uncertain,-0.01654306233306194,0.032814170472535514
52,random18,control_to_uncertain,0.28828971713496726,0.24370705365135492
52,random19,control_to_uncertain,-0.005299606461890401,-0.0031346975300080918
52,random20,control_to_uncertain,0.03503535412646479,-0.032858137188438434
52,random21,control_to_uncertain,-0.07009697854403381,0.11998490907133567
52,random22,control_to_uncertain,0.043842893987547225,-0.016928220133587694
52,random23,control_to_uncertain,0.25033519127026466,-0.052696307345448105
52,random24,control_to_uncertain,0.136056386239151,-0.05760907059211851
52,random25,control_to_uncertain,0.10880955260975411,-0.019559110824896413
52,random26,control_to_uncertain,-0.007021813555823094,-0.009296374136062114
52,random27,control_to_uncertain,0.09702258924824948,-0.029666670869367452
52,random28,control_to_uncertain,-0.009405385030652268,0.004121750302028708
52,random29,control_to_uncertain,0.10758569685900768,0.059952755177484905
53,circuit,control_to_uncertain,0.7662826799895871,-0.11019146115705718
53,circuit,uncertain_to_control,0.8824088458267225,0.858906562195105
53,random0,control_to_uncertain,0.05809437815210319,-0.02546226952584097
53,random1,control_to_uncertain,0.11167080503749013,-0.1534544782640243
53,random2,control_to_uncertain,0.15384709372582692,-0.41515556860587055
53,random3,control_to_uncertain,0.03794640972977463,0.0058062886133707714
53,random4,control_to_uncertain,-0.05637311920500062,0.1388610845449251
53,random5,control_to_uncertain,0.03594026497503303,-0.07224293892503335
53,random6,control_to_uncertain,0.07038882565596329,-0.0696715602355411
53,random7,control_to_uncertain,0.06297592811997652,-0.19539433602712702
53,random8,control_to_uncertain,0.0526452934501081,-0.10030976370208587
53,random9,control_to_uncertain,0.0005344035698259757,0.07637252314035907
53,random10,control_to_uncertain,0.06613216743148306,-0.11989447355373317
53,random11,control_to_uncertain,0.07005840032440686,0.0327318396672789
53,random12,control_to_uncertain,0.014060655100612381,-0.09495467632809777
53,random13,control_to_uncertain,0.24708369784648276,-0.34806506680959387
53,random14,control_to_uncertain,0.19635482067303617,-0.1924098505973557
53,random15,control_to_uncertain,-0.008520364734867962,0.0804106961703358
53,random16,control_to_uncertain,-0.017602904130143603,0.04745349007086006
53,random17,control_to_uncertain,0.12737349972802903,-0.2283182875023853
53,random18,control_to_uncertain,0.029697340694388688,-0.02586319851640661
53,random19,control_to_uncertain,0.011385387443010177,0.08629169059444866
53,random20,control_to_uncertain,0.19585464560543173,-0.2981152161099763
53,random21,control_to_uncertain,0.04919154894481673,0.06765052215809865
53,random22,control_to_uncertain,0.06870487619833522,-0.077753370670366
53,random23,control_to_uncertain,0.08086397128958815,-0.08157952595533179
53,random24,control_to_uncertain,0.031480894671428325,-0.021459380745033948
53,random25,control_to_uncertain,0.0033601331391664214,-0.002230323635017697
53,random26,control_to_uncertain,-0.014891339910382944,0.03903054651906245
53,random27,control_to_uncertain,0.0461867000617548,-0.04768393056543751
53,random28,control_to_uncertain,-0.00542034288940218,0.03487449911685944
53,random29,control_to_uncertain,0.059611363423802376,-0.09137917972473368
54,circuit,control_to_uncertain,1.654116969904266,0.1477264309595975
54,circuit,uncertain_to_control,2.0,0.5441402303442686
54,random0,control_to_uncertain,-0.08710173630649616,0.09486464658357771
54,random1,control_to_uncertain,0.7143728001941898,0.595355350326071
54,random2,control_to_uncertain,0.5139403785964641,0.08827169745296183
54,random3,control_to_uncertain,0.3177255157245889,-0.02339589160042372
54,random4,control_to_uncertain,-0.3331873692069482,0.06227784355197756
54,random5,control_to_uncertain,-1.0,0.2177774891652329
54,random6,control_to_uncertain,0.16192248776199986,0.03956937909779569
54,random7,control_to_uncertain,0.5201290276904291,0.3465759304777319
54,random8,control_to_uncertain,-0.22681859808237617,0.18013482350281806
54,random9,control_to_uncertain,-1.0,0.3569712250546448
54,random10,control_to_uncertain,-1.0,0.2586227054834561
54,random11,control_to_uncertain,-0.19127047175605646,0.016269808189251136
54,random12,control_to_uncertain,0.8444369508530741,-0.04089524915039682
54,random13,control_to_uncertain,1.4644514139441485,0.246209919338536
54,random14,control_to_uncertain,-1.0,0.2966827857771638
54,random15,control_to_uncertain,1.2555390512653595,-0.10441597416508273
54,random16,control_to_uncertain,-1.0,0.25629632858628115
54,random17,control_to_uncertain,0.6695137716578583,0.1311237696173829
54,random18,control_to_uncertain,1.0340351564367651,0.2632534388396937
54,random19,control_to_uncertain,1.3472948594882659,0.2017073629079801
54,random20,control_to_uncertain,-1.0,0.4058687313748475
54,random21,control_to_uncertain,0.175527723529693,-0.051367690160152246
54,random22,control_to_uncertain,0.865866783254076,0.0623988810621461
54,random23,control_to_uncertain,0.36099043210898163,0.2090903514304634
54,random24,control_to_uncertain,0.861476366224223,0.1438151817139286
54,random25,control_to_uncertain,-0.3675990441303572,0.06798623018563155
54,random26,control_to_uncertain,-1.0,0.27739864924835034
54,random27,control_to_uncertain,0.7987917848171564,-0.05425671172093244
54,random28,control_to_uncertain,-1.0,0.2571251658929179
54,random29,control_to_uncertain,-0.7625726832389969,0.17194381972062056
55,circuit,control_to_uncertain,0.656081547392363,0.41629686058811655
55,circuit,uncertain_to_control,1.1750691289342505,0.7730589878344106
55,random0,control_to_uncertain,0.043258237368002245,0.06232590141210134
55,random1,control_to_uncertain,-0.11961609417468717,0.020691481924520746
55,random2,control_to_uncertain,0.12753021608659795,-0.056854877719242386
55,random3,control_to_uncertain,-0.1005247444611246,0.14266784147997857
55,random4,control_to_uncertain,-0.01502930692310553,0.036479392542065614
55,random5,control_to_uncertain,0.082531586225239,0.03778940933088754
55,random6,control_to_uncertain,-0.03771569930948653,0.056509126216251114
55,random7,control_to_uncertain,-0.11705656596357156,0.0028986349953434333
55,random8,control_to_uncertain,-0.07853430101560173,0.0037935139303222707
55,random9,control_to_uncertain,0.016496495245172462,0.2666005606896238
55,random10,control_to_uncertain,-0.019857344337556388,0.06682166484679233
55,random11,control_to_uncertain,0.10992014185291117,-0.04428631984945631
55,random12,control_to_uncertain,0.09263771323730775,-0.1491341275840711
55,random13,control_to_uncertain,-0.005020402972468319,0.02182738059209141
55,random14,control_to_uncertain,-0.022238680838665287,0.12152245976523914
55,random15,control_to_uncertain,0.013869955507987678,0.11679797605853703
55,random16,control_to_uncertain,-0.04371630839484509,0.06115832231576216
55,random17,control_to_uncertain,0.056411134870969,-0.08664566208944584
55,random18,control_to_uncertain,-0.03099569158365574,0.346861498249434
55,random19,control_to_uncertain,-0.002079437872990012,0.0365709551930554
55,random20,control_to_uncertain,0.051712005786744356,-0.03029052760440481
55,random21,control_to_uncertain,-0.00794520034929216,-0.02229041180001396
55,random22,control_to_uncertain,-0.14839702448018605,0.01741858304029438
55,random23,control_to_uncertain,-0.014750597923995058,0.06855191320545542
55,random24,control_to_uncertain,0.013382409812498629,0.017500579444165828
55,random25,control_to_uncertain,-0.07317086491421268,-0.002653266968606906
55,random26,control_to_uncertain,0.08824767806795975,0.11371658847214072
55,random27,control_to_uncertain,0.016713220749923995,0.04994444442751284
55,random28,control_to_uncertain,0.04091630156365718,-0.016114964455713938
55,random29,control_to_uncertain,0.04697113537030457,0.04522033343173743
56,circuit,control_to_uncertain,0.9076277165559922,0.4892421361991872
56,circuit,uncertain_to_control,0.5374372529744201,0.12913933562533453
56,random0,control_to_uncertain,0.23021956418575001,-0.0762277034694808
56,random1,control_to_uncertain,0.29332242162371336,0.2178195450268894
56,random2,control_to_uncertain,0.23005422161414282,0.13586279383716798
56,random3,control_to_uncertain,0.08859913376382812,-0.0279517304197466
56,random4,control_to_uncertain,0.1414477139039679,0.16215482206422951
56,random5,control_to_uncertain,-0.09162894291597048,0.18377713301160667
56,random6,control_to_uncertain,-0.025379124051509924,0.17044286206814457
56,random7,control_to_uncertain,-0.09439266684923242,0.2622962130838056
56,random8,control_to_uncertain,-0.028111326960599266,-0.0782614944682472
56,random9,control_to_uncertain,0.10263741394455317,0.6234457789468022
56,random10,control_to_uncertain,0.18529109574947297,0.4462789075636921
56,random11,control_to_uncertain,-0.02064951640803026,0.08663605766390468
56,random12,control_to_uncertain,-0.4641986726013779,0.8410626557968555
56,random13,control_to_uncertain,0.09836860005394925,0.2659079225704508
56,random14,control_to_uncertain,0.016720085801577956,-0.15344077933918768
56,random15,control_to_uncertain,-0.056974614696373736,0.1793055924182317
56,random16,control_to_uncertain,-0.03527802387169728,-0.05955462931039804
56,random17,control_to_uncertain,-0.0011171009423410103,0.12553071231622914
56,random18,control_to_uncertain,0.03601243257739911,0.004845298737577033
56,random19,control_to_uncertain,0.019863542007100436,0.16145315755641754
56,random20,control_to_uncertain,0.16885373847525537,0.2011193565937065
56,random21,control_to_uncertain,0.06612080076799132,-0.03864456405096955
56,random22,control_to_uncertain,0.09692847352533861,0.012113908167701123
56,random23,control_to_uncertain,0.06424431317492868,-0.02105291119127335
56,random24,control_to_uncertain,-0.005807372217104455,0.2541758186526807
56,random25,control_to_uncertain,0.08292680343034946,0.08124715079680696
56,random26,control_to_uncertain,0.08610341642983273,0.06711829935745783
56,random27,control_to_uncertain,0.10339212696730851,0.08915327633016457
56,random28,control_to_uncertain,-0.07728435835125518,0.10552544817911116
56,random29,control_to_uncertain,0.08210489402327888,-0.012152926269455043
57,circuit,control_to_uncertain,0.6693739285783362,-0.22036048848464798
57,circuit,uncertain_to_control,0.937751314125931,0.3376187865871074
57,random0,control_to_uncertain,-0.01334005083221068,0.24532488158403212
57,random1,control_to_uncertain,0.06260916511310936,-0.12584750013951257
57,random2,control_to_uncertain,0.07232740119829496,0.20822594027225066
57,random3,control_to_uncertain,-0.030548370531211996,-0.07661440993573038
57,random4,control_to_uncertain,0.09230478958788332,0.08725046842778275
57,random5,control_to_uncertain,0.2991612443470974,-0.38053524706302344
57,random6,control_to_uncertain,0.014153423437683176,0.14349977772828423
57,random7,control_to_uncertain,-0.033085787151268656,0.05112211527201855
57,random8,control_to_uncertain,-0.022322082328603124,0.074516460435984
57,random9,control_to_uncertain,-0.06381829517496614,0.21473534192158367
57,random10,control_to_uncertain,0.07673717836627217,-0.1203406322779262
57,random11,control_to_uncertain,0.049537672794188754,0.058571277542749996
57,random12,control_to_uncertain,-0.010916116589623645,0.43057991604089
57,random13,control_to_uncertain,0.023575963919314227,0.07859424046215746
57,random14,control_to_uncertain,0.08218043461184882,-0.08641916322610549
57,random15,control_to_uncertain,0.004736261033940902,0.0477665461151666
57,random16,control_to_uncertain,-0.06477835608835915,0.16002685030346853
57,random17,control_to_uncertain,0.022697018235729935,0.06271191059935097
57,random18,control_to_uncertain,0.08959838290572515,-0.06997083663313407
57,random19,control_to_uncertain,0.005359871368218539,0.024810495018527966
57,random20,control_to_uncertain,-0.006354026335016557,0.3432586880388267
57,random21,control_to_uncertain,-0.012202217307503297,0.18569412716497793
57,random22,control_to_uncertain,-0.013749376833727199,0.09268521902574009
57,random23,control_to_uncertain,0.0009429398764443346,-0.06635834473309873
57,random24,control_to_uncertain,0.02038291519846785,-0.04448461163945082
57,random25,control_to_uncertain,0.00471440334123697,0.031143157460318285
57,random26,control_to_uncertain,-0.04928559389571384,0.18133067332706468
57,random27,control_to_uncertain,-0.01907081221409842,-0.08910467275743413
57,random28,control_to_uncertain,-0.03427093789336446,0.0475419683241092
57,random29,control_to_uncertain,0.02367074637458342,-0.13152863142218257
58,circuit,control_to_uncertain,0.6097107177048761,0.2690382600609465
58,circuit,uncertain_to_control,0.9793627450363401,0.4897420235925337
58,random0,control_to_uncertain,0.08850191127775489,-0.015041205533564955
58,random1,control_to_uncertain,-0.07063469851974243,-0.08319857719023681
58,random2,control_to_uncertain,-0.04016644542002441,0.006607828199908529
58,random3,control_to_uncertain,-0.016957149339493473,0.16361652612412078
58,random4,control_to_uncertain,0.1957459752677063,0.37889551911221236
58,random5,control_to_uncertain,-0.006123457089144849,0.020224445744891267
58,random6,control_to_uncertain,0.03512223969116116,0.3429902803132129
58,random7,control_to_uncertain,-0.08133055030763563,0.19821856949869496
58,random8,control_to_uncertain,0.17663782415088047,0.07274662722448019
58,random9,control_to_uncertain,-0.007992348561654164,-0.009114552383562357
58,random10,control_to_uncertain,0.07028533485996522,-0.08236080358148935
58,random11,control_to_uncertain,-0.1593841579330571,0.12078079725946786
58,random12,control_to_uncertain,0.05257940088588691,0.011956414691769904
58,random13,control_to_uncertain,-0.23184912061901117,0.09039551425435872
58,random14,control_to_uncertain,-0.06607568985800698,0.12644630940612758
58,random15,control_to_uncertain,-0.1308912552711135,-0.08317677958863982
58,random16,control_to_uncertain,-0.07453932217258749,0.011543550908890076
58,random17,control_to_uncertain,-0.12571478801262867,0.04239203294793525
58,random18,control_to_uncertain,0.02133074352921182,0.2691945001066039
58,random19,control_to_uncertain,0.1020576975274748,-0.09617474678303431
58,random20,control_to_uncertain,-0.2264187778987038,0.22505435687269953
58,random21,control_to_uncertain,0.2656126860578352,-0.1783628904150317
58,random22,control_to_uncertain,-0.29294197300932706,0.21298393498836643
58,random23,control_to_uncertain,0.10123102894945667,-0.15018891672982773
58,random24,control_to_uncertain,-0.014158515103072655,0.08212174699029078
58,random25,control_to_uncertain,-0.06988746169884015,-0.020925410722562886
58,random26,control_to_uncertain,0.2406007653411383,-0.14728682420668113
58,random27,control_to_uncertain,-0.13012717959806033,0.08176423764304541
58,random28,control_to_uncertain,0.06469908818125872,0.04979375274284993
58,random29,control_to_uncertain,-0.11490509537883047,0.03135943502911145
59,circuit,control_to_uncertain,0.8958955694026374,0.0056337503963742284
59,circuit,uncertain_to_control,0.972850145156864,0.18210063722297387
59,random0,control_to_uncertain,0.026058349589354487,0.1169741200229017
59,random1,control_to_uncertain,-0.14368638817319893,0.13887401390611273
59,random2,control_to_uncertain,-0.035088623481349876,-0.06306044780435009
59,random3,control_to_uncertain,0.04069769903509242,-0.04301625226226622
59,random4,control_to_uncertain,-0.07369862648362199,0.28538922117398496
59,random5,control_to_uncertain,0.004080515594611211,0.23498576760283688
59,random6,control_to_uncertain,-0.05165307224807985,-0.05367384044586959
59,random7,control_to_uncertain,-0.2848944540018477,0.061960793612584636
59,random8,control_to_uncertain,-0.30361322403291335,0.13548454035064728
59,random9,control_to_uncertain,-0.6561843131306068,-0.011913515737887697
59,random10,control_to_uncertain,-0.1435535270468023,0.16158244703148264
59,random11,control_to_uncertain,-0.13771011950639317,0.3564497807935206
59,random12,control_to_uncertain,-0.046504046594640365,-0.010514454540545271
59,random13,control_to_uncertain,0.0686338192108526,-0.135929122120752
59,random14,control_to_uncertain,-0.06367561717521575,0.10888158367616932
59,random15,control_to_uncertain,-0.349910070537578,0.23453735872997658
59,random16,control_to_uncertain,-0.10449885294127524,0.04012423827997819
59,random17,control_to_uncertain,0.1512523183171547,0.12680735027295653
59,random18,control_to_uncertain,-0.04764297791716678,0.020873528709214637
59,random19,control_to_uncertain,0.29345718326333303,0.054686619405083736
59,random20,control_to_uncertain,0.29501910450530133,0.13583000015938287
59,random21,control_to_uncertain,0.09756965852889835,-0.03196549305557455
59,random22,control_to_uncertain,-0.0670504844540072,0.005897692916416307
59,random23,control_to_uncertain,-0.1429886969248392,-0.03186598838392988
59,random24,control_to_uncertain,-0.18017010214879267,0.1633581589250185
59,random25,control_to_uncertain,-0.05581481319798629,-0.0073209924312106385
59,random26,control_to_uncertain,0.35461559309766494,-0.13689010762267417
59,random27,control_to_uncertain,0.033105537335412195,0.25827202945925104
59,random28,control_to_uncertain,-0.09912812440823873,0.155087981225382
59,random29,control_to_uncertain,0.03060616647907941,-0.03249184725455648
60,circuit,control_to_uncertain,0.9364285814742791,0.16251691216093464
60,circuit,uncertain_to_control,1.016124147316051,0.8140093086879738
60,random0,control_to_uncertain,0.007431565329798947,0.16915637973001146
60,random1,control_to_uncertain,-0.02959020038570222,0.11505052108795832
60,random2,control_to_uncertain,0.15235553855762982,0.06699331277551863
60,random3,control_to_uncertain,-0.05633227911548619,0.22630059736635988
60,random4,control_to_uncertain,-0.11401491938662249,-0.13738462760849443
60,random5,control_to_uncertain,0.06626227423887918,0.14739507687675937
60,random6,control_to_uncertain,0.026985527499408277,0.07625221905565034
60,random7,control_to_uncertain,0.782837810243186,0.3155666448409199
60,random8,control_to_uncertain,-0.10845032156933204,-0.2318134486537089
60,random9,control_to_uncertain,-0.14307057910171656,-0.1677405688127534
60,random10,control_to_uncertain,0.0008820520692545791,-0.14017533489534742
60,random11,control_to_uncertain,-0.04258058530404549,0.17794497817215865
60,random12,control_to_uncertain,-0.04421435222621526,-0.03086604646915134
60,random13,control_to_uncertain,0.04413318446580984,0.45090498650587946
60,random14,control_to_uncertain,-0.16508388625349568,-0.0349519854517364
60,random15,control_to_uncertain,-0.0023928953515894107,0.10924170262049998
60,random16,control_to_uncertain,0.11016062276659194,0.3146412499352419
60,random17,control_to_uncertain,0.018310770803722183,-0.1794838818326422
60,random18,control_to_uncertain,-0.1057052813337809,-0.10049702098804583
60,random19,control_to_uncertain,0.35620730583979415,0.11755936484423776
60,random20,control_to_uncertain,-0.13701733937423527,-0.18946647290207166
60,random21,control_to_uncertain,-0.06859815046529459,-0.07634068105546128
60,random22,control_to_uncertain,0.32098311438025606,0.3738788122269425
60,random23,control_to_uncertain,-0.010034166775598997,-0.19075241853152522
60,random24,control_to_uncertain,0.0388794662573791,0.11036978512321911
60,random25,control_to_uncertain,-0.1159566768032789,-0.06763300404802669
60,random26,control_to_uncertain,0.05372084679179112,0.0028026465149253617
60,random27,control_to_uncertain,0.08912416334245894,-0.05050433114698837
60,random28,control_to_uncertain,0.09316859639519204,-0.12441471599927778
60,random29,control_to_uncertain,-0.005176584305829219,-0.08620778976681082
61,circuit,control_to_uncertain,0.9460144375248205,-0.5209577227832601
61,circuit,uncertain_to_control,1.1706717538753664,0.755707375379522
61,random0,control_to_uncertain,0.0924863590393002,-0.029487496300303
61,random1,control_to_uncertain,0.09601762946639383,0.05245361795378073
61,random2,control_to_uncertain,-0.21041207788053184,0.00729487102620332
61,random3,control_to_uncertain,0.17178389975195238,0.11970221896302925
61,random4,control_to_uncertain,0.011801182427810895,-0.04730910604188186
61,random5,control_to_uncertain,0.1257770660360006,-0.017597909103514043
61,random6,control_to_uncertain,0.1486863235785467,-0.07416599133598915
61,random7,control_to_uncertain,0.10701650346310856,-0.0658428809673572
61,random8,control_to_uncertain,-0.07118254743467979,0.19264392209830597
61,random9,control_to_uncertain,-0.17687572758798062,0.017780621817325825
61,random10,control_to_uncertain,0.11407406986289574,-0.016067416998087752
61,random11,control_to_uncertain,0.2115968271034806,-0.16968729397140153
61,random12,control_to_uncertain,0.07921960759371784,-0.019111373137467566
61,random13,control_to_uncertain,0.3421860855745915,-0.007807747497509221
61,random14,control_to_uncertain,-0.2475403395681013,0.23547856330619749
61,random15,control_to_uncertain,-0.13156685720011413,-0.03155896872951016
61,random16,control_to_uncertain,0.09410933400701658,0.04671357561302894
61,random17,control_to_uncertain,0.09782406704996022,0.020996516271311202
61,random18,control_to_uncertain,-0.129849486038187,0.016836015923281156
61,random19,control_to_uncertain,-0.07205189256078635,0.03783140201285744
61,random20,control_to_uncertain,0.034013542596786,-0.12686048869020544
61,random21,control_to_uncertain,0.16484915500009062,0.00398336319744386
61,random22,control_to_uncertain,-0.34831520559242374,0.4584274044809483
61,random23,control_to_uncertain,-0.010784617139340508,-0.057384751554127034
61,random24,control_to_uncertain,0.18078612250399348,-0.07307393439826214
61,random25,control_to_uncertain,0.05027823189414077,-0.13686907675284546
61,random26,control_to_uncertain,0.17497892074947974,-0.09766488065930734
61,random27,control_to_uncertain,-0.100189656995972,-0.002851297826300749
61,random28,control_to_uncertain,0.2295444217001335,-0.4021955136418869
61,random29,control_to_uncertain,0.21826674137823418,-0.09088107781363405
62,circuit,control_to_uncertain,1.0169055896840256,0.034203447293264744
62,circuit,uncertain_to_control,0.9392478235871,0.6054880250218936
62,random0,control_to_uncertain,0.023973151835240902,0.11672951270950799
62,random1,control_to_uncertain,0.07941704171799877,0.05488155342962933
62,random2,control_to_uncertain,0.05071602758014585,-0.10644438774098867
62,random3,control_to_uncertain,0.09334321923029401,0.08265905496466414
62,random4,control_to_uncertain,0.012259852812483114,0.042951838623171555
62,random5,control_to_uncertain,0.019239061168409097,-0.04276045282413747
62,random6,control_to_uncertain,-0.031806298584577536,0.04999538213496413
62,random7,control_to_uncertain,0.02909209609310135,-0.018432612053274695
62,random8,control_to_uncertain,0.009381162187849956,0.11266064069281907
62,random9,control_to_uncertain,-0.02886935792505071,-0.07864628306546122
62,random10,control_to_uncertain,-0.028608300487609737,0.11023877876249998
62,random11,control_to_uncertain,0.003204345096696541,0.205316004313193
62,random12,control_to_uncertain,-0.0054278118054076315,0.0054841588301685765
62,random13,control_to_uncertain,0.019678071869272687,0.18069314146431203
62,random14,control_to_uncertain,0.06865327164998682,0.3186307947166535
62,random15,control_to_uncertain,0.04189061343396472,0.22879768899785938
62,random16,control_to_uncertain,0.1263662139357692,0.2577938166469124
62,random17,control_to_uncertain,0.07729112305652051,-0.11188560267591355
62,random18,control_to_uncertain,0.09436858593413511,0.11414077775272889
62,random19,control_to_uncertain,0.03764476720421009,-0.03828584787810847
62,random20,control_to_uncertain,0.025849491044768948,-0.014714489886177422
62,random21,control_to_uncertain,-0.09209597446584214,0.18317873660332376
62,random22,control_to_uncertain,-0.017989473352655497,-0.047126332763711316
62,random23,control_to_uncertain,-0.03089357629648295,0.06454740508797968
62,random24,control_to_uncertain,0.016743148013397983,0.02388313563601251
62,random25,control_to_uncertain,0.061590988778919706,0.0725558209744097
62,random26,control_to_uncertain,-0.0572013563123196,0.06949513757351447
62,random27,control_to_uncertain,-0.026282866558957486,0.023160163989207366
62,random28,control_to_uncertain,0.037785113011296056,-0.002468901630600492
62,random29,control_to_uncertain,-0.022710514113502982,-0.08809604997924715
63,circuit,control_to_uncertain,0.9419569310967495,0.21814259231544927
63,circuit,uncertain_to_control,1.1607222730754536,-0.003391192507317184
63,random0,control_to_uncertain,-0.014778064431643045,0.07067823254551878
63,random1,control_to_uncertain,0.06318012544693066,-0.021424234603387403
63,random2,control_to_uncertain,0.04423035759974735,-0.06703273751885087
63,random3,control_to_uncertain,-0.10742737812338692,0.19472936591324266
63,random4,control_to_uncertain,-0.03900116700934528,0.0923335904370504
63,random5,control_to_uncertain,-0.03780953818458259,0.13655274279859184
63,random6,control_to_uncertain,0.0346429274842271,-0.09423283512454561
63,random7,control_to_uncertain,0.1430644198099179,-0.17717091470068208
63,random8,control_to_uncertain,-0.04563353645116087,0.009401124134785834
63,random9,control_to_uncertain,0.018818387260402174,-0.01365454977590595
63,random10,control_to_uncertain,-0.0513088359541958,0.2265503627867878
63,random11,control_to_uncertain,0.0018226632268202834,0.06671552227446202
63,random12,control_to_uncertain,-0.12620438230679198,0.0834313296999732
63,random13,control_to_uncertain,0.02463736065506091,0.05868403696442014
63,random14,control_to_uncertain,0.08802348113260387,-0.12012438721182314
63,random15,control_to_uncertain,-0.08661192048243399,0.1334518658787512
63,random16,control_to_uncertain,0.09762629431407698,-0.16028918934281772
63,random17,control_to_uncertain,-0.020237376485156132,0.03100792068026287
63,random18,control_to_uncertain,0.05289947126956049,-0.11209662232748706
63,random19,control_to_uncertain,-0.018180778898535664,0.19190491009627997
63,random20,control_to_uncertain,0.09949155680045901,-0.0709220836058144
63,random21,control_to_uncertain,0.11877804286905487,-0.05467126412290119
63,random22,control_to_uncertain,0.0050891652464722156,0.03547902386048521
63,random23,control_to_uncertain,0.40020807897587174,-0.18756695899394923
63,random24,control_to_uncertain,0.13967544491902592,-0.19142941358282878
63,random25,control_to_uncertain,-0.13788183859456102,0.06684913124673857
63,random26,control_to_uncertain,0.19457050742818013,-0.18583311007379585
63,random27,control_to_uncertain,-0.0038422165499175233,0.010965269426253815
63,random28,control_to_uncertain,-0.04169290772290391,0.06960642358911769
63,random29,control_to_uncertain,0.016468426717308946,-0.005235879109955705
64,circuit,control_to_uncertain,0.7753178603271244,-0.45736956703155
64,circuit,uncertain_to_control,0.9809820501265832,0.7358559303698026
64,random0,control_to_uncertain,0.16311721023006756,-0.019689931567753633
64,random1,control_to_uncertain,0.00612447643784978,0.01293560544573127
64,random2,control_to_uncertain,-0.1379609232615996,-0.09709657015149571
64,random3,control_to_uncertain,-0.21287060335118457,0.12543329855106317
64,random4,control_to_uncertain,-0.18245258527044075,0.23879230496199697
64,random5,control_to_uncertain,-0.17432322923657434,0.2217673678391756
64,random6,control_to_uncertain,-0.056255491882489995,0.015994760216955953
64,random7,control_to_uncertain,-0.11909382891307305,0.08826228025126032
64,random8,control_to_uncertain,-0.25905519958379347,-0.06776528961850553
64,random9,control_to_uncertain,0.008011943373735538,-0.09102401719750483
64,random10,control_to_uncertain,0.04743423118157912,-0.012860433907549467
64,random11,control_to_uncertain,-0.15035428484488636,0.15579192343920464
64,random12,control_to_uncertain,-0.1279616678689981,-0.007901727049748088
64,random13,control_to_uncertain,-0.4453016562518333,-0.1625535488265287
64,random14,control_to_uncertain,0.0456380672957471,-0.18923661233035471
64,random15,control_to_uncertain,-0.028285088576046336,-0.014478909807881158
64,random16,control_to_uncertain,-0.2230676148645556,-0.05120968436015839
64,random17,control_to_uncertain,0.00188287357855737,-0.10048560813665444
64,random18,control_to_uncertain,-0.039772349987396476,0.011936150820687991
64,random19,control_to_uncertain,-0.14648329339530014,0.0337955983469234
64,random20,control_to_uncertain,-0.25766913386364854,0.0851429882494902
64,random21,control_to_uncertain,-0.014199598621154715,0.040065340408318724
64,random22,control_to_uncertain,0.20859338182629308,-0.06865993986712722
64,random23,control_to_uncertain,-0.2259777081951297,0.026028308511836684
64,random24,control_to_uncertain,0.004908284353638874,-0.12825157756733135
64,random25,control_to_uncertain,-0.10669208646729239,0.22428191026348604
64,random26,control_to_uncertain,0.033563420242877395,0.014468451159090647
64,random27,control_to_uncertain,-0.10594917135833797,-0.21596129254082633
64,random28,control_to_uncertain,0.07288449301906388,0.011387943313252002
64,random29,control_to_uncertain,-0.016023242065740774,-0.049945930964638216
65,circuit,control_to_uncertain,1.0159179976614916,-0.28520676390334115
65,circuit,uncertain_to_control,1.2960204594088727,0.3698599624581582
65,random0,control_to_uncertain,0.009031489981733063,0.05170147795685469
65,random1,control_to_uncertain,0.21715200757194675,-0.2576947099027292
65,random2,control_to_uncertain,0.06945128228848255,-0.16329749959391038
65,random3,control_to_uncertain,0.07110586135492114,0.14001888151745392
65,random4,control_to_uncertain,0.2036058706194659,0.09077565097110377
65,random5,control_to_uncertain,0.09833319173448886,-0.21197509474779686
65,random6,control_to_uncertain,0.012221787436755756,0.006135150539435842
65,random7,control_to_uncertain,0.061970196714421846,0.04764781832817967
65,random8,control_to_uncertain,-0.2671473341238163,0.34116042913466477
65,random9,control_to_uncertain,0.1592388579437844,-0.046781979278756616
65,random10,control_to_uncertain,0.6111100969675292,-0.04012497683957915
65,random11,control_to_uncertain,-0.01675510074952226,-0.05936713919614327
65,random12,control_to_uncertain,0.033441163484078225,0.0027271381329599083
65,random13,control_to_uncertain,0.049786839981822276,-0.09046015495078202
65,random14,control_to_uncertain,0.0012538017230955217,0.3113907489667073
65,random15,control_to_uncertain,-0.00032446494509007266,0.034792311272779305
65,random16,control_to_uncertain,0.2677998325793824,-0.04025259525287721
65,random17,control_to_uncertain,0.2993384017026998,0.12530662667713646
65,random18,control_to_uncertain,0.02872406905393626,0.3480906005170002
65,random19,control_to_uncertain,0.07969333945113542,-0.060963097570148145
65,random20,control_to_uncertain,0.0626314793309379,0.038200050601338055
65,random21,control_to_uncertain,0.47358980246755317,0.22569489341108953
65,random22,control_to_uncertain,0.09542796775279615,-0.13364770063159737
65,random23,control_to_uncertain,-0.05543615349278141,0.11137956187469993
65,random24,control_to_uncertain,0.010774322415216033,-0.003306882551144877
65,random25,control_to_uncertain,0.02727330997204029,0.018447505617554105
65,random26,control_to_uncertain,-0.0036947004470726168,0.10867017380635709
65,random27,control_to_uncertain,0.2656957515268313,0.11541474323097872
65,random28,control_to_uncertain,-0.024675119866052527,-0.09912109417223962
65,random29,control_to_uncertain,0.1245828724508262,0.0012659892240723099
66,circuit,control_to_uncertain,1.0319093555819825,-0.05555767269360634
66,circuit,uncertain_to_control,2.0,0.883556110873581
66,random0,control_to_uncertain,-0.0920882839543154,-0.06340247319854893
66,random1,control_to_uncertain,-0.4331684327973862,-0.017491023663604777
66,random2,control_to_uncertain,-0.6066063600294813,0.5875799702979528
66,random3,control_to_uncertain,-0.5400608725390411,-0.07133285288296093
66,random4,control_to_uncertain,-1.0,0.26783701810857186
66,random5,control_to_uncertain,-0.5496344627700515,0.022602504015954795
66,random6,control_to_uncertain,-0.3544355414660504,-0.3042693337000437
66,random7,control_to_uncertain,-0.5447851463822139,-0.1312731205548926
66,random8,control_to_uncertain,-0.9299711145192188,-0.05337292398266459
66,random9,control_to_uncertain,-0.7896175510107469,-0.013917107425005541
66,random10,control_to_uncertain,-0.03579987642662361,-0.0528942273688272
66,random11,control_to_uncertain,-1.0,-0.12456818894261527
66,random12,control_to_uncertain,-1.0,-0.06671094138790244
66,random13,control_to_uncertain,-0.18131266920941605,-0.09356881605965785
66,random14,control_to_uncertain,-0.005750079783999615,0.05082411406693695
66,random15,control_to_uncertain,-0.21403994342069715,0.24796344719960534
66,random16,control_to_uncertain,-0.024927378195747085,0.7090615229659016
66,random17,control_to_uncertain,-0.4220402992859026,-0.1399383621682105
66,random18,control_to_uncertain,0.2025574954925101,-0.20295324942467513
66,random19,control_to_uncertain,-0.5697344804816913,-0.016214329812382192
66,random20,control_to_uncertain,0.0956195115341953,-0.07866328818589204
66,random21,control_to_uncertain,0.8741441890721631,0.8308905423617853
66,random22,control_to_uncertain,-0.605527500789678,-0.015555319266170934
66,random23,control_to_uncertain,-1.0,0.23793447020706068
66,random24,control_to_uncertain,-0.38260439460880535,0.268869181852633
66,random25,control_to_uncertain,-0.0641260938161891,-0.09058715097763921
66,random26,control_to_uncertain,-0.39345958930216957,0.05026219074736
66,random27,control_to_uncertain,-0.573798036701456,-0.06338835835616988
66,random28,control_to_uncertain,-1.0,0.012495068845501344
66,random29,control_to_uncertain,-0.37725009243517094,-0.114588359576913
67,circuit,control_to_uncertain,0.7646800451090012,0.7945677147106704
67,circuit,uncertain_to_control,1.237989126401446,0.21606659854796542
67,random0,control_to_uncertain,-0.021242443441848217,0.112502473396154
67,random1,control_to_uncertain,-0.016768582524983713,0.054217693712227774
67,random2,control_to_uncertain,0.15899945658733772,-0.01686274826476726
67,random3,control_to_uncertain,-0.006632123557823046,0.23919846117874577
67,random4,control_to_uncertain,-0.006961912870883731,-0.00023909749136459156
67,random5,control_to_uncertain,-0.0405530439356521,0.06327899076815321
67,random6,control_to_uncertain,-0.041925762255110986,0.20897691470612897
67,random7,control_to_uncertain,-0.0019046034738401565,0.1250203017327768
67,random8,control_to_uncertain,-0.08079716685711352,0.08733397129093641
67,random9,control_to_uncertain,-0.008507003878938922,-0.12382955008202963
67,random10,control_to_uncertain,0.02769682200644995,-0.13709053567977547
67,random11,control_to_uncertain,-0.06583824109558731,0.00892808733117838
67,random12,control_to_uncertain,-0.05639146185835144,0.13612904561546627
67,random13,control_to_uncertain,-0.012570220948311114,0.08056808301066606
67,random14,control_to_uncertain,0.12710330113001164,0.06260699202909194
67,random15,control_to_uncertain,-0.13068066208714144,0.3566275693493531
67,random16,control_to_uncertain,-0.09185245189418417,0.20286213904581643
67,random17,control_to_uncertain,-0.04351380470366057,0.36667949989159254
67,random18,control_to_uncertain,-0.0829352901048547,0.21551524143291162
67,random19,control_to_uncertain,-0.006885296787839673,-0.01780189503887277
67,random20,control_to_uncertain,-0.03990026842895536,0.2561806367582703
67,random21,control_to_uncertain,-0.08047936399256289,0.2940464421072904
67,random22,control_to_uncertain,-0.09273302391558344,0.18525198343755042
67,random23,control_to_uncertain,0.0019679642726084462,0.021577789652373013
67,random24,control_to_uncertain,-0.0859577108917753,0.4240936198431246
67,random25,control_to_uncertain,0.012413371250465453,0.10591108135513755
67,random26,control_to_uncertain,0.0025526005990362624,0.010852038907196961
67,random27,control_to_uncertain,0.03647128026689609,0.005858920701295164
67,random28,control_to_uncertain,0.016395976753956897,0.1457454034296586
67,random29,control_to_uncertain,0.0997913953011664,-0.13993226218709603
68,circuit,control_to_uncertain,0.81951590039622,0.939006916940162
68,circuit,uncertain_to_control,1.057352747304561,0.34555390663396224
68,random0,control_to_uncertain,-0.004612792349384573,0.04116181010870629
68,random1,control_to_uncertain,-0.03187157029291472,0.22434718823363736
68,random2,control_to_uncertain,0.08763474320655455,0.11006893328032151
68,random3,control_to_uncertain,0.023396706519372066,0.019208609067397218
68,random4,control_to_uncertain,-0.0048587898199911154,-0.05210744621948592
68,random5,control_to_uncertain,0.04405712243178066,-0.06034129283622118
68,random6,control_to_uncertain,-0.033660200860646146,0.03384141358328069
68,random7,control_to_uncertain,-0.028764140280658754,0.098636632791508
68,random8,control_to_uncertain,-0.02928938094888114,0.07743718183715378
68,random9,control_to_uncertain,-0.07415448954793025,0.0132295794665525
68,random10,control_to_uncertain,0.018603571782908748,-0.05186821434045241
68,random11,control_to_uncertain,-0.11373117526049543,0.1344654242067597
68,random12,control_to_uncertain,-0.026774467156201284,0.03218163637998619
68,random13,control_to_uncertain,-0.008742110281931083,0.1288786104643304
68,random14,control_to_uncertain,0.05503506012824278,-0.03464662963002762
68,random15,control_to_uncertain,0.05749064388923151,0.06016865564691863
68,random16,control_to_uncertain,-0.041675191547137995,0.0879749784945811
68,random17,control_to_uncertain,0.027794943701288606,-0.014769528645331105
68,random18,control_to_uncertain,0.005205752890783919,0.11520895462455583
68,random19,control_to_uncertain,-0.013864748855191754,0.11300694677345194
68,random20,control_to_uncertain,0.06868844247846267,-0.033124142116178465
68,random21,control_to_uncertain,0.08213286288887177,-0.20017472976129408
68,random22,control_to_uncertain,0.0046941816527705455,0.09024372242541537
68,random23,control_to_uncertain,-0.11015731188015146,0.3409074070827341
68,random24,control_to_uncertain,-0.01075439154621799,-0.02989154255923817
68,random25,control_to_uncertain,0.009584596731945035,0.051627003001426905
68,random26,control_to_uncertain,-0.039430111784052486,-0.020499287677182877
68,random27,control_to_uncertain,0.018751217311112782,-0.16241087481386007
68,random28,control_to_uncertain,-0.019643755307685546,0.018483561150326414
68,random29,control_to_uncertain,0.030807027477593372,-0.03950026553041893
69,circuit,control_to_uncertain,0.8388392331622102,-0.09619367405624722
69,circuit,uncertain_to_control,1.0417719546134474,0.3677143249743069
69,random0,control_to_uncertain,-0.039989335825063525,0.0764941163253787
69,random1,control_to_uncertain,0.04246417251613287,-0.10412315675138237
69,random2,control_to_uncertain,0.07557995619180406,-0.055897956606677866
69,random3,control_to_uncertain,0.03066647059449108,-0.0643497213311322
69,random4,control_to_uncertain,-0.1132347618364824,0.15891628084291357
69,random5,control_to_uncertain,0.02825507620961191,0.17347014317554463
69,random6,control_to_uncertain,0.0861620595206182,-0.12390458861184704
69,random7,control_to_uncertain,0.032483780956086554,0.00907638941576872
69,random8,control_to_uncertain,0.09906079716541243,-0.018146089768661937
69,random9,control_to_uncertain,-0.015317979806277268,0.17693768647957614
69,random10,control_to_uncertain,-0.08815810849514483,0.11339025134973164
69,random11,control_to_uncertain,-0.08006815097215249,0.046509723079653245
69,random12,control_to_uncertain,0.008547182189801043,-0.013195112990730347
69,random13,control_to_uncertain,0.17160051003213556,0.0016519309677339841
69,random14,control_to_uncertain,0.05177698965890409,0.02676153586167981
69,random15,control_to_uncertain,0.0455836270443183,-0.07535858101163347
69,random16,control_to_uncertain,0.06334197199957314,-0.01605883458899028
69,random17,control_to_uncertain,0.08416344351636133,-0.0006574010994043406
69,random18,control_to_uncertain,0.07617836749377586,-0.03513122578465174
69,random19,control_to_uncertain,0.0896583540132026,-0.02938264514944529
69,random20,control_to_uncertain,0.04442677676045982,-0.003945142393342349
69,random21,control_to_uncertain,0.1262077966560404,-0.13083726715727487
69,random22,control_to_uncertain,0.025204564765610015,0.0003164595646400016
69,random23,control_to_uncertain,0.0270646345081406,-0.026727087187870976
69,random24,control_to_uncertain,0.054713084920643945,0.034163318386566596
69,random25,control_to_uncertain,0.19885074078977236,-0.20068486304703972
69,random26,control_to_uncertain,0.15093144673761694,-0.10202279100847472
69,random27,control_to_uncertain,-0.013934130750559154,0.1340626663852132
69,random28,control_to_uncertain,-0.032655698604305936,0.025424191520980688
69,random29,control_to_uncertain,-0.033285207637866916,0.17688477599223093
70,circuit,control_to_uncertain,0.7127464219699067,0.673619056162231
70,circuit,uncertain_to_control,0.9952951590726523,0.44487301322782485
70,random0,control_to_uncertain,0.0005633826889418442,0.051109792953081004
70,random1,control_to_uncertain,-0.007172060727871888,0.03215858180615763
70,random2,control_to_uncertain,0.047035545202074105,-0.020954822751738173
70,random3,control_to_uncertain,0.03249268975278073,-0.09432363264632734
70,random4,control_to_uncertain,-0.014036065583308817,-0.0445926691847318
70,random5,control_to_uncertain,0.0479998050843174,-0.24436828879399033
70,random6,control_to_uncertain,0.04769147647538626,-0.07412260079404523
70,random7,control_to_uncertain,0.10592828684751884,-0.04170984859613498
70,random8,control_to_uncertain,-0.02303159706855541,0.012119388013609017
70,random9,control_to_uncertain,0.05338416899189682,-0.19146596620623824
70,random10,control_to_uncertain,0.02934990165121948,0.025240068872225324
70,random11,control_to_uncertain,0.08966189583865927,-0.026222638772128742
70,random12,control_to_uncertain,0.029298581733854998,0.08469811527268463
70,random13,control_to_uncertain,0.07168440150885103,0.019894539805718668
70,random14,control_to_uncertain,-0.02279968013463728,0.024903055860355554
70,random15,control_to_uncertain,0.017685689006937327,-0.21528155237836866
70,random16,control_to_uncertain,0.0170522130384773,0.052603524902190245
70,random17,control_to_uncertain,-0.008983576535497383,0.06733194249208939
70,random18,control_to_uncertain,0.06452636398249105,0.009766708898021953
70,random19,control_to_uncertain,-0.013149853795055615,-0.08418464491517832
70,random20,control_to_uncertain,-0.014543946395278095,0.24712633249501134
70,random21,control_to_uncertain,0.003968543299827958,-0.06331279302290733
70,random22,control_to_uncertain,0.17545793366830223,-0.07454771423938324
70,random23,control_to_uncertain,0.03185857739916295,-0.017279867698027366
70,random24,control_to_uncertain,0.005282087721512036,0.013375364207769035
70,random25,control_to_uncertain,0.16403091086353103,0.5021099540858243
70,random26,control_to_uncertain,0.001116083198449984,0.16164069937381367
70,random27,control_to_uncertain,0.044262224140670936,0.05281370919688376
70,random28,control_to_uncertain,-0.02287490995150018,-0.10334244965499446
70,random29,control_to_uncertain,0.1879752888006758,-0.030530583257570593
71,circuit,control_to_uncertain,0.8880072517034451,-0.29635952952916983
71,circuit,uncertain_to_control,1.0937728824151798,0.589647064109541
71,random0,control_to_uncertain,0.015023245695693537,0.06795828654242232
71,random1,control_to_uncertain,0.011523052135294745,0.029387049869254302
71,random2,control_to_uncertain,-0.05614088813003626,0.2027530179319423
71,random3,control_to_uncertain,0.1466637225808356,-0.2325854093098503
71,random4,control_to_uncertain,-0.05498474079935336,0.1807230976208772
71,random5,control_to_uncertain,-0.0038328222809021163,0.06695704937475885
71,random6,control_to_uncertain,0.32913533845256127,-0.45301197350433386
71,random7,control_to_uncertain,0.20895284959505575,-0.3419215215021277
71,random8,control_to_uncertain,-0.01223389702359734,0.016840800714404466
71,random9,control_to_uncertain,0.009171023667725478,0.07533281423275313
71,random10,control_to_uncertain,0.08051984873907604,-0.07586810239543987
71,random11,control_to_uncertain,0.01294186830627272,0.00435975232660956
71,random12,control_to_uncertain,0.015208185277603075,-0.05184913640443867
71,random13,control_to_uncertain,0.0895908638356519,-0.13218855876026991
71,random14,control_to_uncertain,0.002674298017169545,-0.01422347976747143
71,random15,control_to_uncertain,-0.07753974232059051,0.04739344098019387
71,random16,control_to_uncertain,0.0344076313883446,-0.014083027856056468
71,random17,control_to_uncertain,-0.0837404511149306,0.19302155007813745
71,random18,control_to_uncertain,0.034257600793313824,-0.01565586967582846
71,random19,control_to_uncertain,-0.02148846811418815,0.031955385783943996
71,random20,control_to_uncertain,0.07764361784252244,-0.14106684248351917
71,random21,control_to_uncertain,0.015670232681169127,0.020374310678192283
71,random22,control_to_uncertain,-0.0025012431005083657,-0.03883888075451138
71,random23,control_to_uncertain,0.027096611046906326,-0.0666190526522798
71,random24,control_to_uncertain,-0.008755911822737274,-0.010549855720077229
71,random25,control_to_uncertain,-0.01189264748621237,0.09511660190155673
71,random26,control_to_uncertain,0.01344152091928134,0.0026697687142142696
71,random27,control_to_uncertain,-0.013140608290515427,0.039230423184649546
71,random28,control_to_uncertain,0.019274088903823754,-0.003921589658888083
71,random29,control_to_uncertain,-0.0808458433330079,0.009792107945444018
72,circuit,control_to_uncertain,1.0877686194098821,-0.04004056009390787
72,circuit,uncertain_to_control,0.531477047101971,0.8666926990646192
72,random0,control_to_uncertain,0.03245040365980294,-0.022304739057227276
72,random1,control_to_uncertain,0.04323886751280043,-0.027431748270050255
72,random2,control_to_uncertain,0.07870392726862814,-0.1497452066068617
72,random3,control_to_uncertain,0.021515839103154334,-0.03635375849072192
72,random4,control_to_uncertain,0.08202515856085885,-0.02803128565969957
72,random5,control_to_uncertain,0.15706480339044207,-0.1484670593588422
72,random6,control_to_uncertain,0.18926553630600024,-0.2669756803782901
72,random7,control_to_uncertain,0.1207108330865915,-0.228740226327573
72,random8,control_to_uncertain,-0.052338066592484134,0.015088898795694607
72,random9,control_to_uncertain,-0.01676781236101543,0.11383981193334326
72,random10,control_to_uncertain,0.23789472233359446,-0.26252050065514265
72,random11,control_to_uncertain,-0.011915674099933767,-0.005206081681543851
72,random12,control_to_uncertain,0.19408287227682539,-0.2138823375582501
72,random13,control_to_uncertain,-0.06552591946100261,0.14880922923254616
72,random14,control_to_uncertain,-0.010862006457867692,0.11673512486411546
72,random15,control_to_uncertain,-0.006584819752933274,-0.15622762107156307
72,random16,control_to_uncertain,0.0431543476650346,-0.11295425758255988
72,random17,control_to_uncertain,-0.007997782892286911,0.0239505541851687
72,random18,control_to_uncertain,0.02430725844343188,0.08404037801474643
72,random19,control_to_uncertain,0.06907870658543507,-0.030782873873775016
72,random20,control_to_uncertain,0.19436498249671236,-0.2069294992035499
72,random21,control_to_uncertain,0.047618393625716876,-0.07316428463590269
72,random22,control_to_uncertain,0.1275127856575184,-0.1445600390203056
72,random23,control_to_uncertain,0.125175962003972,-0.0051139259661867964
72,random24,control_to_uncertain,-0.046898276646703346,0.0006797558361777333
72,random25,control_to_uncertain,0.16709140720624,-0.1717054838347699
72,random26,control_to_uncertain,0.13136638861753439,-0.11490748125737628
72,random27,control_to_uncertain,0.3030999143233576,-0.23287147632378663
72,random28,control_to_uncertain,0.25915495904331604,-0.23872866439631948
72,random29,control_to_uncertain,0.042247666782100006,-0.033270505199511705
73,circuit,control_to_uncertain,0.82210192230549,1.9241167839891855
73,circuit,uncertain_to_control,1.1678459498608478,-0.21658867821063565
73,random0,control_to_uncertain,0.04574514282179101,0.11265044194422488
73,random1,control_to_uncertain,0.03353076588712816,-0.23364375428589443
73,random2,control_to_uncertain,0.023053083245240146,-0.03322716028601648
73,random3,control_to_uncertain,0.052759256834145785,0.054517878633014064
73,random4,control_to_uncertain,-0.028273371863567424,0.25885515318159064
73,random5,control_to_uncertain,-0.05709192664240342,0.3388374991287216
73,random6,control_to_uncertain,0.007108105019940473,-0.24810162533553257
73,random7,control_to_uncertain,-0.0005074462271483486,0.3290444743884638
73,random8,control_to_uncertain,0.006563658601373124,-0.09602717289605424
73,random9,control_to_uncertain,0.003505548941503434,0.08224752520778364
73,random10,control_to_uncertain,-0.012220339050815677,-0.041146900287861714
73,random11,control_to_uncertain,0.0019323218451304557,-0.21768858586235448
73,random12,control_to_uncertain,0.04025820732634653,-0.4077796991696174
73,random13,control_to_uncertain,0.057142709843516895,-0.14431551934122386
73,random14,control_to_uncertain,-0.0021203038603018667,-0.000448292626916704
73,random15,control_to_uncertain,0.0373479230757954,-0.5737879541168158
73,random16,control_to_uncertain,-0.027849114692386722,-0.16145533718402238
73,random17,control_to_uncertain,0.01446048144578932,-0.16544253857413443
73,random18,control_to_uncertain,0.04925072683456594,-0.364215489349001
73,random19,control_to_uncertain,-0.010682288439744364,-0.3130910412912216
73,random20,control_to_uncertain,-0.02558000342716465,0.5588953838295933
73,random21,control_to_uncertain,-0.002393579207730157,-0.045863517165124684
73,random22,control_to_uncertain,-0.0035835474492909745,0.2163072661293518
73,random23,control_to_uncertain,-0.044723481612097285,0.22304727346978204
73,random24,control_to_uncertain,0.05029686779175773,0.5030421716104667
73,random25,control_to_uncertain,0.0567370755174959,-0.3250642143035427
73,random26,control_to_uncertain,0.006775769651327731,0.21495949603810546
73,random27,control_to_uncertain,0.03230604201552353,0.031068703592674957
73,random28,control_to_uncertain,0.0064070303029112735,0.03948214392622781
73,random29,control_to_uncertain,0.005690103371169858,-0.1503616853836069
74,circuit,control_to_uncertain,0.8849411356095206,-0.055694678990492276
74,circuit,uncertain_to_control,0.6606700543891657,1.0852151172157467
74,random0,control_to_uncertain,0.12659730869880123,0.338631048655649
74,random1,control_to_uncertain,0.0026341766976570326,-0.28962618064892715
74,random2,control_to_uncertain,0.015945647990536476,-0.0008510194080744649
74,random3,control_to_uncertain,0.12313238588308707,-0.2785126707836523
74,random4,control_to_uncertain,-0.04362807186658837,-0.21189853554120353
74,random5,control_to_uncertain,-0.051948577276451885,-0.00566321310665494
74,random6,control_to_uncertain,-0.07788208622815306,0.008627504787064918
74,random7,control_to_uncertain,0.08333450819236891,0.02372105167756248
74,random8,control_to_uncertain,-0.12399765309280653,0.16845068086074536
74,random9,control_to_uncertain,0.10405032542716887,-0.10207698088752784
74,random10,control_to_uncertain,0.10626922788571622,-0.2757926902768675
74,random11,control_to_uncertain,-0.050973059977234524,-0.4511641860232562
74,random12,control_to_uncertain,-0.06985415365812235,0.22934708194139916
74,random13,control_to_uncertain,-0.049767061687214405,-0.02009178399998243
74,random14,control_to_uncertain,0.037546232899048335,0.13051423303151666
74,random15,control_to_uncertain,0.04204514146598427,0.07591992329843598
74,random16,control_to_uncertain,0.13779057503047276,-0.23026063260702762
74,random17,control_to_uncertain,0.008416525431042604,-0.10051460382637034
74,random18,control_to_uncertain,-0.02318466820816956,0.08493579370576382
74,random19,control_to_uncertain,-0.10709556004739666,0.04823136668652422
74,random20,control_to_uncertain,-0.01849826531514397,0.17482408884916517
74,random21,control_to_uncertain,0.003430302904132952,-0.2824840516223954
74,random22,control_to_uncertain,-0.02177151042820252,-0.04469770465065892
74,random23,control_to_uncertain,-0.08444761575864118,-0.1607258742070061
74,random24,control_to_uncertain,-0.07236648539579947,-0.1264064203581103
74,random25,control_to_uncertain,-0.024608860879078282,-0.22435569226301008
74,random26,control_to_uncertain,-0.04181242055702021,-0.03172660300622897
74,random27,control_to_uncertain,0.022934390293617695,-0.9330312195055147
74,random28,control_to_uncertain,-0.03756632628255408,-0.09854202688353127
74,random29,control_to_uncertain,-0.092127537514347,-0.4700141302554518
75,circuit,control_to_uncertain,0.8089386908857722,-0.07103001143873752
75,circuit,uncertain_to_control,1.1201211735842667,0.360111377412084
75,random0,control_to_uncertain,0.11881288795541417,-0.05405706615176503
75,random1,control_to_uncertain,-0.011582101542995276,0.1992344046101286
75,random2,control_to_uncertain,-0.05624443848013344,-0.5168330507409877
75,random3,control_to_uncertain,0.503671773958217,-0.4311827795006006
75,random4,control_to_uncertain,-0.04514616664925408,-0.2981318776305184
75,random5,control_to_uncertain,0.08568027970617162,-0.2677499706389649
75,random6,control_to_uncertain,-0.01850468518645277,0.32924411751843896
75,random7,control_to_uncertain,-0.06735838163824813,-0.35007217037503
75,random8,control_to_uncertain,-0.0029299077373125294,-0.42264636018962476
75,random9,control_to_uncertain,-0.08564155171357858,-0.2635965725031822
75,random10,control_to_uncertain,-0.09708788011975056,-0.03190868081856372
75,random11,control_to_uncertain,-0.11675273887966223,-0.49305551188167596
75,random12,control_to_uncertain,0.01440492187753308,-0.22685249849611536
75,random13,control_to_uncertain,-0.05623300021255363,-0.35621802371201583
75,random14,control_to_uncertain,0.02254500552999708,0.007246873872452153
75,random15,control_to_uncertain,-0.036999958570054434,-0.3563572601027921
75,random16,control_to_uncertain,-0.06126349625509318,-0.6239495660051427
75,random17,control_to_uncertain,0.13193609340831552,-0.07444773830812867
75,random18,control_to_uncertain,-0.016815649351351155,-0.20623819982557423
75,random19,control_to_uncertain,0.18733036238593256,0.3625182510095735
75,random20,control_to_uncertain,-0.2214275228134896,-0.10754621748694988
75,random21,control_to_uncertain,0.07658442522255086,-0.6440307589567976
75,random22,control_to_uncertain,0.05354293583402083,-0.1838854938643115
75,random23,control_to_uncertain,-0.01589216685820511,-0.4867923606608639
75,random24,control_to_uncertain,0.12341467412645861,0.29314364617692995
75,random25,control_to_uncertain,0.02661058913382593,-0.39439365842592966
75,random26,control_to_uncertain,0.15340099323791237,-0.06322736205688421
75,random27,control_to_uncertain,-0.0010194018236381257,-0.526543765200643
75,random28,control_to_uncertain,-0.12986882918973836,-0.6364763072169058
75,random29,control_to_uncertain,0.07913056557279602,-0.2432434883220596
76,circuit,control_to_uncertain,0.7498821405000423,-0.3265394494117553
76,circuit,uncertain_to_control,1.156812823714552,0.007772548167692727
76,random0,control_to_uncertain,0.017161570147076012,0.10841067218896025
76,random1,control_to_uncertain,0.054606242224731635,-0.011880427206320217
76,random2,control_to_uncertain,-0.01396673416787437,0.1827644108264755
76,random3,control_to_uncertain,0.04079027932529341,-0.10300936981409382
76,random4,control_to_uncertain,0.03337012315042277,-0.04981672105812909
76,random5,control_to_uncertain,0.050010394672669226,-0.0743890353216101
76,random6,control_to_uncertain,0.07186596863043662,-0.02487615685336975
76,random7,control_to_uncertain,0.019865562233478056,-0.10622264165842016
76,random8,control_to_uncertain,0.01056203284616404,0.08466146204323771
76,random9,control_to_uncertain,-0.031590477565880036,0.05279510620572108
76,random10,control_to_uncertain,0.015046672111584636,0.36601769892183184
76,random11,control_to_uncertain,0.02771753082673048,-0.038936245273382825
76,random12,control_to_uncertain,-0.00411520740298509,-0.15353147872910833
76,random13,control_to_uncertain,0.12912593541881578,0.04921813296188122
76,random14,control_to_uncertain,0.039732063461777184,0.09896662589353829
76,random15,control_to_uncertain,0.029164928743752008,0.13488700603518716
76,random16,control_to_uncertain,-0.0007658441760630313,0.02538886848109817
76,random17,control_to_uncertain,0.044347066508189384,0.2466766989303831
76,random18,control_to_uncertain,0.03240280198558593,0.1407069561940859
76,random19,control_to_uncertain,0.11997699587887693,-0.3124284173239764
76,random20,control_to_uncertain,-0.03772834241310025,0.10146959745587324
76,random21,control_to_uncertain,0.02564610825145455,0.13337215968583768
76,random22,control_to_uncertain,0.06547610887306912,-0.005663116438848404
76,random23,control_to_uncertain,-0.017629314767277332,0.07129111449643913
76,random24,control_to_uncertain,0.0726831445233847,-0.1959535444693644
76,random25,control_to_uncertain,0.07486799767304564,-0.01206455217695938
76,random26,control_to_uncertain,-0.006873254291253282,0.04979343252429331
76,random27,control_to_uncertain,0.03248264784520408,0.03631846851690429
76,random28,control_to_uncertain,-0.006533463365336155,0.07094287813892593
76,random29,control_to_uncertain,-0.028697997919062277,-0.07414486959967556
77,circuit,control_to_uncertain,0.4826447041393246,-1.0
77,circuit,uncertain_to_control,0.7458506340924828,0.7193892322330575
77,random0,control_to_uncertain,0.042065704744457956,-0.09737809679621894
77,random1,control_to_uncertain,0.0854102108294102,-0.2799857506805505
77,random2,control_to_uncertain,-0.0036026373434527048,0.06422293011788963
77,random3,control_to_uncertain,-0.054488780261092044,0.03096894452622225
77,random4,control_to_uncertain,-0.05813756934557126,0.29542992622942393
77,random5,control_to_uncertain,0.006166255970236403,0.0714682291759414
77,random6,control_to_uncertain,-0.04424215007543524,0.021012479190133024
77,random7,control_to_uncertain,0.04377883377941768,-0.2277197418702842
77,random8,control_to_uncertain,0.014510461257898878,-0.0007773420103361908
77,random9,control_to_uncertain,0.006216329872001906,0.01988216471607997
77,random10,control_to_uncertain,-0.023628157929193497,0.12908559147508797
77,random11,control_to_uncertain,0.036393110208588174,-0.09427784149730552
77,random12,control_to_uncertain,-0.022160031235734245,0.05579071725894058
77,random13,control_to_uncertain,-0.00013931043106021017,-0.0708463054057875
77,random14,control_to_uncertain,0.027610773025442733,0.05237920746395471
77,random15,control_to_uncertain,0.01783816398052721,-0.011852250174375252
77,random16,control_to_uncertain,0.0273319752237401,-0.03586223640242974
77,random17,control_to_uncertain,0.07651221413935998,-0.15559280354189725
77,random18,control_to_uncertain,0.07723642784934656,-0.22680997248369802
77,random19,control_to_uncertain,0.07077671758201444,-0.20930146816312947
77,random20,control_to_uncertain,-0.047993151258571246,0.18859263558318584
77,random21,control_to_uncertain,0.022293060311625992,-0.039603811400341755
77,random22,control_to_uncertain,0.05251855801318082,-0.06081626930511493
77,random23,control_to_uncertain,0.02234363554220776,-0.08155085165266272
77,random24,control_to_uncertain,0.03981270355424437,-0.1363205237435848
77,random25,control_to_uncertain,0.037136492373314206,-0.02869510628174777
77,random26,control_to_uncertain,-0.007924298169147163,0.11165090872852747
77,random27,control_to_uncertain,0.3195904851329465,-0.4994466726075059
77,random28,control_to_uncertain,0.03753484235273024,0.03221295927281319
77,random29,control_to_uncertain,0.10828820390989292,-0.30135688734802724
78,circuit,control_to_uncertain,1.0173541522456329,-0.10279051713709648
78,circuit,uncertain_to_control,1.3573847925650622,0.08341061951041844
78,random0,control_to_uncertain,0.1253342998386772,-0.015401863550324347
78,random1,control_to_uncertain,0.3716342453220171,-0.10691355844562118
78,random2,control_to_uncertain,0.0661408104851146,0.017476199535017268
78,random3,control_to_uncertain,-0.02158388462672638,0.14881902322211987
78,random4,control_to_uncertain,0.030879464285988947,0.017048467077789297
78,random5,control_to_uncertain,-0.14761845376330762,0.08060892770684606
78,random6,control_to_uncertain,0.05527347017275463,0.010256924464609081
78,random7,control_to_uncertain,0.14451830707097876,-0.03828971083358911
78,random8,control_to_uncertain,0.0028396529120331454,0.06504429281676727
78,random9,control_to_uncertain,-0.011745291716426987,0.0737729475193157
78,random10,control_to_uncertain,0.014251113912379711,0.15856890997040796
78,random11,control_to_uncertain,-0.017245069706080696,0.053034830307562654
78,random12,control_to_uncertain,-0.06661073289746666,0.48805030639236824
78,random13,control_to_uncertain,0.011779806834694794,0.041623527507026255
78,random14,control_to_uncertain,0.03313395981861905,0.006955728632267919
78,random15,control_to_uncertain,0.03181063418791987,0.026770393105137947
78,random16,control_to_uncertain,0.2808846477061566,-0.017916747322675803
78,random17,control_to_uncertain,-0.08684575931937417,0.15280500706818265
78,random18,control_to_uncertain,0.0819666382157911,0.08005245943029288
78,random19,control_to_uncertain,0.10477067226406317,-0.015289687800841214
78,random20,control_to_uncertain,-0.06457901676456512,0.05098005018424105
78,random21,control_to_uncertain,0.0022143817053384674,0.024492426512889222
78,random22,control_to_uncertain,0.19212775983285577,0.006085201543734496
78,random23,control_to_uncertain,-0.0008200570613040796,0.041497038531347945
78,random24,control_to_uncertain,0.06742820593922128,-0.028408924638760265
78,random25,control_to_uncertain,0.0792395132027095,-0.010727513383991215
78,random26,control_to_uncertain,-0.04829735568050862,0.13162942107673165
78,random27,control_to_uncertain,0.3076987724738179,-0.06713926647643928
78,random28,control_to_uncertain,0.10439925021596559,0.0783086591109909
78,random29,control_to_uncertain,-0.04373453087463463,0.33798511711052287
79,circuit,control_to_uncertain,0.9721674049791277,-0.24137421443806317
79,circuit,uncertain_to_control,1.1793988914182747,0.11756809243956419
79,random0,control_to_uncertain,-0.16485971672702435,0.18371052346418265
79,random1,control_to_uncertain,0.029709568459197935,-0.005527573430225066
79,random2,control_to_uncertain,0.16430558989037203,-0.16246078600563746
79,random3,control_to_uncertain,-0.03846527861580766,0.07461394700475317
79,random4,control_to_uncertain,0.0826567063804959,-0.12274908885294691
79,random5,control_to_uncertain,0.005851277587130048,0.13809051760465874
79,random6,control_to_uncertain,0.054891408901693334,-0.04740756199657258
79,random7,control_to_uncertain,-0.03862949211679123,0.021575177379918778
79,random8,control_to_uncertain,0.0823100490555029,-0.0660499450836855
79,random9,control_to_uncertain,0.12859960422859137,-0.13365975430133203
79,random10,control_to_uncertain,0.10052903085212701,-0.0028776773096847587
79,random11,control_to_uncertain,0.0067464848633253,0.02836446595612135
79,random12,control_to_uncertain,0.04106204519386121,-0.0408862775211449
79,random13,control_to_uncertain,0.07198985850410593,-0.07044967163923527
79,random14,control_to_uncertain,0.11313368239637361,-0.027925581370459706
79,random15,control_to_uncertain,0.05587317506382371,0.0835623408307592
79,random16,control_to_uncertain,0.2212286722209009,-0.1754275468081871
79,random17,control_to_uncertain,0.10787163321902281,-0.09344433429966426
79,random18,control_to_uncertain,0.07212988987994465,-0.034694981455989135
79,random19,control_to_uncertain,0.023653680100009022,-0.008370914108030179
79,random20,control_to_uncertain,0.019433102564312854,0.001989919299996477
79,random21,control_to_uncertain,-0.007059071636030898,-0.06702064612622592
79,random22,control_to_uncertain,0.12905423755423112,-0.12802890341729756
79,random23,control_to_uncertain,0.13456616869141194,0.009510622728263909
79,random24,control_to_uncertain,-0.0029318014863102693,0.12403622202512103
79,random25,control_to_uncertain,0.23344266059614094,-0.2473102600085708
79,random26,control_to_uncertain,-0.03654130000011716,-0.04804220997697662
79,random27,control_to_uncertain,0.19218575246361258,-0.19024402642939608
79,random28,control_to_uncertain,0.05336118651752794,-0.060595682592174904
79,random29,control_to_uncertain,-0.002807797798067539,0.0410732114962611
80,circuit,control_to_uncertain,0.8899181684080475,-0.14428796486842857
80,circuit,uncertain_to_control,1.5079258099068078,0.25414731635066545
80,random0,control_to_uncertain,0.001825524828683389,-0.01273796589527682
80,random1,control_to_uncertain,-0.20086483100643793,0.04451909232553415
80,random2,control_to_uncertain,-0.12278310180367066,0.07194034481811548
80,random3,control_to_uncertain,-0.18881871512441897,0.08895573987137921
80,random4,control_to_uncertain,-0.20410354774527462,-0.02070126064798331
80,random5,control_to_uncertain,-0.23654910896587888,-0.0013870121759458696
80,random6,control_to_uncertain,0.008737124212927251,-0.09528320350919821
80,random7,control_to_uncertain,-0.0614288293172987,0.04712921685129728
80,random8,control_to_uncertain,-0.10096201838822248,-0.012456287812449509
80,random9,control_to_uncertain,-0.18435556300888595,-0.003694278327340911
80,random10,control_to_uncertain,-0.14687688634487525,0.05771926364835965
80,random11,control_to_uncertain,-0.131460067664853,-0.0022266028915551754
80,random12,control_to_uncertain,0.08509661179552118,-0.041972310727743434
80,random13,control_to_uncertain,0.18020861278911035,0.09603589564549536
80,random14,control_to_uncertain,0.034525623869987004,0.03673662183752391
80,random15,control_to_uncertain,-0.036841073421680234,0.03176727016476337
80,random16,control_to_uncertain,0.0886480249180269,-0.04592203920679808
80,random17,control_to_uncertain,-0.04927133696396162,0.02311640772358136
80,random18,control_to_uncertain,-0.20280382620292176,0.04314356105528328
80,random19,control_to_uncertain,-0.03851889620411623,0.04907978313954769
80,random20,control_to_uncertain,-0.011925328639993767,-0.08140130392406965
80,random21,control_to_uncertain,-0.010978416891448807,-0.025848863278991205
80,random22,control_to_uncertain,0.03392879279174489,-0.08403488512784756
80,random23,control_to_uncertain,0.045886800333018944,-0.04651835348966335
80,random24,control_to_uncertain,-0.04181871237176855,0.026354715942845875
80,random25,control_to_uncertain,0.10587317024326537,-0.02985975727286921
80,random26,control_to_uncertain,0.12052159949505568,-0.06939009915395128
80,random27,control_to_uncertain,0.05233590739086406,-0.03355601506670926
80,random28,control_to_uncertain,-0.19442362899598675,0.15146194735460386
80,random29,control_to_uncertain,0.06851516318664601,0.022592343967934622
81,circuit,control_to_uncertain,0.9864700752974281,-0.2468461195434754
81,circuit,uncertain_to_control,1.3549911146250433,0.09742377863106788
81,random0,control_to_uncertain,-0.00684948596085445,0.10306917375736896
81,random1,control_to_uncertain,0.01954217493078556,0.03416938672962369
81,random2,control_to_uncertain,-0.013837780480524404,0.061954125300475615
81,random3,control_to_uncertain,-0.034106225656522444,-0.06885332225549418
81,random4,control_to_uncertain,0.03658498220665019,-0.0807601069003511
81,random5,control_to_uncertain,0.054211635185614754,0.04277119636815802
81,random6,control_to_uncertain,0.22129890097611662,-0.31550103273932506
81,random7,control_to_uncertain,0.023796469679347256,-0.0179117961917637
81,random8,control_to_uncertain,0.0753193952846493,-0.16010625044191024
81,random9,control_to_uncertain,0.05266141794637822,-0.05306994132253757
81,random10,control_to_uncertain,0.06747040634069904,-0.04938951302789668
81,random11,control_to_uncertain,-0.1413776697482679,0.23790717884839901
81,random12,control_to_uncertain,0.08387128618175486,-0.10175336909751256
81,random13,control_to_uncertain,0.016610200074163816,-0.06378358233010449
81,random14,control_to_uncertain,0.003329326221176319,0.008171524930871513
81,random15,control_to_uncertain,0.04785844293228041,-0.04782883453614468
81,random16,control_to_uncertain,0.008763019121862073,-0.008805298448199866
81,random17,control_to_uncertain,0.033000819562614275,-0.12462569058921402
81,random18,control_to_uncertain,0.08022592302041638,-0.10004746951692436
81,random19,control_to_uncertain,-0.008873306612422097,0.025468223156854725
81,random20,control_to_uncertain,-0.05791214209223325,0.0010081809747599546
81,random21,control_to_uncertain,-0.007667647381603215,-0.004985924050042859
81,random22,control_to_uncertain,0.07452270376472676,0.0437415780265851
81,random23,control_to_uncertain,0.061201828096515656,-0.038015653922009625
81,random24,control_to_uncertain,-0.01895399004772917,0.022852002491617385
81,random25,control_to_uncertain,-0.09106248256418054,0.1335821863027454
81,random26,control_to_uncertain,0.1909456365839155,-0.2257166005222207
81,random27,control_to_uncertain,0.06728517759630764,-0.10730015731164091
81,random28,control_to_uncertain,0.09785198840209518,0.02167111001614277
81,random29,control_to_uncertain,-0.10418936072850492,0.1676273432634727
82,circuit,control_to_uncertain,0.8711693319613036,-1.0
82,circuit,uncertain_to_control,0.7764620864587812,0.9116222489804942
82,random0,control_to_uncertain,0.1588836199390538,-0.7759632977897772
82,random1,control_to_uncertain,-0.04155661464657321,0.26336352262197615
82,random2,control_to_uncertain,0.17375798518609617,-0.9450983758460605
82,random3,control_to_uncertain,0.09624518336967351,-0.3268265852316289
82,random4,control_to_uncertain,-0.019901469371722127,0.2887632700385225
82,random5,control_to_uncertain,0.18853142431897624,-1.0
82,random6,control_to_uncertain,-0.01639541337784331,0.46227916586313456
82,random7,control_to_uncertain,-0.06530850215191733,0.7876805595405522
82,random8,control_to_uncertain,-0.027969020542248594,0.37595277347920775
82,random9,control_to_uncertain,0.04010433292270806,-0.11654468657544814
82,random10,control_to_uncertain,0.04616075383060546,-0.1625012346956534
82,random11,control_to_uncertain,0.08008624102587346,0.025134875801376275
82,random12,control_to_uncertain,0.02613532822471083,0.03596492053263595
82,random13,control_to_uncertain,0.001262504110891147,-0.18188625042920373
82,random14,control_to_uncertain,0.0026318832927758784,-0.26200947305541317
82,random15,control_to_uncertain,-0.054994483520550246,0.7159150505872448
82,random16,control_to_uncertain,-0.00601957860593736,0.103788516624883
82,random17,control_to_uncertain,0.23196714361691803,-0.6007000136404472
82,random18,control_to_uncertain,-0.03202750491355857,-0.04627698103977836
82,random19,control_to_uncertain,0.42381157733557,-0.6609425784208125
82,random20,control_to_uncertain,0.058583766009504254,-0.42712826253627656
82,random21,control_to_uncertain,0.23452333968664252,-0.8061727727266313
82,random22,control_to_uncertain,-0.0027836111422547835,0.05295492067374402
82,random23,control_to_uncertain,0.16581995635291602,-0.6283513167735169
82,random24,control_to_uncertain,0.012272285638985553,0.14289691349604663
82,random25,control_to_uncertain,0.061125207488275914,-0.4567139221930076
82,random26,control_to_uncertain,0.06116060672645015,0.2397076358282809
82,random27,control_to_uncertain,0.17909599593091352,-0.851938236995715
82,random28,control_to_uncertain,0.06199287167720206,-0.11035797942644271
82,random29,control_to_uncertain,-0.2071102521053049,1.0238272743093935
83,circuit,control_to_uncertain,0.7238781233675713,-1.0
83,circuit,uncertain_to_control,0.9989443957827033,0.6233823867869226
83,random0,control_to_uncertain,0.04400539159901262,-0.14251596021513913
83,random1,control_to_uncertain,0.12446125153934662,-0.17036664589693562
83,random2,control_to_uncertain,-0.01951146862760277,-0.18489326844195741
83,random3,control_to_uncertain,-0.0037131245084300623,0.2118820503814333
83,random4,control_to_uncertain,0.028362094555756907,-0.3620964437248548
83,random5,control_to_uncertain,-0.1718409640835714,0.5539535864674376
83,random6,control_to_uncertain,0.08221757751490279,-0.33750668600897993
83,random7,control_to_uncertain,0.01790231932626956,0.13969705061799975
83,random8,control_to_uncertain,-0.06328972469238973,0.17885705533329002
83,random9,control_to_uncertain,0.10856005742694999,-0.6107109262417934
83,random10,control_to_uncertain,0.07501470519213667,-0.1191685371453408
83,random11,control_to_uncertain,0.08927623228494203,-0.7908427137939081
83,random12,control_to_uncertain,0.002551256864708778,0.03334704616734309
83,random13,control_to_uncertain,0.05853629546190151,-0.3349062194518555
83,random14,control_to_uncertain,-0.09049080496272552,0.4540907949995469
83,random15,control_to_uncertain,0.05406498242183492,0.11731963012236499
83,random16,control_to_uncertain,-0.036125379465070315,-0.3322797706829232
83,random17,control_to_uncertain,0.07866421387109536,-0.05180532266458809
83,random18,control_to_uncertain,-0.0729629067496781,0.2191641265846944
83,random19,control_to_uncertain,0.018882116881235485,0.058356689256756376
83,random20,control_to_uncertain,0.01184822981995562,-0.3225001944656285
83,random21,control_to_uncertain,-0.023418224197949866,0.12743023896417582
83,random22,control_to_uncertain,0.021204003225694375,-0.22983383413244673
83,random23,control_to_uncertain,-0.16254931445867318,0.49863360831174164
83,random24,control_to_uncertain,0.12412486582464584,-0.38835291221300283
83,random25,control_to_uncertain,-0.09110424767221126,0.6749338215423009
83,random26,control_to_uncertain,-0.038621696309692664,0.5490759875445768
83,random27,control_to_uncertain,-0.15992702567450354,0.3663915278743423
83,random28,control_to_uncertain,0.03022426459308727,0.0771100723572522
83,random29,control_to_uncertain,0.10290477069957704,-0.5232984257506172
84,circuit,control_to_uncertain,0.7410117797142809,-0.03524191721575176
84,circuit,uncertain_to_control,0.9610147959739607,0.38061716215329655
84,random0,control_to_uncertain,0.08108061602242099,0.12603792864843988
84,random1,control_to_uncertain,0.060278290947607935,-0.01938209514284052
84,random2,control_to_uncertain,0.03938533031999712,-0.006441718171116494
84,random3,control_to_uncertain,-0.18290121091767794,-0.07829522230983377
84,random4,control_to_uncertain,0.10057095393406917,0.0890323992181804
84,random5,control_to_uncertain,-0.00297760312791086,0.0015445145749443901
84,random6,control_to_uncertain,0.17271151544836882,0.06309532356512708
84,random7,control_to_uncertain,0.06199169136761542,0.11837121329340887
84,random8,control_to_uncertain,-0.1939123938625026,-0.12473494755891808
84,random9,control_to_uncertain,-0.2348149580931519,-0.20404984038056145
84,random10,control_to_uncertain,-0.1755327287531246,0.023771320242765136
84,random11,control_to_uncertain,0.5078873665336074,0.1705045373016826
84,random12,control_to_uncertain,-0.1952766221857339,-0.03509476901290943
84,random13,control_to_uncertain,-0.28018812156136624,-0.4211653890097158
84,random14,control_to_uncertain,-0.1761002793853427,-0.06878892232431649
84,random15,control_to_uncertain,-0.03560487684575502,-0.11263073135287222
84,random16,control_to_uncertain,0.07760157402233958,0.0438514022867852
84,random17,control_to_uncertain,0.11531401942055593,0.06851195567543346
84,random18,control_to_uncertain,0.2808155398003758,0.13991256518773698
84,random19,control_to_uncertain,0.06662838031526395,0.0772034476313317
84,random20,control_to_uncertain,0.10036079766150265,-0.06294167670348415
84,random21,control_to_uncertain,0.027563265427133925,-0.1952166157708214
84,random22,control_to_uncertain,0.11946085216199755,0.04493126275748614
84,random23,control_to_uncertain,0.23873094782528534,0.08623905904371926
84,random24,control_to_uncertain,0.07222745534167292,-0.01798070579148094
84,random25,control_to_uncertain,-0.005658894967908389,0.029490139987299765
84,random26,control_to_uncertain,-0.08090044121854222,-0.04646076852520056
84,random27,control_to_uncertain,0.3079533448308373,0.20577693632180863
84,random28,control_to_uncertain,0.12214097620234031,0.18258477036215479
84,random29,control_to_uncertain,0.2809520055314618,0.11806407430009444
85,circuit,control_to_uncertain,1.1014376683481035,0.21861135867104362
85,circuit,uncertain_to_control,1.2970396689260064,0.49943775757461495
85,random0,control_to_uncertain,0.0007814665261268981,-0.08992035724469363
85,random1,control_to_uncertain,0.051809456074325494,0.014941748233625709
85,random2,control_to_uncertain,0.19794064865703476,0.00890632051663459
85,random3,control_to_uncertain,0.3479777974432079,-0.007211189162168781
85,random4,control_to_uncertain,-0.057158104585065705,-0.17657409505172342
85,random5,control_to_uncertain,-0.07498563845721784,0.018562084569313356
85,random6,control_to_uncertain,0.10825039294537817,-0.043175190734764626
85,random7,control_to_uncertain,0.33095935695682177,-0.09255154741023906
85,random8,control_to_uncertain,0.03408574413732968,-0.01879079479679972
85,random9,control_to_uncertain,-0.1734148302752235,-0.056734537321404016
85,random10,control_to_uncertain,-0.02203404277994636,0.008483155468312204
85,random11,control_to_uncertain,-0.19139411524293792,0.07804370099418435
85,random12,control_to_uncertain,-0.1824935964183792,-0.006981371172775814
85,random13,control_to_uncertain,0.14282127850224274,-0.045907272446265295
85,random14,control_to_uncertain,0.07530511703514442,0.006571669692241374
85,random15,control_to_uncertain,-0.2696884879859046,0.07990405929764273
85,random16,control_to_uncertain,-0.14586696772406096,-0.028956470176333328
85,random17,control_to_uncertain,-0.0727440284936155,-0.08182551493087299
85,random18,control_to_uncertain,-0.03589092837161489,-0.04540400769085007
85,random19,control_to_uncertain,-0.1805409378443833,-0.05481981347206773
85,random20,control_to_uncertain,-0.24362923141978168,-0.020460447627413655
85,random21,control_to_uncertain,-0.09885745730052548,-0.044865550191786605
85,random22,control_to_uncertain,-0.0782610927003053,-0.02592733784895432
85,random23,control_to_uncertain,-0.1379428273446134,-0.018628805921072602
85,random24,control_to_uncertain,0.35210806211737167,-0.11051228768917565
85,random25,control_to_uncertain,0.1485062668237498,0.01442859883350541
85,random26,control_to_uncertain,-0.24193937211915023,-0.011199728513120427
85,random27,control_to_uncertain,0.2989291101663796,0.020973170965262185
85,random28,control_to_uncertain,-0.1841174363729335,-0.049688319470864745
85,random29,control_to_uncertain,0.07618376915114065,-0.022545255535640695
86,circuit,control_to_uncertain,0.8488106944720177,-0.8118002258189174
86,circuit,uncertain_to_control,0.8920221127858244,0.7037303298985542
86,random0,control_to_uncertain,0.07632543053684933,-0.11378769135778481
86,random1,control_to_uncertain,-0.1314315704329387,0.6312305835670322
86,random2,control_to_uncertain,-0.02314297732067134,0.10438900438900439
86,random3,control_to_uncertain,0.04109756486558414,0.18125379153416538
86,random4,control_to_uncertain,-0.02143823088191676,0.11366269216736506
86,random5,control_to_uncertain,0.1461798944897282,-0.4499830527867911
86,random6,control_to_uncertain,0.025636539442093372,-0.07353212306483335
86,random7,control_to_uncertain,0.06615292181375594,-0.3349786162870275
86,random8,control_to_uncertain,0.03452055003215964,0.08472894173828753
86,random9,control_to_uncertain,0.1293513108325371,-0.6350407920501379
86,random10,control_to_uncertain,-0.024412104687594475,0.17639976425023154
86,random11,control_to_uncertain,0.018134577966054086,-0.03546458032439341
86,random12,control_to_uncertain,-0.059306947909956824,0.4005995211602688
86,random13,control_to_uncertain,-0.007810316697445654,0.3015634613765455
86,random14,control_to_uncertain,0.1170577478541595,-0.42743009004691246
86,random15,control_to_uncertain,-0.0009275353625088612,-0.003421178187533328
86,random16,control_to_uncertain,0.0761592466218098,-0.15249318333430484
86,random17,control_to_uncertain,-0.04782514202848044,0.3039328329047955
86,random18,control_to_uncertain,0.054433519054644726,-0.1942981802794887
86,random19,control_to_uncertain,-0.05687411656214189,0.04827710528645108
86,random20,control_to_uncertain,0.2642299849699518,-0.7919318311841677
86,random21,control_to_uncertain,0.04059291326324389,-0.11357460983629208
86,random22,control_to_uncertain,0.03845683253041359,0.005048542431720002
86,random23,control_to_uncertain,0.03696840785752067,-0.20971820130698635
86,random24,control_to_uncertain,-0.08354447765940683,0.4445912483295661
86,random25,control_to_uncertain,-0.14090836812334828,0.361291485590551
86,random26,control_to_uncertain,0.20857018632594113,-0.7634339587610616
86,random27,control_to_uncertain,0.06426892883888712,-0.1415262854515191
86,random28,control_to_uncertain,0.11414579503813214,-0.35989900756255894
86,random29,control_to_uncertain,0.0686664200539025,-0.1741130778513956
87,circuit,control_to_uncertain,0.8493345373791628,-1.0
87,circuit,uncertain_to_control,0.9736647988442507,0.2630945395021311
87,random0,control_to_uncertain,-0.0696565665047897,0.554648217925752
87,random1,control_to_uncertain,-0.02194836130720597,0.44445688430415714
87,random2,control_to_uncertain,0.043535511984990206,-0.2720203533263327
87,random3,control_to_uncertain,-0.034941993088475815,0.5054465995428995
87,random4,control_to_uncertain,0.09670487751795034,-0.32247436530977824
87,random5,control_to_uncertain,-0.024039043875978622,0.7889793995923158
87,random6,control_to_uncertain,-0.097587542224554,0.6458347489035765
87,random7,control_to_uncertain,0.1884508800802858,-0.4185322595589598
87,random8,control_to_uncertain,-0.0031389092958138028,0.01629501513373278
87,random9,control_to_uncertain,0.07422571953815574,-0.34962551732657976
87,random10,control_to_uncertain,0.002090557792874067,-0.03833042497992464
87,random11,control_to_uncertain,0.019538642362733956,0.05195889184013837
87,random12,control_to_uncertain,-0.002670500572518614,0.23238078324788436
87,random13,control_to_uncertain,0.031235977333584592,-0.08742433133609241
87,random14,control_to_uncertain,-0.005092322779153553,0.05288313052072395
87,random15,control_to_uncertain,0.021275881601771917,0.27133084192970536
87,random16,control_to_uncertain,0.24059479048769689,-1.0
87,random17,control_to_uncertain,-0.013800214383710157,-0.12711177342640065
87,random18,control_to_uncertain,0.02629901614515904,-0.10054550929643585
87,random19,control_to_uncertain,0.06735806187842691,-0.3255814133053308
87,random20,control_to_uncertain,-0.05293377303944076,0.43491645561801223
87,random21,control_to_uncertain,0.015439473348382762,0.011795046018901724
87,random22,control_to_uncertain,0.019923903546608307,-0.04496610352708629
87,random23,control_to_uncertain,-0.03513489662769115,0.4000779850515782
87,random24,control_to_uncertain,0.011836210545977844,0.05952421397245043
87,random25,control_to_uncertain,0.02492546745652722,-0.723946815739082
87,random26,control_to_uncertain,0.018969960607936875,0.3178114769287788
87,random27,control_to_uncertain,0.017182935785362747,-0.1290243375131262
87,random28,control_to_uncertain,-0.011672598148955783,0.04485839150040151
87,random29,control_to_uncertain,-0.025998087871742105,0.16193016863302243
88,circuit,control_to_uncertain,0.7110168617259454,-1.0
88,circuit,uncertain_to_control,0.8710317902359149,1.6436446218429563
88,random0,control_to_uncertain,0.04523492168362644,-0.03871577643441064
88,random1,control_to_uncertain,0.07039718451759046,0.5888028860258829
88,random2,control_to_uncertain,0.0853666168775297,-1.0
88,random3,control_to_uncertain,0.002516061660974389,-0.4551467099377375
88,random4,control_to_uncertain,0.06523676545475297,-1.0
88,random5,control_to_uncertain,0.053227340272351334,-0.16975359394977707
88,random6,control_to_uncertain,0.05647421573878153,-1.0
88,random7,control_to_uncertain,0.09932755856168292,0.10095078036430281
88,random8,control_to_uncertain,0.07266820570339869,-1.0
88,random9,control_to_uncertain,0.021185094866414393,0.5275668353320849
88,random10,control_to_uncertain,0.04771742780758053,0.10779350137093474
88,random11,control_to_uncertain,0.030208255594967384,-0.3179623237434306
88,random12,control_to_uncertain,0.12241290376392705,-1.0
88,random13,control_to_uncertain,0.01776835649753725,-0.17931934991977225
88,random14,control_to_uncertain,0.09034121838152015,-0.8237597296523947
88,random15,control_to_uncertain,0.030012780187362267,-0.9509853706594613
88,random16,control_to_uncertain,-0.02130548873104647,0.44805732933945214
88,random17,control_to_uncertain,0.022666038174842182,0.3887344298396532
88,random18,control_to_uncertain,0.06330020215633424,-0.5708525149498893
88,random19,control_to_uncertain,0.06416971035233589,-1.0
88,random20,control_to_uncertain,0.017517170118615942,0.4156224985421368
88,random21,control_to_uncertain,-0.012802795508222341,0.9946129690063711
88,random22,control_to_uncertain,0.04846678907258312,-0.7685108787383779
88,random23,control_to_uncertain,0.04535852568548777,-0.820106197639167
88,random24,control_to_uncertain,0.027795467066735736,-0.5150766600625161
88,random25,control_to_uncertain,0.0736724847888882,0.3119943206719572
88,random26,control_to_uncertain,-0.0032023176642053787,-0.24900086566288407
88,random27,control_to_uncertain,0.012334938584861762,0.10230179398672168
88,random28,control_to_uncertain,-0.015264723829424832,0.4449239194607536
88,random29,control_to_uncertain,0.09744296107447957,-1.0
89,circuit,control_to_uncertain,0.5276489006434456,-0.6050098208465647
89,circuit,uncertain_to_control,0.9668555349311844,0.6424607959061979
89,random0,control_to_uncertain,-0.022555957238417603,-0.08261473607006838
89,random1,control_to_uncertain,-0.1148293283544706,0.1411301012413012
89,random2,control_to_uncertain,0.08019672386057401,0.11692369994221051
89,random3,control_to_uncertain,0.06776726612337101,0.012824087302298531
89,random4,control_to_uncertain,0.10422770204888482,-0.24003929307435576
89,random5,control_to_uncertain,0.033768145146209516,-0.04966385880254342
89,random6,control_to_uncertain,0.2106380576995306,-0.31990648495580465
89,random7,control_to_uncertain,-0.020082090487671806,0.012223333047073147
89,random8,control_to_uncertain,0.11842532057246646,0.08007405581021794
89,random9,control_to_uncertain,0.06385988720491365,-0.05315074316120146
89,random10,control_to_uncertain,-0.061192218358521185,0.08813104599218553
89,random11,control_to_uncertain,0.03976201329323708,0.11284418087593265
89,random12,control_to_uncertain,0.05714441792163913,0.14978664619987064
89,random13,control_to_uncertain,0.169545610019863,-0.28929468327178737
89,random14,control_to_uncertain,-0.03166323905182495,-0.10016440007880574
89,random15,control_to_uncertain,0.006354838716989326,0.01071023689725882
89,random16,control_to_uncertain,-0.06865240902804963,-0.008022851174989652
89,random17,control_to_uncertain,0.028950633052845412,0.1763617409777121
89,random18,control_to_uncertain,-0.07307778354776609,0.1796716561056034
89,random19,control_to_uncertain,0.09406808052284406,0.020998441854201112
89,random20,control_to_uncertain,-0.0334768186626658,0.22000246400589554
89,random21,control_to_uncertain,0.047339958569418666,0.15820569439097731
89,random22,control_to_uncertain,0.034938154464576945,-0.05832603208388489
89,random23,control_to_uncertain,-0.06713746597979879,0.014037775134157647
89,random24,control_to_uncertain,-0.022514363455316832,0.000764529221133088
89,random25,control_to_uncertain,0.02073047749889669,-0.0980933618338681
89,random26,control_to_uncertain,0.00824735584807457,0.0008822626614137807
89,random27,control_to_uncertain,-0.0019565511568398427,0.0160096257236864
89,random28,control_to_uncertain,0.03658768230147129,0.05801721247211414
89,random29,control_to_uncertain,0.026518926757994676,0.14051670632673535
90,circuit,control_to_uncertain,0.8582791563490755,-0.4597488420834439
90,circuit,uncertain_to_control,1.116571709955541,0.41973780820265294
90,random0,control_to_uncertain,-0.008834485643443834,0.066725863808086
90,random1,control_to_uncertain,-0.07045230016798473,-0.014411814360917803
90,random2,control_to_uncertain,-0.13631620187428603,0.07607425571237343
90,random3,control_to_uncertain,0.09453460020134813,0.2311848434384331
90,random4,control_to_uncertain,0.10154379062260105,0.05679785530929496
90,random5,control_to_uncertain,-0.024349596403566265,-0.03793532480440052
90,random6,control_to_uncertain,0.13070095067003318,0.12977896763855376
90,random7,control_to_uncertain,0.11797473205890706,-0.1569547681439222
90,random8,control_to_uncertain,0.11675182683606898,0.06514212828893663
90,random9,control_to_uncertain,0.03309641597413713,0.13532860027809274
90,random10,control_to_uncertain,0.08143059028543133,-0.3030645550590552
90,random11,control_to_uncertain,0.08172343227353891,-0.17669829997349842
90,random12,control_to_uncertain,-0.028483282866545962,-0.006185392449522529
90,random13,control_to_uncertain,0.06948055297260974,0.0325562085502838
90,random14,control_to_uncertain,-0.052722181592525175,0.2039313367480995
90,random15,control_to_uncertain,-0.06052073160703346,0.013835576296195308
90,random16,control_to_uncertain,-0.05871421038657251,0.02433723927811153
90,random17,control_to_uncertain,0.06036782283700387,0.034931911197530814
90,random18,control_to_uncertain,0.12647712466958974,0.06456280980000197
90,random19,control_to_uncertain,-0.07694502307296429,0.07484596139989978
90,random20,control_to_uncertain,-0.03596701355182865,0.011781628926336028
90,random21,control_to_uncertain,0.047721484967579775,-0.05295825558160446
90,random22,control_to_uncertain,0.10617111574013927,-0.27585566483553664
90,random23,control_to_uncertain,0.23435120050617628,-0.33803472313793076
90,random24,control_to_uncertain,0.031364747468996944,-0.03951955716616474
90,random25,control_to_uncertain,0.19988833726573654,-0.29043600821141724
90,random26,control_to_uncertain,0.05000542540265976,-0.009177676781819216
90,random27,control_to_uncertain,0.06152435000188956,0.026536860902649752
90,random28,control_to_uncertain,-0.07525552511166679,0.041758429357277436
90,random29,control_to_uncertain,0.17067684209450712,0.0808662033642406
91,circuit,control_to_uncertain,0.7419840969338558,-0.24850101681997816
91,circuit,uncertain_to_control,0.9905360888306864,0.344890884652823
91,random0,control_to_uncertain,0.011484961269331384,-0.07009317933489993
91,random1,control_to_uncertain,-0.049611071906059796,0.3008905761720649
91,random2,control_to_uncertain,0.013427548691890367,-0.23548487861022938
91,random3,control_to_uncertain,0.06681002350925619,-0.4028246727576495
91,random4,control_to_uncertain,-0.010018291729975964,0.03443384059840082
91,random5,control_to_uncertain,-0.038031539031118,-0.3149666309364724
91,random6,control_to_uncertain,0.004361692081392442,-0.02748978319505705
91,random7,control_to_uncertain,0.011298783278566657,-0.07712861444182481
91,random8,control_to_uncertain,-0.015110858078965525,0.3641398247362684
91,random9,control_to_uncertain,0.0765163572233049,-0.6350536536175849
91,random10,control_to_uncertain,0.06387613765230521,-0.27202656304478284
91,random11,control_to_uncertain,0.12959528599766856,-0.46930227614730863
91,random12,control_to_uncertain,-0.022798896614129375,-0.1230125349471111
91,random13,control_to_uncertain,0.06177819160478583,-0.30990715766088633
91,random14,control_to_uncertain,-0.04710945630779729,0.21167418210474606
91,random15,control_to_uncertain,0.01639566076368033,-0.033863864071453476
91,random16,control_to_uncertain,-0.06405712124978868,0.3782910554837639
91,random17,control_to_uncertain,0.09671385121034778,-0.6429902284183362
91,random18,control_to_uncertain,0.024569474962819342,-0.21190133022605936
91,random19,control_to_uncertain,0.17424547047591504,-0.331523169108374
91,random20,control_to_uncertain,-0.011434531491645424,0.1901002951305405
91,random21,control_to_uncertain,0.0021493326871255733,-0.020808193663701537
91,random22,control_to_uncertain,0.14615521156264374,-0.9134491129882064
91,random23,control_to_uncertain,-0.07640446746843493,0.5898667311279119
91,random24,control_to_uncertain,0.054825759071989465,-0.33889819227683426
91,random25,control_to_uncertain,0.05427064246369611,-0.3507121628259948
91,random26,control_to_uncertain,0.11250968572963786,-0.5597807842410402
91,random27,control_to_uncertain,0.01859236863082344,-0.3427396202057489
91,random28,control_to_uncertain,-0.043054527849050846,0.29381301659185793
91,random29,control_to_uncertain,0.07446894610313304,-0.40037918506642056
92,circuit,control_to_uncertain,0.715349334617203,-1.0
92,circuit,uncertain_to_control,1.0423414592529532,-0.1605629721764818
92,random0,control_to_uncertain,-0.006284825197317775,0.16555549862543198
92,random1,control_to_uncertain,0.04705693602702828,-0.5915015300461487
92,random2,control_to_uncertain,-0.023378586201044743,0.6284236107675673
92,random3,control_to_uncertain,-0.07187346903864779,0.7472649983392109
92,random4,control_to_uncertain,-0.0700845856978708,0.8368486703086241
92,random5,control_to_uncertain,-0.016730819735733735,0.13542719383175852
92,random6,control_to_uncertain,-0.01916167072123893,0.4368299422610761
92,random7,control_to_uncertain,-0.015299920041349915,-0.021484250772090263
92,random8,control_to_uncertain,0.0040671420845085834,-0.22857626202305317
92,random9,control_to_uncertain,-0.045422970969173235,0.4991740224312539
92,random10,control_to_uncertain,0.05183645285348182,-0.5280046148736034
92,random11,control_to_uncertain,0.003727165544801908,-0.12344389359642118
92,random12,control_to_uncertain,0.0070716677523825116,-0.1666822733729567
92,random13,control_to_uncertain,0.030999248944967858,-0.7016334921094849
92,random14,control_to_uncertain,-0.006011466081855241,0.30536390716542167
92,random15,control_to_uncertain,-0.002178859909066378,0.16794288298857235
92,random16,control_to_uncertain,0.04988718601869494,-0.656782026728104
92,random17,control_to_uncertain,0.09178108932883088,-0.3471782486095308
92,random18,control_to_uncertain,-0.01469839200184049,0.34275153888013343
92,random19,control_to_uncertain,-0.06728456438502596,0.35004487664223777
92,random20,control_to_uncertain,-0.049201506541369795,0.32397932140863184
92,random21,control_to_uncertain,0.022502161493449305,-0.19825184276920685
92,random22,control_to_uncertain,-0.032303566662791904,0.18486349726853193
92,random23,control_to_uncertain,-0.026126458854076617,0.17109617382455
92,random24,control_to_uncertain,-0.05880671605351401,0.5805915589509466
92,random25,control_to_uncertain,0.05393032848372809,-0.6244955794740599
92,random26,control_to_uncertain,0.017418036765682363,-0.13484238404511692
92,random27,control_to_uncertain,0.001749715173304554,-0.0830946685135584
92,random28,control_to_uncertain,0.05342334021834942,-0.30941561424462366
92,random29,control_to_uncertain,0.14444858444724915,-1.0
93,circuit,control_to_uncertain,0.907067928601816,-0.3879869344342896
93,circuit,uncertain_to_control,1.0299650826429299,0.8053984621938794
93,random0,control_to_uncertain,-0.032989989780235436,0.2934781468498932
93,random1,control_to_uncertain,0.052232398877843866,-0.13338537632531133
93,random2,control_to_uncertain,-0.02502223522757057,0.3192042362589413
93,random3,control_to_uncertain,-0.015556867284966695,0.4621657938129748
93,random4,control_to_uncertain,-0.013943448947089689,0.06153288606137757
93,random5,control_to_uncertain,-0.006504726512224522,-0.10348400422434793
93,random6,control_to_uncertain,0.009813136299359945,-0.06412826804103479
93,random7,control_to_uncertain,0.020028658705024942,-0.09261520772022933
93,random8,control_to_uncertain,0.031134311969102733,-0.14325797927687312
93,random9,control_to_uncertain,-0.002007953510927041,0.03550868302467914
93,random10,control_to_uncertain,-0.04331409957793795,0.27912944053106864
93,random11,control_to_uncertain,0.026898564086402215,-0.01899129311946303
93,random12,control_to_uncertain,-0.03163659494095288,0.20998805853584587
93,random13,control_to_uncertain,0.03005219412373701,-0.1202182963262994
93,random14,control_to_uncertain,0.12863217977052238,-0.5935279903656172
93,random15,control_to_uncertain,0.007234126819645268,0.08745489804750801
93,random16,control_to_uncertain,-0.005971422779708204,0.1258171477259615
93,random17,control_to_uncertain,0.1113264103126324,-0.46614853773742926
93,random18,control_to_uncertain,-0.004464485485922246,0.09448137872646264
93,random19,control_to_uncertain,-0.00487513495724806,0.10605942172723855
93,random20,control_to_uncertain,-0.01620311840247266,-0.0043444731729881305
93,random21,control_to_uncertain,0.04401231709792742,-0.12759026396760476
93,random22,control_to_uncertain,0.12121524257071194,-0.49109161360007225
93,random23,control_to_uncertain,-0.005933700002848725,0.09734509680910136
93,random24,control_to_uncertain,0.035676437734925924,-0.2658581391957158
93,random25,control_to_uncertain,-0.0035803938069363895,0.06124593900547805
93,random26,control_to_uncertain,0.08009273174739769,-0.3837554805026582
93,random27,control_to_uncertain,0.05092378234455616,-0.23804897658369903
93,random28,control_to_uncertain,0.01427579530174819,-0.0037868213473720826
93,random29,control_to_uncertain,-0.03049040287483795,0.23392851160765132
94,circuit,control_to_uncertain,0.8361557111261019,0.443709925708774
94,circuit,uncertain_to_control,1.0071451219366803,0.6684821029613515
94,random0,control_to_uncertain,-0.01556924951538131,-0.04435899965420803
94,random1,control_to_uncertain,-0.21514008089792788,0.5217703866213667
94,random2,control_to_uncertain,0.035456994347347344,0.03111262975875008
94,random3,control_to_uncertain,-0.00512241178210935,0.08250148119347954
94,random4,control_to_uncertain,0.007740928922971342,-0.08906071909027696
94,random5,control_to_uncertain,0.06069381471818576,0.25234712416344
94,random6,control_to_uncertain,0.009132039714280994,-0.1045370432635935
94,random7,control_to_uncertain,-0.07786657805593519,0.08196327914560368
94,random8,control_to_uncertain,0.10247127514796238,0.2840580343382009
94,random9,control_to_uncertain,0.024753553000389603,0.0010188289929556975
94,random10,control_to_uncertain,-0.08158920249408848,-0.022652275621802578
94,random11,control_to_uncertain,-0.1368704712212741,0.18124983714552198
94,random12,control_to_uncertain,0.06125246203570556,0.02408801207848283
94,random13,control_to_uncertain,-0.005944563064462301,0.008729796515249836
94,random14,control_to_uncertain,-0.006279408993102422,0.04974921263771231
94,random15,control_to_uncertain,-0.07926552202363991,0.042909836592527915
94,random16,control_to_uncertain,-0.02415692819470317,0.05184785927006376
94,random17,control_to_uncertain,-0.15732123359315328,0.4297175827423067
94,random18,control_to_uncertain,0.0682467857429596,0.10883082602863439
94,random19,control_to_uncertain,-0.08492711957734787,0.131953715534161
94,random20,control_to_uncertain,0.05015148379209104,0.21738083120015303
94,random21,control_to_uncertain,0.12083208727686805,0.17801743888419905
94,random22,control_to_uncertain,0.013811091156743815,0.08981647765306586
94,random23,control_to_uncertain,-0.11813592201795607,-0.42971667246400164
94,random24,control_to_uncertain,-0.049686553465894956,-0.09784080848188222
94,random25,control_to_uncertain,-0.13054262559664556,0.32551848029947245
94,random26,control_to_uncertain,-0.04953066942210466,-0.02505199680355773
94,random27,control_to_uncertain,-0.05720172590049487,0.014713510953663307
94,random28,control_to_uncertain,0.11669891750230238,0.1091553402443938
94,random29,control_to_uncertain,0.031231768777104565,0.07703070857997608
95,circuit,control_to_uncertain,0.7506866028621934,-0.37321130918587486
95,circuit,uncertain_to_control,0.9988104636478308,0.4430752810264562
95,random0,control_to_uncertain,-0.0026386211788709635,-0.034209151811059386
95,random1,control_to_uncertain,0.006159261856075091,-0.14841103667537187
95,random2,control_to_uncertain,-0.029922752616295373,0.7084146701487453
95,random3,control_to_uncertain,0.03441451276294261,-0.474773248552288
95,random4,control_to_uncertain,0.003961853682215215,-0.05683933234926763
95,random5,control_to_uncertain,0.003912009805801051,0.08213103213353015
95,random6,control_to_uncertain,0.0986211908815363,-0.5609038265016464
95,random7,control_to_uncertain,0.1665120844376516,-1.0
95,random8,control_to_uncertain,0.030490039678312517,-0.17459975019870558
95,random9,control_to_uncertain,0.007877651437845702,-0.14830384921085502
95,random10,control_to_uncertain,0.10704396063599493,-1.0
95,random11,control_to_uncertain,0.1083901610497684,-1.0
95,random12,control_to_uncertain,0.007796238233218897,-0.10804496423299648
95,random13,control_to_uncertain,-0.027527548789024775,0.35444260247530374
95,random14,control_to_uncertain,0.04264959884225471,-0.47730759623027136
95,random15,control_to_uncertain,-0.0035693758853755295,0.1380601794027478
95,random16,control_to_uncertain,0.07533031615430334,-1.0
95,random17,control_to_uncertain,0.08597468152811809,-0.9716966049733167
95,random18,control_to_uncertain,-0.018975318919968658,0.3000758487566708
95,random19,control_to_uncertain,0.03073298584590971,0.05785397978880436
95,random20,control_to_uncertain,-0.018319689476807444,0.8380115816963779
95,random21,control_to_uncertain,-0.07038639028429672,1.0087039854661064
95,random22,control_to_uncertain,-0.10608726309260974,1.5318355853298513
95,random23,control_to_uncertain,0.00436005959830917,0.10799182468490973
95,random24,control_to_uncertain,0.012631500757081826,-0.23801794027478143
95,random25,control_to_uncertain,0.0944815853438493,-0.44609696832065404
95,random26,control_to_uncertain,0.009973477883962531,-0.31550085159532193
95,random27,control_to_uncertain,-0.0011365327712631714,0.31995957760872035
95,random28,control_to_uncertain,-0.025558378450741454,0.5431088906551607
95,random29,control_to_uncertain,0.009812878050096467,-0.07941501078687407
96,circuit,control_to_uncertain,0.8091326915295914,-1.0
96,circuit,uncertain_to_control,0.9583231862032281,1.1318989827488648
96,random0,control_to_uncertain,-0.0153537364129381,-0.21159745648636621
96,random1,control_to_uncertain,-0.046069382625337094,-0.1640658820174898
96,random2,control_to_uncertain,-0.036492560010853305,0.12415323906768912
96,random3,control_to_uncertain,0.07118736277510455,-1.0
96,random4,control_to_uncertain,0.018616379299544353,-0.23697745148684193
96,random5,control_to_uncertain,0.009153596307967955,-0.30019964198808796
96,random6,control_to_uncertain,0.042267117248959804,-0.48328773573042755
96,random7,control_to_uncertain,-0.027089794733451546,-0.027984422378511252
96,random8,control_to_uncertain,0.0926649046356704,-0.25257793015755603
96,random9,control_to_uncertain,0.005434317651687017,-0.06343332887704375
96,random10,control_to_uncertain,0.0031100630615549076,-0.2680541793985959
96,random11,control_to_uncertain,-0.010247517587397665,-0.04732301882550437
96,random12,control_to_uncertain,0.014013151873811504,-0.039298210905736174
96,random13,control_to_uncertain,-0.05874254655757841,0.006726339192767626
96,random14,control_to_uncertain,0.0046197531780453535,0.02817334925544828
96,random15,control_to_uncertain,0.006031601295284887,-0.029204505176393038
96,random16,control_to_uncertain,-0.05586372470888724,0.15562809518285858
96,random17,control_to_uncertain,0.04527143339364139,-0.005124657678994576
96,random18,control_to_uncertain,0.08632423597628835,-0.49887530073901337
96,random19,control_to_uncertain,0.1398982490935595,-0.6575214478978769
96,random20,control_to_uncertain,0.06328814265936225,-0.19836508517673976
96,random21,control_to_uncertain,0.006399940626611186,-0.038949283755029505
96,random22,control_to_uncertain,0.039916343897445354,-0.1986685562367548
96,random23,control_to_uncertain,-0.03755718835026338,0.014991599501364763
96,random24,control_to_uncertain,0.04387936248539678,-0.16017473734499046
96,random25,control_to_uncertain,-0.043676757955240626,-0.6632587297082381
96,random26,control_to_uncertain,0.0494537612433284,-0.2579244445519148
96,random27,control_to_uncertain,0.12071340181239179,-0.8109827597122281
96,random28,control_to_uncertain,0.015191372387961664,0.07748533032195341
96,random29,control_to_uncertain,0.03644548846365271,-0.5652893611085114
97,circuit,control_to_uncertain,1.4710890692431189,0.404753242508011
97,circuit,uncertain_to_control,1.1304991908457869,0.21002164029337764
97,random0,control_to_uncertain,0.17108065827688837,0.01985166891136909
97,random1,control_to_uncertain,-0.026304975856995597,0.004909533515738323
97,random2,control_to_uncertain,0.3225467506864408,-0.2233884896269603
97,random3,control_to_uncertain,0.2210270303414371,-0.12180640659549624
97,random4,control_to_uncertain,0.0481625730622434,-0.0767713766652575
97,random5,control_to_uncertain,0.04934075039302006,0.03439934434782882
97,random6,control_to_uncertain,-0.04224343583476111,0.042138263716127125
97,random7,control_to_uncertain,-0.0722063794289596,0.09564828944245993
97,random8,control_to_uncertain,0.16241728280204598,-0.11750899321560301
97,random9,control_to_uncertain,0.05692586888972999,0.011380798443533293
97,random10,control_to_uncertain,0.15499131455376453,-0.16928225574520717
97,random11,control_to_uncertain,-0.13698719189619454,-0.06508864348205994
97,random12,control_to_uncertain,-0.02013350964259493,0.15493770361441617
97,random13,control_to_uncertain,0.14589832169120776,0.05651778291501195
97,random14,control_to_uncertain,-0.1000723599919229,0.23681171844673926
97,random15,control_to_uncertain,-0.16365460977129556,0.08895189945828547
97,random16,control_to_uncertain,0.07047587128139786,-0.14769735963275935
97,random17,control_to_uncertain,-0.0710078167410973,0.04965520113529034
97,random18,control_to_uncertain,0.08221229920824558,-0.10938818631711124
97,random19,control_to_uncertain,-0.05822523476066146,0.018599140674479382
97,random20,control_to_uncertain,-0.06221418364991632,-0.027116961306778268
97,random21,control_to_uncertain,-0.03401641936178744,0.01983379248891662
97,random22,control_to_uncertain,-0.005474993266411577,-0.0648085140489036
97,random23,control_to_uncertain,0.07557766804998169,-0.1598081447338024
97,random24,control_to_uncertain,0.02883051293089749,-0.047829252270502096
97,random25,control_to_uncertain,0.2525601279750984,0.18720150303388428
97,random26,control_to_uncertain,-0.16400661833892405,0.18176196305906056
97,random27,control_to_uncertain,0.13952364396444153,-0.08036257313617669
97,random28,control_to_uncertain,0.26808197224958996,-0.19451276337274265
97,random29,control_to_uncertain,0.001973366771739539,-0.013001070228016715
98,circuit,control_to_uncertain,1.0318531533928936,-0.42629264146490925
98,circuit,uncertain_to_control,1.0242491915479297,0.7569528614035755
98,random0,control_to_uncertain,0.0673886906957866,0.07012160190234597
98,random1,control_to_uncertain,0.1463074943389686,-0.10072362328775897
98,random2,control_to_uncertain,0.09039780131370313,0.06673082983888343
98,random3,control_to_uncertain,0.026296002374342237,-0.05045308861404825
98,random4,control_to_uncertain,-0.03538334923618552,0.03980104387824554
98,random5,control_to_uncertain,0.012001554413833103,-0.1550162363653073
98,random6,control_to_uncertain,-0.019094479266445415,0.016534477230904
98,random7,control_to_uncertain,-0.04642639090428251,-0.0706273075610316
98,random8,control_to_uncertain,0.05324724123672573,-0.005019653114484039
98,random9,control_to_uncertain,-0.043280514792778495,0.0407060472264812
98,random10,control_to_uncertain,0.09787278825846778,-0.21831058870432096
98,random11,control_to_uncertain,0.022308837113557942,0.0010672933548535714
98,random12,control_to_uncertain,0.01883948176403162,0.16241123314651087
98,random13,control_to_uncertain,-0.0002170228459816822,0.09275596952500759
98,random14,control_to_uncertain,0.055183427721001356,-0.2466215358213903
98,random15,control_to_uncertain,-0.0387415013616172,0.08515708364858107
98,random16,control_to_uncertain,0.021829522852494104,0.03149550910611637
98,random17,control_to_uncertain,0.04749251780597486,-0.08878852340062551
98,random18,control_to_uncertain,-0.08619951780290679,0.0008618866963124149
98,random19,control_to_uncertain,-0.137592889569757,-0.1335789583954214
98,random20,control_to_uncertain,0.043395480749598876,-0.09531511689009141
98,random21,control_to_uncertain,0.11898750766946234,-0.27353793151745576
98,random22,control_to_uncertain,-0.08309225311798847,0.010047875998294438
98,random23,control_to_uncertain,0.11108362708215881,-0.2038782044744283
98,random24,control_to_uncertain,0.06725572151007843,-0.013542735051700035
98,random25,control_to_uncertain,-0.021552643612075224,0.02692925035005499
98,random26,control_to_uncertain,0.019333557515019528,-0.037453998303989086
98,random27,control_to_uncertain,-0.2903598382349102,0.40401668659063644
98,random28,control_to_uncertain,-0.056925457196628663,0.1669496401522616
98,random29,control_to_uncertain,-0.11880434941801234,0.28651452618303325
99,circuit,control_to_uncertain,1.0844048524363308,0.08771355934881946
99,circuit,uncertain_to_control,1.3095557804990574,0.3775536425256414
99,random0,control_to_uncertain,0.05022422378023654,0.09364734396803318
99,random1,control_to_uncertain,0.007351748935726908,-0.026728386428806004
99,random2,control_to_uncertain,0.1591505528315922,-0.14841337794570747
99,random3,control_to_uncertain,-0.050281215973330774,0.07426940747512402
99,random4,control_to_uncertain,0.01595151955190864,0.2315695909589446
99,random5,control_to_uncertain,0.012439229268418835,-0.059481910492770754
99,random6,control_to_uncertain,-0.06216340510787651,-0.13506156990157903
99,random7,control_to_uncertain,-0.10717035469101131,0.20048994742792461
99,random8,control_to_uncertain,-0.08343115447982791,0.07389864501778536
99,random9,control_to_uncertain,-0.1373937831178682,-0.03399461720683596
99,random10,control_to_uncertain,0.04256209184770105,-0.030571356142952807
99,random11,control_to_uncertain,-0.11349180383462798,0.03477181141190396
99,random12,control_to_uncertain,-0.006003063818325674,0.00012484251636737408
99,random13,control_to_uncertain,-0.1915288033810814,-0.12293282219240204
99,random14,control_to_uncertain,-0.05344052549924893,0.19697236090723055
99,random15,control_to_uncertain,-0.2318889862342872,0.015638011395446547
99,random16,control_to_uncertain,0.0023807415182027355,-0.011082844849832536
99,random17,control_to_uncertain,0.002829652628191569,0.04970317453216629
99,random18,control_to_uncertain,0.08912534793660692,-0.195379330765838
99,random19,control_to_uncertain,0.04157868374871029,0.18174533900217438
99,random20,control_to_uncertain,0.033022437992323135,-0.10584148537625974
99,random21,control_to_uncertain,0.02131425070758394,-0.054019753157611546
99,random22,control_to_uncertain,-0.0043469721799538254,0.06248546290639026
99,random23,control_to_uncertain,-0.08378486715768758,0.007689110031883887
99,random24,control_to_uncertain,-0.10487788275954442,-0.10699320713042987
99,random25,control_to_uncertain,0.01479391442436787,-0.06288258100607315
99,random26,control_to_uncertain,-0.013049504404574306,0.11064871490730122
99,random27,control_to_uncertain,-0.1816839387655969,-0.052696422484117385
99,random28,control_to_uncertain,-0.09830035910449064,0.06026822018316082
99,random29,control_to_uncertain,-0.12429070214821045,-0.022354142450562487
100,circuit,control_to_uncertain,0.810564335076413,-1.0
100,circuit,uncertain_to_control,0.8519547988575416,0.27459248054365437
100,random0,control_to_uncertain,0.0349050772330142,-0.026707510211137073
100,random1,control_to_uncertain,0.14539747753282806,-0.5390920241555918
100,random2,control_to_uncertain,0.03890280662317434,-0.05711009236475269
100,random3,control_to_uncertain,-0.007373457291397868,0.41284042017214156
100,random4,control_to_uncertain,-0.10249719519057389,0.5970108464063694
100,random5,control_to_uncertain,-0.008518845636771804,0.04351316117169015
100,random6,control_to_uncertain,-0.0022624923652932046,0.08219532445411862
100,random7,control_to_uncertain,0.030684307545490678,0.2084455732767097
100,random8,control_to_uncertain,0.007718132871770347,0.05937742705545529
100,random9,control_to_uncertain,0.04012467679926202,-0.13608209142878824
100,random10,control_to_uncertain,-0.0005616911895784817,-0.07608159152500467
100,random11,control_to_uncertain,0.005780402907045213,-0.012255321942553828
100,random12,control_to_uncertain,0.0729150884890342,-0.32945466219001823
100,random13,control_to_uncertain,0.050299740919383905,0.0399073792724834
100,random14,control_to_uncertain,-0.08588928614484707,-0.1263363768238583
100,random15,control_to_uncertain,0.005959684943054965,0.08783821427140981
100,random16,control_to_uncertain,0.04341136615131062,0.036619759028307504
100,random17,control_to_uncertain,0.0072712278460325625,-0.1169886277912173
100,random18,control_to_uncertain,-0.010279513187439908,-0.10488101838230533
100,random19,control_to_uncertain,-0.07125341607745744,0.10278112134441594
100,random20,control_to_uncertain,0.03362391144190384,-0.3308080161679725
100,random21,control_to_uncertain,-0.11163956434274996,-0.046875616409974105
100,random22,control_to_uncertain,0.037588156249462934,-0.02906533953254178
100,random23,control_to_uncertain,0.0335505370819239,-0.1731915152475171
100,random24,control_to_uncertain,-0.018175849993128684,-0.12097972709469472
100,random25,control_to_uncertain,-0.043110829338912235,-0.004524580961676352
100,random26,control_to_uncertain,0.04296750517853656,-0.020158469499394545
100,random27,control_to_uncertain,0.07972983522604725,-0.03358163895563474
100,random28,control_to_uncertain,0.08449498305191804,-0.4217338891701266
100,random29,control_to_uncertain,-0.028778793807965032,0.005984089206926739
101,circuit,control_to_uncertain,0.7583391660046304,-1.0
101,circuit,uncertain_to_control,1.1995350152646125,0.6535263167968345
101,random0,control_to_uncertain,-0.09402898427713297,0.007567965792714028
101,random1,control_to_uncertain,0.06782992155552763,-0.05759518132326241
101,random2,control_to_uncertain,0.07678935477741594,-0.1707224690815791
101,random3,control_to_uncertain,0.0574901519752474,-0.07963690687856165
101,random4,control_to_uncertain,-0.03891155334030146,0.4112352291527525
101,random5,control_to_uncertain,-0.05856666429823239,-0.0415271052245424
101,random6,control_to_uncertain,-0.08253714824866074,0.5457914313220033
101,random7,control_to_uncertain,-0.13834581905440743,0.17343361274163646
101,random8,control_to_uncertain,0.04170255487614,0.05824727953825268
101,random9,control_to_uncertain,0.037526930223032565,-0.16506042989457298
101,random10,control_to_uncertain,0.09985908351881603,-0.10996887590960482
101,random11,control_to_uncertain,0.0037168342842972056,-0.22530765637849096
101,random12,control_to_uncertain,-0.025680739988890866,-0.020480652125077943
101,random13,control_to_uncertain,-0.07675613239611924,-0.11880040791396064
101,random14,control_to_uncertain,0.00500811322701957,0.2565663973319714
101,random15,control_to_uncertain,0.060395931480017435,-0.20948302580287495
101,random16,control_to_uncertain,-0.008855693657065077,-0.11131873936185037
101,random17,control_to_uncertain,-0.031205997089933737,0.23877640586431723
101,random18,control_to_uncertain,-0.09529797207369496,0.14507103404577246
101,random19,control_to_uncertain,-0.05530154723059837,1.0655926185974247
101,random20,control_to_uncertain,0.03211398620456692,-0.22432212174358035
101,random21,control_to_uncertain,-0.012993166156167269,-0.30065119159028353
101,random22,control_to_uncertain,0.1450332700714892,0.2525080765150958
101,random23,control_to_uncertain,0.02642374247124576,-0.26302290839161757
101,random24,control_to_uncertain,-0.0038001581599687666,-0.29854513597523774
101,random25,control_to_uncertain,0.030596044886223524,0.036825416652815454
101,random26,control_to_uncertain,-0.004228458956266379,-0.02798884784453334
101,random27,control_to_uncertain,0.07284049966890146,-0.18221511249365782
101,random28,control_to_uncertain,-0.07922498400235171,-0.17192324313760649
101,random29,control_to_uncertain,0.05204339614613947,-0.47307643618587686
102,circuit,control_to_uncertain,0.8212418964931854,-0.5043908423962331
102,circuit,uncertain_to_control,1.099929946161532,0.13942881791075554
102,random0,control_to_uncertain,-0.1538363828215445,0.04048979786489592
102,random1,control_to_uncertain,-0.25006291474586345,-0.27266934964339434
102,random2,control_to_uncertain,-0.600666060626416,0.5184502517834331
102,random3,control_to_uncertain,-0.2858914498183869,0.5960865465142419
102,random4,control_to_uncertain,-0.18347197392806563,-0.20482568568930212
102,random5,control_to_uncertain,0.22352570574745503,0.08781692152026288
102,random6,control_to_uncertain,-0.006155855703418694,0.10966215681404934
102,random7,control_to_uncertain,-0.12013445370660573,-0.16535371499742582
102,random8,control_to_uncertain,-0.03770841653652613,0.174153099532127
102,random9,control_to_uncertain,-0.06424658059749032,0.07794804570007209
102,random10,control_to_uncertain,-0.2727252757782924,0.28198684721483147
102,random11,control_to_uncertain,-0.07880268901046128,0.14634691487421206
102,random12,control_to_uncertain,0.28078138761357085,-0.060513394822703966
102,random13,control_to_uncertain,-0.3831481758862304,0.04571052266602864
102,random14,control_to_uncertain,0.7446667317170386,0.08927691106895146
102,random15,control_to_uncertain,-0.6800788754329418,0.0018781597581677962
102,random16,control_to_uncertain,-0.018613532504201082,-0.022594732902610166
102,random17,control_to_uncertain,0.1298479174303851,-0.0484391531987022
102,random18,control_to_uncertain,0.24755555718269917,0.1301873813937881
102,random19,control_to_uncertain,-0.278070124194743,0.08071376841605743
102,random20,control_to_uncertain,-0.31149540352268457,-0.43096804306019787
102,random21,control_to_uncertain,0.46387818113429913,0.061897728092732814
102,random22,control_to_uncertain,-1.0,-0.6852439383258554
102,random23,control_to_uncertain,-0.36409865732530594,-0.5803554866275503
102,random24,control_to_uncertain,0.7009495391106871,0.15782753437402175
102,random25,control_to_uncertain,0.047720018954808194,0.0764734842222253
102,random26,control_to_uncertain,0.25512124439557354,-0.906979832634034
102,random27,control_to_uncertain,-0.09091956765591516,-0.27490488964394705
102,random28,control_to_uncertain,-0.18006033130164997,-0.18865790950147554
102,random29,control_to_uncertain,-0.1672548525534632,-0.1521179875856731
103,circuit,control_to_uncertain,0.6088382266830741,-0.42125576900449313
103,circuit,uncertain_to_control,1.0585664309492555,0.8453205659798667
103,random0,control_to_uncertain,-0.024724365464212743,-0.031238847001122904
103,random1,control_to_uncertain,0.07234989001137312,-0.04770220108986698
103,random2,control_to_uncertain,-0.007369900969602249,0.02949898821621372
103,random3,control_to_uncertain,0.04792048140929157,0.05593575843719054
103,random4,control_to_uncertain,0.04833545697141408,-0.029493708904080613
103,random5,control_to_uncertain,0.06436573795460931,-0.05517264471625107
103,random6,control_to_uncertain,-0.021510935346020412,-0.03662880773099576
103,random7,control_to_uncertain,-0.007815586947474496,0.04632126321066502
103,random8,control_to_uncertain,0.03589341860392503,0.004704373346011396
103,random9,control_to_uncertain,0.020158008938527414,0.05111849459474373
103,random10,control_to_uncertain,-0.004524482574405392,0.05315146368205697
103,random11,control_to_uncertain,0.03646571019547308,-0.06052572258053645
103,random12,control_to_uncertain,0.09489937633903614,-0.19716603631920862
103,random13,control_to_uncertain,0.006535501540011865,-0.025809906144678176
103,random14,control_to_uncertain,0.017117635007136537,0.023943126910541478
103,random15,control_to_uncertain,-0.033087778323835776,-0.020171239189794816
103,random16,control_to_uncertain,0.05466359904686503,-0.01446379653849244
103,random17,control_to_uncertain,-0.00739162923032769,0.016128153927963712
103,random18,control_to_uncertain,0.020297232341404015,-0.022653528363176755
103,random19,control_to_uncertain,-0.007296418387070145,0.03968386611114803
103,random20,control_to_uncertain,0.009210173445413519,0.07736889786548733
103,random21,control_to_uncertain,-0.07048844531300458,0.036207330592478396
103,random22,control_to_uncertain,-0.004785692196945297,0.0158193503278489
103,random23,control_to_uncertain,0.03518891824485269,-0.02476691656133957
103,random24,control_to_uncertain,-0.06613150131588572,0.003122821605751239
103,random25,control_to_uncertain,0.0875103134387154,-0.15818952571455308
103,random26,control_to_uncertain,0.06277739354114618,0.019998251318255087
103,random27,control_to_uncertain,-0.05766556357248535,0.10150099522265643
103,random28,control_to_uncertain,0.07202738787383409,-0.2529139814192802
103,random29,control_to_uncertain,-0.03921326587307188,-0.023391330313615007
104,circuit,control_to_uncertain,0.8578622752670121,-0.5122508076772716
104,circuit,uncertain_to_control,0.9725581360138748,0.2464596404916543
104,random0,control_to_uncertain,-0.022173282716700268,0.06903913417230834
104,random1,control_to_uncertain,-0.049917953477844876,-0.15816288227358358
104,random2,control_to_uncertain,-0.016744188194923907,-0.17496280386814664
104,random3,control_to_uncertain,-0.044414312033913335,-0.09591408746005972
104,random4,control_to_uncertain,-0.00037279876475365063,-0.3275417259122353
104,random5,control_to_uncertain,0.010232174528586949,0.11908587362178466
104,random6,control_to_uncertain,-0.0386584813034138,-0.008031200810903713
104,random7,control_to_uncertain,0.030755352783365233,0.1618113128968658
104,random8,control_to_uncertain,0.06973640028694791,0.5681185314782179
104,random9,control_to_uncertain,0.00932170127624074,-0.0930416764903624
104,random10,control_to_uncertain,0.030180982220494913,0.1549354372906737
104,random11,control_to_uncertain,0.0017387011052062363,0.04468959255704084
104,random12,control_to_uncertain,-0.05546021561638693,0.26257602536158103
104,random13,control_to_uncertain,0.05860632668565539,-0.050468896819265176
104,random14,control_to_uncertain,-0.02234790984415844,-0.02953310516413795
104,random15,control_to_uncertain,0.13138875783656878,-0.47533195722082855
104,random16,control_to_uncertain,0.041191280345312636,-0.05366537466759501
104,random17,control_to_uncertain,-0.0077101533549515135,-0.09186459059648644
104,random18,control_to_uncertain,0.03670338883122872,0.05823645851144667
104,random19,control_to_uncertain,0.019084012071725685,0.38724652877252724
104,random20,control_to_uncertain,0.04328263586625641,-0.17308569334284443
104,random21,control_to_uncertain,-0.021879329190611606,0.17019888684031528
104,random22,control_to_uncertain,0.21902110268113587,-0.8884137805088
104,random23,control_to_uncertain,-0.02552975467903829,0.03370178364836534
104,random24,control_to_uncertain,0.026274197436945944,0.09922288394246105
104,random25,control_to_uncertain,0.10481791240646832,-0.6824264273191727
104,random26,control_to_uncertain,0.10635725502579053,-0.18904900013399561
104,random27,control_to_uncertain,-0.061976976677078,0.06870937603650976
104,random28,control_to_uncertain,-0.026664831007516408,0.4502721801892192
104,random29,control_to_uncertain,0.06968321663938626,-0.3214249635780465
105,circuit,control_to_uncertain,0.6014579633166808,-0.25326093868473826
105,circuit,uncertain_to_control,0.9936410912309905,0.6001194970359772
105,random0,control_to_uncertain,-0.021961001780202903,-0.04025367402021727
105,random1,control_to_uncertain,-0.05534274197630389,0.04375567941892523
105,random2,control_to_uncertain,-0.18245708493992666,-0.13349261448561908
105,random3,control_to_uncertain,-0.19030405470946107,-0.032740364800910256
105,random4,control_to_uncertain,-0.007722249915249031,0.08944900783386338
105,random5,control_to_uncertain,-0.07016504140032861,0.012667061999920856
105,random6,control_to_uncertain,-0.02510045967070498,-0.1130130304435302
105,random7,control_to_uncertain,0.08369497366839192,-0.062372562357768106
105,random8,control_to_uncertain,0.17934623015650245,-0.06327179238391957
105,random9,control_to_uncertain,0.09117989510058962,-0.11150510199098788
105,random10,control_to_uncertain,0.04925285702521576,-0.17287729807348468
105,random11,control_to_uncertain,-0.04253694319514965,-0.08968224336116123
105,random12,control_to_uncertain,-0.0013494997456458579,0.1589897284491711
105,random13,control_to_uncertain,-0.07521096816142872,-0.3332831510409112
105,random14,control_to_uncertain,-0.034942836672098805,0.15047554654991194
105,random15,control_to_uncertain,-0.013598476650790408,-0.020111210808527884
105,random16,control_to_uncertain,-0.026346811532139604,0.14722724989631364
105,random17,control_to_uncertain,0.06308008490815771,-0.0962715810684806
105,random18,control_to_uncertain,-0.0395787855650831,-0.018255454683762214
105,random19,control_to_uncertain,0.004231308799033576,-0.17349901833452616
105,random20,control_to_uncertain,0.025260003899888243,0.059488660043809795
105,random21,control_to_uncertain,-0.06340903904567077,-0.010762256964637833
105,random22,control_to_uncertain,0.011171666829683517,-0.05187841049988146
105,random23,control_to_uncertain,-0.08140543667391732,-0.21737811580852898
105,random24,control_to_uncertain,-0.017206149366161404,0.11823594363484403
105,random25,control_to_uncertain,-0.07939747646971101,-0.021265234732676566
105,random26,control_to_uncertain,-0.11178418193696486,0.07413113436023039
105,random27,control_to_uncertain,0.008385937711267721,-0.4093762418218357
105,random28,control_to_uncertain,0.06177041600145423,-0.03644811518709808
105,random29,control_to_uncertain,-0.05239253578913156,0.09441900805885174
106,circuit,control_to_uncertain,0.6603369422179868,-0.36609861104596947
106,circuit,uncertain_to_control,0.841114701318644,1.2160179998841862
106,random0,control_to_uncertain,0.02302424001611601,0.02806442289980608
106,random1,control_to_uncertain,0.042997213560047744,0.20584825921552094
106,random2,control_to_uncertain,-0.031928677972872264,0.01440546222175524
106,random3,control_to_uncertain,0.015568665928319547,-0.030444895530397337
106,random4,control_to_uncertain,-0.0455488474032193,0.06173821928070161
106,random5,control_to_uncertain,-0.06640929302538928,0.23123193192450928
106,random6,control_to_uncertain,-0.16585670520027304,0.13186560666417046
106,random7,control_to_uncertain,0.011642865467420323,0.3364272053565744
106,random8,control_to_uncertain,-0.2747948125134372,0.09106794788585994
106,random9,control_to_uncertain,-0.20768615510201938,0.2641272600406292
106,random10,control_to_uncertain,0.7729285436391147,0.23981106619757686
106,random11,control_to_uncertain,0.06598678353939431,-0.08109380686702813
106,random12,control_to_uncertain,-0.058669889598675626,0.27732178618508363
106,random13,control_to_uncertain,0.1190813673417755,-0.0023912155450496256
106,random14,control_to_uncertain,-0.1009612697279332,0.47367710834281634
106,random15,control_to_uncertain,0.22377123274420213,-0.15924143494942578
106,random16,control_to_uncertain,-0.2456214422149039,0.4364445250308597
106,random17,control_to_uncertain,-0.0879720343194954,-0.12164883299196194
106,random18,control_to_uncertain,-0.09605611653741548,0.3446735713037365
106,random19,control_to_uncertain,0.005635649854461655,-0.07762463156388798
106,random20,control_to_uncertain,0.011903345597900957,-0.030389084779674617
106,random21,control_to_uncertain,-0.23443120772314996,0.2588135787294486
106,random22,control_to_uncertain,0.35520594861011057,-0.224015182620375
106,random23,control_to_uncertain,0.2160347606033961,-0.29651885027757335
106,random24,control_to_uncertain,-0.06586730836895267,0.1561487856969361
106,random25,control_to_uncertain,-0.10824420118365324,0.19261731197082957
106,random26,control_to_uncertain,0.5123863507602997,-0.12998638270086826
106,random27,control_to_uncertain,-0.14329207059870705,0.42200735811033707
106,random28,control_to_uncertain,0.09640746653103237,-0.1872613140575752
106,random29,control_to_uncertain,-0.1566692465351948,0.29589825045087487
107,circuit,control_to_uncertain,0.5792276745438123,-0.24758487058929804
107,circuit,uncertain_to_control,1.0583755022351387,0.050890016971591956
107,random0,control_to_uncertain,0.010446347553751994,0.027334611758890855
107,random1,control_to_uncertain,0.2034117134602926,-0.05941012526446368
107,random2,control_to_uncertain,-0.08709984713393058,0.4062656290475466
107,random3,control_to_uncertain,0.02313213351102559,0.25938950786384773
107,random4,control_to_uncertain,-0.08889646646406135,0.32582265404166827
107,random5,control_to_uncertain,0.13226074740198043,-0.14118467824025435
107,random6,control_to_uncertain,-0.05337184866832441,-0.004963781749458968
107,random7,control_to_uncertain,0.017957593607665297,0.08941609590762604
107,random8,control_to_uncertain,0.08073066645540955,0.020243066248629947
107,random9,control_to_uncertain,0.034622594626598696,-0.06188681427198293
107,random10,control_to_uncertain,0.03542272445591302,-0.12424799881917614
107,random11,control_to_uncertain,0.0882316840858239,-0.13516111608261785
107,random12,control_to_uncertain,-0.03875295581894361,0.14889544602034901
107,random13,control_to_uncertain,0.025021981338143602,-0.019878535400281932
107,random14,control_to_uncertain,0.14191289370309584,0.20745466585230768
107,random15,control_to_uncertain,-0.10241153651508099,0.2739490340057564
107,random16,control_to_uncertain,-0.05397402267087722,0.44930677866820296
107,random17,control_to_uncertain,0.06515974843029532,-0.09546786819128726
107,random18,control_to_uncertain,-0.07310404117846032,0.11503389141532352
107,random19,control_to_uncertain,0.15140343742784726,-0.03180781741606149
107,random20,control_to_uncertain,0.02240982439425582,-0.004733299017682397
107,random21,control_to_uncertain,0.12536239239307584,-0.10626994559697203
107,random22,control_to_uncertain,0.06712937144578571,0.002786600250159795
107,random23,control_to_uncertain,-0.2206962181674522,0.29311221262872306
107,random24,control_to_uncertain,-0.003553953696122268,-0.011779428225761637
107,random25,control_to_uncertain,-0.04106809758619629,0.3546018843463861
107,random26,control_to_uncertain,-0.05199075089918918,0.0359240949538837
107,random27,control_to_uncertain,-0.2101602253223973,0.5639785400969678
107,random28,control_to_uncertain,0.1685047426007454,-0.056524889609125196
107,random29,control_to_uncertain,0.24710112145217034,0.004376971113781292
108,circuit,control_to_uncertain,0.7881272131432447,-0.6490643086901198
108,circuit,uncertain_to_control,0.8007771942409742,0.46546362455698176
108,random0,control_to_uncertain,0.1806624886652468,0.2736033376449251
108,random1,control_to_uncertain,-0.08701136423589252,-0.4635536215181415
108,random2,control_to_uncertain,0.06746737045105565,-0.01709719822433647
108,random3,control_to_uncertain,0.24650285005321257,0.3240564050782786
108,random4,control_to_uncertain,0.17556065720821337,0.04306921111882741
108,random5,control_to_uncertain,0.1073000695516202,0.25997628478574425
108,random6,control_to_uncertain,0.0158343441555777,-0.06940203155664809
108,random7,control_to_uncertain,0.012582050164752627,0.09893833256121687
108,random8,control_to_uncertain,0.2466000912872199,-0.1856880258310177
108,random9,control_to_uncertain,-0.38739160504702697,0.0483981283546563
108,random10,control_to_uncertain,-0.10508168206185439,-0.14516811267003712
108,random11,control_to_uncertain,0.06188714890426026,0.2583916215584259
108,random12,control_to_uncertain,-0.042634763879088454,-0.10268827892174592
108,random13,control_to_uncertain,0.18807615574827302,-0.584485888659346
108,random14,control_to_uncertain,0.2890109474549061,0.14598168113545784
108,random15,control_to_uncertain,0.011603201052688082,0.11552847358267003
108,random16,control_to_uncertain,-0.1410818581535453,-0.17995276223571066
108,random17,control_to_uncertain,0.0375295990937025,0.0662362080878689
108,random18,control_to_uncertain,-0.27534763453801736,0.296057476991951
108,random19,control_to_uncertain,0.016405262842710693,-0.03708961425995483
108,random20,control_to_uncertain,-0.049171880547764696,-0.012658039396330447
108,random21,control_to_uncertain,0.07454333688926672,-0.1919609977554618
108,random22,control_to_uncertain,0.09252204565671339,-0.1792854434298435
108,random23,control_to_uncertain,0.00852515967504876,0.03824866470557842
108,random24,control_to_uncertain,-0.061871631686067595,0.004960665847551807
108,random25,control_to_uncertain,0.08090217796226282,0.4567919830665664
108,random26,control_to_uncertain,0.16735078441836812,0.002590020168441075
108,random27,control_to_uncertain,-0.04458361154172988,-0.1599962518051324
108,random28,control_to_uncertain,-0.001538618390570221,0.11116638044353055
108,random29,control_to_uncertain,-0.2595520259567428,0.1136648851064426
109,circuit,control_to_uncertain,0.5567067152556373,-0.5815303638601537
109,circuit,uncertain_to_control,1.037808058076168,0.7304820444742793
109,random0,control_to_uncertain,0.1257568260928031,0.06343269393530346
109,random1,control_to_uncertain,-0.0028553393850741728,0.12857315679227024
109,random2,control_to_uncertain,-0.014972767515611036,0.04665168076309093
109,random3,control_to_uncertain,-0.049944134854090494,0.15256095167779163
109,random4,control_to_uncertain,0.03992500710679425,0.054130206443091786
109,random5,control_to_uncertain,-0.09135614230324246,0.09968801189652121
109,random6,control_to_uncertain,0.056396828891410414,-0.00468644658541475
109,random7,control_to_uncertain,-0.24934975398416123,0.18017769671977749
109,random8,control_to_uncertain,-0.05041576657099372,0.04747835946614933
109,random9,control_to_uncertain,0.00548746275893505,-0.0358361768054372
109,random10,control_to_uncertain,-0.1112999753724303,0.09194448488720156
109,random11,control_to_uncertain,0.017006387227240058,-0.1087058973693757
109,random12,control_to_uncertain,0.06920102512531826,-0.0838820154495775
109,random13,control_to_uncertain,-0.005034436015770204,-0.058775883593226726
109,random14,control_to_uncertain,-0.15679856967058234,0.10009962638732704
109,random15,control_to_uncertain,0.026363466155521945,-0.038680472138285536
109,random16,control_to_uncertain,0.15343334045359364,-0.08902288443284188
109,random17,control_to_uncertain,0.06571613011480099,-0.15171514270125577
109,random18,control_to_uncertain,-0.006004034658882392,0.028020676062296638
109,random19,control_to_uncertain,-0.24543380007505752,0.09312632809375528
109,random20,control_to_uncertain,0.10389799093798023,-0.17594410447700928
109,random21,control_to_uncertain,0.17271228591669435,-0.2632609448489112
109,random22,control_to_uncertain,-0.460668364901883,0.18503725659961115
109,random23,control_to_uncertain,0.04353594426334196,-0.12070246050598162
109,random24,control_to_uncertain,0.06100199662813239,-0.060997033788375114
109,random25,control_to_uncertain,-0.013623994266872975,-0.05889756467698494
109,random26,control_to_uncertain,-0.11431437418087345,0.0010088867176551177
109,random27,control_to_uncertain,-0.12250095568858646,0.21558234473332988
109,random28,control_to_uncertain,0.15528265737372976,-0.07846987291618204
109,random29,control_to_uncertain,0.1296235598014299,-0.20449776250282936
110,circuit,control_to_uncertain,0.7088413784255553,-0.026757168453360847
110,circuit,uncertain_to_control,0.8689379896254955,0.6469766531614832
110,random0,control_to_uncertain,-0.046590728086564774,0.27560612692038494
110,random1,control_to_uncertain,0.05868982794758842,-0.034415573692898965
110,random2,control_to_uncertain,-0.002949024209951888,-0.3250265637545641
110,random3,control_to_uncertain,-0.1841730920585647,0.3998268921167409
110,random4,control_to_uncertain,-0.1023203043083511,0.5092710323707491
110,random5,control_to_uncertain,0.19756281410374657,-0.045762412863609526
110,random6,control_to_uncertain,0.0978749425420509,-0.152746289208208
110,random7,control_to_uncertain,-0.07353127478753937,0.2482845757573429
110,random8,control_to_uncertain,0.2192960844230844,-0.4821067628318998
110,random9,control_to_uncertain,0.2610693337927871,-0.5831453283842485
110,random10,control_to_uncertain,0.030443741506349282,0.010947258828166882
110,random11,control_to_uncertain,0.07907256102154865,-0.15021964656759015
110,random12,control_to_uncertain,0.07997219633364595,-0.07185546701606513
110,random13,control_to_uncertain,0.17081014466566732,-0.2945799804035598
110,random14,control_to_uncertain,-0.028788260033744108,0.12222482541657967
110,random15,control_to_uncertain,0.18153109318859142,0.23416748727236877
110,random16,control_to_uncertain,0.12205058230234309,-0.3903007267163112
110,random17,control_to_uncertain,-0.13574724224579138,0.30692446247533484
110,random18,control_to_uncertain,-0.0013833278874634957,-0.13132950222327877
110,random19,control_to_uncertain,-0.029408011913338687,0.19669227915624457
110,random20,control_to_uncertain,0.1473240002946436,-0.23176346544063298
110,random21,control_to_uncertain,0.020441633811317715,-0.06160305943822993
110,random22,control_to_uncertain,0.2420244764042737,-0.4292346319748964
110,random23,control_to_uncertain,0.04932079824909513,-0.10764504774609056
110,random24,control_to_uncertain,-0.18973487462992045,0.39750886834563437
110,random25,control_to_uncertain,0.039336108943139596,-0.15008852404929227
110,random26,control_to_uncertain,0.056165700505699905,-0.28552435192041353
110,random27,control_to_uncertain,-0.1518674366853799,0.5121714232368395
110,random28,control_to_uncertain,0.12919261149710215,-0.6226259589560359
110,random29,control_to_uncertain,0.09170505532716947,-0.03983050861313086
111,circuit,control_to_uncertain,0.7462921722686496,-0.36156151246996404
111,circuit,uncertain_to_control,1.1640062176484565,0.0395234152135777
111,random0,control_to_uncertain,0.058640930082934084,0.09296585587725414
111,random1,control_to_uncertain,0.04048593849248473,-0.11578370831372647
111,random2,control_to_uncertain,-0.07384082814201755,0.13035089384903426
111,random3,control_to_uncertain,0.013415752343943937,0.07447641786740637
111,random4,control_to_uncertain,-0.10697406960586726,-0.2604558863692485
111,random5,control_to_uncertain,-0.06923429751252377,0.07149345795701456
111,random6,control_to_uncertain,-0.05615806074223969,-0.27465157951423813
111,random7,control_to_uncertain,-0.0929979440765241,-0.1380975893059785
111,random8,control_to_uncertain,-0.09364937700617122,0.05285064731630614
111,random9,control_to_uncertain,0.038536023795413266,-0.21916099430925548
111,random10,control_to_uncertain,-0.06791296097108929,0.06186909577076118
111,random11,control_to_uncertain,-0.11977109003329178,0.1668602383865291
111,random12,control_to_uncertain,-0.036851382591648,-0.20635300203390936
111,random13,control_to_uncertain,-0.15657316955899342,0.15432294421265713
111,random14,control_to_uncertain,0.009359533049656237,-0.061587376881440774
111,random15,control_to_uncertain,0.046414021274488564,-0.04963992445709131
111,random16,control_to_uncertain,0.014929952992473305,0.16903982878287682
111,random17,control_to_uncertain,-0.0599936380358636,0.0030176294721582183
111,random18,control_to_uncertain,-0.009260998788122015,-0.20779948043873298
111,random19,control_to_uncertain,-0.019556355776098534,0.0722938426743503
111,random20,control_to_uncertain,-0.002556284911925032,0.1695809953860783
111,random21,control_to_uncertain,-0.044691001299272344,0.21777788543454793
111,random22,control_to_uncertain,-0.036709654244641815,0.0616119440543481
111,random23,control_to_uncertain,0.04868986804745916,-0.01610596303834396
111,random24,control_to_uncertain,-0.04269990488676753,0.055845316813784615
111,random25,control_to_uncertain,-0.05034604858924954,0.1418508563668756
111,random26,control_to_uncertain,0.10577699691431802,-0.3635948478276018
111,random27,control_to_uncertain,0.05907111011386996,0.016373905942856527
111,random28,control_to_uncertain,-0.12247873392026501,-0.06771424612472937
111,random29,control_to_uncertain,-0.0744461921718518,0.2643596560641713
112,circuit,control_to_uncertain,0.7957867846518598,-0.18241331836855748
112,circuit,uncertain_to_control,1.0426030194154836,0.9787346368852904
112,random0,control_to_uncertain,0.13411607978585752,-0.028493378039700513
112,random1,control_to_uncertain,-0.01618559765185919,0.038456294247528576
112,random2,control_to_uncertain,-0.0550219852409448,0.0739001324415555
112,random3,control_to_uncertain,-0.1781421431712318,0.2330307250155087
112,random4,control_to_uncertain,0.11962921623586736,0.006552297497989411
112,random5,control_to_uncertain,0.13725249234719672,-0.06668347345385194
112,random6,control_to_uncertain,-0.06694968554078923,-0.0028523764961545274
112,random7,control_to_uncertain,-0.02578813871170371,0.04958323318571398
112,random8,control_to_uncertain,-0.054882193837115865,0.08615906253526703
112,random9,control_to_uncertain,0.18231351471953716,-0.08678638017438177
112,random10,control_to_uncertain,-0.0471996781003585,-0.016556016763243038
112,random11,control_to_uncertain,0.1251414420954145,0.06203098510563097
112,random12,control_to_uncertain,-0.12242726165935205,0.016175397072094772
112,random13,control_to_uncertain,-0.1732758058282126,-0.12514806771678544
112,random14,control_to_uncertain,-0.01969230714649922,0.24621473325569004
112,random15,control_to_uncertain,-0.10897757444323404,0.1279823530300891
112,random16,control_to_uncertain,0.013849351677329313,-0.11430142463757526
112,random17,control_to_uncertain,0.062308630643418884,0.09023325956673105
112,random18,control_to_uncertain,0.14623811822341828,-0.25327436704159273
112,random19,control_to_uncertain,0.1934075911314796,0.04391975315168376
112,random20,control_to_uncertain,-0.039175986586332354,-0.018218917566154794
112,random21,control_to_uncertain,-0.08523205570133106,-0.0625942395950833
112,random22,control_to_uncertain,-0.23629083392150513,0.1460457334138117
112,random23,control_to_uncertain,-0.07543936482570372,0.011680795410572346
112,random24,control_to_uncertain,-0.02355605876737981,-0.06386720100659028
112,random25,control_to_uncertain,0.06650192928890572,0.05756935482064628
112,random26,control_to_uncertain,-0.01980627877746726,0.03649140382958231
112,random27,control_to_uncertain,-0.3146766093158923,0.028088793405035506
112,random28,control_to_uncertain,0.14401298596606651,0.011630124435228123
112,random29,control_to_uncertain,0.14939236810875683,-0.1662722240587514
113,circuit,control_to_uncertain,0.7280011456358435,-0.13941540732921667
113,circuit,uncertain_to_control,0.8828190528372647,0.25012759718663097
113,random0,control_to_uncertain,0.04826763049508279,-0.11047212287521223
113,random1,control_to_uncertain,0.010148092111612326,-0.003991317134654436
113,random2,control_to_uncertain,0.02482086468525627,0.06985940611319728
113,random3,control_to_uncertain,-0.047584150792242465,0.016295757036786644
113,random4,control_to_uncertain,-0.13849417375684503,0.07595441624254975
113,random5,control_to_uncertain,-0.07563985941055791,0.033258662016972335
113,random6,control_to_uncertain,-0.09618144215213505,0.18051185777475479
113,random7,control_to_uncertain,0.0039189877726203415,0.03690432040859897
113,random8,control_to_uncertain,0.17782887479673784,-0.08147261423687198
113,random9,control_to_uncertain,0.15258134377688326,-0.14858012079114627
113,random10,control_to_uncertain,-0.04879578522233533,0.09214055326140123
113,random11,control_to_uncertain,-0.03375425073444182,0.04311743560809584
113,random12,control_to_uncertain,-0.06111186864205832,0.08204496957680245
113,random13,control_to_uncertain,0.24450301300151403,-0.24044186723601652
113,random14,control_to_uncertain,0.03552110346316169,0.05422445465755229
113,random15,control_to_uncertain,0.039052484442078456,0.012846197629550677
113,random16,control_to_uncertain,-0.06844875303142094,0.014362022209067057
113,random17,control_to_uncertain,-0.05190012628974832,0.05053208562497595
113,random18,control_to_uncertain,0.005008919148618232,-0.011395339409373515
113,random19,control_to_uncertain,-0.01030408122392096,0.046442204752537734
113,random20,control_to_uncertain,0.010573305647133784,0.01845190308150527
113,random21,control_to_uncertain,0.09502273111698457,0.02257940958949746
113,random22,control_to_uncertain,0.043524200000622626,0.007879613736425308
113,random23,control_to_uncertain,0.05422327653926656,0.009931710757083496
113,random24,control_to_uncertain,0.044439878504488634,-0.13041268122764477
113,random25,control_to_uncertain,-0.03209490513740885,0.015253724059416964
113,random26,control_to_uncertain,0.06298323988722128,-0.07028828693395381
113,random27,control_to_uncertain,0.022719619117590593,-0.13201987010670682
113,random28,control_to_uncertain,0.08194745640824484,-0.07639923867654784
113,random29,control_to_uncertain,0.010289553233152459,0.03601981799648719
114,circuit,control_to_uncertain,0.48989613030118817,0.17330804169984543
114,circuit,uncertain_to_control,1.1246252080726826,0.193950174084067
114,random0,control_to_uncertain,0.039779434509209566,0.0024537360047653806
114,random1,control_to_uncertain,0.061392461249102664,-0.0006806196298932543
114,random2,control_to_uncertain,-0.05332750417527653,-0.011312015093397543
114,random3,control_to_uncertain,0.06092747505508416,-0.007629115925020525
114,random4,control_to_uncertain,-0.08349439543808226,0.06280646107707796
114,random5,control_to_uncertain,0.03953227380475894,0.06237111072215083
114,random6,control_to_uncertain,-0.007751216182717535,0.016464756377894435
114,random7,control_to_uncertain,-0.10214310639344881,0.08302808341022776
114,random8,control_to_uncertain,0.04011882451490152,0.035176684249949006
114,random9,control_to_uncertain,0.03675967363267949,0.07670773101325917
114,random10,control_to_uncertain,0.021296482876681823,0.03287526349037739
114,random11,control_to_uncertain,0.17904775281502872,0.011850126076075258
114,random12,control_to_uncertain,0.039248904844242295,0.03264877280728447
114,random13,control_to_uncertain,-0.06576425299795145,0.051876277351768904
114,random14,control_to_uncertain,0.10985001257881727,0.06580122917881244
114,random15,control_to_uncertain,-0.14494898283598112,0.03070216310860601
114,random16,control_to_uncertain,0.14571375265591205,0.04353597442230596
114,random17,control_to_uncertain,0.03873457866184115,-0.0035755482181685327
114,random18,control_to_uncertain,-0.06303469572624316,0.07355146702141513
114,random19,control_to_uncertain,0.22896546062584455,0.04439113063110961
114,random20,control_to_uncertain,0.06462639991177933,0.008335295304963419
114,random21,control_to_uncertain,0.06571740880664653,0.014412673588194817
114,random22,control_to_uncertain,0.180886771292528,-0.05464132067958785
114,random23,control_to_uncertain,-0.00017693281437136785,-0.026406038590058464
114,random24,control_to_uncertain,-0.0683868365672208,0.016804335914268217
114,random25,control_to_uncertain,0.023645642276867294,-0.03798116262070168
114,random26,control_to_uncertain,0.06941287794431102,0.00723831256303706
114,random27,control_to_uncertain,-0.01364195003306739,0.0105660876939897
114,random28,control_to_uncertain,-0.20819578291695245,0.11091366638887391
114,random29,control_to_uncertain,0.21353183546599833,0.021774611881063805
115,circuit,control_to_uncertain,0.6270888400760932,-0.3709977365276948
115,circuit,uncertain_to_control,0.9205060348414412,0.8720312565544518
115,random0,control_to_uncertain,0.038420230893955444,0.007122784010787243
115,random1,control_to_uncertain,0.04977716181406488,0.2680076317538672
115,random2,control_to_uncertain,-0.07037584170936846,0.06402923060917398
115,random3,control_to_uncertain,0.011321367412628876,-0.07346876655408353
115,random4,control_to_uncertain,0.0756399817228974,-0.042239531008879845
115,random5,control_to_uncertain,-0.04319262074154782,-0.01930740440546085
115,random6,control_to_uncertain,0.007368208362356578,0.037160154645190076
115,random7,control_to_uncertain,0.06018552084714815,-0.059895926607446984
115,random8,control_to_uncertain,0.004611930688840796,-0.012790758634782656
115,random9,control_to_uncertain,0.03888721361718234,-0.022017796948268584
115,random10,control_to_uncertain,0.08301559914931243,-0.04692969056410011
115,random11,control_to_uncertain,0.056556878802635976,-0.04187181231724903
115,random12,control_to_uncertain,0.04607083044071124,0.070004077269199
115,random13,control_to_uncertain,0.03891198105989201,0.01739453766999762
115,random14,control_to_uncertain,0.28010951020053476,-0.01644877575015525
115,random15,control_to_uncertain,0.04497312467856569,0.04031564357814191
115,random16,control_to_uncertain,0.13713108550091677,-0.0857520299325188
115,random17,control_to_uncertain,0.20601929299112065,0.24978421362236322
115,random18,control_to_uncertain,-0.0075912211905159325,0.07561516337462848
115,random19,control_to_uncertain,0.09045567543303598,0.08683097152201893
115,random20,control_to_uncertain,-0.004291753277743478,0.11117203968893855
115,random21,control_to_uncertain,0.09417301455870503,-0.039232743851606494
115,random22,control_to_uncertain,0.10512435214350045,-0.06675778401602596
115,random23,control_to_uncertain,0.06032110671941779,-0.006018851830593753
115,random24,control_to_uncertain,0.29899214501612903,-0.0385500816288153
115,random25,control_to_uncertain,0.02508391558874487,-0.025210926988320663
115,random26,control_to_uncertain,0.06630763047864564,-0.013086687586067652
115,random27,control_to_uncertain,0.015083901829054475,0.022901858496678598
115,random28,control_to_uncertain,0.07403041547808521,-0.04941772893816106
115,random29,control_to_uncertain,0.10198777779624163,-0.1027568075203362
116,circuit,control_to_uncertain,0.9837225724007724,-0.27865604655593174
116,circuit,uncertain_to_control,0.7649779847116805,1.1399913367482581
116,random0,control_to_uncertain,-0.012577572649947433,-0.04533041152574337
116,random1,control_to_uncertain,0.04727029262595103,0.1193381552382341
116,random2,control_to_uncertain,-0.03298560348136848,0.0670289835792001
116,random3,control_to_uncertain,-0.021152972720724472,0.23537890019274138
116,random4,control_to_uncertain,-0.11361844371281708,1.0733779551107332
116,random5,control_to_uncertain,0.10853980994279433,-0.1271531745921939
116,random6,control_to_uncertain,0.051647582255942855,-0.35669449053374785
116,random7,control_to_uncertain,0.03635617571883837,0.21870826020832246
116,random8,control_to_uncertain,0.03276774074006172,0.26877206388669234
116,random9,control_to_uncertain,0.24844886201369057,1.0799488293435193
116,random10,control_to_uncertain,-0.003111568845476787,-0.1519043721749977
116,random11,control_to_uncertain,-0.07650781272296989,0.6795198174544301
116,random12,control_to_uncertain,0.07314171366497738,0.5043406722640781
116,random13,control_to_uncertain,0.09121052363984,0.42666195544704616
116,random14,control_to_uncertain,-0.07216945865518962,0.5042406297992446
116,random15,control_to_uncertain,0.08530296561088921,-0.2786097503089077
116,random16,control_to_uncertain,0.035798351337250706,-0.10077202982968303
116,random17,control_to_uncertain,0.054100018655048494,-0.37991445304975197
116,random18,control_to_uncertain,0.061531985847868176,-0.14034574250133833
116,random19,control_to_uncertain,0.16363350446709973,-0.9382551742707809
116,random20,control_to_uncertain,-0.028815718173060258,0.12988731387046204
116,random21,control_to_uncertain,0.054617647423867585,0.4149567209911441
116,random22,control_to_uncertain,0.14693900013350236,0.5195865053357756
116,random23,control_to_uncertain,0.016496707897410968,-0.22366914254029105
116,random24,control_to_uncertain,0.1577784905463762,-0.010925914297664647
116,random25,control_to_uncertain,0.07476043761303834,0.1407302142079457
116,random26,control_to_uncertain,-0.11096307617150523,0.7363375517906005
116,random27,control_to_uncertain,0.15130309073390952,-0.6427299992230745
116,random28,control_to_uncertain,0.06003410074822432,0.1868378173288449
116,random29,control_to_uncertain,0.037221200426224704,0.07167829749010485
117,circuit,control_to_uncertain,0.9646954895636722,0.08810315383333664
117,circuit,uncertain_to_control,1.1461325337528998,0.866331352720154
117,random0,control_to_uncertain,-0.18166989969375913,0.19878490239175173
117,random1,control_to_uncertain,-0.005071393187473886,-0.034419502600374005
117,random2,control_to_uncertain,0.1569307957705995,-0.015431665120081525
117,random3,control_to_uncertain,0.05312197964016942,-0.001233834153428942
117,random4,control_to_uncertain,-0.02032245931087567,-0.011539853813556107
117,random5,control_to_uncertain,0.13420658994649753,0.07253259728849906
117,random6,control_to_uncertain,0.07454255332555856,-0.17190214519645158
117,random7,control_to_uncertain,0.04926066923176103,0.2037868333044896
117,random8,control_to_uncertain,0.03500820616921674,-0.24500024214018257
117,random9,control_to_uncertain,-0.07248582460609904,0.15752863037464399
117,random10,control_to_uncertain,0.2766721342147331,-0.3995672658298627
117,random11,control_to_uncertain,0.08148653325461615,-0.3379450958518696
117,random12,control_to_uncertain,-0.07455263532908532,-0.08100782561197424
117,random13,control_to_uncertain,0.0051017846115665785,-0.0023201306609580757
117,random14,control_to_uncertain,0.008575228711219428,0.008137933717792768
117,random15,control_to_uncertain,-0.08740442696897166,0.0974198250400359
117,random16,control_to_uncertain,-0.3749022094129075,0.16944588254301737
117,random17,control_to_uncertain,0.06457426316549705,-0.017354161589502898
117,random18,control_to_uncertain,-0.061281422648251496,0.051924973059892604
117,random19,control_to_uncertain,0.13158652927998016,-0.07451865268143462
117,random20,control_to_uncertain,0.011788382623666922,-0.10545336023657165
117,random21,control_to_uncertain,-0.20296968322151035,0.045155165866484964
117,random22,control_to_uncertain,0.16549550623775497,0.05013603311281944
117,random23,control_to_uncertain,0.1406523831820548,-0.2803798432118173
117,random24,control_to_uncertain,-0.22008722871897482,0.11323330360658258
117,random25,control_to_uncertain,0.03634096948158144,-0.0038881320634855227
117,random26,control_to_uncertain,-0.059602526705191554,0.09051636934320406
117,random27,control_to_uncertain,-0.1167457716174151,0.1669709477311557
117,random28,control_to_uncertain,-0.05478943638692015,0.05708134019923009
117,random29,control_to_uncertain,-0.09335746228215844,0.016013353444688995
118,circuit,control_to_uncertain,0.5502336228382974,0.19805390243911541
118,circuit,uncertain_to_control,1.0617571380448465,0.7294069293681925
118,random0,control_to_uncertain,0.14549014100767027,-0.11788603777875387
118,random1,control_to_uncertain,0.07139797211551135,-0.0970634258079227
118,random2,control_to_uncertain,0.016642644158739815,0.06876885606996119
118,random3,control_to_uncertain,-0.00997776374430632,-0.0009205288761822732
118,random4,control_to_uncertain,0.014319218207366653,-0.07114730365274566
118,random5,control_to_uncertain,0.010690288847324541,-0.20074557863139
118,random6,control_to_uncertain,0.018771845333530914,0.12825840788062284
118,random7,control_to_uncertain,-0.07320888726537132,0.02493924198427712
118,random8,control_to_uncertain,-0.13086697274184836,0.0019374644927755277
118,random9,control_to_uncertain,-0.02034046197307354,0.02573338473367545
118,random10,control_to_uncertain,0.016768876478935005,0.11617460044381932
118,random11,control_to_uncertain,0.15296414199154487,0.05286186829794335
118,random12,control_to_uncertain,-0.021782949676794602,0.023023297963877202
118,random13,control_to_uncertain,0.03079765351933331,0.13916941177085249
118,random14,control_to_uncertain,0.019291179503703314,0.0984483241834007
118,random15,control_to_uncertain,0.008566842735998526,-0.012877576998819609
118,random16,control_to_uncertain,0.02776070308266356,0.16717886634878565
118,random17,control_to_uncertain,0.009758382103475696,0.05133453673824525
118,random18,control_to_uncertain,0.11474814274280466,-0.1435612052808005
118,random19,control_to_uncertain,-0.00042222178188137163,-0.15750821292131456
118,random20,control_to_uncertain,-0.006589168591482678,0.3547062722971686
118,random21,control_to_uncertain,-0.04250159168858559,0.24517540242350375
118,random22,control_to_uncertain,0.1043892008129458,-0.16227804524946768
118,random23,control_to_uncertain,-0.062019872199683475,-0.16026246019801074
118,random24,control_to_uncertain,-0.016450176916509365,-0.20198555590676634
118,random25,control_to_uncertain,-0.08277056336729798,0.00037331177803013536
118,random26,control_to_uncertain,-0.014008927240662453,-0.5362957694109995
118,random27,control_to_uncertain,0.0158719825762869,0.13355231968922945
118,random28,control_to_uncertain,0.005335805368578215,-0.02618270234188766
118,random29,control_to_uncertain,0.021471831635101406,0.006774470549731137
119,circuit,control_to_uncertain,0.79692842732456,-0.14507637147204572
119,circuit,uncertain_to_control,1.0691180653189651,0.3991190374451386
119,random0,control_to_uncertain,-0.029455465679303506,0.1041329601583582
119,random1,control_to_uncertain,0.020670704655841133,0.067033051991233
119,random2,control_to_uncertain,-0.003862127611457674,0.0014845387590500486
119,random3,control_to_uncertain,0.15610925185664234,0.07103940812739049
119,random4,control_to_uncertain,0.01673083834908972,-0.04067367449216272
119,random5,control_to_uncertain,0.021644529647721115,0.04423770169064611
119,random6,control_to_uncertain,0.012243051256770766,0.01749455329330953
119,random7,control_to_uncertain,0.05126528019679572,-0.01106179856425858
119,random8,control_to_uncertain,0.08481096949239372,0.02091816447729715
119,random9,control_to_uncertain,0.007600580025857131,0.08340255124741491
119,random10,control_to_uncertain,0.09946550680725592,0.04008994329932914
119,random11,control_to_uncertain,-0.07354506046310917,0.12039434278178086
119,random12,control_to_uncertain,0.031243527784876983,0.06868167654070786
119,random13,control_to_uncertain,0.006572886012284733,0.0017151957942753136
119,random14,control_to_uncertain,0.13030851444958985,0.0689117788155598
119,random15,control_to_uncertain,0.035632735288636995,0.0849070613799051
119,random16,control_to_uncertain,0.1440678308336761,-0.13672537865207807
119,random17,control_to_uncertain,0.037114746352627334,-0.043619575354665624
119,random18,control_to_uncertain,-0.0004710474560841274,0.0044951616651089455
119,random19,control_to_uncertain,0.0654425682672665,-0.018078284486143112
119,random20,control_to_uncertain,-0.00022283169615737198,0.0287286974135515
119,random21,control_to_uncertain,0.14294985032056035,-0.08119029015862957
119,random22,control_to_uncertain,0.09947798249768804,-0.01442734482917025
119,random23,control_to_uncertain,0.00558910931358607,0.034950396640568426
119,random24,control_to_uncertain,0.05722224209358527,0.022403812757093872
119,random25,control_to_uncertain,0.028127778184820214,0.08569827295236675
119,random26,control_to_uncertain,-0.004812299271188914,0.015543276140158544
119,random27,control_to_uncertain,-0.08688972239641715,0.11517984183257816
119,random28,control_to_uncertain,0.1284721360862735,-0.1186715036223618
119,random29,control_to_uncertain,0.028433035974410555,-0.007803012851193558
120,circuit,control_to_uncertain,0.6499980712348398,-0.0789677764369881
120,circuit,uncertain_to_control,1.3001281261699142,0.5113304749153553
120,random0,control_to_uncertain,0.010136880251173997,-0.08365898233137842
120,random1,control_to_uncertain,-0.056002176770366244,0.2318274253746884
120,random2,control_to_uncertain,2.216971448511503e-06,0.1459507719783225
120,random3,control_to_uncertain,0.09990149995854264,0.13269881988912477
120,random4,control_to_uncertain,0.01655028305552464,0.02791816579971934
120,random5,control_to_uncertain,-0.07515954435029212,0.02815473218852231
120,random6,control_to_uncertain,-0.05339450105357873,-0.08358692954042259
120,random7,control_to_uncertain,-0.02429312973849935,0.14638399111932
120,random8,control_to_uncertain,0.056070163894787264,0.24026371043829756
120,random9,control_to_uncertain,-0.013566535082021292,0.002813807258367703
120,random10,control_to_uncertain,-0.05032636036693538,-0.02854664939250751
120,random11,control_to_uncertain,0.1546803149340961,-0.04075938921446076
120,random12,control_to_uncertain,0.03945599511202135,0.034805801762919385
120,random13,control_to_uncertain,-0.12146417071153108,0.023704951734348164
120,random14,control_to_uncertain,-0.03422811778976223,-0.0050212049003672335
120,random15,control_to_uncertain,-0.009822439800726782,-0.019487433937725285
120,random16,control_to_uncertain,0.02474147526443666,-0.02972864835628009
120,random17,control_to_uncertain,0.012620627263989718,0.11963664846512284
120,random18,control_to_uncertain,0.03680416471388431,0.06513544536399293
120,random19,control_to_uncertain,0.022628036382570643,0.3823325168275892
120,random20,control_to_uncertain,0.0672180570255308,-0.15034751935707252
120,random21,control_to_uncertain,0.05915057182344571,0.15684747243251887
120,random22,control_to_uncertain,-0.04810355089360946,-0.05440582686339068
120,random23,control_to_uncertain,0.000921816728291083,-0.019119811990806118
120,random24,control_to_uncertain,0.020829481345441544,0.03344429555693892
120,random25,control_to_uncertain,-0.009361679234677808,0.04244117632359172
120,random26,control_to_uncertain,-0.047142863265921146,-0.07142166959227839
120,random27,control_to_uncertain,-0.035772977394133335,0.044333290943894335
120,random28,control_to_uncertain,0.018890961510863086,0.00626984228352093
120,random29,control_to_uncertain,0.07267830990511806,0.1444316936765138
121,circuit,control_to_uncertain,0.8949351496946646,-0.0897160699981052
121,circuit,uncertain_to_control,0.9372075286467701,0.5851319564805479
121,random0,control_to_uncertain,0.004200457367568041,0.07112729529655634
121,random1,control_to_uncertain,-0.028564909760582867,0.017649047804728844
121,random2,control_to_uncertain,-0.010856304729249741,0.04055482492265937
121,random3,control_to_uncertain,0.09676053147495575,0.013917724897425657
121,random4,control_to_uncertain,-0.1093454771405897,0.057237683015566455
121,random5,control_to_uncertain,-0.08271773951934433,0.025261561581601942
121,random6,control_to_uncertain,0.029749123012453957,0.027105643632496502
121,random7,control_to_uncertain,0.026677500062957944,0.07428336543984407
121,random8,control_to_uncertain,0.07617874934784931,-0.05902659570650726
121,random9,control_to_uncertain,0.04270885716506389,0.05262985360239505
121,random10,control_to_uncertain,0.05187662078960071,0.05920992164185599
121,random11,control_to_uncertain,-0.030319096222263704,0.0482663267855739
121,random12,control_to_uncertain,0.04855709150123322,0.03334473071157338
121,random13,control_to_uncertain,0.0020842853772159156,-0.025069986639083087
121,random14,control_to_uncertain,-0.16449874938649975,0.05566535625688431
121,random15,control_to_uncertain,0.08780132924902859,-0.010228372938604041
121,random16,control_to_uncertain,0.03810873008966358,0.0723135685196769
121,random17,control_to_uncertain,0.12141930093069656,-0.2023513135017852
121,random18,control_to_uncertain,0.04766758785562104,0.007786336855961858
121,random19,control_to_uncertain,-0.0472142906620597,0.09463630581082337
121,random20,control_to_uncertain,-0.0035937662396014463,-0.061861218538389766
121,random21,control_to_uncertain,0.03849173179517465,-0.07656807645773774
121,random22,control_to_uncertain,-0.032022010459413025,-0.17016223569871688
121,random23,control_to_uncertain,-0.06890552159584286,-0.00976510869593013
121,random24,control_to_uncertain,0.008991964513098362,0.0343784302980754
121,random25,control_to_uncertain,-0.0679178216756862,-0.01585379987628139
121,random26,control_to_uncertain,0.06400265286958683,-0.06691093076765013
121,random27,control_to_uncertain,-0.016452103378090745,-0.1237409148528406
121,random28,control_to_uncertain,-0.007321178454336287,0.05059558244218621
121,random29,control_to_uncertain,-0.020091223493573427,0.14481468646637363
122,circuit,control_to_uncertain,0.5833371895152709,-0.26739204760792
122,circuit,uncertain_to_control,1.0472467282662448,0.6027051097621263
122,random0,control_to_uncertain,-0.03378898129044247,0.07430462487128836
122,random1,control_to_uncertain,0.09818855970620673,-0.3441518087075034
122,random2,control_to_uncertain,0.006498683322373905,0.23362188808254553
122,random3,control_to_uncertain,-0.05019584999855217,-0.3150280525267541
122,random4,control_to_uncertain,-0.02115607303674187,0.19165480618413408
122,random5,control_to_uncertain,-0.02716395764028654,-0.06350497724724459
122,random6,control_to_uncertain,0.02436332936844736,-0.1271980946758684
122,random7,control_to_uncertain,-0.003026657696709557,-0.1473457157597878
122,random8,control_to_uncertain,0.04495826467876974,-0.1523194658251752
122,random9,control_to_uncertain,-0.000259484028800197,0.0950308522403633
122,random10,control_to_uncertain,0.018310913594629722,0.07695005063566225
122,random11,control_to_uncertain,0.011566409216153007,-0.3019000806016968
122,random12,control_to_uncertain,-0.05863411318170433,0.08245361663452232
122,random13,control_to_uncertain,-0.0219692729302494,0.058059730405902676
122,random14,control_to_uncertain,0.022967682009210417,-0.16652927961574124
122,random15,control_to_uncertain,-0.004010223052246252,-0.009543278156920463
122,random16,control_to_uncertain,-0.01722681574862829,-0.040493985832403115
122,random17,control_to_uncertain,0.04730629995172979,0.02962154672919665
122,random18,control_to_uncertain,0.06639732430640032,0.001862487492434831
122,random19,control_to_uncertain,-0.010171717702742632,-0.1610485684218545
122,random20,control_to_uncertain,-3.1093102475949935e-05,-0.05283443419549533
122,random21,control_to_uncertain,-0.03356525714080087,-0.0381574939835308
122,random22,control_to_uncertain,0.06267953385085825,0.1014352127938619
122,random23,control_to_uncertain,0.048858565460960866,0.10355110920538975
122,random24,control_to_uncertain,-0.027438678976086706,-0.05899434147448294
122,random25,control_to_uncertain,-0.03231158099992156,-0.030377546422232976
122,random26,control_to_uncertain,0.1239030896029557,-0.3059093435681783
122,random27,control_to_uncertain,-0.0064966591782705885,0.22240748664661897
122,random28,control_to_uncertain,-0.00618179231775464,0.0487187065262227
122,random29,control_to_uncertain,0.000987051381492407,-0.25363546107836116
123,circuit,control_to_uncertain,1.034258298073742,-0.2607831564054769
123,circuit,uncertain_to_control,0.8641172755376791,0.28698123353471133
123,random0,control_to_uncertain,0.20502799397856405,-0.14340061123290146
123,random1,control_to_uncertain,0.13559374619109352,-0.0060850255794866704
123,random2,control_to_uncertain,0.04584421196594184,0.02168860345994878
123,random3,control_to_uncertain,0.04436360988566553,-0.08475455696727621
123,random4,control_to_uncertain,0.10806166431602725,-0.02153302178038132
123,random5,control_to_uncertain,-0.03988381351277339,0.04551540119715504
123,random6,control_to_uncertain,0.1806054677297572,0.12530734327325269
123,random7,control_to_uncertain,-0.1006990500884062,0.29003538620996416
123,random8,control_to_uncertain,0.21588854961590392,-0.11771334784470994
123,random9,control_to_uncertain,-0.050185724258123954,0.13421544824528486
123,random10,control_to_uncertain,0.054696419271760825,0.20158739297891687
123,random11,control_to_uncertain,0.13208295145336,-0.17716854180591818
123,random12,control_to_uncertain,0.007045649892440439,0.12909840129286076
123,random13,control_to_uncertain,-0.01617315902194405,0.06921765694948587
123,random14,control_to_uncertain,-0.013025549946734669,0.01703418208057349
123,random15,control_to_uncertain,-0.09256599598254353,0.05215176456353256
123,random16,control_to_uncertain,0.05339405422774768,0.07205539397563594
123,random17,control_to_uncertain,0.13749185982274437,0.37666976073664477
123,random18,control_to_uncertain,-0.02829137798123604,0.08361049513390514
123,random19,control_to_uncertain,0.03498295984284749,0.25929756212896665
123,random20,control_to_uncertain,0.13700058409828048,0.011664698104959579
123,random21,control_to_uncertain,0.07970051112556846,0.06928816687323072
123,random22,control_to_uncertain,-0.04805625072220824,-0.024150319493301892
123,random23,control_to_uncertain,-0.04743067988090094,0.13221530396818545
123,random24,control_to_uncertain,0.033976221343172776,0.028015527894674267
123,random25,control_to_uncertain,-0.15436656995012213,0.2606396457182897
123,random26,control_to_uncertain,-0.0275707051759972,0.08280652872077084
123,random27,control_to_uncertain,0.22030578890466535,-0.06254929587314804
123,random28,control_to_uncertain,-0.20607316582850937,0.41316142451888715
123,random29,control_to_uncertain,0.09188369321068852,-0.14177275168905276
124,circuit,control_to_uncertain,0.970555341650693,0.7422858018009036
124,circuit,uncertain_to_control,1.0989343844525943,0.6633955800598086
124,random0,control_to_uncertain,0.5099331445353618,0.23187474512362113
124,random1,control_to_uncertain,0.35988636631192317,-0.39859252251851995
124,random2,control_to_uncertain,0.031540849057649055,-0.19679255798900416
124,random3,control_to_uncertain,0.04034050460926507,-0.12358032276695784
124,random4,control_to_uncertain,0.04133129577410169,0.04667041599075889
124,random5,control_to_uncertain,0.19455646557455153,-0.33488110344269584
124,random6,control_to_uncertain,0.2490999693223494,-0.36299850568846154
124,random7,control_to_uncertain,-0.07061261121513966,0.3029997482390277
124,random8,control_to_uncertain,0.11723181985640367,-0.34053145765990883
124,random9,control_to_uncertain,0.4042687639192049,0.20021390652479917
124,random10,control_to_uncertain,0.3237558152499086,-0.3693868049076413
124,random11,control_to_uncertain,0.16762418908512736,-0.3873496071336851
124,random12,control_to_uncertain,0.09881350031300899,0.13557906287847674
124,random13,control_to_uncertain,0.04222825349295868,-0.12926752005328518
124,random14,control_to_uncertain,-0.08602994845046702,0.032278863022887135
124,random15,control_to_uncertain,0.014219792209123243,-0.38460732693058586
124,random16,control_to_uncertain,0.2386853224408053,-0.04465560579938804
124,random17,control_to_uncertain,-0.0434428079953021,-0.1374484874294699
124,random18,control_to_uncertain,0.09229398018625419,0.14037841444046034
124,random19,control_to_uncertain,0.33215810693273357,-0.11589204113853753
124,random20,control_to_uncertain,0.1493795566352365,-0.3445325427244149
124,random21,control_to_uncertain,0.05895233399443786,-0.13048984305213765
124,random22,control_to_uncertain,-0.0325297791347656,0.18492710309810478
124,random23,control_to_uncertain,0.1744304898452129,-0.25843209623698615
124,random24,control_to_uncertain,0.0053532673429138086,0.3678141115456426
124,random25,control_to_uncertain,0.4709588947181811,0.10121296774894989
124,random26,control_to_uncertain,0.0373814616965641,-0.10390648506645658
124,random27,control_to_uncertain,0.022985385527350893,0.10610478819027928
124,random28,control_to_uncertain,0.20264708998592845,0.2999513454763755
124,random29,control_to_uncertain,0.14785575860359212,-0.12320466794461547
125,circuit,control_to_uncertain,0.8415833346244561,-0.2463408659561434
125,circuit,uncertain_to_control,1.067664168244816,-0.08065286050770806
125,random0,control_to_uncertain,-0.012729228913681095,0.0567412119840251
125,random1,control_to_uncertain,0.12160551412706794,-0.4180540363851642
125,random2,control_to_uncertain,0.05266551796468203,0.19376334605479145
125,random3,control_to_uncertain,0.06711847024597677,-0.22732061081994046
125,random4,control_to_uncertain,0.026003634411242062,-0.08346893742847147
125,random5,control_to_uncertain,0.04219148323784984,0.0295866897985092
125,random6,control_to_uncertain,-0.0601386606250067,0.1160281666062516
125,random7,control_to_uncertain,0.15517294291370254,-0.10600665462586725
125,random8,control_to_uncertain,0.05463333802110211,-0.05101893022615281
125,random9,control_to_uncertain,0.04444071839659239,-0.05695263169558411
125,random10,control_to_uncertain,0.012571389156714097,-0.025921619777725367
125,random11,control_to_uncertain,-0.004431878178396616,-0.19338502645862782
125,random12,control_to_uncertain,0.03538239977212677,0.21396011181797603
125,random13,control_to_uncertain,0.024307843987876953,-0.04738868460334219
125,random14,control_to_uncertain,0.13384334668552897,-0.08961188208458847
125,random15,control_to_uncertain,0.04294351258487146,0.06866540243549175
125,random16,control_to_uncertain,-0.01681265292355878,0.09077780688604982
125,random17,control_to_uncertain,-0.03402828512280961,0.007846965766033866
125,random18,control_to_uncertain,-0.050192372324843304,0.22219786273172076
125,random19,control_to_uncertain,0.03850299381572063,-0.05294426434250745
125,random20,control_to_uncertain,0.022135554779557674,0.11146963312496735
125,random21,control_to_uncertain,0.08436546183063727,-0.024483332568251862
125,random22,control_to_uncertain,-0.12313214264006397,0.3451944705187727
125,random23,control_to_uncertain,0.017181740226895954,0.052155669807721836
125,random24,control_to_uncertain,0.06645694363832036,-0.15953808601942884
125,random25,control_to_uncertain,0.10131003273890042,0.03862085094999375
125,random26,control_to_uncertain,-0.05258499659739495,0.09549621601257477
125,random27,control_to_uncertain,0.15089815961375963,-0.018297253146463504
125,random28,control_to_uncertain,0.060992142425538964,0.04764907612455104
125,random29,control_to_uncertain,0.1055381121560598,-0.07770193797774722
126,circuit,control_to_uncertain,0.8012988607815833,0.34456128774561845
126,circuit,uncertain_to_control,1.2417995803682602,0.008038141437877093
126,random0,control_to_uncertain,0.04235023625190991,0.02686149735040317
126,random1,control_to_uncertain,-0.1431827233099108,-0.08608290702477453
126,random2,control_to_uncertain,-0.06153417252129725,-0.026981959251842626
126,random3,control_to_uncertain,0.17853385555534307,-0.07749474113668288
126,random4,control_to_uncertain,-0.24755007705597598,-0.0970853331769744
126,random5,control_to_uncertain,-0.14726869897569422,-0.12394668703493988
126,random6,control_to_uncertain,0.4591800556519454,-0.06684731527532423
126,random7,control_to_uncertain,0.2445047518573692,-0.08122382260733041
126,random8,control_to_uncertain,0.13331753278818564,0.0435384036972118
126,random9,control_to_uncertain,0.3818406959898043,-0.08943316845992455
126,random10,control_to_uncertain,-0.16191882939682317,-0.12538132442694905
126,random11,control_to_uncertain,0.1571336229714962,-0.04471633311819632
126,random12,control_to_uncertain,-0.021230855359646417,0.06938469205096916
126,random13,control_to_uncertain,0.4082742706334875,-0.15627510276883547
126,random14,control_to_uncertain,-0.1742471858693819,-0.08443991861324172
126,random15,control_to_uncertain,-0.1647136202276118,-0.044930710820102866
126,random16,control_to_uncertain,-0.3360416809230272,-0.02936515340319131
126,random17,control_to_uncertain,0.051226282441118924,0.08270452107183757
126,random18,control_to_uncertain,-0.1196580125921505,-0.011664356767256719
126,random19,control_to_uncertain,-0.1265844882845532,-0.12189890645668797
126,random20,control_to_uncertain,0.14416860269986762,0.008624684713483358
126,random21,control_to_uncertain,0.7834292971025101,0.14767316160672572
126,random22,control_to_uncertain,0.05304672112812961,-0.12854461521579102
126,random23,control_to_uncertain,0.14719760318567776,-0.05841871297794215
126,random24,control_to_uncertain,-0.10474848581625663,0.06743649522447302
126,random25,control_to_uncertain,-0.1126429170302802,-0.10695201668487017
126,random26,control_to_uncertain,-0.16767985385850578,-0.16142992510035548
126,random27,control_to_uncertain,0.06396575515023034,-0.08788818538333296
126,random28,control_to_uncertain,-0.08919010168030601,-0.03551129324048201
126,random29,control_to_uncertain,-0.37244659003735425,0.0393167126879798
127,circuit,control_to_uncertain,0.9222726350238737,0.4471320489426035
127,circuit,uncertain_to_control,1.3077151204204225,0.018929997619866183
127,random0,control_to_uncertain,0.04470395622584356,-0.14106502172974023
127,random1,control_to_uncertain,0.08986970910803628,0.16772274085631925
127,random2,control_to_uncertain,-0.0764456188431091,0.052543878207671084
127,random3,control_to_uncertain,0.05244282618859255,0.11755326651328027
127,random4,control_to_uncertain,-0.18894414534719903,0.19964220858787543
127,random5,control_to_uncertain,0.0015567842355815713,0.17571106497765318
127,random6,control_to_uncertain,0.018198954846529867,0.014921675966819172
127,random7,control_to_uncertain,0.03064302927495668,-0.24016123202778586
127,random8,control_to_uncertain,-0.016815300955137842,0.09939306587681485
127,random9,control_to_uncertain,0.01037918366503701,-0.2536706952635337
127,random10,control_to_uncertain,0.0705908705578764,-0.03824280009520535
127,random11,control_to_uncertain,-0.02706809816685824,-0.09398288948245312
127,random12,control_to_uncertain,0.0580099498082589,0.2362138462080942
127,random13,control_to_uncertain,-0.14906279583848298,0.08160883823023828
127,random14,control_to_uncertain,0.010488643361213005,0.15507232962208764
127,random15,control_to_uncertain,-0.02805080492372456,-0.020173837921702412
127,random16,control_to_uncertain,0.025919856405544964,0.07220841156921341
127,random17,control_to_uncertain,0.0592936924305799,0.1374458960322288
127,random18,control_to_uncertain,0.012070904536388274,0.10826589620853498
127,random19,control_to_uncertain,0.09665703490783424,0.045579782967057184
127,random20,control_to_uncertain,0.040497700478341475,0.09629338234645933
127,random21,control_to_uncertain,-0.04233195332520502,0.0675966819171537
127,random22,control_to_uncertain,-0.22405154171508154,0.4020327003940444
127,random23,control_to_uncertain,0.025340787703570296,-0.19405076737277302
127,random24,control_to_uncertain,-0.0163433916464457,0.08778881160800077
127,random25,control_to_uncertain,0.026620797758932075,-0.1133384462133834
127,random26,control_to_uncertain,-0.08954475877287782,-0.11946486658027662
127,random27,control_to_uncertain,-0.04826534592822951,0.06207939950105343
127,random28,control_to_uncertain,-0.044907250919296524,-0.0022553971738114758
127,random29,control_to_uncertain,0.013836972933334097,-0.06554822415571364
128,circuit,control_to_uncertain,0.9188313920933628,-0.22061334419136117
128,circuit,uncertain_to_control,1.0040418395336221,-0.2351123520174495
128,random0,control_to_uncertain,0.0010697285538553562,0.09095187522709748
128,random1,control_to_uncertain,0.14092763655534415,-0.2829822674219376
128,random2,control_to_uncertain,0.01740174007577221,-0.06211757133775121
128,random3,control_to_uncertain,-0.057550151882789925,-0.23670880462543573
128,random4,control_to_uncertain,-0.03298607131669226,-0.09016994998728342
128,random5,control_to_uncertain,-0.01368598738003006,0.06243368928664265
128,random6,control_to_uncertain,-0.014660645930272538,-0.079536923575528
128,random7,control_to_uncertain,0.003984098968856114,0.15711018239839133
128,random8,control_to_uncertain,0.04082798223467992,0.09911511513546797
128,random9,control_to_uncertain,-0.0947174478015471,0.02168637488696614
128,random10,control_to_uncertain,0.08387979484089692,-0.021301284155768763
128,random11,control_to_uncertain,-0.06740626981762059,0.15222924063858806
128,random12,control_to_uncertain,0.09756960248513645,-0.2861746467971301
128,random13,control_to_uncertain,-0.06067229009558301,0.015910101559135442
128,random14,control_to_uncertain,-0.012144510771507815,-0.010885254705880601
128,random15,control_to_uncertain,-0.003387919451366399,0.03636057533291418
128,random16,control_to_uncertain,-0.05569497700746698,0.06605357721595001
128,random17,control_to_uncertain,0.074525441322379,-0.2929960286751494
128,random18,control_to_uncertain,0.005423738248594416,-0.023539087235057314
128,random19,control_to_uncertain,-0.0762317350439385,0.11713278654071962
128,random20,control_to_uncertain,0.007497377661496212,0.027761062857429315
128,random21,control_to_uncertain,-0.046749719210580604,0.06039570570374236
128,random22,control_to_uncertain,0.03770704467635267,0.12424469544967187
128,random23,control_to_uncertain,0.056778185636461476,-0.22934405394144833
128,random24,control_to_uncertain,-0.060430467371123384,0.18193652786281306
128,random25,control_to_uncertain,-0.1386486306535817,0.16161435923934678
128,random26,control_to_uncertain,-0.01440676208595158,0.009234289937037577
128,random27,control_to_uncertain,0.15725670101629943,-0.2448041234330602
128,random28,control_to_uncertain,0.10868651675949909,-0.1532142280596002
128,random29,control_to_uncertain,-0.017186004298342987,0.0441165515571986
129,circuit,control_to_uncertain,0.7592859236855916,-0.07503705505326559
129,circuit,uncertain_to_control,0.8655750632705186,1.363071622069889
129,random0,control_to_uncertain,0.2845191596434901,-0.1820003533848193
129,random1,control_to_uncertain,0.032226418474417255,-0.0621046354750142
129,random2,control_to_uncertain,0.11710057711637363,0.3041744573574689
129,random3,control_to_uncertain,-0.09392335617639527,0.48397683651008383
129,random4,control_to_uncertain,0.002010695822316599,0.0861567752994387
129,random5,control_to_uncertain,0.047437591161305005,-0.18129053206387416
129,random6,control_to_uncertain,-0.06348452363824635,0.2062502422272887
129,random7,control_to_uncertain,0.3278804839712772,0.21176890463828257
129,random8,control_to_uncertain,-0.019589458123504773,0.09745623963763103
129,random9,control_to_uncertain,-0.009233960408822618,0.023647791909440715
129,random10,control_to_uncertain,-0.017265752255173402,0.014915707955217171
129,random11,control_to_uncertain,-0.07003796641244717,0.5535115556530738
129,random12,control_to_uncertain,0.02277160388611487,0.16178036370560908
129,random13,control_to_uncertain,-0.07310564531991742,0.14136903354134617
129,random14,control_to_uncertain,-0.03998317817079751,0.2397720576365147
129,random15,control_to_uncertain,-0.015427474440383808,-0.1112361114120409
129,random16,control_to_uncertain,0.052666072910014045,-0.03193890776015364
129,random17,control_to_uncertain,0.01207651980075631,-0.07264880842484057
129,random18,control_to_uncertain,-0.041271555737032846,-0.11857815404343337
129,random19,control_to_uncertain,-0.08722948541509348,0.2189208274575732
129,random20,control_to_uncertain,0.020362263193873797,0.5143209350598938
129,random21,control_to_uncertain,-0.002753110373280885,0.45625504862703287
129,random22,control_to_uncertain,0.21772104406895998,0.08730680180330015
129,random23,control_to_uncertain,0.031147739593359265,-0.05955602293766542
129,random24,control_to_uncertain,0.08679618468970747,-0.038527642596725364
129,random25,control_to_uncertain,0.25924884807217474,0.023586300509539408
129,random26,control_to_uncertain,0.06742585820612106,-0.1686376465913776
129,random27,control_to_uncertain,-0.004389030802452437,0.12137212184391194
129,random28,control_to_uncertain,-0.021537896444530698,-0.04339782250255655
129,random29,control_to_uncertain,-0.01928629116069801,0.17159518456727602
130,circuit,control_to_uncertain,1.2681521309624986,-0.2776050419721433
130,circuit,uncertain_to_control,1.0156734910540146,0.7379738295004207
130,random0,control_to_uncertain,0.17157768549653982,0.18632901258442985
130,random1,control_to_uncertain,0.14809496110179798,-0.3869061855515116
130,random2,control_to_uncertain,0.08496611938663876,0.30548573991894856
130,random3,control_to_uncertain,-0.006891389815246256,0.06061288030539994
130,random4,control_to_uncertain,-0.003266386793199384,-0.025735736843871586
130,random5,control_to_uncertain,0.019013397807189577,-0.002599920640235583
130,random6,control_to_uncertain,-0.018994175607411606,0.6519583836545004
130,random7,control_to_uncertain,0.11931166557652793,0.1931101267827664
130,random8,control_to_uncertain,0.17870819683479727,-0.28668904715285076
130,random9,control_to_uncertain,0.08603202669494554,-0.1474539653383397
130,random10,control_to_uncertain,0.055744313300454346,-0.04626981013943234
130,random11,control_to_uncertain,0.008510348215103153,-0.004610185778687697
130,random12,control_to_uncertain,0.33057424307138783,-0.3843829520161951
130,random13,control_to_uncertain,-0.009097517059867442,0.276908935657393
130,random14,control_to_uncertain,-0.018925345599959204,-0.06417070640668371
130,random15,control_to_uncertain,0.20392613760743458,-0.20908169697477724
130,random16,control_to_uncertain,-0.0736865523736246,0.36093886883634985
130,random17,control_to_uncertain,-0.016735468049995688,-0.026009988153740487
130,random18,control_to_uncertain,-0.0035497656146684805,0.25539007845014905
130,random19,control_to_uncertain,0.07243380660458931,-0.0757654929591367
130,random20,control_to_uncertain,-0.0030031549508790227,0.13882112330360152
130,random21,control_to_uncertain,0.02817981093017876,-0.07863252769353585
130,random22,control_to_uncertain,0.009873340896267102,-0.18031659170312342
130,random23,control_to_uncertain,0.12436099396872105,0.10758289686222182
130,random24,control_to_uncertain,0.2855359684349021,0.3037752378401206
130,random25,control_to_uncertain,0.2127388886767768,-0.1622305833944932
130,random26,control_to_uncertain,0.055877019140158635,0.4118484766068644
130,random27,control_to_uncertain,0.04812089455758092,-0.15903584416026179
130,random28,control_to_uncertain,0.06591457443040527,0.23214249648568056
130,random29,control_to_uncertain,0.047417467734778035,-0.11902187951438384
131,circuit,control_to_uncertain,0.6644719746516665,-0.7336814184008021
131,circuit,uncertain_to_control,0.5048315816269215,-0.1262597055505212
131,random0,control_to_uncertain,0.07691779606876911,-0.1934403543566403
131,random1,control_to_uncertain,0.04788499748279278,0.08352459095945235
131,random2,control_to_uncertain,0.17595420309304438,-0.435360444718721
131,random3,control_to_uncertain,0.7344662215755108,0.3266078359506888
131,random4,control_to_uncertain,0.181089844818241,0.11598943838782416
131,random5,control_to_uncertain,-0.02329934378620495,0.0899223123237086
131,random6,control_to_uncertain,0.04581804128371138,0.3235199373518587
131,random7,control_to_uncertain,-0.033940217936056505,-0.08495998905091688
131,random8,control_to_uncertain,0.1733002610255,0.6894957604757016
131,random9,control_to_uncertain,-0.04093884831812355,-0.10199127794753156
131,random10,control_to_uncertain,0.34037568230310655,-0.2532017506416792
131,random11,control_to_uncertain,-0.05732721953942862,-0.05638505808695063
131,random12,control_to_uncertain,-0.022774768014106953,-0.20582533010292522
131,random13,control_to_uncertain,-0.08633831643280532,0.01782749593442963
131,random14,control_to_uncertain,0.0748474829629893,-0.2928170070812354
131,random15,control_to_uncertain,-0.007370585100327067,-0.14433836524229884
131,random16,control_to_uncertain,-0.001161064194268635,0.21259754077114754
131,random17,control_to_uncertain,0.03502776114559216,-0.21815417572573684
131,random18,control_to_uncertain,-0.03264776157678919,0.046784952453520025
131,random19,control_to_uncertain,0.29659708003962476,-0.054306388998940885
131,random20,control_to_uncertain,0.0717754878105517,0.17230068659875375
131,random21,control_to_uncertain,-0.043445275612441624,-0.26025708461993197
131,random22,control_to_uncertain,0.28062335771613844,-0.18564593254111145
131,random23,control_to_uncertain,0.26528229410436405,-0.701049787852242
131,random24,control_to_uncertain,-0.14492456510564516,0.04053781807250269
131,random25,control_to_uncertain,-0.004784395811639521,-0.21022078858249
131,random26,control_to_uncertain,0.22295278808595043,-0.29615613125473017
131,random27,control_to_uncertain,0.046421102480025934,-0.26822941667263717
131,random28,control_to_uncertain,-0.045088079558121386,0.060166917881938446
131,random29,control_to_uncertain,-0.056061665714124694,0.21031561634615523
132,circuit,control_to_uncertain,0.9953751233313262,-0.9884007319813257
132,circuit,uncertain_to_control,1.2202500745307001,0.5298714549697892
132,random0,control_to_uncertain,0.0868103218675253,-0.4186213216010702
132,random1,control_to_uncertain,0.06581214623551393,-0.19014568795395798
132,random2,control_to_uncertain,-0.08431953534882802,0.6213960185738916
132,random3,control_to_uncertain,0.06882285327872277,0.17311349386593552
132,random4,control_to_uncertain,0.07571703916636355,0.2368628449542691
132,random5,control_to_uncertain,-0.011766494227107026,0.5361090763353235
132,random6,control_to_uncertain,0.2973859526484609,0.35681713646825286
132,random7,control_to_uncertain,0.04130628541810377,-0.6238679349322038
132,random8,control_to_uncertain,-0.07133401878506884,-0.04504769444710933
132,random9,control_to_uncertain,-0.04682213399017759,0.22610996396578947
132,random10,control_to_uncertain,-0.003862779432449039,-0.5612864006943242
132,random11,control_to_uncertain,0.09713676505231761,0.2813017504252109
132,random12,control_to_uncertain,-0.06425622975398845,0.19340660917092625
132,random13,control_to_uncertain,-0.03699465557844667,-1.0
132,random14,control_to_uncertain,0.019815297160245746,-0.3554090317744809
132,random15,control_to_uncertain,0.1608985800587889,0.5174585256906258
132,random16,control_to_uncertain,-0.011875182161233936,0.04351899753346322
132,random17,control_to_uncertain,-0.06235463950083528,0.12369130543543654
132,random18,control_to_uncertain,-0.029695709671970074,0.13376904931190706
132,random19,control_to_uncertain,-0.09336678050702409,0.02482047897974499
132,random20,control_to_uncertain,-0.020876478469919975,-0.25333914925551115
132,random21,control_to_uncertain,-0.08923676717993519,0.2848083390640789
132,random22,control_to_uncertain,-0.0549585409362594,9.055623945938822e-05
132,random23,control_to_uncertain,-0.14869842353791018,-0.0819323266946345
132,random24,control_to_uncertain,-0.027856281739632414,0.10861413986366354
132,random25,control_to_uncertain,0.003670909341189625,0.2239863753206453
132,random26,control_to_uncertain,-0.10659492237656422,0.5364103327359012
132,random27,control_to_uncertain,-0.19674951301909704,-1.0
132,random28,control_to_uncertain,-0.1985832373982877,0.3725815432038439
132,random29,control_to_uncertain,-0.19882611904353592,-1.0
133,circuit,control_to_uncertain,0.8242965224938086,-0.7054375954763429
133,circuit,uncertain_to_control,0.9515099113833989,0.927319261072096
133,random0,control_to_uncertain,0.02068804015950092,-0.426563001028947
133,random1,control_to_uncertain,0.0084240955376477,-0.6043586743301893
133,random2,control_to_uncertain,0.03553408006568356,0.027673971613143833
133,random3,control_to_uncertain,-0.03859682847134632,-0.19966676791717472
133,random4,control_to_uncertain,0.011869712948026174,-0.7470238957491283
133,random5,control_to_uncertain,0.029370259700115135,0.00814425054010074
133,random6,control_to_uncertain,0.11358971153074701,-0.3823370745683318
133,random7,control_to_uncertain,0.06934681757703096,-0.9784761555053507
133,random8,control_to_uncertain,0.0647172018999686,0.07316431201100498
133,random9,control_to_uncertain,-0.10626221537837484,-0.06923171054293553
133,random10,control_to_uncertain,-0.03441870580420614,0.31284158196682765
133,random11,control_to_uncertain,-0.08998533441882799,-0.010951797727255753
133,random12,control_to_uncertain,-0.05536804662685524,-0.3014932083506473
133,random13,control_to_uncertain,-0.11331065415171158,0.041571527164340406
133,random14,control_to_uncertain,-0.06849498393139392,-0.05445728893270119
133,random15,control_to_uncertain,0.08354799546633575,-0.07792929606712769
133,random16,control_to_uncertain,-0.010523623559252246,-0.28946953953287924
133,random17,control_to_uncertain,-0.0011222162987917694,-0.14082153748499812
133,random18,control_to_uncertain,0.15040284531008888,-0.40678673319052117
133,random19,control_to_uncertain,-0.008736467122178015,-0.06104461798834418
133,random20,control_to_uncertain,-0.0489779910393747,-0.12260104211148427
133,random21,control_to_uncertain,-0.002211892193927773,-0.025907928571364085
133,random22,control_to_uncertain,-0.04438340007713582,0.12134204498066815
133,random23,control_to_uncertain,0.05384699656961427,-0.1731334444216373
133,random24,control_to_uncertain,-0.041969789961672374,-0.48371638225286784
133,random25,control_to_uncertain,0.020283993420240783,-0.08244527117312679
133,random26,control_to_uncertain,0.010292786252717978,-0.3183900332074856
133,random27,control_to_uncertain,-0.04304187204657147,0.05336473549036584
133,random28,control_to_uncertain,-0.08072374093277332,-0.18302256321474658
133,random29,control_to_uncertain,0.018381866320437857,-0.8483779250036584
134,circuit,control_to_uncertain,0.812820324101607,0.6646608113305628
134,circuit,uncertain_to_control,1.2843974129806413,0.5627992150225544
134,random0,control_to_uncertain,-0.039036515407208414,0.041603271824876296
134,random1,control_to_uncertain,0.016729483009708328,-0.0605809086445841
134,random2,control_to_uncertain,-0.02661695884270503,0.08749661126249035
134,random3,control_to_uncertain,0.10306295296514127,0.12700144144858255
134,random4,control_to_uncertain,0.02668439771683539,-0.0339215988648691
134,random5,control_to_uncertain,-0.1409236981891776,-0.00602642776247313
134,random6,control_to_uncertain,0.09207136602799211,0.1104932438774589
134,random7,control_to_uncertain,-0.08153710159366753,0.202208811253036
134,random8,control_to_uncertain,0.01203847206300327,0.06470407082618379
134,random9,control_to_uncertain,0.07761927438472367,-0.0996546117723946
134,random10,control_to_uncertain,-0.22484842290099247,-0.04827796680588047
134,random11,control_to_uncertain,-0.023362168023912694,-0.011159068786213415
134,random12,control_to_uncertain,-0.17570578284547483,-0.017483099262057808
134,random13,control_to_uncertain,-0.017245234249224705,0.09182582281999013
134,random14,control_to_uncertain,-0.1460029679856945,-0.029464408354633483
134,random15,control_to_uncertain,-0.132350098744354,0.17518828984971144
134,random16,control_to_uncertain,-0.015741406438986052,0.10115937024895467
134,random17,control_to_uncertain,-0.16827822224037847,0.04639035880291184
134,random18,control_to_uncertain,0.07008631416251807,0.06668388456570296
134,random19,control_to_uncertain,-0.09562794369841537,-0.0004895167758850684
134,random20,control_to_uncertain,0.0072999416092451525,-0.06523642847494729
134,random21,control_to_uncertain,-0.022058926552060532,0.019881535744170835
134,random22,control_to_uncertain,0.027479020095434025,0.0667623899215868
134,random23,control_to_uncertain,0.007489597616968465,-0.007996346782621904
134,random24,control_to_uncertain,-0.09465877364559698,0.02768368506750115
134,random25,control_to_uncertain,-0.08477775472608085,0.08038437396559067
134,random26,control_to_uncertain,-0.1914676994802227,0.05271471547829592
134,random27,control_to_uncertain,0.08263249797472368,0.07813827266850985
134,random28,control_to_uncertain,-0.1955195603964494,-0.014045064846973408
134,random29,control_to_uncertain,-0.07805117015309046,-0.01348269684055902
135,circuit,control_to_uncertain,0.9347860253737821,-0.2534732903181001
135,circuit,uncertain_to_control,0.997935370566844,0.4834720186184064
135,random0,control_to_uncertain,-0.006276646815192307,-0.007487920140251697
135,random1,control_to_uncertain,-0.08180816681749221,0.11570401636069005
135,random2,control_to_uncertain,0.046912769142213796,0.007042936979026613
135,random3,control_to_uncertain,-0.04836807182805,-0.0015159740745037638
135,random4,control_to_uncertain,0.013731730502759568,-0.10769478581653677
135,random5,control_to_uncertain,-0.1865857324318891,-0.07824925902773919
135,random6,control_to_uncertain,0.1528769629252419,-0.02672324028421288
135,random7,control_to_uncertain,-0.17253343158661075,-0.08615713445534445
135,random8,control_to_uncertain,-0.17701280230903657,-0.13903170478791096
135,random9,control_to_uncertain,-0.058590386779268984,0.04100335230687772
135,random10,control_to_uncertain,-0.057482712137133504,-0.08132527799812919
135,random11,control_to_uncertain,-0.1327099915423545,0.07093536810984259
135,random12,control_to_uncertain,-0.06484282963520088,0.04159383913234968
135,random13,control_to_uncertain,0.09684728104982189,-0.009552020197805119
135,random14,control_to_uncertain,-0.018955135160615994,0.03385688387444468
135,random15,control_to_uncertain,-0.05365943782129699,0.028850454110659715
135,random16,control_to_uncertain,-0.06963822585190009,0.0501564033227495
135,random17,control_to_uncertain,-0.06360789924219412,-0.08217296120447343
135,random18,control_to_uncertain,0.03390832005286398,-0.00023737617019762588
135,random19,control_to_uncertain,-0.1448778186250418,-0.08928359780505934
135,random20,control_to_uncertain,-0.008486024380257095,0.07560337749214738
135,random21,control_to_uncertain,0.015106864179429764,-0.10076626197520855
135,random22,control_to_uncertain,-0.03811859348150384,-0.13880132398618675
135,random23,control_to_uncertain,-0.06450075053412536,0.030108376814811114
135,random24,control_to_uncertain,-0.030844088241082427,-0.001148639503333502
135,random25,control_to_uncertain,0.01634237589023536,2.1607915951191875e-05
135,random26,control_to_uncertain,-0.21733437885981807,0.12602987976428678
135,random27,control_to_uncertain,-0.018694546245522005,-0.036971843729336644
135,random28,control_to_uncertain,-0.028027550658675345,-0.30451678408959404
135,random29,control_to_uncertain,0.13203090665917508,-0.1257335093199634
136,circuit,control_to_uncertain,1.0298929747489427,0.8907077465324318
136,circuit,uncertain_to_control,1.0065353770720067,0.7629558231806464
136,random0,control_to_uncertain,-0.028988187656110644,-0.016746820974960698
136,random1,control_to_uncertain,-0.04979234971548382,0.03774366515321218
136,random2,control_to_uncertain,-0.06633159429865956,0.3233844217703722
136,random3,control_to_uncertain,-0.0980250378888878,0.07370401197389742
136,random4,control_to_uncertain,-0.06624221985454568,0.11187984558082772
136,random5,control_to_uncertain,0.000513838476744337,0.002409053070929748
136,random6,control_to_uncertain,-0.021057949317586727,-0.11013936268227419
136,random7,control_to_uncertain,-0.015678498943295725,0.008797620645674303
136,random8,control_to_uncertain,-0.06725220273456094,0.007566395312321886
136,random9,control_to_uncertain,-0.08608031133303469,0.028486663817511297
136,random10,control_to_uncertain,0.00481827702215976,-0.002910535711471299
136,random11,control_to_uncertain,0.07836847210577749,-0.14996135321500148
136,random12,control_to_uncertain,0.04836746018559017,-0.015073598509546943
136,random13,control_to_uncertain,-0.0535395541003077,-0.034119156643286665
136,random14,control_to_uncertain,-0.06060400979993363,-0.008972996540589449
136,random15,control_to_uncertain,-0.10374067565917365,0.2030741373631697
136,random16,control_to_uncertain,-0.06454785087719014,0.053498596447312356
136,random17,control_to_uncertain,-0.03834802963899376,-0.06821550195101557
136,random18,control_to_uncertain,-0.06397699098848587,-0.01782049406143828
136,random19,control_to_uncertain,-0.05101982763001899,0.11710312798513442
136,random20,control_to_uncertain,-0.045485650978201356,0.0207975567225909
136,random21,control_to_uncertain,-0.14439668407896955,0.07734634413186324
136,random22,control_to_uncertain,-0.14212370598365132,0.2461082720054825
136,random23,control_to_uncertain,-0.14081427996970827,0.1791451930597685
136,random24,control_to_uncertain,-0.027201344542937867,0.04667206589952793
136,random25,control_to_uncertain,-0.029986030076954367,-0.0047345623759421605
136,random26,control_to_uncertain,-0.04508101205709038,0.08975380361829408
136,random27,control_to_uncertain,-0.06247351135852965,-0.07523112453438814
136,random28,control_to_uncertain,-0.01934162419066565,-0.05016660114061629
136,random29,control_to_uncertain,0.015341149162912111,-0.021434440409562126
137,circuit,control_to_uncertain,0.7434165080956271,-0.15427494739427408
137,circuit,uncertain_to_control,1.2384826892029348,0.46109864465884287
137,random0,control_to_uncertain,-0.07912993224530968,-0.005836051861115043
137,random1,control_to_uncertain,0.02055853849359045,-0.038359714965185386
137,random2,control_to_uncertain,0.06256414303829463,-0.03532576291933897
137,random3,control_to_uncertain,0.007012734103396502,-0.0658258055598919
137,random4,control_to_uncertain,0.039286765573092686,-0.0064532992790512006
137,random5,control_to_uncertain,-0.10038629342676206,-0.02476430235674909
137,random6,control_to_uncertain,0.02622334807933144,0.016901199565439718
137,random7,control_to_uncertain,0.06718860220562324,-0.002552858667397514
137,random8,control_to_uncertain,-0.10022621204506599,0.10639367643742191
137,random9,control_to_uncertain,-0.030296807666550036,0.008250745525800898
137,random10,control_to_uncertain,-0.07672058692102078,-0.0017678732581555925
137,random11,control_to_uncertain,-0.025403388564832468,0.029093078135199794
137,random12,control_to_uncertain,0.011825487545123888,-0.012422666172748469
137,random13,control_to_uncertain,-0.025379371893512758,-0.016736773748856494
137,random14,control_to_uncertain,0.010079502324572723,-0.0529357678754022
137,random15,control_to_uncertain,0.05334290190850398,-0.08202754479910385
137,random16,control_to_uncertain,-0.017118351209980436,-0.03786182412921504
137,random17,control_to_uncertain,0.009836300046970895,-0.022600269343386867
137,random18,control_to_uncertain,-0.07580839981740187,0.051773904299517004
137,random19,control_to_uncertain,0.2642075797507498,-0.1546605791655412
137,random20,control_to_uncertain,0.039856782071385224,0.04993044248251488
137,random21,control_to_uncertain,-0.048909281532795744,-0.05036623004243761
137,random22,control_to_uncertain,-0.06504410987564632,0.09165650988534442
137,random23,control_to_uncertain,0.11269550708790896,-0.07558430033617465
137,random24,control_to_uncertain,-0.0763897104009061,0.020995047522498853
137,random25,control_to_uncertain,-0.04545668414764878,0.049512280423794235
137,random26,control_to_uncertain,-0.00744829295482107,-0.08083800090589457
137,random27,control_to_uncertain,-0.017265888568180517,-0.03530139477673743
137,random28,control_to_uncertain,0.07900480449492092,-0.07066347332606997
137,random29,control_to_uncertain,0.12513150020360603,0.11504620058626232
138,circuit,control_to_uncertain,0.6964778880932249,0.20735954102842571
138,circuit,uncertain_to_control,1.2343083514216853,0.010951059460609605
138,random0,control_to_uncertain,0.695478185808281,-0.22889429597083405
138,random1,control_to_uncertain,0.26136464659042563,-0.18432927258655016
138,random2,control_to_uncertain,0.1209991372558533,-0.08343958193403707
138,random3,control_to_uncertain,0.7239900450472513,-0.0042888705420049454
138,random4,control_to_uncertain,0.08420530270589054,0.051762991404274386
138,random5,control_to_uncertain,-0.1712593961036638,0.014395936039980966
138,random6,control_to_uncertain,-0.17217971794300546,0.34694210652228524
138,random7,control_to_uncertain,0.3001643344118531,0.18621980627385099
138,random8,control_to_uncertain,-0.10873647058570639,0.01515144611998974
138,random9,control_to_uncertain,-0.31086457281420876,0.10471232227188883
138,random10,control_to_uncertain,0.4048109463331378,0.07680936551141246
138,random11,control_to_uncertain,0.037032743589338085,-0.16712918878663818
138,random12,control_to_uncertain,-0.22031067694630643,-0.06104572602464456
138,random13,control_to_uncertain,-0.3721508830345256,-0.07895879648491182
138,random14,control_to_uncertain,0.44210885438970027,0.023455502638410335
138,random15,control_to_uncertain,-1.0,0.18915632016713943
138,random16,control_to_uncertain,0.17732209682909666,0.3092790657764565
138,random17,control_to_uncertain,-0.7490590653466891,0.011560774958949313
138,random18,control_to_uncertain,0.8047870554292003,-0.26365671195011203
138,random19,control_to_uncertain,-0.19876832870690175,-0.1398532926035707
138,random20,control_to_uncertain,-0.12849007184007097,-0.17850468313138307
138,random21,control_to_uncertain,0.5380557072621132,-0.0853323536960565
138,random22,control_to_uncertain,0.5597661823640602,-0.15932997797974272
138,random23,control_to_uncertain,0.5405642521755539,0.27712096945723413
138,random24,control_to_uncertain,0.3490878695470662,-0.1150405575108069
138,random25,control_to_uncertain,0.6771847548395586,-0.13211834651359514
138,random26,control_to_uncertain,-0.4565868035920496,0.021030228955843024
138,random27,control_to_uncertain,0.16040316053935097,-0.1056337696060341
138,random28,control_to_uncertain,0.009680422310112225,0.09965411354536374
138,random29,control_to_uncertain,0.43898845052901614,-0.0815292252992286
139,circuit,control_to_uncertain,0.6346090912691862,0.11945950515834516
139,circuit,uncertain_to_control,0.9907531449109622,0.08930149825040311
139,random0,control_to_uncertain,0.07163724412349563,-0.08188151596234548
139,random1,control_to_uncertain,-0.0055068093482783294,0.08589084298874937
139,random2,control_to_uncertain,-0.07377576827764604,-0.005747224725936947
139,random3,control_to_uncertain,-0.055086623709407964,-0.04275505610209469
139,random4,control_to_uncertain,-0.06729192298021805,0.05101816728768243
139,random5,control_to_uncertain,0.1374370588552298,0.14852423535482775
139,random6,control_to_uncertain,-0.09365234336815939,0.018851410473159858
139,random7,control_to_uncertain,0.25806067408204403,0.17353786650370331
139,random8,control_to_uncertain,-0.02447722235642942,0.004529782194930227
139,random9,control_to_uncertain,-0.016743232769736775,0.06050005286582249
139,random10,control_to_uncertain,-0.13643316257757832,-0.07128570981878904
139,random11,control_to_uncertain,0.08014792220908862,0.2109175899468911
139,random12,control_to_uncertain,0.06646880691350855,0.14546077218244918
139,random13,control_to_uncertain,0.155141041374936,0.11436791954781363
139,random14,control_to_uncertain,-0.04409799531848275,-0.15848510677609684
139,random15,control_to_uncertain,0.004092800054944672,0.18221082781037087
139,random16,control_to_uncertain,-0.11536694693776105,0.0290131508311709
139,random17,control_to_uncertain,0.04615158643390209,0.0548230535668357
139,random18,control_to_uncertain,-0.19317271650232282,0.16820690904992958
139,random19,control_to_uncertain,-0.09733601641948081,0.06811297346050957
139,random20,control_to_uncertain,0.025368254253749525,-0.020732604367167954
139,random21,control_to_uncertain,-0.030821818950845768,-0.07346136619269851
139,random22,control_to_uncertain,-0.034114640222049915,-0.04316187926511633
139,random23,control_to_uncertain,0.12146243948563491,0.37734882486072135
139,random24,control_to_uncertain,0.003445228135140093,0.023979803893679066
139,random25,control_to_uncertain,-0.0023822391347846183,-0.01953635054256861
139,random26,control_to_uncertain,-0.000658588054531907,-0.01725257122682035
139,random27,control_to_uncertain,-0.0018942651668629907,0.05352364101161301
139,random28,control_to_uncertain,0.009862704620877513,0.05179779060515157
139,random29,control_to_uncertain,-0.05091055663610766,0.6638176836524318
140,circuit,control_to_uncertain,0.8401034364295898,0.005716893119843053
140,circuit,uncertain_to_control,0.9684578996284717,0.4032243021750095
140,random0,control_to_uncertain,-0.05829171152176901,0.10694670215038954
140,random1,control_to_uncertain,-0.012171535080597087,-0.009305436743103409
140,random2,control_to_uncertain,0.04065777672542796,0.09217809423980058
140,random3,control_to_uncertain,0.06181645440296317,0.016112676054130772
140,random4,control_to_uncertain,-0.021535540324683185,0.0457658611432176
140,random5,control_to_uncertain,0.12211542779704539,-0.1027692227044241
140,random6,control_to_uncertain,-0.011789923181418312,-0.011242907093317081
140,random7,control_to_uncertain,-0.020971861099651695,0.12226647751399972
140,random8,control_to_uncertain,0.04620178758806918,0.061234751045226896
140,random9,control_to_uncertain,-0.0647951852766804,0.18836786321550222
140,random10,control_to_uncertain,0.010707093718396102,0.0007135244280937354
140,random11,control_to_uncertain,0.05064906317774201,0.05031867355761803
140,random12,control_to_uncertain,0.12443108709923056,-0.05134030012180495
140,random13,control_to_uncertain,0.04171404837109394,-0.07744694126844169
140,random14,control_to_uncertain,0.1266478479771264,-0.06643487570435413
140,random15,control_to_uncertain,0.029066866201108255,-0.008460271524410345
140,random16,control_to_uncertain,-0.01522066886641889,0.10085384920120388
140,random17,control_to_uncertain,0.0033885343329508348,-0.017614791504005238
140,random18,control_to_uncertain,-0.07907383050428622,0.05200845549170999
140,random19,control_to_uncertain,-0.03589940613072966,-0.09779735377328247
140,random20,control_to_uncertain,0.2317449390260629,0.07794733298794604
140,random21,control_to_uncertain,-0.04928595185687016,0.07537344210127538
140,random22,control_to_uncertain,0.009080379912806772,0.09094043573532655
140,random23,control_to_uncertain,-0.024318488032682755,0.05648079463709523
140,random24,control_to_uncertain,0.10799806716840551,-0.1071190888999839
140,random25,control_to_uncertain,-0.0015961666165272299,0.03164558412633034
140,random26,control_to_uncertain,0.10034113307426987,-0.07508728009694875
140,random27,control_to_uncertain,-0.05573946348041754,0.252499181799595
140,random28,control_to_uncertain,0.0669057148851513,-0.0395784305545954
140,random29,control_to_uncertain,0.32841313355876955,0.041613926279237504
