layer,head,group,mean_score,mean_abs,n
0,0,prefix,-1.0234988781121502e-05,1.0234988781121502e-05,80
0,1,prefix,-3.317363052701694e-06,5.964727233731537e-06,80
0,2,prefix,-2.093725217946485e-05,2.093725217946485e-05,80
0,3,prefix,5.2888321988575624e-08,6.440516040129296e-06,80
0,4,prefix,-5.508641470441944e-06,6.113332824497775e-06,80
0,5,prefix,-6.372472989824019e-06,6.372472989824019e-06,80
0,6,prefix,-9.248732112610014e-07,2.1442605725496832e-05,80
0,7,prefix,-6.380546437867452e-08,3.1618472348782232e-06,80
0,8,prefix,3.219443635771313e-06,3.219443635771313e-06,80
0,9,prefix,4.419656437448793e-06,9.25558710491714e-06,80
0,10,prefix,3.898929742263136e-06,2.569603051369995e-05,80
0,11,prefix,-6.6176685777463716e-06,1.0603506461848156e-05,80
0,12,prefix,4.1202758211511535e-06,1.0732419809755811e-05,80
0,13,prefix,-3.622011291781746e-07,2.148189295780867e-06,80
0,14,prefix,1.2205674593701587e-06,1.3948744097547205e-06,80
0,15,prefix,1.7005846217443832e-06,3.533628782292908e-06,80
0,16,prefix,-6.142394090602465e-06,7.698390027144341e-06,80
0,17,prefix,1.4738434828132085e-07,8.93326732409605e-07,80
0,18,prefix,-5.073876252481568e-07,5.073876252481568e-07,80
0,19,prefix,-6.096015465573146e-06,8.155764669481869e-06,80
0,20,prefix,5.934067405632959e-06,2.0923765475799883e-05,80
0,21,prefix,5.902114935452119e-07,1.1518522626374761e-06,80
0,22,prefix,5.493080720953003e-07,5.493080720953003e-07,80
0,23,prefix,-2.203933934197266e-06,1.2707730331840138e-05,80
0,24,prefix,-9.274750345866778e-06,2.4996502133944887e-05,80
0,25,prefix,-3.5393188568377807e-06,4.425984059253096e-06,80
0,26,prefix,1.060283125298156e-06,2.1087373397676857e-06,80
0,27,prefix,-1.4666665151708002e-06,8.356814703347482e-06,80
0,28,prefix,-8.327077296144126e-07,1.4303149498573475e-06,80
0,29,prefix,-7.87253958378642e-07,1.3595560687917896e-06,80
0,30,prefix,-3.987336333466373e-06,3.987336333466373e-06,80
0,31,prefix,-1.0002549970522523e-06,1.1086085578426719e-06,80
0,0,entity,0.029262925128568894,0.12632634978799615,80
0,1,entity,0.05308159961859928,0.14168336854927474,80
0,2,entity,-0.1394900280283764,0.5590498582227156,80
0,3,entity,0.01607927439181367,0.22103198101540328,80
0,4,entity,-0.007648808640806237,0.023395055077708095,80
0,5,entity,-0.0007980462440173141,0.01861912013264373,80
0,6,entity,0.05984303032200842,0.12180576736318471,80
0,7,entity,0.014025319123902591,0.04987536731205182,80
0,8,entity,0.006483885557099711,0.0345853796825395,80
0,9,entity,0.002766561995667871,0.034420142280578145,80
0,10,entity,0.00325200814040727,0.024167380235303425,80
0,11,entity,-0.010497704823501408,0.10390509797725826,80
0,12,entity,0.040883128386485626,0.05255517149780644,80
0,13,entity,0.003896598920982797,0.0071524278799188325,80
0,14,entity,0.0015889799760770984,0.004940441602229839,80
0,15,entity,0.004436440666904673,0.026067273449734786,80
0,16,entity,-0.0010107020475970784,0.004949584128507922,80
0,17,entity,0.004244327806009096,0.014745299201240413,80
0,18,entity,-0.0008430437113474909,0.0035158263835455726,80
0,19,entity,0.00166022086459634,0.00496817776320313,80
0,20,entity,-0.0006829215981269954,0.020066418384885765,80
0,21,entity,-0.00016147726173585398,0.02317427809148285,80
0,22,entity,-0.00627792410668917,0.013438966052490287,80
0,23,entity,0.003962611523093074,0.10903884428007586,80
0,24,entity,-0.0014509527245536447,0.3197743803058984,80
0,25,entity,0.012957229070161702,0.048105982511333426,80
0,26,entity,0.009160513606911991,0.08929382232599892,80
0,27,entity,-0.01594796622848662,0.0398949679092766,80
0,28,entity,0.0010237816429253144,0.006090324776323541,80
0,29,entity,2.0984687648706312e-05,0.0020273955669608767,80
0,30,entity,-0.0003406232937777531,0.006636208744566829,80
0,31,entity,2.1842383830517064e-07,2.209606009273557e-07,80
0,0,last,0.000202676542539848,0.0022398653141863178,80
0,1,last,-0.000631249084835872,0.0015406709600938485,80
0,2,last,-0.0005406924290582537,0.0011370252846973016,80
0,3,last,0.0003255019972129958,0.0016892719224415487,80
0,4,last,0.00011239784616918768,0.000920539872822701,80
0,5,last,-0.00037473654720088234,0.0010371482518166885,80
0,6,last,0.0004306892220938607,0.0010061089295504643,80
0,7,last,-0.0018939801608212291,0.005000751654733904,80
0,8,last,0.0002387131164141465,0.004699276717292378,80
0,9,last,-0.0002262892376165837,0.0022563246035133488,80
0,10,last,-0.0002934108866611496,0.0016331528968294151,80
0,11,last,0.0012986059620743618,0.013852743120514788,80
0,12,last,0.0005875233238839428,0.0012147514031312311,80
0,13,last,-0.00013204306378611363,0.0007920120689959731,80
0,14,last,-0.00022118643782960136,0.0006563043757523701,80
0,15,last,-1.2759062155964784e-05,0.0020181686257274125,80
0,16,last,-0.00013693605487787863,0.00032210090266744374,80
0,17,last,-0.0008702692823135294,0.004327318679133896,80
0,18,last,-5.330547292032861e-05,0.00018420330752633163,80
0,19,last,0.00018346200122323352,0.0006195954181748675,80
0,20,last,0.00013468095421558245,0.0014663012385426554,80
0,21,last,3.359696002007695e-05,0.0005879193029613816,80
0,22,last,2.45925170929695e-05,0.0004345645745161164,80
0,23,last,-0.0005939030685112812,0.004769477406807709,80
0,24,last,-0.000281481779893511,0.002019097900847555,80
0,25,last,-0.0010572885108558693,0.0037913917698460865,80
0,26,last,-0.00011828047790913842,0.0012128919835959096,80
0,27,last,-5.544303458009381e-05,0.0014466205666394671,80
0,28,last,-7.35924633772811e-05,0.0003344538403325714,80
0,29,last,8.729221781322849e-06,8.987527276076435e-05,80
0,30,last,0.00023834987568989164,0.0005265060101010022,80
0,31,last,-2.4554537958465517e-08,2.4554537958465517e-08,80
0,0,suffix,-0.0005877026324014878,0.025138850540315616,80
0,1,suffix,0.0009533041937174857,0.006233445689031214,80
0,2,suffix,0.0028684897364428252,0.028884501272091256,80
0,3,suffix,0.00027342992689227685,0.005226636770476034,80
0,4,suffix,0.00041751057742658306,0.00406405728936079,80
0,5,suffix,0.00104900665128298,0.005445513398171897,80
0,6,suffix,-0.0011114361103409464,0.004527567744617045,80
0,7,suffix,0.00507296473488168,0.013921066483544565,80
0,8,suffix,0.0008714204204807174,0.009751723216140817,80
0,9,suffix,0.0004299368487409083,0.00855662266658328,80
0,10,suffix,-8.455354000034277e-05,0.0039736125527269905,80
0,11,suffix,-0.0021623415286740055,0.023628758197082787,80
0,12,suffix,0.0026575707659958424,0.005753910616431312,80
0,13,suffix,-0.001765820536411411,0.00562169096224352,80
0,14,suffix,6.689019533041573e-05,0.004273365622020719,80
0,15,suffix,7.641189913556445e-05,0.0032014343303671923,80
0,16,suffix,-0.0007780592463404901,0.0043849285918895475,80
0,17,suffix,0.0013048369201897002,0.006928014298773632,80
0,18,suffix,0.000979299272080425,0.005502177701168875,80
0,19,suffix,0.00030389878352252706,0.005919888878497659,80
0,20,suffix,0.0009938960194631364,0.006342354102707759,80
0,21,suffix,0.0007823718535064472,0.003378346595604853,80
0,22,suffix,-0.001958640403108802,0.005905618648648669,80
0,23,suffix,0.0008938175417824823,0.006668099387115945,80
0,24,suffix,-0.00274311435623531,0.0063027955140569246,80
0,25,suffix,0.0005699715838090924,0.006286280056610849,80
0,26,suffix,0.00041728247560968157,0.006489015755323635,80
0,27,suffix,0.00041983438263741845,0.004019320736233567,80
0,28,suffix,-0.0007855575847315777,0.005275787113282604,80
0,29,suffix,0.001872909146834445,0.008824857199175539,80
0,30,suffix,0.0011777997597732792,0.007562883889397654,80
0,31,suffix,-9.890729897961137e-05,0.007431918096972368,80
1,0,prefix,-8.698732301581912e-07,5.603016558097807e-06,80
1,1,prefix,1.484118272969681e-05,1.8856481273132885e-05,80
1,2,prefix,1.3194543953432003e-06,4.982556993127218e-06,80
1,3,prefix,-1.3710510256714769e-05,1.3710510256714769e-05,80
1,4,prefix,-1.0129902443622996e-05,1.0129902443622996e-05,80
1,5,prefix,-1.4662966555079037e-05,1.4662966555079037e-05,80
1,6,prefix,-9.66350114879333e-06,1.553329186947394e-05,80
1,7,prefix,9.368284779043279e-06,9.368284779043279e-06,80
1,8,prefix,-4.139222306775992e-06,1.7359382053427907e-05,80
1,9,prefix,1.0092709902664865e-05,1.372877363223779e-05,80
1,10,prefix,-1.954755651922824e-06,4.354089350044888e-06,80
1,11,prefix,1.9222636035465256e-05,2.1488029994998213e-05,80
1,12,prefix,-7.483516617412533e-06,4.095294553962958e-05,80
1,13,prefix,1.5465473262565864e-05,3.056271444279446e-05,80
1,14,prefix,1.5186853624982178e-05,1.5186853624982178e-05,80
1,15,prefix,7.18363406804201e-07,3.2480533434409155e-06,80
1,16,prefix,-6.5980676112076255e-06,1.880544769790049e-05,80
1,17,prefix,3.5063270047430707e-07,7.050093192333407e-05,80
1,18,prefix,-2.667921432930598e-06,2.1540651880513904e-05,80
1,19,prefix,1.4107770374494066e-05,1.4107770374494066e-05,80
1,20,prefix,-2.1501044437854942e-05,6.127591984181891e-05,80
1,21,prefix,7.017869256742415e-06,1.80289370518949e-05,80
1,22,prefix,-8.462836149192299e-06,8.462836149192299e-06,80
1,23,prefix,1.4605786404331411e-05,2.440581871212544e-05,80
1,24,prefix,-1.5979964183543415e-05,3.3945442663707584e-05,80
1,25,prefix,-9.355554129797384e-06,2.0349755004644976e-05,80
1,26,prefix,3.506619702875469e-06,1.750081795535152e-05,80
1,27,prefix,1.0453533150212024e-06,4.3493520479387374e-06,80
1,28,prefix,1.3595729183180082e-05,1.3595729183180082e-05,80
1,29,prefix,-1.0299068253516453e-05,1.8734408786258428e-05,80
1,30,prefix,-1.6982424000389074e-05,4.252993282420903e-05,80
1,31,prefix,-8.051006130926907e-06,1.7109735114217984e-05,80
1,0,entity,0.010538179345894605,0.1121532523073256,80
1,1,entity,-0.03630712275407859,0.10926536163824493,80
1,2,entity,0.001503144877642626,0.015315809895400889,80
1,3,entity,0.004527551962019061,0.035301794900806274,80
1,4,entity,0.04856512282058247,0.22594664406569792,80
1,5,entity,-0.10070328647634597,0.20969453777579475,80
1,6,entity,0.0012288030809031625,0.03556271865772942,80
1,7,entity,0.007792634116594854,0.02329306727970106,80
1,8,entity,0.0011029076145860016,0.010027602779700828,80
1,9,entity,-0.0004770465522597078,0.011685859232966323,80
1,10,entity,-0.006317366736766417,0.04857195433141896,80
1,11,entity,-0.0022050670748285485,0.037475387419544856,80
1,12,entity,-0.009241269520134664,0.037444092871737666,80
1,13,entity,-0.079891755823337,0.2545559335514554,80
1,14,entity,0.00512595102081832,0.013932292340541608,80
1,15,entity,-0.022823818503820804,0.053730477831413735,80
1,16,entity,-0.012434298335574568,0.11104458586196415,80
1,17,entity,-0.011348426066251704,0.09248321965496871,80
1,18,entity,0.0708177190128481,0.4179915667133173,80
1,19,entity,-0.004046242378353782,0.009340164444620314,80
1,20,entity,0.010104863565356937,0.13758855919732013,80
1,21,entity,-0.006458064051912515,0.06337298837934213,80
1,22,entity,0.006575968827746692,0.01928070134272275,80
1,23,entity,-0.0041048824134122695,0.029468932431882422,80
1,24,entity,-0.06366700610960833,0.4568227593874326,80
1,25,entity,-0.012734883045050082,0.1730625488788064,80
1,26,entity,0.005329460513894446,0.2988160289154621,80
1,27,entity,-0.03478510155619006,0.10606348480869202,80
1,28,entity,0.00833736708300421,0.11692094133904903,80
1,29,entity,-0.0005431458117527655,0.0404106914629665,80
1,30,entity,-0.04888013077725191,0.17872207115287891,80
1,31,entity,-0.007884569335146807,0.07080304878181778,80
1,0,last,-0.00033553823013789954,0.0009270345715776784,80
1,1,last,-0.00012222428813402075,0.0017274829264351866,80
1,2,last,-0.0003965875066569424,0.0018671492985959048,80
1,3,last,-0.0003829896042589098,0.00865267197950743,80
1,4,last,-0.0006592975987587124,0.004443216347135603,80
1,5,last,0.0001041462224748102,0.0004205262312098057,80
1,6,last,-2.8595846106327372e-05,0.00020019656267322716,80
1,7,last,-0.00039908699400257317,0.0011930906068300829,80
1,8,last,0.0004180806536169257,0.003980328969919356,80
1,9,last,-0.00019821090172627008,0.0008408946210693103,80
1,10,last,0.0011907663938472979,0.004233316042518709,80
1,11,last,-0.0007426427357131616,0.0017359046687488444,80
1,12,last,-0.00016747296940593514,0.001748094958384172,80
1,13,last,-6.023144942446379e-05,0.0005562507603826816,80
1,14,last,4.073739764862694e-05,0.000512935922597535,80
1,15,last,-4.114012626814656e-05,0.00044717815108015203,80
1,16,last,-0.0004302712892240379,0.003645654035062762,80
1,17,last,-0.0024947671889094638,0.005429461295716464,80
1,18,last,-1.0830748215084895e-05,0.0012936836057633628,80
1,19,last,0.0006225353510671994,0.0016987995357339968,80
1,20,last,-0.0002050548151601106,0.0019426474260399117,80
1,21,last,-0.0001986252267670352,0.001228094020189019,80
1,22,last,0.0004958667152095586,0.0015747579629532993,80
1,23,last,-0.0002112389829562744,0.0009363962217321387,80
1,24,last,0.0009084913624974433,0.003214381926954957,80
1,25,last,-0.000297182753092784,0.0009383891394463717,80
1,26,last,-0.00015992317057680338,0.0014707968417496885,80
1,27,last,3.6756909321411516e-05,0.0014273060074629028,80
1,28,last,-0.0017989416912314482,0.0072698791962466204,80
1,29,last,-0.0005940887145698071,0.0027708114226697943,80
1,30,last,0.0012930921133374796,0.002962767324061133,80
1,31,last,0.00119373116249335,0.0031767704400408547,80
1,0,suffix,0.003731566489841498,0.012637408230330039,80
1,1,suffix,-0.00016825381389935502,0.004158530845234054,80
1,2,suffix,-0.00027892094985872975,0.002521283096757543,80
1,3,suffix,-0.0045840189500268025,0.019143775997599734,80
1,4,suffix,-0.0020537914357191766,0.009429802138765809,80
1,5,suffix,0.0017402893431153644,0.005269007666311154,80
1,6,suffix,0.0009360271176319657,0.004914598184632269,80
1,7,suffix,-0.00040880224546526735,0.00221400735304087,80
1,8,suffix,0.002966347754045273,0.007435098113273852,80
1,9,suffix,-0.000909201899139589,0.003499472950989002,80
1,10,suffix,-0.00030942820994823706,0.023438417794022826,80
1,11,suffix,-0.0011130670425700373,0.04775462757297646,80
1,12,suffix,-0.0014436115332500776,0.0045022362590316336,80
1,13,suffix,0.0017377503050283849,0.005079851254640744,80
1,14,suffix,0.0002183344610784843,0.002133961691379227,80
1,15,suffix,-0.0006821270976161032,0.0032215934407304305,80
1,16,suffix,-0.023972768271778477,0.08060996817839623,80
1,17,suffix,0.0013830224631419697,0.007931568583899207,80
1,18,suffix,-0.00020403580247148058,0.008580192522185826,80
1,19,suffix,-0.0029911283889305198,0.009040874968013668,80
1,20,suffix,0.0035404528902290623,0.07442612054765049,80
1,21,suffix,0.007330348869800218,0.02161647803222877,80
1,22,suffix,0.001496641144694877,0.005563952249576687,80
1,23,suffix,-0.00047779685573914323,0.01031743740913953,80
1,24,suffix,-0.0006863348684419179,0.006577261741495022,80
1,25,suffix,-0.00034813476422641544,0.003980967280131154,80
1,26,suffix,-0.0012151911416367512,0.015517178976824652,80
1,27,suffix,-0.00017530778754917264,0.004132001238531302,80
1,28,suffix,0.005064440099522472,0.02188267278470448,80
1,29,suffix,-1.740543129926664e-05,0.004663996842373308,80
1,30,suffix,0.0028772059684342823,0.010270373849743919,80
1,31,suffix,-0.004632355348076089,0.012898205524470541,80
2,0,prefix,-2.4795211271566586e-05,2.4795211271566586e-05,80
2,1,prefix,-3.480024474811216e-07,1.8147172352200868e-05,80
2,2,prefix,2.0193032298720937e-06,4.490473412488427e-06,80
2,3,prefix,-8.695026332361522e-06,8.695026332361522e-06,80
2,4,prefix,-4.360321695457969e-05,5.959750037618505e-05,80
2,5,prefix,1.8286874501427518e-05,1.8286874501427518e-05,80
2,6,prefix,-1.0752757293630567e-05,1.6234665849879093e-05,80
2,7,prefix,7.628446837770753e-06,6.36312433925923e-05,80
2,8,prefix,-1.4688642670535046e-05,1.6736550685436667e-05,80
2,9,prefix,-4.108724700415678e-05,0.00016943822250539142,80
2,10,prefix,-2.4561907482478774e-05,2.4561907482478774e-05,80
2,11,prefix,-8.295631493524525e-05,8.295631493524525e-05,80
2,12,prefix,-6.461893590881118e-06,1.1356835955211864e-05,80
2,13,prefix,1.5494974749685753e-05,5.730801237575633e-05,80
2,14,prefix,7.762337730810031e-07,4.5495440048171075e-06,80
2,15,prefix,1.1424150093830576e-05,1.1424150093830576e-05,80
2,16,prefix,-9.467672584833054e-05,9.514801861314482e-05,80
2,17,prefix,-2.9702719609758786e-05,7.187347192711968e-05,80
2,18,prefix,-6.875339488487953e-06,2.1109853230427687e-05,80
2,19,prefix,6.409168577192759e-06,1.8564576271273837e-05,80
2,20,prefix,5.359000084581567e-06,5.359000084581567e-06,80
2,21,prefix,-3.371466007706658e-07,1.520730101844947e-06,80
2,22,prefix,3.051179324131681e-06,3.493610462612651e-06,80
2,23,prefix,4.528154937588624e-06,4.528154937588624e-06,80
2,24,prefix,-1.3168142447739229e-05,4.620768025915822e-05,80
2,25,prefix,8.810159360095326e-06,1.424879524982714e-05,80
2,26,prefix,-1.608018548040491e-05,2.4219726799401543e-05,80
2,27,prefix,-2.032922143939686e-05,2.292637473715331e-05,80
2,28,prefix,-1.1017771588228697e-05,2.4254759919983827e-05,80
2,29,prefix,5.146498125441212e-06,1.7305286047530898e-05,80
2,30,prefix,3.6989999614434055e-06,2.2158614746103923e-05,80
2,31,prefix,-1.634285421516779e-05,6.630466551484914e-05,80
2,0,entity,0.007291873956091877,0.02798889560672251,80
2,1,entity,0.0022299399526673367,0.01779377069833572,80
2,2,entity,-0.03253285081955255,0.16265402172793983,80
2,3,entity,0.018948621630897833,0.036032895852895305,80
2,4,entity,0.021301461672555887,0.05035211643771618,80
2,5,entity,-0.0013280754428706132,0.09333649767650058,80
2,6,entity,-5.903041746933013e-05,0.04935966312477831,80
2,7,entity,0.02390241473040078,0.11409558364830445,80
2,8,entity,-0.04479144355864264,0.15137687412789091,80
2,9,entity,0.014505559896497289,0.3569528683212411,80
2,10,entity,0.00797799990978092,0.05626248114858754,80
2,11,entity,-0.01093756234004104,0.06499586662430375,80
2,12,entity,-0.0007428231571338983,0.0048630019127358535,80
2,13,entity,-0.00045163956747273915,0.020647621571697528,80
2,14,entity,-0.0006344688309582125,0.01028371345173582,80
2,15,entity,0.002365118686793721,0.02263915092444222,80
2,16,entity,-0.005561251573817571,0.01932102047212538,80
2,17,entity,0.025910609988932264,0.11709974395271275,80
2,18,entity,0.014014212924666935,0.051458899363206,80
2,19,entity,0.0022979710120125674,0.10471298843476688,80
2,20,entity,-0.0005449353047879413,0.004473869317007484,80
2,21,entity,3.4326370723647415e-07,0.0002228835980417898,80
2,22,entity,-0.000845626762475149,0.004259721470498334,80
2,23,entity,0.0005228093170671855,0.004708489131076021,80
2,24,entity,-0.0005286886856993078,0.027314210579970678,80
2,25,entity,-0.0006480258902229252,0.0022208525973837824,80
2,26,entity,0.00017321418163191994,0.00648561735815747,80
2,27,entity,0.006070688888939912,0.026056588345454657,80
2,28,entity,-0.041519497104309265,0.08065401465573814,80
2,29,entity,0.00954774972233281,0.03934686657266866,80
2,30,entity,0.010607783795057913,0.053158623013951,80
2,31,entity,-0.021427655721345217,0.10277267661367659,80
2,0,last,-6.633396806137171e-05,0.0005646054803946754,80
2,1,last,0.0002976060877699638,0.0008993064762762515,80
2,2,last,0.0010008286975789816,0.006671451931470074,80
2,3,last,-0.0001410016579029616,0.0005560872348723933,80
2,4,last,-0.0018394270664430223,0.008880163908179384,80
2,5,last,-0.00020894811968901194,0.004087364354199962,80
2,6,last,0.00013019306716159916,0.004230876794463256,80
2,7,last,0.0016752570154494606,0.004146660862897988,80
2,8,last,-1.4888315490679816e-06,0.0004285575254471041,80
2,9,last,0.00015852382002776722,0.0007941630870845984,80
2,10,last,0.000578142340600607,0.0019215881413401803,80
2,11,last,0.00017968679803743727,0.0005417733975264128,80
2,12,last,-0.0002584018682682654,0.0008843178919050842,80
2,13,last,-0.0001882713335362496,0.0006800692532124231,80
2,14,last,-2.1645034394168762e-06,0.0005361008642466913,80
2,15,last,-0.00017321582299700822,0.0009728795613227703,80
2,16,last,-8.341206994373351e-05,0.004326046307687648,80
2,17,last,2.7842182134918403e-05,0.000679299443254422,80
2,18,last,0.0010621371329762042,0.033444236224750054,80
2,19,last,0.0023263121765921824,0.0087552620578208,80
2,20,last,-9.540332757751457e-05,0.00038217779801925645,80
2,21,last,-1.5343320001193205e-07,2.2845613580102507e-05,80
2,22,last,-0.00017194317908888478,0.0006545372386199233,80
2,23,last,1.8216425132777658e-07,8.516214842302361e-05,80
2,24,last,0.0004065782057296019,0.0021019559855631085,80
2,25,last,-2.6103886011696886e-05,0.00046880914051143917,80
2,26,last,-0.00046595044768764636,0.0013002981730096507,80
2,27,last,1.2901535774290096e-05,0.0012438072235454456,80
2,28,last,0.0004927489269903162,0.0023288034721190344,80
2,29,last,-1.1914856804651208e-05,0.0011159778750879923,80
2,30,last,0.0005239715334028006,0.0016156094701727853,80
2,31,last,4.481012620090041e-05,0.00048650456228642723,80
2,0,suffix,-0.0024752999122028994,0.0044819524176091365,80
2,1,suffix,0.0006023632125561562,0.0024836043810410047,80
2,2,suffix,-0.0018747782107766398,0.006316407446092853,80
2,3,suffix,-0.0005500847718394652,0.0042462692598746795,80
2,4,suffix,0.00297990448816563,0.01801075703042443,80
2,5,suffix,-0.0020256810268620027,0.02498614363721572,80
2,6,suffix,-0.0018361478367296513,0.015703473498433596,80
2,7,suffix,-0.0007225766054034466,0.039483117005511305,80
2,8,suffix,0.004248754526179255,0.010500885517558345,80
2,9,suffix,-0.002048889018715272,0.013034952336511196,80
2,10,suffix,-0.007583809056450263,0.01248191150079947,80
2,11,suffix,-9.159657297459489e-05,0.00383716327592083,80
2,12,suffix,-0.0008310088835742135,0.0030103666829973006,80
2,13,suffix,0.0016199636121200455,0.0045909358485914705,80
2,14,suffix,0.0001353238017145486,0.0032957999845166343,80
2,15,suffix,-0.0005888074834956569,0.007989206722072595,80
2,16,suffix,0.0031104425484954844,0.021540602651657536,80
2,17,suffix,-0.00020286685376049717,0.008865169514865556,80
2,18,suffix,0.004540918646671344,0.027971946044272045,80
2,19,suffix,-0.006557493108994094,0.023008743527316255,80
2,20,suffix,-0.001616013029001806,0.006378966016632149,80
2,21,suffix,-8.5719679192664e-05,0.0005732934241009958,80
2,22,suffix,0.000982900463441183,0.0036056278574960743,80
2,23,suffix,2.6860825329322324e-05,0.000380710021380537,80
2,24,suffix,0.0016373965594539187,0.00841880324333033,80
2,25,suffix,-0.000509363555102027,0.0011402845017983055,80
2,26,suffix,-0.0010266924205097894,0.006229534256726765,80
2,27,suffix,-5.1911181890318404e-05,0.006966337839639891,80
2,28,suffix,0.0004211935034618364,0.003979312228875642,80
2,29,suffix,0.0019501363847666652,0.009116332026314922,80
2,30,suffix,-0.0017757250636577736,0.009882968630313372,80
2,31,suffix,-0.0016562729662837228,0.009753398116663448,80
3,0,prefix,-3.1762642390731346e-05,6.499595414197757e-05,80
3,1,prefix,1.6101812116176005e-05,5.12007841734885e-05,80
3,2,prefix,1.3999304690059943e-05,2.4074075497537706e-05,80
3,3,prefix,-1.638269558270622e-05,2.361624691502584e-05,80
3,4,prefix,-3.0291182667951944e-06,2.0959463000735923e-05,80
3,5,prefix,-1.0216282231567674e-05,2.9829216629195798e-05,80
3,6,prefix,-1.8607719778174214e-05,1.8607719778174214e-05,80
3,7,prefix,-2.6394963470011133e-06,5.4060943853073695e-05,80
3,8,prefix,2.4749434146542626e-06,3.1243566229477435e-05,80
3,9,prefix,-4.375623871055723e-06,1.5289049395050823e-05,80
3,10,prefix,3.056422974623274e-06,1.3031252137807314e-05,80
3,11,prefix,2.0920025610848826e-05,2.0920025610848826e-05,80
3,12,prefix,2.99260575786775e-06,1.832114084265868e-05,80
3,13,prefix,-1.0583436863953467e-05,1.0583436863953467e-05,80
3,14,prefix,3.9704593319811465e-06,4.103213248640713e-06,80
3,15,prefix,-1.1961424326045744e-05,2.6601517089375192e-05,80
3,16,prefix,1.5916831358708805e-05,1.8655792490562818e-05,80
3,17,prefix,-4.7290980978687004e-05,4.7290980978687004e-05,80
3,18,prefix,1.1938562977320544e-05,1.8005960635036898e-05,80
3,19,prefix,-1.0860705992854492e-05,1.1705138763318246e-05,80
3,20,prefix,-1.1290862840951376e-05,1.2720779324126852e-05,80
3,21,prefix,-5.3745136665384055e-05,5.3745136665384055e-05,80
3,22,prefix,-1.7929557179741097e-05,1.7929557179741097e-05,80
3,23,prefix,1.569834882957366e-05,6.76927567610619e-05,80
3,24,prefix,9.283594198450374e-06,1.5864662572084853e-05,80
3,25,prefix,-1.2089062693121377e-06,1.4513794758386211e-05,80
3,26,prefix,-7.722289808498317e-07,6.336322365996239e-06,80
3,27,prefix,-1.1557952740304245e-05,1.2445259852711387e-05,80
3,28,prefix,-6.406527541003016e-06,3.951308742671245e-05,80
3,29,prefix,1.0336205309613434e-05,2.1536655572163e-05,80
3,30,prefix,-4.7317581800143674e-05,0.0001084546547303944,80
3,31,prefix,5.68346325735547e-06,6.430705741422571e-06,80
3,0,entity,0.00487406815700524,0.016242001062710187,80
3,1,entity,-0.0006241501732802135,0.02173940232696623,80
3,2,entity,-0.011843121080892161,0.03165919505700003,80
3,3,entity,-0.00788197093825147,0.011122169467853382,80
3,4,entity,0.021195156138855965,0.21631833750288934,80
3,5,entity,0.006320519642031286,0.08672092986089411,80
3,6,entity,-0.015278039339682437,0.1138828329352691,80
3,7,entity,0.15455881693196716,0.2441086523947888,80
3,8,entity,-0.011211712560907472,0.06315273227955913,80
3,9,entity,0.00123398030136741,0.01064974142555002,80
3,10,entity,0.0018934288316813763,0.03295624683887581,80
3,11,entity,0.021094060491304845,0.06937630023167003,80
3,12,entity,-0.007571899404501892,0.04416808167770796,80
3,13,entity,-0.004664782018517144,0.1116706705710385,80
3,14,entity,0.04842743053159211,0.09080323618836701,80
3,15,entity,0.008396034773613791,0.08909252084704349,80
3,16,entity,0.01927605330456572,0.05854354065995722,80
3,17,entity,0.017657392998808065,0.14203915127145592,80
3,18,entity,0.028399483364773916,0.07259104033000767,80
3,19,entity,0.022324016004859004,0.13412093316583196,80
3,20,entity,-0.026835133865824902,0.1312741097790422,80
3,21,entity,0.004663857218110934,0.07062843251042068,80
3,22,entity,0.027733650771551766,0.1595644399203593,80
3,23,entity,0.00548375220678281,0.17650754811766092,80
3,24,entity,0.03661497027496807,0.10285017765709199,80
3,25,entity,0.018762420103666955,0.07906779158765857,80
3,26,entity,0.010811025744715153,0.036846167949352096,80
3,27,entity,-0.0056337399100812036,0.0251453109054637,80
3,28,entity,-0.02031632087600883,0.06206835731572937,80
3,29,entity,-0.003416979353642091,0.058693897881312296,80
3,30,entity,0.0059853294740605635,0.04219632399690454,80
3,31,entity,0.00010894132465182338,0.04491118629630364,80
3,0,last,-0.003051053003582638,0.010430595923389773,80
3,1,last,-0.0006339585866953712,0.003644442868971964,80
3,2,last,0.0007143854883906898,0.005810977813234785,80
3,3,last,0.0004791615057911258,0.0038048729686124714,80
3,4,last,0.0030822600063402207,0.005559248221106827,80
3,5,last,-0.0006488063834694912,0.0022000098946591607,80
3,6,last,0.00011331204004818573,0.001744255147059448,80
3,7,last,-0.00039861537879914977,0.00150026323608472,80
3,8,last,0.00035194196389056744,0.0040779819741146636,80
3,9,last,-0.00118585431118845,0.0035439941981167066,80
3,10,last,0.0005223095591645688,0.0017784017560188658,80
3,11,last,0.0007824048763723113,0.0034462725394405424,80
3,12,last,0.000800529702246422,0.0023783412856573705,80
3,13,last,-3.403965729376068e-05,0.0006211660793269402,80
3,14,last,-0.0004325471150878002,0.0010668522152627701,80
3,15,last,0.0005554371848120355,0.002727705880533904,80
3,16,last,3.8347588269971314e-05,0.006197188180522062,80
3,17,last,-0.00014460522288572975,0.0019297399361676072,80
3,18,last,-0.0022028890045476144,0.0085431193569093,80
3,19,last,0.0011193276353878901,0.0059775565488962455,80
3,20,last,-0.0010781472446979024,0.005022077592730057,80
3,21,last,0.0014583939308067783,0.005953225865960121,80
3,22,last,0.0007695222840993666,0.008730300779279786,80
3,23,last,-0.00036777874047402295,0.005776954570319503,80
3,24,last,0.00038083893014118075,0.002470015175640583,80
3,25,last,0.0005544728997847415,0.0022575620367206286,80
3,26,last,2.261392364744097e-06,0.0023395744035951795,80
3,27,last,8.690499435033416e-05,0.000608629180896969,80
3,28,last,1.808761153370142e-05,0.0031546678888844325,80
3,29,last,-0.00036572002863977104,0.00695253980520647,80
3,30,last,-0.003119656545459293,0.011245083415997215,80
3,31,last,1.8564883066574112e-05,0.005293597123090877,80
3,0,suffix,-0.0028299225084992942,0.01322151557305915,80
3,1,suffix,-0.0007037592666165437,0.006613053725959617,80
3,2,suffix,-0.001661834649166849,0.010915033540550212,80
3,3,suffix,0.0007229813718822697,0.004735016007498416,80
3,4,suffix,0.0042234967096419496,0.015409942682777001,80
3,5,suffix,0.004161616895089537,0.012600070055395918,80
3,6,suffix,-0.00289845936022175,0.007281003510252048,80
3,7,suffix,-0.0005963007543414278,0.010438250663491999,80
3,8,suffix,-9.333982670796104e-05,0.012368795323709492,80
3,9,suffix,-0.0020599533998392873,0.008009709280486277,80
3,10,suffix,0.0030218220695132914,0.00990041684881362,80
3,11,suffix,0.022014656686405943,0.03603903858111153,80
3,12,suffix,0.004971353762266517,0.012283725314227922,80
3,13,suffix,0.0006372344805640751,0.009845538837726053,80
3,14,suffix,0.00489117939650896,0.018481576773956475,80
3,15,suffix,0.018819914281129967,0.04058668616148679,80
3,16,suffix,0.011357075127125426,0.025200726228831627,80
3,17,suffix,-0.018673466364816704,0.06692798997555656,80
3,18,suffix,0.006098486835162476,0.03386707419640515,80
3,19,suffix,-0.002950152283119678,0.019098023894366635,80
3,20,suffix,0.001151051401393488,0.016027177416253834,80
3,21,suffix,0.013267736442503519,0.0403700462251436,80
3,22,suffix,0.006513724802061915,0.035857774868782145,80
3,23,suffix,0.0030686309106386033,0.017825570740751574,80
3,24,suffix,0.013837830716602184,0.044766885352237294,80
3,25,suffix,0.002014867060006509,0.008026737975433207,80
3,26,suffix,0.0021703655377677935,0.022163103881302958,80
3,27,suffix,-0.0010301395253009104,0.0029629973175360645,80
3,28,suffix,-0.014365057132818038,0.031748639047873436,80
3,29,suffix,-0.014005454313883092,0.08072830705350498,80
3,30,suffix,0.014650672708376078,0.0961589005710266,80
3,31,suffix,0.0053289205841792866,0.028292841989423324,80
4,0,prefix,3.70951943551745e-05,3.70951943551745e-05,80
4,1,prefix,4.980572305157693e-06,2.4621054785711748e-05,80
4,2,prefix,1.8321376535368473e-05,1.8321376535368473e-05,80
4,3,prefix,-7.153230052381332e-06,7.153230052381332e-06,80
4,4,prefix,4.34698940182443e-05,4.34698940182443e-05,80
4,5,prefix,-4.7884959315069864e-05,0.0001076476019193251,80
4,6,prefix,-2.7495532845023262e-05,5.252366852346313e-05,80
4,7,prefix,-2.472727244366979e-05,2.472727244366979e-05,80
4,8,prefix,-2.091507024601924e-05,2.091507024601924e-05,80
4,9,prefix,-5.355087720317897e-05,5.355087720317897e-05,80
4,10,prefix,2.7600453927334455e-05,3.5135561506649535e-05,80
4,11,prefix,-1.2070639485273205e-05,5.4768190835829955e-05,80
4,12,prefix,-6.0474802921817176e-06,2.0364125612104543e-05,80
4,13,prefix,-2.404698188911425e-05,3.607314133660111e-05,80
4,14,prefix,5.933838110649958e-06,6.168085919853184e-05,80
4,15,prefix,-2.8110921391544252e-05,4.7122350099471075e-05,80
4,16,prefix,-2.4208100617784113e-05,2.4208100617784113e-05,80
4,17,prefix,-1.3179705717902834e-05,3.080272900888303e-05,80
4,18,prefix,4.638412065105513e-06,4.007870968507632e-05,80
4,19,prefix,2.5880255918764307e-06,1.3630168297140699e-05,80
4,20,prefix,-5.081636052750582e-06,1.581153971699223e-05,80
4,21,prefix,7.085382242166815e-06,2.2037390419882285e-05,80
4,22,prefix,1.8294199105639563e-05,5.1220536522578183e-05,80
4,23,prefix,-4.35842825936561e-06,4.82623690913897e-06,80
4,24,prefix,4.080757250903844e-05,6.0988378004367404e-05,80
4,25,prefix,7.809128427993528e-06,1.7435497071005557e-05,80
4,26,prefix,-6.21755100610244e-05,6.21755100610244e-05,80
4,27,prefix,-1.1074218690509952e-05,2.2032150963013918e-05,80
4,28,prefix,-5.168489906282048e-07,2.2493671917800383e-05,80
4,29,prefix,-1.6328414699273707e-05,2.208902972142823e-05,80
4,30,prefix,3.0399907436162722e-05,4.775676676160856e-05,80
4,31,prefix,2.9292218533782945e-05,8.115383305380419e-05,80
4,0,entity,-0.0038292048493531183,0.02655058236941841,80
4,1,entity,0.016123048691588336,0.06065208696927584,80
4,2,entity,-0.022766271186992527,0.0645408041542396,80
4,3,entity,0.0010198808788118186,0.01451044772657042,80
4,4,entity,-0.0007862567390475306,0.04876813360733649,80
4,5,entity,0.03023133946553571,0.21004241279297275,80
4,6,entity,-0.011759888878805214,0.0427893898657203,80
4,7,entity,-0.011225860464037396,0.10270837218558881,80
4,8,entity,-0.046331129322061314,0.20315304053365252,80
4,9,entity,0.02035713212972041,0.14910651312384288,80
4,10,entity,0.0022637951784417964,0.038723493517318276,80
4,11,entity,0.0038577946776058524,0.1917440523742698,80
4,12,entity,-0.012424607016146182,0.08640803544549272,80
4,13,entity,-0.0036673750073532574,0.052948229892353996,80
4,14,entity,-0.011539324949262663,0.053134670242434366,80
4,15,entity,0.005500322746956954,0.02851629959841375,80
4,16,entity,-0.005196153845463414,0.027971151894598735,80
4,17,entity,-0.04377524508163333,0.07830707108660136,80
4,18,entity,0.001625228948523727,0.015422781976576516,80
4,19,entity,-0.0006041096872650087,0.008642162465548608,80
4,20,entity,0.002155340592344146,0.009268726094433077,80
4,21,entity,-0.0034183220981503838,0.011474272487976122,80
4,22,entity,-0.009202902516699396,0.04158418922743294,80
4,23,entity,0.0045892056055890865,0.0700593182547891,80
4,24,entity,0.004987347896530991,0.04519823723749141,80
4,25,entity,-0.011726497361451038,0.024766570303108894,80
4,26,entity,0.0395946652344719,0.1315565266580961,80
4,27,entity,-0.0028378062466799746,0.01933886562983389,80
4,28,entity,0.000747018527090404,0.0071991760291894025,80
4,29,entity,-0.0005720323651075887,0.0019433818083598453,80
4,30,entity,0.0009538841453831992,0.003627780485476251,80
4,31,entity,-0.006455344087589765,0.024296110182331177,80
4,0,last,-0.0005033978719438892,0.0012183982420538087,80
4,1,last,0.0006301857822109014,0.010765246750088409,80
4,2,last,0.0009232696567778476,0.007112167940067593,80
4,3,last,-0.005296778245246969,0.010683437323314138,80
4,4,last,0.00048389519506599756,0.012257028205203824,80
4,5,last,0.0022439744410803542,0.006524734359118156,80
4,6,last,-0.0005068620361271314,0.0031220666525769046,80
4,7,last,-0.0013208654621848837,0.004199388838605956,80
4,8,last,0.0015033302115625702,0.01002796692919219,80
4,9,last,-1.3264012522995472e-05,0.00443492948252242,80
4,10,last,0.0008643481676699593,0.011716156345210038,80
4,11,last,-0.001926975247624796,0.005289480458304752,80
4,12,last,-0.0013501289271516726,0.007382006180705503,80
4,13,last,0.000686249029240571,0.0030457072803983464,80
4,14,last,-0.0017522586822451558,0.004011974830791587,80
4,15,last,0.005528820044128224,0.018631496879970656,80
4,16,last,-0.0013932704852777534,0.0027647056602290833,80
4,17,last,-0.0003777030415221816,0.001529681545071071,80
4,18,last,0.0003111748894298216,0.0008764748428802705,80
4,19,last,0.00037472234907909296,0.0015464397925825323,80
4,20,last,1.165234571089968e-05,0.0016678884669090622,80
4,21,last,-8.429124500253238e-05,0.0012845278608438094,80
4,22,last,0.0010784037673147394,0.004901238865568302,80
4,23,last,-0.0008220667798013892,0.0028310297093412373,80
4,24,last,-0.0012156075397797394,0.005541679733869387,80
4,25,last,0.0007232265255879611,0.005507478900835849,80
4,26,last,0.002241933299228549,0.006936560763278976,80
4,27,last,-0.0006852989245089702,0.006154770245484542,80
4,28,last,1.9692254136316477e-05,0.00453608282841742,80
4,29,last,-0.00017204758933075937,0.0006021349459842895,80
4,30,last,3.654197589639807e-05,0.0005036665004809037,80
4,31,last,0.00026313804628443906,0.002741668308590306,80
4,0,suffix,-0.0005596172926743747,0.00592447533745144,80
4,1,suffix,0.0026636014512405382,0.01911372111117089,80
4,2,suffix,-0.02249971225774061,0.07703212402211648,80
4,3,suffix,0.0012533818749943747,0.032004942405910695,80
4,4,suffix,-0.00044720754613081226,0.03504471199721593,80
4,5,suffix,-0.005988069221348269,0.04755435736806248,80
4,6,suffix,-0.001470854047965986,0.021557225685955927,80
4,7,suffix,0.013436432873641024,0.06541311419241538,80
4,8,suffix,-0.020997524330232407,0.07647812579925813,80
4,9,suffix,0.022292765245583723,0.09597034447469924,80
4,10,suffix,-0.012607376866071718,0.0311972529067134,80
4,11,suffix,0.009314381599688204,0.025446337603352732,80
4,12,suffix,-0.0021458956885908264,0.026338903689975268,80
4,13,suffix,-0.00939364442783699,0.07397016811992216,80
4,14,suffix,-0.03869620502387079,0.19761997677683213,80
4,15,suffix,-0.027312283531864524,0.08102974193570844,80
4,16,suffix,-0.0020562543715641366,0.01477625402112608,80
4,17,suffix,0.0045585273819597205,0.018602955390815624,80
4,18,suffix,-0.008102616508585925,0.03751383069193252,80
4,19,suffix,0.0034783927105308974,0.008981073874019785,80
4,20,suffix,-0.0007561183187135611,0.005184303970781912,80
4,21,suffix,-0.001060317436895275,0.006231149935956637,80
4,22,suffix,0.0014303016851044958,0.011049720653318218,80
4,23,suffix,-0.012706401792092948,0.06436141391604906,80
4,24,suffix,0.0028648839823290475,0.02366429351422994,80
4,25,suffix,-0.0003052996789847384,0.025006873677011755,80
4,26,suffix,0.003862711442343425,0.02721970601924113,80
4,27,suffix,0.005234801173355663,0.01605022298390395,80
4,28,suffix,0.0004932920985083911,0.0075108127983185115,80
4,29,suffix,-0.0014643057470948406,0.0062444645271625635,80
4,30,suffix,0.00258756400630773,0.005921279382846478,80
4,31,suffix,-0.0015998258802937925,0.022320967144514724,80
5,0,prefix,1.0102335266992667e-06,1.7436330441000792e-05,80
5,1,prefix,1.3480885741046222e-05,1.3480885741046222e-05,80
5,2,prefix,-3.561288190212508e-06,6.611026583414059e-06,80
5,3,prefix,4.691739047757437e-06,1.842353352685677e-05,80
5,4,prefix,-7.079932140641177e-06,1.249057571612866e-05,80
5,5,prefix,2.5649234544289357e-06,8.401302204674721e-06,80
5,6,prefix,1.5987793199201404e-05,3.43630217912505e-05,80
5,7,prefix,1.216821588059247e-05,1.6769515286796378e-05,80
5,8,prefix,1.6309816956550094e-06,1.6309816956550094e-06,80
5,9,prefix,-1.5532558521158535e-06,1.5532558521158535e-06,80
5,10,prefix,3.158536515002197e-07,2.2646668980996764e-06,80
5,11,prefix,-1.3062272898878292e-07,1.4208055503672767e-05,80
5,12,prefix,8.806587901233343e-06,9.336721167585437e-06,80
5,13,prefix,-3.131330936412269e-05,6.503361978502654e-05,80
5,14,prefix,1.4379345532233857e-05,4.735039127581331e-05,80
5,15,prefix,9.136748434457332e-06,5.8630467759712704e-05,80
5,16,prefix,2.0801863240649254e-05,2.130435560729893e-05,80
5,17,prefix,-6.787993780790202e-05,6.787993780790202e-05,80
5,18,prefix,3.850147905382073e-06,8.233455733375195e-06,80
5,19,prefix,0.00010753068295343837,0.00016101234800771635,80
5,20,prefix,-1.2414751353162501e-05,1.558266642973649e-05,80
5,21,prefix,-9.524079382572382e-06,2.8031097065195355e-05,80
5,22,prefix,-4.015825552983188e-06,1.894315181800721e-05,80
5,23,prefix,6.836700413259677e-06,1.8753396716419957e-05,80
5,24,prefix,3.22391692805013e-05,3.592843299315973e-05,80
5,25,prefix,1.5905608154298535e-05,1.902947341250183e-05,80
5,26,prefix,2.5028815809946536e-05,2.7903603756840313e-05,80
5,27,prefix,-1.1522463955770945e-05,5.6077900762829816e-05,80
5,28,prefix,-4.4118621940469896e-05,4.4118621940469896e-05,80
5,29,prefix,-6.644167285685398e-06,2.923435328057167e-05,80
5,30,prefix,-7.488449028869581e-07,1.733176207778797e-05,80
5,31,prefix,-3.5745532045439177e-06,3.911697956482385e-06,80
5,0,entity,0.0023264372795892994,0.0074039389384779495,80
5,1,entity,0.0069411410662723935,0.0225795375296002,80
5,2,entity,-0.00489020572786103,0.013851359536056406,80
5,3,entity,-0.00915093905350659,0.030043867460335605,80
5,4,entity,0.0022054574206777033,0.012518425872076477,80
5,5,entity,-0.0016880118131666678,0.013415412119866233,80
5,6,entity,-0.002803782287082868,0.014949269123462727,80
5,7,entity,-0.0005795089986349921,0.014431984534166987,80
5,8,entity,-8.0262748201676e-05,0.0014212096536766693,80
5,9,entity,-0.0006769687949599757,0.00292866976787991,80
5,10,entity,-0.00013944124780209676,0.0007257388617745164,80
5,11,entity,0.0004332311627877061,0.009088107543539082,80
5,12,entity,-0.0012687058764640825,0.01858238670447463,80
5,13,entity,-0.00326684198807925,0.06408521415432915,80
5,14,entity,-0.03391911670478294,0.08681675319530768,80
5,15,entity,0.022695221564936217,0.048690570236794885,80
5,16,entity,0.05676073483191431,0.12075937748886645,80
5,17,entity,0.07009699106274639,0.13127392519090791,80
5,18,entity,-0.000471489000483416,0.14802906705008353,80
5,19,entity,-0.032377829983306586,0.24135433834890135,80
5,20,entity,-0.00472941804000584,0.03424547810536751,80
5,21,entity,0.004426291207710165,0.016092467185444548,80
5,22,entity,-0.0020594846804669943,0.009593819972178608,80
5,23,entity,-0.0011851078947074712,0.011990703621268039,80
5,24,entity,-0.00186162514382886,0.01167796526406164,80
5,25,entity,0.00420927447048598,0.039557884804526114,80
5,26,entity,-4.413764654600527e-05,0.029542905774360407,80
5,27,entity,0.0035834149450238327,0.025850152069324395,80
5,28,entity,0.012459808950370643,0.055996674178459216,80
5,29,entity,-0.016676371770518016,0.06382616701775987,80
5,30,entity,0.007301486837604898,0.021974394414792188,80
5,31,entity,0.004457110189832747,0.04072581125947181,80
5,0,last,-0.000612482785800239,0.0024698314904526343,80
5,1,last,-7.45365978218615e-06,0.004182145075174048,80
5,2,last,-1.4533118519466371e-05,0.0010800569059938425,80
5,3,last,-0.000437724659423111,0.003455936112004565,80
5,4,last,0.0032041802071034907,0.009221269976114855,80
5,5,last,-0.002166868807398714,0.008337253375793807,80
5,6,last,0.0011684989149216563,0.00441057521966286,80
5,7,last,-0.0008733924536500126,0.005736988119315356,80
5,8,last,-0.00017526002984595833,0.00033452553061579237,80
5,9,last,-8.547091965738218e-05,0.0006134270613983972,80
5,10,last,-7.72260473240749e-05,0.00019146920012644842,80
5,11,last,-0.0019573457748265355,0.00546672849359311,80
5,12,last,-0.001352297647827072,0.0027148691566253546,80
5,13,last,0.0032796548068290575,0.00900371341558639,80
5,14,last,0.00019749265666177963,0.0033406096412363696,80
5,15,last,-0.00021257230982882903,0.0042413608476636,80
5,16,last,0.0003698608543345472,0.003396281103414367,80
5,17,last,-0.0018682820082176477,0.01673397941631265,80
5,18,last,0.0016170971626706886,0.004957753976486856,80
5,19,last,0.0037444854533532634,0.01876017432368826,80
5,20,last,-0.00023197893606266006,0.0024545317370211705,80
5,21,last,0.0010921019973466172,0.002409037051256746,80
5,22,last,-4.8292423161910844e-05,0.0008720231919141952,80
5,23,last,-0.00015963873447617517,0.0012455081348889507,80
5,24,last,0.0010892676611547359,0.014419808368256782,80
5,25,last,0.0023684146523009985,0.010276516317389905,80
5,26,last,-0.0023425335020874627,0.006622267035709228,80
5,27,last,-0.0032100704178446905,0.012246837667771616,80
5,28,last,-0.000889843053300865,0.006671161207486875,80
5,29,last,0.0001434842120943358,0.0014195933912560577,80
5,30,last,0.0002939492100267671,0.006095705345796887,80
5,31,last,0.003337251237826422,0.007901139213936403,80
5,0,suffix,-0.0006443120189942419,0.006836241409473587,80
5,1,suffix,0.005647478109312942,0.014635492362140212,80
5,2,suffix,-0.0011782828978994075,0.008509169596300126,80
5,3,suffix,0.0016902876745007235,0.018351833336419078,80
5,4,suffix,0.00026342494456912393,0.016390983207384125,80
5,5,suffix,-0.0019316732994411722,0.009863140203560761,80
5,6,suffix,0.0012316258633291,0.010649141324211086,80
5,7,suffix,-0.004616826604978997,0.015652448549735708,80
5,8,suffix,0.00034311738065753163,0.0022401234176641083,80
5,9,suffix,0.001108489002126589,0.00741502531259357,80
5,10,suffix,-1.8131983136981943e-05,0.0006233776977126127,80
5,11,suffix,-0.003326104427287646,0.017202825126332755,80
5,12,suffix,-0.01616511385600461,0.027966481177827518,80
5,13,suffix,-0.004707173785209307,0.043563703785548566,80
5,14,suffix,0.0024774210480245527,0.07601881881564623,80
5,15,suffix,-0.004243556389883452,0.04030886208256561,80
5,16,suffix,-0.0047323462116764855,0.06442253959248774,80
5,17,suffix,0.0032510234686924377,0.10025040867294592,80
5,18,suffix,0.0032331465910829136,0.037037650698766814,80
5,19,suffix,-0.0006341598036669893,0.07052464056941972,80
5,20,suffix,-0.0010275731629008078,0.008753004721620527,80
5,21,suffix,0.0016908484813029645,0.007277095338940854,80
5,22,suffix,-0.00020371657010400667,0.003336736849087174,80
5,23,suffix,-0.0014683469550618611,0.004981537134244718,80
5,24,suffix,0.003111210163478972,0.018497604775620857,80
5,25,suffix,-0.005606689878914039,0.016838535519491417,80
5,26,suffix,0.0033434683613450034,0.012989341673164744,80
5,27,suffix,-0.021664326171594438,0.060895300874108216,80
5,28,suffix,0.0021779871036414987,0.029000355322204997,80
5,29,suffix,0.007290938966980321,0.026715786816566833,80
5,30,suffix,0.0018503926970879548,0.012481482855946524,80
5,31,suffix,-0.005412388221884612,0.06333496904117056,80
6,0,prefix,-2.738510036124353e-05,4.584444276360955e-05,80
6,1,prefix,-1.2934832091104908e-05,2.3739206233130973e-05,80
6,2,prefix,1.0235398261215777e-05,2.734181945527325e-05,80
6,3,prefix,1.5285223258842962e-05,3.184535248124121e-05,80
6,4,prefix,2.1199696220719488e-07,2.5790871245590096e-05,80
6,5,prefix,2.9433621159569155e-05,6.0981582817021265e-05,80
6,6,prefix,-2.942202658005044e-05,2.942202658005044e-05,80
6,7,prefix,-1.2316481843299698e-05,3.0388495633815183e-05,80
6,8,prefix,1.250089268296506e-05,1.3065006180568162e-05,80
6,9,prefix,-5.990883863660201e-06,1.140171548854596e-05,80
6,10,prefix,-1.6816397044294716e-05,1.6816397044294716e-05,80
6,11,prefix,-3.935156985335197e-06,0.00012914115937974203,80
6,12,prefix,-2.2319521292502032e-06,1.7410248727856014e-05,80
6,13,prefix,-3.338804644954507e-05,7.889338330642204e-05,80
6,14,prefix,-3.697551846926217e-08,2.47841966370288e-05,80
6,15,prefix,2.1675489423955697e-05,2.4442193389973e-05,80
6,16,prefix,-1.3117496041559207e-05,2.7246602826380695e-05,80
6,17,prefix,-5.723608069274633e-07,1.0068095809856458e-05,80
6,18,prefix,3.977542128268397e-05,3.977542128268397e-05,80
6,19,prefix,-2.1615195248614327e-05,5.458267233962033e-05,80
6,20,prefix,-1.0582304491890682e-05,2.1832775530583604e-05,80
6,21,prefix,6.236093395273201e-06,3.4518677784944886e-05,80
6,22,prefix,4.973208501724003e-06,3.4477729491300126e-05,80
6,23,prefix,-2.8890069643239258e-06,7.065513659654243e-06,80
6,24,prefix,-1.7437645988138682e-05,1.7989393950301746e-05,80
6,25,prefix,2.1240948171907803e-05,4.988680902897613e-05,80
6,26,prefix,1.3302693275818456e-05,2.2313462352485658e-05,80
6,27,prefix,2.418235601453489e-05,3.7696914864682186e-05,80
6,28,prefix,-3.960129220104136e-08,1.1955124210771829e-05,80
6,29,prefix,-3.869354304697481e-06,7.022061242878408e-06,80
6,30,prefix,1.2521589030711767e-05,4.1506847003347504e-05,80
6,31,prefix,-1.954871549969539e-07,1.0820562584967774e-05,80
6,0,entity,-0.0018256955165270484,0.010175694949066384,80
6,1,entity,0.002702128516102675,0.020602091957698576,80
6,2,entity,0.000448458228038362,0.0033659227975476823,80
6,3,entity,0.002680226371376193,0.01413028919014323,80
6,4,entity,0.008158709460258252,0.04172860707985819,80
6,5,entity,0.022594342340016737,0.0855053846957162,80
6,6,entity,0.0014379358006408438,0.020148174308997114,80
6,7,entity,-0.024109044437500414,0.06356639707737485,80
6,8,entity,0.0113336898459238,0.07253154864447424,80
6,9,entity,-0.0026118149913600063,0.015917191959488264,80
6,10,entity,-0.018181716399703875,0.06511956015528994,80
6,11,entity,0.0016706798440282,0.04005823130901263,80
6,12,entity,-0.001819435681500181,0.04990601057597814,80
6,13,entity,-0.0166822524741292,0.08604827815433964,80
6,14,entity,-0.00541674287414935,0.018612997791569795,80
6,15,entity,0.0343793429507059,0.10641291244974127,80
6,16,entity,0.00023751941334921868,0.07792729485954623,80
6,17,entity,0.0021851493627764286,0.014540809140453349,80
6,18,entity,0.05187094537832308,0.22439917759911623,80
6,19,entity,0.0026105411277967507,0.034823749658244196,80
6,20,entity,0.010878902941476554,0.11930129693355411,80
6,21,entity,-0.040392201763461345,0.09993999678117689,80
6,22,entity,0.012459387465787586,0.04526520111685386,80
6,23,entity,0.0014792142868827796,0.01600153913423128,80
6,24,entity,0.004245038113731425,0.017770844665938056,80
6,25,entity,-0.0056244838458951564,0.03953900083142799,80
6,26,entity,-0.0035669104112457718,0.01581026997700974,80
6,27,entity,0.0015746325658255954,0.01068129680606944,80
6,28,entity,0.0001462748698941141,0.014638785049919533,80
6,29,entity,-0.009036975295020965,0.032273889824136856,80
6,30,entity,-0.02101927300718671,0.03700930511295155,80
6,31,entity,-0.00026169452530666604,0.0018820102118297655,80
6,0,last,-0.000654812874563504,0.002464752964442596,80
6,1,last,0.0005905679441639222,0.004944033311039675,80
6,2,last,0.0007001082623901312,0.002266323223739164,80
6,3,last,-0.002304581886710366,0.004501554655871587,80
6,4,last,0.0005287996187689714,0.0038656115109915847,80
6,5,last,-0.0004815238033188507,0.005774913608911447,80
6,6,last,-0.0005860057543031871,0.0049529873882420365,80
6,7,last,-0.0003398316155653447,0.004951108287787065,80
6,8,last,-0.0021837137399415953,0.0037310742678528185,80
6,9,last,0.0010927454815828242,0.005547593797382433,80
6,10,last,-0.0002411947185464669,0.0020649906313337852,80
6,11,last,0.000638419250753941,0.0015650247143639718,80
6,12,last,-0.0007216322053864132,0.00411285145310103,80
6,13,last,-0.00012378714745864272,0.009356615639990195,80
6,14,last,0.003941915799805429,0.015271703213511501,80
6,15,last,-0.0017071814683731646,0.007394654955714941,80
6,16,last,-0.0004307193128624931,0.005957098319777287,80
6,17,last,0.0015280128733138553,0.005484842012810987,80
6,18,last,0.0002465182129526511,0.005092362585128285,80
6,19,last,-0.0017721337295370176,0.00867578040342778,80
6,20,last,-0.0006586260948097334,0.010304560963413678,80
6,21,last,-0.0062077862079604525,0.014153951832849999,80
6,22,last,0.001179968228098005,0.011676734912907705,80
6,23,last,0.0003744175730389543,0.0031023592615383676,80
6,24,last,0.0011309825582429766,0.004684334425837733,80
6,25,last,0.0007258451616507955,0.004259566134714987,80
6,26,last,-7.371587562374771e-05,0.0029027114185737448,80
6,27,last,0.0005975837222649716,0.0057266656032879835,80
6,28,last,-0.00011034176477551228,0.0012055972043526707,80
6,29,last,0.00015194745574262925,0.003555337266152492,80
6,30,last,0.000768120183784049,0.0026646274360246024,80
6,31,last,-0.00039852772824815473,0.001212063304046751,80
6,0,suffix,-0.002364562312959606,0.02489372073314371,80
6,1,suffix,0.005692261334115756,0.01573579588693974,80
6,2,suffix,-0.002683593993242539,0.004678571501972329,80
6,3,suffix,0.0023351876878223267,0.01317529239659052,80
6,4,suffix,-0.002628473173990642,0.021395992233465222,80
6,5,suffix,-0.0037856576131162,0.04602105160265637,80
6,6,suffix,0.004139559929899406,0.021371073271438945,80
6,7,suffix,0.003662886812162469,0.06533443453990913,80
6,8,suffix,-0.0011849215788060975,0.03599247237880263,80
6,9,suffix,-0.0008744147404286196,0.00812304409864737,80
6,10,suffix,-0.0003911953304850613,0.032217594847861616,80
6,11,suffix,-0.009329853175131575,0.022209118304726872,80
6,12,suffix,-0.013889224029844627,0.06236022936209338,80
6,13,suffix,-0.029534648527624087,0.05752233808161691,80
6,14,suffix,0.012982074851970537,0.027881756691567717,80
6,15,suffix,-0.001766908591525862,0.09332849876009278,80
6,16,suffix,-0.0017135389482064057,0.036760113737727806,80
6,17,suffix,-0.003862763076176634,0.015748783700837522,80
6,18,suffix,-0.003939338152849814,0.057520777411264136,80
6,19,suffix,0.008246103578494512,0.018485742684060825,80
6,20,suffix,-0.012263405177509411,0.12049678111507092,80
6,21,suffix,-0.002221821837883908,0.16029685868270463,80
6,22,suffix,-0.07183739460306242,0.2974182690755697,80
6,23,suffix,-0.0008788571049080929,0.027423242787699566,80
6,24,suffix,-0.0029995554092238307,0.012241419687961752,80
6,25,suffix,0.0028859527421445817,0.014332691289746435,80
6,26,suffix,0.0009406946439412423,0.009595184990030248,80
6,27,suffix,-0.0011754132006899453,0.00806145779279177,80
6,28,suffix,0.004058916941221469,0.011660672562129548,80
6,29,suffix,-0.044395046670979356,0.18089311727890162,80
6,30,suffix,0.00478155263726876,0.029920085589310474,80
6,31,suffix,0.004128327343278215,0.01410059770605585,80
7,0,prefix,4.3854074658611355e-05,9.865126950217017e-05,80
7,1,prefix,1.6110768547150657e-05,1.6802652089609184e-05,80
7,2,prefix,-1.655747736322155e-05,3.0546642904027976e-05,80
7,3,prefix,-1.816874790847578e-05,5.755217731575613e-05,80
7,4,prefix,-9.406294225300371e-06,9.406294225300371e-06,80
7,5,prefix,-1.85128149951197e-05,1.85128149951197e-05,80
7,6,prefix,-3.809121868698639e-05,3.809121868698639e-05,80
7,7,prefix,-3.5941323858423858e-06,2.649917064445617e-05,80
7,8,prefix,2.9906980785199266e-05,4.677475628795946e-05,80
7,9,prefix,-5.466507440132773e-06,2.5146792182795252e-05,80
7,10,prefix,-2.9280576916335123e-05,2.9280576916335123e-05,80
7,11,prefix,2.0292138685817918e-05,2.0292138685817918e-05,80
7,12,prefix,-3.879727997855298e-05,3.879727997855298e-05,80
7,13,prefix,-6.5954836827586405e-06,2.2797524616180452e-05,80
7,14,prefix,1.8834915420029574e-05,5.035638586150526e-05,80
7,15,prefix,-2.7571608848120376e-05,3.677928432352928e-05,80
7,16,prefix,-2.5177939005516236e-05,2.5177939005516236e-05,80
7,17,prefix,3.001607989290278e-05,4.109777569283324e-05,80
7,18,prefix,1.4478510297522008e-05,2.2681191671836133e-05,80
7,19,prefix,-1.8085640203935326e-05,3.6652216772381506e-05,80
7,20,prefix,-9.880758500457888e-06,2.7212292900458122e-05,80
7,21,prefix,1.2143018534516158e-05,1.364740880944737e-05,80
7,22,prefix,-1.2486434695802017e-05,1.656047887763634e-05,80
7,23,prefix,2.0635722893302955e-05,2.0635722893302955e-05,80
7,24,prefix,-4.9838810184610335e-06,1.6409667313155297e-05,80
7,25,prefix,2.022010669406882e-05,4.0013735122101936e-05,80
7,26,prefix,2.0013415769426503e-05,2.0013415769426503e-05,80
7,27,prefix,-9.665873315611862e-06,1.2533033171280294e-05,80
7,28,prefix,3.125451542018709e-07,5.0155939044316254e-05,80
7,29,prefix,1.051510683964807e-05,1.79687721015398e-05,80
7,30,prefix,-5.1190221552133155e-05,6.227692181255406e-05,80
7,31,prefix,8.92659866167378e-06,1.491970408551424e-05,80
7,0,entity,0.03925468508095946,0.09711345066607464,80
7,1,entity,0.004867025403655134,0.05434575754625257,80
7,2,entity,0.0021726475126342846,0.06531437044322956,80
7,3,entity,0.0003472036409220891,0.012523662411331316,80
7,4,entity,-0.029601671176351374,0.04553515211082413,80
7,5,entity,0.05353457576420624,0.11703227692341897,80
7,6,entity,-0.01683836204392719,0.04302191001843312,80
7,7,entity,-0.011511974108725554,0.052052412981720406,80
7,8,entity,0.00045270434784470124,0.061245811953267545,80
7,9,entity,0.011128309838932182,0.03421587238099164,80
7,10,entity,0.003986719674503547,0.027097753539783297,80
7,11,entity,0.00575299278498278,0.03253723335874383,80
7,12,entity,0.002746485414536437,0.023505122011556523,80
7,13,entity,0.009716590413881931,0.03629549830948235,80
7,14,entity,0.003171612243750133,0.02969198686769232,80
7,15,entity,0.002952955940781976,0.012731334480122314,80
7,16,entity,0.008430136732931715,0.04540674656891497,80
7,17,entity,-0.008271409427834442,0.06283809564993134,80
7,18,entity,0.0009775626222108258,0.033093681776153974,80
7,19,entity,-0.011149812082294375,0.06312913721194491,80
7,20,entity,0.005093427299289033,0.04634605103346985,80
7,21,entity,0.027752027299720795,0.06670679149974604,80
7,22,entity,0.009918373265099945,0.04315411398783908,80
7,23,entity,-0.015516931376623688,0.08252914837867138,80
7,24,entity,0.0008222831596867763,0.0069445812545382065,80
7,25,entity,0.000502300457264937,0.005694986549860915,80
7,26,entity,0.001646941095168586,0.012126984312999411,80
7,27,entity,-0.0034162038449721877,0.011981376964104128,80
7,28,entity,-0.010233939212048427,0.032841951071168295,80
7,29,entity,0.0005441775647341274,0.04459301498282002,80
7,30,entity,0.0007700027133978437,0.024772971154743573,80
7,31,entity,-0.003511915741182747,0.035217709505741365,80
7,0,last,0.0006434024748159572,0.011283817610819823,80
7,1,last,0.0020452329321415164,0.008634626791172195,80
7,2,last,-0.004277448619541246,0.008314461559348275,80
7,3,last,-7.611251785419882e-05,0.005657627934124321,80
7,4,last,0.00342524560255697,0.011894807689532171,80
7,5,last,0.002842199066071771,0.013628174664336256,80
7,6,last,0.007005047835991718,0.03285092498117592,80
7,7,last,-0.0013913998292991892,0.012339143591816537,80
7,8,last,-0.000840993068413809,0.016919487167615443,80
7,9,last,0.0031733694369904695,0.019352726289071143,80
7,10,last,-0.009773379750549793,0.018926223809830844,80
7,11,last,0.0016704795198165812,0.008285809760855046,80
7,12,last,0.00011398873321013525,0.005279566602257546,80
7,13,last,0.002728558675153181,0.01158151911222376,80
7,14,last,-0.0016576893016463146,0.011666899817646481,80
7,15,last,0.001227518159430474,0.013589599169790745,80
7,16,last,0.003706455147766974,0.00655125633784337,80
7,17,last,-0.001489097445301013,0.003552082686655922,80
7,18,last,-0.0005258374119875952,0.009544094841112382,80
7,19,last,-0.00023369653790723534,0.001732071131846169,80
7,20,last,-1.5147525118663907e-05,0.008496460580499843,80
7,21,last,-0.003987809582031332,0.0249401646113256,80
7,22,last,0.0014496713163680397,0.008400963786698412,80
7,23,last,-0.0005362573458114639,0.00940253970620688,80
7,24,last,0.01420731822727248,0.02908669625176117,80
7,25,last,0.0008184833204722963,0.0031050052130012773,80
7,26,last,0.0009888328379020095,0.005823069298639893,80
7,27,last,-0.001811639067454962,0.003023697586468188,80
7,28,last,-0.011435845226515085,0.01634148135781288,80
7,29,last,0.006311210742569529,0.010248134992434644,80
7,30,last,0.0006748601495928597,0.00811551769656944,80
7,31,last,-0.0012707392059382982,0.005104232915618923,80
7,0,suffix,0.021593222036608496,0.07431127854360967,80
7,1,suffix,-0.10327006286170218,0.4190880983536772,80
7,2,suffix,-0.005909447261728928,0.03287646126664186,80
7,3,suffix,3.83198908821214e-05,0.014948958416789537,80
7,4,suffix,0.012351538357324898,0.04604394746129401,80
7,5,suffix,-0.01435985581483692,0.058061795878165866,80
7,6,suffix,0.024456913235189857,0.05355794919159962,80
7,7,suffix,-0.012743116833735257,0.06068184058240149,80
7,8,suffix,0.02197854629921494,0.08720572867750889,80
7,9,suffix,-0.02409395027643768,0.0997655880797538,80
7,10,suffix,-0.006955160884535872,0.03849244475131854,80
7,11,suffix,-0.01839215275267634,0.07345340892479726,80
7,12,suffix,-0.015562489474905305,0.032686660349645534,80
7,13,suffix,-0.006877576959959697,0.02929262288962491,80
7,14,suffix,0.0005816592110932106,0.04433330573992862,80
7,15,suffix,-0.006085868601803668,0.038548912218539046,80
7,16,suffix,-0.02208704886288615,0.037000083045859354,80
7,17,suffix,-0.02828198130682722,0.061611296470982777,80
7,18,suffix,-0.002792403664352605,0.04280446824777755,80
7,19,suffix,0.008894879227591445,0.05615049559528416,80
7,20,suffix,-0.004794323031092063,0.04622298617032357,80
7,21,suffix,0.01815462956437841,0.06948997080617118,80
7,22,suffix,0.00048107071015692784,0.020733650890542778,80
7,23,suffix,-0.012125917424054933,0.04704658286827908,80
7,24,suffix,0.0016996016220218735,0.028114213151638978,80
7,25,suffix,-0.0029178437960581506,0.007725892551206925,80
7,26,suffix,-0.00911100182274822,0.019725195423234254,80
7,27,suffix,0.0050118958095481505,0.009616794937574013,80
7,28,suffix,0.016966724098892882,0.11334865597600582,80
7,29,suffix,-0.05030877559220244,0.09938260678572988,80
7,30,suffix,-0.006999010996514699,0.04482744499619003,80
7,31,suffix,-0.016427824970742223,0.044300202644080855,80
8,0,prefix,3.0286087275044336e-05,3.73271703381306e-05,80
8,1,prefix,-3.528642790229242e-06,3.528642790229242e-06,80
8,2,prefix,-3.5992414979091336e-05,4.860219581246383e-05,80
8,3,prefix,-5.953051925189356e-07,7.2654637790492416e-06,80
8,4,prefix,-3.112635714614953e-05,6.929022898702897e-05,80
8,5,prefix,3.667899363790639e-05,9.931927543220809e-05,80
8,6,prefix,2.0351215289338144e-05,2.0351215289338144e-05,80
8,7,prefix,2.5220458883268294e-05,2.741703065112233e-05,80
8,8,prefix,9.224618969483344e-06,1.0844646959640159e-05,80
8,9,prefix,8.856602903506428e-06,3.138924041650171e-05,80
8,10,prefix,5.495199104643689e-06,1.399196993361329e-05,80
8,11,prefix,5.787002234569627e-06,2.9406864561565273e-05,80
8,12,prefix,-1.8232376248761284e-05,1.8232376248761284e-05,80
8,13,prefix,4.01218575348139e-05,8.862667153834991e-05,80
8,14,prefix,2.837044398802391e-05,3.438715480115206e-05,80
8,15,prefix,-3.1341065061951666e-05,3.1341065061951666e-05,80
8,16,prefix,6.722384728163888e-06,6.722384728163888e-06,80
8,17,prefix,-7.388617802916997e-07,4.952871660179881e-06,80
8,18,prefix,-6.499445919416758e-05,6.499445919416758e-05,80
8,19,prefix,-2.2071942430557102e-05,7.672833812648605e-05,80
8,20,prefix,-9.038129519467475e-07,1.0955579273286276e-05,80
8,21,prefix,-9.908000970426656e-06,9.908000970426656e-06,80
8,22,prefix,7.0575639938397215e-06,4.888599366950075e-05,80
8,23,prefix,4.1255938015183347e-05,4.2680033823216944e-05,80
8,24,prefix,-6.71411785674536e-05,7.419527684078275e-05,80
8,25,prefix,-7.1023870873432315e-06,3.000911289063879e-05,80
8,26,prefix,-1.7755369339056414e-05,7.46188366122169e-05,80
8,27,prefix,-1.8641927584894803e-05,9.988539553091868e-05,80
8,28,prefix,-1.2880718770702515e-05,2.2530545902554876e-05,80
8,29,prefix,7.499880416617088e-06,7.499880416617088e-06,80
8,30,prefix,4.063730743837368e-05,7.263728182351769e-05,80
8,31,prefix,-2.5474377395084956e-06,1.089087037655645e-05,80
8,0,entity,0.0011956626556639093,0.011278860618040199,80
8,1,entity,-4.134478785999818e-06,0.0018807543583534425,80
8,2,entity,0.0026603035970765633,0.02175656928229728,80
8,3,entity,0.00014787303334742318,0.007024864542472642,80
8,4,entity,0.0017586814414244146,0.04444933456252329,80
8,5,entity,-0.01101754689880181,0.07185396815475542,80
8,6,entity,-0.013549977324146312,0.052138623486098365,80
8,7,entity,0.01255356093242881,0.041590377996180906,80
8,8,entity,-0.00013618048797070514,0.014364689460853697,80
8,9,entity,-0.003736645136086736,0.011462121801014292,80
8,10,entity,7.684641859668772e-05,0.008321476883065771,80
8,11,entity,0.003073385634797887,0.008999578415659926,80
8,12,entity,-0.005245721757819411,0.01743916671985062,80
8,13,entity,0.009422966442070902,0.056852464436087755,80
8,14,entity,-0.0007457239094946999,0.01295351506996667,80
8,15,entity,-0.005691867083623947,0.03106384910115594,80
8,16,entity,-0.05729328324960079,0.12995787626423408,80
8,17,entity,0.029248222068054018,0.05548401546220703,80
8,18,entity,0.009909397212322802,0.06456819473241922,80
8,19,entity,0.05793625955702737,0.10102786075149198,80
8,20,entity,0.0006032034129020758,0.01011356477974914,80
8,21,entity,-0.007920037995791062,0.039621370343957095,80
8,22,entity,-0.011271569570817519,0.05031705214205431,80
8,23,entity,0.009924397566646804,0.048238437018881086,80
8,24,entity,-0.004135262186900945,0.028737052453652722,80
8,25,entity,0.020212414359411922,0.046540168008505134,80
8,26,entity,-0.0034229361179313857,0.022482749908886036,80
8,27,entity,-0.01599378351820633,0.03933812744508032,80
8,28,entity,-0.0009481181348746758,0.008781601496411894,80
8,29,entity,0.0017183655480039306,0.017657220696855803,80
8,30,entity,-0.012050808581261663,0.045483509201585545,80
8,31,entity,0.004432206714773202,0.026743183206781394,80
8,0,last,-0.0036538066779030487,0.011009757066494786,80
8,1,last,-0.0011276390214334242,0.00881897842482431,80
8,2,last,-0.004946931794984266,0.01218875209451653,80
8,3,last,-0.001897044160432415,0.006726993007032433,80
8,4,last,0.0029722528473939747,0.019302070239791646,80
8,5,last,-0.0026438659580890088,0.028346565406536683,80
8,6,last,0.011835555762809235,0.01659493156912504,80
8,7,last,0.004503184792702087,0.014794384015840479,80
8,8,last,-0.004765532549936324,0.017831439175643025,80
8,9,last,0.0028715111286146565,0.009709001457667909,80
8,10,last,-0.0037939873145660385,0.008365068191778846,80
8,11,last,-0.0010164481420360972,0.003588956487510586,80
8,12,last,0.0026589942135615274,0.006939454856910743,80
8,13,last,-0.004545897402567789,0.009998650726629421,80
8,14,last,0.0007375010318355635,0.0044076578196836635,80
8,15,last,-0.006564130408514756,0.014249291321903002,80
8,16,last,0.0009261672967113554,0.016648377280216665,80
8,17,last,-4.758374416269362e-05,0.029030293744290246,80
8,18,last,0.004324869735864922,0.016352976072812452,80
8,19,last,-0.0006475235568359494,0.015329429670237005,80
8,20,last,-0.004030524572590366,0.01110146993305534,80
8,21,last,0.0029557591420598327,0.010265207011252641,80
8,22,last,0.0033761251674150118,0.010132648579019587,80
8,23,last,0.0026847498986171557,0.011031499816454016,80
8,24,last,0.0026663617900339887,0.006666006240993738,80
8,25,last,0.015244985389290377,0.030566155392443763,80
8,26,last,-0.002868978859623894,0.014422791247488931,80
8,27,last,0.002430263251881115,0.011614967355853878,80
8,28,last,0.0023473677851143294,0.005313964020751882,80
8,29,last,-0.008332904963754117,0.01631725365296006,80
8,30,last,0.003569809114560485,0.023717293003574013,80
8,31,last,-0.004252047219779342,0.01637577739311382,80
8,0,suffix,0.006092580578842899,0.01941998467518715,80
8,1,suffix,-0.009316381920871208,0.014344075574808813,80
8,2,suffix,-0.011034545861912192,0.03214687190265977,80
8,3,suffix,-0.009341613139622496,0.022242052579895245,80
8,4,suffix,0.05677319674141472,0.11798780946919578,80
8,5,suffix,-0.03399202017608331,0.13161017004895256,80
8,6,suffix,-0.1488006002160546,0.31609163747125424,80
8,7,suffix,0.025731960226403318,0.08154186903484514,80
8,8,suffix,-0.002637336201587459,0.043788901736115805,80
8,9,suffix,-0.006482931559003191,0.03099896939165774,80
8,10,suffix,0.01393610519953654,0.02325668226912967,80
8,11,suffix,-0.002239477675357193,0.011953567311320513,80
8,12,suffix,0.0005897004710277542,0.031823213832103646,80
8,13,suffix,-0.019844814721727742,0.06935991400387138,80
8,14,suffix,-0.009293035214795964,0.024101536590751493,80
8,15,suffix,0.03955840356466069,0.06889929288263374,80
8,16,suffix,-0.11982967583899154,0.3226387480579433,80
8,17,suffix,0.03530261305349995,0.183987869280827,80
8,18,suffix,0.0017314162840193603,0.0771996479765221,80
8,19,suffix,-0.009487683522456792,0.4961804676466272,80
8,20,suffix,0.004383637394494144,0.022643891226471168,80
8,21,suffix,-0.00738735395934782,0.02633936451675254,80
8,22,suffix,0.012305024035595125,0.048073286339786137,80
8,23,suffix,-0.011910074060870102,0.05138768984688795,80
8,24,suffix,0.022552743350388482,0.06430515239189845,80
8,25,suffix,0.022318102333520072,0.1654206367311417,80
8,26,suffix,-0.009172220762411597,0.028502976293384562,80
8,27,suffix,-0.01599346638395218,0.06907688550272724,80
8,28,suffix,0.003536631254610256,0.02525033208912646,80
8,29,suffix,-0.0035446259389573243,0.07135081877277116,80
8,30,suffix,-0.008356472072773614,0.13191235328267795,80
8,31,suffix,0.010047762565955054,0.07350215146288974,80
9,0,prefix,0.00019444676686362073,0.0002651518961556576,80
9,1,prefix,-2.3405604889603637e-05,5.181147344615056e-05,80
9,2,prefix,-1.7343976480788115e-05,6.448104189757942e-05,80
9,3,prefix,-8.365030055301759e-05,8.365030055301759e-05,80
9,4,prefix,-4.039116138301324e-05,6.349295795189391e-05,80
9,5,prefix,-9.72251505118038e-05,0.00015029997739475222,80
9,6,prefix,-1.0071723863802617e-05,6.989956423240074e-05,80
9,7,prefix,-3.952601729224625e-05,3.952601729224625e-05,80
9,8,prefix,-5.9643057534231046e-05,7.333012351864454e-05,80
9,9,prefix,2.5571264177415288e-05,0.00010052783100036322,80
9,10,prefix,1.984259706659941e-05,2.3737570427329046e-05,80
9,11,prefix,-1.7925887010505904e-05,1.7925887010505904e-05,80
9,12,prefix,1.0638090003567413e-05,3.9567678669527595e-05,80
9,13,prefix,-3.226594311627196e-05,6.10817935353225e-05,80
9,14,prefix,1.0374630416265519e-05,3.1820852704811387e-05,80
9,15,prefix,2.0106539761854946e-05,2.0106539761854946e-05,80
9,16,prefix,1.2306758105751214e-05,1.2892111578821641e-05,80
9,17,prefix,-2.0375218537083128e-05,2.0375218537083128e-05,80
9,18,prefix,-3.969228596361063e-05,5.889722810934472e-05,80
9,19,prefix,1.655587041682338e-05,7.245626213148171e-05,80
9,20,prefix,2.6474154140032625e-07,2.0339844652994543e-05,80
9,21,prefix,9.968486403977295e-06,1.0971985568630771e-05,80
9,22,prefix,-5.4367485915918225e-06,3.0474854969497756e-05,80
9,23,prefix,-2.5414816485636037e-05,2.5414816485636037e-05,80
9,24,prefix,3.3479227170118973e-06,3.3479227170118973e-06,80
9,25,prefix,3.1928076396070537e-06,8.000151228770847e-06,80
9,26,prefix,-2.512216326522321e-07,1.6954757876419534e-05,80
9,27,prefix,1.1361003544152482e-06,1.7674855826044222e-05,80
9,28,prefix,1.3252720168566157e-05,2.9357833614085394e-05,80
9,29,prefix,1.922760282013769e-06,6.234812782395238e-05,80
9,30,prefix,6.0104634030722085e-06,3.691940814860572e-05,80
9,31,prefix,1.5028397145044892e-05,2.5689176702314853e-05,80
9,0,entity,0.001984141059074318,0.042076505140721567,80
9,1,entity,0.004270174662815407,0.027549913761322386,80
9,2,entity,0.0020151503129454797,0.01805681710320641,80
9,3,entity,0.015917245857417585,0.03472356063430197,80
9,4,entity,0.004027408730689785,0.01421679409359058,80
9,5,entity,-0.008583938017545733,0.05348981832357822,80
9,6,entity,0.009699016844388097,0.05276212250173558,80
9,7,entity,0.00146863746267627,0.018975254768884044,80
9,8,entity,-0.009164304343721596,0.04270259787517716,80
9,9,entity,-0.009408006459125318,0.061683940640068616,80
9,10,entity,0.016569730704941322,0.05803508137032622,80
9,11,entity,-0.0025978752055380028,0.06726666505055619,80
9,12,entity,-0.0011861699197652342,0.009518626623412274,80
9,13,entity,-0.0007213960019726073,0.010600233431978268,80
9,14,entity,0.00030013971645530545,0.008948010212952795,80
9,15,entity,0.0005463891478939331,0.004593476819172793,80
9,16,entity,0.005176089284941554,0.04258382420230191,80
9,17,entity,-0.021411685250495794,0.05080870306774159,80
9,18,entity,-0.0017163547912787181,0.05406298825910198,80
9,19,entity,0.01070192055485677,0.04187217534927186,80
9,20,entity,0.00367620622710092,0.014223638398834736,80
9,21,entity,-0.001545440516929375,0.010528108603466535,80
9,22,entity,0.003447557937033707,0.021632577124546516,80
9,23,entity,-0.002417354022327345,0.017456743065849878,80
9,24,entity,-0.00351545950416039,0.020685967316785535,80
9,25,entity,-0.00037435915919559193,0.004569801010165975,80
9,26,entity,-0.0012867600620666054,0.01674329827146721,80
9,27,entity,0.0007902772629336142,0.0016724469530913666,80
9,28,entity,-0.011934171363827772,0.03457239617710002,80
9,29,entity,0.004704734304687009,0.01710336479882244,80
9,30,entity,0.004823523091545212,0.01707021301444911,80
9,31,entity,0.0017374314902554033,0.0120090500004153,80
9,0,last,-0.0007386465033050627,0.025263314257608728,80
9,1,last,-0.008835023443680257,0.0375720925279893,80
9,2,last,-0.0004202547308523208,0.015075344016076997,80
9,3,last,-0.0019360880221938714,0.018865123446448705,80
9,4,last,-0.0020051271087140774,0.009557061489613262,80
9,5,last,-0.0037934982508886607,0.02553193611674942,80
9,6,last,-0.000871284311870113,0.01649249698384665,80
9,7,last,0.001615743906586431,0.011658306248136796,80
9,8,last,-0.004738788711256348,0.017163190941209903,80
9,9,last,0.0010779087606351823,0.01519042961881496,80
9,10,last,7.236512610688805e-05,0.023482261737808586,80
9,11,last,-0.001919216915848665,0.01895829204877373,80
9,12,last,0.007443467623670585,0.017305313472752458,80
9,13,last,0.0016224879887886345,0.014883770002052188,80
9,14,last,-0.001110947670531459,0.008588679964304902,80
9,15,last,0.0010997235833201558,0.014607198123121634,80
9,16,last,0.0020778390375198797,0.012431060426752082,80
9,17,last,-0.00668805023888126,0.030604591278824957,80
9,18,last,-0.013205101594212464,0.03905406756966841,80
9,19,last,0.006174389773514121,0.03397831999463961,80
9,20,last,-0.0020220835285726935,0.018774803198175503,80
9,21,last,0.0006986951775616035,0.010901423837640322,80
9,22,last,0.013282117998460307,0.03210615831776522,80
9,23,last,-0.01107590482570231,0.019796669646166266,80
9,24,last,0.0018388807511655614,0.032380868835025466,80
9,25,last,-0.0007979430945852072,0.0018049481968773762,80
9,26,last,-0.00209787494095508,0.008384778970503248,80
9,27,last,0.0014002682626596652,0.010747177722805645,80
9,28,last,0.0013330253132153302,0.04226420194027014,80
9,29,last,-0.006154701195191592,0.023860820417758076,80
9,30,last,-0.007213957313797437,0.023991719030891544,80
9,31,last,0.02078808514634147,0.04491299559595063,80
9,0,suffix,0.007193105304031633,0.11181146242597606,80
9,1,suffix,-0.09832479203178082,0.20867552293057087,80
9,2,suffix,-0.005193451781815383,0.043418871630274226,80
9,3,suffix,-0.011880532222858165,0.0357117418301641,80
9,4,suffix,0.00423414740289445,0.03401300217738026,80
9,5,suffix,-0.059733680717181416,0.11087201542104594,80
9,6,suffix,0.038855943114322146,0.12048272381944117,80
9,7,suffix,0.01851303337389254,0.043325934447784674,80
9,8,suffix,0.0005266449239570648,0.05188519960502162,80
9,9,suffix,-0.030103573448286625,0.04423201007230091,80
9,10,suffix,-0.026459827856888295,0.07357266456310754,80
9,11,suffix,-0.05458769838951412,0.1340329075806949,80
9,12,suffix,0.011122793004324194,0.043392316346580626,80
9,13,suffix,-0.008518048478435958,0.0365388495301886,80
9,14,suffix,0.0015043842220620717,0.027030088712490397,80
9,15,suffix,-0.005704813898773864,0.01504393864015583,80
9,16,suffix,-0.03988816516648512,0.06718857384694274,80
9,17,suffix,0.03156492181296926,0.07666485410300083,80
9,18,suffix,-0.008186336558719632,0.09534202341892524,80
9,19,suffix,-0.03598168894968694,0.06673530248372117,80
9,20,suffix,-0.006984053687483538,0.04997421689186012,80
9,21,suffix,0.037214284615038194,0.05459185868312488,80
9,22,suffix,-0.006767162383039249,0.05165486801924999,80
9,23,suffix,-0.01595219735027058,0.05126565023820149,80
9,24,suffix,-0.046209794640890325,0.08984652976796496,80
9,25,suffix,0.0020753418479216635,0.009480888985308411,80
9,26,suffix,-0.040228972049226285,0.09666552422204404,80
9,27,suffix,0.0033574926372239135,0.017052187240551575,80
9,28,suffix,-0.009125690571090672,0.08305104134924476,80
9,29,suffix,0.0021820395988470407,0.03342716941042454,80
9,30,suffix,-0.00754293880527257,0.04973855417119921,80
9,31,suffix,0.008554833710513776,0.0434801354080264,80
10,0,prefix,-9.238277766030479e-05,0.00013203605339526803,80
10,1,prefix,1.5955048466764767e-05,1.5955048466764767e-05,80
10,2,prefix,2.4298531582189752e-05,2.4298531582189752e-05,80
10,3,prefix,-3.117069681053408e-05,3.9975132814618064e-05,80
10,4,prefix,5.902612730324108e-05,9.726191673280482e-05,80
10,5,prefix,-9.763183527411457e-07,2.085843687495981e-05,80
10,6,prefix,2.221857516815362e-06,1.4734061528542952e-05,80
10,7,prefix,2.9506993712402617e-06,2.4687170520110157e-05,80
10,8,prefix,-9.265891259246928e-06,9.265891259246928e-06,80
10,9,prefix,-1.9926372920053838e-05,1.9926372920053838e-05,80
10,10,prefix,-1.4248371917346958e-05,3.333391869091429e-05,80
10,11,prefix,-1.957208169756086e-05,2.2856165020357367e-05,80
10,12,prefix,-1.3073631578208732e-06,3.9461078984004415e-06,80
10,13,prefix,6.059193509599936e-06,1.6014710172385094e-05,80
10,14,prefix,2.659014392776271e-05,3.447986687916682e-05,80
10,15,prefix,-2.0689069071977428e-05,2.4795375031771984e-05,80
10,16,prefix,2.660609874283182e-05,3.677406990618692e-05,80
10,17,prefix,2.3107552317469525e-05,2.3107552317469525e-05,80
10,18,prefix,4.276206732356514e-06,1.7884640556076192e-05,80
10,19,prefix,-2.4160257589755928e-05,4.666030777116248e-05,80
10,20,prefix,-2.9539915658460815e-06,2.1357298874136176e-05,80
10,21,prefix,3.767022805050147e-05,3.767022805050147e-05,80
10,22,prefix,-9.114468809912069e-06,3.381765535550585e-05,80
10,23,prefix,1.1893814871655195e-05,1.1893814871655195e-05,80
10,24,prefix,-1.9650110516522545e-07,0.00011076377554672945,80
10,25,prefix,1.8195350719452108e-06,1.650045446126569e-05,80
10,26,prefix,-2.0734097546437624e-05,2.0734097546437624e-05,80
10,27,prefix,-1.0075185139157839e-05,1.7769678117929287e-05,80
10,28,prefix,-6.766639722854962e-06,2.347537268292399e-05,80
10,29,prefix,1.4607202817273902e-05,2.666630573742168e-05,80
10,30,prefix,-8.37749960282963e-06,9.305663922987151e-05,80
10,31,prefix,4.209094100815491e-06,7.83347895207953e-06,80
10,0,entity,0.0003661004790046718,0.021026705472468165,80
10,1,entity,0.0016173860730305024,0.01054843903357323,80
10,2,entity,0.00030282580114544545,0.0070136797839495555,80
10,3,entity,-0.0017846992449449318,0.01019386690504689,80
10,4,entity,-0.00129677789800553,0.007090935719224945,80
10,5,entity,-0.0005058410109995748,0.003451630241215753,80
10,6,entity,0.0016912650869926437,0.00878128330805339,80
10,7,entity,-0.005249861555057578,0.013384242360189091,80
10,8,entity,-0.001136946105543757,0.005057199033035431,80
10,9,entity,0.0041862880229018625,0.02944767166627571,80
10,10,entity,7.615435606567189e-05,0.04167552876606351,80
10,11,entity,0.011110035990350297,0.02307579032094509,80
10,12,entity,-0.0002461807270265126,0.0009832004680902172,80
10,13,entity,-9.200871409120736e-06,0.0011195781149581307,80
10,14,entity,6.331982649498968e-06,0.0020349226399503095,80
10,15,entity,-0.0013051281133812155,0.011862995068440796,80
10,16,entity,0.0031227198953274636,0.020174897037213667,80
10,17,entity,0.012629726259910967,0.032405438121350015,80
10,18,entity,-0.012051317114310223,0.02211005214085162,80
10,19,entity,0.0005081617262476356,0.01764264871708292,80
10,20,entity,0.0026037499750600547,0.012769767505778873,80
10,21,entity,0.006394133823778248,0.011760477675852598,80
10,22,entity,0.001903724909061566,0.02171147734770784,80
10,23,entity,0.001203128415363608,0.008825319201423553,80
10,24,entity,0.04073956747815828,0.09157054302995675,80
10,25,entity,-0.007455529648723314,0.0158389488402463,80
10,26,entity,0.016943867656664224,0.04870989978007856,80
10,27,entity,-0.0019450985590083291,0.021224661805536015,80
10,28,entity,-0.000984351084116497,0.005340033507309272,80
10,29,entity,0.00047172537160804494,0.009301431873245747,80
10,30,entity,0.0012313400413404452,0.032447926669192384,80
10,31,entity,-0.0016049455764004961,0.002770917372254189,80
10,0,last,-0.0026849688263610007,0.035370528954081236,80
10,1,last,-0.007972950680414214,0.02496607953798957,80
10,2,last,9.508447692496703e-06,0.006475959262024844,80
10,3,last,0.0030269242473877967,0.016612995159812273,80
10,4,last,-0.0020851182503974996,0.006544738505908754,80
10,5,last,0.0025701153921545484,0.008600828667113092,80
10,6,last,-0.003973515960387886,0.01603762407321483,80
10,7,last,-0.002334495264221914,0.015789942958508617,80
10,8,last,-0.006459498484036885,0.01176160087052267,80
10,9,last,0.006388449616497383,0.01752020514686592,80
10,10,last,0.0026138645596802236,0.023300782532896847,80
10,11,last,0.001048218843061477,0.013450285297585652,80
10,12,last,0.0024473843281157316,0.005117936120950617,80
10,13,last,-0.0037853163259569554,0.008615966176148505,80
10,14,last,0.00281563354365062,0.010486049464088865,80
10,15,last,-0.006424913191585802,0.02843519848829601,80
10,16,last,0.006238997803302481,0.013549940142547711,80
10,17,last,-0.007169395254459232,0.025813737662974744,80
10,18,last,-0.003451617748942226,0.03620282205520198,80
10,19,last,0.00587182684103027,0.017107792082242668,80
10,20,last,0.0037742363521829246,0.018304890452418475,80
10,21,last,0.013516091238125227,0.019314258548547514,80
10,22,last,0.007141319382935762,0.020570414420217276,80
10,23,last,-0.0010296283930074424,0.007719892403110861,80
10,24,last,-0.03414543136022985,0.07154913602862507,80
10,25,last,-0.000620131118921563,0.03728349402663298,80
10,26,last,-0.006390645954525098,0.018571241857716813,80
10,27,last,0.04530962973367423,0.07760801671538502,80
10,28,last,0.0013848503615008668,0.007205166641506366,80
10,29,last,-0.00791008521337062,0.015923297277186065,80
10,30,last,0.01754689131048508,0.029092491354094818,80
10,31,last,-0.0012839008115406614,0.003080142245016759,80
10,0,suffix,-0.0010497492010472342,0.0842858610296389,80
10,1,suffix,0.00175235811911989,0.07238509244489251,80
10,2,suffix,0.00017920530126502854,0.011923383342127636,80
10,3,suffix,-0.009660720537794987,0.024413896089390617,80
10,4,suffix,-0.0004957323406415525,0.02515141924304771,80
10,5,suffix,-5.528857363970019e-05,0.007727629486180376,80
10,6,suffix,-0.005865970072409255,0.027337359601733623,80
10,7,suffix,0.00016781201520643663,0.028701401700891437,80
10,8,suffix,-0.002575586194143398,0.015719278221513377,80
10,9,suffix,-0.017500257281790256,0.03543266575215966,80
10,10,suffix,0.016152622712252197,0.06928046393586555,80
10,11,suffix,-0.012127127960047801,0.09548917333049758,80
10,12,suffix,-0.0012138623565988381,0.003907295427052304,80
10,13,suffix,0.001204632101507741,0.01613003312777437,80
10,14,suffix,-0.0037505710179175367,0.008374185966204095,80
10,15,suffix,-0.007454671583764139,0.03319018084403069,80
10,16,suffix,0.01779448687666445,0.03253549179280526,80
10,17,suffix,-0.02799097845418146,0.07542827229335672,80
10,18,suffix,-0.0706583025821601,0.13826373567426345,80
10,19,suffix,0.00010036383828264661,0.04987790663508349,80
10,20,suffix,-0.01613265526102623,0.059729532622441184,80
10,21,suffix,0.017775170760432956,0.04842329268794856,80
10,22,suffix,0.005109412215824704,0.0433452674842556,80
10,23,suffix,0.004352486116840737,0.02704482416229439,80
10,24,suffix,-0.12457399624981917,0.2164256918884348,80
10,25,suffix,0.006571874074870721,0.08220540196634829,80
10,26,suffix,0.02456995776301483,0.0504582023844705,80
10,27,suffix,-0.1366026272648014,0.32415498717455193,80
10,28,suffix,0.00828979778852954,0.023014296323162854,80
10,29,suffix,-0.012710992562642787,0.047527884585724677,80
10,30,suffix,-0.0027196713286684825,0.058628153512836435,80
10,31,suffix,0.0009364783736600657,0.0073317010532264245,80
11,0,prefix,6.046916440709538e-05,9.574992762964029e-05,80
11,1,prefix,6.652067079357949e-05,7.560476608432509e-05,80
11,2,prefix,-1.6297557272082487e-05,5.967311560652888e-05,80
11,3,prefix,0.00012746259158120666,0.00013659784358424076,80
11,4,prefix,1.9261443827645053e-05,1.9261443827645053e-05,80
11,5,prefix,6.519072633182077e-06,8.791566631316528e-06,80
11,6,prefix,-2.2081749136759754e-05,3.893523220313e-05,80
11,7,prefix,-1.24706202541347e-05,1.24706202541347e-05,80
11,8,prefix,1.2004657594388846e-05,1.2004657594388846e-05,80
11,9,prefix,-2.830760427627865e-05,2.830760427627865e-05,80
11,10,prefix,-1.650213166612957e-05,1.8834548336599254e-05,80
11,11,prefix,-3.06128944998818e-05,3.06128944998818e-05,80
11,12,prefix,2.154466894523921e-05,2.3262236797449987e-05,80
11,13,prefix,-5.958159783858719e-06,2.8442634800285305e-05,80
11,14,prefix,-3.9282272291529806e-05,3.9282272291529806e-05,80
11,15,prefix,-2.22993251668413e-05,5.3865076563397454e-05,80
11,16,prefix,2.8064399157301522e-05,3.0469873536276282e-05,80
11,17,prefix,-8.805654192656221e-06,1.1431232974246085e-05,80
11,18,prefix,-1.3047341269611934e-05,6.985047920124999e-05,80
11,19,prefix,7.490480436445068e-05,7.490480436445068e-05,80
11,20,prefix,-1.4037020224577646e-05,1.757872382199821e-05,80
11,21,prefix,2.8336536865936067e-05,3.116906086688687e-05,80
11,22,prefix,2.656694266534032e-05,2.656694266534032e-05,80
11,23,prefix,-5.101575183061868e-05,7.064268244221239e-05,80
11,24,prefix,0.00011547443098152144,0.00011547443098152144,80
11,25,prefix,1.8147077435060054e-05,2.0071188828296727e-05,80
11,26,prefix,-4.098589248542339e-05,4.4074815048134044e-05,80
11,27,prefix,9.91430014778416e-06,1.4724931969567478e-05,80
11,28,prefix,2.872877666959539e-05,2.872877666959539e-05,80
11,29,prefix,2.2190789849219072e-05,2.2190789849219072e-05,80
11,30,prefix,-8.242726664775546e-06,1.7336650637389538e-05,80
11,31,prefix,-1.6596595128248736e-05,4.005489165592735e-05,80
11,0,entity,-0.005586571924504824,0.028681530675385147,80
11,1,entity,-0.007284560445259558,0.030600983734620966,80
11,2,entity,-0.010993043825146742,0.043335274525452404,80
11,3,entity,0.02037903449527221,0.0654063434820273,80
11,4,entity,-0.010086901024078544,0.02330300830271881,80
11,5,entity,-0.0022691221888635482,0.004819549151125102,80
11,6,entity,-0.0017329125887044939,0.013385296552223735,80
11,7,entity,0.001210916221680236,0.008904350238663029,80
11,8,entity,-0.0021469293893460416,0.013357386810457682,80
11,9,entity,-0.0021435067890706707,0.015693468357858363,80
11,10,entity,0.0034615316173585596,0.0378858208488964,80
11,11,entity,0.005444434668606846,0.019024702259775948,80
11,12,entity,-0.00330266837918316,0.01008377201287658,80
11,13,entity,-0.0029319957437110135,0.022891180095029995,80
11,14,entity,-0.0020142463634329035,0.0215546790690496,80
11,15,entity,-0.00907416845948319,0.033376362994749796,80
11,16,entity,0.0383666092515341,0.05959609299170552,80
11,17,entity,0.00022068913604016415,0.027671955087134846,80
11,18,entity,0.0004421506673679687,0.02927643516595708,80
11,19,entity,0.0037449731040396727,0.05168120663292939,80
11,20,entity,-0.0007251941911817994,0.02565142137973453,80
11,21,entity,-2.4124264746205883e-05,0.019334774642629782,80
11,22,entity,0.004721024649916217,0.02993984036729671,80
11,23,entity,0.03281782160192961,0.06682018767605769,80
11,24,entity,-0.0023562540583952794,0.025024395276705035,80
11,25,entity,0.0004888269984803628,0.03797552278047078,80
11,26,entity,-0.006603060991619713,0.038147548807319256,80
11,27,entity,-0.0029288842219102663,0.028370436351542593,80
11,28,entity,-0.0003166172860801453,0.004020856622992142,80
11,29,entity,-0.0005438912792669725,0.00615028383272147,80
11,30,entity,-0.0009604020655388012,0.008913296100945444,80
11,31,entity,0.004086066910531372,0.02178984206111636,80
11,0,last,0.0014316494751255959,0.018231641274178402,80
11,1,last,0.06270538883982227,0.12360105820698664,80
11,2,last,-0.015218948840629309,0.0423409374547191,80
11,3,last,-0.020680795598309487,0.05463809262728318,80
11,4,last,-0.0034510213998146357,0.07545301130739972,80
11,5,last,-0.012551264720968902,0.022833300789352508,80
11,6,last,-0.0003980626352131367,0.01052755678538233,80
11,7,last,0.003634868445806205,0.012606677762232722,80
11,8,last,-0.00679229628876783,0.01317723587853834,80
11,9,last,0.03218490545405075,0.05615771574666724,80
11,10,last,0.008658417372498662,0.026358512334991247,80
11,11,last,-0.006453828961821273,0.04893263000412844,80
11,12,last,-0.004775982808496337,0.013190338791173418,80
11,13,last,0.0014568101614713669,0.030742387170903385,80
11,14,last,0.0060300727491267025,0.02709622826660052,80
11,15,last,-0.01292290911078453,0.021355115994811057,80
11,16,last,0.03535124422051013,0.05046793471556157,80
11,17,last,0.00979367778636515,0.04289965839125216,80
11,18,last,0.006200358923524618,0.034620236093178394,80
11,19,last,-0.024657854082761332,0.04568656444898807,80
11,20,last,0.005023090407485142,0.016722904815105723,80
11,21,last,0.005414263223065064,0.04298239916679449,80
11,22,last,-0.0005914941197261214,0.024226995394565166,80
11,23,last,-0.017026631569024175,0.07646204988704994,80
11,24,last,-0.019243696867488325,0.07522910300176591,80
11,25,last,-0.009657319716643542,0.04754462345736101,80
11,26,last,0.03950701113790274,0.08311433368362486,80
11,27,last,0.019245222868630663,0.05190824479213916,80
11,28,last,0.00012570740000228398,0.0027781547549238896,80
11,29,last,-0.00016397455110563896,0.0026145763469685333,80
11,30,last,-0.003647160004766192,0.008222306823881809,80
11,31,last,0.006195379496784881,0.023941672168439253,80
11,0,suffix,-0.00748672667396022,0.029655550331517587,80
11,1,suffix,-0.057571084989467634,0.11398087451816537,80
11,2,suffix,-0.04121117794129532,0.0757700410875259,80
11,3,suffix,0.03973651093547233,0.08575621445779688,80
11,4,suffix,-0.06550149677495938,0.23612840067071375,80
11,5,suffix,0.01305350718448608,0.023486827863052895,80
11,6,suffix,0.0052347657985592376,0.03393346176435443,80
11,7,suffix,-0.00022173770630615764,0.02261810695854365,80
11,8,suffix,0.01865614143462153,0.03618651010474423,80
11,9,suffix,-0.02832819131363067,0.05754162821322097,80
11,10,suffix,-0.11854381229059072,0.16085357699921587,80
11,11,suffix,-0.02232472500327276,0.0618944485715474,80
11,12,suffix,-0.021122457032470267,0.033614531024795724,80
11,13,suffix,0.027978245161648374,0.06557207018340705,80
11,14,suffix,0.005057003643014468,0.060930423333775255,80
11,15,suffix,-0.02945743613381637,0.051773136049450844,80
11,16,suffix,-0.00350497088074917,0.06028956811787793,80
11,17,suffix,-0.017540024609479586,0.0505512947376701,80
11,18,suffix,0.0031355231927591375,0.029259431011450943,80
11,19,suffix,-0.006210934795672074,0.11852061427780428,80
11,20,suffix,-0.030178584506211338,0.07947441068972694,80
11,21,suffix,-0.005847291020472767,0.15277150782421814,80
11,22,suffix,0.009055242480826564,0.07191170020087156,80
11,23,suffix,0.06824635199154727,0.15533063994371332,80
11,24,suffix,0.014154839339607862,0.12193889632617357,80
11,25,suffix,0.04807340258848854,0.17076259445166214,80
11,26,suffix,-0.04997854054090567,0.1741810483392328,80
11,27,suffix,-0.02551953112415504,0.09021310689568054,80
11,28,suffix,0.0008614758073235862,0.007603873538391781,80
11,29,suffix,-0.0013712084330109065,0.007742882428829034,80
11,30,suffix,-0.0024653651322296354,0.01135030249497504,80
11,31,suffix,0.0003773803193325875,0.04027133600429807,80
12,0,prefix,3.384436712394745e-05,5.534990417572771e-05,80
12,1,prefix,8.972371347226726e-06,1.447176973670139e-05,80
12,2,prefix,-4.560077874202761e-05,7.172471968033278e-05,80
12,3,prefix,-1.7263934859101936e-05,2.0577470803573305e-05,80
12,4,prefix,2.135392366540145e-05,3.771153077991585e-05,80
12,5,prefix,3.708351209752436e-06,3.137344381229923e-05,80
12,6,prefix,-4.4039028975362274e-05,4.431011500685145e-05,80
12,7,prefix,-1.1208951929120303e-05,1.1208951929120303e-05,80
12,8,prefix,2.9235193710519525e-05,6.504335142381024e-05,80
12,9,prefix,4.744549426050071e-06,4.631297389323663e-05,80
12,10,prefix,9.914534717836432e-06,1.0611035810370595e-05,80
12,11,prefix,-3.1444897101096106e-05,4.8491178930021306e-05,80
12,12,prefix,-0.000116801996000504,0.00012386112307467557,80
12,13,prefix,2.9941241518827155e-05,4.3235146904407884e-05,80
12,14,prefix,2.8836721003244748e-05,2.8836721003244748e-05,80
12,15,prefix,-1.140317460794904e-05,1.5930459335322665e-05,80
12,16,prefix,8.769026237587241e-07,3.2365139378498495e-05,80
12,17,prefix,3.325486270568945e-05,4.290960202979477e-05,80
12,18,prefix,1.9595918158188396e-05,3.6640461527781556e-05,80
12,19,prefix,-3.682184062654414e-05,8.126911386625579e-05,80
12,20,prefix,-6.874221473935904e-05,6.897004675465723e-05,80
12,21,prefix,1.5886145388321892e-05,1.6638829970361256e-05,80
12,22,prefix,2.071977514503942e-05,7.920849011782139e-05,80
12,23,prefix,-6.024960869126517e-05,0.0001081670683674929,80
12,24,prefix,1.3431626769033755e-06,1.1130872923104108e-05,80
12,25,prefix,6.0889149438025925e-06,3.5715726863827515e-05,80
12,26,prefix,4.216578255409331e-05,4.216578255409331e-05,80
12,27,prefix,-3.9907260293148285e-05,4.138141150633601e-05,80
12,28,prefix,1.2846941126554157e-05,1.5744018310215323e-05,80
12,29,prefix,-3.119424724218334e-06,2.771202260305472e-05,80
12,30,prefix,-2.7109297434435575e-05,7.46331112623011e-05,80
12,31,prefix,1.5295526043246355e-05,3.5881156634332e-05,80
12,0,entity,-0.004292013461963506,0.0208924336846394,80
12,1,entity,0.003831404891752754,0.009802499723809888,80
12,2,entity,-0.0004767645605170401,0.01090469766604656,80
12,3,entity,0.009350178112799767,0.024286321728141047,80
12,4,entity,0.0017081049125408753,0.009039995538478252,80
12,5,entity,-9.761871970113135e-05,0.011089688886750082,80
12,6,entity,-0.0032161269249627368,0.009414593615656486,80
12,7,entity,-0.0005715092025639024,0.006832673835015157,80
12,8,entity,-0.00015571103722322732,0.012923288836464052,80
12,9,entity,0.0041198456929123495,0.011833602141268783,80
12,10,entity,-0.001554421638866188,0.011919011907593813,80
12,11,entity,-0.004109103281007265,0.018535531894667657,80
12,12,entity,-0.0272029555082554,0.07437660037248861,80
12,13,entity,0.0019462249267235166,0.016984179370410857,80
12,14,entity,0.003755657384317601,0.018017068497283618,80
12,15,entity,0.013059468347637448,0.033780221613415054,80
12,16,entity,-0.0026827091664017645,0.007085117144742981,80
12,17,entity,-0.002510793387409649,0.010359472596246633,80
12,18,entity,-0.01568255430647696,0.029000487865778267,80
12,19,entity,0.013140958550866343,0.028289077997396817,80
12,20,entity,-0.0032141134532139405,0.037139742794170164,80
12,21,entity,0.001297248232185666,0.008885184266728175,80
12,22,entity,-0.0017744186965501286,0.022328698857199923,80
12,23,entity,-0.0018704502996115479,0.01566984358141781,80
12,24,entity,0.002007543281069957,0.017972010894300183,80
12,25,entity,-0.010235596337588504,0.02476308241894003,80
12,26,entity,0.0055431325443350945,0.02293303926307999,80
12,27,entity,-0.008007708390869084,0.028146231456412353,80
12,28,entity,-0.008758048826348386,0.01863461576758709,80
12,29,entity,-0.00021322164411685662,0.005869449607962452,80
12,30,entity,0.032724229581072,0.05917191716725938,80
12,31,entity,0.0018299155093700393,0.018403570868758833,80
12,0,last,-0.022109619248658417,0.037862569512799385,80
12,1,last,0.005637455359101295,0.03341006974224001,80
12,2,last,0.03378531720954925,0.05282472313847393,80
12,3,last,0.008357135078404099,0.030619890580419452,80
12,4,last,0.06035726779373363,0.09977583006257192,80
12,5,last,0.006648936145938933,0.04574594658333808,80
12,6,last,-0.008682145056081936,0.046126242907484995,80
12,7,last,-0.013193881209008395,0.0376057657180354,80
12,8,last,-0.044521973957307635,0.06486484773922711,80
12,9,last,0.042832764727063474,0.06820177340414375,80
12,10,last,0.03141017068992369,0.06184406108804978,80
12,11,last,-0.009996196860447526,0.07441285774111747,80
12,12,last,0.09739536852575839,0.1478664016816765,80
12,13,last,0.06686939885257744,0.10744661526405253,80
12,14,last,-0.040821388975018635,0.06289082347066141,80
12,15,last,0.053650221484713254,0.10820298960898071,80
12,16,last,0.0007972082355991005,0.017316944734193384,80
12,17,last,0.005051914305659011,0.01611890594358556,80
12,18,last,0.006521403446095064,0.021698628942249342,80
12,19,last,-0.0013106551225064323,0.013206154227373191,80
12,20,last,0.03360062823048793,0.07741606202325783,80
12,21,last,0.005279722041450441,0.02208493121434003,80
12,22,last,0.004889255575835705,0.046591241587884726,80
12,23,last,-0.02107430386822671,0.056047688820399344,80
12,24,last,0.02408885498298332,0.05373345197876915,80
12,25,last,0.046200896985828875,0.06715252159629018,80
12,26,last,0.0027941848733462394,0.03359012563014403,80
12,27,last,-0.014040609099902212,0.06685513665433973,80
12,28,last,-0.014883548906072974,0.064036316704005,80
12,29,last,0.013336761685786768,0.039868591382401064,80
12,30,last,-0.027241703250911086,0.04320654672337696,80
12,31,last,-0.05266951476223767,0.10409740996547043,80
12,0,suffix,-0.007852543040644377,0.04640148468897678,80
12,1,suffix,-0.0013442446004773955,0.02992689005259308,80
12,2,suffix,-0.012309596978593618,0.06610064081614837,80
12,3,suffix,0.001176710956497118,0.032933845612569713,80
12,4,suffix,-0.06281475123396377,0.08967001198179787,80
12,5,suffix,-0.07205674374854425,0.08891862624586792,80
12,6,suffix,0.03876341493159998,0.06621446305362041,80
12,7,suffix,0.05058098042936763,0.06992516814061674,80
12,8,suffix,0.000684965842810925,0.07967399725312134,80
12,9,suffix,0.10472026628413005,0.11701043948269216,80
12,10,suffix,-0.011375289018906188,0.052761740908317735,80
12,11,suffix,-0.04228343987779226,0.11910774041607511,80
12,12,suffix,0.04185676126508042,0.19038068623049184,80
12,13,suffix,-0.09205807124235435,0.16338348133576802,80
12,14,suffix,0.022088579865521752,0.055292280096909965,80
12,15,suffix,0.03408421752974391,0.1288015554076992,80
12,16,suffix,-0.009930690398323349,0.031370122070075016,80
12,17,suffix,0.01023209860904899,0.021119335174807928,80
12,18,suffix,-0.006186220013478305,0.031997152538679074,80
12,19,suffix,0.02912661790032871,0.04979132939770352,80
12,20,suffix,-0.04559980566846207,0.11880123654846102,80
12,21,suffix,0.0190998776757624,0.05347288090270012,80
12,22,suffix,-0.21673650595039362,0.3255853130904143,80
12,23,suffix,0.04516572460270254,0.06164046706835506,80
12,24,suffix,0.0007849948910006787,0.08133552614817745,80
12,25,suffix,-0.10515470790705876,0.1449134119102382,80
12,26,suffix,0.02578074483681121,0.08301266099369968,80
12,27,suffix,0.0708631813300599,0.11120123764922027,80
12,28,suffix,-0.25612148765067105,0.34896415466500913,80
12,29,suffix,-0.02852528138755588,0.05168976048153127,80
12,30,suffix,0.12225649877800607,0.29362059915438293,80
12,31,suffix,0.030594310589367523,0.2741208067920525,80
13,0,prefix,2.5311500098723628e-05,2.5311500098723628e-05,80
13,1,prefix,-1.0638400453899521e-06,1.225537673690269e-05,80
13,2,prefix,-1.5635940957281492e-05,1.5635940957281492e-05,80
13,3,prefix,-8.18870591956511e-07,1.886577875893636e-05,80
13,4,prefix,2.994897283770115e-06,1.4837138280654472e-05,80
13,5,prefix,-8.943226571034302e-06,2.2954116694506865e-05,80
13,6,prefix,-2.8410752847207733e-06,6.295285912472081e-06,80
13,7,prefix,-1.5786789778360343e-05,2.50127419874957e-05,80
13,8,prefix,-6.908055339067687e-05,9.14667921108503e-05,80
13,9,prefix,9.827936679585036e-06,1.6232823946893403e-05,80
13,10,prefix,1.0853457291659652e-05,1.0853457291659652e-05,80
13,11,prefix,-2.482748641341459e-07,5.792161698536802e-06,80
13,12,prefix,5.7485364152398685e-06,1.1166334724066474e-05,80
13,13,prefix,-2.185448274758528e-05,2.185448274758528e-05,80
13,14,prefix,-1.5279882515528697e-05,2.5089522969778956e-05,80
13,15,prefix,4.395165575488136e-06,2.9053881490881395e-05,80
13,16,prefix,9.894656927258438e-05,0.00014151885781643614,80
13,17,prefix,-7.427000934967509e-06,3.336162998266445e-05,80
13,18,prefix,-1.4834003084729375e-05,2.3732399014875227e-05,80
13,19,prefix,-2.3075185799825705e-05,3.1154650446296725e-05,80
13,20,prefix,-9.937714509078433e-08,1.048064593618392e-05,80
13,21,prefix,9.920782329686517e-06,3.514808268789693e-05,80
13,22,prefix,-1.951016471934963e-06,2.0600324680231098e-05,80
13,23,prefix,2.1786039553717274e-06,9.256056642925614e-06,80
13,24,prefix,-2.3374908269602202e-05,3.515649654275421e-05,80
13,25,prefix,4.726352085526742e-06,1.9400620681153667e-05,80
13,26,prefix,1.2031149827862464e-05,1.4342407172307504e-05,80
13,27,prefix,-4.055560657434398e-06,4.134959226576029e-06,80
13,28,prefix,0.00010247322079521836,0.00023202419515655492,80
13,29,prefix,-3.866895531245973e-06,3.866895531245973e-06,80
13,30,prefix,-2.739010850518753e-05,2.739010850518753e-05,80
13,31,prefix,6.716677037275077e-05,0.00012595966888966358,80
13,0,entity,0.00015452857132913778,0.015810694970241457,80
13,1,entity,0.0019733995188289553,0.012174810189389974,80
13,2,entity,0.0015910188922134694,0.01750115180257126,80
13,3,entity,0.0028719742460452833,0.008995013545973051,80
13,4,entity,-0.0009058374335836561,0.003200613264198182,80
13,5,entity,0.000774325414431587,0.003155369775458894,80
13,6,entity,0.00016498585473527782,0.0012963198380930407,80
13,7,entity,0.0011703817015586537,0.003514471954167675,80
13,8,entity,-0.003261769526579883,0.011989070848721894,80
13,9,entity,-0.0008896205617929809,0.007386379427407519,80
13,10,entity,-0.002137265155397472,0.010880435706712887,80
13,11,entity,-0.0015018042938663712,0.005469084081460096,80
13,12,entity,0.0005609567702776985,0.005394008309485799,80
13,13,entity,-0.002122444399174128,0.013676994797606312,80
13,14,entity,0.0002925605680502485,0.0046140326790919065,80
13,15,entity,-0.0005606342727332958,0.005567255625464895,80
13,16,entity,0.01439877583325142,0.030533946560171898,80
13,17,entity,-0.0006361580452903581,0.0064364441911493485,80
13,18,entity,-0.004609308116414468,0.014218486321260571,80
13,19,entity,-0.002612702749320306,0.01061085479304893,80
13,20,entity,0.0006945178904061323,0.004738430506040459,80
13,21,entity,-6.767310483155598e-05,0.005085048762839506,80
13,22,entity,-0.00021555384300881998,0.005580234595618095,80
13,23,entity,0.0011780443024690611,0.006898495688255934,80
13,24,entity,0.0010815396384714405,0.012270207862820825,80
13,25,entity,-0.0016144178893227946,0.011696603870404942,80
13,26,entity,-0.0004974901864443382,0.001496474255236535,80
13,27,entity,0.0007574601808755688,0.0035768163982083934,80
13,28,entity,0.031028042260732035,0.09717253455746686,80
13,29,entity,-0.004654352224679315,0.016649045575832133,80
13,30,entity,0.0036369594650750513,0.021126914065825987,80
13,31,entity,-0.010087926140113269,0.027839069794572423,80
13,0,last,-0.006350524188019335,0.10827418577391654,80
13,1,last,0.024628188996575772,0.07685044736135752,80
13,2,last,0.03388162776245736,0.06921324405702763,80
13,3,last,0.0014556211768649518,0.06840701663168147,80
13,4,last,-0.006967090652324259,0.02977315727621317,80
13,5,last,0.0047885321429930626,0.019470841594738886,80
13,6,last,-0.02840074338600971,0.041867390129482374,80
13,7,last,-0.016821754071861504,0.06980352480895817,80
13,8,last,-0.025277810671832414,0.1263981852098368,80
13,9,last,-0.015568675997201353,0.06221139625413343,80
13,10,last,0.005638095573522151,0.07591890951152891,80
13,11,last,-0.043902549461927266,0.15034368467750028,80
13,12,last,-0.028650186304003,0.07023867256939412,80
13,13,last,0.047147740644868465,0.10152629095828161,80
13,14,last,0.004345406196080148,0.02439238226506859,80
13,15,last,0.009030503098620102,0.033837313548428935,80
13,16,last,0.026896147662773727,0.09570324406959116,80
13,17,last,-0.029495921882335095,0.06109931572573259,80
13,18,last,-0.043612377950921655,0.143283683154732,80
13,19,last,-0.013689638231880963,0.05263988701626658,80
13,20,last,0.013941902341321111,0.03556402390822768,80
13,21,last,0.002484756533522159,0.053873330040369184,80
13,22,last,0.01853588277590461,0.03616508885170333,80
13,23,last,-0.013499503408093005,0.031195365299936384,80
13,24,last,0.0030267910682596267,0.04377834055339917,80
13,25,last,0.019196377880871297,0.046113858744502065,80
13,26,last,-0.002755828358931467,0.016575354483211412,80
13,27,last,-0.00015269492869265377,0.02785432059899904,80
13,28,last,-0.03454384168144316,0.09948472783435136,80
13,29,last,0.005411077989265323,0.04256536215543747,80
13,30,last,0.019549641688354314,0.14584607735741884,80
13,31,last,0.007183788390830159,0.12048166231252253,80
13,0,suffix,0.22979314528638498,0.3018584350880701,80
13,1,suffix,-0.10987644730048488,0.21525990867085057,80
13,2,suffix,-0.02812649269326357,0.07279348047013627,80
13,3,suffix,-0.0467129973199917,0.08669753345020581,80
13,4,suffix,-0.006343633947108174,0.0392395475464582,80
13,5,suffix,0.032591405423590916,0.05211861749412492,80
13,6,suffix,-0.001254319996223785,0.02453187765495386,80
13,7,suffix,-0.06094241286955367,0.09445368697233789,80
13,8,suffix,-0.006777347668685252,0.11064904533632217,80
13,9,suffix,-0.06179834009235492,0.09417638009617804,80
13,10,suffix,0.1400354201090522,0.16281917254673317,80
13,11,suffix,-0.3314691900857724,0.44629382613347846,80
13,12,suffix,-0.01922857064055279,0.12561269389116206,80
13,13,suffix,0.03703178524447139,0.11064389064267743,80
13,14,suffix,0.06261750455596485,0.07322922160965391,80
13,15,suffix,-0.03590593381231884,0.07078473395231413,80
13,16,suffix,0.10768171636591432,0.14725936261675088,80
13,17,suffix,0.0007205241767223924,0.06366994162381161,80
13,18,suffix,-0.0983544826754951,0.14589072869421216,80
13,19,suffix,-0.018857342006231192,0.0632036030976451,80
13,20,suffix,0.03540340879771975,0.0770998376996431,80
13,21,suffix,-0.05969977930362802,0.10414718527463265,80
13,22,suffix,0.008372316523309564,0.05325841438825592,80
13,23,suffix,-0.039485464000608775,0.06043784935027361,80
13,24,suffix,0.042799719885078955,0.06021190909013967,80
13,25,suffix,-0.04112706370797241,0.07283311442151899,80
13,26,suffix,-0.006221866195846815,0.021939493915851926,80
13,27,suffix,0.005132106864039088,0.020105626020085764,80
13,28,suffix,0.1510365316644311,0.26624424968613314,80
13,29,suffix,-0.03431993654303369,0.06354242639863514,80
13,30,suffix,-0.3436040882632369,0.43047697564179543,80
13,31,suffix,-0.1287793144467287,0.1704109105747193,80
14,0,prefix,7.678663595811486e-06,1.5850630100544548e-05,80
14,1,prefix,-3.0896910413957815e-05,3.0896910413957815e-05,80
14,2,prefix,3.5049187366098523e-05,3.5049187366098523e-05,80
14,3,prefix,1.746345317030773e-05,1.746345317030773e-05,80
14,4,prefix,-3.1276090956566806e-05,0.00011366772466487873,80
14,5,prefix,2.860551460770466e-06,3.866434996524503e-06,80
14,6,prefix,1.736670972718457e-05,1.736670972718457e-05,80
14,7,prefix,-1.4816912411674822e-06,1.5417297207420687e-05,80
14,8,prefix,1.2583361308315943e-05,3.613098724599695e-05,80
14,9,prefix,1.658611828361245e-05,1.658611828361245e-05,80
14,10,prefix,5.73077813328382e-06,7.27550353190054e-06,80
14,11,prefix,3.595767020669882e-06,2.7308600965625374e-05,80
14,12,prefix,3.000972789664047e-05,3.000972789664047e-05,80
14,13,prefix,-6.486353777290788e-06,4.6096859659883196e-05,80
14,14,prefix,3.0658669629701762e-06,6.012778710555722e-05,80
14,15,prefix,-1.28251964156334e-05,3.0847072628148454e-05,80
14,16,prefix,3.4994155384993064e-05,9.908830375024991e-05,80
14,17,prefix,-5.001696018780422e-06,1.398020487499707e-05,80
14,18,prefix,1.6432818881639832e-06,2.048911913448137e-05,80
14,19,prefix,1.9222546484343183e-06,1.1740445268060285e-05,80
14,20,prefix,-1.596707096496175e-06,1.407451144928018e-05,80
14,21,prefix,-7.572786091714079e-06,1.855986653254149e-05,80
14,22,prefix,-4.1203974433301486e-06,1.0101299949383247e-05,80
14,23,prefix,1.0235148221227063e-05,3.137479464498938e-05,80
14,24,prefix,3.088043263232976e-06,3.088043263232976e-06,80
14,25,prefix,-8.353042403541622e-07,5.35510760073521e-06,80
14,26,prefix,-2.6024109388345096e-05,6.765474315670872e-05,80
14,27,prefix,-1.4158026868926753e-05,1.6119334810582585e-05,80
14,28,prefix,-1.5623767234274054e-05,3.667062414365318e-05,80
14,29,prefix,6.263854260168955e-06,1.4948784661328319e-05,80
14,30,prefix,4.2546173881419234e-05,0.0001260981454379362,80
14,31,prefix,-3.3251890627639114e-06,1.554926448790184e-05,80
14,0,entity,-0.0019551020927792706,0.006489109941230709,80
14,1,entity,0.002077423481705409,0.0050132419835335895,80
14,2,entity,0.0003423328481858334,0.00602668048572923,80
14,3,entity,-0.00014135183741927903,0.0047795754665912685,80
14,4,entity,0.0004438905293227435,0.003771867674322493,80
14,5,entity,-0.0004919865208194097,0.003402362124370484,80
14,6,entity,0.00027217812594244607,0.005175589962436789,80
14,7,entity,-0.0022445541782872168,0.008384348034633149,80
14,8,entity,0.004329116344888462,0.024087060073361498,80
14,9,entity,0.004830226440390106,0.018607424113724846,80
14,10,entity,0.0014116441267105983,0.01505853107337316,80
14,11,entity,-0.0009601393983757589,0.016357561312179313,80
14,12,entity,-0.0030838672628306085,0.011771590661737719,80
14,13,entity,0.0008343922279891558,0.016029578767484055,80
14,14,entity,0.009126504418236436,0.043646829848148626,80
14,15,entity,-0.0021724545998949908,0.00936711795238807,80
14,16,entity,-0.0016740444472816308,0.02811849589270423,80
14,17,entity,0.0001927832452565781,0.005717451562850329,80
14,18,entity,0.00046219288515203516,0.004094298980908207,80
14,19,entity,-0.00016330764192389323,0.021233090044916025,80
14,20,entity,0.0008055723212237354,0.0036175691468088187,80
14,21,entity,0.0018727605741332809,0.011470499381266564,80
14,22,entity,-0.0005047360443313665,0.0041485399143311955,80
14,23,entity,-0.0008444595809123711,0.006946431143842346,80
14,24,entity,-0.009217809419897093,0.02624678554075217,80
14,25,entity,-0.007037750238123408,0.012681253602750076,80
14,26,entity,-0.002949006581911817,0.041167960001621394,80
14,27,entity,0.012902095400568215,0.03210587793691957,80
14,28,entity,0.0024178822508474696,0.008470536216373148,80
14,29,entity,-0.0018282982027812977,0.005638312155315362,80
14,30,entity,-0.000343603735382203,0.004238955796063237,80
14,31,entity,0.00015263434306689305,0.004867154343355651,80
14,0,last,-0.05576311361510307,0.11308054469991476,80
14,1,last,-0.021540674520656465,0.06819756133481861,80
14,2,last,0.033122360403649506,0.11573889378923922,80
14,3,last,0.010044104349799455,0.06858694951515645,80
14,4,last,-0.009575325797777623,0.03802662763046101,80
14,5,last,0.043094786338042465,0.07770301419077441,80
14,6,last,-0.059790585492737594,0.10701989673543721,80
14,7,last,0.008560235309414566,0.08922054038848728,80
14,8,last,0.028023628890514372,0.15053595090284944,80
14,9,last,-0.020557314169127493,0.11656384124653414,80
14,10,last,0.012186652014497668,0.0645140191190876,80
14,11,last,0.06417012305464595,0.11280794504564255,80
14,12,last,-0.03968950777780265,0.0705470701912418,80
14,13,last,0.03213171551469714,0.12353201636578888,80
14,14,last,-0.014289676665794105,0.05918574748793617,80
14,15,last,0.020199311524629594,0.04725988954305649,80
14,16,last,-0.013521051476709544,0.04883426991291344,80
14,17,last,-0.0011098064307589084,0.00790013037621975,80
14,18,last,0.014543512172531336,0.03397802002727986,80
14,19,last,-0.0007065954589052126,0.018321415208629333,80
14,20,last,-0.01178914807678666,0.045083518416504376,80
14,21,last,0.032426923117600384,0.07136065096128733,80
14,22,last,0.03192740511149168,0.1164053742773831,80
14,23,last,-0.030657393182627855,0.11720365944784135,80
14,24,last,0.053787655243650076,0.1708272209856659,80
14,25,last,0.0060009174980223175,0.07684716959483921,80
14,26,last,-0.06826116181910039,0.11358681316487491,80
14,27,last,-0.03294256673543714,0.07954604001133703,80
14,28,last,-0.01230495193740353,0.06130323488032445,80
14,29,last,0.024501567974220963,0.05779331437079236,80
14,30,last,-0.004985273163765669,0.06721878009848296,80
14,31,last,-0.016422920767217873,0.08133883285336196,80
14,0,suffix,0.01115790207113605,0.1093349562928779,80
14,1,suffix,-0.08673720164078987,0.10465892926295055,80
14,2,suffix,-0.09254722278710688,0.1797238447019481,80
14,3,suffix,-0.008901209390023724,0.09002002190682105,80
14,4,suffix,0.03154573805732071,0.0586417494174384,80
14,5,suffix,-0.06749285219848389,0.08698539669130696,80
14,6,suffix,0.03856458648006082,0.08830432475733688,80
14,7,suffix,-0.08040838752785931,0.1504886872935458,80
14,8,suffix,-0.01439989045902621,0.09901492900389712,80
14,9,suffix,0.07980873973137932,0.1086202939375653,80
14,10,suffix,-0.10124034246255179,0.11957589621306397,80
14,11,suffix,0.04830074970668648,0.09039718184212689,80
14,12,suffix,-0.019147882529068738,0.057931570494838526,80
14,13,suffix,-0.03256543223396875,0.11532670314772986,80
14,14,suffix,0.020968122791964562,0.13316526513372082,80
14,15,suffix,0.022433184590772724,0.04103903859067941,80
14,16,suffix,0.00399533011004678,0.05578417803990306,80
14,17,suffix,0.006265309785521822,0.015645933976338712,80
14,18,suffix,-0.005775817590983934,0.017622459412450553,80
14,19,suffix,0.003235715161281405,0.03337832789329696,80
14,20,suffix,-0.04842587010498391,0.059506444430735425,80
14,21,suffix,0.05680874100071378,0.09726735790609382,80
14,22,suffix,0.04778712070328765,0.08450295238071703,80
14,23,suffix,-0.12065663727553329,0.13494483779795702,80
14,24,suffix,-0.00672813329656492,0.2300161419545475,80
14,25,suffix,0.011258855530468282,0.06441681955038803,80
14,26,suffix,0.03374028333637398,0.059446878024027684,80
14,27,suffix,-0.019567782320518746,0.09509422361952602,80
14,28,suffix,-0.021100514439240214,0.19414424516908185,80
14,29,suffix,0.00025306645547971127,0.09519769873295444,80
14,30,suffix,0.11452224871172803,0.13575766696740174,80
14,31,suffix,-0.10800648239965085,0.22627418436750305,80
15,0,prefix,1.6696277043593e-06,8.505436551331513e-06,80
15,1,prefix,-1.5341246886180215e-06,2.200230711224549e-06,80
15,2,prefix,-1.6072344095618972e-07,3.574199179467996e-06,80
15,3,prefix,-3.2100270175305925e-08,3.2100270175305925e-08,80
15,4,prefix,-2.2205115328688408e-07,4.370033843770216e-06,80
15,5,prefix,2.6495371241708198e-05,2.6495371241708198e-05,80
15,6,prefix,-4.531788154054084e-05,4.531788154054084e-05,80
15,7,prefix,2.1080565102238324e-05,2.1080565102238324e-05,80
15,8,prefix,2.484316087247862e-06,3.498224077702616e-06,80
15,9,prefix,-2.733667594156941e-06,8.341466269712328e-06,80
15,10,prefix,4.386750941876017e-06,3.1746905693808e-05,80
15,11,prefix,-7.437786447894723e-06,2.5502682936462408e-05,80
15,12,prefix,3.4422284869606303e-06,8.619886605742976e-06,80
15,13,prefix,-3.31468138767832e-06,5.430217791513315e-06,80
15,14,prefix,-1.6176576878024206e-08,3.428137839023293e-06,80
15,15,prefix,2.798717642349402e-06,4.336642169278093e-06,80
15,16,prefix,4.22410719806976e-06,4.22410719806976e-06,80
15,17,prefix,-2.9225410133904007e-05,4.441619709609768e-05,80
15,18,prefix,9.022826418458862e-06,2.8546934265705205e-05,80
15,19,prefix,6.102562053911242e-07,7.981628112929683e-06,80
15,20,prefix,-7.629669028119678e-07,8.161044860344191e-06,80
15,21,prefix,-4.540293636523529e-06,5.959368647268093e-06,80
15,22,prefix,-2.2974437783318535e-06,2.584717684470661e-05,80
15,23,prefix,1.197995806023755e-06,2.171222450897403e-06,80
15,24,prefix,-2.540028572184383e-05,3.1977744993128e-05,80
15,25,prefix,2.834724000422284e-05,2.834724000422284e-05,80
15,26,prefix,3.7303687463463573e-07,4.155291929919258e-06,80
15,27,prefix,1.223499788807203e-05,1.223499788807203e-05,80
15,28,prefix,-4.0272438101851546e-05,7.594154454011459e-05,80
15,29,prefix,-1.4487700199339314e-05,2.05782181161851e-05,80
15,30,prefix,-1.3462050380042e-05,1.6528926467174186e-05,80
15,31,prefix,1.0496051243080728e-05,2.5064305464184145e-05,80
15,0,entity,-0.003593672427450656,0.01976664493158751,80
15,1,entity,-3.767296122703101e-05,0.0002598041646677984,80
15,2,entity,-9.379744712987304e-05,0.0003825883039326072,80
15,3,entity,-0.00014942341467758525,0.0006757503990229452,80
15,4,entity,-0.0010304462163730932,0.006613783261764183,80
15,5,entity,-0.0022120645251561656,0.008162600021387334,80
15,6,entity,0.009325269752298481,0.02193571480893297,80
15,7,entity,-0.001430017825896357,0.007492122987696348,80
15,8,entity,0.0007130246824090137,0.008439325557992561,80
15,9,entity,-0.005010216595837847,0.016648829430050683,80
15,10,entity,0.005589437781600282,0.0260267686273437,80
15,11,entity,-0.0013380299403252139,0.00854662334850218,80
15,12,entity,0.007322078025026713,0.026248502159432974,80
15,13,entity,-0.00026288504523108713,0.006590112840058282,80
15,14,entity,0.0009374433795528603,0.019895076396096556,80
15,15,entity,-0.001758316281984662,0.013022534495166837,80
15,16,entity,1.9045935914618894e-05,0.0020656916285588522,80
15,17,entity,-0.0008301045230382442,0.002280996053241324,80
15,18,entity,0.001221101366172661,0.005147844436578453,80
15,19,entity,-9.37306306695973e-05,0.003056352590920142,80
15,20,entity,0.00027193943433303505,0.006746306327022467,80
15,21,entity,-0.00013827314314767135,0.006621158877624112,80
15,22,entity,0.00047930201976669194,0.0029385134283529623,80
15,23,entity,0.0008702679764837739,0.005165020609751991,80
15,24,entity,-0.006669242111456697,0.03924337473399646,80
15,25,entity,-0.004918444008944789,0.016499633844796337,80
15,26,entity,0.00523241167084052,0.023380875045586436,80
15,27,entity,-0.00017276641719945473,0.008921876578278897,80
15,28,entity,2.9265888809959505e-05,0.000493112222562786,80
15,29,entity,-0.0002132903885694759,0.0009608277888901284,80
15,30,entity,9.847644866454175e-05,0.0003950279905723164,80
15,31,entity,0.006911462423340708,0.01767914018219017,80
15,0,last,0.07211665052454919,0.110700588603504,80
15,1,last,-0.0008799302049737889,0.002387566278775921,80
15,2,last,0.011082314609666355,0.01452843969746027,80
15,3,last,0.005435594092705287,0.011450475428136996,80
15,4,last,-0.01921357004903257,0.09855630993843079,80
15,5,last,-0.021129695989657193,0.07181932152016088,80
15,6,last,0.1533428927883506,0.3203787386417389,80
15,7,last,-0.24324442991055548,0.4134390970226377,80
15,8,last,0.01120754200965166,0.10716704963706433,80
15,9,last,-0.04437547498382628,0.14088931647129357,80
15,10,last,-0.046465337136760355,0.21908060186542572,80
15,11,last,0.10003825596068054,0.4313211468746886,80
15,12,last,0.013034339889418333,0.035442012350540605,80
15,13,last,0.005369486122799571,0.014688894986466038,80
15,14,last,-0.0173181917052716,0.053280349832493815,80
15,15,last,-0.005036769877187907,0.02661706117214635,80
15,16,last,-0.00039783851243555544,0.031203348701819778,80
15,17,last,0.009234231506707147,0.02103297593421303,80
15,18,last,-0.03400689763366245,0.0579032969137188,80
15,19,last,0.011807898781262339,0.0307969045243226,80
15,20,last,0.006945878663100302,0.07342854670714587,80
15,21,last,-0.03707750369794667,0.07678088066168129,80
15,22,last,0.00025146364932879803,0.01884561774786562,80
15,23,last,-0.026186369184870273,0.06553576838923618,80
15,24,last,-0.0123794945073314,0.11646447874372826,80
15,25,last,0.016907146968878805,0.09980201169382781,80
15,26,last,-0.012852311856113375,0.19668879436794667,80
15,27,last,-0.006234519532881677,0.044394768332131206,80
15,28,last,0.0034044251347950193,0.004172056190873264,80
15,29,last,-0.013209447200642899,0.028047333698486908,80
15,30,last,0.0016836297116242349,0.00216738141461974,80
15,31,last,0.01799763216986321,0.034845179883996026,80
15,0,suffix,0.002037384310642665,0.035635411603470855,80
15,1,suffix,0.0011362918467625605,0.0022626485335990763,80
15,2,suffix,0.007779065648696815,0.008265113966604076,80
15,3,suffix,-0.0013483742698554124,0.010692857207777707,80
15,4,suffix,-0.05050347539945506,0.3393396584346192,80
15,5,suffix,-0.04750936073542107,0.1317991016767337,80
15,6,suffix,0.17356745310680707,0.3929379537657951,80
15,7,suffix,-0.08592189336377487,0.2424618463501247,80
15,8,suffix,0.0024565454667026644,0.06201397742479457,80
15,9,suffix,-0.032349706305831206,0.06618606966803782,80
15,10,suffix,0.07992368938284926,0.14296331431833095,80
15,11,suffix,-0.028240881495003124,0.14330993100156775,80
15,12,suffix,0.005513822332250129,0.016534133927962102,80
15,13,suffix,-0.006109644866955932,0.009387067911302439,80
15,14,suffix,-0.011417367053945781,0.024524972166545922,80
15,15,suffix,0.0002359729627642082,0.014739813674168545,80
15,16,suffix,0.009142166167839605,0.013128282935031165,80
15,17,suffix,-0.021742022262696992,0.04361384604890191,80
15,18,suffix,-0.02107101665533264,0.051590835295064606,80
15,19,suffix,0.012025059625284485,0.03200229140811643,80
15,20,suffix,-0.00446593258457142,0.04518439355961164,80
15,21,suffix,0.010551968114305055,0.05740479727901402,80
15,22,suffix,0.013923641547080479,0.023517800515764974,80
15,23,suffix,-0.02163119092656416,0.04829641401374829,80
15,24,suffix,0.029692881810478865,0.08171110488474369,80
15,25,suffix,-0.021709120733794406,0.04563408276480914,80
15,26,suffix,-0.02230663461086806,0.09602318478791858,80
15,27,suffix,0.006112465269870882,0.04369775583636511,80
15,28,suffix,-0.0022599971571253263,0.01279671570418941,80
15,29,suffix,-0.013256337196617096,0.01686067380160239,80
15,30,suffix,0.006393618630409037,0.01057530439875336,80
15,31,suffix,-0.001505775137229648,0.015042001457004517,80
16,0,prefix,-8.92339771070283e-06,1.690490236541109e-05,80
16,1,prefix,5.712742402153026e-06,5.712742402153026e-06,80
16,2,prefix,-1.4284436785416688e-05,3.110840137061643e-05,80
16,3,prefix,8.28444132707773e-06,1.9748730284163685e-05,80
16,4,prefix,-6.623977928938984e-05,6.623977928938984e-05,80
16,5,prefix,-4.046924353815484e-05,0.00010024413248856944,80
16,6,prefix,-1.069499478987268e-05,2.4437871858395965e-05,80
16,7,prefix,-9.467846211919095e-07,2.9207644274720225e-06,80
16,8,prefix,-3.6729142969704755e-06,8.186696779688419e-06,80
16,9,prefix,3.555908925534368e-06,8.12292993543906e-06,80
16,10,prefix,-1.8791880322055477e-06,1.8791880322055477e-06,80
16,11,prefix,1.7115716772764243e-07,1.2138128489880272e-06,80
16,12,prefix,1.5672956777734725e-06,1.2622019639252358e-05,80
16,13,prefix,-8.82742498049538e-06,9.959171021023393e-06,80
16,14,prefix,-3.6276531488965703e-06,9.108209832220382e-06,80
16,15,prefix,-6.27800484664931e-06,1.6957689339847093e-05,80
16,16,prefix,-2.6464366843015342e-05,2.9256577104774805e-05,80
16,17,prefix,3.861869861339073e-05,7.372203517661547e-05,80
16,18,prefix,7.688135707439869e-06,1.161590695915038e-05,80
16,19,prefix,-7.030322430523484e-06,2.126040185146394e-05,80
16,20,prefix,-2.018313490168566e-05,6.15811183678261e-05,80
16,21,prefix,2.2556503935788897e-07,2.3895867371948045e-06,80
16,22,prefix,4.229928964605278e-06,1.172542696963319e-05,80
16,23,prefix,3.5947998114238546e-06,5.946299413039924e-06,80
16,24,prefix,7.228962681438134e-06,1.2474593324895977e-05,80
16,25,prefix,-6.798900244575634e-06,1.1830107052901439e-05,80
16,26,prefix,-1.3498058608263364e-05,2.0694659765752023e-05,80
16,27,prefix,-2.6887797507413324e-05,2.8675041163239713e-05,80
16,28,prefix,4.6161294505964175e-06,5.0250409401542125e-06,80
16,29,prefix,4.370049805402232e-06,2.2250611505114647e-05,80
16,30,prefix,4.771755464787475e-05,9.289182010832064e-05,80
16,31,prefix,-3.307207944089896e-05,3.411272282392019e-05,80
16,0,entity,-0.00014842523787592655,0.0018598143808958411,80
16,1,entity,0.00021526694741851314,0.0008407620588400278,80
16,2,entity,-0.0006060620079324508,0.002136970166998253,80
16,3,entity,-0.00023185954739801673,0.0016345670482905915,80
16,4,entity,0.0004949100090016145,0.006756319120540866,80
16,5,entity,0.0019470426879934165,0.004337173596309185,80
16,6,entity,-0.0004766364723082006,0.0029601543834587574,80
16,7,entity,-0.00037169844581512733,0.004290977601704072,80
16,8,entity,-0.0007953406211527181,0.0081248853035504,80
16,9,entity,-0.002085395224730746,0.02848438439241363,80
16,10,entity,0.003113993825536454,0.009290696157040656,80
16,11,entity,0.00020659704484842222,0.003985464985339604,80
16,12,entity,0.0009912965822422848,0.006823470861900205,80
16,13,entity,-0.0015801598423195173,0.006025712956784446,80
16,14,entity,0.0005393781013026455,0.006888654397926075,80
16,15,entity,0.0008312233171636763,0.005377537282129197,80
16,16,entity,-0.002412706739232817,0.012322599332583195,80
16,17,entity,0.0020311591995778146,0.009980288766200829,80
16,18,entity,0.00011842833810078446,0.008818535485988831,80
16,19,entity,-0.0006115258798672585,0.005756754776666639,80
16,20,entity,2.4875641365440515e-05,0.00026486683562296773,80
16,21,entity,-3.548531900605667e-05,0.0006970719920786905,80
16,22,entity,0.03696791622624005,0.12689815943176655,80
16,23,entity,0.00014002351434498904,0.00024283497250223717,80
16,24,entity,0.0015935209191866306,0.003962807159905424,80
16,25,entity,3.788765452554799e-05,0.007560578838547371,80
16,26,entity,-0.0008542171119415798,0.0029759611157487596,80
16,27,entity,-0.0002222143756625883,0.008267295383939199,80
16,28,entity,0.0007061720848014375,0.00341020956407192,80
16,29,entity,0.0005980534597256337,0.010680706910898152,80
16,30,entity,0.0017469923706812552,0.02449154739988444,80
16,31,entity,0.0012370017436296621,0.007509613914862712,80
16,0,last,0.0015312840754631908,0.01240454520448111,80
16,1,last,-0.0057599770807428285,0.0143857497459976,80
16,2,last,0.0111429508542642,0.029801362799480556,80
16,3,last,-0.015294740657554939,0.023942444956628606,80
16,4,last,-0.05817991129588336,0.1481493947794661,80
16,5,last,0.02579388045705855,0.04744553868658841,80
16,6,last,-0.036662214598618445,0.07689160618465393,80
16,7,last,0.024885243060998617,0.038609950128011404,80
16,8,last,-0.026701977569609882,0.17327544633299113,80
16,9,last,0.02485650950111449,0.183145398972556,80
16,10,last,0.0025607943767681717,0.0811962916282937,80
16,11,last,-0.0015302964020520449,0.08488408625125884,80
16,12,last,-0.03702937943162397,0.0634522890090011,80
16,13,last,-0.0697247727890499,0.10193018488353119,80
16,14,last,-0.030086312163621187,0.04417945861350745,80
16,15,last,0.07586852931417525,0.11922778766602278,80
16,16,last,-0.004401716298889369,0.04278544808039442,80
16,17,last,-0.05345711102709174,0.10452372273430229,80
16,18,last,-0.0313331400626339,0.10026719082379713,80
16,19,last,0.0105871724197641,0.08726453750859946,80
16,20,last,0.0003089649209869094,0.001040465427649906,80
16,21,last,0.004588608490303158,0.009688809706130997,80
16,22,last,-0.005459627532400191,0.026022824505344034,80
16,23,last,0.002629891871401924,0.004286998265524744,80
16,24,last,0.01017718159710057,0.03246456236229278,80
16,25,last,-0.029339199932292104,0.11744920634664595,80
16,26,last,0.008863754395861179,0.021169846050906927,80
16,27,last,-0.009968481969553977,0.07264763476559892,80
16,28,last,0.03820618060417473,0.07423349730670452,80
16,29,last,-0.12645917520858346,0.24187374557368457,80
16,30,last,-0.07415616041980684,0.16781395613215863,80
16,31,last,0.019099057069979608,0.10879277072381228,80
16,0,suffix,-0.0067961958115120066,0.020490189528754855,80
16,1,suffix,0.006891900013079067,0.01469774774727739,80
16,2,suffix,0.02068462422266748,0.023767247828982364,80
16,3,suffix,-0.022592209732647462,0.03298011792085163,80
16,4,suffix,-0.03716362597187981,0.1701598028317676,80
16,5,suffix,0.0012635090428375407,0.07263476678381267,80
16,6,suffix,0.07831956865911707,0.08632951774479806,80
16,7,suffix,-0.00712377327276954,0.024480643847573445,80
16,8,suffix,-0.00805119355854913,0.04833511112765336,80
16,9,suffix,0.007773398890594763,0.06770071754685887,80
16,10,suffix,0.010025306026273028,0.038657923801383734,80
16,11,suffix,-0.0010570295976322086,0.02619424162176074,80
16,12,suffix,-0.03665566785639385,0.053069779384532015,80
16,13,suffix,0.02944304742377426,0.058414461458232834,80
16,14,suffix,-0.021736400363033682,0.026651401984372568,80
16,15,suffix,0.013315938001687755,0.04434265131021675,80
16,16,suffix,0.020276570795249426,0.03888020530939684,80
16,17,suffix,-0.08735088176181308,0.10157986725389492,80
16,18,suffix,-0.004440628939846647,0.04129177384493232,80
16,19,suffix,-0.05488219237231533,0.0640471165686904,80
16,20,suffix,0.0020320827148907483,0.006497044322418333,80
16,21,suffix,0.001164245510744877,0.007000888460925126,80
16,22,suffix,0.016621489336102968,0.07038841418907396,80
16,23,suffix,-2.7787000362877733e-07,0.0021260568174511717,80
16,24,suffix,0.000599439072630048,0.028255411986265244,80
16,25,suffix,0.059099151936607086,0.09313262687974203,80
16,26,suffix,-0.036994316046548195,0.06115992374216148,80
16,27,suffix,-0.04116958356935356,0.05103552964683331,80
16,28,suffix,0.023718345303132084,0.030733133335161256,80
16,29,suffix,-0.04251470985291235,0.08734906235295056,80
16,30,suffix,-0.018271135438408238,0.07616666386311408,80
16,31,suffix,0.024520944556570612,0.046018550544249595,80
17,0,prefix,-6.695602614570362e-07,5.26499602457875e-06,80
17,1,prefix,-3.7314497241425217e-06,1.1280225960064172e-05,80
17,2,prefix,5.118492417466314e-06,1.2914402002195403e-05,80
17,3,prefix,7.756196896480106e-06,1.3231729144536076e-05,80
17,4,prefix,7.158029404763511e-07,1.8197575042222524e-05,80
17,5,prefix,6.3751139748546844e-06,1.659720848579127e-05,80
17,6,prefix,3.5047312923097704e-05,6.30950232050509e-05,80
17,7,prefix,-6.802532260508087e-06,1.4816216690860529e-05,80
17,8,prefix,3.502920118592101e-06,5.172168695821711e-06,80
17,9,prefix,-2.235440227593699e-06,3.494407262394361e-06,80
17,10,prefix,-2.563691793966427e-07,4.7248413750367035e-06,80
17,11,prefix,-8.400076006864765e-06,1.5577763440433047e-05,80
17,12,prefix,1.4252760524868791e-05,3.375043196456318e-05,80
17,13,prefix,2.1016162889964107e-06,4.594389494627649e-06,80
17,14,prefix,-4.091018033136606e-06,1.0139414720811147e-05,80
17,15,prefix,-1.8885256167777698e-06,1.9511614709699644e-06,80
17,16,prefix,-4.156236151686699e-06,1.179030096096767e-05,80
17,17,prefix,-1.4713780132069587e-06,4.509996844603847e-06,80
17,18,prefix,-1.1936025970271657e-06,6.2939927744309895e-06,80
17,19,prefix,7.120485960143696e-06,2.530017180575328e-05,80
17,20,prefix,-2.0746875435406764e-06,5.677887955357619e-06,80
17,21,prefix,-1.3417740807142308e-05,3.703652487416775e-05,80
17,22,prefix,8.54075290703804e-06,1.7706524630511922e-05,80
17,23,prefix,2.4150829119662375e-06,6.486898291768739e-06,80
17,24,prefix,-2.146932219915243e-06,2.146932219915243e-06,80
17,25,prefix,-9.717171337797482e-07,1.5105487022992748e-06,80
17,26,prefix,2.061512959983247e-06,2.061512959983247e-06,80
17,27,prefix,-7.47692763525265e-07,4.2968313323399345e-06,80
17,28,prefix,-6.793625366441347e-06,2.7621750439976723e-05,80
17,29,prefix,1.413348373091594e-06,1.413348373091594e-06,80
17,30,prefix,-8.878899954822828e-07,2.273067263303119e-06,80
17,31,prefix,6.354844386180502e-06,6.392335428984097e-06,80
17,0,entity,-0.0006872745105283684,0.005195402067511168,80
17,1,entity,-0.0006158402674827812,0.0052041471938082395,80
17,2,entity,-5.587133534845634e-05,0.0028452533754034447,80
17,3,entity,0.0007932964540486864,0.005776519329174334,80
17,4,entity,-0.0015493511255954217,0.008278395212710166,80
17,5,entity,-0.002462641578313196,0.01831242075058981,80
17,6,entity,0.003132123206887627,0.011805835603081506,80
17,7,entity,-0.0016447399608750858,0.0051256424161238105,80
17,8,entity,-0.00046073773792159044,0.0025846888362138997,80
17,9,entity,0.000584621408484054,0.0034533546174543516,80
17,10,entity,0.000243874243733444,0.0023396497684188946,80
17,11,entity,0.002517029489263223,0.007263418139064015,80
17,12,entity,0.001034518686356023,0.0209628174379759,80
17,13,entity,0.0010197761846939101,0.01069078930413525,80
17,14,entity,-0.0002578339858928302,0.003742949560978559,80
17,15,entity,0.004108422229728603,0.01568765025385801,80
17,16,entity,0.00023305157788513497,0.001021737044271731,80
17,17,entity,-0.0003257094988043718,0.0005454759238091355,80
17,18,entity,0.00013898339421984928,0.0019292613903758137,80
17,19,entity,-0.0012773423035241649,0.004832257184148148,80
17,20,entity,0.004807925858494854,0.007402037045812904,80
17,21,entity,-0.00015167562481792628,0.0019646824979759002,80
17,22,entity,-0.001449147833909592,0.00793877590763259,80
17,23,entity,0.0011527631309263598,0.0068198453863942635,80
17,24,entity,0.0008712467625855425,0.0034273922871534525,80
17,25,entity,-3.785231629080954e-05,0.0019658830176922494,80
17,26,entity,0.0009690552384199691,0.005570975266255118,80
17,27,entity,-0.000882824087921108,0.004915108597606377,80
17,28,entity,-0.0023425610457138645,0.003781185388618269,80
17,29,entity,0.001251302895389017,0.002908615265505432,80
17,30,entity,-0.0032605989978947035,0.007320363717644796,80
17,31,entity,0.00026739346560589183,0.007842716275604289,80
17,0,last,0.0006688645982649178,0.07841110665467568,80
17,1,last,0.0014098509505856781,0.035921120183775204,80
17,2,last,-0.0006217121495865286,0.019635755917988718,80
17,3,last,0.016344949975609778,0.04751562236342579,80
17,4,last,-0.013523542822804302,0.1011400668299757,80
17,5,last,-0.019395511562470345,0.18153132047737017,80
17,6,last,0.06500678083393722,0.18795415812637656,80
17,7,last,0.001594209630275145,0.033990033547161146,80
17,8,last,-0.018396735104033723,0.02339190589846112,80
17,9,last,0.004386340419296175,0.010762135038385167,80
17,10,last,-0.009210355597315357,0.022045887290732934,80
17,11,last,0.013833869498921559,0.023640642903046682,80
17,12,last,0.03787589820567518,0.12428848107811064,80
17,13,last,-0.014465448661940172,0.08006669179885648,80
17,14,last,-0.006314130063401535,0.025253604067256675,80
17,15,last,0.03923783767968416,0.10252484590746462,80
17,16,last,-0.005009295234049205,0.007639039379137102,80
17,17,last,0.0010579520327155477,0.012424633298360277,80
17,18,last,-0.019238635257352144,0.03990062571829185,80
17,19,last,-0.0005121215857798233,0.011521618973347358,80
17,20,last,-0.1782614870928228,0.31656425781548025,80
17,21,last,0.016872845776379108,0.05654400715138763,80
17,22,last,0.03302602677140385,0.09551247793715448,80
17,23,last,0.03168118533212692,0.10538790242280811,80
17,24,last,-0.0250525729265064,0.048571391287259756,80
17,25,last,0.0020218287245370448,0.02866116095101461,80
17,26,last,0.05331995270680636,0.21202388915698975,80
17,27,last,0.021341996395494788,0.055095370963681486,80
17,28,last,-0.0019991734210634605,0.023084737980389035,80
17,29,last,-0.019445533776888624,0.03731834537466057,80
17,30,last,0.005323949686135166,0.018800833253772,80
17,31,last,-0.009492116456385702,0.056139881222043185,80
17,0,suffix,-0.0013087302167377856,0.02232833742625644,80
17,1,suffix,0.002279340860650336,0.01524234492276264,80
17,2,suffix,-0.013904428915475364,0.0199304980108991,80
17,3,suffix,0.023970936047135183,0.031214858800467482,80
17,4,suffix,0.02422273203919758,0.0556528112894739,80
17,5,suffix,0.03176004268407269,0.06286225338681106,80
17,6,suffix,0.021788761286006774,0.08193877625453752,80
17,7,suffix,0.0010309938084901659,0.02174807850478828,80
17,8,suffix,0.013302240198208892,0.0223498483077492,80
17,9,suffix,-0.003091956647404004,0.006107141532265814,80
17,10,suffix,-0.00010475860381120583,0.007533724263521435,80
17,11,suffix,0.004312979874293887,0.013101676960332043,80
17,12,suffix,-0.023307108787048492,0.06029835916233424,80
17,13,suffix,0.029772287216701443,0.0547328560353435,80
17,14,suffix,0.012626043670206855,0.0167784747087353,80
17,15,suffix,-0.03729485990525063,0.0405720409148671,80
17,16,suffix,3.1420609366250575e-05,0.005589844624455509,80
17,17,suffix,-0.014219393168150418,0.017088951939786056,80
17,18,suffix,0.011663094736786662,0.013117228436976802,80
17,19,suffix,-0.0070151789749616,0.011042842652204853,80
17,20,suffix,-0.5782909548142016,0.5875528572242729,80
17,21,suffix,-0.015009286654094466,0.06703886538307416,80
17,22,suffix,0.2568748178087844,0.2619030985279096,80
17,23,suffix,-0.010301926320198617,0.03234886534669386,80
17,24,suffix,-5.6730085270828566e-05,0.03163704483595211,80
17,25,suffix,-0.0021188585340496504,0.017524855631745596,80
17,26,suffix,0.009357750254866914,0.04148989685049855,80
17,27,suffix,-0.004162181264837273,0.0216846270908718,80
17,28,suffix,0.09871246337024786,0.105696324937162,80
17,29,suffix,0.009757921940035885,0.037248593548792994,80
17,30,suffix,0.007525640297808422,0.010306081408452883,80
17,31,suffix,-0.03752933859768746,0.051621673617682974,80
18,0,prefix,3.525143783988938e-07,3.525143783988938e-07,80
18,1,prefix,5.675134227089984e-06,7.1560241764245806e-06,80
18,2,prefix,-4.911304564814145e-06,5.9628586043913854e-06,80
18,3,prefix,-2.986542895655475e-07,1.5352526517631303e-06,80
18,4,prefix,2.754274716210148e-06,6.590780800763696e-06,80
18,5,prefix,1.195337968340482e-06,2.440742277087793e-06,80
18,6,prefix,-2.167693829058237e-06,2.167693829058237e-06,80
18,7,prefix,1.612811801123826e-05,2.82812259797538e-05,80
18,8,prefix,8.192382530580744e-07,3.6952627745279187e-06,80
18,9,prefix,1.4557726668584792e-06,4.896709777213459e-06,80
18,10,prefix,-2.8549688096290994e-06,7.452392028994836e-06,80
18,11,prefix,3.91308359866116e-06,6.612579700515653e-06,80
18,12,prefix,-7.96254286541398e-06,7.96254286541398e-06,80
18,13,prefix,3.233869804120104e-06,8.637387700360933e-06,80
18,14,prefix,4.086037756678707e-06,1.3471033605583216e-05,80
18,15,prefix,4.1954399787158534e-06,4.1954399787158534e-06,80
18,16,prefix,-9.483730828208081e-07,2.2345909250987007e-06,80
18,17,prefix,1.3250356168725829e-06,1.5396347850327176e-05,80
18,18,prefix,-1.4714325011766505e-06,2.9927222975345558e-06,80
18,19,prefix,1.0877742198545092e-06,2.461696099942401e-06,80
18,20,prefix,-6.256162293993839e-07,2.0591483519183384e-06,80
18,21,prefix,-3.029220632555507e-07,1.4029316201202847e-06,80
18,22,prefix,7.90262579641876e-06,1.190564835837904e-05,80
18,23,prefix,-3.7423465634844886e-06,5.27439784363537e-06,80
18,24,prefix,1.8573129302978942e-06,4.0505011462244054e-06,80
18,25,prefix,7.4601941491891924e-06,7.4601941491891924e-06,80
18,26,prefix,5.134612820256734e-07,1.5826260437279416e-06,80
18,27,prefix,-2.245711444004428e-06,2.245711444004428e-06,80
18,28,prefix,2.1836826984866777e-06,2.1836826984866777e-06,80
18,29,prefix,-8.696087576254286e-07,3.462558893829737e-06,80
18,30,prefix,-1.4046100561415642e-05,2.75389331662268e-05,80
18,31,prefix,-2.563505644204156e-06,7.108526612498167e-06,80
18,0,entity,-0.0011144287923229967,0.004163942563116052,80
18,1,entity,0.0005757687829486713,0.00099817630683674,80
18,2,entity,-0.0011163782498783803,0.00224688051097246,80
18,3,entity,0.00012785944219331213,0.0008907231247007985,80
18,4,entity,-9.27688484182454e-05,0.0009962717812925348,80
18,5,entity,-0.002508078896551069,0.009615274333316392,80
18,6,entity,0.0010465688042245347,0.005095792516829079,80
18,7,entity,-0.000858171710933675,0.0037875076115597038,80
18,8,entity,-0.0006705966718072887,0.002709562565678425,80
18,9,entity,-0.0003126588207351233,0.002663476616976368,80
18,10,entity,0.001046709600620943,0.00245027473307573,80
18,11,entity,0.00018439605455000674,0.0016292713513792023,80
18,12,entity,-0.00263426622022962,0.010661499466732494,80
18,13,entity,-0.0002446912140840141,0.002284825334299967,80
18,14,entity,-0.004160689219133928,0.01423603406510665,80
18,15,entity,-0.0008797533696451865,0.005128079760379478,80
18,16,entity,-0.0007457122898586021,0.0022815189203129194,80
18,17,entity,0.005660731134912567,0.02255371898595513,80
18,18,entity,-0.0005732305929200265,0.006376450595837468,80
18,19,entity,-9.28030058105378e-05,0.0018143830531528239,80
18,20,entity,-7.368485722736296e-06,0.0011790734765611433,80
18,21,entity,0.004198131524759674,0.009067469180314447,80
18,22,entity,0.0001587078183547419,0.0021013926830164564,80
18,23,entity,-0.000498869910495614,0.0016551158408105947,80
18,24,entity,0.0004790091283325637,0.00196500684868397,80
18,25,entity,-0.00025987296176026574,0.003564251557509124,80
18,26,entity,-0.0004146456174112245,0.004155757368107515,80
18,27,entity,-0.0008494333221278794,0.003490163143578684,80
18,28,entity,0.000889616126613646,0.001714184443136446,80
18,29,entity,-0.0011032160120976187,0.0043691104626759625,80
18,30,entity,-5.384545067954604e-06,0.001298760202109861,80
18,31,entity,4.296138263271132e-05,0.0016555149883515697,80
18,0,last,-0.007065501646138728,0.08174511392135173,80
18,1,last,-9.360881958855316e-05,0.004487780075578485,80
18,2,last,0.0043815987708512695,0.014050111285177991,80
18,3,last,0.01343530518352054,0.03522874465561472,80
18,4,last,-0.011987430039880564,0.04556522934508393,80
18,5,last,-0.015970852063037454,0.07029565013945102,80
18,6,last,0.008145207253983244,0.07345850239798893,80
18,7,last,-0.00731118528638035,0.023259711847640575,80
18,8,last,0.002443560052779503,0.022109076639753766,80
18,9,last,-0.000328838182031177,0.01639937523577828,80
18,10,last,-0.0262066791736288,0.030757643698598257,80
18,11,last,0.011153725167969242,0.02250670232460834,80
18,12,last,0.004960718227084726,0.031803926394786686,80
18,13,last,0.00011782674046116881,0.0040288455340487415,80
18,14,last,-0.03390367380343377,0.1655952216591686,80
18,15,last,0.0074599416751880195,0.06663083799066953,80
18,16,last,-0.002309157904528547,0.012532585639564785,80
18,17,last,0.053673187122331004,0.261050053613144,80
18,18,last,-0.01000723109464161,0.08786630691611208,80
18,19,last,-0.0027705782937118783,0.007125080932746641,80
18,20,last,-0.009828024712624029,0.02610738407820463,80
18,21,last,0.000984821078600362,0.134928263007896,80
18,22,last,0.01902621693443507,0.04747795446310192,80
18,23,last,-0.010701647694804705,0.01809550401812885,80
18,24,last,-0.017419508640887215,0.02799035601201467,80
18,25,last,0.004632431361824274,0.09474036572501063,80
18,26,last,-0.027561614220030606,0.10701972220558673,80
18,27,last,0.013854056532727555,0.021637702331645414,80
18,28,last,-0.0035581337462645022,0.01794893327751197,80
18,29,last,0.013239247925230301,0.031089967358275315,80
18,30,last,-0.002277902886271477,0.006091100811318029,80
18,31,last,0.003031290619401261,0.01020917525747791,80
18,0,suffix,0.010735101644877431,0.09731158163986038,80
18,1,suffix,0.02204851376654915,0.02232444189785383,80
18,2,suffix,-0.01838203574129693,0.022488471369206307,80
18,3,suffix,0.0067421932776142056,0.013553457073840036,80
18,4,suffix,0.0077545670509380216,0.024216643523482163,80
18,5,suffix,-0.0014906302136751038,0.02465642250867859,80
18,6,suffix,0.02391090776460487,0.04641304784696558,80
18,7,suffix,-0.013429098454980703,0.021661163706630758,80
18,8,suffix,-0.012486888737839763,0.0234801587772381,80
18,9,suffix,-0.0042253846746916675,0.024402071051144957,80
18,10,suffix,-0.009629857112304307,0.016516052912993472,80
18,11,suffix,0.009290158641397284,0.02738320591406591,80
18,12,suffix,0.002818350712084339,0.010747162429390755,80
18,13,suffix,-0.003791739438770492,0.004544283861628173,80
18,14,suffix,-0.006612391892304004,0.027651823585847522,80
18,15,suffix,0.0016546609076158348,0.018645753263217556,80
18,16,suffix,0.0006307646389814181,0.005426035374739513,80
18,17,suffix,0.022397851223104226,0.07517868687909868,80
18,18,suffix,-0.004089591457977803,0.03092801067577966,80
18,19,suffix,0.0029982681096612394,0.00667236362356789,80
18,20,suffix,0.010473507317874465,0.022381385109110852,80
18,21,suffix,0.0022543264885712235,0.05020214137217636,80
18,22,suffix,-0.016542708699125795,0.04004744372650748,80
18,23,suffix,-0.007968990576773648,0.02961829797131941,80
18,24,suffix,0.08935173324989591,0.10345640223767986,80
18,25,suffix,-0.07305538844525472,0.08370675236587885,80
18,26,suffix,-0.10733623816031468,0.11438269128175307,80
18,27,suffix,0.03466330568789999,0.047392921222672156,80
18,28,suffix,0.003476510868767946,0.013771046715464762,80
18,29,suffix,-0.008460834620836976,0.018403010954443744,80
18,30,suffix,-0.0006216358769506769,0.005184631518977767,80
18,31,suffix,-0.0009830949366232745,0.002988452294016497,80
19,0,prefix,4.558672830512478e-06,6.033552264739228e-06,80
19,1,prefix,-2.06199251522321e-06,1.026940514918806e-05,80
19,2,prefix,2.8641042334243138e-06,6.601463248046002e-06,80
19,3,prefix,6.002279856076598e-06,6.002279856076598e-06,80
19,4,prefix,-1.0386444159848907e-06,6.142311835333203e-06,80
19,5,prefix,7.935652718060737e-07,1.234505486991111e-06,80
19,6,prefix,1.6621549441708793e-06,3.714364277840332e-06,80
19,7,prefix,-2.7303346534779394e-06,2.7303346534779394e-06,80
19,8,prefix,-5.007553198765891e-07,7.199251027145692e-06,80
19,9,prefix,5.5511430375077e-06,1.6615055118052167e-05,80
19,10,prefix,-6.419644051902652e-08,2.7502983456884065e-06,80
19,11,prefix,-6.548604443423756e-06,4.7315413650039775e-05,80
19,12,prefix,1.808273996708465e-05,1.808273996708465e-05,80
19,13,prefix,-2.5763728963568153e-07,1.2938214776880841e-06,80
19,14,prefix,-2.265292381409267e-06,1.1044786033309606e-05,80
19,15,prefix,-3.152998835105336e-05,3.152998835105336e-05,80
19,16,prefix,3.4607759289428943e-07,4.0506868003831185e-06,80
19,17,prefix,-2.116387398132247e-06,9.929826316579237e-06,80
19,18,prefix,4.5087342996907864e-06,7.753060289417136e-06,80
19,19,prefix,1.9648732205723717e-07,1.44613976118535e-06,80
19,20,prefix,-1.7930504014884718e-06,2.543626371220853e-06,80
19,21,prefix,1.3805859406801346e-06,5.957920989274612e-06,80
19,22,prefix,-1.0703983932103256e-06,7.585092150463879e-06,80
19,23,prefix,2.0024388724948493e-08,4.2472256000181116e-06,80
19,24,prefix,-3.6719215152913874e-07,1.088924264180946e-06,80
19,25,prefix,-1.0445096453537418e-06,1.99844305690533e-06,80
19,26,prefix,2.505439909583629e-06,5.706380886039142e-06,80
19,27,prefix,-2.7472943884276903e-07,8.384846466924501e-07,80
19,28,prefix,5.433302683854891e-06,5.433302683854891e-06,80
19,29,prefix,-1.6866000251525293e-06,7.339661088678895e-06,80
19,30,prefix,-1.1544568820909262e-06,1.6899405494541498e-06,80
19,31,prefix,-1.034351101694142e-05,3.127215245726234e-05,80
19,0,entity,-0.0001730237947867863,0.0005701496692836372,80
19,1,entity,0.00025305994066684436,0.0015622702837731594,80
19,2,entity,-0.0003232277665119909,0.0009479977034061449,80
19,3,entity,-0.0010220051625310588,0.0022821451848813014,80
19,4,entity,-0.00022695523732636503,0.0009942957189878142,80
19,5,entity,-0.00017916110003852738,0.0006683452237552956,80
19,6,entity,-0.0002788956365066042,0.0006419120223426944,80
19,7,entity,3.9129183608110904e-05,0.003252985130131947,80
19,8,entity,0.0017987259804613132,0.0074333106143058105,80
19,9,entity,1.2033935456656764e-05,0.0024849807066971152,80
19,10,entity,0.000647012248646206,0.0038030383274417546,80
19,11,entity,-0.002912566882423562,0.011027494515019498,80
19,12,entity,-8.741184123834955e-05,0.00035922858135393196,80
19,13,entity,5.887412306435635e-05,0.00026789871460835,80
19,14,entity,-5.883746889594477e-05,0.00046991784167857984,80
19,15,entity,-0.0001371031039695936,0.0005136098389527888,80
19,16,entity,9.48398720311161e-05,0.0010945259042500766,80
19,17,entity,-0.00015794352791544952,0.0004951221090664148,80
19,18,entity,-0.0002174671225077418,0.0004881940546795249,80
19,19,entity,-9.606243338566855e-08,0.0006061440988219147,80
19,20,entity,0.0003563627135463321,0.004137477867107009,80
19,21,entity,-0.0008599858905199653,0.00862549585740453,80
19,22,entity,-0.0010539796900502552,0.005780455657850325,80
19,23,entity,8.689528431204963e-05,0.0027354475904758147,80
19,24,entity,0.001114058880466473,0.006847237325473543,80
19,25,entity,9.993188511998596e-05,0.002347250829075165,80
19,26,entity,0.008718288911040872,0.014010307567878045,80
19,27,entity,0.00444267667358531,0.008318486128615632,80
19,28,entity,-0.0006584260863974123,0.003328098114184286,80
19,29,entity,0.0004263551727490267,0.0016229422976721253,80
19,30,entity,-0.0012973380293317405,0.004304209958985439,80
19,31,entity,6.355858957931559e-05,0.0011742129444542115,80
19,0,last,-0.0009081701398827135,0.005914602390839718,80
19,1,last,0.00572658431774471,0.011984437287901528,80
19,2,last,0.002687796368263662,0.007391121296677738,80
19,3,last,-0.0005812504648929461,0.017078735792892985,80
19,4,last,0.002747283215285279,0.01563058462634217,80
19,5,last,0.0009037501920829527,0.003675562881107908,80
19,6,last,-4.978089564247057e-05,0.0061310122939175924,80
19,7,last,-0.03853685386129655,0.06315274253138341,80
19,8,last,0.033044490055181085,0.07759795079473406,80
19,9,last,0.012921730114612728,0.08350363123463467,80
19,10,last,-0.015386427484918386,0.03229299570666626,80
19,11,last,-0.02515769236488268,0.08359061361989006,80
19,12,last,-0.0032526581941056064,0.010264057810127269,80
19,13,last,-0.002426856668898836,0.014988937100861221,80
19,14,last,0.003380469250259921,0.019573428196599706,80
19,15,last,-0.004226989044400398,0.010437782209191938,80
19,16,last,-0.008525195848051226,0.01681971919242642,80
19,17,last,0.007165780879586236,0.011738441872148541,80
19,18,last,0.003889792860718444,0.0223680121882353,80
19,19,last,-0.00627209251106251,0.010389523368212394,80
19,20,last,-0.0011908693704754114,0.0202918769675307,80
19,21,last,-0.0040890039352234455,0.07950460526044481,80
19,22,last,0.021551157793146557,0.10667704815568868,80
19,23,last,0.0010454508854309096,0.01478219459822867,80
19,24,last,-0.023960664140759036,0.17390602588420734,80
19,25,last,-0.009486845319042914,0.04781097052327823,80
19,26,last,-0.0074064310967514755,0.025856339115853187,80
19,27,last,0.06131867746589705,0.15179034346947445,80
19,28,last,-0.0034930527399410494,0.010794046056980732,80
19,29,last,0.004804054873238784,0.016238799366692546,80
19,30,last,0.004991811537183821,0.015710542938904837,80
19,31,last,-0.0008153693095664493,0.00951477477356093,80
19,0,suffix,-0.0012821471173765531,0.008238078075078193,80
19,1,suffix,-0.00013069111532786336,0.005841378309332868,80
19,2,suffix,0.006472277232319357,0.010219303272174329,80
19,3,suffix,0.0042257474070538596,0.01227829781755645,80
19,4,suffix,-0.026088901535695187,0.027447275050690223,80
19,5,suffix,0.004112078541834307,0.008320065373231956,80
19,6,suffix,0.0068987460466360066,0.011099882510325187,80
19,7,suffix,-0.017983447525193697,0.028123832390019744,80
19,8,suffix,-0.024078443607004375,0.07430064898476303,80
19,9,suffix,-0.05156707511323475,0.0932218132484195,80
19,10,suffix,-0.02146455167376189,0.08278038455764544,80
19,11,suffix,0.1584329625567989,0.16807675729705807,80
19,12,suffix,-0.017595277653867925,0.024017495044040514,80
19,13,suffix,-0.013531668253199314,0.016051337699173017,80
19,14,suffix,0.02986760182520811,0.034272954514199226,80
19,15,suffix,-0.014358051046201581,0.01803808564245628,80
19,16,suffix,0.023053636005920454,0.02497555775537421,80
19,17,suffix,0.0017797443616814235,0.013325882721676407,80
19,18,suffix,-0.004558856729249783,0.019578068904797873,80
19,19,suffix,0.008865472194963786,0.014263263169698347,80
19,20,suffix,0.011431195187105914,0.022250779104433606,80
19,21,suffix,0.014604926001356943,0.031197548529598863,80
19,22,suffix,-0.015060851623161398,0.0333296483003096,80
19,23,suffix,-0.0071071106438466815,0.01355069918645313,80
19,24,suffix,0.0005410174328915219,0.03589405388932505,80
19,25,suffix,-0.00649676172204181,0.019819612590913492,80
19,26,suffix,-0.0035784428508463862,0.006276097650822976,80
19,27,suffix,0.011318221689904817,0.0428732111715334,80
19,28,suffix,-0.02070051657310614,0.028353399875140895,80
19,29,suffix,0.025507975929940585,0.027392129892541563,80
19,30,suffix,-0.0020307225150645535,0.00806701200954194,80
19,31,suffix,-0.01893295580434824,0.02099093954043383,80
20,0,prefix,3.7181186655743657e-06,4.613997072056009e-06,80
20,1,prefix,-1.7697030830277072e-05,2.611165193400211e-05,80
20,2,prefix,1.8521015832106968e-07,4.501492933428608e-06,80
20,3,prefix,-4.542038593058351e-06,2.7685316328529553e-05,80
20,4,prefix,4.697560456179417e-08,1.4920271851792676e-06,80
20,5,prefix,-2.6589227118734015e-06,7.906327088846864e-06,80
20,6,prefix,-5.225030776045969e-07,1.7060625339127e-06,80
20,7,prefix,-5.3872499552909405e-06,1.555930536873973e-05,80
20,8,prefix,-2.682478179139025e-06,9.939869459429928e-06,80
20,9,prefix,3.4276969266500147e-06,1.1997038293287687e-05,80
20,10,prefix,8.815170275511264e-07,5.903411957319804e-06,80
20,11,prefix,-4.26952998680008e-06,1.5347642565188836e-05,80
20,12,prefix,-7.951186645982488e-07,6.090325955199205e-06,80
20,13,prefix,-2.6657414842645723e-06,5.486545243371665e-06,80
20,14,prefix,-1.6732621012494065e-05,2.478570920985135e-05,80
20,15,prefix,-3.326714541529441e-06,6.958356694397594e-06,80
20,16,prefix,1.994906740776514e-06,5.554140143715358e-06,80
20,17,prefix,1.1921607753606623e-05,2.7890168982480646e-05,80
20,18,prefix,-3.915329227766051e-06,1.087754375816985e-05,80
20,19,prefix,1.0148044236757414e-05,2.7009473160433118e-05,80
20,20,prefix,-2.196587465164157e-06,8.859703424946019e-06,80
20,21,prefix,1.5102447235904037e-06,5.729630237283345e-06,80
20,22,prefix,-1.1056207398496554e-06,1.4966456802767425e-06,80
20,23,prefix,1.3673602055064294e-07,9.71730522536518e-07,80
20,24,prefix,-4.690917059235744e-07,1.6991337496108373e-06,80
20,25,prefix,3.7606495201458757e-06,1.3328200822471103e-05,80
20,26,prefix,-2.5618132966087614e-06,2.5618132966087614e-06,80
20,27,prefix,-9.438728341137903e-08,5.997919052447287e-06,80
20,28,prefix,1.2671751576931455e-07,6.912313288864879e-07,80
20,29,prefix,-7.532390674214184e-06,2.6577985687481485e-05,80
20,30,prefix,5.636860777258334e-07,1.7628233379696212e-06,80
20,31,prefix,-9.630225785528523e-06,1.1714217180625041e-05,80
20,0,entity,-0.0037111803874722684,0.01818220036657294,80
20,1,entity,0.0002756408733716853,0.0015164267346676752,80
20,2,entity,-0.00023493667736147473,0.0021323936317003247,80
20,3,entity,0.004243537273214315,0.015374310549304937,80
20,4,entity,0.00034491064902795185,0.0007603015704717109,80
20,5,entity,4.212929105733565e-05,0.0006944198966834847,80
20,6,entity,-9.43470210927444e-05,0.0006107063273816493,80
20,7,entity,-0.0002984997658813882,0.0018370851237932584,80
20,8,entity,-0.0006091391464906337,0.0021326252109247434,80
20,9,entity,0.0002079362628819581,0.0019176651744828633,80
20,10,entity,0.0012545376300465705,0.0033230353437090797,80
20,11,entity,-0.001029984643764692,0.0037152052037072282,80
20,12,entity,-7.657355392893805e-05,0.0012741743277956629,80
20,13,entity,7.5261937183768165e-06,0.0008469249571078308,80
20,14,entity,9.511299488167424e-05,0.0010034218728151244,80
20,15,entity,0.0003256576223463981,0.0005137474679429488,80
20,16,entity,-1.405688839213326e-05,0.0002416188458482793,80
20,17,entity,-0.0003005830447136759,0.0013735658454379518,80
20,18,entity,-0.00034382286953587026,0.0010452606361923244,80
20,19,entity,0.000308799354115763,0.0017862528684872813,80
20,20,entity,-0.0004582185974982167,0.002184876104604427,80
20,21,entity,0.0005409721863088634,0.0025694974007819836,80
20,22,entity,-0.001310038842029826,0.0026760397890484454,80
20,23,entity,-4.377187391071402e-05,0.0005198137824748983,80
20,24,entity,6.811435478653039e-05,0.00035667970442432306,80
20,25,entity,-0.00010636182728944732,0.0005934922270000697,80
20,26,entity,-0.00014341767358700964,0.0006470638692803732,80
20,27,entity,0.0002308324669115791,0.001826337206455264,80
20,28,entity,-0.0004343813913806116,0.0017066304589775428,80
20,29,entity,-0.0010613059492584399,0.0032869741858462475,80
20,30,entity,-0.000513245921169414,0.0009806202798557707,80
20,31,entity,0.00013414465976211432,0.00123153582218265,80
20,0,last,0.015390019287588074,0.05326557596563362,80
20,1,last,-0.005213828902924433,0.03457409192924388,80
20,2,last,0.009676026449596975,0.022750924895808565,80
20,3,last,0.06747031196719036,0.21292669795220717,80
20,4,last,0.016704907012172043,0.025848270673304797,80
20,5,last,-0.002821507246699184,0.014082808571401983,80
20,6,last,0.0006740145268850029,0.027395391534082592,80
20,7,last,-0.0060617038514465095,0.013232568016974255,80
20,8,last,-0.005059784092009067,0.0695836287457496,80
20,9,last,0.012685680377762765,0.07568254783982412,80
20,10,last,-0.01280950138461776,0.08596765617257915,80
20,11,last,0.0007473794103134423,0.02817306374781765,80
20,12,last,0.0020989408978493882,0.01961102648929227,80
20,13,last,0.00118225949263433,0.010266677940671797,80
20,14,last,-0.007935511498362757,0.023815333654056303,80
20,15,last,0.0008062412613071501,0.004865194976446219,80
20,16,last,0.001430428096500691,0.004626735563215334,80
20,17,last,0.00013082794466754422,0.006670117784233298,80
20,18,last,-0.002034808487951523,0.0061274643310753165,80
20,19,last,-0.007775720325298607,0.010810559405945242,80
20,20,last,0.04071693522855639,0.16268582138873172,80
20,21,last,-0.002735047681198921,0.006210757371445652,80
20,22,last,0.07298956994200126,0.07796175855910406,80
20,23,last,0.000716630976239685,0.006443095063150395,80
20,24,last,0.005360978168027941,0.00810069214348914,80
20,25,last,-0.0007322724704863504,0.007916820698301307,80
20,26,last,-0.010026273038238286,0.017897415516199545,80
20,27,last,-0.0025936772872228175,0.019140342314494775,80
20,28,last,-0.0906105849891901,0.10237483913078904,80
20,29,last,0.008784269815078006,0.021390874002827333,80
20,30,last,-0.014242028421722352,0.054341811570338905,80
20,31,last,-0.013635047302523162,0.019278403227508532,80
20,0,suffix,0.010129962214159604,0.032708226262730025,80
20,1,suffix,0.002204459571294137,0.016622382880632357,80
20,2,suffix,-0.0022544116053722974,0.011293741449026128,80
20,3,suffix,-0.021062079916373478,0.06984641585768259,80
20,4,suffix,-0.0041163970572142715,0.011016538283502086,80
20,5,suffix,0.004430619018762627,0.009612958081220313,80
20,6,suffix,0.016208193810666672,0.021656491552971602,80
20,7,suffix,-0.01351882057417697,0.037229873020055496,80
20,8,suffix,-0.0013517227267357157,0.03788155354025093,80
20,9,suffix,0.012695779224623038,0.02292801683001926,80
20,10,suffix,0.0011816715725444737,0.022092093782634947,80
20,11,suffix,0.018137957798762726,0.021606316633960888,80
20,12,suffix,0.0012991157509532059,0.010343034540710505,80
20,13,suffix,0.0032578869139342713,0.00701788339642917,80
20,14,suffix,-0.010350685111734492,0.020054271951266855,80
20,15,suffix,0.014424063382307395,0.01461711832346282,80
20,16,suffix,-0.003808964695826944,0.010993082553022759,80
20,17,suffix,0.010211900977219556,0.013992235948671805,80
20,18,suffix,-0.0048780304739011624,0.009231101670684439,80
20,19,suffix,-0.008405261391681051,0.015536705047497889,80
20,20,suffix,0.007178384731435017,0.03457450073225345,80
20,21,suffix,-0.002502350618556193,0.0036467987820742566,80
20,22,suffix,0.02332079417492423,0.024279175485116867,80
20,23,suffix,0.003666482987227937,0.03225609860073746,80
20,24,suffix,-0.0036718891895361596,0.009140669350745156,80
20,25,suffix,0.015044628215719058,0.02001576941033818,80
20,26,suffix,-0.03646778911188449,0.042473888998028994,80
20,27,suffix,-0.01179929898426053,0.027244657928531524,80
20,28,suffix,0.0073590192849337654,0.012374845426768389,80
20,29,suffix,0.030717520842335942,0.042724183114796685,80
20,30,suffix,0.04137066628386492,0.049559221315257675,80
20,31,suffix,0.14105264887020894,0.14923634001679603,80
21,0,prefix,1.96547773043676e-06,4.219472094746379e-06,80
21,1,prefix,2.594603969896525e-07,4.3691318339256215e-06,80
21,2,prefix,1.1404530557967973e-05,1.1404530557967973e-05,80
21,3,prefix,1.414903907743792e-05,2.87444587797836e-05,80
21,4,prefix,3.9610927302646817e-07,1.0677103276179879e-06,80
21,5,prefix,-2.6472876868410823e-08,1.0040046660719781e-06,80
21,6,prefix,-1.2882453262363924e-06,4.374125015260688e-06,80
21,7,prefix,-1.1668497052141903e-06,6.090212701792553e-06,80
21,8,prefix,4.170463316199857e-06,1.9655324243217366e-05,80
21,9,prefix,-1.2334635584920761e-05,2.431826525537417e-05,80
21,10,prefix,4.8008058456616706e-06,4.8008058456616706e-06,80
21,11,prefix,-1.3558132515356646e-06,1.8996728250897376e-06,80
21,12,prefix,3.878408777779896e-06,1.0048345716029417e-05,80
21,13,prefix,2.668148542284143e-06,3.2766287887397993e-06,80
21,14,prefix,3.7602722898100184e-06,9.835094894583563e-06,80
21,15,prefix,-6.676800241223191e-06,8.225571421860423e-06,80
21,16,prefix,-1.7225821824951026e-06,5.3621694728889224e-06,80
21,17,prefix,4.793999444530073e-06,4.793999444530073e-06,80
21,18,prefix,1.785548076327359e-05,4.436850808247073e-05,80
21,19,prefix,5.094899080404502e-07,6.9231547143999705e-06,80
21,20,prefix,1.8533817673471731e-06,2.2983387033548297e-06,80
21,21,prefix,2.021287422593332e-06,4.509984554346147e-06,80
21,22,prefix,-9.484879589649608e-06,1.185093038031937e-05,80
21,23,prefix,-5.425074293441412e-06,9.600994694380915e-06,80
21,24,prefix,-1.7387696240689364e-05,4.490553779703532e-05,80
21,25,prefix,8.867033059800633e-07,1.08437230750269e-06,80
21,26,prefix,-6.036589742564047e-06,1.5357538514138015e-05,80
21,27,prefix,8.75024242930067e-06,1.6728131336662953e-05,80
21,28,prefix,-2.219688509441653e-06,3.2884487655593377e-06,80
21,29,prefix,-1.1273455683635803e-06,2.2695439682252073e-06,80
21,30,prefix,-2.3061650839650836e-06,2.3061650839650836e-06,80
21,31,prefix,-6.563754372024278e-07,8.051318378221595e-07,80
21,0,entity,-1.7693370296001376e-05,0.0016831335096640031,80
21,1,entity,-4.998697758082926e-05,0.0005989968116750788,80
21,2,entity,-2.291852441658193e-05,0.0008873971775187784,80
21,3,entity,-1.2049333963659593e-05,0.0018186092313044356,80
21,4,entity,7.110509300218837e-05,0.003106009862904102,80
21,5,entity,0.00024211831068896573,0.0025482609008577128,80
21,6,entity,0.00015087976025824902,0.002543100104412588,80
21,7,entity,6.787743641325505e-05,0.006342419145948952,80
21,8,entity,-0.0002296760565968725,0.00398685838486017,80
21,9,entity,-0.0008233164304328966,0.002076155330541951,80
21,10,entity,0.002665230263983176,0.009927517731148328,80
21,11,entity,7.141717080116905e-05,0.0005072071690221946,80
21,12,entity,0.0002710964051857445,0.0008459982269414468,80
21,13,entity,-0.00010292575116181979,0.0024681443991767084,80
21,14,entity,-0.0002084810746509902,0.002748376571025801,80
21,15,entity,-0.0002192604446918267,0.0020989509356240887,80
21,16,entity,-0.00025521204938740996,0.0006941520249711175,80
21,17,entity,0.00016597326506371247,0.0017055900365789967,80
21,18,entity,-3.804208695328271e-05,0.0005020531755690171,80
21,19,entity,-0.0001110457482354832,0.0014075274752030965,80
21,20,entity,3.202479532546931e-05,0.0007507633556656402,80
21,21,entity,-4.2401373195843914e-05,0.0003058567838252202,80
21,22,entity,6.542899880628284e-05,0.0004035249443347766,80
21,23,entity,0.00020595934436187235,0.0009862099732117712,80
21,24,entity,9.219810544891516e-06,0.002164163704674138,80
21,25,entity,-0.00026290449219459335,0.0011547331202223176,80
21,26,entity,-0.0003607644573548896,0.002036345672195239,80
21,27,entity,-5.948125822214933e-05,0.0020984963066894126,80
21,28,entity,0.0002930527907608393,0.0010147199253253802,80
21,29,entity,-0.0002682175570498657,0.0006205451063806322,80
21,30,entity,0.00035132257876853147,0.0011345229091546116,80
21,31,entity,-0.0012068905232695214,0.0018257165458066993,80
21,0,last,-0.002259018021868542,0.013601846498204395,80
21,1,last,-0.0007165733608417213,0.014541669597383589,80
21,2,last,-0.0015991662396118045,0.07723729466088117,80
21,3,last,0.03851327288430184,0.06959809453692287,80
21,4,last,0.0027450025867437945,0.009563786842045374,80
21,5,last,0.0205713773262687,0.03144541190704331,80
21,6,last,0.007460061379242688,0.021328904398251324,80
21,7,last,-0.03182236718130298,0.05771581581211649,80
21,8,last,-0.011042143288068473,0.11979941085446626,80
21,9,last,-0.5155718815978616,0.5166890343185514,80
21,10,last,0.006544784246943891,0.09101787998806685,80
21,11,last,0.004040510096820072,0.01571651818230748,80
21,12,last,-0.0010597851971397177,0.013185327127575874,80
21,13,last,0.003458208101801574,0.07771476143971086,80
21,14,last,0.016861453180899842,0.05707062348374166,80
21,15,last,0.005292970361188054,0.09387243746314197,80
21,16,last,-0.008210738183697686,0.02012103339075111,80
21,17,last,-0.0008878848631866277,0.032076288654934615,80
21,18,last,0.003299539125873707,0.01055487314297352,80
21,19,last,0.02193934193928726,0.04190862596151419,80
21,20,last,-1.2489777873270214e-06,0.012004204858385492,80
21,21,last,-0.0007358860020758584,0.010900118533754721,80
21,22,last,0.0007185359136201441,0.022564938431605695,80
21,23,last,0.002893902893993072,0.01309690035704989,80
21,24,last,-0.011190685859764926,0.041743778085219674,80
21,25,last,-0.0017532721743918956,0.011760336649604141,80
21,26,last,0.008602646586950868,0.10745236439397558,80
21,27,last,0.006463962042471394,0.021547421498689802,80
21,28,last,-0.0018821639452653472,0.006827413656719727,80
21,29,last,0.003351202248086338,0.018888425246041153,80
21,30,last,-0.0006403685300028882,0.009514494687027763,80
21,31,last,-0.012857386720133946,0.028163660049904136,80
21,0,suffix,0.005651613113536768,0.009438552356755281,80
21,1,suffix,0.000614492769136632,0.011729900175487274,80
21,2,suffix,0.008925401443957526,0.026408400404943678,80
21,3,suffix,0.043134399468908666,0.07171783422127191,80
21,4,suffix,-0.015498214994477167,0.030615147455864643,80
21,5,suffix,-0.005060499961382447,0.013248755563290615,80
21,6,suffix,0.025280174100407747,0.03393001588738116,80
21,7,suffix,-0.021881330973428703,0.03208038811544611,80
21,8,suffix,0.1677555256645064,0.16940181599256904,80
21,9,suffix,-0.18855978811434398,0.1940090775405224,80
21,10,suffix,0.050994024332612756,0.0640215259456454,80
21,11,suffix,-0.004134817374801969,0.008253943878185056,80
21,12,suffix,-0.025936670344435697,0.027670936167214676,80
21,13,suffix,0.006643247499198424,0.01764908876626805,80
21,14,suffix,-0.00031477396212267197,0.01579024631921584,80
21,15,suffix,0.007984859828161462,0.021779144854804144,80
21,16,suffix,-0.017364208095318644,0.02247529432254396,80
21,17,suffix,-0.025519668172455566,0.026083760818983136,80
21,18,suffix,-0.0024215621523694607,0.01028390614520731,80
21,19,suffix,0.00486024814861139,0.02138797871582483,80
21,20,suffix,-0.00463902538608636,0.006615897913934532,80
21,21,suffix,0.002621089326544279,0.00548359724700731,80
21,22,suffix,-0.015471975646732972,0.020099734189307127,80
21,23,suffix,0.011616761480490822,0.016010740499314124,80
21,24,suffix,0.0008733015954476286,0.008326479840570755,80
21,25,suffix,-0.00015546681806881678,0.0058768402369423715,80
21,26,suffix,0.004940624319351628,0.02004790670280272,80
21,27,suffix,-0.004253468993510978,0.007573229858599007,80
21,28,suffix,-0.0006982440690762815,0.0031468192402599017,80
21,29,suffix,-0.00647825980631751,0.011224566521877932,80
21,30,suffix,-0.0025683274944753977,0.005428449075168373,80
21,31,suffix,-0.007019517281537446,0.010628334209582136,80
22,0,prefix,5.623165119317264e-07,7.283959941872808e-07,80
22,1,prefix,6.639626938920174e-07,6.641654771044613e-07,80
22,2,prefix,-5.991230292323734e-07,1.0649402749862703e-06,80
22,3,prefix,3.964220248064976e-07,1.1369492519008872e-06,80
22,4,prefix,-1.1665294888985044e-05,1.1665294888985044e-05,80
22,5,prefix,4.672678399941787e-06,1.0854005055449533e-05,80
22,6,prefix,3.8128469128650977e-06,1.161767552986248e-05,80
22,7,prefix,6.436193217496111e-06,8.018264597353664e-06,80
22,8,prefix,-2.751060428352048e-06,2.751060428352048e-06,80
22,9,prefix,4.1309004188860856e-06,9.881293203761743e-06,80
22,10,prefix,-1.0668526613244467e-07,2.219425198290992e-07,80
22,11,prefix,-2.86858949039015e-07,5.4034377569678325e-06,80
22,12,prefix,-2.821666125463196e-06,6.190897230418102e-06,80
22,13,prefix,-9.656000621305338e-07,3.0831431068634176e-06,80
22,14,prefix,2.0436759420761065e-06,4.461475905515044e-06,80
22,15,prefix,-6.617624592308857e-06,9.95405051611442e-06,80
22,16,prefix,-2.2168646552245265e-06,6.321226422301152e-06,80
22,17,prefix,-2.877752538665845e-06,5.9599692320944085e-06,80
22,18,prefix,1.2175466895314458e-05,2.8828790777879477e-05,80
22,19,prefix,-2.445271735496135e-06,5.541778432416322e-06,80
22,20,prefix,2.6357332068016603e-06,1.2689539888555145e-05,80
22,21,prefix,6.498282454714399e-06,6.498282454714399e-06,80
22,22,prefix,1.2205207497117954e-06,1.2205207497117954e-06,80
22,23,prefix,-1.3196465387110834e-06,1.8731450991182896e-06,80
22,24,prefix,7.317405605533623e-06,7.317405605533623e-06,80
22,25,prefix,-1.0458222706688503e-05,3.10688306768725e-05,80
22,26,prefix,5.916077093104377e-06,2.1961968651851294e-05,80
22,27,prefix,5.587615640934019e-06,1.8855089305702676e-05,80
22,28,prefix,2.7539952426991475e-06,5.2810800426073e-06,80
22,29,prefix,-4.717941986598362e-06,8.53946821592899e-06,80
22,30,prefix,-3.1617358828839315e-06,1.0655271005077793e-05,80
22,31,prefix,-3.419155677164554e-06,1.2575314581653174e-05,80
22,0,entity,-0.0001721635196730631,0.0005356721845288348,80
22,1,entity,-3.561308632811233e-05,0.0008276461837510851,80
22,2,entity,-0.0001605607200531267,0.0007003473738109278,80
22,3,entity,0.000278337946525653,0.001061679552623218,80
22,4,entity,2.9133139821624355e-05,0.0006468752385330844,80
22,5,entity,2.3827420176303348e-05,0.0005872766420168318,80
22,6,entity,-0.0002675319585506486,0.0005821895046807413,80
22,7,entity,-0.00047582524683775773,0.0019349017415947855,80
22,8,entity,-0.00013512978882772585,0.0006813823712263911,80
22,9,entity,0.0012241446480402373,0.0039054889048202313,80
22,10,entity,0.0003413387046293792,0.0018990863973158412,80
22,11,entity,-0.0006644900266906007,0.0015957592645349905,80
22,12,entity,4.360006400929706e-05,0.0006269464679576231,80
22,13,entity,5.7468511363367726e-05,0.0004244421966632217,80
22,14,entity,8.679041679897637e-05,0.0008564216623199172,80
22,15,entity,-5.101002261653775e-06,0.00039772115414962175,80
22,16,entity,3.426863981985662e-05,0.0012977817557384697,80
22,17,entity,0.0002818820010361378,0.0006870409125440347,80
22,18,entity,0.0007838649122504648,0.0014834293538797283,80
22,19,entity,-0.0012465557984342012,0.0020311295090778003,80
22,20,entity,-0.00023997413570668867,0.0018347280056559613,80
22,21,entity,0.0001597277256223606,0.0013466409503962496,80
22,22,entity,0.0013879901596283162,0.007569368564645629,80
22,23,entity,-0.0002704216636118417,0.0026002978348458328,80
22,24,entity,-3.553192420895357e-05,0.0003918838232266353,80
22,25,entity,8.828255772641569e-06,0.00042009814385437496,80
22,26,entity,-1.531190579271424e-05,0.0002118658873428103,80
22,27,entity,0.00041249928681281746,0.0012974321289220825,80
22,28,entity,-1.3470323881392688e-05,0.00047699928098836607,80
22,29,entity,-9.461940774144751e-05,0.0005901837777628316,80
22,30,entity,-7.296482629044476e-05,0.0009896512616023756,80
22,31,entity,0.00016999876769432375,0.0005975093993129121,80
22,0,last,-0.007977567086345515,0.016370391950476914,80
22,1,last,0.00010013256905949675,0.028992840238061035,80
22,2,last,-0.0016574690860579721,0.013845718269294593,80
22,3,last,0.002332209447922651,0.016156605516152923,80
22,4,last,0.009302253829082474,0.02609773679287173,80
22,5,last,-0.013849450187990442,0.02030998530681245,80
22,6,last,-0.006792925730405841,0.030346586157975253,80
22,7,last,-0.0019229801313485951,0.014349067071452736,80
22,8,last,-0.006275761645520106,0.036342095694271846,80
22,9,last,-0.009050534304697067,0.04409242857946083,80
22,10,last,0.002842974476516247,0.0829837811877951,80
22,11,last,-0.002203491804539226,0.020682178149581888,80
22,12,last,0.006370592379244045,0.009990181215107441,80
22,13,last,-0.0010928902134764939,0.02775653043645434,80
22,14,last,-0.0016843222787429114,0.011902046640898334,80
22,15,last,0.0006569144694367424,0.006338576573762111,80
22,16,last,-0.09178722386714071,0.0959352740086615,80
22,17,last,-0.07287618797272444,0.0997989029623568,80
22,18,last,0.043446217593736944,0.046198121807537976,80
22,19,last,-0.0780762322479859,0.08333788679447025,80
22,20,last,0.026021894314908423,0.08261580179387237,80
22,21,last,0.01176686988765141,0.0779585079770186,80
22,22,last,0.041097750756307505,0.08709322688810062,80
22,23,last,0.02184036732505774,0.06664980228670174,80
22,24,last,-0.0033848087303340437,0.027383878000546247,80
22,25,last,0.0010103214473929257,0.008610163829871453,80
22,26,last,0.0017877381040307227,0.004670040254859486,80
22,27,last,-4.6573526924476026e-05,0.05111030719126575,80
22,28,last,0.002703647137968801,0.019073392223799602,80
22,29,last,-0.0008569000769057311,0.015876099526940378,80
22,30,last,-0.0014449937356403098,0.011466436923365108,80
22,31,last,0.0037427026400109753,0.01558487820730079,80
22,0,suffix,-0.0005891014954727325,0.007192818641931354,80
22,1,suffix,0.0018494936399974903,0.014398823804481254,80
22,2,suffix,-0.003367520031838467,0.01260174086621646,80
22,3,suffix,-0.015044352103177516,0.01811955888238117,80
22,4,suffix,-0.0423905578684753,0.05667077988064193,80
22,5,suffix,-0.01421771828186138,0.017482496819638982,80
22,6,suffix,0.020465142786360958,0.027585909007848387,80
22,7,suffix,0.0058618298365672675,0.01199398430612746,80
22,8,suffix,0.013962346390337643,0.020216223297086344,80
22,9,suffix,-0.0021646461059845025,0.012955479531456149,80
22,10,suffix,0.0011864316849823809,0.04030955226990045,80
22,11,suffix,0.007667559017181702,0.01377195144846155,80
22,12,suffix,0.0030037289555366444,0.008207106089002991,80
22,13,suffix,0.007792908013129818,0.010923868059148845,80
22,14,suffix,-0.004378184552047059,0.007747475648079672,80
22,15,suffix,0.0043620437332265284,0.00648516671105881,80
22,16,suffix,-0.011754448794863492,0.10604197000707245,80
22,17,suffix,-0.04880972148607725,0.06944700468407064,80
22,18,suffix,0.01750423724729444,0.04004216594280478,80
22,19,suffix,-0.010459319378765031,0.021011283423490568,80
22,20,suffix,0.004511889598802554,0.02586469196660346,80
22,21,suffix,0.006820705413349515,0.023523710680944988,80
22,22,suffix,0.0020596602872842594,0.021816498418354514,80
22,23,suffix,0.014030884625435646,0.028592924281201703,80
22,24,suffix,0.00827254671938249,0.011345173795785968,80
22,25,suffix,0.002075776337233037,0.005259889455692246,80
22,26,suffix,-0.00017022220160924916,0.0025650602172618163,80
22,27,suffix,-0.023521371119568358,0.026340320540475658,80
22,28,suffix,-0.0014498252782232158,0.009255231604902292,80
22,29,suffix,0.00012044525519741,0.00888321784486834,80
22,30,suffix,0.0014970314804031658,0.011898842579421398,80
22,31,suffix,-0.0004249610516581015,0.007865743632146404,80
23,0,prefix,7.192634157604516e-07,1.8565843717510689e-06,80
23,1,prefix,-9.256792870360186e-06,2.4515817094084015e-05,80
23,2,prefix,8.307339288649019e-06,2.6685675032922517e-05,80
23,3,prefix,1.2759876560153316e-05,1.2759876560153316e-05,80
23,4,prefix,-3.8093496776525624e-06,3.8093496776525624e-06,80
23,5,prefix,2.737938284269603e-06,5.784606862846431e-06,80
23,6,prefix,-2.0545431240748256e-07,6.351993143027812e-07,80
23,7,prefix,2.785561954254945e-06,5.692341358809472e-06,80
23,8,prefix,1.0651659610516618e-05,2.3686318397153627e-05,80
23,9,prefix,-5.554097124615964e-06,2.357406893480629e-05,80
23,10,prefix,-2.870113971198407e-06,5.119987309853968e-06,80
23,11,prefix,-9.929914993023204e-06,9.929914993023204e-06,80
23,12,prefix,-1.5991143232696458e-06,3.6209241965678983e-06,80
23,13,prefix,-2.186632983480763e-06,2.186632983480763e-06,80
23,14,prefix,-7.155418263238289e-07,1.0514716098697362e-06,80
23,15,prefix,4.266111355377689e-06,1.2935348727438623e-05,80
23,16,prefix,-4.963147958392255e-07,4.7596961607609956e-06,80
23,17,prefix,9.032047884716122e-07,3.046561057828967e-06,80
23,18,prefix,-5.876198638077312e-06,2.669670220569742e-05,80
23,19,prefix,1.672485007730984e-06,2.481677365295809e-06,80
23,20,prefix,-1.5866754697668738e-06,4.0011561427633065e-06,80
23,21,prefix,-6.487362549023601e-06,7.241612956931931e-06,80
23,22,prefix,-8.051904188732806e-07,3.6610248656643305e-06,80
23,23,prefix,-3.0573973610614755e-07,1.1105329843275057e-06,80
23,24,prefix,1.1635973109491715e-06,2.6390027656475468e-06,80
23,25,prefix,8.413652572869523e-07,5.386249805638954e-06,80
23,26,prefix,-2.2974370511263943e-05,7.07167004001974e-05,80
23,27,prefix,-1.7293777169413715e-05,4.667829160354131e-05,80
23,28,prefix,-2.083619560266925e-06,3.2265232363215544e-06,80
23,29,prefix,1.7079726816859875e-06,1.740574269604167e-06,80
23,30,prefix,4.946158668417411e-07,6.725848805899659e-06,80
23,31,prefix,-1.3706091614551497e-06,4.255719651524714e-06,80
23,0,entity,-7.4591347470232e-05,0.0006913019779631214,80
23,1,entity,-6.050799838703824e-05,0.0004265706070327724,80
23,2,entity,-0.0002574276082441429,0.0009051592802507002,80
23,3,entity,0.00018478593323720816,0.00039901475035435395,80
23,4,entity,-4.908072744456149e-05,0.000765063835183355,80
23,5,entity,3.3330716809132356e-05,0.0003016396576583702,80
23,6,entity,-0.00015859406620961637,0.0004382618865463428,80
23,7,entity,-0.00014775805179851887,0.0005222404701726191,80
23,8,entity,0.00013159918621568066,0.0010494358299638407,80
23,9,entity,8.49324557862019e-05,0.0006667221855309435,80
23,10,entity,-0.00013202921508082,0.00044349802532224204,80
23,11,entity,-1.271894024625908e-05,0.0003418924859545314,80
23,12,entity,-2.8784579251350805e-05,0.00016465941151864172,80
23,13,entity,-6.199646560958171e-05,0.00031009715958703056,80
23,14,entity,-3.128244053414164e-05,0.0002522654402241642,80
23,15,entity,-1.4761869965695951e-05,0.0005989022864696381,80
23,16,entity,0.00018534395171627694,0.0009487353923759656,80
23,17,entity,0.0005573691784320544,0.0012296339250497113,80
23,18,entity,0.0001768510743090701,0.0009776559705983346,80
23,19,entity,2.862350361283461e-05,0.0007871486692692997,80
23,20,entity,0.0001346862614127531,0.00040928994478690585,80
23,21,entity,-0.0006570005550656788,0.001547252071168259,80
23,22,entity,-7.47389467846915e-05,0.0005375117964263154,80
23,23,entity,-0.001530157228305029,0.00219729200867107,80
23,24,entity,-0.0002441364664292678,0.0005330602557677367,80
23,25,entity,-0.00018633696540746315,0.00107323745191934,80
23,26,entity,-0.00021327597186200365,0.0020369902591596658,80
23,27,entity,-7.302810182636676e-05,0.000543945893707587,80
23,28,entity,0.00034832570768230655,0.001485263297649908,80
23,29,entity,-0.0004894029348861296,0.0015923976448675603,80
23,30,entity,-0.001357570577840761,0.0021711509397960072,80
23,31,entity,-9.586094448650328e-05,0.0014962753391387195,80
23,0,last,0.0006095836426538881,0.0025823522089922337,80
23,1,last,0.0022525458596646787,0.005525797215523198,80
23,2,last,0.0054924083524383605,0.011506675241980702,80
23,3,last,0.002620405092602596,0.015396880800835788,80
23,4,last,0.0016092712510726414,0.009513886096829082,80
23,5,last,-0.0008406094857491553,0.011510813437053003,80
23,6,last,-0.004342340602306649,0.020828850625548512,80
23,7,last,0.007355180889135227,0.01282788593089208,80
23,8,last,0.01099251177511178,0.06935648692888208,80
23,9,last,0.0004818269429961219,0.016989487802493385,80
23,10,last,0.0010202611854765564,0.013125309091992676,80
23,11,last,0.00015863431726756972,0.004427600874259951,80
23,12,last,-0.0009017760152346454,0.00661979505821364,80
23,13,last,0.001733600228544674,0.014261848328533232,80
23,14,last,0.0007672193161852193,0.005332794009154896,80
23,15,last,0.0025674445176264273,0.012160772251081652,80
23,16,last,-0.002897605222824495,0.0061498978713643735,80
23,17,last,-0.00735622703214176,0.026612850115634502,80
23,18,last,0.0010362126224208624,0.006015982705866918,80
23,19,last,-0.005459287806297652,0.014009276471915655,80
23,20,last,-0.0014182773360516877,0.035047548246802764,80
23,21,last,0.00195438674709294,0.008876929446705617,80
23,22,last,-7.025459781289101e-05,0.010154504491947592,80
23,23,last,-0.006079862418118864,0.057333826401736586,80
23,24,last,0.0019622085557784883,0.010575257061282173,80
23,25,last,0.023827284784056248,0.07328926813788712,80
23,26,last,0.007960647938307374,0.056438573740888384,80
23,27,last,0.0007235785960801877,0.021300984754634555,80
23,28,last,0.01762603592360392,0.030877590354066342,80
23,29,last,0.005817975010722875,0.01940109212882817,80
23,30,last,-0.2921518207993358,0.3641758532729,80
23,31,last,0.02025704416446388,0.023947547061834485,80
23,0,suffix,-0.0006083558270802314,0.0037211608479083224,80
23,1,suffix,-0.0002226335625664433,0.009128459951148216,80
23,2,suffix,-0.015967168546103493,0.018914087430221115,80
23,3,suffix,4.30698300988297e-05,0.012977453877647349,80
23,4,suffix,-0.00017416152835494358,0.0038645977649707673,80
23,5,suffix,-0.004982646127086809,0.0076866033485430306,80
23,6,suffix,9.064941557426209e-05,0.008405221679436182,80
23,7,suffix,-0.003394101768776636,0.006294060750792596,80
23,8,suffix,-0.017536483904268606,0.02541544453529241,80
23,9,suffix,-0.009746065645140333,0.01691136621793703,80
23,10,suffix,-0.006178878248647379,0.0077092385861760706,80
23,11,suffix,-0.005163792118332821,0.008724148273108768,80
23,12,suffix,-0.0031884439820942133,0.004957192964911883,80
23,13,suffix,-0.004140491515704526,0.009469340647342506,80
23,14,suffix,-0.002479207291116836,0.004583916240153485,80
23,15,suffix,0.0019334404806272687,0.007565405385741996,80
23,16,suffix,0.001178596517263486,0.02178087416574499,80
23,17,suffix,0.006667031677034174,0.012171459946193864,80
23,18,suffix,0.0008099334305143203,0.004309324513019419,80
23,19,suffix,-0.0023866485784537874,0.006165570441839918,80
23,20,suffix,0.0030824861198482266,0.011887659210543688,80
23,21,suffix,-0.0013661267741440497,0.004567209297431418,80
23,22,suffix,-0.000792151033533628,0.006448275265552183,80
23,23,suffix,0.002297856763141226,0.014616406999141417,80
23,24,suffix,-0.0008957457797805546,0.008513270508683491,80
23,25,suffix,0.0036559746750526754,0.013349028826701215,80
23,26,suffix,-0.0008907653089465839,0.01259880555449513,80
23,27,suffix,-0.00136266788570083,0.008362186523868331,80
23,28,suffix,0.011667295166580516,0.01653761050833964,80
23,29,suffix,0.04298060849172316,0.04462125960302501,80
23,30,suffix,-0.03393573523276246,0.03416080606580181,80
23,31,suffix,-0.0007593591320755877,0.008636248612879172,80
24,0,prefix,-6.392319710002425e-06,1.2551110060243787e-05,80
24,1,prefix,-2.4211580537780717e-06,8.047943812528046e-06,80
24,2,prefix,7.979257816259633e-07,3.818011759904039e-06,80
24,3,prefix,-1.946289575016635e-06,3.11626455413716e-06,80
24,4,prefix,3.432224807191631e-05,7.369660331413286e-05,80
24,5,prefix,-1.9029784226631818e-06,9.432444937829131e-06,80
24,6,prefix,7.893222991128823e-06,1.3566757607463842e-05,80
24,7,prefix,5.297658194791666e-06,1.0081722798105375e-05,80
24,8,prefix,-2.0099275289453543e-06,6.271441587557547e-06,80
24,9,prefix,-1.8047931902742675e-06,2.7222118418990247e-06,80
24,10,prefix,-6.5782113843226854e-06,2.448675726895999e-05,80
24,11,prefix,3.050388480474453e-07,2.0214308898758303e-06,80
24,12,prefix,-6.517631712199546e-06,9.66176388317308e-06,80
24,13,prefix,3.347703230360821e-06,1.3162254080612002e-05,80
24,14,prefix,1.96873335923442e-05,1.96873335923442e-05,80
24,15,prefix,2.8534650681422137e-06,6.17119708010705e-06,80
24,16,prefix,-3.7726017403372226e-07,1.3144152465116576e-06,80
24,17,prefix,-1.5114293031359693e-06,3.037432889030356e-06,80
24,18,prefix,-3.0543987577402733e-06,5.904008972379415e-06,80
24,19,prefix,3.2923383827210274e-06,7.489296345397634e-06,80
24,20,prefix,2.991081084857683e-06,3.4509246365388437e-06,80
24,21,prefix,-1.6632043305264687e-06,3.105939250502843e-06,80
24,22,prefix,7.362234009100632e-07,7.362234009100632e-07,80
24,23,prefix,-2.890756893947355e-06,4.53040737014021e-06,80
24,24,prefix,6.994487975475749e-07,6.994487975475749e-07,80
24,25,prefix,9.868780502131358e-07,1.3853257492257853e-06,80
24,26,prefix,1.437792504788149e-06,4.799474975669682e-06,80
24,27,prefix,-3.3988151059816117e-06,7.5595093093738795e-06,80
24,28,prefix,2.9212162953484723e-06,4.9866490318350994e-06,80
24,29,prefix,-3.4237086083521716e-06,3.4237086083521716e-06,80
24,30,prefix,1.5388991329245983e-06,2.5523228231350005e-06,80
24,31,prefix,-2.2226917550938195e-08,2.3451052509670943e-06,80
24,0,entity,-2.423239965310131e-05,0.0006913904640100555,80
24,1,entity,2.1216482082309085e-06,0.0009989705670477634,80
24,2,entity,0.0001377503914227418,0.0006000310870604153,80
24,3,entity,-0.00019239181144712348,0.0010068880430708304,80
24,4,entity,-2.6471983849774007e-05,0.00025104644886653205,80
24,5,entity,5.1271071875191865e-05,0.000278402863604299,80
24,6,entity,7.38206274888853e-05,0.00023767735190745044,80
24,7,entity,-1.082486723475995e-05,0.0003742029145712422,80
24,8,entity,0.0005518335922602091,0.0013503347582059177,80
24,9,entity,0.0007533721191975929,0.0013128847122061416,80
24,10,entity,-6.923714834101702e-05,0.0012882684580063143,80
24,11,entity,0.00013145886368874925,0.0006751633730345929,80
24,12,entity,-0.00023386241640537263,0.0012254202306962725,80
24,13,entity,0.00036815750913774534,0.0019492356961109182,80
24,14,entity,-0.0006245881489803651,0.0012673162924102144,80
24,15,entity,0.0009327642335051678,0.002499876147737723,80
24,16,entity,5.686499491730501e-07,0.00020449171714176373,80
24,17,entity,2.212602129247898e-05,0.00018774086553321467,80
24,18,entity,-2.392556636152676e-05,0.00024327036556712756,80
24,19,entity,1.8563899214996126e-05,0.0006212309438922148,80
24,20,entity,5.6240188163769746e-05,0.0004800889738959313,80
24,21,entity,-3.442205682517852e-05,0.0009534638363277281,80
24,22,entity,-1.3000203759361284e-05,0.00021575407848501983,80
24,23,entity,2.429306718454427e-05,0.00027389868782279336,80
24,24,entity,-3.758800912692095e-05,0.00032575349810031183,80
24,25,entity,-1.4538812399678136e-05,0.0003254424515034771,80
24,26,entity,-0.00010268280392438101,0.0003129312050191402,80
24,27,entity,-0.0001635907060176578,0.0005940968476693343,80
24,28,entity,0.0010958365354099442,0.002104485136965195,80
24,29,entity,-0.0005443821948801997,0.0016053929054805848,80
24,30,entity,0.00011022897454040503,0.002030829938098577,80
24,31,entity,-1.49472027601405e-05,0.00038313304743269326,80
24,0,last,0.012012445024447515,0.04837527543422766,80
24,1,last,0.0021539157518418507,0.030953489118837753,80
24,2,last,-0.00041408969846088437,0.018692448557703755,80
24,3,last,0.004773357807425782,0.08741128162364475,80
24,4,last,0.002155853128351737,0.007110883195127826,80
24,5,last,0.006914198039157782,0.00946099806606071,80
24,6,last,-0.0013351909699849784,0.010756625415524468,80
24,7,last,0.0005274481125525198,0.0035756306402618065,80
24,8,last,0.0018523140570323449,0.01440842191586853,80
24,9,last,0.00013979878931422718,0.004530025764688616,80
24,10,last,0.009580845132586547,0.03138345046609174,80
24,11,last,-0.005735507667122874,0.021055424098449294,80
24,12,last,-0.0038880540349055083,0.011321876052534208,80
24,13,last,-0.04515557507402264,0.05002921250998042,80
24,14,last,0.023395336326211692,0.027643851656466722,80
24,15,last,-0.0032862714127986693,0.011164043225289789,80
24,16,last,0.004251054264022969,0.00851137406716589,80
24,17,last,-0.0014002614683704452,0.0064088967279531065,80
24,18,last,-0.00030004102081875316,0.007673473194154212,80
24,19,last,-0.0010289293459209148,0.009063453315320658,80
24,20,last,-0.00044954239492653867,0.006778513930476038,80
24,21,last,0.0009087561338674277,0.011294801096664742,80
24,22,last,0.0014389224586921045,0.006725754864964984,80
24,23,last,0.0027928960233111868,0.0157299958387739,80
24,24,last,-0.0020309408835601063,0.005384550563758239,80
24,25,last,-0.0017940692916454282,0.006486715542996535,80
24,26,last,-0.0010385562847659458,0.005246213929058286,80
24,27,last,0.0027900396307813935,0.011792477323615458,80
24,28,last,-0.012251659022876994,0.014708071359200403,80
24,29,last,0.030678122001700104,0.04468541769310832,80
24,30,last,0.06901211561635137,0.10466876979917288,80
24,31,last,-0.00174820251413621,0.006820664470433257,80
24,0,suffix,0.010712921445838219,0.01583157104601014,80
24,1,suffix,-0.008988981715265253,0.014892472163592175,80
24,2,suffix,-0.014924961307724516,0.018503862577699693,80
24,3,suffix,-0.003585183208451781,0.017643547986153862,80
24,4,suffix,-0.00931420946481012,0.011851370109434356,80
24,5,suffix,0.001054234389039266,0.006133227558120779,80
24,6,suffix,0.010561308939895753,0.016646344056471207,80
24,7,suffix,0.00164123461129293,0.004808287076025408,80
24,8,suffix,-0.0004738264437037287,0.005567919788836662,80
24,9,suffix,-0.0009855457280082192,0.0031631769387786336,80
24,10,suffix,0.00045266128765888427,0.010596499853750174,80
24,11,suffix,-0.0005402217725361425,0.005309912162016417,80
24,12,suffix,-0.004727264124881003,0.00826752087357363,80
24,13,suffix,0.00011857698791573057,0.010223629378378974,80
24,14,suffix,0.0019320016989695433,0.016125975799241132,80
24,15,suffix,-0.011528794306377677,0.016275385562494193,80
24,16,suffix,0.0009106921909847188,0.004886261984313478,80
24,17,suffix,-0.002367067702834902,0.004418576956049946,80
24,18,suffix,0.0010815773319791332,0.004516784595853096,80
24,19,suffix,0.0021147999872482615,0.0046503281793320635,80
24,20,suffix,-0.003986374832470574,0.005728718667455723,80
24,21,suffix,0.010075773910352836,0.01267462240173245,80
24,22,suffix,0.0017822407361677505,0.003455207354875256,80
24,23,suffix,0.0016198119590058013,0.008086726388489751,80
24,24,suffix,-0.003527114872645143,0.00656442926535874,80
24,25,suffix,-0.0025965340207903865,0.005945066009894617,80
24,26,suffix,-0.002635426959841425,0.005897610929787333,80
24,27,suffix,0.006396291710598234,0.011759480802038525,80
24,28,suffix,-0.0049163712527160895,0.010789815745170017,80
24,29,suffix,0.013521393811606686,0.01726366046605108,80
24,30,suffix,0.014835202821996064,0.0162013986090642,80
24,31,suffix,-0.0006799116396678073,0.00804909548885462,80
25,0,prefix,-1.3278010158046527e-06,3.4569336492040747e-06,80
25,1,prefix,8.871927917653011e-07,2.7954131923024763e-06,80
25,2,prefix,-2.898602222956015e-06,2.898602222956015e-06,80
25,3,prefix,-1.338216945612203e-06,7.059077871929275e-06,80
25,4,prefix,-7.552047421199859e-07,3.027874261363195e-06,80
25,5,prefix,-5.284238461911173e-07,2.589834286226278e-06,80
25,6,prefix,-8.474186788731686e-07,2.3566674069996907e-06,80
25,7,prefix,2.960354201775317e-07,1.9363267988126155e-06,80
25,8,prefix,2.4927378120764843e-06,2.4927378120764843e-06,80
25,9,prefix,2.97084526010849e-06,1.3180799906820085e-05,80
25,10,prefix,-4.984223465953619e-07,2.699861204291665e-06,80
25,11,prefix,-8.932400203320866e-06,3.1295176864887256e-05,80
25,12,prefix,-5.36718546584325e-07,6.829316376411044e-07,80
25,13,prefix,-5.421145907291703e-07,8.992601571833348e-07,80
25,14,prefix,1.1556935536560787e-06,1.1556935536560787e-06,80
25,15,prefix,1.1450646717037217e-06,1.4723020179019386e-06,80
25,16,prefix,3.060309580860121e-07,3.139376840977093e-06,80
25,17,prefix,7.300292185163926e-06,7.996185473757578e-06,80
25,18,prefix,-9.727644538770619e-08,1.8036457973380493e-06,80
25,19,prefix,3.933261248789677e-06,6.833439843489941e-06,80
25,20,prefix,-9.098545285723958e-06,1.1491487367720765e-05,80
25,21,prefix,-8.750079632591224e-06,1.2925339274261204e-05,80
25,22,prefix,2.960633689497172e-05,4.9042713109770374e-05,80
25,23,prefix,1.863171868876634e-05,5.2377308401219123e-05,80
25,24,prefix,-5.546296980440957e-06,1.4386587401560292e-05,80
25,25,prefix,-4.2665169708300255e-06,9.781794972951729e-06,80
25,26,prefix,4.851349710222053e-06,1.4806263206779136e-05,80
25,27,prefix,2.146524571600139e-06,2.146524571600139e-06,80
25,28,prefix,9.609807051447206e-06,2.108374682734393e-05,80
25,29,prefix,-1.5852920296310912e-05,3.810816232032721e-05,80
25,30,prefix,6.450868575313961e-07,1.432108388854658e-06,80
25,31,prefix,-3.6613425429266044e-06,1.9397969027323824e-05,80
25,0,entity,1.2823442131093542e-05,0.0012887930147428505,80
25,1,entity,-0.00045147843935637865,0.0014927416140039895,80
25,2,entity,4.287267384484039e-06,0.0005474815879011885,80
25,3,entity,-1.4885931170738331e-05,0.0005846533361477668,80
25,4,entity,2.5263883534876187e-05,0.00021546248715651473,80
25,5,entity,-1.9817456188775395e-05,0.0002814316763874558,80
25,6,entity,1.2194056398584508e-05,0.0002719921249536128,80
25,7,entity,-9.596625829999539e-06,0.00016183512383349807,80
25,8,entity,-2.7262046978648867e-05,0.00020985759974792017,80
25,9,entity,-0.00010378987453805167,0.00048700430925237016,80
25,10,entity,9.619264690741148e-06,0.000268743284019024,80
25,11,entity,-0.00024843932656040126,0.0009866117256478902,80
25,12,entity,-2.4454803366324995e-05,0.00017849484608518652,80
25,13,entity,1.522575188346309e-05,0.00018523662262168728,80
25,14,entity,-3.5540368958209e-05,0.00024687394795819273,80
25,15,entity,5.08811067447823e-06,0.00010919912102735907,80
25,16,entity,-2.8157219503555097e-06,0.0003016852906512213,80
25,17,entity,-9.409719777977443e-05,0.0008305775719236408,80
25,18,entity,1.6874701941560488e-05,0.0005443513236059516,80
25,19,entity,-0.00013208209634285595,0.0005600509415444321,80
25,20,entity,0.00047121462357608835,0.002798071280813019,80
25,21,entity,0.0005990073030261555,0.002705620028427802,80
25,22,entity,-0.0012493833638473006,0.004303690712276875,80
25,23,entity,-6.66749253468879e-05,0.0015185439921879152,80
25,24,entity,0.00015878965680258262,0.0007403068737175999,80
25,25,entity,7.464634659868353e-05,0.0003361945044218828,80
25,26,entity,-0.0001279635305309057,0.00027480972385092174,80
25,27,entity,-0.0002829968025650942,0.0013247554855468024,80
25,28,entity,4.805642520295805e-05,0.0020320642092883645,80
25,29,entity,-0.0006345638550783406,0.0020350061297222054,80
25,30,entity,-4.319568090522807e-05,0.0007209927562826124,80
25,31,entity,-0.0006299658923808238,0.0009498928453240297,80
25,0,last,0.00258560614020098,0.009637320606270806,80
25,1,last,-0.0011044721395592205,0.0034257017468917184,80
25,2,last,0.001080550765618682,0.011612081114435568,80
25,3,last,-0.022012157941935583,0.030900696566095575,80
25,4,last,-0.0004312374563596677,0.004851214357040589,80
25,5,last,0.0015468466175661889,0.005325973241269821,80
25,6,last,-0.0019463324853859377,0.005093889241834404,80
25,7,last,0.0011885826199431904,0.0038539151893928645,80
25,8,last,0.001071780823986046,0.004659537118277513,80
25,9,last,-0.0008527110530849313,0.0031499012522544943,80
25,10,last,0.001203464674836141,0.003604081894081901,80
25,11,last,0.047445759977563284,0.0951918173377635,80
25,12,last,0.0020131340352236293,0.005626180810213555,80
25,13,last,-0.0002771036073681898,0.004089393788308371,80
25,14,last,-0.000722129522182513,0.0033466691107605583,80
25,15,last,0.0007944308701553382,0.005514216194569599,80
25,16,last,0.004736956109991297,0.019997444603359327,80
25,17,last,0.007474246062338352,0.05863364641554654,80
25,18,last,0.10087576049845666,0.1941600335529074,80
25,19,last,-0.00433003421057947,0.010091296775499359,80
25,20,last,-0.008220840920694172,0.05625136140733957,80
25,21,last,0.01332812731852755,0.03865197879495099,80
25,22,last,0.0008755050017498434,0.035152569983620194,80
25,23,last,-0.048208312114002186,0.06031308263191022,80
25,24,last,-0.005843451590044424,0.017643878347007556,80
25,25,last,-9.962748154066504e-05,0.006929573955130763,80
25,26,last,0.0014023685434949584,0.004474310450314078,80
25,27,last,0.00856465061515337,0.02482486841181526,80
25,28,last,-0.004820115829716087,0.0060189420419192174,80
25,29,last,-0.0008964072163507808,0.0035354210522200447,80
25,30,last,0.0011968168677412906,0.00509067283855984,80
25,31,last,0.002722430152789457,0.004693249747651862,80
25,0,suffix,0.007632951653704367,0.010724514963021648,80
25,1,suffix,0.0016161939685844118,0.004741878345521399,80
25,2,suffix,0.008797187869140544,0.011102418144628246,80
25,3,suffix,0.010418841476985108,0.012039172999357107,80
25,4,suffix,0.0036923841542829904,0.0052248949639306375,80
25,5,suffix,-0.00285956687766884,0.004965338780743877,80
25,6,suffix,0.0004692786047712616,0.003506817641221005,80
25,7,suffix,-0.0001964622474645239,0.002551264210609361,80
25,8,suffix,0.0008148878931478976,0.005455303185954108,80
25,9,suffix,-0.0038488646273890483,0.007498693423849545,80
25,10,suffix,-0.023388066709026135,0.023868404291329172,80
25,11,suffix,0.00031733828149071996,0.017938378862174885,80
25,12,suffix,0.0019500686583796777,0.004962220110019189,80
25,13,suffix,0.001694707740443846,0.004280564495502404,80
25,14,suffix,-0.0003655967621966738,0.003141877614814348,80
25,15,suffix,-0.001610129007156047,0.002790633145320953,80
25,16,suffix,0.00423275788061801,0.007305579954208952,80
25,17,suffix,-0.007150393507345143,0.013463030879847793,80
25,18,suffix,-0.04269690971682394,0.04641912664733354,80
25,19,suffix,0.004145550342707338,0.010837058584036186,80
25,20,suffix,-0.036874380921472036,0.0393092641255862,80
25,21,suffix,-0.0054813765651488214,0.023534024643049635,80
25,22,suffix,0.015376974448645341,0.021975155059499228,80
25,23,suffix,0.02605932831247628,0.03310363901218807,80
25,24,suffix,0.023185851989353523,0.02442918771374707,80
25,25,suffix,0.00252761341686778,0.004161068635920628,80
25,26,suffix,0.003167524912976205,0.005432957127720783,80
25,27,suffix,-0.00253050332106568,0.009193702660456892,80
25,28,suffix,0.003245622844360696,0.006078305342589374,80
25,29,suffix,-0.003403949968537745,0.004555390425935002,80
25,30,suffix,0.004843642504988565,0.005193499844449434,80
25,31,suffix,-0.0003363466128348591,0.0025390635390294845,80
26,0,prefix,-3.7707134850961665e-06,3.7707134850961665e-06,80
26,1,prefix,1.1686843424740801e-05,1.9631769134775823e-05,80
26,2,prefix,-6.64284614515509e-06,1.2586112003987181e-05,80
26,3,prefix,3.999410182586871e-06,3.999410182586871e-06,80
26,4,prefix,-7.980217723968508e-07,6.288898027406731e-06,80
26,5,prefix,-4.782556680282824e-06,2.4847168909758465e-05,80
26,6,prefix,-1.2934762258964838e-05,1.916092123224189e-05,80
26,7,prefix,-6.370890302065391e-06,1.1694698580555496e-05,80
26,8,prefix,-2.0878614094499427e-06,7.24070244189079e-06,80
26,9,prefix,9.94545171977279e-06,3.0882509631169344e-05,80
26,10,prefix,-5.066900953920595e-07,1.813628215074914e-06,80
26,11,prefix,9.058916177195897e-07,9.998461420934745e-06,80
26,12,prefix,7.306577423094041e-07,8.09561300485484e-07,80
26,13,prefix,-2.9365364426325867e-06,8.301473818050908e-06,80
26,14,prefix,1.6944945997465765e-07,5.270963285397557e-07,80
26,15,prefix,-2.7894791244875706e-06,2.7894791244875706e-06,80
26,16,prefix,-3.632350770033099e-06,1.4264605324854074e-05,80
26,17,prefix,1.5267761811088575e-05,2.6898575035971817e-05,80
26,18,prefix,3.822820133159155e-06,3.93749375842134e-06,80
26,19,prefix,-6.868992974773391e-06,2.0367987087865912e-05,80
26,20,prefix,-2.807335100385444e-06,9.831369261803502e-06,80
26,21,prefix,-3.0562427184577244e-07,5.547069832800843e-07,80
26,22,prefix,1.9836436493392284e-05,3.212500880920288e-05,80
26,23,prefix,-7.755221389516009e-07,7.755221389516009e-07,80
26,24,prefix,-5.878442484785751e-07,5.878442484785751e-07,80
26,25,prefix,-3.199699618505747e-06,1.0861943242446159e-05,80
26,26,prefix,-1.5273354186717824e-06,3.935210256855726e-06,80
26,27,prefix,2.8412560226342974e-06,4.9930715846358e-06,80
26,28,prefix,5.708877985455274e-07,1.5788196400023934e-06,80
26,29,prefix,-1.1170340023625159e-06,1.1170340023625159e-06,80
26,30,prefix,-9.243506404743584e-07,2.5916607846454554e-06,80
26,31,prefix,-4.774741025670437e-07,4.774741025670437e-07,80
26,0,entity,-0.0010101183283723002,0.003162964064699736,80
26,1,entity,0.00040810814443830167,0.007753097828936006,80
26,2,entity,-5.1131604857346245e-05,0.0006594228570634186,80
26,3,entity,0.004221415874781087,0.010400604666938307,80
26,4,entity,-0.00011291855017248054,0.00039047129067171227,80
26,5,entity,0.00012084093287114683,0.0004218704814803687,80
26,6,entity,0.00027824940743244043,0.0008711800228468292,80
26,7,entity,2.8430167390069983e-05,0.0005509533731355987,80
26,8,entity,2.7977552144875516e-05,0.00029076902637825697,80
26,9,entity,-0.00016731203604649635,0.0005701951355149504,80
26,10,entity,-0.00016399576942944806,0.0004228914164229991,80
26,11,entity,5.1712776962631327e-05,0.0013777826962950712,80
26,12,entity,-9.015274820853847e-05,0.00020689673947913434,80
26,13,entity,1.4585820986212639e-05,0.00025353048806664447,80
26,14,entity,9.356566090445995e-06,0.0001796806691004349,80
26,15,entity,-6.241584105737274e-06,0.0003581356862923712,80
26,16,entity,2.1989293281876597e-05,0.00020986435005170278,80
26,17,entity,4.919727255128237e-05,0.00021481564954228816,80
26,18,entity,-3.474554713704947e-05,0.0001409958950858936,80
26,19,entity,-0.00010053199366666377,0.0006066496182484116,80
26,20,entity,-9.11006710566653e-05,0.0005396607162538203,80
26,21,entity,0.0006184996300817147,0.0016885821409687197,80
26,22,entity,-0.000645622442198146,0.0022739742494650274,80
26,23,entity,0.00023120529842799443,0.0015268222545955722,80
26,24,entity,0.00017825518378060677,0.00034443021243930617,80
26,25,entity,0.0007695981997812851,0.0012625350088683262,80
26,26,entity,9.30158131495773e-06,0.0003454135245874568,80
26,27,entity,0.00044234798933757703,0.0010357658602970332,80
26,28,entity,0.00023057380824411666,0.0007609893440758241,80
26,29,entity,-7.400342789480874e-05,0.00029807207798455694,80
26,30,entity,-0.00010233747632355516,0.0008205672502072048,80
26,31,entity,-5.223666486813272e-05,0.00013892332468117273,80
26,0,last,0.0022462490713223817,0.049194560199975965,80
26,1,last,0.04026032786350697,0.09816142956260591,80
26,2,last,-0.002707921707769856,0.04631798567133956,80
26,3,last,0.0660794771509245,0.13643469929229468,80
26,4,last,-0.003347951486648526,0.009790129384782631,80
26,5,last,-0.001839720738644246,0.006901269684021827,80
26,6,last,0.0005247221502941102,0.007386936427792534,80
26,7,last,-0.0005484556160809007,0.006746252443554113,80
26,8,last,0.00461120541440323,0.010999646777054294,80
26,9,last,0.00797557647456415,0.019099974475102498,80
26,10,last,0.009146861682529562,0.01576207777543459,80
26,11,last,-0.0043836995988385755,0.011800042176037095,80
26,12,last,-0.0013974773999507306,0.006681197208308731,80
26,13,last,0.0016721452586352826,0.006150331169192213,80
26,14,last,0.001457340374327032,0.004492053032299737,80
26,15,last,-0.005211605106887873,0.008730255493719596,80
26,16,last,0.0074827103708230425,0.009204419131128816,80
26,17,last,0.01205250546336174,0.06101004562806338,80
26,18,last,-0.0010843621887033806,0.008515161406830885,80
26,19,last,0.018286759918555617,0.0461556201800704,80
26,20,last,0.015561302631977015,0.01792171231645625,80
26,21,last,-0.21273333979770542,0.21538793472573162,80
26,22,last,0.18370657074265181,0.19019579156301916,80
26,23,last,-0.0879638462793082,0.09313354422338307,80
26,24,last,-0.0008779517025686801,0.0030414633481996136,80
26,25,last,5.637398207909427e-05,0.006601648864307208,80
26,26,last,-0.008136096330417786,0.010214586190704722,80
26,27,last,0.003640274616191164,0.0696523221267853,80
26,28,last,0.0006870491328299977,0.00800640426314203,80
26,29,last,-0.0014535765396431089,0.007458985043922439,80
26,30,last,0.017524892481742427,0.0870064687624108,80
26,31,last,-0.0005837991106091067,0.003916813718387857,80
26,0,suffix,-0.018524523765518098,0.043116843542156856,80
26,1,suffix,-0.0444392646048982,0.054413325786754285,80
26,2,suffix,0.0015863020515098469,0.01193197961711121,80
26,3,suffix,0.016196320491417282,0.034788027509512175,80
26,4,suffix,0.006787209301865005,0.020508839979038386,80
26,5,suffix,0.003768107676432919,0.009189383797775008,80
26,6,suffix,-0.0014282671156706783,0.007980076763169563,80
26,7,suffix,6.870044617244276e-05,0.008647437034596805,80
26,8,suffix,0.0023547825565401583,0.0041285908898771595,80
26,9,suffix,-0.000541759783550333,0.005061686195199399,80
26,10,suffix,-0.034193939887586566,0.03635629027319283,80
26,11,suffix,-0.0011087450248396635,0.006013424820457658,80
26,12,suffix,0.0023981198063211195,0.004833592015302202,80
26,13,suffix,0.006994488926375197,0.009649429080036498,80
26,14,suffix,0.0008276459148191861,0.00533538192614742,80
26,15,suffix,-0.0038618151552100243,0.006908389681643712,80
26,16,suffix,0.011230165121457959,0.01270336054845984,80
26,17,suffix,-7.852127150727028e-05,0.007531230243648679,80
26,18,suffix,0.007981179198918654,0.008984053433209738,80
26,19,suffix,0.0030600029403558436,0.014466024198145532,80
26,20,suffix,0.014111335876873455,0.014990606590686184,80
26,21,suffix,-0.013368360653362287,0.024624747994698735,80
26,22,suffix,0.12439928838075502,0.1284983684031431,80
26,23,suffix,-0.0444541975320135,0.05079229498987843,80
26,24,suffix,-0.00936825458578312,0.009878082099507423,80
26,25,suffix,-0.006799301407073699,0.010489952048402529,80
26,26,suffix,0.004858739465458939,0.01859708768209316,80
26,27,suffix,0.007392959168419111,0.01732633304650335,80
26,28,suffix,0.0033301693357998376,0.005686144576452534,80
26,29,suffix,-0.0003795968799295224,0.004343154615526146,80
26,30,suffix,-0.011850634854658893,0.018800859162934103,80
26,31,suffix,0.0004889244967330342,0.0031711943824234367,80
27,0,prefix,-9.107626674165203e-07,1.8965586839669867e-06,80
27,1,prefix,-1.3610157790111543e-06,6.311562745153765e-06,80
27,2,prefix,4.4983687672583985e-07,4.237027307851804e-06,80
27,3,prefix,-2.517321188122423e-06,6.711665579928194e-06,80
27,4,prefix,-2.539534028045409e-06,5.473130475053267e-06,80
27,5,prefix,-1.8574439970109325e-06,4.849273287987898e-06,80
27,6,prefix,6.606496085126423e-06,7.655196289491074e-06,80
27,7,prefix,-7.518570072306829e-07,7.518570072306829e-07,80
27,8,prefix,3.936051864883439e-06,3.936051864883439e-06,80
27,9,prefix,2.72755328104779e-05,5.9999370116514686e-05,80
27,10,prefix,2.214910533382408e-06,3.7923328264355405e-06,80
27,11,prefix,8.177212643545318e-06,2.2459113873196655e-05,80
27,12,prefix,-2.0664298989458985e-05,3.385722873758823e-05,80
27,13,prefix,4.419025259494447e-06,9.438008680717757e-06,80
27,14,prefix,-4.4681796111945005e-06,1.2498148089434835e-05,80
27,15,prefix,7.227237745155435e-06,2.2711080271164973e-05,80
27,16,prefix,-1.9043352210701415e-07,4.774943792540398e-06,80
27,17,prefix,5.0305996083466194e-06,1.0183351541570573e-05,80
27,18,prefix,1.3410441013661511e-06,1.7152482584492646e-06,80
27,19,prefix,-6.399497132747456e-06,1.4282010872079809e-05,80
27,20,prefix,-9.84334139531029e-07,2.15837709518496e-06,80
27,21,prefix,-1.6760760914280582e-06,3.2086088666005708e-06,80
27,22,prefix,1.4281452330067168e-06,1.4281452330067168e-06,80
27,23,prefix,-8.02378819741989e-07,8.02378819741989e-07,80
27,24,prefix,-4.316043158780758e-06,6.28223149732321e-06,80
27,25,prefix,-1.973959798817759e-06,1.973959798817759e-06,80
27,26,prefix,-3.1760156090854253e-06,4.051935719928679e-06,80
27,27,prefix,-3.8857065476349817e-07,1.0475457401071254e-06,80
27,28,prefix,1.0020611782124434e-06,1.1902754060599818e-05,80
27,29,prefix,2.482312777374318e-05,6.23312040147539e-05,80
27,30,prefix,1.88006765071691e-05,1.9010496505700302e-05,80
27,31,prefix,-1.3504670643982308e-05,1.3946041055845626e-05,80
27,0,entity,0.00023842505954121406,0.0004919826105208358,80
27,1,entity,9.489148927173119e-05,0.000509429544052864,80
27,2,entity,-0.0001589216737784227,0.0005850910939670939,80
27,3,entity,0.00011035168609510037,0.0002843383056699622,80
27,4,entity,-2.3264687970936394e-05,0.00011789906812111894,80
27,5,entity,1.6974252912405063e-05,0.0003201309734777169,80
27,6,entity,3.216283058122826e-05,0.00026976358475963027,80
27,7,entity,-5.653665152749454e-06,0.00023930745076086168,80
27,8,entity,0.00010854720370616633,0.0012228810267174595,80
27,9,entity,-2.0884944206045474e-06,0.0007862701372687297,80
27,10,entity,0.00026061414918103764,0.0008285674443527568,80
27,11,entity,-0.0003279565450611699,0.0027548361370463683,80
27,12,entity,8.127048003530035e-05,0.0008743571261732086,80
27,13,entity,0.0005078063826658763,0.0013512976429410628,80
27,14,entity,0.00031716602361484545,0.0018724793614637747,80
27,15,entity,9.678907895249722e-06,0.0008771961337288303,80
27,16,entity,1.587087833740952e-05,0.0008603452283523439,80
27,17,entity,2.34824226197361e-05,0.00020126612413946533,80
27,18,entity,-4.935625520374742e-05,0.0007303445535399078,80
27,19,entity,3.8418014887042774e-05,0.0002507321551235009,80
27,20,entity,3.879805632323041e-05,0.00030395729773999844,80
27,21,entity,2.6563341748442326e-05,0.0006362435632354391,80
27,22,entity,-1.9846085837116335e-05,0.00018481655047821732,80
27,23,entity,-4.692045754381979e-05,0.00024757504278341005,80
27,24,entity,-0.00012680929841053513,0.00042814016875354356,80
27,25,entity,-9.438937991035345e-05,0.0011088248497344467,80
27,26,entity,0.000587277523618468,0.002268612668331116,80
27,27,entity,-3.588761496757798e-05,0.0009590929348178179,80
27,28,entity,-0.00025241725579689956,0.0007821166906978761,80
27,29,entity,0.00033476995815817645,0.00242730614706943,80
27,30,entity,5.931269140546647e-06,0.0005489927238500059,80
27,31,entity,-0.0005777306808568028,0.001065024940339754,80
27,0,last,-0.0009667855316365604,0.010813343668269226,80
27,1,last,0.005623773212573724,0.009814082382217749,80
27,2,last,0.004044924421032192,0.014217817427561386,80
27,3,last,-0.0017206879310833756,0.0073554241120291405,80
27,4,last,-0.0003773219694267027,0.003978890372673049,80
27,5,last,0.003623186051117955,0.00861504907879862,80
27,6,last,0.0017800220652134159,0.005997864283563104,80
27,7,last,-0.003176326785614947,0.005874569551815511,80
27,8,last,-0.0021826270676683635,0.0215341703791637,80
27,9,last,0.006064217642415315,0.018044694571290164,80
27,10,last,-0.02218634222226683,0.033852431442937814,80
27,11,last,-0.02429302567616105,0.06511162917595356,80
27,12,last,0.014970647136215121,0.03020889600738883,80
27,13,last,0.03726972456788644,0.05207165898755193,80
27,14,last,-0.021835458639543504,0.056279312924016264,80
27,15,last,0.01205230585183017,0.024959587381454186,80
27,16,last,0.04150048505980521,0.07017544570844621,80
27,17,last,0.0009420921138371341,0.003811651725845877,80
27,18,last,-0.0030000545521033928,0.01488730565761216,80
27,19,last,-0.0057824779469228815,0.01637255817258847,80
27,20,last,-0.002291892336506862,0.008293798759405035,80
27,21,last,0.005816042036167346,0.01186941598134581,80
27,22,last,0.0008030229349969886,0.005511364860285539,80
27,23,last,0.0014586468139896169,0.005649399152025581,80
27,24,last,0.00637672707089223,0.026448314875597134,80
27,25,last,0.0029599593763123266,0.010051933092472608,80
27,26,last,0.0005859861325006932,0.030690481321653352,80
27,27,last,-0.0017439787712646647,0.01990217704733368,80
27,28,last,0.0003311048785690218,0.020825769234215842,80
27,29,last,0.00977292443276383,0.023307528992882,80
27,30,last,0.0016436850433819926,0.00933944231219357,80
27,31,last,0.0009215796439093537,0.008589775125437881,80
27,0,suffix,-0.005839827649828067,0.008423534173726922,80
27,1,suffix,0.002210485395772821,0.004221211490647647,80
27,2,suffix,-7.17632458645312e-05,0.005441364257228543,80
27,3,suffix,-0.002292457094469569,0.006899204512339452,80
27,4,suffix,-0.0008654137596067812,0.003371724779822216,80
27,5,suffix,-0.0005068517273116413,0.009659291012496851,80
27,6,suffix,-0.0030368251590061845,0.008967413292657512,80
27,7,suffix,0.0052889609445514905,0.008729282262027026,80
27,8,suffix,0.013251380973758841,0.016561758573823228,80
27,9,suffix,0.018685655465560558,0.02279403999064016,80
27,10,suffix,0.00047524455994789604,0.007599660973664868,80
27,11,suffix,-0.049938633947476774,0.05265615715443346,80
27,12,suffix,-0.018800989874375774,0.028411682049932097,80
27,13,suffix,0.0272602415158417,0.03037620365589646,80
27,14,suffix,0.01237012263188717,0.026278226242152414,80
27,15,suffix,-0.0019884963152435376,0.019171623854344944,80
27,16,suffix,-0.016504784945482243,0.023777102878193547,80
27,17,suffix,0.001982994593726062,0.004259475574207272,80
27,18,suffix,-0.0038828223277505456,0.008387453486375308,80
27,19,suffix,0.0029141944661091657,0.005701080050209839,80
27,20,suffix,0.00175224986160174,0.007806154655190767,80
27,21,suffix,-0.004265282123446923,0.007203020113888669,80
27,22,suffix,0.0016858400235378213,0.004912549598020633,80
27,23,suffix,0.001976052802660888,0.00567367883343195,80
27,24,suffix,0.005437852772763563,0.010472976402354561,80
27,25,suffix,-0.00206798676699691,0.004972787577207783,80
27,26,suffix,0.00042234518195982673,0.011046411781944699,80
27,27,suffix,-0.0001566508558425994,0.006894264554694019,80
27,28,suffix,-0.01568409536648687,0.017164631256491703,80
27,29,suffix,-0.035843877776505904,0.04061705134395197,80
27,30,suffix,-0.0005008440980418527,0.008780373419995158,80
27,31,suffix,0.011102789309461514,0.012070506921827474,80
28,0,prefix,1.767229221627531e-06,7.1806055217393805e-06,80
28,1,prefix,-1.2602866718225415e-06,1.9139189930683642e-06,80
28,2,prefix,2.2341585442120506e-06,2.2341585442120506e-06,80
28,3,prefix,1.621554685158344e-05,3.760334826807821e-05,80
28,4,prefix,4.170642554868209e-07,9.285781614210009e-06,80
28,5,prefix,-1.231571075948068e-05,2.935481060433176e-05,80
28,6,prefix,-1.2034794032445006e-06,1.0376533057154802e-05,80
28,7,prefix,1.4307850992167915e-05,2.6541209177821656e-05,80
28,8,prefix,6.622245865628429e-06,2.1470753171115576e-05,80
28,9,prefix,-3.1414501677318183e-06,6.39078585891184e-06,80
28,10,prefix,-1.0612052903979929e-06,8.786408170635695e-06,80
28,11,prefix,-2.2029804219414474e-05,5.925882115604963e-05,80
28,12,prefix,2.0977726755688764e-07,1.4127358991089523e-06,80
28,13,prefix,2.2836650614976862e-08,2.659038043972828e-06,80
28,14,prefix,3.614551147279599e-07,6.425230964168804e-07,80
28,15,prefix,-8.077725269117763e-07,1.2524113472522913e-06,80
28,16,prefix,-8.441498289357697e-06,2.2225501572847862e-05,80
28,17,prefix,6.566201341229316e-06,9.493170068708423e-06,80
28,18,prefix,-1.58463521614749e-05,6.436140394896483e-05,80
28,19,prefix,-7.431907553723249e-06,2.618291515261717e-05,80
28,20,prefix,-4.458635469006822e-06,4.458635469006822e-06,80
28,21,prefix,7.308238343739503e-06,1.821298044433206e-05,80
28,22,prefix,-2.8548091272284638e-06,2.8548091272284638e-06,80
28,23,prefix,5.9258505402226545e-06,5.9258505402226545e-06,80
28,24,prefix,3.612417412313107e-06,1.0189827849416133e-05,80
28,25,prefix,-1.6277476063919495e-06,2.333507812579683e-06,80
28,26,prefix,2.9592887727858397e-05,6.601494267783891e-05,80
28,27,prefix,1.09728334400927e-06,1.09728334400927e-06,80
28,28,prefix,-4.757877164252022e-06,1.9356498336264848e-05,80
28,29,prefix,1.1147286147661362e-05,1.1676345945943466e-05,80
28,30,prefix,-9.370366777261552e-06,1.5762136089847446e-05,80
28,31,prefix,-2.21846594854469e-06,1.2178872935919571e-05,80
28,0,entity,-0.000268875570191085,0.0008922179517412588,80
28,1,entity,0.0014774160268189007,0.002180833906982116,80
28,2,entity,-7.483814443958181e-05,0.000362184034963775,80
28,3,entity,-8.632023211703199e-05,0.000891615639579868,80
28,4,entity,9.11232012867913e-05,0.00034128690456327606,80
28,5,entity,-5.168588040760369e-06,0.0011699138101448625,80
28,6,entity,-0.0001456031568295657,0.0010476300513573733,80
28,7,entity,0.0004007418662922646,0.0007637053391817972,80
28,8,entity,3.312446444851958e-05,0.0009236859290240318,80
28,9,entity,0.000630129396722623,0.0017904772456859065,80
28,10,entity,0.0003068491353360514,0.0012081030144372562,80
28,11,entity,-0.000105861517113226,0.0020692329764642635,80
28,12,entity,-9.867159520808855e-05,0.0005610882177620625,80
28,13,entity,3.6200362202976066e-05,0.00031657765161696716,80
28,14,entity,-0.00028422336424682726,0.0010083891620752184,80
28,15,entity,-0.00015211645076078638,0.0004911369873184413,80
28,16,entity,1.3737174629113725e-05,0.0005675791601902347,80
28,17,entity,0.0009892438446058804,0.0019031613897368515,80
28,18,entity,-0.0007424200097830181,0.0013382737227857432,80
28,19,entity,-0.00036658729466125805,0.0006169060797446945,80
28,20,entity,0.0002286058283971215,0.0006589438184619212,80
28,21,entity,-0.0006688193967420375,0.0015828971115297464,80
28,22,entity,-1.895891787171422e-05,0.0004584760497436946,80
28,23,entity,-0.00014743294209438318,0.0008522108617853519,80
28,24,entity,4.96395358936752e-05,0.0009083714804432929,80
28,25,entity,0.00040842333372665963,0.0014872745933530497,80
28,26,entity,-0.0008326303942794766,0.002922978972173951,80
28,27,entity,0.00011602201037703707,0.0004371625932776624,80
28,28,entity,-0.0001726521809132464,0.0012509285254736825,80
28,29,entity,-0.00025435232601012103,0.0015301066625397653,80
28,30,entity,-0.000159662267742533,0.0020484064732045225,80
28,31,entity,0.00033760968825617964,0.0009893330982890802,80
28,0,last,0.014065641356864944,0.045789262681500985,80
28,1,last,-0.0015214066777843982,0.02719472032622434,80
28,2,last,-0.0008539813476090785,0.011689919557102257,80
28,3,last,-0.009641295642359183,0.032281962485285476,80
28,4,last,0.004276041171397083,0.015263208423857578,80
28,5,last,0.029209077084669844,0.03780143919284455,80
28,6,last,-0.019628043146803976,0.025600878661498426,80
28,7,last,-0.0028354080350254662,0.007747969920455944,80
28,8,last,-0.0064044851198559625,0.02003752229793463,80
28,9,last,-0.007584779837634415,0.03650068788556382,80
28,10,last,-0.07571785065811128,0.1645025511505082,80
28,11,last,0.028613044996745884,0.09539793620351703,80
28,12,last,-4.2827965808101e-05,0.006748359535413329,80
28,13,last,0.00030812829063506795,0.005538185911427717,80
28,14,last,0.0031556016256217845,0.008220906315546016,80
28,15,last,-0.0021703473539673723,0.011263910082925576,80
28,16,last,0.003796455888368655,0.006618860292655881,80
28,17,last,-0.001117898098891601,0.04596702772541903,80
28,18,last,0.02693574330769479,0.07681643646210431,80
28,19,last,0.009466906666057184,0.019143455050652847,80
28,20,last,0.023465881508309396,0.05504635741235688,80
28,21,last,-0.015447784424759447,0.05821838367264718,80
28,22,last,0.002717970095545752,0.005960486007825239,80
28,23,last,0.01767109061474912,0.035504827537806705,80
28,24,last,0.013970631142728961,0.017001120783970692,80
28,25,last,-0.006088852010725532,0.015101468029024545,80
28,26,last,0.0007228770584333688,0.019397877604933455,80
28,27,last,0.0024949860307970084,0.011480890413804446,80
28,28,last,0.0008062122826231644,0.008457160112448037,80
28,29,last,0.00041081725503318013,0.04277944445493631,80
28,30,last,-0.010598200047388673,0.08170277427416295,80
28,31,last,0.002768920066591818,0.017052975155820604,80
28,0,suffix,0.013112164239737467,0.01788648892006677,80
28,1,suffix,-0.00013953940323290225,0.0046987521020014356,80
28,2,suffix,0.0066226961950405895,0.008435549639648343,80
28,3,suffix,0.00478591156256698,0.012184392749304607,80
28,4,suffix,0.0038424561999363506,0.007205096964344193,80
28,5,suffix,-0.0363689347145737,0.041306186835845436,80
28,6,suffix,-0.008269157776521752,0.011641677750321832,80
28,7,suffix,-0.0017821640250986093,0.005045422125476762,80
28,8,suffix,0.0002860568956748466,0.015632987273966135,80
28,9,suffix,0.04389066871960949,0.05755429859107153,80
28,10,suffix,-0.014179779713140305,0.036205960829374814,80
28,11,suffix,-0.034468793995711164,0.08942448723691995,80
28,12,suffix,0.0067278179614049805,0.008788659954620925,80
28,13,suffix,0.001997178060139504,0.005322640239967313,80
28,14,suffix,-0.004773702589886852,0.007237758593805666,80
28,15,suffix,0.003195131697009401,0.008089112989307524,80
28,16,suffix,-0.003958247495711475,0.006718025204418154,80
28,17,suffix,0.01145371449601953,0.017978511770706973,80
28,18,suffix,-0.0025435256390665016,0.012853106196507725,80
28,19,suffix,0.00795029738737867,0.008173941039422062,80
28,20,suffix,0.025663529014536834,0.027607957856571375,80
28,21,suffix,-0.025034411083197483,0.029629891636886896,80
28,22,suffix,0.01007208813618945,0.011044705494919071,80
28,23,suffix,0.004061628593444766,0.014400546391880199,80
28,24,suffix,0.0003543880811321287,0.0057167297524756576,80
28,25,suffix,-0.0017447175678853455,0.005333924944181945,80
28,26,suffix,0.060918915342290346,0.06504202711325888,80
28,27,suffix,-0.0019047605146397472,0.0063106659749564645,80
28,28,suffix,-0.004496538692228569,0.006228492026230015,80
28,29,suffix,-0.0038967006058101107,0.02938564078217496,80
28,30,suffix,-0.018596099589467487,0.03754852513802689,80
28,31,suffix,0.01031774541413597,0.02332778972856886,80
29,0,prefix,-1.0601957853850763e-06,2.325360972577073e-06,80
29,1,prefix,-1.548508681459282e-06,3.286351240383567e-06,80
29,2,prefix,9.570492078836423e-07,1.899874116517708e-06,80
29,3,prefix,-2.4459414069255557e-06,7.88059288279186e-06,80
29,4,prefix,-5.322802568130669e-06,8.6496320637508e-06,80
29,5,prefix,8.838895631413379e-07,8.838895631413379e-07,80
29,6,prefix,1.9335791421326576e-06,5.064154322553804e-06,80
29,7,prefix,-1.483263032753257e-06,1.7957331209572657e-06,80
29,8,prefix,2.389700456006949e-06,5.907108644720438e-06,80
29,9,prefix,6.313268622193391e-06,1.678373961908619e-05,80
29,10,prefix,-5.458610712594236e-06,4.2463833565875575e-05,80
29,11,prefix,1.517859948307887e-06,5.410673706762736e-06,80
29,12,prefix,3.678952001706648e-07,1.7304632226711192e-06,80
29,13,prefix,1.3342545635453007e-06,1.3342545635453007e-06,80
29,14,prefix,9.916550254729372e-07,1.0292957171031958e-06,80
29,15,prefix,-4.362716913774989e-06,6.540632154994341e-06,80
29,16,prefix,6.814461244175618e-06,1.6553588244505592e-05,80
29,17,prefix,6.989594146133981e-07,2.3422161186559267e-06,80
29,18,prefix,2.868311844039795e-07,6.700029436146337e-07,80
29,19,prefix,-3.2374937035228866e-06,5.943850743150847e-06,80
29,20,prefix,-4.992613866505735e-06,7.678304884706222e-06,80
29,21,prefix,-3.262568796458254e-06,6.400451579224864e-06,80
29,22,prefix,-1.1973593079517286e-05,1.8423930750088858e-05,80
29,23,prefix,-1.579820159065548e-05,2.7146310955572517e-05,80
29,24,prefix,-2.082188075291924e-06,6.74492525831738e-06,80
29,25,prefix,-5.741791738955726e-06,5.741791738955726e-06,80
29,26,prefix,-3.7026347474977686e-05,0.00011057700814234294,80
29,27,prefix,-0.00017191085441083941,0.00042044507507341675,80
29,28,prefix,4.488225445697935e-06,1.0750272917903202e-05,80
29,29,prefix,-1.6845477446736367e-06,2.977073829413257e-06,80
29,30,prefix,-1.7513312336348008e-06,4.971542158926923e-06,80
29,31,prefix,9.865855084001396e-07,9.865855084001396e-07,80
29,0,entity,-3.0134746543808434e-05,0.0003151581023985273,80
29,1,entity,-0.00022698231568938355,0.0006131846497055449,80
29,2,entity,-1.8880606290849755e-05,8.982322347605987e-05,80
29,3,entity,8.712312301213387e-05,0.00021214072344264424,80
29,4,entity,-1.849247021254996e-05,0.00018476972516054957,80
29,5,entity,-2.151828981595827e-05,0.00014860566161587486,80
29,6,entity,6.643559570989055e-05,0.00031828284854213963,80
29,7,entity,-0.00013959136127823514,0.00022220344914103407,80
29,8,entity,0.00028995456898996965,0.0006659987925161203,80
29,9,entity,-0.0004803583472721584,0.001133093759312942,80
29,10,entity,0.000113441888925081,0.001355443264810674,80
29,11,entity,0.00012133457362324407,0.0008572637992074305,80
29,12,entity,1.0809643288212101e-05,0.00030933346494066427,80
29,13,entity,8.303735197614514e-05,0.00032269759491327933,80
29,14,entity,0.00019316022211910422,0.00043569612094529475,80
29,15,entity,-0.00010769722510985957,0.00039538698655405824,80
29,16,entity,0.00011047523248635116,0.000534302827418287,80
29,17,entity,-1.3030362407562279e-05,0.00029170009473205026,80
29,18,entity,0.00012126779071195415,0.0006150105111487391,80
29,19,entity,2.5202313088357188e-05,0.00022625683310479873,80
29,20,entity,-0.00014794240447599805,0.0005510621073312905,80
29,21,entity,9.061278859121558e-05,0.0003956885281979794,80
29,22,entity,-0.00023967557777950787,0.0007701557744326237,80
29,23,entity,-0.00022554726716634833,0.0005466115007607186,80
29,24,entity,-0.00084246099036136,0.003027153207540323,80
29,25,entity,-0.0005745986474721577,0.006895452012213354,80
29,26,entity,0.011130013261936255,0.021242749751036172,80
29,27,entity,-0.001062876776450139,0.030677851556356474,80
29,28,entity,0.00014840888070466463,0.0004940605077763394,80
29,29,entity,-0.0003462922192511542,0.0009174945170116189,80
29,30,entity,-0.00024046521246532394,0.0007068840676822674,80
29,31,entity,-0.0003040261129854116,0.0009259328845246273,80
29,0,last,-0.35808597709983586,0.43167036268860104,80
29,1,last,-0.003905212294193916,0.011094481850159354,80
29,2,last,-0.0006859698514745105,0.003477726718847407,80
29,3,last,0.011038599074527155,0.015830419848498423,80
29,4,last,-0.002668162662303075,0.01709044428425841,80
29,5,last,0.0028515449128462935,0.012714196181332228,80
29,6,last,0.0005003088102967012,0.004781333127903053,80
29,7,last,-0.0005097481771372259,0.0036531418256345203,80
29,8,last,0.01256895890692249,0.05675106685375795,80
29,9,last,0.009844175085891037,0.07504235290689394,80
29,10,last,-0.012286694208160042,0.07231649113819003,80
29,11,last,0.03498895354568958,0.1395314371213317,80
29,12,last,0.0003959837631555274,0.022577582075609826,80
29,13,last,0.0032791719044325874,0.008700188007787801,80
29,14,last,0.0003111671750957612,0.003979686590173515,80
29,15,last,0.0008056200967985205,0.012007863611506764,80
29,16,last,0.007623884902568534,0.038137330341851336,80
29,17,last,0.005348334008886013,0.009494848003669176,80
29,18,last,-0.0019942060636822133,0.0070183544885367155,80
29,19,last,0.0059246350196190175,0.009788980556186289,80
29,20,last,-0.02815962696331553,0.03218521531089209,80
29,21,last,0.0024732348159886897,0.011610454577021301,80
29,22,last,-0.004189931976725347,0.014442369711468927,80
29,23,last,0.0148631950491108,0.028739080135710537,80
29,24,last,-0.0021189236606005577,0.01689003181527369,80
29,25,last,0.14724473217502237,0.17727961726486682,80
29,26,last,0.05507045842241496,0.08012493727728724,80
29,27,last,0.010103207029169425,0.04197540867025964,80
29,28,last,0.009423826346755959,0.021996436259360052,80
29,29,last,0.039601927014882674,0.04273254455474671,80
29,30,last,-0.0005780206760391593,0.01740153881255537,80
29,31,last,0.0031136042322032153,0.027859055052977054,80
29,0,suffix,-0.006109612454105217,0.00784568544561921,80
29,1,suffix,0.0044580048769717,0.005460338614955163,80
29,2,suffix,0.00017785377139034608,0.00340567264835272,80
29,3,suffix,0.0010836069768970446,0.0029987737238229783,80
29,4,suffix,0.0029529081766895616,0.006592361868138141,80
29,5,suffix,0.00034327560970268676,0.003951316151324135,80
29,6,suffix,0.004899885028862627,0.005880410438476247,80
29,7,suffix,-0.0017017424441178263,0.0022941626076431023,80
29,8,suffix,0.004832071432258544,0.018483878896506666,80
29,9,suffix,0.017312251843486594,0.021502414555197902,80
29,10,suffix,-0.026852623408103682,0.03516765210051744,80
29,11,suffix,0.016898597890212842,0.02994198239484831,80
29,12,suffix,-0.0017226648167252279,0.006378666501586849,80
29,13,suffix,0.0003215252893596698,0.00310150919683565,80
29,14,suffix,0.0014037253848755427,0.002854648384709435,80
29,15,suffix,0.000453230820698991,0.003286544036723171,80
29,16,suffix,-0.002188287165154179,0.005592820199308335,80
29,17,suffix,-0.0021198159863388354,0.005847756418938843,80
29,18,suffix,-0.0004560165197290189,0.0021233487143035744,80
29,19,suffix,0.0024369985298221763,0.00456336244145632,80
29,20,suffix,-0.001930665756981398,0.0073435072658412535,80
29,21,suffix,0.005813135758444332,0.007671436537884801,80
29,22,suffix,-0.00013816407508784322,0.012424217653006053,80
29,23,suffix,-0.007993417176567163,0.013270161126729362,80
29,24,suffix,0.002312038724176091,0.010595362057119927,80
29,25,suffix,0.018122997770387884,0.07309065187137094,80
29,26,suffix,0.06191691190169877,0.06871063099979438,80
29,27,suffix,0.03665324357539248,0.05258582406154346,80
29,28,suffix,0.013091841998993914,0.014286389157041413,80
29,29,suffix,-0.003836207684526016,0.009031585119646478,80
29,30,suffix,-0.0036878210940813005,0.00677329294348965,80
29,31,suffix,-0.00299223292311126,0.008587004956530109,80
30,0,prefix,9.84573732409899e-07,2.3836761684492558e-06,80
30,1,prefix,1.829545055898052e-07,1.0903279616059081e-06,80
30,2,prefix,5.183300705979832e-07,4.797608195339364e-06,80
30,3,prefix,2.012196764766827e-07,4.932212560149197e-07,80
30,4,prefix,1.9671160206513606e-06,4.447813042318671e-06,80
30,5,prefix,-6.903870577446014e-06,9.492314202930174e-06,80
30,6,prefix,-2.0777450673747923e-06,9.912784122967367e-06,80
30,7,prefix,7.250563310634561e-07,7.743861043962851e-07,80
30,8,prefix,-1.3126753007242086e-06,1.4520766956493958e-05,80
30,9,prefix,8.997452821013496e-06,2.249278926189646e-05,80
30,10,prefix,-1.3768105271694252e-05,3.682880983184589e-05,80
30,11,prefix,-1.0830384750359912e-06,1.987360579613906e-06,80
30,12,prefix,2.3550879770795064e-07,2.7866823137046027e-06,80
30,13,prefix,1.4819747759631241e-06,1.4819747759631241e-06,80
30,14,prefix,7.477656231102969e-07,3.7132738805567554e-06,80
30,15,prefix,1.113155616305761e-06,1.113155616305761e-06,80
30,16,prefix,-8.542619219298331e-06,3.022024376022614e-05,80
30,17,prefix,5.023464336062489e-06,9.800083687849793e-06,80
30,18,prefix,3.998943093819207e-06,7.740765874331145e-06,80
30,19,prefix,-3.358199393055372e-05,0.00013916432195593131,80
30,20,prefix,3.2288956216319774e-06,3.2288956216319774e-06,80
30,21,prefix,8.66282430855847e-07,2.2617699906746226e-06,80
30,22,prefix,-6.368822207036829e-06,1.881570212276529e-05,80
30,23,prefix,4.502881020229665e-06,1.2483712317745699e-05,80
30,24,prefix,-2.892306984136894e-07,1.7158418895490967e-06,80
30,25,prefix,-2.383516147830278e-06,2.9145083111359327e-06,80
30,26,prefix,-1.6189322254334115e-06,4.261676504846435e-06,80
30,27,prefix,3.021592205243451e-06,7.4337874892194126e-06,80
30,28,prefix,5.398865585704016e-07,3.8047668599716642e-06,80
30,29,prefix,-3.6080439880237236e-07,3.79887528207945e-06,80
30,30,prefix,6.263300361908364e-07,2.6460485960555504e-06,80
30,31,prefix,1.5577300100488856e-06,7.34998411893173e-06,80
30,0,entity,0.00011656606192218532,0.0004506772843228646,80
30,1,entity,2.5040841273948898e-05,0.00023624109489901458,80
30,2,entity,-6.907999319309966e-05,0.00028853610343730906,80
30,3,entity,-1.3848373214386811e-06,7.788459114408398e-05,80
30,4,entity,-2.0156598483822564e-05,0.00012047340194101252,80
30,5,entity,-2.8305747184731446e-05,0.00039700967707858583,80
30,6,entity,-0.00017079258778949225,0.00041521151762253795,80
30,7,entity,-1.3894855158014252e-05,0.0002517418577895114,80
30,8,entity,-5.6060783731481936e-05,0.0005036961271571272,80
30,9,entity,-0.00015259175827395666,0.00044379486323578023,80
30,10,entity,0.00012661575353831723,0.0009206211657101449,80
30,11,entity,-3.399594140773843e-05,0.00014384878309101624,80
30,12,entity,-5.0947806334988856e-05,0.000167471584006762,80
30,13,entity,1.942156523000449e-05,0.0002709745694119192,80
30,14,entity,-3.209878331631444e-05,0.0002723571015678772,80
30,15,entity,-1.0883661524019317e-05,0.00016326671861719433,80
30,16,entity,0.00019977118049609998,0.0005464578779992735,80
30,17,entity,-5.098774103089454e-05,0.00019035172559824786,80
30,18,entity,1.1228129483242811e-05,0.0006535108209618556,80
30,19,entity,0.0008797179927114484,0.0018621057680775267,80
30,20,entity,-8.275814065541453e-05,0.0005663180540580015,80
30,21,entity,6.521427940384684e-05,0.00035723185608134146,80
30,22,entity,-0.0008573937912842666,0.0023285667167328938,80
30,23,entity,-0.00014725290953947477,0.00046953551355954914,80
30,24,entity,-9.082299425244855e-06,0.0006750141840029755,80
30,25,entity,-0.0002536952393711545,0.0012840741726904525,80
30,26,entity,9.719446438793966e-05,0.00026188753940914467,80
30,27,entity,-0.00011012539296189061,0.0005636018165887435,80
30,28,entity,1.26409993811194e-05,0.00017324627140737902,80
30,29,entity,-1.9911978731101955e-05,0.00013452979044075163,80
30,30,entity,-2.374173003403257e-05,0.00014306944274125044,80
30,31,entity,1.2137645455823076e-05,0.0002859652479742181,80
30,0,last,0.01446298840455711,0.09468511953018606,80
30,1,last,-0.06085999603383243,0.14124365304596723,80
30,2,last,0.03411443541990593,0.08622117069317028,80
30,3,last,0.002053925068321405,0.022124790364614455,80
30,4,last,0.009779307193821297,0.029486652376363054,80
30,5,last,0.03162253159098327,0.04022341605741531,80
30,6,last,-0.01682280657114461,0.0552992656477727,80
30,7,last,0.00016461196646559982,0.013550840012612753,80
30,8,last,0.007545204722555354,0.016394252219470218,80
30,9,last,0.005690818914445117,0.049827153439400716,80
30,10,last,0.011645930568920448,0.03025841591297649,80
30,11,last,-0.00032288219226757066,0.008206527824222576,80
30,12,last,4.4585647992789744e-05,0.0082784915168304,80
30,13,last,-0.003096972615458071,0.013129188923630863,80
30,14,last,-0.0007625305966939777,0.016141540434909986,80
30,15,last,0.0019590585201513023,0.006211620639078319,80
30,16,last,0.009437172609614209,0.022929372737417,80
30,17,last,-0.003824303060537204,0.02664855379262008,80
30,18,last,-0.05936084609711543,0.06460152001818642,80
30,19,last,0.0058107798104174435,0.08741691765608266,80
30,20,last,-0.001522632857086137,0.015258020366309211,80
30,21,last,0.007057504114345648,0.015222876481129789,80
30,22,last,-0.0077561820857226845,0.027797852852381767,80
30,23,last,0.0019551455683540554,0.0190427424677182,80
30,24,last,0.041559261712245645,0.07297594009432942,80
30,25,last,-0.07593069775030017,0.14264002200216055,80
30,26,last,0.014948366582393647,0.10753811988979578,80
30,27,last,-0.009496693103574216,0.11472789424005896,80
30,28,last,0.0035985654627438634,0.012894774618325755,80
30,29,last,-0.0016508333632373252,0.0042918022809317335,80
30,30,last,-0.002156230631226208,0.0060827830617199655,80
30,31,last,0.007215830084169284,0.011838238826021552,80
30,0,suffix,0.005351126218374702,0.014880115608229971,80
30,1,suffix,-0.011706499129536497,0.023468080606630793,80
30,2,suffix,0.004382401777257882,0.015228009308719948,80
30,3,suffix,0.0009259791542149288,0.002397993750776095,80
30,4,suffix,0.0016027727807681913,0.006423782755871343,80
30,5,suffix,0.000993517519168563,0.0074666530183321814,80
30,6,suffix,-0.006681400096840662,0.015221482054494117,80
30,7,suffix,-0.0023431666712895095,0.005313252375890443,80
30,8,suffix,0.008725556030469761,0.009267962279989207,80
30,9,suffix,-0.0018104604129007384,0.013293256821737032,80
30,10,suffix,0.016896376048396177,0.01827408882635382,80
30,11,suffix,0.0012498737822966178,0.0029998197659665492,80
30,12,suffix,-0.0025142613584534955,0.005487673013533367,80
30,13,suffix,0.003656556868475036,0.007029884083033266,80
30,14,suffix,0.0036056923845706025,0.006353793532815644,80
30,15,suffix,-0.00033252747991809886,0.005491280821991041,80
30,16,suffix,-0.0018036614426364395,0.010367008079492734,80
30,17,suffix,0.003759678226339247,0.0048514527322652155,80
30,18,suffix,0.007169089959666053,0.010274950546431683,80
30,19,suffix,0.041070367532302046,0.04625049134830306,80
30,20,suffix,-0.004934022148268014,0.007049213526920539,80
30,21,suffix,-0.0043954926777516334,0.009518646649662798,80
30,22,suffix,0.0024910936515652794,0.01331640558471463,80
30,23,suffix,0.0025637086994493075,0.006495464198542323,80
30,24,suffix,-0.021998339767333164,0.027574486364619587,80
30,25,suffix,0.022325038217059046,0.03300156119421445,80
30,26,suffix,0.013691634605902437,0.01911445538485168,80
30,27,suffix,0.004653783148637558,0.013717482583228958,80
30,28,suffix,-0.0011549146019206092,0.004312558071143257,80
30,29,suffix,0.0004623451358611419,0.004268976260914314,80
30,30,suffix,0.005344786235650645,0.006114974399974926,80
30,31,suffix,-1.989516798062141e-05,0.004549974227069242,80
31,0,prefix,0.0,0.0,80
31,1,prefix,0.0,0.0,80
31,2,prefix,0.0,0.0,80
31,3,prefix,0.0,0.0,80
31,4,prefix,0.0,0.0,80
31,5,prefix,0.0,0.0,80
31,6,prefix,0.0,0.0,80
31,7,prefix,0.0,0.0,80
31,8,prefix,0.0,0.0,80
31,9,prefix,0.0,0.0,80
31,10,prefix,0.0,0.0,80
31,11,prefix,0.0,0.0,80
31,12,prefix,0.0,0.0,80
31,13,prefix,0.0,0.0,80
31,14,prefix,0.0,0.0,80
31,15,prefix,0.0,0.0,80
31,16,prefix,0.0,0.0,80
31,17,prefix,0.0,0.0,80
31,18,prefix,0.0,0.0,80
31,19,prefix,0.0,0.0,80
31,20,prefix,0.0,0.0,80
31,21,prefix,0.0,0.0,80
31,22,prefix,0.0,0.0,80
31,23,prefix,0.0,0.0,80
31,24,prefix,0.0,0.0,80
31,25,prefix,0.0,0.0,80
31,26,prefix,0.0,0.0,80
31,27,prefix,0.0,0.0,80
31,28,prefix,0.0,0.0,80
31,29,prefix,0.0,0.0,80
31,30,prefix,0.0,0.0,80
31,31,prefix,0.0,0.0,80
31,0,entity,0.0,0.0,80
31,1,entity,0.0,0.0,80
31,2,entity,0.0,0.0,80
31,3,entity,0.0,0.0,80
31,4,entity,0.0,0.0,80
31,5,entity,0.0,0.0,80
31,6,entity,0.0,0.0,80
31,7,entity,0.0,0.0,80
31,8,entity,0.0,0.0,80
31,9,entity,0.0,0.0,80
31,10,entity,0.0,0.0,80
31,11,entity,0.0,0.0,80
31,12,entity,0.0,0.0,80
31,13,entity,0.0,0.0,80
31,14,entity,0.0,0.0,80
31,15,entity,0.0,0.0,80
31,16,entity,0.0,0.0,80
31,17,entity,0.0,0.0,80
31,18,entity,0.0,0.0,80
31,19,entity,0.0,0.0,80
31,20,entity,0.0,0.0,80
31,21,entity,0.0,0.0,80
31,22,entity,0.0,0.0,80
31,23,entity,0.0,0.0,80
31,24,entity,0.0,0.0,80
31,25,entity,0.0,0.0,80
31,26,entity,0.0,0.0,80
31,27,entity,0.0,0.0,80
31,28,entity,0.0,0.0,80
31,29,entity,0.0,0.0,80
31,30,entity,0.0,0.0,80
31,31,entity,0.0,0.0,80
31,0,last,-0.10749556049704552,0.11376077202148735,80
31,1,last,-0.080009229388088,0.0939872038550675,80
31,2,last,0.057989326561801134,0.10604140616487712,80
31,3,last,0.030118549114558846,0.051057999779004604,80
31,4,last,-0.02114645943802316,0.02401443024573382,80
31,5,last,-0.0888595440541394,0.20969805259956048,80
31,6,last,0.004744707656209357,0.014151686834520661,80
31,7,last,0.07315390480216592,0.08541271181311458,80
31,8,last,-0.0008668397204019129,0.02514383419184014,80
31,9,last,-0.010497056323220021,0.013455754183814861,80
31,10,last,0.004919891658937558,0.009540868096519262,80
31,11,last,0.017540167667903006,0.06955423436593264,80
31,12,last,-0.0034714359673671423,0.013984897336922587,80
31,13,last,6.101257458794862e-05,0.005640764281270094,80
31,14,last,0.10868906890973448,0.2508641523309052,80
31,15,last,-0.02769384052371606,0.05544827034464106,80
31,16,last,0.005512099761108402,0.006394246309355367,80
31,17,last,0.003947563252586406,0.01119856476871064,80
31,18,last,0.1277249884326011,0.1839469807688147,80
31,19,last,-0.0011044295839383266,0.004176916387223173,80
31,20,last,0.001176938675052952,0.004132605013728608,80
31,21,last,-0.0005396805601776578,0.004029687090951484,80
31,22,last,-0.0010949583454930689,0.006870387153321644,80
31,23,last,0.0029114262521034106,0.011532976976013742,80
31,24,last,-0.5845759101212025,0.5923093892633915,80
31,25,last,0.511163036711514,0.5315663402900099,80
31,26,last,-0.8695086302235723,0.8695086302235723,80
31,27,last,0.07162134327809326,0.07563433413743041,80
31,28,last,0.05899319272721186,0.07114674368640408,80
31,29,last,-0.0014560642710421234,0.025503521523205563,80
31,30,last,0.0029434416253934616,0.008452604971535039,80
31,31,last,0.0823303330631461,0.11046174297225661,80
31,0,suffix,0.0,0.0,80
31,1,suffix,0.0,0.0,80
31,2,suffix,0.0,0.0,80
31,3,suffix,0.0,0.0,80
31,4,suffix,0.0,0.0,80
31,5,suffix,0.0,0.0,80
31,6,suffix,0.0,0.0,80
31,7,suffix,0.0,0.0,80
31,8,suffix,0.0,0.0,80
31,9,suffix,0.0,0.0,80
31,10,suffix,0.0,0.0,80
31,11,suffix,0.0,0.0,80
31,12,suffix,0.0,0.0,80
31,13,suffix,0.0,0.0,80
31,14,suffix,0.0,0.0,80
31,15,suffix,0.0,0.0,80
31,16,suffix,0.0,0.0,80
31,17,suffix,0.0,0.0,80
31,18,suffix,0.0,0.0,80
31,19,suffix,0.0,0.0,80
31,20,suffix,0.0,0.0,80
31,21,suffix,0.0,0.0,80
31,22,suffix,0.0,0.0,80
31,23,suffix,0.0,0.0,80
31,24,suffix,0.0,0.0,80
31,25,suffix,0.0,0.0,80
31,26,suffix,0.0,0.0,80
31,27,suffix,0.0,0.0,80
31,28,suffix,0.0,0.0,80
31,29,suffix,0.0,0.0,80
31,30,suffix,0.0,0.0,80
31,31,suffix,0.0,0.0,80
