neuron_id,layer,neuron_idx,category,prompt_id,orig_entropy,ablated_entropy,entropy_shift,orig_top1_prob,ablated_top1_prob,direct_effect_score,split
L30_N1457,30,1457,lack_of_knowledge,lok_0000,3.908881902694702,3.928028106689453,0.019146203994750977,0.14724333584308624,0.14104028046131134,0.22265625,working
L30_N1457,30,1457,lack_of_knowledge,lok_0001,2.8249709606170654,2.822587728500366,-0.0023832321166992188,0.2386796474456787,0.23877957463264465,0.22265625,working
L30_N1457,30,1457,lack_of_knowledge,lok_0002,3.1003873348236084,3.1142923831939697,0.013905048370361328,0.2314060479402542,0.23846380412578583,0.22265625,working
L30_N1457,30,1457,lack_of_knowledge,lok_0003,2.249481439590454,2.2505695819854736,0.0010881423950195312,0.2636534869670868,0.2635364234447479,0.22265625,working
L30_N1457,30,1457,lack_of_knowledge,lok_0004,2.493800163269043,2.493800163269043,0.0,0.311267614364624,0.311267614364624,0.22265625,working
L30_N1457,30,1457,lack_of_knowledge,lok_0005,2.7805252075195312,2.8126413822174072,0.03211617469787598,0.3278445303440094,0.3153412640094757,0.22265625,working
L30_N1457,30,1457,lack_of_knowledge,lok_0006,2.244798183441162,2.2394907474517822,-0.005307435989379883,0.36405470967292786,0.3649502098560333,0.22265625,working
L30_N1457,30,1457,lack_of_knowledge,lok_0007,4.115026473999023,4.110737323760986,-0.004289150238037109,0.1506902426481247,0.15211807191371918,0.22265625,working
L30_N1457,30,1457,lack_of_knowledge,lok_0008,2.711564302444458,2.7366106510162354,0.025046348571777344,0.2988700866699219,0.2861694395542145,0.22265625,working
L30_N1457,30,1457,lack_of_knowledge,lok_0009,2.668410539627075,2.667642593383789,-0.0007679462432861328,0.3281840980052948,0.326163113117218,0.22265625,working
L30_N1457,30,1457,lack_of_knowledge,lok_0010,2.7420661449432373,2.71396541595459,-0.02810072898864746,0.23133890330791473,0.23802077770233154,0.22265625,working
L30_N1457,30,1457,lack_of_knowledge,lok_0011,1.8690134286880493,1.8685834407806396,-0.00042998790740966797,0.5327321887016296,0.5328667759895325,0.22265625,working
L30_N1457,30,1457,lack_of_knowledge,lok_0012,2.662747383117676,2.6616926193237305,-0.0010547637939453125,0.24309544265270233,0.24835707247257233,0.22265625,working
L30_N1457,30,1457,lack_of_knowledge,lok_0013,3.290672779083252,3.283644199371338,-0.0070285797119140625,0.28111976385116577,0.285759299993515,0.22265625,working
L30_N1457,30,1457,lack_of_knowledge,lok_0014,3.0893006324768066,3.082322835922241,-0.00697779655456543,0.16240721940994263,0.1629539579153061,0.22265625,working
L30_N1457,30,1457,lack_of_knowledge,lok_0015,2.6001811027526855,2.599360942840576,-0.000820159912109375,0.22337457537651062,0.22601597011089325,0.22265625,working
L30_N1457,30,1457,lack_of_knowledge,lok_0016,3.636564254760742,3.638488292694092,0.0019240379333496094,0.14686629176139832,0.1478014886379242,0.22265625,working
L30_N1457,30,1457,lack_of_knowledge,lok_0017,1.7938029766082764,1.7857470512390137,-0.008055925369262695,0.6357941627502441,0.6376106142997742,0.22265625,working
L30_N1457,30,1457,lack_of_knowledge,lok_0018,3.76168155670166,3.7704384326934814,0.008756875991821289,0.15997152030467987,0.16279228031635284,0.22265625,working
L30_N1457,30,1457,lack_of_knowledge,lok_0019,2.5667991638183594,2.5683107376098633,0.0015115737915039062,0.3893742263317108,0.38919761776924133,0.22265625,working
L30_N1457,30,1457,lack_of_knowledge,lok_0020,2.966003179550171,2.963386058807373,-0.0026171207427978516,0.22749841213226318,0.23035559058189392,0.22265625,working
L30_N1457,30,1457,lack_of_knowledge,lok_0021,2.526073455810547,2.5417087078094482,0.015635251998901367,0.22123083472251892,0.21879565715789795,0.22265625,working
L30_N1457,30,1457,lack_of_knowledge,lok_0022,2.6455888748168945,2.650825262069702,0.005236387252807617,0.40096139907836914,0.4005267024040222,0.22265625,working
L30_N1457,30,1457,lack_of_knowledge,lok_0023,1.922859787940979,1.885288953781128,-0.037570834159851074,0.38112276792526245,0.3953673243522644,0.22265625,working
L30_N1457,30,1457,lack_of_knowledge,lok_0024,2.9470975399017334,2.9495458602905273,0.0024483203887939453,0.214198037981987,0.214083731174469,0.22265625,working
L30_N1457,30,1457,lack_of_knowledge,lok_0025,1.5543040037155151,1.5649397373199463,0.010635733604431152,0.6460787653923035,0.6438059210777283,0.22265625,working
L30_N1457,30,1457,lack_of_knowledge,lok_0026,2.252201557159424,2.2501165866851807,-0.002084970474243164,0.36627739667892456,0.36658456921577454,0.22265625,working
L30_N1457,30,1457,lack_of_knowledge,lok_0027,2.104827404022217,2.094273090362549,-0.010554313659667969,0.30361494421958923,0.28962644934654236,0.22265625,working
L30_N1457,30,1457,lack_of_knowledge,lok_0028,2.2237110137939453,2.2250826358795166,0.001371622085571289,0.373460054397583,0.3731690049171448,0.22265625,working
L30_N1457,30,1457,lack_of_knowledge,lok_0029,1.8713101148605347,1.848981499671936,-0.022328615188598633,0.3468768000602722,0.37310492992401123,0.22265625,working
L30_N1457,30,1457,lack_of_knowledge,lok_0030,2.753704309463501,2.754464626312256,0.0007603168487548828,0.2713783383369446,0.2713453769683838,0.22265625,working
L30_N1457,30,1457,lack_of_knowledge,lok_0031,2.2892045974731445,2.2892045974731445,0.0,0.40870699286460876,0.40870699286460876,0.22265625,working
L30_N1457,30,1457,lack_of_knowledge,lok_0032,0.7064740061759949,0.6538525223731995,-0.05262148380279541,0.8929246068000793,0.9020780920982361,0.22265625,working
L30_N1457,30,1457,lack_of_knowledge,lok_0033,2.459549903869629,2.458906412124634,-0.0006434917449951172,0.32558971643447876,0.32565557956695557,0.22265625,working
L30_N1457,30,1457,lack_of_knowledge,lok_0034,2.452033519744873,2.4744532108306885,0.02241969108581543,0.26953449845314026,0.26355406641960144,0.22265625,working
L30_N1457,30,1457,lack_of_knowledge,lok_0035,3.0634889602661133,3.0665202140808105,0.0030312538146972656,0.2370489537715912,0.24191084504127502,0.22265625,working
L30_N1457,30,1457,lack_of_knowledge,lok_0036,3.002075433731079,2.9959704875946045,-0.006104946136474609,0.23908543586730957,0.23950839042663574,0.22265625,working
L30_N1457,30,1457,lack_of_knowledge,lok_0037,2.6400294303894043,2.643261432647705,0.0032320022583007812,0.2704247832298279,0.27009937167167664,0.22265625,working
L30_N1457,30,1457,lack_of_knowledge,lok_0038,2.911905288696289,2.9056077003479004,-0.006297588348388672,0.43646419048309326,0.44343382120132446,0.22265625,working
L30_N1457,30,1457,lack_of_knowledge,lok_0039,2.876549005508423,2.9174091815948486,0.04086017608642578,0.37225958704948425,0.3582090437412262,0.22265625,working
L30_N1457,30,1457,lack_of_knowledge,lok_0040,1.4230759143829346,1.430531620979309,0.007455706596374512,0.6793196201324463,0.6767081618309021,0.22265625,working
L30_N1457,30,1457,lack_of_knowledge,lok_0041,2.95888614654541,2.9566850662231445,-0.002201080322265625,0.28017154335975647,0.28074946999549866,0.22265625,working
L30_N1457,30,1457,lack_of_knowledge,lok_0042,2.4324846267700195,2.435793876647949,0.0033092498779296875,0.21404914557933807,0.21372225880622864,0.22265625,working
L30_N1457,30,1457,lack_of_knowledge,lok_0043,2.5788180828094482,2.586329460144043,0.0075113773345947266,0.30127057433128357,0.2991348206996918,0.22265625,working
L30_N1457,30,1457,lack_of_knowledge,lok_0044,2.6911308765411377,2.6665046215057373,-0.02462625503540039,0.22111687064170837,0.21378538012504578,0.22265625,working
L30_N1457,30,1457,lack_of_knowledge,lok_0045,1.9650545120239258,1.9768933057785034,0.011838793754577637,0.5035289525985718,0.4972522556781769,0.22265625,working
L30_N1457,30,1457,lack_of_knowledge,lok_0046,3.460538148880005,3.4144370555877686,-0.04610109329223633,0.17234964668750763,0.1766694337129593,0.22265625,working
L30_N1457,30,1457,lack_of_knowledge,lok_0047,2.815678834915161,2.8286874294281006,0.013008594512939453,0.23076173663139343,0.23352043330669403,0.22265625,working
L30_N1457,30,1457,lack_of_knowledge,lok_0048,2.327691078186035,2.31620717048645,-0.011483907699584961,0.3101983368396759,0.2998694181442261,0.22265625,working
L30_N1457,30,1457,lack_of_knowledge,lok_0049,3.1199283599853516,3.1119227409362793,-0.008005619049072266,0.2627541720867157,0.2594245672225952,0.22265625,working
L30_N1457,30,1457,lack_of_knowledge,lok_0050,3.0483131408691406,3.0550503730773926,0.006737232208251953,0.1865970939397812,0.1891573667526245,0.22265625,working
L30_N1457,30,1457,lack_of_knowledge,lok_0051,3.7176549434661865,3.738659381866455,0.021004438400268555,0.16761435568332672,0.17136405408382416,0.22265625,working
L30_N1457,30,1457,lack_of_knowledge,lok_0052,2.293198823928833,2.298391342163086,0.00519251823425293,0.2652854919433594,0.2644191384315491,0.22265625,working
L30_N1457,30,1457,lack_of_knowledge,lok_0053,2.503537178039551,2.5017213821411133,-0.0018157958984375,0.2919103503227234,0.2921331226825714,0.22265625,working
L30_N1457,30,1457,lack_of_knowledge,lok_0054,2.9047462940216064,2.9263978004455566,0.021651506423950195,0.21120452880859375,0.201804518699646,0.22265625,working
L30_N1457,30,1457,lack_of_knowledge,lok_0055,2.6336722373962402,2.628779888153076,-0.0048923492431640625,0.29845601320266724,0.29893407225608826,0.22265625,working
L30_N1457,30,1457,lack_of_knowledge,lok_0056,2.1315324306488037,2.132009506225586,0.00047707557678222656,0.5574800968170166,0.5574944019317627,0.22265625,working
L30_N1457,30,1457,lack_of_knowledge,lok_0057,4.396864891052246,4.410168647766113,0.013303756713867188,0.13338956236839294,0.13537155091762543,0.22265625,working
L30_N1457,30,1457,lack_of_knowledge,lok_0058,2.2851853370666504,2.2866597175598145,0.0014743804931640625,0.5099014043807983,0.5096967816352844,0.22265625,working
L30_N1457,30,1457,lack_of_knowledge,lok_0059,2.177844762802124,2.1858677864074707,0.00802302360534668,0.2158930003643036,0.21111127734184265,0.22265625,working
L30_N1457,30,1457,lack_of_knowledge,lok_0060,3.3442442417144775,3.3146462440490723,-0.029597997665405273,0.24951548874378204,0.26032692193984985,0.22265625,working
L30_N1457,30,1457,lack_of_knowledge,lok_0061,2.585824489593506,2.584872245788574,-0.0009522438049316406,0.34842970967292786,0.34812724590301514,0.22265625,working
L30_N1457,30,1457,lack_of_knowledge,lok_0062,2.2484776973724365,2.256396770477295,0.007919073104858398,0.29464447498321533,0.2914391756057739,0.22265625,working
L30_N1457,30,1457,lack_of_knowledge,lok_0063,2.9368109703063965,2.9681193828582764,0.03130841255187988,0.3425575792789459,0.33293259143829346,0.22265625,working
L30_N1457,30,1457,lack_of_knowledge,lok_0064,2.5612192153930664,2.5527100563049316,-0.008509159088134766,0.17992129921913147,0.17644575238227844,0.22265625,working
L30_N1457,30,1457,lack_of_knowledge,lok_0065,3.717409133911133,3.7126588821411133,-0.004750251770019531,0.19281595945358276,0.1921331137418747,0.22265625,working
L30_N1457,30,1457,lack_of_knowledge,lok_0066,3.292851448059082,3.2942771911621094,0.0014257431030273438,0.3255794942378998,0.33208757638931274,0.22265625,working
L30_N1457,30,1457,lack_of_knowledge,lok_0067,3.1203551292419434,3.1206865310668945,0.0003314018249511719,0.2411842942237854,0.24377919733524323,0.22265625,working
L30_N1457,30,1457,lack_of_knowledge,lok_0068,2.5912985801696777,2.610124349594116,0.018825769424438477,0.3096522390842438,0.29745450615882874,0.22265625,working
L30_N1457,30,1457,lack_of_knowledge,lok_0069,2.371748924255371,2.3768558502197266,0.005106925964355469,0.28834694623947144,0.2872872054576874,0.22265625,working
L30_N1457,30,1457,lack_of_knowledge,lok_0070,2.536459445953369,2.5375938415527344,0.0011343955993652344,0.3151390552520752,0.31505221128463745,0.22265625,working
L30_N1457,30,1457,lack_of_knowledge,lok_0071,2.7114217281341553,2.711135149002075,-0.0002865791320800781,0.22638347744941711,0.22634582221508026,0.22265625,working
L30_N1457,30,1457,lack_of_knowledge,lok_0072,2.945474624633789,2.9474704265594482,0.0019958019256591797,0.22078350186347961,0.22196674346923828,0.22265625,working
L30_N1457,30,1457,lack_of_knowledge,lok_0073,3.311706066131592,3.3137216567993164,0.0020155906677246094,0.1539117693901062,0.1558016836643219,0.22265625,working
L30_N1457,30,1457,lack_of_knowledge,lok_0074,2.3373231887817383,2.339378833770752,0.002055644989013672,0.444598913192749,0.4437088072299957,0.22265625,working
L30_N1457,30,1457,lack_of_knowledge,lok_0075,2.732898473739624,2.7412893772125244,0.00839090347290039,0.2755686044692993,0.27967405319213867,0.22265625,working
L30_N1457,30,1457,lack_of_knowledge,lok_0076,2.7133607864379883,2.708303689956665,-0.005057096481323242,0.2981022000312805,0.30008357763290405,0.22265625,working
L30_N1457,30,1457,lack_of_knowledge,lok_0077,2.6673073768615723,2.6920828819274902,0.02477550506591797,0.2877824008464813,0.2779475450515747,0.22265625,working
L30_N1457,30,1457,lack_of_knowledge,lok_0078,2.2790873050689697,2.2924628257751465,0.013375520706176758,0.3307228684425354,0.32575857639312744,0.22265625,working
L30_N1457,30,1457,lack_of_knowledge,lok_0079,2.241702079772949,2.260335683822632,0.018633604049682617,0.4129316806793213,0.4075310528278351,0.22265625,working
L30_N1457,30,1457,lack_of_knowledge,lok_0080,2.701868772506714,2.6970739364624023,-0.0047948360443115234,0.29091277718544006,0.29143068194389343,0.22265625,working
L30_N1457,30,1457,lack_of_knowledge,lok_0081,2.630154609680176,2.6263015270233154,-0.0038530826568603516,0.2526571750640869,0.2530163824558258,0.22265625,working
L30_N1457,30,1457,lack_of_knowledge,lok_0082,2.4794020652770996,2.578465461730957,0.09906339645385742,0.4859446585178375,0.4567893147468567,0.22265625,working
L30_N1457,30,1457,lack_of_knowledge,lok_0083,3.205901622772217,3.197844982147217,-0.008056640625,0.2136554718017578,0.21460461616516113,0.22265625,working
L30_N1457,30,1457,lack_of_knowledge,lok_0084,2.2095985412597656,2.179473876953125,-0.030124664306640625,0.2736474871635437,0.2987814247608185,0.22265625,held_out
L30_N1457,30,1457,lack_of_knowledge,lok_0085,2.287148952484131,2.301590919494629,0.014441967010498047,0.5165454149246216,0.5117895603179932,0.22265625,held_out
L30_N1457,30,1457,lack_of_knowledge,lok_0086,2.2640910148620605,2.270595073699951,0.006504058837890625,0.2827526330947876,0.2811765670776367,0.22265625,held_out
L30_N1457,30,1457,lack_of_knowledge,lok_0087,2.3641552925109863,2.3647799491882324,0.0006246566772460938,0.3289211094379425,0.3326594829559326,0.22265625,held_out
L30_N1457,30,1457,lack_of_knowledge,lok_0088,2.5307564735412598,2.5254406929016113,-0.0053157806396484375,0.28495776653289795,0.28558629751205444,0.22265625,held_out
L30_N1457,30,1457,lack_of_knowledge,lok_0089,2.8428843021392822,2.836441993713379,-0.00644230842590332,0.2343607097864151,0.23560334742069244,0.22265625,held_out
L30_N1457,30,1457,lack_of_knowledge,lok_0090,2.067660093307495,2.0762858390808105,0.00862574577331543,0.4261133074760437,0.42370012402534485,0.22265625,held_out
L30_N1457,30,1457,lack_of_knowledge,lok_0091,2.733212471008301,2.7386865615844727,0.005474090576171875,0.3444516658782959,0.3458659052848816,0.22265625,held_out
L30_N1457,30,1457,lack_of_knowledge,lok_0092,3.0582218170166016,3.056431531906128,-0.0017902851104736328,0.19981129467487335,0.1998906135559082,0.22265625,held_out
L30_N1457,30,1457,lack_of_knowledge,lok_0093,2.717287540435791,2.7148494720458984,-0.002438068389892578,0.2532733976840973,0.253356009721756,0.22265625,held_out
L30_N1457,30,1457,lack_of_knowledge,lok_0094,2.132460594177246,2.13901948928833,0.006558895111083984,0.28502002358436584,0.2832549810409546,0.22265625,held_out
L30_N1457,30,1457,lack_of_knowledge,lok_0095,2.44497013092041,2.4394516944885254,-0.005518436431884766,0.26511991024017334,0.2606804370880127,0.22265625,held_out
L30_N1457,30,1457,lack_of_knowledge,lok_0096,1.895049810409546,1.891187310218811,-0.0038625001907348633,0.4387989044189453,0.4398527145385742,0.22265625,held_out
L30_N1457,30,1457,lack_of_knowledge,lok_0097,3.1339588165283203,3.1418538093566895,0.00789499282836914,0.2454637587070465,0.2478317767381668,0.22265625,held_out
L30_N1457,30,1457,lack_of_knowledge,lok_0098,3.102553367614746,3.050685167312622,-0.05186820030212402,0.27237218618392944,0.27988940477371216,0.22265625,held_out
L30_N1457,30,1457,lack_of_knowledge,lok_0099,3.007906436920166,2.9958133697509766,-0.012093067169189453,0.2266935557126999,0.22394323348999023,0.22265625,held_out
L30_N1457,30,1457,lack_of_knowledge,lok_0100,3.406787872314453,3.4269070625305176,0.020119190216064453,0.26816415786743164,0.2742632329463959,0.22265625,held_out
L30_N1457,30,1457,lack_of_knowledge,lok_0101,1.8872756958007812,1.89451265335083,0.007236957550048828,0.5120028853416443,0.5093863010406494,0.22265625,held_out
L30_N1457,30,1457,lack_of_knowledge,lok_0102,2.6861648559570312,2.704702615737915,0.01853775978088379,0.2716147005558014,0.2650601267814636,0.22265625,held_out
L30_N1457,30,1457,lack_of_knowledge,lok_0103,2.4825572967529297,2.4661760330200195,-0.016381263732910156,0.246735081076622,0.2468850016593933,0.22265625,held_out
L30_N1457,30,1457,lack_of_knowledge,lok_0104,2.4228668212890625,2.435750961303711,0.012884140014648438,0.23433850705623627,0.23045292496681213,0.22265625,held_out
L30_N1457,30,1457,lack_of_knowledge,lok_0105,2.0768651962280273,2.075620651245117,-0.0012445449829101562,0.2821453809738159,0.28223127126693726,0.22265625,held_out
L30_N1457,30,1457,lack_of_knowledge,lok_0106,3.1305816173553467,3.188237428665161,0.05765581130981445,0.2826291620731354,0.25679975748062134,0.22265625,held_out
L30_N1457,30,1457,lack_of_knowledge,lok_0107,3.3110029697418213,3.3082878589630127,-0.0027151107788085938,0.2635786533355713,0.2620128095149994,0.22265625,held_out
L30_N1457,30,1457,lack_of_knowledge,lok_0108,3.6194231510162354,3.6512556076049805,0.03183245658874512,0.214120551943779,0.20564168691635132,0.22265625,held_out
L30_N1457,30,1457,lack_of_knowledge,lok_0109,1.9952112436294556,1.996482014656067,0.0012707710266113281,0.31463712453842163,0.31454339623451233,0.22265625,held_out
L30_N1457,30,1457,lack_of_knowledge,lok_0110,2.602980136871338,2.5856728553771973,-0.017307281494140625,0.23165905475616455,0.22454534471035004,0.22265625,held_out
L30_N1457,30,1457,lack_of_knowledge,lok_0111,2.431495189666748,2.4292612075805664,-0.0022339820861816406,0.31492727994918823,0.3197038471698761,0.22265625,held_out
L30_N1457,30,1457,lack_of_knowledge,lok_0112,2.402334451675415,2.4671335220336914,0.06479907035827637,0.38672342896461487,0.35795333981513977,0.22265625,held_out
L30_N1457,30,1457,lack_of_knowledge,lok_0113,2.746509552001953,2.7457938194274902,-0.0007157325744628906,0.220510795712471,0.2205791026353836,0.22265625,held_out
L30_N1457,30,1457,lack_of_knowledge,lok_0114,1.8042078018188477,1.8101143836975098,0.005906581878662109,0.36461204290390015,0.36409538984298706,0.22265625,held_out
L30_N1457,30,1457,lack_of_knowledge,lok_0115,2.9469594955444336,2.8765807151794434,-0.07037878036499023,0.30013546347618103,0.3234460651874542,0.22265625,held_out
L30_N1457,30,1457,lack_of_knowledge,lok_0116,2.007812023162842,2.007819652557373,7.62939453125e-06,0.5500673651695251,0.5500521659851074,0.22265625,held_out
L30_N1457,30,1457,lack_of_knowledge,lok_0117,3.192384958267212,3.1739375591278076,-0.018447399139404297,0.2453351616859436,0.24086050689220428,0.22265625,held_out
L30_N1457,30,1457,lack_of_knowledge,lok_0118,3.4750897884368896,3.5217862129211426,0.04669642448425293,0.18571816384792328,0.180510476231575,0.22265625,held_out
L30_N1457,30,1457,lack_of_knowledge,lok_0119,2.428151845932007,2.4260356426239014,-0.0021162033081054688,0.2608487904071808,0.262185275554657,0.22265625,held_out
L29_N11909,29,11909,lack_of_knowledge,lok_0000,3.908881902694702,3.896221399307251,-0.012660503387451172,0.14724333584308624,0.1453930288553238,0.1708984375,working
L29_N11909,29,11909,lack_of_knowledge,lok_0001,2.8249709606170654,2.832671642303467,0.007700681686401367,0.2386796474456787,0.23644913733005524,0.1708984375,working
L29_N11909,29,11909,lack_of_knowledge,lok_0002,3.1003873348236084,3.1231541633605957,0.022766828536987305,0.2314060479402542,0.23659956455230713,0.1708984375,working
L29_N11909,29,11909,lack_of_knowledge,lok_0003,2.249481439590454,2.2510013580322266,0.001519918441772461,0.2636534869670868,0.2636907398700714,0.1708984375,working
L29_N11909,29,11909,lack_of_knowledge,lok_0004,2.493800163269043,2.4941256046295166,0.0003254413604736328,0.311267614364624,0.30995696783065796,0.1708984375,working
L29_N11909,29,11909,lack_of_knowledge,lok_0005,2.7805252075195312,2.779430866241455,-0.0010943412780761719,0.3278445303440094,0.3278845548629761,0.1708984375,working
L29_N11909,29,11909,lack_of_knowledge,lok_0006,2.244798183441162,2.244497299194336,-0.0003008842468261719,0.36405470967292786,0.36396947503089905,0.1708984375,working
L29_N11909,29,11909,lack_of_knowledge,lok_0007,4.115026473999023,4.1287007331848145,0.013674259185791016,0.1506902426481247,0.15078787505626678,0.1708984375,working
L29_N11909,29,11909,lack_of_knowledge,lok_0008,2.711564302444458,2.701112747192383,-0.010451555252075195,0.2988700866699219,0.29544582962989807,0.1708984375,working
L29_N11909,29,11909,lack_of_knowledge,lok_0009,2.668410539627075,2.6569125652313232,-0.011497974395751953,0.3281840980052948,0.3234754502773285,0.1708984375,working
L29_N11909,29,11909,lack_of_knowledge,lok_0010,2.7420661449432373,2.749758243560791,0.007692098617553711,0.23133890330791473,0.23278482258319855,0.1708984375,working
L29_N11909,29,11909,lack_of_knowledge,lok_0011,1.8690134286880493,1.9536378383636475,0.08462440967559814,0.5327321887016296,0.4995739459991455,0.1708984375,working
L29_N11909,29,11909,lack_of_knowledge,lok_0012,2.662747383117676,2.6575183868408203,-0.005228996276855469,0.24309544265270233,0.2446833997964859,0.1708984375,working
L29_N11909,29,11909,lack_of_knowledge,lok_0013,3.290672779083252,3.2535853385925293,-0.037087440490722656,0.28111976385116577,0.292697012424469,0.1708984375,working
L29_N11909,29,11909,lack_of_knowledge,lok_0014,3.0893006324768066,3.082458257675171,-0.006842374801635742,0.16240721940994263,0.16255636513233185,0.1708984375,working
L29_N11909,29,11909,lack_of_knowledge,lok_0015,2.6001811027526855,2.604059934616089,0.0038788318634033203,0.22337457537651062,0.22710567712783813,0.1708984375,working
L29_N11909,29,11909,lack_of_knowledge,lok_0016,3.636564254760742,3.6527018547058105,0.01613759994506836,0.14686629176139832,0.14507627487182617,0.1708984375,working
L29_N11909,29,11909,lack_of_knowledge,lok_0017,1.7938029766082764,1.7933282852172852,-0.00047469139099121094,0.6357941627502441,0.6355116367340088,0.1708984375,working
L29_N11909,29,11909,lack_of_knowledge,lok_0018,3.76168155670166,3.764641523361206,0.0029599666595458984,0.15997152030467987,0.15966187417507172,0.1708984375,working
L29_N11909,29,11909,lack_of_knowledge,lok_0019,2.5667991638183594,2.5616235733032227,-0.005175590515136719,0.3893742263317108,0.4048369228839874,0.1708984375,working
L29_N11909,29,11909,lack_of_knowledge,lok_0020,2.966003179550171,2.916440010070801,-0.04956316947937012,0.22749841213226318,0.2506752014160156,0.1708984375,working
L29_N11909,29,11909,lack_of_knowledge,lok_0021,2.526073455810547,2.5323739051818848,0.006300449371337891,0.22123083472251892,0.21983499825000763,0.1708984375,working
L29_N11909,29,11909,lack_of_knowledge,lok_0022,2.6455888748168945,2.647067070007324,0.0014781951904296875,0.40096139907836914,0.40670397877693176,0.1708984375,working
L29_N11909,29,11909,lack_of_knowledge,lok_0023,1.922859787940979,1.9113905429840088,-0.011469244956970215,0.38112276792526245,0.37115350365638733,0.1708984375,working
L29_N11909,29,11909,lack_of_knowledge,lok_0024,2.9470975399017334,2.9470975399017334,0.0,0.214198037981987,0.214198037981987,0.1708984375,working
L29_N11909,29,11909,lack_of_knowledge,lok_0025,1.5543040037155151,1.5750982761383057,0.020794272422790527,0.6460787653923035,0.6398481726646423,0.1708984375,working
L29_N11909,29,11909,lack_of_knowledge,lok_0026,2.252201557159424,2.248652458190918,-0.0035490989685058594,0.36627739667892456,0.3666412830352783,0.1708984375,working
L29_N11909,29,11909,lack_of_knowledge,lok_0027,2.104827404022217,2.1112189292907715,0.0063915252685546875,0.30361494421958923,0.3025718927383423,0.1708984375,working
L29_N11909,29,11909,lack_of_knowledge,lok_0028,2.2237110137939453,2.2222535610198975,-0.0014574527740478516,0.373460054397583,0.3738402724266052,0.1708984375,working
L29_N11909,29,11909,lack_of_knowledge,lok_0029,1.8713101148605347,1.8746768236160278,0.003366708755493164,0.3468768000602722,0.3621346652507782,0.1708984375,working
L29_N11909,29,11909,lack_of_knowledge,lok_0030,2.753704309463501,2.749763011932373,-0.00394129753112793,0.2713783383369446,0.26756149530410767,0.1708984375,working
L29_N11909,29,11909,lack_of_knowledge,lok_0031,2.2892045974731445,2.3612022399902344,0.07199764251708984,0.40870699286460876,0.37749141454696655,0.1708984375,working
L29_N11909,29,11909,lack_of_knowledge,lok_0032,0.7064740061759949,0.6476210355758667,-0.058852970600128174,0.8929246068000793,0.903213381767273,0.1708984375,working
L29_N11909,29,11909,lack_of_knowledge,lok_0033,2.459549903869629,2.4654037952423096,0.005853891372680664,0.32558971643447876,0.3247571289539337,0.1708984375,working
L29_N11909,29,11909,lack_of_knowledge,lok_0034,2.452033519744873,2.4651339054107666,0.013100385665893555,0.26953449845314026,0.27391594648361206,0.1708984375,working
L29_N11909,29,11909,lack_of_knowledge,lok_0035,3.0634889602661133,3.0599026679992676,-0.003586292266845703,0.2370489537715912,0.23710660636425018,0.1708984375,working
L29_N11909,29,11909,lack_of_knowledge,lok_0036,3.002075433731079,2.9988198280334473,-0.003255605697631836,0.23908543586730957,0.23676541447639465,0.1708984375,working
L29_N11909,29,11909,lack_of_knowledge,lok_0037,2.6400294303894043,2.652822971343994,0.012793540954589844,0.2704247832298279,0.2735246419906616,0.1708984375,working
L29_N11909,29,11909,lack_of_knowledge,lok_0038,2.911905288696289,2.9105076789855957,-0.0013976097106933594,0.43646419048309326,0.43410855531692505,0.1708984375,working
L29_N11909,29,11909,lack_of_knowledge,lok_0039,2.876549005508423,2.873572826385498,-0.0029761791229248047,0.37225958704948425,0.37316903471946716,0.1708984375,working
L29_N11909,29,11909,lack_of_knowledge,lok_0040,1.4230759143829346,1.4248762130737305,0.0018002986907958984,0.6793196201324463,0.6790623664855957,0.1708984375,working
L29_N11909,29,11909,lack_of_knowledge,lok_0041,2.95888614654541,2.9638657569885254,0.004979610443115234,0.28017154335975647,0.2799573838710785,0.1708984375,working
L29_N11909,29,11909,lack_of_knowledge,lok_0042,2.4324846267700195,2.4282143115997314,-0.004270315170288086,0.21404914557933807,0.21456649899482727,0.1708984375,working
L29_N11909,29,11909,lack_of_knowledge,lok_0043,2.5788180828094482,2.5784199237823486,-0.0003981590270996094,0.30127057433128357,0.3010696768760681,0.1708984375,working
L29_N11909,29,11909,lack_of_knowledge,lok_0044,2.6911308765411377,2.682245969772339,-0.008884906768798828,0.22111687064170837,0.2217874675989151,0.1708984375,working
L29_N11909,29,11909,lack_of_knowledge,lok_0045,1.9650545120239258,1.9731658697128296,0.008111357688903809,0.5035289525985718,0.4978536069393158,0.1708984375,working
L29_N11909,29,11909,lack_of_knowledge,lok_0046,3.460538148880005,3.443547010421753,-0.016991138458251953,0.17234964668750763,0.1729419231414795,0.1708984375,working
L29_N11909,29,11909,lack_of_knowledge,lok_0047,2.815678834915161,2.8227968215942383,0.0071179866790771484,0.23076173663139343,0.23311269283294678,0.1708984375,working
L29_N11909,29,11909,lack_of_knowledge,lok_0048,2.327691078186035,2.326463222503662,-0.0012278556823730469,0.3101983368396759,0.3103289306163788,0.1708984375,working
L29_N11909,29,11909,lack_of_knowledge,lok_0049,3.1199283599853516,3.1199769973754883,4.863739013671875e-05,0.2627541720867157,0.2682288587093353,0.1708984375,working
L29_N11909,29,11909,lack_of_knowledge,lok_0050,3.0483131408691406,3.043879985809326,-0.004433155059814453,0.1865970939397812,0.1899455040693283,0.1708984375,working
L29_N11909,29,11909,lack_of_knowledge,lok_0051,3.7176549434661865,3.704376220703125,-0.013278722763061523,0.16761435568332672,0.17355000972747803,0.1708984375,working
L29_N11909,29,11909,lack_of_knowledge,lok_0052,2.293198823928833,2.3028459548950195,0.009647130966186523,0.2652854919433594,0.27570977807044983,0.1708984375,working
L29_N11909,29,11909,lack_of_knowledge,lok_0053,2.503537178039551,2.5035436153411865,6.4373016357421875e-06,0.2919103503227234,0.29192161560058594,0.1708984375,working
L29_N11909,29,11909,lack_of_knowledge,lok_0054,2.9047462940216064,2.919611930847168,0.014865636825561523,0.21120452880859375,0.20252221822738647,0.1708984375,working
L29_N11909,29,11909,lack_of_knowledge,lok_0055,2.6336722373962402,2.63643217086792,0.0027599334716796875,0.29845601320266724,0.29827621579170227,0.1708984375,working
L29_N11909,29,11909,lack_of_knowledge,lok_0056,2.1315324306488037,2.1481969356536865,0.016664505004882812,0.5574800968170166,0.5534356832504272,0.1708984375,working
L29_N11909,29,11909,lack_of_knowledge,lok_0057,4.396864891052246,4.4137797355651855,0.016914844512939453,0.13338956236839294,0.13201403617858887,0.1708984375,working
L29_N11909,29,11909,lack_of_knowledge,lok_0058,2.2851853370666504,2.293325424194336,0.008140087127685547,0.5099014043807983,0.5068979859352112,0.1708984375,working
L29_N11909,29,11909,lack_of_knowledge,lok_0059,2.177844762802124,2.175001621246338,-0.002843141555786133,0.2158930003643036,0.2166358083486557,0.1708984375,working
L29_N11909,29,11909,lack_of_knowledge,lok_0060,3.3442442417144775,3.315171957015991,-0.029072284698486328,0.24951548874378204,0.25909847021102905,0.1708984375,working
L29_N11909,29,11909,lack_of_knowledge,lok_0061,2.585824489593506,2.5834758281707764,-0.002348661422729492,0.34842970967292786,0.34104061126708984,0.1708984375,working
L29_N11909,29,11909,lack_of_knowledge,lok_0062,2.2484776973724365,2.2461581230163574,-0.0023195743560791016,0.29464447498321533,0.304781436920166,0.1708984375,working
L29_N11909,29,11909,lack_of_knowledge,lok_0063,2.9368109703063965,2.939326286315918,0.0025153160095214844,0.3425575792789459,0.34084048867225647,0.1708984375,working
L29_N11909,29,11909,lack_of_knowledge,lok_0064,2.5612192153930664,2.5492072105407715,-0.012012004852294922,0.17992129921913147,0.17662401497364044,0.1708984375,working
L29_N11909,29,11909,lack_of_knowledge,lok_0065,3.717409133911133,3.7304794788360596,0.013070344924926758,0.19281595945358276,0.19666185975074768,0.1708984375,working
L29_N11909,29,11909,lack_of_knowledge,lok_0066,3.292851448059082,3.303098201751709,0.010246753692626953,0.3255794942378998,0.3293667137622833,0.1708984375,working
L29_N11909,29,11909,lack_of_knowledge,lok_0067,3.1203551292419434,3.119190216064453,-0.0011649131774902344,0.2411842942237854,0.24721123278141022,0.1708984375,working
L29_N11909,29,11909,lack_of_knowledge,lok_0068,2.5912985801696777,2.6143853664398193,0.0230867862701416,0.3096522390842438,0.3005410134792328,0.1708984375,working
L29_N11909,29,11909,lack_of_knowledge,lok_0069,2.371748924255371,2.370788097381592,-0.0009608268737792969,0.28834694623947144,0.28838300704956055,0.1708984375,working
L29_N11909,29,11909,lack_of_knowledge,lok_0070,2.536459445953369,2.5334460735321045,-0.0030133724212646484,0.3151390552520752,0.30649372935295105,0.1708984375,working
L29_N11909,29,11909,lack_of_knowledge,lok_0071,2.7114217281341553,2.7193169593811035,0.007895231246948242,0.22638347744941711,0.22328753769397736,0.1708984375,working
L29_N11909,29,11909,lack_of_knowledge,lok_0072,2.945474624633789,2.947120189666748,0.0016455650329589844,0.22078350186347961,0.2153841108083725,0.1708984375,working
L29_N11909,29,11909,lack_of_knowledge,lok_0073,3.311706066131592,3.297571897506714,-0.01413416862487793,0.1539117693901062,0.15399610996246338,0.1708984375,working
L29_N11909,29,11909,lack_of_knowledge,lok_0074,2.3373231887817383,2.2402782440185547,-0.0970449447631836,0.444598913192749,0.4768791198730469,0.1708984375,working
L29_N11909,29,11909,lack_of_knowledge,lok_0075,2.732898473739624,2.740023612976074,0.007125139236450195,0.2755686044692993,0.2799581289291382,0.1708984375,working
L29_N11909,29,11909,lack_of_knowledge,lok_0076,2.7133607864379883,2.713740110397339,0.00037932395935058594,0.2981022000312805,0.2984544038772583,0.1708984375,working
L29_N11909,29,11909,lack_of_knowledge,lok_0077,2.6673073768615723,2.674342632293701,0.007035255432128906,0.2877824008464813,0.2866729497909546,0.1708984375,working
L29_N11909,29,11909,lack_of_knowledge,lok_0078,2.2790873050689697,2.2800965309143066,0.001009225845336914,0.3307228684425354,0.3330768644809723,0.1708984375,working
L29_N11909,29,11909,lack_of_knowledge,lok_0079,2.241702079772949,2.2363970279693604,-0.005305051803588867,0.4129316806793213,0.4137769639492035,0.1708984375,working
L29_N11909,29,11909,lack_of_knowledge,lok_0080,2.701868772506714,2.6952388286590576,-0.00662994384765625,0.29091277718544006,0.2918034791946411,0.1708984375,working
L29_N11909,29,11909,lack_of_knowledge,lok_0081,2.630154609680176,2.6258881092071533,-0.004266500473022461,0.2526571750640869,0.2535615563392639,0.1708984375,working
L29_N11909,29,11909,lack_of_knowledge,lok_0082,2.4794020652770996,2.4790234565734863,-0.00037860870361328125,0.4859446585178375,0.4858623743057251,0.1708984375,working
L29_N11909,29,11909,lack_of_knowledge,lok_0083,3.205901622772217,3.2289412021636963,0.023039579391479492,0.2136554718017578,0.2038733959197998,0.1708984375,working
L29_N11909,29,11909,lack_of_knowledge,lok_0084,2.2095985412597656,2.219191551208496,0.009593009948730469,0.2736474871635437,0.2814188599586487,0.1708984375,held_out
L29_N11909,29,11909,lack_of_knowledge,lok_0085,2.287148952484131,2.2839550971984863,-0.0031938552856445312,0.5165454149246216,0.5168644189834595,0.1708984375,held_out
L29_N11909,29,11909,lack_of_knowledge,lok_0086,2.2640910148620605,2.259758472442627,-0.004332542419433594,0.2827526330947876,0.28487101197242737,0.1708984375,held_out
L29_N11909,29,11909,lack_of_knowledge,lok_0087,2.3641552925109863,2.3674378395080566,0.0032825469970703125,0.3289211094379425,0.32258614897727966,0.1708984375,held_out
L29_N11909,29,11909,lack_of_knowledge,lok_0088,2.5307564735412598,2.5307564735412598,0.0,0.28495776653289795,0.28495776653289795,0.1708984375,held_out
L29_N11909,29,11909,lack_of_knowledge,lok_0089,2.8428843021392822,2.814021348953247,-0.028862953186035156,0.2343607097864151,0.24201729893684387,0.1708984375,held_out
L29_N11909,29,11909,lack_of_knowledge,lok_0090,2.067660093307495,2.0550155639648438,-0.012644529342651367,0.4261133074760437,0.430763304233551,0.1708984375,held_out
L29_N11909,29,11909,lack_of_knowledge,lok_0091,2.733212471008301,2.7290868759155273,-0.0041255950927734375,0.3444516658782959,0.34791091084480286,0.1708984375,held_out
L29_N11909,29,11909,lack_of_knowledge,lok_0092,3.0582218170166016,3.0583109855651855,8.916854858398438e-05,0.19981129467487335,0.1997944861650467,0.1708984375,held_out
L29_N11909,29,11909,lack_of_knowledge,lok_0093,2.717287540435791,2.68858003616333,-0.028707504272460938,0.2532733976840973,0.2606537640094757,0.1708984375,held_out
L29_N11909,29,11909,lack_of_knowledge,lok_0094,2.132460594177246,2.1278257369995117,-0.004634857177734375,0.28502002358436584,0.2859525978565216,0.1708984375,held_out
L29_N11909,29,11909,lack_of_knowledge,lok_0095,2.44497013092041,2.445838212966919,0.0008680820465087891,0.26511991024017334,0.2650209367275238,0.1708984375,held_out
L29_N11909,29,11909,lack_of_knowledge,lok_0096,1.895049810409546,1.9393982887268066,0.04434847831726074,0.4387989044189453,0.4109480082988739,0.1708984375,held_out
L29_N11909,29,11909,lack_of_knowledge,lok_0097,3.1339588165283203,3.1321916580200195,-0.0017671585083007812,0.2454637587070465,0.24879537522792816,0.1708984375,held_out
L29_N11909,29,11909,lack_of_knowledge,lok_0098,3.102553367614746,3.0656447410583496,-0.036908626556396484,0.27237218618392944,0.2793353199958801,0.1708984375,held_out
L29_N11909,29,11909,lack_of_knowledge,lok_0099,3.007906436920166,3.036614418029785,0.02870798110961914,0.2266935557126999,0.21906264126300812,0.1708984375,held_out
L29_N11909,29,11909,lack_of_knowledge,lok_0100,3.406787872314453,3.3800015449523926,-0.026786327362060547,0.26816415786743164,0.27986231446266174,0.1708984375,held_out
L29_N11909,29,11909,lack_of_knowledge,lok_0101,1.8872756958007812,1.8906160593032837,0.0033403635025024414,0.5120028853416443,0.5031698942184448,0.1708984375,held_out
L29_N11909,29,11909,lack_of_knowledge,lok_0102,2.6861648559570312,2.7021031379699707,0.015938282012939453,0.2716147005558014,0.2756449282169342,0.1708984375,held_out
L29_N11909,29,11909,lack_of_knowledge,lok_0103,2.4825572967529297,2.467866897583008,-0.014690399169921875,0.246735081076622,0.24661299586296082,0.1708984375,held_out
L29_N11909,29,11909,lack_of_knowledge,lok_0104,2.4228668212890625,2.4283366203308105,0.005469799041748047,0.23433850705623627,0.23298431932926178,0.1708984375,held_out
L29_N11909,29,11909,lack_of_knowledge,lok_0105,2.0768651962280273,2.077571153640747,0.0007059574127197266,0.2821453809738159,0.2821233868598938,0.1708984375,held_out
L29_N11909,29,11909,lack_of_knowledge,lok_0106,3.1305816173553467,3.1814138889312744,0.050832271575927734,0.2826291620731354,0.2568540871143341,0.1708984375,held_out
L29_N11909,29,11909,lack_of_knowledge,lok_0107,3.3110029697418213,3.310934543609619,-6.842613220214844e-05,0.2635786533355713,0.2605763077735901,0.1708984375,held_out
L29_N11909,29,11909,lack_of_knowledge,lok_0108,3.6194231510162354,3.6332664489746094,0.013843297958374023,0.214120551943779,0.21477369964122772,0.1708984375,held_out
L29_N11909,29,11909,lack_of_knowledge,lok_0109,1.9952112436294556,1.9905848503112793,-0.0046263933181762695,0.31463712453842163,0.3154333829879761,0.1708984375,held_out
L29_N11909,29,11909,lack_of_knowledge,lok_0110,2.602980136871338,2.5862679481506348,-0.016712188720703125,0.23165905475616455,0.22681646049022675,0.1708984375,held_out
L29_N11909,29,11909,lack_of_knowledge,lok_0111,2.431495189666748,2.424074649810791,-0.007420539855957031,0.31492727994918823,0.31605952978134155,0.1708984375,held_out
L29_N11909,29,11909,lack_of_knowledge,lok_0112,2.402334451675415,2.4076194763183594,0.005285024642944336,0.38672342896461487,0.3863407075405121,0.1708984375,held_out
L29_N11909,29,11909,lack_of_knowledge,lok_0113,2.746509552001953,2.7298531532287598,-0.01665639877319336,0.220510795712471,0.23146310448646545,0.1708984375,held_out
L29_N11909,29,11909,lack_of_knowledge,lok_0114,1.8042078018188477,1.8013536930084229,-0.0028541088104248047,0.36461204290390015,0.3652386963367462,0.1708984375,held_out
L29_N11909,29,11909,lack_of_knowledge,lok_0115,2.9469594955444336,2.859055519104004,-0.08790397644042969,0.30013546347618103,0.32491591572761536,0.1708984375,held_out
L29_N11909,29,11909,lack_of_knowledge,lok_0116,2.007812023162842,2.0839524269104004,0.0761404037475586,0.5500673651695251,0.5248603820800781,0.1708984375,held_out
L29_N11909,29,11909,lack_of_knowledge,lok_0117,3.192384958267212,3.1837143898010254,-0.008670568466186523,0.2453351616859436,0.2397027611732483,0.1708984375,held_out
L29_N11909,29,11909,lack_of_knowledge,lok_0118,3.4750897884368896,3.4960999488830566,0.021010160446166992,0.18571816384792328,0.18699291348457336,0.1708984375,held_out
L29_N11909,29,11909,lack_of_knowledge,lok_0119,2.428151845932007,2.414900541305542,-0.013251304626464844,0.2608487904071808,0.2555027902126312,0.1708984375,held_out
L29_N13925,29,13925,lack_of_knowledge,lok_0000,3.908881902694702,3.8955767154693604,-0.013305187225341797,0.14724333584308624,0.1459733545780182,0.1611328125,working
L29_N13925,29,13925,lack_of_knowledge,lok_0001,2.8249709606170654,2.8294529914855957,0.0044820308685302734,0.2386796474456787,0.24274390935897827,0.1611328125,working
L29_N13925,29,13925,lack_of_knowledge,lok_0002,3.1003873348236084,3.102909803390503,0.0025224685668945312,0.2314060479402542,0.2315942794084549,0.1611328125,working
L29_N13925,29,13925,lack_of_knowledge,lok_0003,2.249481439590454,2.2506327629089355,0.0011513233184814453,0.2636534869670868,0.2635224759578705,0.1611328125,working
L29_N13925,29,13925,lack_of_knowledge,lok_0004,2.493800163269043,2.4927785396575928,-0.0010216236114501953,0.311267614364624,0.3072626292705536,0.1611328125,working
L29_N13925,29,13925,lack_of_knowledge,lok_0005,2.7805252075195312,2.7823076248168945,0.0017824172973632812,0.3278445303440094,0.3276544511318207,0.1611328125,working
L29_N13925,29,13925,lack_of_knowledge,lok_0006,2.244798183441162,2.2933402061462402,0.048542022705078125,0.36405470967292786,0.3366009294986725,0.1611328125,working
L29_N13925,29,13925,lack_of_knowledge,lok_0007,4.115026473999023,4.11822509765625,0.0031986236572265625,0.1506902426481247,0.15028442442417145,0.1611328125,working
L29_N13925,29,13925,lack_of_knowledge,lok_0008,2.711564302444458,2.700324058532715,-0.011240243911743164,0.2988700866699219,0.29565897583961487,0.1611328125,working
L29_N13925,29,13925,lack_of_knowledge,lok_0009,2.668410539627075,2.6597609519958496,-0.008649587631225586,0.3281840980052948,0.32921314239501953,0.1611328125,working
L29_N13925,29,13925,lack_of_knowledge,lok_0010,2.7420661449432373,2.7432897090911865,0.0012235641479492188,0.23133890330791473,0.23329861462116241,0.1611328125,working
L29_N13925,29,13925,lack_of_knowledge,lok_0011,1.8690134286880493,1.867200255393982,-0.0018131732940673828,0.5327321887016296,0.5330175161361694,0.1611328125,working
L29_N13925,29,13925,lack_of_knowledge,lok_0012,2.662747383117676,2.6604788303375244,-0.002268552780151367,0.24309544265270233,0.24428531527519226,0.1611328125,working
L29_N13925,29,13925,lack_of_knowledge,lok_0013,3.290672779083252,3.2909762859344482,0.00030350685119628906,0.28111976385116577,0.2838004231452942,0.1611328125,working
L29_N13925,29,13925,lack_of_knowledge,lok_0014,3.0893006324768066,3.088282346725464,-0.0010182857513427734,0.16240721940994263,0.16137608885765076,0.1611328125,working
L29_N13925,29,13925,lack_of_knowledge,lok_0015,2.6001811027526855,2.5961406230926514,-0.00404047966003418,0.22337457537651062,0.22445738315582275,0.1611328125,working
L29_N13925,29,13925,lack_of_knowledge,lok_0016,3.636564254760742,3.6367063522338867,0.00014209747314453125,0.14686629176139832,0.14744722843170166,0.1611328125,working
L29_N13925,29,13925,lack_of_knowledge,lok_0017,1.7938029766082764,1.679932951927185,-0.11387002468109131,0.6357941627502441,0.6657354831695557,0.1611328125,working
L29_N13925,29,13925,lack_of_knowledge,lok_0018,3.76168155670166,3.7641496658325195,0.002468109130859375,0.15997152030467987,0.1599426418542862,0.1611328125,working
L29_N13925,29,13925,lack_of_knowledge,lok_0019,2.5667991638183594,2.5764212608337402,0.00962209701538086,0.3893742263317108,0.38641557097435,0.1611328125,working
L29_N13925,29,13925,lack_of_knowledge,lok_0020,2.966003179550171,2.9621033668518066,-0.003899812698364258,0.22749841213226318,0.2278430312871933,0.1611328125,working
L29_N13925,29,13925,lack_of_knowledge,lok_0021,2.526073455810547,2.5322086811065674,0.006135225296020508,0.22123083472251892,0.21973282098770142,0.1611328125,working
L29_N13925,29,13925,lack_of_knowledge,lok_0022,2.6455888748168945,2.6453499794006348,-0.00023889541625976562,0.40096139907836914,0.4010123908519745,0.1611328125,working
L29_N13925,29,13925,lack_of_knowledge,lok_0023,1.922859787940979,1.8681275844573975,-0.05473220348358154,0.38112276792526245,0.4005965292453766,0.1611328125,working
L29_N13925,29,13925,lack_of_knowledge,lok_0024,2.9470975399017334,2.947187662124634,9.012222290039062e-05,0.214198037981987,0.21302133798599243,0.1611328125,working
L29_N13925,29,13925,lack_of_knowledge,lok_0025,1.5543040037155151,1.5481375455856323,-0.0061664581298828125,0.6460787653923035,0.6474887132644653,0.1611328125,working
L29_N13925,29,13925,lack_of_knowledge,lok_0026,2.252201557159424,2.253307580947876,0.0011060237884521484,0.36627739667892456,0.3661951720714569,0.1611328125,working
L29_N13925,29,13925,lack_of_knowledge,lok_0027,2.104827404022217,2.106722354888916,0.0018949508666992188,0.30361494421958923,0.30346614122390747,0.1611328125,working
L29_N13925,29,13925,lack_of_knowledge,lok_0028,2.2237110137939453,2.2192506790161133,-0.004460334777832031,0.373460054397583,0.3702448606491089,0.1611328125,working
L29_N13925,29,13925,lack_of_knowledge,lok_0029,1.8713101148605347,1.876183271408081,0.004873156547546387,0.3468768000602722,0.3620043396949768,0.1611328125,working
L29_N13925,29,13925,lack_of_knowledge,lok_0030,2.753704309463501,2.752687454223633,-0.001016855239868164,0.2713783383369446,0.2715289890766144,0.1611328125,working
L29_N13925,29,13925,lack_of_knowledge,lok_0031,2.2892045974731445,2.2934582233428955,0.0042536258697509766,0.40870699286460876,0.4076418876647949,0.1611328125,working
L29_N13925,29,13925,lack_of_knowledge,lok_0032,0.7064740061759949,0.64267498254776,-0.06379902362823486,0.8929246068000793,0.9043073058128357,0.1611328125,working
L29_N13925,29,13925,lack_of_knowledge,lok_0033,2.459549903869629,2.460221767425537,0.0006718635559082031,0.32558971643447876,0.32549846172332764,0.1611328125,working
L29_N13925,29,13925,lack_of_knowledge,lok_0034,2.452033519744873,2.468107223510742,0.01607370376586914,0.26953449845314026,0.2742542624473572,0.1611328125,working
L29_N13925,29,13925,lack_of_knowledge,lok_0035,3.0634889602661133,3.0635504722595215,6.151199340820312e-05,0.2370489537715912,0.23677803575992584,0.1611328125,working
L29_N13925,29,13925,lack_of_knowledge,lok_0036,3.002075433731079,3.009992837905884,0.007917404174804688,0.23908543586730957,0.24020065367221832,0.1611328125,working
L29_N13925,29,13925,lack_of_knowledge,lok_0037,2.6400294303894043,2.635326385498047,-0.004703044891357422,0.2704247832298279,0.27076780796051025,0.1611328125,working
L29_N13925,29,13925,lack_of_knowledge,lok_0038,2.911905288696289,2.854114532470703,-0.05779075622558594,0.43646419048309326,0.4498399794101715,0.1611328125,working
L29_N13925,29,13925,lack_of_knowledge,lok_0039,2.876549005508423,2.868717670440674,-0.007831335067749023,0.37225958704948425,0.3659403324127197,0.1611328125,working
L29_N13925,29,13925,lack_of_knowledge,lok_0040,1.4230759143829346,1.5091915130615234,0.08611559867858887,0.6793196201324463,0.6517829298973083,0.1611328125,working
L29_N13925,29,13925,lack_of_knowledge,lok_0041,2.95888614654541,2.954531192779541,-0.004354953765869141,0.28017154335975647,0.27782973647117615,0.1611328125,working
L29_N13925,29,13925,lack_of_knowledge,lok_0042,2.4324846267700195,2.4328854084014893,0.00040078163146972656,0.21404914557933807,0.21357645094394684,0.1611328125,working
L29_N13925,29,13925,lack_of_knowledge,lok_0043,2.5788180828094482,2.5810465812683105,0.0022284984588623047,0.30127057433128357,0.300879567861557,0.1611328125,working
L29_N13925,29,13925,lack_of_knowledge,lok_0044,2.6911308765411377,2.7009565830230713,0.009825706481933594,0.22111687064170837,0.2121957540512085,0.1611328125,working
L29_N13925,29,13925,lack_of_knowledge,lok_0045,1.9650545120239258,1.9657342433929443,0.0006797313690185547,0.5035289525985718,0.5034652948379517,0.1611328125,working
L29_N13925,29,13925,lack_of_knowledge,lok_0046,3.460538148880005,3.4610719680786133,0.0005338191986083984,0.17234964668750763,0.1723456084728241,0.1611328125,working
L29_N13925,29,13925,lack_of_knowledge,lok_0047,2.815678834915161,2.8170125484466553,0.0013337135314941406,0.23076173663139343,0.23068121075630188,0.1611328125,working
L29_N13925,29,13925,lack_of_knowledge,lok_0048,2.327691078186035,2.3300352096557617,0.0023441314697265625,0.3101983368396759,0.30930718779563904,0.1611328125,working
L29_N13925,29,13925,lack_of_knowledge,lok_0049,3.1199283599853516,3.1055045127868652,-0.014423847198486328,0.2627541720867157,0.2600485384464264,0.1611328125,working
L29_N13925,29,13925,lack_of_knowledge,lok_0050,3.0483131408691406,3.054603338241577,0.0062901973724365234,0.1865970939397812,0.18901823461055756,0.1611328125,working
L29_N13925,29,13925,lack_of_knowledge,lok_0051,3.7176549434661865,3.7192277908325195,0.0015728473663330078,0.16761435568332672,0.16700530052185059,0.1611328125,working
L29_N13925,29,13925,lack_of_knowledge,lok_0052,2.293198823928833,2.312300682067871,0.019101858139038086,0.2652854919433594,0.27128171920776367,0.1611328125,working
L29_N13925,29,13925,lack_of_knowledge,lok_0053,2.503537178039551,2.5155422687530518,0.012005090713500977,0.2919103503227234,0.29616880416870117,0.1611328125,working
L29_N13925,29,13925,lack_of_knowledge,lok_0054,2.9047462940216064,2.921799898147583,0.017053604125976562,0.21120452880859375,0.20109033584594727,0.1611328125,working
L29_N13925,29,13925,lack_of_knowledge,lok_0055,2.6336722373962402,2.6289143562316895,-0.004757881164550781,0.29845601320266724,0.29546868801116943,0.1611328125,working
L29_N13925,29,13925,lack_of_knowledge,lok_0056,2.1315324306488037,2.145763635635376,0.014231204986572266,0.5574800968170166,0.5543491840362549,0.1611328125,working
L29_N13925,29,13925,lack_of_knowledge,lok_0057,4.396864891052246,4.400216102600098,0.0033512115478515625,0.13338956236839294,0.1321030706167221,0.1611328125,working
L29_N13925,29,13925,lack_of_knowledge,lok_0058,2.2851853370666504,2.2797975540161133,-0.005387783050537109,0.5099014043807983,0.5117122530937195,0.1611328125,working
L29_N13925,29,13925,lack_of_knowledge,lok_0059,2.177844762802124,2.1866416931152344,0.008796930313110352,0.2158930003643036,0.2225719392299652,0.1611328125,working
L29_N13925,29,13925,lack_of_knowledge,lok_0060,3.3442442417144775,3.3120713233947754,-0.03217291831970215,0.24951548874378204,0.25950461626052856,0.1611328125,working
L29_N13925,29,13925,lack_of_knowledge,lok_0061,2.585824489593506,2.577775716781616,-0.008048772811889648,0.34842970967292786,0.3442595303058624,0.1611328125,working
L29_N13925,29,13925,lack_of_knowledge,lok_0062,2.2484776973724365,2.248831272125244,0.0003535747528076172,0.29464447498321533,0.3101034462451935,0.1611328125,working
L29_N13925,29,13925,lack_of_knowledge,lok_0063,2.9368109703063965,2.938288688659668,0.0014777183532714844,0.3425575792789459,0.339864045381546,0.1611328125,working
L29_N13925,29,13925,lack_of_knowledge,lok_0064,2.5612192153930664,2.5505008697509766,-0.010718345642089844,0.17992129921913147,0.17651084065437317,0.1611328125,working
L29_N13925,29,13925,lack_of_knowledge,lok_0065,3.717409133911133,3.7120370864868164,-0.005372047424316406,0.19281595945358276,0.19177626073360443,0.1611328125,working
L29_N13925,29,13925,lack_of_knowledge,lok_0066,3.292851448059082,3.29536771774292,0.0025162696838378906,0.3255794942378998,0.33042001724243164,0.1611328125,working
L29_N13925,29,13925,lack_of_knowledge,lok_0067,3.1203551292419434,3.1163289546966553,-0.004026174545288086,0.2411842942237854,0.24297396838665009,0.1611328125,working
L29_N13925,29,13925,lack_of_knowledge,lok_0068,2.5912985801696777,2.591646909713745,0.0003483295440673828,0.3096522390842438,0.30999377369880676,0.1611328125,working
L29_N13925,29,13925,lack_of_knowledge,lok_0069,2.371748924255371,2.373966693878174,0.0022177696228027344,0.28834694623947144,0.2882120907306671,0.1611328125,working
L29_N13925,29,13925,lack_of_knowledge,lok_0070,2.536459445953369,2.584324359893799,0.04786491394042969,0.3151390552520752,0.2895890474319458,0.1611328125,working
L29_N13925,29,13925,lack_of_knowledge,lok_0071,2.7114217281341553,2.716938018798828,0.0055162906646728516,0.22638347744941711,0.22538518905639648,0.1611328125,working
L29_N13925,29,13925,lack_of_knowledge,lok_0072,2.945474624633789,2.9428787231445312,-0.0025959014892578125,0.22078350186347961,0.22256262600421906,0.1611328125,working
L29_N13925,29,13925,lack_of_knowledge,lok_0073,3.311706066131592,3.315737724304199,0.004031658172607422,0.1539117693901062,0.15431374311447144,0.1611328125,working
L29_N13925,29,13925,lack_of_knowledge,lok_0074,2.3373231887817383,2.2499828338623047,-0.0873403549194336,0.444598913192749,0.47489166259765625,0.1611328125,working
L29_N13925,29,13925,lack_of_knowledge,lok_0075,2.732898473739624,2.745842456817627,0.01294398307800293,0.2755686044692993,0.27899569272994995,0.1611328125,working
L29_N13925,29,13925,lack_of_knowledge,lok_0076,2.7133607864379883,2.711570978164673,-0.0017898082733154297,0.2981022000312805,0.29607224464416504,0.1611328125,working
L29_N13925,29,13925,lack_of_knowledge,lok_0077,2.6673073768615723,2.6941580772399902,0.02685070037841797,0.2877824008464813,0.2754454016685486,0.1611328125,working
L29_N13925,29,13925,lack_of_knowledge,lok_0078,2.2790873050689697,2.2798423767089844,0.0007550716400146484,0.3307228684425354,0.3316987156867981,0.1611328125,working
L29_N13925,29,13925,lack_of_knowledge,lok_0079,2.241702079772949,2.2339725494384766,-0.007729530334472656,0.4129316806793213,0.4141239821910858,0.1611328125,working
L29_N13925,29,13925,lack_of_knowledge,lok_0080,2.701868772506714,2.6951847076416016,-0.006684064865112305,0.29091277718544006,0.29320210218429565,0.1611328125,working
L29_N13925,29,13925,lack_of_knowledge,lok_0081,2.630154609680176,2.621981620788574,-0.008172988891601562,0.2526571750640869,0.2540627419948578,0.1611328125,working
L29_N13925,29,13925,lack_of_knowledge,lok_0082,2.4794020652770996,2.47940993309021,7.867813110351562e-06,0.4859446585178375,0.48594674468040466,0.1611328125,working
L29_N13925,29,13925,lack_of_knowledge,lok_0083,3.205901622772217,3.2101707458496094,0.004269123077392578,0.2136554718017578,0.21377074718475342,0.1611328125,working
L29_N13925,29,13925,lack_of_knowledge,lok_0084,2.2095985412597656,2.206831932067871,-0.0027666091918945312,0.2736474871635437,0.27379682660102844,0.1611328125,held_out
L29_N13925,29,13925,lack_of_knowledge,lok_0085,2.287148952484131,2.2889349460601807,0.0017859935760498047,0.5165454149246216,0.5161962509155273,0.1611328125,held_out
L29_N13925,29,13925,lack_of_knowledge,lok_0086,2.2640910148620605,2.306975841522217,0.04288482666015625,0.2827526330947876,0.2666787803173065,0.1611328125,held_out
L29_N13925,29,13925,lack_of_knowledge,lok_0087,2.3641552925109863,2.3603007793426514,-0.003854513168334961,0.3289211094379425,0.32937687635421753,0.1611328125,held_out
L29_N13925,29,13925,lack_of_knowledge,lok_0088,2.5307564735412598,2.5317513942718506,0.0009949207305908203,0.28495776653289795,0.2884030044078827,0.1611328125,held_out
L29_N13925,29,13925,lack_of_knowledge,lok_0089,2.8428843021392822,2.830859422683716,-0.012024879455566406,0.2343607097864151,0.2308993935585022,0.1611328125,held_out
L29_N13925,29,13925,lack_of_knowledge,lok_0090,2.067660093307495,2.0594630241394043,-0.00819706916809082,0.4261133074760437,0.42878755927085876,0.1611328125,held_out
L29_N13925,29,13925,lack_of_knowledge,lok_0091,2.733212471008301,2.7303361892700195,-0.00287628173828125,0.3444516658782959,0.3451240658760071,0.1611328125,held_out
L29_N13925,29,13925,lack_of_knowledge,lok_0092,3.0582218170166016,3.0484328269958496,-0.009788990020751953,0.19981129467487335,0.21010738611221313,0.1611328125,held_out
L29_N13925,29,13925,lack_of_knowledge,lok_0093,2.717287540435791,2.7068047523498535,-0.0104827880859375,0.2532733976840973,0.2502787709236145,0.1611328125,held_out
L29_N13925,29,13925,lack_of_knowledge,lok_0094,2.132460594177246,2.133235216140747,0.0007746219635009766,0.28502002358436584,0.2850283682346344,0.1611328125,held_out
L29_N13925,29,13925,lack_of_knowledge,lok_0095,2.44497013092041,2.434319019317627,-0.010651111602783203,0.26511991024017334,0.26150086522102356,0.1611328125,held_out
L29_N13925,29,13925,lack_of_knowledge,lok_0096,1.895049810409546,1.9462716579437256,0.05122184753417969,0.4387989044189453,0.40944069623947144,0.1611328125,held_out
L29_N13925,29,13925,lack_of_knowledge,lok_0097,3.1339588165283203,3.143181800842285,0.009222984313964844,0.2454637587070465,0.24811305105686188,0.1611328125,held_out
L29_N13925,29,13925,lack_of_knowledge,lok_0098,3.102553367614746,3.1051387786865234,0.0025854110717773438,0.27237218618392944,0.27230697870254517,0.1611328125,held_out
L29_N13925,29,13925,lack_of_knowledge,lok_0099,3.007906436920166,3.0156872272491455,0.007780790328979492,0.2266935557126999,0.21389706432819366,0.1611328125,held_out
L29_N13925,29,13925,lack_of_knowledge,lok_0100,3.406787872314453,3.37679386138916,-0.02999401092529297,0.26816415786743164,0.28022709488868713,0.1611328125,held_out
L29_N13925,29,13925,lack_of_knowledge,lok_0101,1.8872756958007812,1.884244441986084,-0.0030312538146972656,0.5120028853416443,0.5124849081039429,0.1611328125,held_out
L29_N13925,29,13925,lack_of_knowledge,lok_0102,2.6861648559570312,2.688817262649536,0.002652406692504883,0.2716147005558014,0.27104896306991577,0.1611328125,held_out
L29_N13925,29,13925,lack_of_knowledge,lok_0103,2.4825572967529297,2.4712109565734863,-0.01134634017944336,0.246735081076622,0.24650196731090546,0.1611328125,held_out
L29_N13925,29,13925,lack_of_knowledge,lok_0104,2.4228668212890625,2.425673484802246,0.0028066635131835938,0.23433850705623627,0.233152836561203,0.1611328125,held_out
L29_N13925,29,13925,lack_of_knowledge,lok_0105,2.0768651962280273,2.076420783996582,-0.0004444122314453125,0.2821453809738159,0.2821795642375946,0.1611328125,held_out
L29_N13925,29,13925,lack_of_knowledge,lok_0106,3.1305816173553467,3.19088077545166,0.06029915809631348,0.2826291620731354,0.2581394612789154,0.1611328125,held_out
L29_N13925,29,13925,lack_of_knowledge,lok_0107,3.3110029697418213,3.3075215816497803,-0.0034813880920410156,0.2635786533355713,0.26402702927589417,0.1611328125,held_out
L29_N13925,29,13925,lack_of_knowledge,lok_0108,3.6194231510162354,3.619306802749634,-0.0001163482666015625,0.214120551943779,0.2139923870563507,0.1611328125,held_out
L29_N13925,29,13925,lack_of_knowledge,lok_0109,1.9952112436294556,1.9935896396636963,-0.0016216039657592773,0.31463712453842163,0.314717561006546,0.1611328125,held_out
L29_N13925,29,13925,lack_of_knowledge,lok_0110,2.602980136871338,2.5863876342773438,-0.01659250259399414,0.23165905475616455,0.22580599784851074,0.1611328125,held_out
L29_N13925,29,13925,lack_of_knowledge,lok_0111,2.431495189666748,2.4240574836730957,-0.007437705993652344,0.31492727994918823,0.3160715103149414,0.1611328125,held_out
L29_N13925,29,13925,lack_of_knowledge,lok_0112,2.402334451675415,2.4062628746032715,0.003928422927856445,0.38672342896461487,0.38637903332710266,0.1611328125,held_out
L29_N13925,29,13925,lack_of_knowledge,lok_0113,2.746509552001953,2.749420166015625,0.002910614013671875,0.220510795712471,0.22026292979717255,0.1611328125,held_out
L29_N13925,29,13925,lack_of_knowledge,lok_0114,1.8042078018188477,1.8045430183410645,0.0003352165222167969,0.36461204290390015,0.3645981550216675,0.1611328125,held_out
L29_N13925,29,13925,lack_of_knowledge,lok_0115,2.9469594955444336,2.8745298385620117,-0.07242965698242188,0.30013546347618103,0.32539233565330505,0.1611328125,held_out
L29_N13925,29,13925,lack_of_knowledge,lok_0116,2.007812023162842,2.0014421939849854,-0.006369829177856445,0.5500673651695251,0.5524803400039673,0.1611328125,held_out
L29_N13925,29,13925,lack_of_knowledge,lok_0117,3.192384958267212,3.191535711288452,-0.0008492469787597656,0.2453351616859436,0.24553315341472626,0.1611328125,held_out
L29_N13925,29,13925,lack_of_knowledge,lok_0118,3.4750897884368896,3.4842476844787598,0.009157896041870117,0.18571816384792328,0.18580996990203857,0.1611328125,held_out
L29_N13925,29,13925,lack_of_knowledge,lok_0119,2.428151845932007,2.412029981613159,-0.016121864318847656,0.2608487904071808,0.2545168995857239,0.1611328125,held_out
L30_N1777,30,1777,lack_of_knowledge,lok_0000,3.908881902694702,3.8978891372680664,-0.010992765426635742,0.14724333584308624,0.1459415853023529,0.1572265625,working
L30_N1777,30,1777,lack_of_knowledge,lok_0001,2.8249709606170654,2.8287274837493896,0.0037565231323242188,0.2386796474456787,0.23849384486675262,0.1572265625,working
L30_N1777,30,1777,lack_of_knowledge,lok_0002,3.1003873348236084,3.115506649017334,0.015119314193725586,0.2314060479402542,0.23533499240875244,0.1572265625,working
L30_N1777,30,1777,lack_of_knowledge,lok_0003,2.249481439590454,2.2714426517486572,0.021961212158203125,0.2636534869670868,0.27261409163475037,0.1572265625,working
L30_N1777,30,1777,lack_of_knowledge,lok_0004,2.493800163269043,2.493825912475586,2.574920654296875e-05,0.311267614364624,0.3071828782558441,0.1572265625,working
L30_N1777,30,1777,lack_of_knowledge,lok_0005,2.7805252075195312,2.7853708267211914,0.004845619201660156,0.3278445303440094,0.32555216550827026,0.1572265625,working
L30_N1777,30,1777,lack_of_knowledge,lok_0006,2.244798183441162,2.2420921325683594,-0.0027060508728027344,0.36405470967292786,0.3650810122489929,0.1572265625,working
L30_N1777,30,1777,lack_of_knowledge,lok_0007,4.115026473999023,4.111833572387695,-0.003192901611328125,0.1506902426481247,0.15186910331249237,0.1572265625,working
L30_N1777,30,1777,lack_of_knowledge,lok_0008,2.711564302444458,2.700228452682495,-0.01133584976196289,0.2988700866699219,0.29569339752197266,0.1572265625,working
L30_N1777,30,1777,lack_of_knowledge,lok_0009,2.668410539627075,2.6699323654174805,0.0015218257904052734,0.3281840980052948,0.3267611563205719,0.1572265625,working
L30_N1777,30,1777,lack_of_knowledge,lok_0010,2.7420661449432373,2.745205879211426,0.0031397342681884766,0.23133890330791473,0.2310340255498886,0.1572265625,working
L30_N1777,30,1777,lack_of_knowledge,lok_0011,1.8690134286880493,1.8646488189697266,-0.004364609718322754,0.5327321887016296,0.5335082411766052,0.1572265625,working
L30_N1777,30,1777,lack_of_knowledge,lok_0012,2.662747383117676,2.6677708625793457,0.005023479461669922,0.24309544265270233,0.2476079910993576,0.1572265625,working
L30_N1777,30,1777,lack_of_knowledge,lok_0013,3.290672779083252,3.290493965148926,-0.00017881393432617188,0.28111976385116577,0.2800454795360565,0.1572265625,working
L30_N1777,30,1777,lack_of_knowledge,lok_0014,3.0893006324768066,3.085381507873535,-0.003919124603271484,0.16240721940994263,0.16251355409622192,0.1572265625,working
L30_N1777,30,1777,lack_of_knowledge,lok_0015,2.6001811027526855,2.6008715629577637,0.000690460205078125,0.22337457537651062,0.22333720326423645,0.1572265625,working
L30_N1777,30,1777,lack_of_knowledge,lok_0016,3.636564254760742,3.63740611076355,0.0008418560028076172,0.14686629176139832,0.14746251702308655,0.1572265625,working
L30_N1777,30,1777,lack_of_knowledge,lok_0017,1.7938029766082764,1.7976365089416504,0.0038335323333740234,0.6357941627502441,0.635095477104187,0.1572265625,working
L30_N1777,30,1777,lack_of_knowledge,lok_0018,3.76168155670166,3.734372138977051,-0.027309417724609375,0.15997152030467987,0.16502007842063904,0.1572265625,working
L30_N1777,30,1777,lack_of_knowledge,lok_0019,2.5667991638183594,2.569138526916504,0.0023393630981445312,0.3893742263317108,0.3891950845718384,0.1572265625,working
L30_N1777,30,1777,lack_of_knowledge,lok_0020,2.966003179550171,2.911386489868164,-0.054616689682006836,0.22749841213226318,0.253277063369751,0.1572265625,working
L30_N1777,30,1777,lack_of_knowledge,lok_0021,2.526073455810547,2.535094976425171,0.009021520614624023,0.22123083472251892,0.2196943312883377,0.1572265625,working
L30_N1777,30,1777,lack_of_knowledge,lok_0022,2.6455888748168945,2.6569013595581055,0.011312484741210938,0.40096139907836914,0.4058477282524109,0.1572265625,working
L30_N1777,30,1777,lack_of_knowledge,lok_0023,1.922859787940979,1.9150846004486084,-0.0077751874923706055,0.38112276792526245,0.3708505630493164,0.1572265625,working
L30_N1777,30,1777,lack_of_knowledge,lok_0024,2.9470975399017334,2.920736312866211,-0.02636122703552246,0.214198037981987,0.21984516084194183,0.1572265625,working
L30_N1777,30,1777,lack_of_knowledge,lok_0025,1.5543040037155151,1.5535011291503906,-0.0008028745651245117,0.6460787653923035,0.6461095213890076,0.1572265625,working
L30_N1777,30,1777,lack_of_knowledge,lok_0026,2.252201557159424,2.252201557159424,0.0,0.36627739667892456,0.36627739667892456,0.1572265625,working
L30_N1777,30,1777,lack_of_knowledge,lok_0027,2.104827404022217,2.1119954586029053,0.0071680545806884766,0.30361494421958923,0.3024759888648987,0.1572265625,working
L30_N1777,30,1777,lack_of_knowledge,lok_0028,2.2237110137939453,2.2214059829711914,-0.0023050308227539062,0.373460054397583,0.3705926239490509,0.1572265625,working
L30_N1777,30,1777,lack_of_knowledge,lok_0029,1.8713101148605347,1.8685336112976074,-0.002776503562927246,0.3468768000602722,0.34715718030929565,0.1572265625,working
L30_N1777,30,1777,lack_of_knowledge,lok_0030,2.753704309463501,2.7603414058685303,0.006637096405029297,0.2713783383369446,0.270067036151886,0.1572265625,working
L30_N1777,30,1777,lack_of_knowledge,lok_0031,2.2892045974731445,2.3591561317443848,0.06995153427124023,0.40870699286460876,0.3779698312282562,0.1572265625,working
L30_N1777,30,1777,lack_of_knowledge,lok_0032,0.7064740061759949,0.6467609405517578,-0.05971306562423706,0.8929246068000793,0.9035259485244751,0.1572265625,working
L30_N1777,30,1777,lack_of_knowledge,lok_0033,2.459549903869629,2.4592244625091553,-0.0003254413604736328,0.32558971643447876,0.32569852471351624,0.1572265625,working
L30_N1777,30,1777,lack_of_knowledge,lok_0034,2.452033519744873,2.4560818672180176,0.004048347473144531,0.26953449845314026,0.2697220742702484,0.1572265625,working
L30_N1777,30,1777,lack_of_knowledge,lok_0035,3.0634889602661133,3.066249132156372,0.002760171890258789,0.2370489537715912,0.23612911999225616,0.1572265625,working
L30_N1777,30,1777,lack_of_knowledge,lok_0036,3.002075433731079,2.9999918937683105,-0.0020835399627685547,0.23908543586730957,0.23741035163402557,0.1572265625,working
L30_N1777,30,1777,lack_of_knowledge,lok_0037,2.6400294303894043,2.641068935394287,0.0010395050048828125,0.2704247832298279,0.27054089307785034,0.1572265625,working
L30_N1777,30,1777,lack_of_knowledge,lok_0038,2.911905288696289,2.907775402069092,-0.004129886627197266,0.43646419048309326,0.43891847133636475,0.1572265625,working
L30_N1777,30,1777,lack_of_knowledge,lok_0039,2.876549005508423,2.8893675804138184,0.012818574905395508,0.37225958704948425,0.36922019720077515,0.1572265625,working
L30_N1777,30,1777,lack_of_knowledge,lok_0040,1.4230759143829346,1.5006206035614014,0.0775446891784668,0.6793196201324463,0.6547397375106812,0.1572265625,working
L30_N1777,30,1777,lack_of_knowledge,lok_0041,2.95888614654541,2.96117901802063,0.0022928714752197266,0.28017154335975647,0.27992311120033264,0.1572265625,working
L30_N1777,30,1777,lack_of_knowledge,lok_0042,2.4324846267700195,2.4386746883392334,0.006190061569213867,0.21404914557933807,0.2133244425058365,0.1572265625,working
L30_N1777,30,1777,lack_of_knowledge,lok_0043,2.5788180828094482,2.590022087097168,0.011204004287719727,0.30127057433128357,0.29891374707221985,0.1572265625,working
L30_N1777,30,1777,lack_of_knowledge,lok_0044,2.6911308765411377,2.7058796882629395,0.014748811721801758,0.22111687064170837,0.21154354512691498,0.1572265625,working
L30_N1777,30,1777,lack_of_knowledge,lok_0045,1.9650545120239258,1.9687614440917969,0.0037069320678710938,0.5035289525985718,0.5027744770050049,0.1572265625,working
L30_N1777,30,1777,lack_of_knowledge,lok_0046,3.460538148880005,3.449568033218384,-0.010970115661621094,0.17234964668750763,0.17091681063175201,0.1572265625,working
L30_N1777,30,1777,lack_of_knowledge,lok_0047,2.815678834915161,2.819864273071289,0.00418543815612793,0.23076173663139343,0.230533629655838,0.1572265625,working
L30_N1777,30,1777,lack_of_knowledge,lok_0048,2.327691078186035,2.3453474044799805,0.017656326293945312,0.3101983368396759,0.2750779688358307,0.1572265625,working
L30_N1777,30,1777,lack_of_knowledge,lok_0049,3.1199283599853516,3.106764316558838,-0.013164043426513672,0.2627541720867157,0.26457110047340393,0.1572265625,working
L30_N1777,30,1777,lack_of_knowledge,lok_0050,3.0483131408691406,3.051938056945801,0.0036249160766601562,0.1865970939397812,0.18737313151359558,0.1572265625,working
L30_N1777,30,1777,lack_of_knowledge,lok_0051,3.7176549434661865,3.7084083557128906,-0.009246587753295898,0.16761435568332672,0.16570959985256195,0.1572265625,working
L30_N1777,30,1777,lack_of_knowledge,lok_0052,2.293198823928833,2.3014795780181885,0.008280754089355469,0.2652854919433594,0.27577829360961914,0.1572265625,working
L30_N1777,30,1777,lack_of_knowledge,lok_0053,2.503537178039551,2.5062038898468018,0.0026667118072509766,0.2919103503227234,0.2911974787712097,0.1572265625,working
L30_N1777,30,1777,lack_of_knowledge,lok_0054,2.9047462940216064,2.9247634410858154,0.020017147064208984,0.21120452880859375,0.2049935758113861,0.1572265625,working
L30_N1777,30,1777,lack_of_knowledge,lok_0055,2.6336722373962402,2.63090181350708,-0.0027704238891601562,0.29845601320266724,0.2987399697303772,0.1572265625,working
L30_N1777,30,1777,lack_of_knowledge,lok_0056,2.1315324306488037,2.135460138320923,0.003927707672119141,0.5574800968170166,0.5564485192298889,0.1572265625,working
L30_N1777,30,1777,lack_of_knowledge,lok_0057,4.396864891052246,4.390936851501465,-0.00592803955078125,0.13338956236839294,0.13371700048446655,0.1572265625,working
L30_N1777,30,1777,lack_of_knowledge,lok_0058,2.2851853370666504,2.2812089920043945,-0.003976345062255859,0.5099014043807983,0.5113805532455444,0.1572265625,working
L30_N1777,30,1777,lack_of_knowledge,lok_0059,2.177844762802124,2.188535690307617,0.010690927505493164,0.2158930003643036,0.22239628434181213,0.1572265625,working
L30_N1777,30,1777,lack_of_knowledge,lok_0060,3.3442442417144775,3.310370922088623,-0.03387331962585449,0.24951548874378204,0.2573700249195099,0.1572265625,working
L30_N1777,30,1777,lack_of_knowledge,lok_0061,2.585824489593506,2.5849061012268066,-0.0009183883666992188,0.34842970967292786,0.340514600276947,0.1572265625,working
L30_N1777,30,1777,lack_of_knowledge,lok_0062,2.2484776973724365,2.247114419937134,-0.0013632774353027344,0.29464447498321533,0.30454882979393005,0.1572265625,working
L30_N1777,30,1777,lack_of_knowledge,lok_0063,2.9368109703063965,2.942445755004883,0.005634784698486328,0.3425575792789459,0.3420329988002777,0.1572265625,working
L30_N1777,30,1777,lack_of_knowledge,lok_0064,2.5612192153930664,2.5527873039245605,-0.00843191146850586,0.17992129921913147,0.17641781270503998,0.1572265625,working
L30_N1777,30,1777,lack_of_knowledge,lok_0065,3.717409133911133,3.7215285301208496,0.004119396209716797,0.19281595945358276,0.1931506246328354,0.1572265625,working
L30_N1777,30,1777,lack_of_knowledge,lok_0066,3.292851448059082,3.296555519104004,0.003704071044921875,0.3255794942378998,0.3271804749965668,0.1572265625,working
L30_N1777,30,1777,lack_of_knowledge,lok_0067,3.1203551292419434,3.120640993118286,0.00028586387634277344,0.2411842942237854,0.2410641759634018,0.1572265625,working
L30_N1777,30,1777,lack_of_knowledge,lok_0068,2.5912985801696777,2.5862021446228027,-0.005096435546875,0.3096522390842438,0.3113694190979004,0.1572265625,working
L30_N1777,30,1777,lack_of_knowledge,lok_0069,2.371748924255371,2.37628173828125,0.004532814025878906,0.28834694623947144,0.2873198688030243,0.1572265625,working
L30_N1777,30,1777,lack_of_knowledge,lok_0070,2.536459445953369,2.5814480781555176,0.04498863220214844,0.3151390552520752,0.2901969254016876,0.1572265625,working
L30_N1777,30,1777,lack_of_knowledge,lok_0071,2.7114217281341553,2.7439169883728027,0.03249526023864746,0.22638347744941711,0.2324964553117752,0.1572265625,working
L30_N1777,30,1777,lack_of_knowledge,lok_0072,2.945474624633789,2.9477579593658447,0.002283334732055664,0.22078350186347961,0.22199197113513947,0.1572265625,working
L30_N1777,30,1777,lack_of_knowledge,lok_0073,3.311706066131592,3.3071866035461426,-0.004519462585449219,0.1539117693901062,0.15429821610450745,0.1572265625,working
L30_N1777,30,1777,lack_of_knowledge,lok_0074,2.3373231887817383,2.332821846008301,-0.0045013427734375,0.444598913192749,0.4453860819339752,0.1572265625,working
L30_N1777,30,1777,lack_of_knowledge,lok_0075,2.732898473739624,2.7433416843414307,0.01044321060180664,0.2755686044692993,0.27975982427597046,0.1572265625,working
L30_N1777,30,1777,lack_of_knowledge,lok_0076,2.7133607864379883,2.6977996826171875,-0.015561103820800781,0.2981022000312805,0.2933286428451538,0.1572265625,working
L30_N1777,30,1777,lack_of_knowledge,lok_0077,2.6673073768615723,2.672367572784424,0.0050601959228515625,0.2877824008464813,0.28744766116142273,0.1572265625,working
L30_N1777,30,1777,lack_of_knowledge,lok_0078,2.2790873050689697,2.2837181091308594,0.0046308040618896484,0.3307228684425354,0.3302321135997772,0.1572265625,working
L30_N1777,30,1777,lack_of_knowledge,lok_0079,2.241702079772949,2.240117311477661,-0.001584768295288086,0.4129316806793213,0.4127625524997711,0.1572265625,working
L30_N1777,30,1777,lack_of_knowledge,lok_0080,2.701868772506714,2.646941661834717,-0.05492711067199707,0.29091277718544006,0.31730109453201294,0.1572265625,working
L30_N1777,30,1777,lack_of_knowledge,lok_0081,2.630154609680176,2.6311800479888916,0.0010254383087158203,0.2526571750640869,0.25651416182518005,0.1572265625,working
L30_N1777,30,1777,lack_of_knowledge,lok_0082,2.4794020652770996,2.4868180751800537,0.0074160099029541016,0.4859446585178375,0.48481059074401855,0.1572265625,working
L30_N1777,30,1777,lack_of_knowledge,lok_0083,3.205901622772217,3.207655906677246,0.0017542839050292969,0.2136554718017578,0.21370156109333038,0.1572265625,working
L30_N1777,30,1777,lack_of_knowledge,lok_0084,2.2095985412597656,2.2049717903137207,-0.004626750946044922,0.2736474871635437,0.27399688959121704,0.1572265625,held_out
L30_N1777,30,1777,lack_of_knowledge,lok_0085,2.287148952484131,2.2827086448669434,-0.0044403076171875,0.5165454149246216,0.5175272822380066,0.1572265625,held_out
L30_N1777,30,1777,lack_of_knowledge,lok_0086,2.2640910148620605,2.3128228187561035,0.04873180389404297,0.2827526330947876,0.2643064856529236,0.1572265625,held_out
L30_N1777,30,1777,lack_of_knowledge,lok_0087,2.3641552925109863,2.372941255569458,0.00878596305847168,0.3289211094379425,0.32984432578086853,0.1572265625,held_out
L30_N1777,30,1777,lack_of_knowledge,lok_0088,2.5307564735412598,2.533726692199707,0.0029702186584472656,0.28495776653289795,0.28817176818847656,0.1572265625,held_out
L30_N1777,30,1777,lack_of_knowledge,lok_0089,2.8428843021392822,2.8212523460388184,-0.021631956100463867,0.2343607097864151,0.2393108755350113,0.1572265625,held_out
L30_N1777,30,1777,lack_of_knowledge,lok_0090,2.067660093307495,2.0506129264831543,-0.01704716682434082,0.4261133074760437,0.4313012659549713,0.1572265625,held_out
L30_N1777,30,1777,lack_of_knowledge,lok_0091,2.733212471008301,2.7296648025512695,-0.00354766845703125,0.3444516658782959,0.3432081937789917,0.1572265625,held_out
L30_N1777,30,1777,lack_of_knowledge,lok_0092,3.0582218170166016,3.039362907409668,-0.018858909606933594,0.19981129467487335,0.20892371237277985,0.1572265625,held_out
L30_N1777,30,1777,lack_of_knowledge,lok_0093,2.717287540435791,2.6939847469329834,-0.023302793502807617,0.2532733976840973,0.261260062456131,0.1572265625,held_out
L30_N1777,30,1777,lack_of_knowledge,lok_0094,2.132460594177246,2.136200428009033,0.0037398338317871094,0.28502002358436584,0.2841241955757141,0.1572265625,held_out
L30_N1777,30,1777,lack_of_knowledge,lok_0095,2.44497013092041,2.441725254058838,-0.0032448768615722656,0.26511991024017334,0.26585865020751953,0.1572265625,held_out
L30_N1777,30,1777,lack_of_knowledge,lok_0096,1.895049810409546,1.8994214534759521,0.00437164306640625,0.4387989044189453,0.4379309117794037,0.1572265625,held_out
L30_N1777,30,1777,lack_of_knowledge,lok_0097,3.1339588165283203,3.1413497924804688,0.0073909759521484375,0.2454637587070465,0.24406825006008148,0.1572265625,held_out
L30_N1777,30,1777,lack_of_knowledge,lok_0098,3.102553367614746,3.084899663925171,-0.017653703689575195,0.27237218618392944,0.2664172649383545,0.1572265625,held_out
L30_N1777,30,1777,lack_of_knowledge,lok_0099,3.007906436920166,3.0293498039245605,0.02144336700439453,0.2266935557126999,0.21972090005874634,0.1572265625,held_out
L30_N1777,30,1777,lack_of_knowledge,lok_0100,3.406787872314453,3.414717674255371,0.007929801940917969,0.26816415786743164,0.2677138149738312,0.1572265625,held_out
L30_N1777,30,1777,lack_of_knowledge,lok_0101,1.8872756958007812,1.8844726085662842,-0.0028030872344970703,0.5120028853416443,0.5123093128204346,0.1572265625,held_out
L30_N1777,30,1777,lack_of_knowledge,lok_0102,2.6861648559570312,2.6784586906433105,-0.007706165313720703,0.2716147005558014,0.2688423991203308,0.1572265625,held_out
L30_N1777,30,1777,lack_of_knowledge,lok_0103,2.4825572967529297,2.467334508895874,-0.015222787857055664,0.246735081076622,0.244684100151062,0.1572265625,held_out
L30_N1777,30,1777,lack_of_knowledge,lok_0104,2.4228668212890625,2.432509422302246,0.009642601013183594,0.23433850705623627,0.23253703117370605,0.1572265625,held_out
L30_N1777,30,1777,lack_of_knowledge,lok_0105,2.0768651962280273,2.075932502746582,-0.0009326934814453125,0.2821453809738159,0.2822030782699585,0.1572265625,held_out
L30_N1777,30,1777,lack_of_knowledge,lok_0106,3.1305816173553467,3.1306140422821045,3.24249267578125e-05,0.2826291620731354,0.28207361698150635,0.1572265625,held_out
L30_N1777,30,1777,lack_of_knowledge,lok_0107,3.3110029697418213,3.314340353012085,0.003337383270263672,0.2635786533355713,0.25988471508026123,0.1572265625,held_out
L30_N1777,30,1777,lack_of_knowledge,lok_0108,3.6194231510162354,3.623636245727539,0.004213094711303711,0.214120551943779,0.21242856979370117,0.1572265625,held_out
L30_N1777,30,1777,lack_of_knowledge,lok_0109,1.9952112436294556,2.0162854194641113,0.02107417583465576,0.31463712453842163,0.32539406418800354,0.1572265625,held_out
L30_N1777,30,1777,lack_of_knowledge,lok_0110,2.602980136871338,2.586857795715332,-0.01612234115600586,0.23165905475616455,0.22406044602394104,0.1572265625,held_out
L30_N1777,30,1777,lack_of_knowledge,lok_0111,2.431495189666748,2.428131580352783,-0.0033636093139648438,0.31492727994918823,0.315511018037796,0.1572265625,held_out
L30_N1777,30,1777,lack_of_knowledge,lok_0112,2.402334451675415,2.4006171226501465,-0.0017173290252685547,0.38672342896461487,0.3868720233440399,0.1572265625,held_out
L30_N1777,30,1777,lack_of_knowledge,lok_0113,2.746509552001953,2.733290672302246,-0.013218879699707031,0.220510795712471,0.2310791313648224,0.1572265625,held_out
L30_N1777,30,1777,lack_of_knowledge,lok_0114,1.8042078018188477,1.802819848060608,-0.001387953758239746,0.36461204290390015,0.36471545696258545,0.1572265625,held_out
L30_N1777,30,1777,lack_of_knowledge,lok_0115,2.9469594955444336,2.9397125244140625,-0.007246971130371094,0.30013546347618103,0.297402560710907,0.1572265625,held_out
L30_N1777,30,1777,lack_of_knowledge,lok_0116,2.007812023162842,1.998120903968811,-0.009691119194030762,0.5500673651695251,0.5532206892967224,0.1572265625,held_out
L30_N1777,30,1777,lack_of_knowledge,lok_0117,3.192384958267212,3.17569637298584,-0.01668858528137207,0.2453351616859436,0.24091897904872894,0.1572265625,held_out
L30_N1777,30,1777,lack_of_knowledge,lok_0118,3.4750897884368896,3.4705393314361572,-0.004550457000732422,0.18571816384792328,0.1833738535642624,0.1572265625,held_out
L30_N1777,30,1777,lack_of_knowledge,lok_0119,2.428151845932007,2.427337646484375,-0.0008141994476318359,0.2608487904071808,0.2620459496974945,0.1572265625,held_out
L23_N12855,23,12855,lack_of_knowledge,lok_0000,3.908881902694702,3.913426637649536,0.004544734954833984,0.14724333584308624,0.1477440744638443,0.10498046875,working
L23_N12855,23,12855,lack_of_knowledge,lok_0001,2.8249709606170654,2.8340506553649902,0.009079694747924805,0.2386796474456787,0.24228179454803467,0.10498046875,working
L23_N12855,23,12855,lack_of_knowledge,lok_0002,3.1003873348236084,3.0992722511291504,-0.0011150836944580078,0.2314060479402542,0.23379357159137726,0.10498046875,working
L23_N12855,23,12855,lack_of_knowledge,lok_0003,2.249481439590454,2.2460899353027344,-0.0033915042877197266,0.2636534869670868,0.26440051198005676,0.10498046875,working
L23_N12855,23,12855,lack_of_knowledge,lok_0004,2.493800163269043,2.498638153076172,0.004837989807128906,0.311267614364624,0.31080517172813416,0.10498046875,working
L23_N12855,23,12855,lack_of_knowledge,lok_0005,2.7805252075195312,2.8096580505371094,0.029132843017578125,0.3278445303440094,0.3159394860267639,0.10498046875,working
L23_N12855,23,12855,lack_of_knowledge,lok_0006,2.244798183441162,2.289287567138672,0.044489383697509766,0.36405470967292786,0.3418022692203522,0.10498046875,working
L23_N12855,23,12855,lack_of_knowledge,lok_0007,4.115026473999023,4.101181983947754,-0.013844490051269531,0.1506902426481247,0.14904850721359253,0.10498046875,working
L23_N12855,23,12855,lack_of_knowledge,lok_0008,2.711564302444458,2.736137866973877,0.024573564529418945,0.2988700866699219,0.2862168252468109,0.10498046875,working
L23_N12855,23,12855,lack_of_knowledge,lok_0009,2.668410539627075,2.658708333969116,-0.009702205657958984,0.3281840980052948,0.32799649238586426,0.10498046875,working
L23_N12855,23,12855,lack_of_knowledge,lok_0010,2.7420661449432373,2.743218421936035,0.0011522769927978516,0.23133890330791473,0.23098300397396088,0.10498046875,working
L23_N12855,23,12855,lack_of_knowledge,lok_0011,1.8690134286880493,1.9471561908721924,0.07814276218414307,0.5327321887016296,0.5018815994262695,0.10498046875,working
L23_N12855,23,12855,lack_of_knowledge,lok_0012,2.662747383117676,2.6627190113067627,-2.8371810913085938e-05,0.24309544265270233,0.2439352124929428,0.10498046875,working
L23_N12855,23,12855,lack_of_knowledge,lok_0013,3.290672779083252,3.2981605529785156,0.007487773895263672,0.28111976385116577,0.2806857228279114,0.10498046875,working
L23_N12855,23,12855,lack_of_knowledge,lok_0014,3.0893006324768066,3.087125539779663,-0.0021750926971435547,0.16240721940994263,0.16261905431747437,0.10498046875,working
L23_N12855,23,12855,lack_of_knowledge,lok_0015,2.6001811027526855,2.5952720642089844,-0.004909038543701172,0.22337457537651062,0.21998174488544464,0.10498046875,working
L23_N12855,23,12855,lack_of_knowledge,lok_0016,3.636564254760742,3.6345298290252686,-0.002034425735473633,0.14686629176139832,0.1474025398492813,0.10498046875,working
L23_N12855,23,12855,lack_of_knowledge,lok_0017,1.7938029766082764,1.6897335052490234,-0.10406947135925293,0.6357941627502441,0.6638325452804565,0.10498046875,working
L23_N12855,23,12855,lack_of_knowledge,lok_0018,3.76168155670166,3.749131202697754,-0.01255035400390625,0.15997152030467987,0.16042552888393402,0.10498046875,working
L23_N12855,23,12855,lack_of_knowledge,lok_0019,2.5667991638183594,2.5650792121887207,-0.0017199516296386719,0.3893742263317108,0.3895361125469208,0.10498046875,working
L23_N12855,23,12855,lack_of_knowledge,lok_0020,2.966003179550171,2.9199094772338867,-0.04609370231628418,0.22749841213226318,0.2500223219394684,0.10498046875,working
L23_N12855,23,12855,lack_of_knowledge,lok_0021,2.526073455810547,2.525277614593506,-0.0007958412170410156,0.22123083472251892,0.22125926613807678,0.10498046875,working
L23_N12855,23,12855,lack_of_knowledge,lok_0022,2.6455888748168945,2.648796319961548,0.0032074451446533203,0.40096139907836914,0.40073543787002563,0.10498046875,working
L23_N12855,23,12855,lack_of_knowledge,lok_0023,1.922859787940979,1.9163310527801514,-0.006528735160827637,0.38112276792526245,0.370682030916214,0.10498046875,working
L23_N12855,23,12855,lack_of_knowledge,lok_0024,2.9470975399017334,2.9449028968811035,-0.002194643020629883,0.214198037981987,0.21430860459804535,0.10498046875,working
L23_N12855,23,12855,lack_of_knowledge,lok_0025,1.5543040037155151,1.5547492504119873,0.00044524669647216797,0.6460787653923035,0.6460452675819397,0.10498046875,working
L23_N12855,23,12855,lack_of_knowledge,lok_0026,2.252201557159424,2.24638295173645,-0.005818605422973633,0.36627739667892456,0.36768409609794617,0.10498046875,working
L23_N12855,23,12855,lack_of_knowledge,lok_0027,2.104827404022217,2.10394287109375,-0.0008845329284667969,0.30361494421958923,0.3040708303451538,0.10498046875,working
L23_N12855,23,12855,lack_of_knowledge,lok_0028,2.2237110137939453,2.22200870513916,-0.0017023086547851562,0.373460054397583,0.3736390173435211,0.10498046875,working
L23_N12855,23,12855,lack_of_knowledge,lok_0029,1.8713101148605347,1.879729151725769,0.008419036865234375,0.3468768000602722,0.3455008864402771,0.10498046875,working
L23_N12855,23,12855,lack_of_knowledge,lok_0030,2.753704309463501,2.7520322799682617,-0.0016720294952392578,0.2713783383369446,0.2714792788028717,0.10498046875,working
L23_N12855,23,12855,lack_of_knowledge,lok_0031,2.2892045974731445,2.355123519897461,0.0659189224243164,0.40870699286460876,0.3878866136074066,0.10498046875,working
L23_N12855,23,12855,lack_of_knowledge,lok_0032,0.7064740061759949,0.6457143425941467,-0.060759663581848145,0.8929246068000793,0.9036270976066589,0.10498046875,working
L23_N12855,23,12855,lack_of_knowledge,lok_0033,2.459549903869629,2.4549806118011475,-0.004569292068481445,0.32558971643447876,0.3265311121940613,0.10498046875,working
L23_N12855,23,12855,lack_of_knowledge,lok_0034,2.452033519744873,2.4496817588806152,-0.0023517608642578125,0.26953449845314026,0.2707957625389099,0.10498046875,working
L23_N12855,23,12855,lack_of_knowledge,lok_0035,3.0634889602661133,3.052156686782837,-0.011332273483276367,0.2370489537715912,0.23493900895118713,0.10498046875,working
L23_N12855,23,12855,lack_of_knowledge,lok_0036,3.002075433731079,3.007188081741333,0.005112648010253906,0.23908543586730957,0.23861956596374512,0.10498046875,working
L23_N12855,23,12855,lack_of_knowledge,lok_0037,2.6400294303894043,2.640822410583496,0.0007929801940917969,0.2704247832298279,0.2701411843299866,0.10498046875,working
L23_N12855,23,12855,lack_of_knowledge,lok_0038,2.911905288696289,2.8566670417785645,-0.05523824691772461,0.43646419048309326,0.4496842622756958,0.10498046875,working
L23_N12855,23,12855,lack_of_knowledge,lok_0039,2.876549005508423,2.9152069091796875,0.03865790367126465,0.37225958704948425,0.35938623547554016,0.10498046875,working
L23_N12855,23,12855,lack_of_knowledge,lok_0040,1.4230759143829346,1.5097088813781738,0.08663296699523926,0.6793196201324463,0.6518518924713135,0.10498046875,working
L23_N12855,23,12855,lack_of_knowledge,lok_0041,2.95888614654541,2.9566049575805664,-0.00228118896484375,0.28017154335975647,0.28030893206596375,0.10498046875,working
L23_N12855,23,12855,lack_of_knowledge,lok_0042,2.4324846267700195,2.4374563694000244,0.004971742630004883,0.21404914557933807,0.21322906017303467,0.10498046875,working
L23_N12855,23,12855,lack_of_knowledge,lok_0043,2.5788180828094482,2.5724310874938965,-0.006386995315551758,0.30127057433128357,0.30163630843162537,0.10498046875,working
L23_N12855,23,12855,lack_of_knowledge,lok_0044,2.6911308765411377,2.697239875793457,0.006108999252319336,0.22111687064170837,0.21249596774578094,0.10498046875,working
L23_N12855,23,12855,lack_of_knowledge,lok_0045,1.9650545120239258,2.046309232711792,0.08125472068786621,0.5035289525985718,0.46730858087539673,0.10498046875,working
L23_N12855,23,12855,lack_of_knowledge,lok_0046,3.460538148880005,3.4597890377044678,-0.0007491111755371094,0.17234964668750763,0.17235887050628662,0.10498046875,working
L23_N12855,23,12855,lack_of_knowledge,lok_0047,2.815678834915161,2.821234703063965,0.005555868148803711,0.23076173663139343,0.22893652319908142,0.10498046875,working
L23_N12855,23,12855,lack_of_knowledge,lok_0048,2.327691078186035,2.3255624771118164,-0.00212860107421875,0.3101983368396759,0.3039715886116028,0.10498046875,working
L23_N12855,23,12855,lack_of_knowledge,lok_0049,3.1199283599853516,3.119370937347412,-0.0005574226379394531,0.2627541720867157,0.26251131296157837,0.10498046875,working
L23_N12855,23,12855,lack_of_knowledge,lok_0050,3.0483131408691406,3.0582292079925537,0.009916067123413086,0.1865970939397812,0.1889522522687912,0.10498046875,working
L23_N12855,23,12855,lack_of_knowledge,lok_0051,3.7176549434661865,3.698223829269409,-0.019431114196777344,0.16761435568332672,0.16661104559898376,0.10498046875,working
L23_N12855,23,12855,lack_of_knowledge,lok_0052,2.293198823928833,2.3007147312164307,0.007515907287597656,0.2652854919433594,0.2758360505104065,0.10498046875,working
L23_N12855,23,12855,lack_of_knowledge,lok_0053,2.503537178039551,2.504150629043579,0.0006134510040283203,0.2919103503227234,0.29134681820869446,0.10498046875,working
L23_N12855,23,12855,lack_of_knowledge,lok_0054,2.9047462940216064,2.929891586303711,0.025145292282104492,0.21120452880859375,0.19997699558734894,0.10498046875,working
L23_N12855,23,12855,lack_of_knowledge,lok_0055,2.6336722373962402,2.630929470062256,-0.002742767333984375,0.29845601320266724,0.29865193367004395,0.10498046875,working
L23_N12855,23,12855,lack_of_knowledge,lok_0056,2.1315324306488037,2.1379964351654053,0.0064640045166015625,0.5574800968170166,0.5560656189918518,0.10498046875,working
L23_N12855,23,12855,lack_of_knowledge,lok_0057,4.396864891052246,4.392305374145508,-0.004559516906738281,0.13338956236839294,0.13345640897750854,0.10498046875,working
L23_N12855,23,12855,lack_of_knowledge,lok_0058,2.2851853370666504,2.2854831218719482,0.00029778480529785156,0.5099014043807983,0.5106166005134583,0.10498046875,working
L23_N12855,23,12855,lack_of_knowledge,lok_0059,2.177844762802124,2.1785764694213867,0.0007317066192626953,0.2158930003643036,0.21644754707813263,0.10498046875,working
L23_N12855,23,12855,lack_of_knowledge,lok_0060,3.3442442417144775,3.3050777912139893,-0.03916645050048828,0.24951548874378204,0.257813960313797,0.10498046875,working
L23_N12855,23,12855,lack_of_knowledge,lok_0061,2.585824489593506,2.5165023803710938,-0.06932210922241211,0.34842970967292786,0.3707446753978729,0.10498046875,working
L23_N12855,23,12855,lack_of_knowledge,lok_0062,2.2484776973724365,2.251673460006714,0.0031957626342773438,0.29464447498321533,0.29212772846221924,0.10498046875,working
L23_N12855,23,12855,lack_of_knowledge,lok_0063,2.9368109703063965,2.929074287414551,-0.007736682891845703,0.3425575792789459,0.34453338384628296,0.10498046875,working
L23_N12855,23,12855,lack_of_knowledge,lok_0064,2.5612192153930664,2.563711643218994,0.0024924278259277344,0.17992129921913147,0.18368397653102875,0.10498046875,working
L23_N12855,23,12855,lack_of_knowledge,lok_0065,3.717409133911133,3.7204697132110596,0.003060579299926758,0.19281595945358276,0.19289644062519073,0.10498046875,working
L23_N12855,23,12855,lack_of_knowledge,lok_0066,3.292851448059082,3.294975757598877,0.002124309539794922,0.3255794942378998,0.330543577671051,0.10498046875,working
L23_N12855,23,12855,lack_of_knowledge,lok_0067,3.1203551292419434,3.105163097381592,-0.015192031860351562,0.2411842942237854,0.24171435832977295,0.10498046875,working
L23_N12855,23,12855,lack_of_knowledge,lok_0068,2.5912985801696777,2.5944929122924805,0.0031943321228027344,0.3096522390842438,0.3084574043750763,0.10498046875,working
L23_N12855,23,12855,lack_of_knowledge,lok_0069,2.371748924255371,2.3766212463378906,0.004872322082519531,0.28834694623947144,0.28731125593185425,0.10498046875,working
L23_N12855,23,12855,lack_of_knowledge,lok_0070,2.536459445953369,2.58219575881958,0.04573631286621094,0.3151390552520752,0.28974100947380066,0.10498046875,working
L23_N12855,23,12855,lack_of_knowledge,lok_0071,2.7114217281341553,2.744320869445801,0.03289914131164551,0.22638347744941711,0.23238949477672577,0.10498046875,working
L23_N12855,23,12855,lack_of_knowledge,lok_0072,2.945474624633789,2.955780267715454,0.010305643081665039,0.22078350186347961,0.2126549631357193,0.10498046875,working
L23_N12855,23,12855,lack_of_knowledge,lok_0073,3.311706066131592,3.31794810295105,0.006242036819458008,0.1539117693901062,0.15633739531040192,0.10498046875,working
L23_N12855,23,12855,lack_of_knowledge,lok_0074,2.3373231887817383,2.3325283527374268,-0.0047948360443115234,0.444598913192749,0.44724544882774353,0.10498046875,working
L23_N12855,23,12855,lack_of_knowledge,lok_0075,2.732898473739624,2.729346513748169,-0.003551959991455078,0.2755686044692993,0.2758508324623108,0.10498046875,working
L23_N12855,23,12855,lack_of_knowledge,lok_0076,2.7133607864379883,2.7108993530273438,-0.0024614334106445312,0.2981022000312805,0.2962193489074707,0.10498046875,working
L23_N12855,23,12855,lack_of_knowledge,lok_0077,2.6673073768615723,2.6895954608917236,0.022288084030151367,0.2877824008464813,0.276851087808609,0.10498046875,working
L23_N12855,23,12855,lack_of_knowledge,lok_0078,2.2790873050689697,2.2823598384857178,0.003272533416748047,0.3307228684425354,0.33135563135147095,0.10498046875,working
L23_N12855,23,12855,lack_of_knowledge,lok_0079,2.241702079772949,2.301955223083496,0.060253143310546875,0.4129316806793213,0.3841046988964081,0.10498046875,working
L23_N12855,23,12855,lack_of_knowledge,lok_0080,2.701868772506714,2.697399854660034,-0.0044689178466796875,0.29091277718544006,0.2916231155395508,0.10498046875,working
L23_N12855,23,12855,lack_of_knowledge,lok_0081,2.630154609680176,2.6226680278778076,-0.007486581802368164,0.2526571750640869,0.253487229347229,0.10498046875,working
L23_N12855,23,12855,lack_of_knowledge,lok_0082,2.4794020652770996,2.486856698989868,0.007454633712768555,0.4859446585178375,0.48525774478912354,0.10498046875,working
L23_N12855,23,12855,lack_of_knowledge,lok_0083,3.205901622772217,3.211552619934082,0.005650997161865234,0.2136554718017578,0.21276070177555084,0.10498046875,working
L23_N12855,23,12855,lack_of_knowledge,lok_0084,2.2095985412597656,2.21026611328125,0.000667572021484375,0.2736474871635437,0.27375689148902893,0.10498046875,held_out
L23_N12855,23,12855,lack_of_knowledge,lok_0085,2.287148952484131,2.2922592163085938,0.005110263824462891,0.5165454149246216,0.5155218839645386,0.10498046875,held_out
L23_N12855,23,12855,lack_of_knowledge,lok_0086,2.2640910148620605,2.3026986122131348,0.03860759735107422,0.2827526330947876,0.2670208215713501,0.10498046875,held_out
L23_N12855,23,12855,lack_of_knowledge,lok_0087,2.3641552925109863,2.369197368621826,0.005042076110839844,0.3289211094379425,0.33184492588043213,0.10498046875,held_out
L23_N12855,23,12855,lack_of_knowledge,lok_0088,2.5307564735412598,2.548555612564087,0.01779913902282715,0.28495776653289795,0.27413877844810486,0.10498046875,held_out
L23_N12855,23,12855,lack_of_knowledge,lok_0089,2.8428843021392822,2.8117880821228027,-0.031096220016479492,0.2343607097864151,0.24167998135089874,0.10498046875,held_out
L23_N12855,23,12855,lack_of_knowledge,lok_0090,2.067660093307495,2.052123546600342,-0.01553654670715332,0.4261133074760437,0.4311518669128418,0.10498046875,held_out
L23_N12855,23,12855,lack_of_knowledge,lok_0091,2.733212471008301,2.735208511352539,0.0019960403442382812,0.3444516658782959,0.34390923380851746,0.10498046875,held_out
L23_N12855,23,12855,lack_of_knowledge,lok_0092,3.0582218170166016,3.045985221862793,-0.012236595153808594,0.19981129467487335,0.21027050912380219,0.10498046875,held_out
L23_N12855,23,12855,lack_of_knowledge,lok_0093,2.717287540435791,2.717268466949463,-1.9073486328125e-05,0.2532733976840973,0.2601615786552429,0.10498046875,held_out
L23_N12855,23,12855,lack_of_knowledge,lok_0094,2.132460594177246,2.131432294845581,-0.001028299331665039,0.28502002358436584,0.28509125113487244,0.10498046875,held_out
L23_N12855,23,12855,lack_of_knowledge,lok_0095,2.44497013092041,2.433905601501465,-0.011064529418945312,0.26511991024017334,0.2562061846256256,0.10498046875,held_out
L23_N12855,23,12855,lack_of_knowledge,lok_0096,1.895049810409546,1.8924145698547363,-0.0026352405548095703,0.4387989044189453,0.43904823064804077,0.10498046875,held_out
L23_N12855,23,12855,lack_of_knowledge,lok_0097,3.1339588165283203,3.137457847595215,0.0034990310668945312,0.2454637587070465,0.24466192722320557,0.10498046875,held_out
L23_N12855,23,12855,lack_of_knowledge,lok_0098,3.102553367614746,3.0943429470062256,-0.008210420608520508,0.27237218618392944,0.27358177304267883,0.10498046875,held_out
L23_N12855,23,12855,lack_of_knowledge,lok_0099,3.007906436920166,3.020690679550171,0.012784242630004883,0.2266935557126999,0.21736553311347961,0.10498046875,held_out
L23_N12855,23,12855,lack_of_knowledge,lok_0100,3.406787872314453,3.373995304107666,-0.03279256820678711,0.26816415786743164,0.28009936213493347,0.10498046875,held_out
L23_N12855,23,12855,lack_of_knowledge,lok_0101,1.8872756958007812,1.8976054191589355,0.010329723358154297,0.5120028853416443,0.5091031193733215,0.10498046875,held_out
L23_N12855,23,12855,lack_of_knowledge,lok_0102,2.6861648559570312,2.6982922554016113,0.012127399444580078,0.2716147005558014,0.27621525526046753,0.10498046875,held_out
L23_N12855,23,12855,lack_of_knowledge,lok_0103,2.4825572967529297,2.478250503540039,-0.004306793212890625,0.246735081076622,0.24968351423740387,0.10498046875,held_out
L23_N12855,23,12855,lack_of_knowledge,lok_0104,2.4228668212890625,2.4270403385162354,0.0041735172271728516,0.23433850705623627,0.23310455679893494,0.10498046875,held_out
L23_N12855,23,12855,lack_of_knowledge,lok_0105,2.0768651962280273,2.084789514541626,0.007924318313598633,0.2821453809738159,0.27831578254699707,0.10498046875,held_out
L23_N12855,23,12855,lack_of_knowledge,lok_0106,3.1305816173553467,3.1827807426452637,0.05219912528991699,0.2826291620731354,0.25754910707473755,0.10498046875,held_out
L23_N12855,23,12855,lack_of_knowledge,lok_0107,3.3110029697418213,3.3023767471313477,-0.008626222610473633,0.2635786533355713,0.25857651233673096,0.10498046875,held_out
L23_N12855,23,12855,lack_of_knowledge,lok_0108,3.6194231510162354,3.6086342334747314,-0.010788917541503906,0.214120551943779,0.21387098729610443,0.10498046875,held_out
L23_N12855,23,12855,lack_of_knowledge,lok_0109,1.9952112436294556,2.0148885250091553,0.019677281379699707,0.31463712453842163,0.3259047865867615,0.10498046875,held_out
L23_N12855,23,12855,lack_of_knowledge,lok_0110,2.602980136871338,2.598966598510742,-0.004013538360595703,0.23165905475616455,0.23182374238967896,0.10498046875,held_out
L23_N12855,23,12855,lack_of_knowledge,lok_0111,2.431495189666748,2.4285881519317627,-0.0029070377349853516,0.31492727994918823,0.3151385188102722,0.10498046875,held_out
L23_N12855,23,12855,lack_of_knowledge,lok_0112,2.402334451675415,2.40128755569458,-0.001046895980834961,0.38672342896461487,0.38683590292930603,0.10498046875,held_out
L23_N12855,23,12855,lack_of_knowledge,lok_0113,2.746509552001953,2.7255337238311768,-0.020975828170776367,0.220510795712471,0.22771687805652618,0.10498046875,held_out
L23_N12855,23,12855,lack_of_knowledge,lok_0114,1.8042078018188477,1.8057565689086914,0.00154876708984375,0.36461204290390015,0.3645343482494354,0.10498046875,held_out
L23_N12855,23,12855,lack_of_knowledge,lok_0115,2.9469594955444336,2.875850200653076,-0.07110929489135742,0.30013546347618103,0.32366788387298584,0.10498046875,held_out
L23_N12855,23,12855,lack_of_knowledge,lok_0116,2.007812023162842,2.003098964691162,-0.0047130584716796875,0.5500673651695251,0.5512868762016296,0.10498046875,held_out
L23_N12855,23,12855,lack_of_knowledge,lok_0117,3.192384958267212,3.1533498764038086,-0.03903508186340332,0.2453351616859436,0.2549327313899994,0.10498046875,held_out
L23_N12855,23,12855,lack_of_knowledge,lok_0118,3.4750897884368896,3.516300678253174,0.04121088981628418,0.18571816384792328,0.17895402014255524,0.10498046875,held_out
L23_N12855,23,12855,lack_of_knowledge,lok_0119,2.428151845932007,2.419095754623413,-0.00905609130859375,0.2608487904071808,0.250958651304245,0.10498046875,held_out
L30_N13647,30,13647,lack_of_knowledge,lok_0000,3.908881902694702,3.9213449954986572,0.012463092803955078,0.14724333584308624,0.1479770392179489,0.357421875,working
L30_N13647,30,13647,lack_of_knowledge,lok_0001,2.8249709606170654,2.8231563568115234,-0.0018146038055419922,0.2386796474456787,0.23969992995262146,0.357421875,working
L30_N13647,30,13647,lack_of_knowledge,lok_0002,3.1003873348236084,3.1036338806152344,0.0032465457916259766,0.2314060479402542,0.23107481002807617,0.357421875,working
L30_N13647,30,13647,lack_of_knowledge,lok_0003,2.249481439590454,2.273890733718872,0.02440929412841797,0.2636534869670868,0.2724979817867279,0.357421875,working
L30_N13647,30,13647,lack_of_knowledge,lok_0004,2.493800163269043,2.494791030883789,0.0009908676147460938,0.311267614364624,0.31120094656944275,0.357421875,working
L30_N13647,30,13647,lack_of_knowledge,lok_0005,2.7805252075195312,2.7854535579681396,0.0049283504486083984,0.3278445303440094,0.32723820209503174,0.357421875,working
L30_N13647,30,13647,lack_of_knowledge,lok_0006,2.244798183441162,2.238762617111206,-0.006035566329956055,0.36405470967292786,0.3658859133720398,0.357421875,working
L30_N13647,30,13647,lack_of_knowledge,lok_0007,4.115026473999023,4.115703582763672,0.0006771087646484375,0.1506902426481247,0.15046244859695435,0.357421875,working
L30_N13647,30,13647,lack_of_knowledge,lok_0008,2.711564302444458,2.7104673385620117,-0.001096963882446289,0.2988700866699219,0.2989233434200287,0.357421875,working
L30_N13647,30,13647,lack_of_knowledge,lok_0009,2.668410539627075,2.6656649112701416,-0.0027456283569335938,0.3281840980052948,0.3286113142967224,0.357421875,working
L30_N13647,30,13647,lack_of_knowledge,lok_0010,2.7420661449432373,2.7430410385131836,0.0009748935699462891,0.23133890330791473,0.23116229474544525,0.357421875,working
L30_N13647,30,13647,lack_of_knowledge,lok_0011,1.8690134286880493,1.867514729499817,-0.0014986991882324219,0.5327321887016296,0.5329964756965637,0.357421875,working
L30_N13647,30,13647,lack_of_knowledge,lok_0012,2.662747383117676,2.662809133529663,6.175041198730469e-05,0.24309544265270233,0.24411673843860626,0.357421875,working
L30_N13647,30,13647,lack_of_knowledge,lok_0013,3.290672779083252,3.2916946411132812,0.0010218620300292969,0.28111976385116577,0.28080734610557556,0.357421875,working
L30_N13647,30,13647,lack_of_knowledge,lok_0014,3.0893006324768066,3.086721897125244,-0.0025787353515625,0.16240721940994263,0.16250362992286682,0.357421875,working
L30_N13647,30,13647,lack_of_knowledge,lok_0015,2.6001811027526855,2.601315975189209,0.0011348724365234375,0.22337457537651062,0.2233109027147293,0.357421875,working
L30_N13647,30,13647,lack_of_knowledge,lok_0016,3.636564254760742,3.6496353149414062,0.013071060180664062,0.14686629176139832,0.14884382486343384,0.357421875,working
L30_N13647,30,13647,lack_of_knowledge,lok_0017,1.7938029766082764,1.7899281978607178,-0.0038747787475585938,0.6357941627502441,0.6366255283355713,0.357421875,working
L30_N13647,30,13647,lack_of_knowledge,lok_0018,3.76168155670166,3.7615609169006348,-0.00012063980102539062,0.15997152030467987,0.15989379584789276,0.357421875,working
L30_N13647,30,13647,lack_of_knowledge,lok_0019,2.5667991638183594,2.56592059135437,-0.0008785724639892578,0.3893742263317108,0.3895074129104614,0.357421875,working
L30_N13647,30,13647,lack_of_knowledge,lok_0020,2.966003179550171,2.96467924118042,-0.0013239383697509766,0.22749841213226318,0.22759810090065002,0.357421875,working
L30_N13647,30,13647,lack_of_knowledge,lok_0021,2.526073455810547,2.5312535762786865,0.0051801204681396484,0.22123083472251892,0.21996772289276123,0.357421875,working
L30_N13647,30,13647,lack_of_knowledge,lok_0022,2.6455888748168945,2.6501801013946533,0.004591226577758789,0.40096139907836914,0.4074765741825104,0.357421875,working
L30_N13647,30,13647,lack_of_knowledge,lok_0023,1.922859787940979,1.9150807857513428,-0.0077790021896362305,0.38112276792526245,0.3708125352859497,0.357421875,working
L30_N13647,30,13647,lack_of_knowledge,lok_0024,2.9470975399017334,2.9331257343292236,-0.013971805572509766,0.214198037981987,0.21038664877414703,0.357421875,working
L30_N13647,30,13647,lack_of_knowledge,lok_0025,1.5543040037155151,1.560603141784668,0.006299138069152832,0.6460787653923035,0.6448944807052612,0.357421875,working
L30_N13647,30,13647,lack_of_knowledge,lok_0026,2.252201557159424,2.2480363845825195,-0.004165172576904297,0.36627739667892456,0.3687622547149658,0.357421875,working
L30_N13647,30,13647,lack_of_knowledge,lok_0027,2.104827404022217,2.1109871864318848,0.006159782409667969,0.30361494421958923,0.3024468719959259,0.357421875,working
L30_N13647,30,13647,lack_of_knowledge,lok_0028,2.2237110137939453,2.223923683166504,0.00021266937255859375,0.373460054397583,0.3734791576862335,0.357421875,working
L30_N13647,30,13647,lack_of_knowledge,lok_0029,1.8713101148605347,1.8721163272857666,0.0008062124252319336,0.3468768000602722,0.3467995524406433,0.357421875,working
L30_N13647,30,13647,lack_of_knowledge,lok_0030,2.753704309463501,2.7539725303649902,0.0002682209014892578,0.2713783383369446,0.27037951350212097,0.357421875,working
L30_N13647,30,13647,lack_of_knowledge,lok_0031,2.2892045974731445,2.2914702892303467,0.0022656917572021484,0.40870699286460876,0.4071425199508667,0.357421875,working
L30_N13647,30,13647,lack_of_knowledge,lok_0032,0.7064740061759949,0.6482746601104736,-0.05819934606552124,0.8929246068000793,0.9031928777694702,0.357421875,working
L30_N13647,30,13647,lack_of_knowledge,lok_0033,2.459549903869629,2.4580156803131104,-0.0015342235565185547,0.32558971643447876,0.32591018080711365,0.357421875,working
L30_N13647,30,13647,lack_of_knowledge,lok_0034,2.452033519744873,2.448011875152588,-0.004021644592285156,0.26953449845314026,0.2709311246871948,0.357421875,working
L30_N13647,30,13647,lack_of_knowledge,lok_0035,3.0634889602661133,3.065678596496582,0.00218963623046875,0.2370489537715912,0.23692868649959564,0.357421875,working
L30_N13647,30,13647,lack_of_knowledge,lok_0036,3.002075433731079,3.001300811767578,-0.0007746219635009766,0.23908543586730957,0.2373756319284439,0.357421875,working
L30_N13647,30,13647,lack_of_knowledge,lok_0037,2.6400294303894043,2.640164375305176,0.00013494491577148438,0.2704247832298279,0.27048245072364807,0.357421875,working
L30_N13647,30,13647,lack_of_knowledge,lok_0038,2.911905288696289,2.908986806869507,-0.0029184818267822266,0.43646419048309326,0.4391903579235077,0.357421875,working
L30_N13647,30,13647,lack_of_knowledge,lok_0039,2.876549005508423,2.87890887260437,0.0023598670959472656,0.37225958704948425,0.3729976415634155,0.357421875,working
L30_N13647,30,13647,lack_of_knowledge,lok_0040,1.4230759143829346,1.4217796325683594,-0.0012962818145751953,0.6793196201324463,0.6795948147773743,0.357421875,working
L30_N13647,30,13647,lack_of_knowledge,lok_0041,2.95888614654541,2.959597587585449,0.0007114410400390625,0.28017154335975647,0.2801380753517151,0.357421875,working
L30_N13647,30,13647,lack_of_knowledge,lok_0042,2.4324846267700195,2.4346137046813965,0.002129077911376953,0.21404914557933807,0.21350333094596863,0.357421875,working
L30_N13647,30,13647,lack_of_knowledge,lok_0043,2.5788180828094482,2.5791478157043457,0.00032973289489746094,0.30127057433128357,0.30105626583099365,0.357421875,working
L30_N13647,30,13647,lack_of_knowledge,lok_0044,2.6911308765411377,2.6766746044158936,-0.01445627212524414,0.22111687064170837,0.2192905694246292,0.357421875,working
L30_N13647,30,13647,lack_of_knowledge,lok_0045,1.9650545120239258,1.9701144695281982,0.005059957504272461,0.5035289525985718,0.49847733974456787,0.357421875,working
L30_N13647,30,13647,lack_of_knowledge,lok_0046,3.460538148880005,3.4607033729553223,0.0001652240753173828,0.17234964668750763,0.17235887050628662,0.357421875,working
L30_N13647,30,13647,lack_of_knowledge,lok_0047,2.815678834915161,2.817739486694336,0.0020606517791748047,0.23076173663139343,0.22972393035888672,0.357421875,working
L30_N13647,30,13647,lack_of_knowledge,lok_0048,2.327691078186035,2.3280603885650635,0.0003693103790283203,0.3101983368396759,0.3101598918437958,0.357421875,working
L30_N13647,30,13647,lack_of_knowledge,lok_0049,3.1199283599853516,3.1006083488464355,-0.019320011138916016,0.2627541720867157,0.2609446048736572,0.357421875,working
L30_N13647,30,13647,lack_of_knowledge,lok_0050,3.0483131408691406,3.034158229827881,-0.014154911041259766,0.1865970939397812,0.19611571729183197,0.357421875,working
L30_N13647,30,13647,lack_of_knowledge,lok_0051,3.7176549434661865,3.71128511428833,-0.006369829177856445,0.16761435568332672,0.16599710285663605,0.357421875,working
L30_N13647,30,13647,lack_of_knowledge,lok_0052,2.293198823928833,2.2949509620666504,0.0017521381378173828,0.2652854919433594,0.2650371789932251,0.357421875,working
L30_N13647,30,13647,lack_of_knowledge,lok_0053,2.503537178039551,2.502784252166748,-0.0007529258728027344,0.2919103503227234,0.2920054495334625,0.357421875,working
L30_N13647,30,13647,lack_of_knowledge,lok_0054,2.9047462940216064,2.9214088916778564,0.01666259765625,0.21120452880859375,0.20229172706604004,0.357421875,working
L30_N13647,30,13647,lack_of_knowledge,lok_0055,2.6336722373962402,2.6335558891296387,-0.0001163482666015625,0.29845601320266724,0.29848232865333557,0.357421875,working
L30_N13647,30,13647,lack_of_knowledge,lok_0056,2.1315324306488037,2.1472368240356445,0.01570439338684082,0.5574800968170166,0.5541170835494995,0.357421875,working
L30_N13647,30,13647,lack_of_knowledge,lok_0057,4.396864891052246,4.398136138916016,0.0012712478637695312,0.13338956236839294,0.1329583078622818,0.357421875,working
L30_N13647,30,13647,lack_of_knowledge,lok_0058,2.2851853370666504,2.2829933166503906,-0.0021920204162597656,0.5099014043807983,0.5101444721221924,0.357421875,working
L30_N13647,30,13647,lack_of_knowledge,lok_0059,2.177844762802124,2.1894898414611816,0.011645078659057617,0.2158930003643036,0.2223626971244812,0.357421875,working
L30_N13647,30,13647,lack_of_knowledge,lok_0060,3.3442442417144775,3.3477485179901123,0.0035042762756347656,0.24951548874378204,0.2491205930709839,0.357421875,working
L30_N13647,30,13647,lack_of_knowledge,lok_0061,2.585824489593506,2.5848379135131836,-0.0009865760803222656,0.34842970967292786,0.34811726212501526,0.357421875,working
L30_N13647,30,13647,lack_of_knowledge,lok_0062,2.2484776973724365,2.2494797706604004,0.0010020732879638672,0.29464447498321533,0.2989863157272339,0.357421875,working
L30_N13647,30,13647,lack_of_knowledge,lok_0063,2.9368109703063965,2.973483085632324,0.036672115325927734,0.3425575792789459,0.32911986112594604,0.357421875,working
L30_N13647,30,13647,lack_of_knowledge,lok_0064,2.5612192153930664,2.551921844482422,-0.009297370910644531,0.17992129921913147,0.17650106549263,0.357421875,working
L30_N13647,30,13647,lack_of_knowledge,lok_0065,3.717409133911133,3.715693950653076,-0.0017151832580566406,0.19281595945358276,0.191704660654068,0.357421875,working
L30_N13647,30,13647,lack_of_knowledge,lok_0066,3.292851448059082,3.297287702560425,0.0044362545013427734,0.3255794942378998,0.3268997371196747,0.357421875,working
L30_N13647,30,13647,lack_of_knowledge,lok_0067,3.1203551292419434,3.115542411804199,-0.004812717437744141,0.2411842942237854,0.23951689898967743,0.357421875,working
L30_N13647,30,13647,lack_of_knowledge,lok_0068,2.5912985801696777,2.5881457328796387,-0.0031528472900390625,0.3096522390842438,0.3100871443748474,0.357421875,working
L30_N13647,30,13647,lack_of_knowledge,lok_0069,2.371748924255371,2.3711347579956055,-0.000614166259765625,0.28834694623947144,0.2884488105773926,0.357421875,working
L30_N13647,30,13647,lack_of_knowledge,lok_0070,2.536459445953369,2.5804851055145264,0.04402565956115723,0.3151390552520752,0.2903534770011902,0.357421875,working
L30_N13647,30,13647,lack_of_knowledge,lok_0071,2.7114217281341553,2.716914176940918,0.005492448806762695,0.22638347744941711,0.22571898996829987,0.357421875,working
L30_N13647,30,13647,lack_of_knowledge,lok_0072,2.945474624633789,2.9451518058776855,-0.0003228187561035156,0.22078350186347961,0.22211796045303345,0.357421875,working
L30_N13647,30,13647,lack_of_knowledge,lok_0073,3.311706066131592,3.3054261207580566,-0.006279945373535156,0.1539117693901062,0.1543547511100769,0.357421875,working
L30_N13647,30,13647,lack_of_knowledge,lok_0074,2.3373231887817383,2.3353934288024902,-0.0019297599792480469,0.444598913192749,0.4465677738189697,0.357421875,working
L30_N13647,30,13647,lack_of_knowledge,lok_0075,2.732898473739624,2.741255521774292,0.008357048034667969,0.2755686044692993,0.27981528639793396,0.357421875,working
L30_N13647,30,13647,lack_of_knowledge,lok_0076,2.7133607864379883,2.716146945953369,0.0027861595153808594,0.2981022000312805,0.29481810331344604,0.357421875,working
L30_N13647,30,13647,lack_of_knowledge,lok_0077,2.6673073768615723,2.6919260025024414,0.02461862564086914,0.2877824008464813,0.27523568272590637,0.357421875,working
L30_N13647,30,13647,lack_of_knowledge,lok_0078,2.2790873050689697,2.283172845840454,0.004085540771484375,0.3307228684425354,0.3297368884086609,0.357421875,working
L30_N13647,30,13647,lack_of_knowledge,lok_0079,2.241702079772949,2.238513708114624,-0.0031883716583251953,0.4129316806793213,0.4134577512741089,0.357421875,working
L30_N13647,30,13647,lack_of_knowledge,lok_0080,2.701868772506714,2.7000396251678467,-0.0018291473388671875,0.29091277718544006,0.29130879044532776,0.357421875,working
L30_N13647,30,13647,lack_of_knowledge,lok_0081,2.630154609680176,2.629420280456543,-0.0007343292236328125,0.2526571750640869,0.2527332901954651,0.357421875,working
L30_N13647,30,13647,lack_of_knowledge,lok_0082,2.4794020652770996,2.4824166297912598,0.0030145645141601562,0.4859446585178375,0.4855231046676636,0.357421875,working
L30_N13647,30,13647,lack_of_knowledge,lok_0083,3.205901622772217,3.2079405784606934,0.0020389556884765625,0.2136554718017578,0.21353261172771454,0.357421875,working
L30_N13647,30,13647,lack_of_knowledge,lok_0084,2.2095985412597656,2.2115159034729004,0.0019173622131347656,0.2736474871635437,0.27337518334388733,0.357421875,held_out
L30_N13647,30,13647,lack_of_knowledge,lok_0085,2.287148952484131,2.2907814979553223,0.0036325454711914062,0.5165454149246216,0.5162028670310974,0.357421875,held_out
L30_N13647,30,13647,lack_of_knowledge,lok_0086,2.2640910148620605,2.266378402709961,0.0022873878479003906,0.2827526330947876,0.28255683183670044,0.357421875,held_out
L30_N13647,30,13647,lack_of_knowledge,lok_0087,2.3641552925109863,2.3622939586639404,-0.0018613338470458984,0.3289211094379425,0.32349902391433716,0.357421875,held_out
L30_N13647,30,13647,lack_of_knowledge,lok_0088,2.5307564735412598,2.529480218887329,-0.001276254653930664,0.28495776653289795,0.2853696942329407,0.357421875,held_out
L30_N13647,30,13647,lack_of_knowledge,lok_0089,2.8428843021392822,2.844373941421509,0.0014896392822265625,0.2343607097864151,0.23386608064174652,0.357421875,held_out
L30_N13647,30,13647,lack_of_knowledge,lok_0090,2.067660093307495,2.0542969703674316,-0.013363122940063477,0.4261133074760437,0.43088576197624207,0.357421875,held_out
L30_N13647,30,13647,lack_of_knowledge,lok_0091,2.733212471008301,2.736234426498413,0.0030219554901123047,0.3444516658782959,0.3464909493923187,0.357421875,held_out
L30_N13647,30,13647,lack_of_knowledge,lok_0092,3.0582218170166016,3.056241035461426,-0.0019807815551757812,0.19981129467487335,0.19979718327522278,0.357421875,held_out
L30_N13647,30,13647,lack_of_knowledge,lok_0093,2.717287540435791,2.709848403930664,-0.007439136505126953,0.2532733976840973,0.2505097985267639,0.357421875,held_out
L30_N13647,30,13647,lack_of_knowledge,lok_0094,2.132460594177246,2.133538007736206,0.001077413558959961,0.28502002358436584,0.28431540727615356,0.357421875,held_out
L30_N13647,30,13647,lack_of_knowledge,lok_0095,2.44497013092041,2.436168670654297,-0.008801460266113281,0.26511991024017334,0.26134926080703735,0.357421875,held_out
L30_N13647,30,13647,lack_of_knowledge,lok_0096,1.895049810409546,1.8869109153747559,-0.008138895034790039,0.4387989044189453,0.44070377945899963,0.357421875,held_out
L30_N13647,30,13647,lack_of_knowledge,lok_0097,3.1339588165283203,3.140519857406616,0.0065610408782958984,0.2454637587070465,0.24740538001060486,0.357421875,held_out
L30_N13647,30,13647,lack_of_knowledge,lok_0098,3.102553367614746,3.0850024223327637,-0.017550945281982422,0.27237218618392944,0.2686731517314911,0.357421875,held_out
L30_N13647,30,13647,lack_of_knowledge,lok_0099,3.007906436920166,3.036247491836548,0.028341054916381836,0.2266935557126999,0.21908365190029144,0.357421875,held_out
L30_N13647,30,13647,lack_of_knowledge,lok_0100,3.406787872314453,3.3695549964904785,-0.03723287582397461,0.26816415786743164,0.28077754378318787,0.357421875,held_out
L30_N13647,30,13647,lack_of_knowledge,lok_0101,1.8872756958007812,1.8896437883377075,0.0023680925369262695,0.5120028853416443,0.503234326839447,0.357421875,held_out
L30_N13647,30,13647,lack_of_knowledge,lok_0102,2.6861648559570312,2.684345006942749,-0.0018198490142822266,0.2716147005558014,0.2719342112541199,0.357421875,held_out
L30_N13647,30,13647,lack_of_knowledge,lok_0103,2.4825572967529297,2.4677906036376953,-0.014766693115234375,0.246735081076622,0.24679838120937347,0.357421875,held_out
L30_N13647,30,13647,lack_of_knowledge,lok_0104,2.4228668212890625,2.4324769973754883,0.009610176086425781,0.23433850705623627,0.23255400359630585,0.357421875,held_out
L30_N13647,30,13647,lack_of_knowledge,lok_0105,2.0768651962280273,2.0802345275878906,0.0033693313598632812,0.2821453809738159,0.27917736768722534,0.357421875,held_out
L30_N13647,30,13647,lack_of_knowledge,lok_0106,3.1305816173553467,3.131690740585327,0.0011091232299804688,0.2826291620731354,0.2825126051902771,0.357421875,held_out
L30_N13647,30,13647,lack_of_knowledge,lok_0107,3.3110029697418213,3.3085975646972656,-0.002405405044555664,0.2635786533355713,0.26170724630355835,0.357421875,held_out
L30_N13647,30,13647,lack_of_knowledge,lok_0108,3.6194231510162354,3.624699592590332,0.00527644157409668,0.214120551943779,0.21573516726493835,0.357421875,held_out
L30_N13647,30,13647,lack_of_knowledge,lok_0109,1.9952112436294556,1.9941515922546387,-0.0010596513748168945,0.31463712453842163,0.3146984577178955,0.357421875,held_out
L30_N13647,30,13647,lack_of_knowledge,lok_0110,2.602980136871338,2.6046507358551025,0.0016705989837646484,0.23165905475616455,0.23155902326107025,0.357421875,held_out
L30_N13647,30,13647,lack_of_knowledge,lok_0111,2.431495189666748,2.429562568664551,-0.0019326210021972656,0.31492727994918823,0.3154331147670746,0.357421875,held_out
L30_N13647,30,13647,lack_of_knowledge,lok_0112,2.402334451675415,2.4020133018493652,-0.0003211498260498047,0.38672342896461487,0.386715829372406,0.357421875,held_out
L30_N13647,30,13647,lack_of_knowledge,lok_0113,2.746509552001953,2.7484312057495117,0.0019216537475585938,0.220510795712471,0.2202879637479782,0.357421875,held_out
L30_N13647,30,13647,lack_of_knowledge,lok_0114,1.8042078018188477,1.8056962490081787,0.0014884471893310547,0.36461204290390015,0.36446860432624817,0.357421875,held_out
L30_N13647,30,13647,lack_of_knowledge,lok_0115,2.9469594955444336,2.87589693069458,-0.07106256484985352,0.30013546347618103,0.32731691002845764,0.357421875,held_out
L30_N13647,30,13647,lack_of_knowledge,lok_0116,2.007812023162842,2.001102924346924,-0.006709098815917969,0.5500673651695251,0.5526718497276306,0.357421875,held_out
L30_N13647,30,13647,lack_of_knowledge,lok_0117,3.192384958267212,3.1738266944885254,-0.018558263778686523,0.2453351616859436,0.2410806566476822,0.357421875,held_out
L30_N13647,30,13647,lack_of_knowledge,lok_0118,3.4750897884368896,3.4723916053771973,-0.002698183059692383,0.18571816384792328,0.18444456160068512,0.357421875,held_out
L30_N13647,30,13647,lack_of_knowledge,lok_0119,2.428151845932007,2.411937952041626,-0.01621389389038086,0.2608487904071808,0.254621684551239,0.357421875,held_out
L20_N12894,20,12894,lack_of_knowledge,lok_0000,3.908881902694702,3.9043126106262207,-0.004569292068481445,0.14724333584308624,0.14627063274383545,0.1025390625,working
L20_N12894,20,12894,lack_of_knowledge,lok_0001,2.8249709606170654,2.8357276916503906,0.010756731033325195,0.2386796474456787,0.24127112329006195,0.1025390625,working
L20_N12894,20,12894,lack_of_knowledge,lok_0002,3.1003873348236084,3.110055685043335,0.009668350219726562,0.2314060479402542,0.2382214516401291,0.1025390625,working
L20_N12894,20,12894,lack_of_knowledge,lok_0003,2.249481439590454,2.266937017440796,0.017455577850341797,0.2636534869670868,0.27392756938934326,0.1025390625,working
L20_N12894,20,12894,lack_of_knowledge,lok_0004,2.493800163269043,2.4895544052124023,-0.004245758056640625,0.311267614364624,0.3114754855632782,0.1025390625,working
L20_N12894,20,12894,lack_of_knowledge,lok_0005,2.7805252075195312,2.8213818073272705,0.04085659980773926,0.3278445303440094,0.31887462735176086,0.1025390625,working
L20_N12894,20,12894,lack_of_knowledge,lok_0006,2.244798183441162,2.2383008003234863,-0.006497383117675781,0.36405470967292786,0.36517006158828735,0.1025390625,working
L20_N12894,20,12894,lack_of_knowledge,lok_0007,4.115026473999023,4.111222267150879,-0.0038042068481445312,0.1506902426481247,0.1505185067653656,0.1025390625,working
L20_N12894,20,12894,lack_of_knowledge,lok_0008,2.711564302444458,2.697089433670044,-0.014474868774414062,0.2988700866699219,0.2932725250720978,0.1025390625,working
L20_N12894,20,12894,lack_of_knowledge,lok_0009,2.668410539627075,2.668050765991211,-0.0003597736358642578,0.3281840980052948,0.3279801607131958,0.1025390625,working
L20_N12894,20,12894,lack_of_knowledge,lok_0010,2.7420661449432373,2.7269725799560547,-0.015093564987182617,0.23133890330791473,0.22850269079208374,0.1025390625,working
L20_N12894,20,12894,lack_of_knowledge,lok_0011,1.8690134286880493,1.9298099279403687,0.060796499252319336,0.5327321887016296,0.5130981802940369,0.1025390625,working
L20_N12894,20,12894,lack_of_knowledge,lok_0012,2.662747383117676,2.6599011421203613,-0.002846240997314453,0.24309544265270233,0.2446005791425705,0.1025390625,working
L20_N12894,20,12894,lack_of_knowledge,lok_0013,3.290672779083252,3.2942490577697754,0.0035762786865234375,0.28111976385116577,0.2833845913410187,0.1025390625,working
L20_N12894,20,12894,lack_of_knowledge,lok_0014,3.0893006324768066,3.066131591796875,-0.02316904067993164,0.16240721940994263,0.1696397066116333,0.1025390625,working
L20_N12894,20,12894,lack_of_knowledge,lok_0015,2.6001811027526855,2.5980069637298584,-0.0021741390228271484,0.22337457537651062,0.22086305916309357,0.1025390625,working
L20_N12894,20,12894,lack_of_knowledge,lok_0016,3.636564254760742,3.6432838439941406,0.0067195892333984375,0.14686629176139832,0.15112434327602386,0.1025390625,working
L20_N12894,20,12894,lack_of_knowledge,lok_0017,1.7938029766082764,1.6915067434310913,-0.10229623317718506,0.6357941627502441,0.6635442972183228,0.1025390625,working
L20_N12894,20,12894,lack_of_knowledge,lok_0018,3.76168155670166,3.765842914581299,0.004161357879638672,0.15997152030467987,0.15988689661026,0.1025390625,working
L20_N12894,20,12894,lack_of_knowledge,lok_0019,2.5667991638183594,2.5633580684661865,-0.0034410953521728516,0.3893742263317108,0.3979595899581909,0.1025390625,working
L20_N12894,20,12894,lack_of_knowledge,lok_0020,2.966003179550171,2.9134864807128906,-0.05251669883728027,0.22749841213226318,0.2532348930835724,0.1025390625,working
L20_N12894,20,12894,lack_of_knowledge,lok_0021,2.526073455810547,2.5259499549865723,-0.00012350082397460938,0.22123083472251892,0.22122953832149506,0.1025390625,working
L20_N12894,20,12894,lack_of_knowledge,lok_0022,2.6455888748168945,2.6540067195892334,0.008417844772338867,0.40096139907836914,0.39730361104011536,0.1025390625,working
L20_N12894,20,12894,lack_of_knowledge,lok_0023,1.922859787940979,1.9148948192596436,-0.00796496868133545,0.38112276792526245,0.37084636092185974,0.1025390625,working
L20_N12894,20,12894,lack_of_knowledge,lok_0024,2.9470975399017334,2.94307541847229,-0.004022121429443359,0.214198037981987,0.21435679495334625,0.1025390625,working
L20_N12894,20,12894,lack_of_knowledge,lok_0025,1.5543040037155151,1.5760554075241089,0.02175140380859375,0.6460787653923035,0.6398622393608093,0.1025390625,working
L20_N12894,20,12894,lack_of_knowledge,lok_0026,2.252201557159424,2.2035884857177734,-0.04861307144165039,0.36627739667892456,0.39016425609588623,0.1025390625,working
L20_N12894,20,12894,lack_of_knowledge,lok_0027,2.104827404022217,2.1073668003082275,0.002539396286010742,0.30361494421958923,0.3033377230167389,0.1025390625,working
L20_N12894,20,12894,lack_of_knowledge,lok_0028,2.2237110137939453,2.2265427112579346,0.002831697463989258,0.373460054397583,0.3728600740432739,0.1025390625,working
L20_N12894,20,12894,lack_of_knowledge,lok_0029,1.8713101148605347,1.870204210281372,-0.0011059045791625977,0.3468768000602722,0.34702351689338684,0.1025390625,working
L20_N12894,20,12894,lack_of_knowledge,lok_0030,2.753704309463501,2.7545111179351807,0.0008068084716796875,0.2713783383369446,0.2703414559364319,0.1025390625,working
L20_N12894,20,12894,lack_of_knowledge,lok_0031,2.2892045974731445,2.364577054977417,0.07537245750427246,0.40870699286460876,0.38540905714035034,0.1025390625,working
L20_N12894,20,12894,lack_of_knowledge,lok_0032,0.7064740061759949,0.6413654088973999,-0.06510859727859497,0.8929246068000793,0.9044822454452515,0.1025390625,working
L20_N12894,20,12894,lack_of_knowledge,lok_0033,2.459549903869629,2.469926357269287,0.010376453399658203,0.32558971643447876,0.32366594672203064,0.1025390625,working
L20_N12894,20,12894,lack_of_knowledge,lok_0034,2.452033519744873,2.456589698791504,0.004556179046630859,0.26953449845314026,0.2684461176395416,0.1025390625,working
L20_N12894,20,12894,lack_of_knowledge,lok_0035,3.0634889602661133,3.05470871925354,-0.008780241012573242,0.2370489537715912,0.23477724194526672,0.1025390625,working
L20_N12894,20,12894,lack_of_knowledge,lok_0036,3.002075433731079,3.008486032485962,0.0064105987548828125,0.23908543586730957,0.23803015053272247,0.1025390625,working
L20_N12894,20,12894,lack_of_knowledge,lok_0037,2.6400294303894043,2.6707894802093506,0.03076004981994629,0.2704247832298279,0.26536911725997925,0.1025390625,working
L20_N12894,20,12894,lack_of_knowledge,lok_0038,2.911905288696289,2.9034180641174316,-0.008487224578857422,0.43646419048309326,0.44365203380584717,0.1025390625,working
L20_N12894,20,12894,lack_of_knowledge,lok_0039,2.876549005508423,2.906208038330078,0.029659032821655273,0.37225958704948425,0.3527160584926605,0.1025390625,working
L20_N12894,20,12894,lack_of_knowledge,lok_0040,1.4230759143829346,1.5052579641342163,0.08218204975128174,0.6793196201324463,0.6539417505264282,0.1025390625,working
L20_N12894,20,12894,lack_of_knowledge,lok_0041,2.95888614654541,2.966008186340332,0.007122039794921875,0.28017154335975647,0.2771652042865753,0.1025390625,working
L20_N12894,20,12894,lack_of_knowledge,lok_0042,2.4324846267700195,2.4386048316955566,0.006120204925537109,0.21404914557933807,0.21318604052066803,0.1025390625,working
L20_N12894,20,12894,lack_of_knowledge,lok_0043,2.5788180828094482,2.5650157928466797,-0.013802289962768555,0.30127057433128357,0.2950546443462372,0.1025390625,working
L20_N12894,20,12894,lack_of_knowledge,lok_0044,2.6911308765411377,2.6980457305908203,0.006914854049682617,0.22111687064170837,0.21236498653888702,0.1025390625,working
L20_N12894,20,12894,lack_of_knowledge,lok_0045,1.9650545120239258,1.97283935546875,0.007784843444824219,0.5035289525985718,0.4977594017982483,0.1025390625,working
L20_N12894,20,12894,lack_of_knowledge,lok_0046,3.460538148880005,3.448057174682617,-0.012480974197387695,0.17234964668750763,0.17092764377593994,0.1025390625,working
L20_N12894,20,12894,lack_of_knowledge,lok_0047,2.815678834915161,2.8294291496276855,0.013750314712524414,0.23076173663139343,0.23135697841644287,0.1025390625,working
L20_N12894,20,12894,lack_of_knowledge,lok_0048,2.327691078186035,2.3098368644714355,-0.01785421371459961,0.3101983368396759,0.2936217486858368,0.1025390625,working
L20_N12894,20,12894,lack_of_knowledge,lok_0049,3.1199283599853516,3.1288657188415527,0.008937358856201172,0.2627541720867157,0.2649356722831726,0.1025390625,working
L20_N12894,20,12894,lack_of_knowledge,lok_0050,3.0483131408691406,3.0588812828063965,0.01056814193725586,0.1865970939397812,0.18891113996505737,0.1025390625,working
L20_N12894,20,12894,lack_of_knowledge,lok_0051,3.7176549434661865,3.7110891342163086,-0.00656580924987793,0.16761435568332672,0.1695702224969864,0.1025390625,working
L20_N12894,20,12894,lack_of_knowledge,lok_0052,2.293198823928833,2.293198823928833,0.0,0.2652854919433594,0.2652854919433594,0.1025390625,working
L20_N12894,20,12894,lack_of_knowledge,lok_0053,2.503537178039551,2.5117733478546143,0.008236169815063477,0.2919103503227234,0.2907921373844147,0.1025390625,working
L20_N12894,20,12894,lack_of_knowledge,lok_0054,2.9047462940216064,2.934908866882324,0.030162572860717773,0.21120452880859375,0.20456786453723907,0.1025390625,working
L20_N12894,20,12894,lack_of_knowledge,lok_0055,2.6336722373962402,2.5648887157440186,-0.06878352165222168,0.29845601320266724,0.318561851978302,0.1025390625,working
L20_N12894,20,12894,lack_of_knowledge,lok_0056,2.1315324306488037,2.1450018882751465,0.013469457626342773,0.5574800968170166,0.5544220805168152,0.1025390625,working
L20_N12894,20,12894,lack_of_knowledge,lok_0057,4.396864891052246,4.397911071777344,0.0010461807250976562,0.13338956236839294,0.13245920836925507,0.1025390625,working
L20_N12894,20,12894,lack_of_knowledge,lok_0058,2.2851853370666504,2.2817788124084473,-0.003406524658203125,0.5099014043807983,0.5112939476966858,0.1025390625,working
L20_N12894,20,12894,lack_of_knowledge,lok_0059,2.177844762802124,2.17681884765625,-0.0010259151458740234,0.2158930003643036,0.21656250953674316,0.1025390625,working
L20_N12894,20,12894,lack_of_knowledge,lok_0060,3.3442442417144775,3.3418359756469727,-0.002408266067504883,0.24951548874378204,0.24985548853874207,0.1025390625,working
L20_N12894,20,12894,lack_of_knowledge,lok_0061,2.585824489593506,2.526845932006836,-0.05897855758666992,0.34842970967292786,0.365057110786438,0.1025390625,working
L20_N12894,20,12894,lack_of_knowledge,lok_0062,2.2484776973724365,2.242781400680542,-0.005696296691894531,0.29464447498321533,0.2995985746383667,0.1025390625,working
L20_N12894,20,12894,lack_of_knowledge,lok_0063,2.9368109703063965,2.9386067390441895,0.0017957687377929688,0.3425575792789459,0.3408716917037964,0.1025390625,working
L20_N12894,20,12894,lack_of_knowledge,lok_0064,2.5612192153930664,2.5565989017486572,-0.00462031364440918,0.17992129921913147,0.1758747696876526,0.1025390625,working
L20_N12894,20,12894,lack_of_knowledge,lok_0065,3.717409133911133,3.6842737197875977,-0.033135414123535156,0.19281595945358276,0.20104697346687317,0.1025390625,working
L20_N12894,20,12894,lack_of_knowledge,lok_0066,3.292851448059082,3.3388867378234863,0.0460352897644043,0.3255794942378998,0.317095547914505,0.1025390625,working
L20_N12894,20,12894,lack_of_knowledge,lok_0067,3.1203551292419434,3.124255895614624,0.003900766372680664,0.2411842942237854,0.2444259077310562,0.1025390625,working
L20_N12894,20,12894,lack_of_knowledge,lok_0068,2.5912985801696777,2.58919095993042,-0.0021076202392578125,0.3096522390842438,0.3101552724838257,0.1025390625,working
L20_N12894,20,12894,lack_of_knowledge,lok_0069,2.371748924255371,2.3743205070495605,0.002571582794189453,0.28834694623947144,0.28818199038505554,0.1025390625,working
L20_N12894,20,12894,lack_of_knowledge,lok_0070,2.536459445953369,2.585665702819824,0.04920625686645508,0.3151390552520752,0.28954455256462097,0.1025390625,working
L20_N12894,20,12894,lack_of_knowledge,lok_0071,2.7114217281341553,2.7473068237304688,0.03588509559631348,0.22638347744941711,0.2314900904893875,0.1025390625,working
L20_N12894,20,12894,lack_of_knowledge,lok_0072,2.945474624633789,2.955190420150757,0.009715795516967773,0.22078350186347961,0.21319806575775146,0.1025390625,working
L20_N12894,20,12894,lack_of_knowledge,lok_0073,3.311706066131592,3.315413475036621,0.003707408905029297,0.1539117693901062,0.15581196546554565,0.1025390625,working
L20_N12894,20,12894,lack_of_knowledge,lok_0074,2.3373231887817383,2.3296735286712646,-0.007649660110473633,0.444598913192749,0.4476671516895294,0.1025390625,working
L20_N12894,20,12894,lack_of_knowledge,lok_0075,2.732898473739624,2.7340052127838135,0.0011067390441894531,0.2755686044692993,0.2714357078075409,0.1025390625,working
L20_N12894,20,12894,lack_of_knowledge,lok_0076,2.7133607864379883,2.710820198059082,-0.00254058837890625,0.2981022000312805,0.2989102602005005,0.1025390625,working
L20_N12894,20,12894,lack_of_knowledge,lok_0077,2.6673073768615723,2.6916005611419678,0.024293184280395508,0.2877824008464813,0.275866836309433,0.1025390625,working
L20_N12894,20,12894,lack_of_knowledge,lok_0078,2.2790873050689697,2.288290023803711,0.009202718734741211,0.3307228684425354,0.32808059453964233,0.1025390625,working
L20_N12894,20,12894,lack_of_knowledge,lok_0079,2.241702079772949,2.2390553951263428,-0.0026466846466064453,0.4129316806793213,0.4136158227920532,0.1025390625,working
L20_N12894,20,12894,lack_of_knowledge,lok_0080,2.701868772506714,2.653547763824463,-0.04832100868225098,0.29091277718544006,0.31560513377189636,0.1025390625,working
L20_N12894,20,12894,lack_of_knowledge,lok_0081,2.630154609680176,2.6223831176757812,-0.007771492004394531,0.2526571750640869,0.2570638656616211,0.1025390625,working
L20_N12894,20,12894,lack_of_knowledge,lok_0082,2.4794020652770996,2.477597713470459,-0.001804351806640625,0.4859446585178375,0.4877506494522095,0.1025390625,working
L20_N12894,20,12894,lack_of_knowledge,lok_0083,3.205901622772217,3.2021522521972656,-0.003749370574951172,0.2136554718017578,0.2136165201663971,0.1025390625,working
L20_N12894,20,12894,lack_of_knowledge,lok_0084,2.2095985412597656,2.2228400707244873,0.01324152946472168,0.2736474871635437,0.2807861566543579,0.1025390625,held_out
L20_N12894,20,12894,lack_of_knowledge,lok_0085,2.287148952484131,2.2892673015594482,0.002118349075317383,0.5165454149246216,0.5163649916648865,0.1025390625,held_out
L20_N12894,20,12894,lack_of_knowledge,lok_0086,2.2640910148620605,2.302701950073242,0.03861093521118164,0.2827526330947876,0.26621782779693604,0.1025390625,held_out
L20_N12894,20,12894,lack_of_knowledge,lok_0087,2.3641552925109863,2.3673014640808105,0.0031461715698242188,0.3289211094379425,0.33260494470596313,0.1025390625,held_out
L20_N12894,20,12894,lack_of_knowledge,lok_0088,2.5307564735412598,2.534062385559082,0.0033059120178222656,0.28495776653289795,0.28464382886886597,0.1025390625,held_out
L20_N12894,20,12894,lack_of_knowledge,lok_0089,2.8428843021392822,2.8189191818237305,-0.023965120315551758,0.2343607097864151,0.23631303012371063,0.1025390625,held_out
L20_N12894,20,12894,lack_of_knowledge,lok_0090,2.067660093307495,2.050778865814209,-0.016881227493286133,0.4261133074760437,0.43157389760017395,0.1025390625,held_out
L20_N12894,20,12894,lack_of_knowledge,lok_0091,2.733212471008301,2.8090524673461914,0.07583999633789062,0.3444516658782959,0.31313538551330566,0.1025390625,held_out
L20_N12894,20,12894,lack_of_knowledge,lok_0092,3.0582218170166016,3.0405092239379883,-0.01771259307861328,0.19981129467487335,0.2081337422132492,0.1025390625,held_out
L20_N12894,20,12894,lack_of_knowledge,lok_0093,2.717287540435791,2.708202838897705,-0.009084701538085938,0.2532733976840973,0.2552832365036011,0.1025390625,held_out
L20_N12894,20,12894,lack_of_knowledge,lok_0094,2.132460594177246,2.1549997329711914,0.022539138793945312,0.28502002358436584,0.261236310005188,0.1025390625,held_out
L20_N12894,20,12894,lack_of_knowledge,lok_0095,2.44497013092041,2.4447615146636963,-0.0002086162567138672,0.26511991024017334,0.2649598717689514,0.1025390625,held_out
L20_N12894,20,12894,lack_of_knowledge,lok_0096,1.895049810409546,1.8865166902542114,-0.008533120155334473,0.4387989044189453,0.4407268464565277,0.1025390625,held_out
L20_N12894,20,12894,lack_of_knowledge,lok_0097,3.1339588165283203,3.138463020324707,0.004504203796386719,0.2454637587070465,0.241720050573349,0.1025390625,held_out
L20_N12894,20,12894,lack_of_knowledge,lok_0098,3.102553367614746,3.0964479446411133,-0.0061054229736328125,0.27237218618392944,0.2710820734500885,0.1025390625,held_out
L20_N12894,20,12894,lack_of_knowledge,lok_0099,3.007906436920166,3.0230844020843506,0.01517796516418457,0.2266935557126999,0.21697601675987244,0.1025390625,held_out
L20_N12894,20,12894,lack_of_knowledge,lok_0100,3.406787872314453,3.3769521713256836,-0.02983570098876953,0.26816415786743164,0.2795107066631317,0.1025390625,held_out
L20_N12894,20,12894,lack_of_knowledge,lok_0101,1.8872756958007812,1.8898954391479492,0.0026197433471679688,0.5120028853416443,0.5032423734664917,0.1025390625,held_out
L20_N12894,20,12894,lack_of_knowledge,lok_0102,2.6861648559570312,2.686863422393799,0.0006985664367675781,0.2716147005558014,0.27116838097572327,0.1025390625,held_out
L20_N12894,20,12894,lack_of_knowledge,lok_0103,2.4825572967529297,2.4862101078033447,0.003652811050415039,0.246735081076622,0.2533987760543823,0.1025390625,held_out
L20_N12894,20,12894,lack_of_knowledge,lok_0104,2.4228668212890625,2.430976629257202,0.008109807968139648,0.23433850705623627,0.23265838623046875,0.1025390625,held_out
L20_N12894,20,12894,lack_of_knowledge,lok_0105,2.0768651962280273,2.0726349353790283,-0.0042302608489990234,0.2821453809738159,0.2823970913887024,0.1025390625,held_out
L20_N12894,20,12894,lack_of_knowledge,lok_0106,3.1305816173553467,3.183372735977173,0.05279111862182617,0.2826291620731354,0.26184186339378357,0.1025390625,held_out
L20_N12894,20,12894,lack_of_knowledge,lok_0107,3.3110029697418213,3.312427520751953,0.001424551010131836,0.2635786533355713,0.26482176780700684,0.1025390625,held_out
L20_N12894,20,12894,lack_of_knowledge,lok_0108,3.6194231510162354,3.6224355697631836,0.003012418746948242,0.214120551943779,0.21580801904201508,0.1025390625,held_out
L20_N12894,20,12894,lack_of_knowledge,lok_0109,1.9952112436294556,1.9931608438491821,-0.0020503997802734375,0.31463712453842163,0.31519874930381775,0.1025390625,held_out
L20_N12894,20,12894,lack_of_knowledge,lok_0110,2.602980136871338,2.595477342605591,-0.00750279426574707,0.23165905475616455,0.23228827118873596,0.1025390625,held_out
L20_N12894,20,12894,lack_of_knowledge,lok_0111,2.431495189666748,2.4265692234039307,-0.004925966262817383,0.31492727994918823,0.3156898021697998,0.1025390625,held_out
L20_N12894,20,12894,lack_of_knowledge,lok_0112,2.402334451675415,2.407557249069214,0.005222797393798828,0.38672342896461487,0.386260986328125,0.1025390625,held_out
L20_N12894,20,12894,lack_of_knowledge,lok_0113,2.746509552001953,2.7220630645751953,-0.024446487426757812,0.220510795712471,0.22931638360023499,0.1025390625,held_out
L20_N12894,20,12894,lack_of_knowledge,lok_0114,1.8042078018188477,1.8079187870025635,0.0037109851837158203,0.36461204290390015,0.36435797810554504,0.1025390625,held_out
L20_N12894,20,12894,lack_of_knowledge,lok_0115,2.9469594955444336,2.863842487335205,-0.08311700820922852,0.30013546347618103,0.31879884004592896,0.1025390625,held_out
L20_N12894,20,12894,lack_of_knowledge,lok_0116,2.007812023162842,2.004668951034546,-0.0031430721282958984,0.5500673651695251,0.5520299077033997,0.1025390625,held_out
L20_N12894,20,12894,lack_of_knowledge,lok_0117,3.192384958267212,3.174375295639038,-0.018009662628173828,0.2453351616859436,0.24061349034309387,0.1025390625,held_out
L20_N12894,20,12894,lack_of_knowledge,lok_0118,3.4750897884368896,3.4757814407348633,0.0006916522979736328,0.18571816384792328,0.18466033041477203,0.1025390625,held_out
L20_N12894,20,12894,lack_of_knowledge,lok_0119,2.428151845932007,2.4291725158691406,0.001020669937133789,0.2608487904071808,0.26348215341567993,0.1025390625,held_out
L20_N1399,20,1399,lack_of_knowledge,lok_0000,3.908881902694702,3.904721736907959,-0.004160165786743164,0.14724333584308624,0.14813315868377686,0.126953125,working
L20_N1399,20,1399,lack_of_knowledge,lok_0001,2.8249709606170654,2.815059185028076,-0.009911775588989258,0.2386796474456787,0.2366846799850464,0.126953125,working
L20_N1399,20,1399,lack_of_knowledge,lok_0002,3.1003873348236084,3.109294891357422,0.008907556533813477,0.2314060479402542,0.2365836203098297,0.126953125,working
L20_N1399,20,1399,lack_of_knowledge,lok_0003,2.249481439590454,2.250464916229248,0.0009834766387939453,0.2636534869670868,0.2635314166545868,0.126953125,working
L20_N1399,20,1399,lack_of_knowledge,lok_0004,2.493800163269043,2.493865966796875,6.580352783203125e-05,0.311267614364624,0.31129419803619385,0.126953125,working
L20_N1399,20,1399,lack_of_knowledge,lok_0005,2.7805252075195312,2.807992935180664,0.027467727661132812,0.3278445303440094,0.3146704435348511,0.126953125,working
L20_N1399,20,1399,lack_of_knowledge,lok_0006,2.244798183441162,2.294473648071289,0.04967546463012695,0.36405470967292786,0.33817097544670105,0.126953125,working
L20_N1399,20,1399,lack_of_knowledge,lok_0007,4.115026473999023,4.093780517578125,-0.021245956420898438,0.1506902426481247,0.15917465090751648,0.126953125,working
L20_N1399,20,1399,lack_of_knowledge,lok_0008,2.711564302444458,2.7059168815612793,-0.005647420883178711,0.2988700866699219,0.2903883755207062,0.126953125,working
L20_N1399,20,1399,lack_of_knowledge,lok_0009,2.668410539627075,2.6676878929138184,-0.0007226467132568359,0.3281840980052948,0.3282959759235382,0.126953125,working
L20_N1399,20,1399,lack_of_knowledge,lok_0010,2.7420661449432373,2.740807056427002,-0.0012590885162353516,0.23133890330791473,0.23659582436084747,0.126953125,working
L20_N1399,20,1399,lack_of_knowledge,lok_0011,1.8690134286880493,1.9463250637054443,0.07731163501739502,0.5327321887016296,0.5024858713150024,0.126953125,working
L20_N1399,20,1399,lack_of_knowledge,lok_0012,2.662747383117676,2.6635990142822266,0.0008516311645507812,0.24309544265270233,0.2431218922138214,0.126953125,working
L20_N1399,20,1399,lack_of_knowledge,lok_0013,3.290672779083252,3.3140504360198975,0.023377656936645508,0.28111976385116577,0.2764042019844055,0.126953125,working
L20_N1399,20,1399,lack_of_knowledge,lok_0014,3.0893006324768066,3.0911664962768555,0.0018658638000488281,0.16240721940994263,0.16226689517498016,0.126953125,working
L20_N1399,20,1399,lack_of_knowledge,lok_0015,2.6001811027526855,2.598989963531494,-0.0011911392211914062,0.22337457537651062,0.2154330462217331,0.126953125,working
L20_N1399,20,1399,lack_of_knowledge,lok_0016,3.636564254760742,3.6558430194854736,0.019278764724731445,0.14686629176139832,0.15054816007614136,0.126953125,working
L20_N1399,20,1399,lack_of_knowledge,lok_0017,1.7938029766082764,1.780959129333496,-0.012843847274780273,0.6357941627502441,0.6416661739349365,0.126953125,working
L20_N1399,20,1399,lack_of_knowledge,lok_0018,3.76168155670166,3.763313055038452,0.0016314983367919922,0.15997152030467987,0.15982453525066376,0.126953125,working
L20_N1399,20,1399,lack_of_knowledge,lok_0019,2.5667991638183594,2.5469298362731934,-0.019869327545166016,0.3893742263317108,0.40027323365211487,0.126953125,working
L20_N1399,20,1399,lack_of_knowledge,lok_0020,2.966003179550171,2.9227066040039062,-0.04329657554626465,0.22749841213226318,0.2500721216201782,0.126953125,working
L20_N1399,20,1399,lack_of_knowledge,lok_0021,2.526073455810547,2.530651092529297,0.00457763671875,0.22123083472251892,0.21998043358325958,0.126953125,working
L20_N1399,20,1399,lack_of_knowledge,lok_0022,2.6455888748168945,2.6520237922668457,0.006434917449951172,0.40096139907836914,0.39800605177879333,0.126953125,working
L20_N1399,20,1399,lack_of_knowledge,lok_0023,1.922859787940979,1.8842662572860718,-0.03859353065490723,0.38112276792526245,0.3955155909061432,0.126953125,working
L20_N1399,20,1399,lack_of_knowledge,lok_0024,2.9470975399017334,2.9700851440429688,0.02298760414123535,0.214198037981987,0.20706337690353394,0.126953125,working
L20_N1399,20,1399,lack_of_knowledge,lok_0025,1.5543040037155151,1.5640796422958374,0.009775638580322266,0.6460787653923035,0.6440091133117676,0.126953125,working
L20_N1399,20,1399,lack_of_knowledge,lok_0026,2.252201557159424,2.1935150623321533,-0.05868649482727051,0.36627739667892456,0.3957322835922241,0.126953125,working
L20_N1399,20,1399,lack_of_knowledge,lok_0027,2.104827404022217,2.1065993309020996,0.0017719268798828125,0.30361494421958923,0.3034457266330719,0.126953125,working
L20_N1399,20,1399,lack_of_knowledge,lok_0028,2.2237110137939453,2.2170209884643555,-0.006690025329589844,0.373460054397583,0.3754803538322449,0.126953125,working
L20_N1399,20,1399,lack_of_knowledge,lok_0029,1.8713101148605347,1.8763469457626343,0.005036830902099609,0.3468768000602722,0.3457726240158081,0.126953125,working
L20_N1399,20,1399,lack_of_knowledge,lok_0030,2.753704309463501,2.7521629333496094,-0.0015413761138916016,0.2713783383369446,0.2713843286037445,0.126953125,working
L20_N1399,20,1399,lack_of_knowledge,lok_0031,2.2892045974731445,2.3564252853393555,0.06722068786621094,0.40870699286460876,0.3873317539691925,0.126953125,working
L20_N1399,20,1399,lack_of_knowledge,lok_0032,0.7064740061759949,0.6410452127456665,-0.06542879343032837,0.8929246068000793,0.9045408964157104,0.126953125,working
L20_N1399,20,1399,lack_of_knowledge,lok_0033,2.459549903869629,2.457961082458496,-0.0015888214111328125,0.32558971643447876,0.3260459899902344,0.126953125,working
L20_N1399,20,1399,lack_of_knowledge,lok_0034,2.452033519744873,2.482339859008789,0.030306339263916016,0.26953449845314026,0.26219606399536133,0.126953125,working
L20_N1399,20,1399,lack_of_knowledge,lok_0035,3.0634889602661133,3.060652494430542,-0.002836465835571289,0.2370489537715912,0.2373533844947815,0.126953125,working
L20_N1399,20,1399,lack_of_knowledge,lok_0036,3.002075433731079,3.0092506408691406,0.0071752071380615234,0.23908543586730957,0.23469553887844086,0.126953125,working
L20_N1399,20,1399,lack_of_knowledge,lok_0037,2.6400294303894043,2.6345808506011963,-0.005448579788208008,0.2704247832298279,0.2684997618198395,0.126953125,working
L20_N1399,20,1399,lack_of_knowledge,lok_0038,2.911905288696289,2.8570005893707275,-0.05490469932556152,0.43646419048309326,0.45641547441482544,0.126953125,working
L20_N1399,20,1399,lack_of_knowledge,lok_0039,2.876549005508423,2.9187307357788086,0.04218173027038574,0.37225958704948425,0.3572476804256439,0.126953125,working
L20_N1399,20,1399,lack_of_knowledge,lok_0040,1.4230759143829346,1.4929890632629395,0.06991314888000488,0.6793196201324463,0.6573019623756409,0.126953125,working
L20_N1399,20,1399,lack_of_knowledge,lok_0041,2.95888614654541,2.958559989929199,-0.0003261566162109375,0.28017154335975647,0.27697819471359253,0.126953125,working
L20_N1399,20,1399,lack_of_knowledge,lok_0042,2.4324846267700195,2.4341437816619873,0.0016591548919677734,0.21404914557933807,0.21372659504413605,0.126953125,working
L20_N1399,20,1399,lack_of_knowledge,lok_0043,2.5788180828094482,2.5735056400299072,-0.005312442779541016,0.30127057433128357,0.30487099289894104,0.126953125,working
L20_N1399,20,1399,lack_of_knowledge,lok_0044,2.6911308765411377,2.6947684288024902,0.003637552261352539,0.22111687064170837,0.21241602301597595,0.126953125,working
L20_N1399,20,1399,lack_of_knowledge,lok_0045,1.9650545120239258,2.047863006591797,0.0828084945678711,0.5035289525985718,0.4744694232940674,0.126953125,working
L20_N1399,20,1399,lack_of_knowledge,lok_0046,3.460538148880005,3.461158514022827,0.0006203651428222656,0.17234964668750763,0.17322924733161926,0.126953125,working
L20_N1399,20,1399,lack_of_knowledge,lok_0047,2.815678834915161,2.8134894371032715,-0.0021893978118896484,0.23076173663139343,0.22659605741500854,0.126953125,working
L20_N1399,20,1399,lack_of_knowledge,lok_0048,2.327691078186035,2.3231022357940674,-0.0045888423919677734,0.3101983368396759,0.3147341012954712,0.126953125,working
L20_N1399,20,1399,lack_of_knowledge,lok_0049,3.1199283599853516,3.1239571571350098,0.004028797149658203,0.2627541720867157,0.2669302225112915,0.126953125,working
L20_N1399,20,1399,lack_of_knowledge,lok_0050,3.0483131408691406,3.057196855545044,0.00888371467590332,0.1865970939397812,0.18698157370090485,0.126953125,working
L20_N1399,20,1399,lack_of_knowledge,lok_0051,3.7176549434661865,3.7075095176696777,-0.010145425796508789,0.16761435568332672,0.1669202297925949,0.126953125,working
L20_N1399,20,1399,lack_of_knowledge,lok_0052,2.293198823928833,2.296506881713867,0.0033080577850341797,0.2652854919433594,0.2648753225803375,0.126953125,working
L20_N1399,20,1399,lack_of_knowledge,lok_0053,2.503537178039551,2.5082998275756836,0.0047626495361328125,0.2919103503227234,0.2916828989982605,0.126953125,working
L20_N1399,20,1399,lack_of_knowledge,lok_0054,2.9047462940216064,2.9143190383911133,0.009572744369506836,0.21120452880859375,0.20851831138134003,0.126953125,working
L20_N1399,20,1399,lack_of_knowledge,lok_0055,2.6336722373962402,2.5709261894226074,-0.06274604797363281,0.29845601320266724,0.31664663553237915,0.126953125,working
L20_N1399,20,1399,lack_of_knowledge,lok_0056,2.1315324306488037,2.1419730186462402,0.010440587997436523,0.5574800968170166,0.554743766784668,0.126953125,working
L20_N1399,20,1399,lack_of_knowledge,lok_0057,4.396864891052246,4.39628791809082,-0.0005769729614257812,0.13338956236839294,0.13305231928825378,0.126953125,working
L20_N1399,20,1399,lack_of_knowledge,lok_0058,2.2851853370666504,2.285393238067627,0.0002079010009765625,0.5099014043807983,0.5102245807647705,0.126953125,working
L20_N1399,20,1399,lack_of_knowledge,lok_0059,2.177844762802124,2.160174608230591,-0.017670154571533203,0.2158930003643036,0.23364302515983582,0.126953125,working
L20_N1399,20,1399,lack_of_knowledge,lok_0060,3.3442442417144775,3.3001222610473633,-0.04412198066711426,0.24951548874378204,0.258584588766098,0.126953125,working
L20_N1399,20,1399,lack_of_knowledge,lok_0061,2.585824489593506,2.5189173221588135,-0.06690716743469238,0.34842970967292786,0.37509945034980774,0.126953125,working
L20_N1399,20,1399,lack_of_knowledge,lok_0062,2.2484776973724365,2.242696523666382,-0.0057811737060546875,0.29464447498321533,0.29963093996047974,0.126953125,working
L20_N1399,20,1399,lack_of_knowledge,lok_0063,2.9368109703063965,2.976263999938965,0.03945302963256836,0.3425575792789459,0.3290557563304901,0.126953125,working
L20_N1399,20,1399,lack_of_knowledge,lok_0064,2.5612192153930664,2.561298370361328,7.915496826171875e-05,0.17992129921913147,0.18022467195987701,0.126953125,working
L20_N1399,20,1399,lack_of_knowledge,lok_0065,3.717409133911133,3.6907734870910645,-0.02663564682006836,0.19281595945358276,0.20213443040847778,0.126953125,working
L20_N1399,20,1399,lack_of_knowledge,lok_0066,3.292851448059082,3.300250291824341,0.007398843765258789,0.3255794942378998,0.325920432806015,0.126953125,working
L20_N1399,20,1399,lack_of_knowledge,lok_0067,3.1203551292419434,3.1179146766662598,-0.0024404525756835938,0.2411842942237854,0.2452145665884018,0.126953125,working
L20_N1399,20,1399,lack_of_knowledge,lok_0068,2.5912985801696777,2.5876622200012207,-0.0036363601684570312,0.3096522390842438,0.31050392985343933,0.126953125,working
L20_N1399,20,1399,lack_of_knowledge,lok_0069,2.371748924255371,2.374099016189575,0.0023500919342041016,0.28834694623947144,0.2874099910259247,0.126953125,working
L20_N1399,20,1399,lack_of_knowledge,lok_0070,2.536459445953369,2.5847384929656982,0.0482790470123291,0.3151390552520752,0.2894963026046753,0.126953125,working
L20_N1399,20,1399,lack_of_knowledge,lok_0071,2.7114217281341553,2.753479480743408,0.04205775260925293,0.22638347744941711,0.23110271990299225,0.126953125,working
L20_N1399,20,1399,lack_of_knowledge,lok_0072,2.945474624633789,2.943150281906128,-0.002324342727661133,0.22078350186347961,0.2254185527563095,0.126953125,working
L20_N1399,20,1399,lack_of_knowledge,lok_0073,3.311706066131592,3.3228938579559326,0.01118779182434082,0.1539117693901062,0.15593944489955902,0.126953125,working
L20_N1399,20,1399,lack_of_knowledge,lok_0074,2.3373231887817383,2.3372907638549805,-3.24249267578125e-05,0.444598913192749,0.44658130407333374,0.126953125,working
L20_N1399,20,1399,lack_of_knowledge,lok_0075,2.732898473739624,2.7444229125976562,0.011524438858032227,0.2755686044692993,0.2770133912563324,0.126953125,working
L20_N1399,20,1399,lack_of_knowledge,lok_0076,2.7133607864379883,2.708538055419922,-0.004822731018066406,0.2981022000312805,0.2963561415672302,0.126953125,working
L20_N1399,20,1399,lack_of_knowledge,lok_0077,2.6673073768615723,2.692089319229126,0.02478194236755371,0.2877824008464813,0.2747514843940735,0.126953125,working
L20_N1399,20,1399,lack_of_knowledge,lok_0078,2.2790873050689697,2.281364679336548,0.002277374267578125,0.3307228684425354,0.33166536688804626,0.126953125,working
L20_N1399,20,1399,lack_of_knowledge,lok_0079,2.241702079772949,2.237980365753174,-0.0037217140197753906,0.4129316806793213,0.41373541951179504,0.126953125,working
L20_N1399,20,1399,lack_of_knowledge,lok_0080,2.701868772506714,2.670269250869751,-0.03159952163696289,0.29091277718544006,0.2807786166667938,0.126953125,working
L20_N1399,20,1399,lack_of_knowledge,lok_0081,2.630154609680176,2.620182991027832,-0.00997161865234375,0.2526571750640869,0.2536470293998718,0.126953125,working
L20_N1399,20,1399,lack_of_knowledge,lok_0082,2.4794020652770996,2.4759113788604736,-0.0034906864166259766,0.4859446585178375,0.48775026202201843,0.126953125,working
L20_N1399,20,1399,lack_of_knowledge,lok_0083,3.205901622772217,3.207181215286255,0.001279592514038086,0.2136554718017578,0.21427306532859802,0.126953125,working
L20_N1399,20,1399,lack_of_knowledge,lok_0084,2.2095985412597656,2.212752342224121,0.0031538009643554688,0.2736474871635437,0.27331414818763733,0.126953125,held_out
L20_N1399,20,1399,lack_of_knowledge,lok_0085,2.287148952484131,2.387423515319824,0.10027456283569336,0.5165454149246216,0.48595958948135376,0.126953125,held_out
L20_N1399,20,1399,lack_of_knowledge,lok_0086,2.2640910148620605,2.2926416397094727,0.02855062484741211,0.2827526330947876,0.25848937034606934,0.126953125,held_out
L20_N1399,20,1399,lack_of_knowledge,lok_0087,2.3641552925109863,2.3671116828918457,0.002956390380859375,0.3289211094379425,0.3307839035987854,0.126953125,held_out
L20_N1399,20,1399,lack_of_knowledge,lok_0088,2.5307564735412598,2.534015417098999,0.003258943557739258,0.28495776653289795,0.2844662666320801,0.126953125,held_out
L20_N1399,20,1399,lack_of_knowledge,lok_0089,2.8428843021392822,2.813558340072632,-0.02932596206665039,0.2343607097864151,0.241633340716362,0.126953125,held_out
L20_N1399,20,1399,lack_of_knowledge,lok_0090,2.067660093307495,2.1149611473083496,0.04730105400085449,0.4261133074760437,0.4008010923862457,0.126953125,held_out
L20_N1399,20,1399,lack_of_knowledge,lok_0091,2.733212471008301,2.808825969696045,0.07561349868774414,0.3444516658782959,0.31671810150146484,0.126953125,held_out
L20_N1399,20,1399,lack_of_knowledge,lok_0092,3.0582218170166016,3.0496747493743896,-0.008547067642211914,0.19981129467487335,0.2000444531440735,0.126953125,held_out
L20_N1399,20,1399,lack_of_knowledge,lok_0093,2.717287540435791,2.696728467941284,-0.020559072494506836,0.2532733976840973,0.26515278220176697,0.126953125,held_out
L20_N1399,20,1399,lack_of_knowledge,lok_0094,2.132460594177246,2.1079349517822266,-0.02452564239501953,0.28502002358436584,0.2770307958126068,0.126953125,held_out
L20_N1399,20,1399,lack_of_knowledge,lok_0095,2.44497013092041,2.446786880493164,0.0018167495727539062,0.26511991024017334,0.26499277353286743,0.126953125,held_out
L20_N1399,20,1399,lack_of_knowledge,lok_0096,1.895049810409546,1.889930248260498,-0.0051195621490478516,0.4387989044189453,0.43959203362464905,0.126953125,held_out
L20_N1399,20,1399,lack_of_knowledge,lok_0097,3.1339588165283203,3.1393637657165527,0.005404949188232422,0.2454637587070465,0.24197502434253693,0.126953125,held_out
L20_N1399,20,1399,lack_of_knowledge,lok_0098,3.102553367614746,3.102553367614746,0.0,0.27237218618392944,0.27237218618392944,0.126953125,held_out
L20_N1399,20,1399,lack_of_knowledge,lok_0099,3.007906436920166,3.026613473892212,0.0187070369720459,0.2266935557126999,0.22100259363651276,0.126953125,held_out
L20_N1399,20,1399,lack_of_knowledge,lok_0100,3.406787872314453,3.3629150390625,-0.043872833251953125,0.26816415786743164,0.2771000862121582,0.126953125,held_out
L20_N1399,20,1399,lack_of_knowledge,lok_0101,1.8872756958007812,1.8974074125289917,0.01013171672821045,0.5120028853416443,0.5004240870475769,0.126953125,held_out
L20_N1399,20,1399,lack_of_knowledge,lok_0102,2.6861648559570312,2.699784517288208,0.013619661331176758,0.2716147005558014,0.275647908449173,0.126953125,held_out
L20_N1399,20,1399,lack_of_knowledge,lok_0103,2.4825572967529297,2.47015118598938,-0.012406110763549805,0.246735081076622,0.2503856122493744,0.126953125,held_out
L20_N1399,20,1399,lack_of_knowledge,lok_0104,2.4228668212890625,2.4221649169921875,-0.000701904296875,0.23433850705623627,0.23343554139137268,0.126953125,held_out
L20_N1399,20,1399,lack_of_knowledge,lok_0105,2.0768651962280273,2.075385808944702,-0.0014793872833251953,0.2821453809738159,0.2822342813014984,0.126953125,held_out
L20_N1399,20,1399,lack_of_knowledge,lok_0106,3.1305816173553467,3.1814887523651123,0.050907135009765625,0.2826291620731354,0.26179519295692444,0.126953125,held_out
L20_N1399,20,1399,lack_of_knowledge,lok_0107,3.3110029697418213,3.314603328704834,0.0036003589630126953,0.2635786533355713,0.2633984386920929,0.126953125,held_out
L20_N1399,20,1399,lack_of_knowledge,lok_0108,3.6194231510162354,3.6080515384674072,-0.011371612548828125,0.214120551943779,0.2118513435125351,0.126953125,held_out
L20_N1399,20,1399,lack_of_knowledge,lok_0109,1.9952112436294556,2.013352155685425,0.01814091205596924,0.31463712453842163,0.32568344473838806,0.126953125,held_out
L20_N1399,20,1399,lack_of_knowledge,lok_0110,2.602980136871338,2.5877695083618164,-0.015210628509521484,0.23165905475616455,0.22534874081611633,0.126953125,held_out
L20_N1399,20,1399,lack_of_knowledge,lok_0111,2.431495189666748,2.420346260070801,-0.011148929595947266,0.31492727994918823,0.31732138991355896,0.126953125,held_out
L20_N1399,20,1399,lack_of_knowledge,lok_0112,2.402334451675415,2.4119362831115723,0.009601831436157227,0.38672342896461487,0.3850274085998535,0.126953125,held_out
L20_N1399,20,1399,lack_of_knowledge,lok_0113,2.746509552001953,2.75563907623291,0.009129524230957031,0.220510795712471,0.22232197225093842,0.126953125,held_out
L20_N1399,20,1399,lack_of_knowledge,lok_0114,1.8042078018188477,1.8102447986602783,0.006036996841430664,0.36461204290390015,0.3641076385974884,0.126953125,held_out
L20_N1399,20,1399,lack_of_knowledge,lok_0115,2.9469594955444336,2.871066093444824,-0.07589340209960938,0.30013546347618103,0.32763734459877014,0.126953125,held_out
L20_N1399,20,1399,lack_of_knowledge,lok_0116,2.007812023162842,1.996138572692871,-0.011673450469970703,0.5500673651695251,0.5538246035575867,0.126953125,held_out
L20_N1399,20,1399,lack_of_knowledge,lok_0117,3.192384958267212,3.1784472465515137,-0.013937711715698242,0.2453351616859436,0.2442748099565506,0.126953125,held_out
L20_N1399,20,1399,lack_of_knowledge,lok_0118,3.4750897884368896,3.481743335723877,0.006653547286987305,0.18571816384792328,0.18615147471427917,0.126953125,held_out
L20_N1399,20,1399,lack_of_knowledge,lok_0119,2.428151845932007,2.414193630218506,-0.013958215713500977,0.2608487904071808,0.2544853985309601,0.126953125,held_out
L28_N11622,28,11622,lack_of_knowledge,lok_0000,3.908881902694702,3.910386085510254,0.0015041828155517578,0.14724333584308624,0.14772751927375793,0.119140625,working
L28_N11622,28,11622,lack_of_knowledge,lok_0001,2.8249709606170654,2.833000421524048,0.008029460906982422,0.2386796474456787,0.24139642715454102,0.119140625,working
L28_N11622,28,11622,lack_of_knowledge,lok_0002,3.1003873348236084,3.1191370487213135,0.018749713897705078,0.2314060479402542,0.23638398945331573,0.119140625,working
L28_N11622,28,11622,lack_of_knowledge,lok_0003,2.249481439590454,2.247582197189331,-0.0018992424011230469,0.2636534869670868,0.2638741433620453,0.119140625,working
L28_N11622,28,11622,lack_of_knowledge,lok_0004,2.493800163269043,2.492896556854248,-0.0009036064147949219,0.311267614364624,0.31127747893333435,0.119140625,working
L28_N11622,28,11622,lack_of_knowledge,lok_0005,2.7805252075195312,2.7796802520751953,-0.0008449554443359375,0.3278445303440094,0.3288976848125458,0.119140625,working
L28_N11622,28,11622,lack_of_knowledge,lok_0006,2.244798183441162,2.28825044631958,0.04345226287841797,0.36405470967292786,0.33975493907928467,0.119140625,working
L28_N11622,28,11622,lack_of_knowledge,lok_0007,4.115026473999023,4.072704792022705,-0.04232168197631836,0.1506902426481247,0.1562500149011612,0.119140625,working
L28_N11622,28,11622,lack_of_knowledge,lok_0008,2.711564302444458,2.701148271560669,-0.010416030883789062,0.2988700866699219,0.2954126000404358,0.119140625,working
L28_N11622,28,11622,lack_of_knowledge,lok_0009,2.668410539627075,2.6655590534210205,-0.0028514862060546875,0.3281840980052948,0.32637134194374084,0.119140625,working
L28_N11622,28,11622,lack_of_knowledge,lok_0010,2.7420661449432373,2.743781566619873,0.0017154216766357422,0.23133890330791473,0.23022785782814026,0.119140625,working
L28_N11622,28,11622,lack_of_knowledge,lok_0011,1.8690134286880493,1.8682771921157837,-0.000736236572265625,0.5327321887016296,0.5329034328460693,0.119140625,working
L28_N11622,28,11622,lack_of_knowledge,lok_0012,2.662747383117676,2.660764217376709,-0.001983165740966797,0.24309544265270233,0.2444753348827362,0.119140625,working
L28_N11622,28,11622,lack_of_knowledge,lok_0013,3.290672779083252,3.290465831756592,-0.00020694732666015625,0.28111976385116577,0.28493839502334595,0.119140625,working
L28_N11622,28,11622,lack_of_knowledge,lok_0014,3.0893006324768066,3.0893449783325195,4.4345855712890625e-05,0.16240721940994263,0.16236114501953125,0.119140625,working
L28_N11622,28,11622,lack_of_knowledge,lok_0015,2.6001811027526855,2.59779953956604,-0.002381563186645508,0.22337457537651062,0.22357849776744843,0.119140625,working
L28_N11622,28,11622,lack_of_knowledge,lok_0016,3.636564254760742,3.6368789672851562,0.0003147125244140625,0.14686629176139832,0.14795547723770142,0.119140625,working
L28_N11622,28,11622,lack_of_knowledge,lok_0017,1.7938029766082764,1.7926909923553467,-0.0011119842529296875,0.6357941627502441,0.6360813975334167,0.119140625,working
L28_N11622,28,11622,lack_of_knowledge,lok_0018,3.76168155670166,3.7296717166900635,-0.03200984001159668,0.15997152030467987,0.1660820096731186,0.119140625,working
L28_N11622,28,11622,lack_of_knowledge,lok_0019,2.5667991638183594,2.5692026615142822,0.0024034976959228516,0.3893742263317108,0.38908395171165466,0.119140625,working
L28_N11622,28,11622,lack_of_knowledge,lok_0020,2.966003179550171,2.9607934951782227,-0.005209684371948242,0.22749841213226318,0.22844335436820984,0.119140625,working
L28_N11622,28,11622,lack_of_knowledge,lok_0021,2.526073455810547,2.5310492515563965,0.004975795745849609,0.22123083472251892,0.21999230980873108,0.119140625,working
L28_N11622,28,11622,lack_of_knowledge,lok_0022,2.6455888748168945,2.6534981727600098,0.007909297943115234,0.40096139907836914,0.4054623544216156,0.119140625,working
L28_N11622,28,11622,lack_of_knowledge,lok_0023,1.922859787940979,1.9133727550506592,-0.009487032890319824,0.38112276792526245,0.3709801733493805,0.119140625,working
L28_N11622,28,11622,lack_of_knowledge,lok_0024,2.9470975399017334,2.9497218132019043,0.0026242733001708984,0.214198037981987,0.21285122632980347,0.119140625,working
L28_N11622,28,11622,lack_of_knowledge,lok_0025,1.5543040037155151,1.5534117221832275,-0.0008922815322875977,0.6460787653923035,0.646182656288147,0.119140625,working
L28_N11622,28,11622,lack_of_knowledge,lok_0026,2.252201557159424,2.2461767196655273,-0.006024837493896484,0.36627739667892456,0.36950966715812683,0.119140625,working
L28_N11622,28,11622,lack_of_knowledge,lok_0027,2.104827404022217,2.1055734157562256,0.0007460117340087891,0.30361494421958923,0.30345046520233154,0.119140625,working
L28_N11622,28,11622,lack_of_knowledge,lok_0028,2.2237110137939453,2.2203383445739746,-0.003372669219970703,0.373460054397583,0.37379884719848633,0.119140625,working
L28_N11622,28,11622,lack_of_knowledge,lok_0029,1.8713101148605347,1.8629155158996582,-0.008394598960876465,0.3468768000602722,0.3518899083137512,0.119140625,working
L28_N11622,28,11622,lack_of_knowledge,lok_0030,2.753704309463501,2.7479591369628906,-0.0057451725006103516,0.2713783383369446,0.26480090618133545,0.119140625,working
L28_N11622,28,11622,lack_of_knowledge,lok_0031,2.2892045974731445,2.289541244506836,0.00033664703369140625,0.40870699286460876,0.4086405634880066,0.119140625,working
L28_N11622,28,11622,lack_of_knowledge,lok_0032,0.7064740061759949,0.6429638266563416,-0.06351017951965332,0.8929246068000793,0.9041867852210999,0.119140625,working
L28_N11622,28,11622,lack_of_knowledge,lok_0033,2.459549903869629,2.464466094970703,0.004916191101074219,0.32558971643447876,0.3248131275177002,0.119140625,working
L28_N11622,28,11622,lack_of_knowledge,lok_0034,2.452033519744873,2.4803354740142822,0.02830195426940918,0.26953449845314026,0.2629605829715729,0.119140625,working
L28_N11622,28,11622,lack_of_knowledge,lok_0035,3.0634889602661133,3.063502788543701,1.3828277587890625e-05,0.2370489537715912,0.23991844058036804,0.119140625,working
L28_N11622,28,11622,lack_of_knowledge,lok_0036,3.002075433731079,3.0026917457580566,0.0006163120269775391,0.23908543586730957,0.237409308552742,0.119140625,working
L28_N11622,28,11622,lack_of_knowledge,lok_0037,2.6400294303894043,2.6414074897766113,0.0013780593872070312,0.2704247832298279,0.27019816637039185,0.119140625,working
L28_N11622,28,11622,lack_of_knowledge,lok_0038,2.911905288696289,2.9071056842803955,-0.004799604415893555,0.43646419048309326,0.43897515535354614,0.119140625,working
L28_N11622,28,11622,lack_of_knowledge,lok_0039,2.876549005508423,2.922537326812744,0.04598832130432129,0.37225958704948425,0.35628312826156616,0.119140625,working
L28_N11622,28,11622,lack_of_knowledge,lok_0040,1.4230759143829346,1.4205862283706665,-0.0024896860122680664,0.6793196201324463,0.6797393560409546,0.119140625,working
L28_N11622,28,11622,lack_of_knowledge,lok_0041,2.95888614654541,2.963900566101074,0.0050144195556640625,0.28017154335975647,0.2797366678714752,0.119140625,working
L28_N11622,28,11622,lack_of_knowledge,lok_0042,2.4324846267700195,2.4324774742126465,-7.152557373046875e-06,0.21404914557933807,0.21408136188983917,0.119140625,working
L28_N11622,28,11622,lack_of_knowledge,lok_0043,2.5788180828094482,2.5786876678466797,-0.0001304149627685547,0.30127057433128357,0.30039849877357483,0.119140625,working
L28_N11622,28,11622,lack_of_knowledge,lok_0044,2.6911308765411377,2.6897470951080322,-0.0013837814331054688,0.22111687064170837,0.20881934463977814,0.119140625,working
L28_N11622,28,11622,lack_of_knowledge,lok_0045,1.9650545120239258,1.9692168235778809,0.004162311553955078,0.5035289525985718,0.5028066039085388,0.119140625,working
L28_N11622,28,11622,lack_of_knowledge,lok_0046,3.460538148880005,3.4500226974487305,-0.010515451431274414,0.17234964668750763,0.17082543671131134,0.119140625,working
L28_N11622,28,11622,lack_of_knowledge,lok_0047,2.815678834915161,2.8302462100982666,0.014567375183105469,0.23076173663139343,0.23345771431922913,0.119140625,working
L28_N11622,28,11622,lack_of_knowledge,lok_0048,2.327691078186035,2.3630669116973877,0.03537583351135254,0.3101983368396759,0.28876444697380066,0.119140625,working
L28_N11622,28,11622,lack_of_knowledge,lok_0049,3.1199283599853516,3.1200337409973145,0.00010538101196289062,0.2627541720867157,0.26664242148399353,0.119140625,working
L28_N11622,28,11622,lack_of_knowledge,lok_0050,3.0483131408691406,3.057035446166992,0.008722305297851562,0.1865970939397812,0.18895623087882996,0.119140625,working
L28_N11622,28,11622,lack_of_knowledge,lok_0051,3.7176549434661865,3.696117401123047,-0.02153754234313965,0.16761435568332672,0.17283019423484802,0.119140625,working
L28_N11622,28,11622,lack_of_knowledge,lok_0052,2.293198823928833,2.2926015853881836,-0.0005972385406494141,0.2652854919433594,0.26518359780311584,0.119140625,working
L28_N11622,28,11622,lack_of_knowledge,lok_0053,2.503537178039551,2.5175328254699707,0.013995647430419922,0.2919103503227234,0.2960697114467621,0.119140625,working
L28_N11622,28,11622,lack_of_knowledge,lok_0054,2.9047462940216064,2.92368221282959,0.0189359188079834,0.21120452880859375,0.20061886310577393,0.119140625,working
L28_N11622,28,11622,lack_of_knowledge,lok_0055,2.6336722373962402,2.6345155239105225,0.0008432865142822266,0.29845601320266724,0.29844680428504944,0.119140625,working
L28_N11622,28,11622,lack_of_knowledge,lok_0056,2.1315324306488037,2.154703140258789,0.02317070960998535,0.5574800968170166,0.5517408847808838,0.119140625,working
L28_N11622,28,11622,lack_of_knowledge,lok_0057,4.396864891052246,4.396213054656982,-0.0006518363952636719,0.13338956236839294,0.13355429470539093,0.119140625,working
L28_N11622,28,11622,lack_of_knowledge,lok_0058,2.2851853370666504,2.2879998683929443,0.0028145313262939453,0.5099014043807983,0.5084158778190613,0.119140625,working
L28_N11622,28,11622,lack_of_knowledge,lok_0059,2.177844762802124,2.1754238605499268,-0.0024209022521972656,0.2158930003643036,0.21661846339702606,0.119140625,working
L28_N11622,28,11622,lack_of_knowledge,lok_0060,3.3442442417144775,3.3101162910461426,-0.03412795066833496,0.24951548874378204,0.25963613390922546,0.119140625,working
L28_N11622,28,11622,lack_of_knowledge,lok_0061,2.585824489593506,2.5127711296081543,-0.07305335998535156,0.34842970967292786,0.3715486526489258,0.119140625,working
L28_N11622,28,11622,lack_of_knowledge,lok_0062,2.2484776973724365,2.2396326065063477,-0.008845090866088867,0.29464447498321533,0.3001415729522705,0.119140625,working
L28_N11622,28,11622,lack_of_knowledge,lok_0063,2.9368109703063965,2.9389398097991943,0.0021288394927978516,0.3425575792789459,0.34233805537223816,0.119140625,working
L28_N11622,28,11622,lack_of_knowledge,lok_0064,2.5612192153930664,2.5597000122070312,-0.0015192031860351562,0.17992129921913147,0.1810002475976944,0.119140625,working
L28_N11622,28,11622,lack_of_knowledge,lok_0065,3.717409133911133,3.7106308937072754,-0.006778240203857422,0.19281595945358276,0.1920803189277649,0.119140625,working
L28_N11622,28,11622,lack_of_knowledge,lok_0066,3.292851448059082,3.294447898864746,0.0015964508056640625,0.3255794942378998,0.3278423249721527,0.119140625,working
L28_N11622,28,11622,lack_of_knowledge,lok_0067,3.1203551292419434,3.1247615814208984,0.004406452178955078,0.2411842942237854,0.24071533977985382,0.119140625,working
L28_N11622,28,11622,lack_of_knowledge,lok_0068,2.5912985801696777,2.6129708290100098,0.02167224884033203,0.3096522390842438,0.29821375012397766,0.119140625,working
L28_N11622,28,11622,lack_of_knowledge,lok_0069,2.371748924255371,2.3671436309814453,-0.004605293273925781,0.28834694623947144,0.2912170886993408,0.119140625,working
L28_N11622,28,11622,lack_of_knowledge,lok_0070,2.536459445953369,2.5852339267730713,0.04877448081970215,0.3151390552520752,0.2895008623600006,0.119140625,working
L28_N11622,28,11622,lack_of_knowledge,lok_0071,2.7114217281341553,2.714718818664551,0.003297090530395508,0.22638347744941711,0.22609488666057587,0.119140625,working
L28_N11622,28,11622,lack_of_knowledge,lok_0072,2.945474624633789,2.941565752029419,-0.003908872604370117,0.22078350186347961,0.22231295704841614,0.119140625,working
L28_N11622,28,11622,lack_of_knowledge,lok_0073,3.311706066131592,3.3057169914245605,-0.00598907470703125,0.1539117693901062,0.15305572748184204,0.119140625,working
L28_N11622,28,11622,lack_of_knowledge,lok_0074,2.3373231887817383,2.2525758743286133,-0.084747314453125,0.444598913192749,0.47180840373039246,0.119140625,working
L28_N11622,28,11622,lack_of_knowledge,lok_0075,2.732898473739624,2.734041213989258,0.001142740249633789,0.2755686044692993,0.2738616168498993,0.119140625,working
L28_N11622,28,11622,lack_of_knowledge,lok_0076,2.7133607864379883,2.698544502258301,-0.0148162841796875,0.2981022000312805,0.2907809019088745,0.119140625,working
L28_N11622,28,11622,lack_of_knowledge,lok_0077,2.6673073768615723,2.6913657188415527,0.02405834197998047,0.2877824008464813,0.2752620577812195,0.119140625,working
L28_N11622,28,11622,lack_of_knowledge,lok_0078,2.2790873050689697,2.2855923175811768,0.006505012512207031,0.3307228684425354,0.32938259840011597,0.119140625,working
L28_N11622,28,11622,lack_of_knowledge,lok_0079,2.241702079772949,2.240734338760376,-0.0009677410125732422,0.4129316806793213,0.4133075773715973,0.119140625,working
L28_N11622,28,11622,lack_of_knowledge,lok_0080,2.701868772506714,2.699068307876587,-0.002800464630126953,0.29091277718544006,0.29131728410720825,0.119140625,working
L28_N11622,28,11622,lack_of_knowledge,lok_0081,2.630154609680176,2.625033140182495,-0.005121469497680664,0.2526571750640869,0.25342220067977905,0.119140625,working
L28_N11622,28,11622,lack_of_knowledge,lok_0082,2.4794020652770996,2.483635425567627,0.004233360290527344,0.4859446585178375,0.4854125678539276,0.119140625,working
L28_N11622,28,11622,lack_of_knowledge,lok_0083,3.205901622772217,3.2091832160949707,0.0032815933227539062,0.2136554718017578,0.21285618841648102,0.119140625,working
L28_N11622,28,11622,lack_of_knowledge,lok_0084,2.2095985412597656,2.210310459136963,0.0007119178771972656,0.2736474871635437,0.2735852003097534,0.119140625,held_out
L28_N11622,28,11622,lack_of_knowledge,lok_0085,2.287148952484131,2.290872573852539,0.003723621368408203,0.5165454149246216,0.5157747268676758,0.119140625,held_out
L28_N11622,28,11622,lack_of_knowledge,lok_0086,2.2640910148620605,2.2754640579223633,0.011373043060302734,0.2827526330947876,0.2896084785461426,0.119140625,held_out
L28_N11622,28,11622,lack_of_knowledge,lok_0087,2.3641552925109863,2.3654117584228516,0.0012564659118652344,0.3289211094379425,0.3287763297557831,0.119140625,held_out
L28_N11622,28,11622,lack_of_knowledge,lok_0088,2.5307564735412598,2.5343480110168457,0.0035915374755859375,0.28495776653289795,0.2844533920288086,0.119140625,held_out
L28_N11622,28,11622,lack_of_knowledge,lok_0089,2.8428843021392822,2.8219857215881348,-0.02089858055114746,0.2343607097864151,0.24580375850200653,0.119140625,held_out
L28_N11622,28,11622,lack_of_knowledge,lok_0090,2.067660093307495,2.1148831844329834,0.04722309112548828,0.4261133074760437,0.4009743630886078,0.119140625,held_out
L28_N11622,28,11622,lack_of_knowledge,lok_0091,2.733212471008301,2.7326650619506836,-0.0005474090576171875,0.3444516658782959,0.34459391236305237,0.119140625,held_out
L28_N11622,28,11622,lack_of_knowledge,lok_0092,3.0582218170166016,3.0635275840759277,0.005305767059326172,0.19981129467487335,0.19964385032653809,0.119140625,held_out
L28_N11622,28,11622,lack_of_knowledge,lok_0093,2.717287540435791,2.689044952392578,-0.02824258804321289,0.2532733976840973,0.26196715235710144,0.119140625,held_out
L28_N11622,28,11622,lack_of_knowledge,lok_0094,2.132460594177246,2.1276865005493164,-0.0047740936279296875,0.28502002358436584,0.28590962290763855,0.119140625,held_out
L28_N11622,28,11622,lack_of_knowledge,lok_0095,2.44497013092041,2.4393253326416016,-0.005644798278808594,0.26511991024017334,0.2607237696647644,0.119140625,held_out
L28_N11622,28,11622,lack_of_knowledge,lok_0096,1.895049810409546,1.8930987119674683,-0.0019510984420776367,0.4387989044189453,0.4389558732509613,0.119140625,held_out
L28_N11622,28,11622,lack_of_knowledge,lok_0097,3.1339588165283203,3.1470112800598145,0.01305246353149414,0.2454637587070465,0.2439645230770111,0.119140625,held_out
L28_N11622,28,11622,lack_of_knowledge,lok_0098,3.102553367614746,3.0506365299224854,-0.05191683769226074,0.27237218618392944,0.2773384749889374,0.119140625,held_out
L28_N11622,28,11622,lack_of_knowledge,lok_0099,3.007906436920166,2.9923887252807617,-0.015517711639404297,0.2266935557126999,0.22415748238563538,0.119140625,held_out
L28_N11622,28,11622,lack_of_knowledge,lok_0100,3.406787872314453,3.3782806396484375,-0.028507232666015625,0.26816415786743164,0.2792043387889862,0.119140625,held_out
L28_N11622,28,11622,lack_of_knowledge,lok_0101,1.8872756958007812,1.887304425239563,2.872943878173828e-05,0.5120028853416443,0.512017548084259,0.119140625,held_out
L28_N11622,28,11622,lack_of_knowledge,lok_0102,2.6861648559570312,2.685131549835205,-0.0010333061218261719,0.2716147005558014,0.27155715227127075,0.119140625,held_out
L28_N11622,28,11622,lack_of_knowledge,lok_0103,2.4825572967529297,2.470970630645752,-0.011586666107177734,0.246735081076622,0.24801380932331085,0.119140625,held_out
L28_N11622,28,11622,lack_of_knowledge,lok_0104,2.4228668212890625,2.424490451812744,0.0016236305236816406,0.23433850705623627,0.23415273427963257,0.119140625,held_out
L28_N11622,28,11622,lack_of_knowledge,lok_0105,2.0768651962280273,2.098569631576538,0.021704435348510742,0.2821453809738159,0.2579611837863922,0.119140625,held_out
L28_N11622,28,11622,lack_of_knowledge,lok_0106,3.1305816173553467,3.1912035942077637,0.06062197685241699,0.2826291620731354,0.258360356092453,0.119140625,held_out
L28_N11622,28,11622,lack_of_knowledge,lok_0107,3.3110029697418213,3.2944841384887695,-0.016518831253051758,0.2635786533355713,0.2576012909412384,0.119140625,held_out
L28_N11622,28,11622,lack_of_knowledge,lok_0108,3.6194231510162354,3.6256322860717773,0.006209135055541992,0.214120551943779,0.21571804583072662,0.119140625,held_out
L28_N11622,28,11622,lack_of_knowledge,lok_0109,1.9952112436294556,1.989858865737915,-0.005352377891540527,0.31463712453842163,0.3154616355895996,0.119140625,held_out
L28_N11622,28,11622,lack_of_knowledge,lok_0110,2.602980136871338,2.5852909088134766,-0.017689228057861328,0.23165905475616455,0.22684945166110992,0.119140625,held_out
L28_N11622,28,11622,lack_of_knowledge,lok_0111,2.431495189666748,2.4269943237304688,-0.004500865936279297,0.31492727994918823,0.31531161069869995,0.119140625,held_out
L28_N11622,28,11622,lack_of_knowledge,lok_0112,2.402334451675415,2.4696712493896484,0.0673367977142334,0.38672342896461487,0.35761186480522156,0.119140625,held_out
L28_N11622,28,11622,lack_of_knowledge,lok_0113,2.746509552001953,2.7307991981506348,-0.01571035385131836,0.220510795712471,0.22814463078975677,0.119140625,held_out
L28_N11622,28,11622,lack_of_knowledge,lok_0114,1.8042078018188477,1.803750991821289,-0.00045680999755859375,0.36461204290390015,0.36466288566589355,0.119140625,held_out
L28_N11622,28,11622,lack_of_knowledge,lok_0115,2.9469594955444336,2.873791217803955,-0.07316827774047852,0.30013546347618103,0.32425427436828613,0.119140625,held_out
L28_N11622,28,11622,lack_of_knowledge,lok_0116,2.007812023162842,1.9911606311798096,-0.016651391983032227,0.5500673651695251,0.5555493831634521,0.119140625,held_out
L28_N11622,28,11622,lack_of_knowledge,lok_0117,3.192384958267212,3.1715569496154785,-0.0208280086517334,0.2453351616859436,0.24142733216285706,0.119140625,held_out
L28_N11622,28,11622,lack_of_knowledge,lok_0118,3.4750897884368896,3.4759809970855713,0.0008912086486816406,0.18571816384792328,0.18429560959339142,0.119140625,held_out
L28_N11622,28,11622,lack_of_knowledge,lok_0119,2.428151845932007,2.4313042163848877,0.0031523704528808594,0.2608487904071808,0.2605252265930176,0.119140625,held_out
L31_N6772,31,6772,lack_of_knowledge,lok_0000,3.908881902694702,3.8946073055267334,-0.01427459716796875,0.14724333584308624,0.14613136649131775,0.279296875,working
L31_N6772,31,6772,lack_of_knowledge,lok_0001,2.8249709606170654,2.8255515098571777,0.0005805492401123047,0.2386796474456787,0.23766615986824036,0.279296875,working
L31_N6772,31,6772,lack_of_knowledge,lok_0002,3.1003873348236084,3.1173553466796875,0.0169680118560791,0.2314060479402542,0.23487937450408936,0.279296875,working
L31_N6772,31,6772,lack_of_knowledge,lok_0003,2.249481439590454,2.27742338180542,0.02794194221496582,0.2636534869670868,0.2720779776573181,0.279296875,working
L31_N6772,31,6772,lack_of_knowledge,lok_0004,2.493800163269043,2.494760513305664,0.0009603500366210938,0.311267614364624,0.31119388341903687,0.279296875,working
L31_N6772,31,6772,lack_of_knowledge,lok_0005,2.7805252075195312,2.780639171600342,0.00011396408081054688,0.3278445303440094,0.327839195728302,0.279296875,working
L31_N6772,31,6772,lack_of_knowledge,lok_0006,2.244798183441162,2.242244243621826,-0.0025539398193359375,0.36405470967292786,0.3648168444633484,0.279296875,working
L31_N6772,31,6772,lack_of_knowledge,lok_0007,4.115026473999023,4.092782497406006,-0.022243976593017578,0.1506902426481247,0.1484210044145584,0.279296875,working
L31_N6772,31,6772,lack_of_knowledge,lok_0008,2.711564302444458,2.7115402221679688,-2.4080276489257812e-05,0.2988700866699219,0.2988710105419159,0.279296875,working
L31_N6772,31,6772,lack_of_knowledge,lok_0009,2.668410539627075,2.668063163757324,-0.00034737586975097656,0.3281840980052948,0.32821205258369446,0.279296875,working
L31_N6772,31,6772,lack_of_knowledge,lok_0010,2.7420661449432373,2.7420828342437744,1.6689300537109375e-05,0.23133890330791473,0.23133809864521027,0.279296875,working
L31_N6772,31,6772,lack_of_knowledge,lok_0011,1.8690134286880493,1.8690416812896729,2.8252601623535156e-05,0.5327321887016296,0.5327304601669312,0.279296875,working
L31_N6772,31,6772,lack_of_knowledge,lok_0012,2.662747383117676,2.653740882873535,-0.009006500244140625,0.24309544265270233,0.2394750565290451,0.279296875,working
L31_N6772,31,6772,lack_of_knowledge,lok_0013,3.290672779083252,3.2909975051879883,0.0003247261047363281,0.28111976385116577,0.28108328580856323,0.279296875,working
L31_N6772,31,6772,lack_of_knowledge,lok_0014,3.0893006324768066,3.0932631492614746,0.003962516784667969,0.16240721940994263,0.16214999556541443,0.279296875,working
L31_N6772,31,6772,lack_of_knowledge,lok_0015,2.6001811027526855,2.5988640785217285,-0.0013170242309570312,0.22337457537651062,0.2243041694164276,0.279296875,working
L31_N6772,31,6772,lack_of_knowledge,lok_0016,3.636564254760742,3.639104127883911,0.0025398731231689453,0.14686629176139832,0.1467418670654297,0.279296875,working
L31_N6772,31,6772,lack_of_knowledge,lok_0017,1.7938029766082764,1.789287805557251,-0.004515171051025391,0.6357941627502441,0.6365839838981628,0.279296875,working
L31_N6772,31,6772,lack_of_knowledge,lok_0018,3.76168155670166,3.74434232711792,-0.017339229583740234,0.15997152030467987,0.16837918758392334,0.279296875,working
L31_N6772,31,6772,lack_of_knowledge,lok_0019,2.5667991638183594,2.5662336349487305,-0.0005655288696289062,0.3893742263317108,0.389425128698349,0.279296875,working
L31_N6772,31,6772,lack_of_knowledge,lok_0020,2.966003179550171,2.9665632247924805,0.0005600452423095703,0.22749841213226318,0.22746960818767548,0.279296875,working
L31_N6772,31,6772,lack_of_knowledge,lok_0021,2.526073455810547,2.529400110244751,0.0033266544342041016,0.22123083472251892,0.22010721266269684,0.279296875,working
L31_N6772,31,6772,lack_of_knowledge,lok_0022,2.6455888748168945,2.6455864906311035,-2.384185791015625e-06,0.40096139907836914,0.40096718072891235,0.279296875,working
L31_N6772,31,6772,lack_of_knowledge,lok_0023,1.922859787940979,1.9231613874435425,0.00030159950256347656,0.38112276792526245,0.381055623292923,0.279296875,working
L31_N6772,31,6772,lack_of_knowledge,lok_0024,2.9470975399017334,2.9451956748962402,-0.001901865005493164,0.214198037981987,0.2142726480960846,0.279296875,working
L31_N6772,31,6772,lack_of_knowledge,lok_0025,1.5543040037155151,1.554327368736267,2.3365020751953125e-05,0.6460787653923035,0.6460770964622498,0.279296875,working
L31_N6772,31,6772,lack_of_knowledge,lok_0026,2.252201557159424,2.250781297683716,-0.0014202594757080078,0.36627739667892456,0.36650514602661133,0.279296875,working
L31_N6772,31,6772,lack_of_knowledge,lok_0027,2.104827404022217,2.113100528717041,0.008273124694824219,0.30361494421958923,0.30868440866470337,0.279296875,working
L31_N6772,31,6772,lack_of_knowledge,lok_0028,2.2237110137939453,2.22365665435791,-5.435943603515625e-05,0.373460054397583,0.37346336245536804,0.279296875,working
L31_N6772,31,6772,lack_of_knowledge,lok_0029,1.8713101148605347,1.8822021484375,0.010892033576965332,0.3468768000602722,0.3568941056728363,0.279296875,working
L31_N6772,31,6772,lack_of_knowledge,lok_0030,2.753704309463501,2.7533485889434814,-0.00035572052001953125,0.2713783383369446,0.2714049518108368,0.279296875,working
L31_N6772,31,6772,lack_of_knowledge,lok_0031,2.2892045974731445,2.288109064102173,-0.0010955333709716797,0.40870699286460876,0.40884917974472046,0.279296875,working
L31_N6772,31,6772,lack_of_knowledge,lok_0032,0.7064740061759949,0.7071810960769653,0.000707089900970459,0.8929246068000793,0.892703115940094,0.279296875,working
L31_N6772,31,6772,lack_of_knowledge,lok_0033,2.459549903869629,2.4576799869537354,-0.0018699169158935547,0.32558971643447876,0.3257463872432709,0.279296875,working
L31_N6772,31,6772,lack_of_knowledge,lok_0034,2.452033519744873,2.4650955200195312,0.013062000274658203,0.26953449845314026,0.2588561475276947,0.279296875,working
L31_N6772,31,6772,lack_of_knowledge,lok_0035,3.0634889602661133,3.0652832984924316,0.0017943382263183594,0.2370489537715912,0.2367561310529709,0.279296875,working
L31_N6772,31,6772,lack_of_knowledge,lok_0036,3.002075433731079,3.0009636878967285,-0.001111745834350586,0.23908543586730957,0.2391348034143448,0.279296875,working
L31_N6772,31,6772,lack_of_knowledge,lok_0037,2.6400294303894043,2.6659605503082275,0.025931119918823242,0.2704247832298279,0.26209476590156555,0.279296875,working
L31_N6772,31,6772,lack_of_knowledge,lok_0038,2.911905288696289,2.857180595397949,-0.054724693298339844,0.43646419048309326,0.45154207944869995,0.279296875,working
L31_N6772,31,6772,lack_of_knowledge,lok_0039,2.876549005508423,2.8786377906799316,0.002088785171508789,0.37225958704948425,0.37207770347595215,0.279296875,working
L31_N6772,31,6772,lack_of_knowledge,lok_0040,1.4230759143829346,1.508040428161621,0.08496451377868652,0.6793196201324463,0.6520184874534607,0.279296875,working
L31_N6772,31,6772,lack_of_knowledge,lok_0041,2.95888614654541,2.959765911102295,0.0008797645568847656,0.28017154335975647,0.2801338732242584,0.279296875,working
L31_N6772,31,6772,lack_of_knowledge,lok_0042,2.4324846267700195,2.4322352409362793,-0.0002493858337402344,0.21404914557933807,0.21363815665245056,0.279296875,working
L31_N6772,31,6772,lack_of_knowledge,lok_0043,2.5788180828094482,2.5782699584960938,-0.0005481243133544922,0.30127057433128357,0.30131542682647705,0.279296875,working
L31_N6772,31,6772,lack_of_knowledge,lok_0044,2.6911308765411377,2.691196918487549,6.604194641113281e-05,0.22111687064170837,0.22111265361309052,0.279296875,working
L31_N6772,31,6772,lack_of_knowledge,lok_0045,1.9650545120239258,1.969458818435669,0.004404306411743164,0.5035289525985718,0.49853819608688354,0.279296875,working
L31_N6772,31,6772,lack_of_knowledge,lok_0046,3.460538148880005,3.460887908935547,0.0003497600555419922,0.17234964668750763,0.17233136296272278,0.279296875,working
L31_N6772,31,6772,lack_of_knowledge,lok_0047,2.815678834915161,2.816887855529785,0.0012090206146240234,0.23076173663139343,0.22951559722423553,0.279296875,working
L31_N6772,31,6772,lack_of_knowledge,lok_0048,2.327691078186035,2.324918508529663,-0.0027725696563720703,0.3101983368396759,0.3104138672351837,0.279296875,working
L31_N6772,31,6772,lack_of_knowledge,lok_0049,3.1199283599853516,3.119448661804199,-0.00047969818115234375,0.2627541720867157,0.2624058723449707,0.279296875,working
L31_N6772,31,6772,lack_of_knowledge,lok_0050,3.0483131408691406,3.03283429145813,-0.015478849411010742,0.1865970939397812,0.19572189450263977,0.279296875,working
L31_N6772,31,6772,lack_of_knowledge,lok_0051,3.7176549434661865,3.71840500831604,0.0007500648498535156,0.16761435568332672,0.1674177646636963,0.279296875,working
L31_N6772,31,6772,lack_of_knowledge,lok_0052,2.293198823928833,2.3086445331573486,0.015445709228515625,0.2652854919433594,0.2719404101371765,0.279296875,working
L31_N6772,31,6772,lack_of_knowledge,lok_0053,2.503537178039551,2.503352642059326,-0.00018453598022460938,0.2919103503227234,0.2919193208217621,0.279296875,working
L31_N6772,31,6772,lack_of_knowledge,lok_0054,2.9047462940216064,2.922816514968872,0.018070220947265625,0.21120452880859375,0.20065875351428986,0.279296875,working
L31_N6772,31,6772,lack_of_knowledge,lok_0055,2.6336722373962402,2.634028434753418,0.0003561973571777344,0.29845601320266724,0.2984254062175751,0.279296875,working
L31_N6772,31,6772,lack_of_knowledge,lok_0056,2.1315324306488037,2.1346328258514404,0.0031003952026367188,0.5574800968170166,0.5565803050994873,0.279296875,working
L31_N6772,31,6772,lack_of_knowledge,lok_0057,4.396864891052246,4.398559093475342,0.0016942024230957031,0.13338956236839294,0.13291914761066437,0.279296875,working
L31_N6772,31,6772,lack_of_knowledge,lok_0058,2.2851853370666504,2.2858805656433105,0.0006952285766601562,0.5099014043807983,0.5095334649085999,0.279296875,working
L31_N6772,31,6772,lack_of_knowledge,lok_0059,2.177844762802124,2.1762378215789795,-0.0016069412231445312,0.2158930003643036,0.2159845232963562,0.279296875,working
L31_N6772,31,6772,lack_of_knowledge,lok_0060,3.3442442417144775,3.345555305480957,0.0013110637664794922,0.24951548874378204,0.24937035143375397,0.279296875,working
L31_N6772,31,6772,lack_of_knowledge,lok_0061,2.585824489593506,2.579846143722534,-0.00597834587097168,0.34842970967292786,0.34428974986076355,0.279296875,working
L31_N6772,31,6772,lack_of_knowledge,lok_0062,2.2484776973724365,2.2457616329193115,-0.002716064453125,0.29464447498321533,0.2993749976158142,0.279296875,working
L31_N6772,31,6772,lack_of_knowledge,lok_0063,2.9368109703063965,2.9373741149902344,0.0005631446838378906,0.3425575792789459,0.3445517122745514,0.279296875,working
L31_N6772,31,6772,lack_of_knowledge,lok_0064,2.5612192153930664,2.5615053176879883,0.000286102294921875,0.17992129921913147,0.1799096018075943,0.279296875,working
L31_N6772,31,6772,lack_of_knowledge,lok_0065,3.717409133911133,3.6916511058807373,-0.025758028030395508,0.19281595945358276,0.20139378309249878,0.279296875,working
L31_N6772,31,6772,lack_of_knowledge,lok_0066,3.292851448059082,3.293769121170044,0.0009176731109619141,0.3255794942378998,0.3255878984928131,0.279296875,working
L31_N6772,31,6772,lack_of_knowledge,lok_0067,3.1203551292419434,3.11887264251709,-0.0014824867248535156,0.2411842942237854,0.2411786913871765,0.279296875,working
L31_N6772,31,6772,lack_of_knowledge,lok_0068,2.5912985801696777,2.588541269302368,-0.0027573108673095703,0.3096522390842438,0.31003692746162415,0.279296875,working
L31_N6772,31,6772,lack_of_knowledge,lok_0069,2.371748924255371,2.3738222122192383,0.0020732879638671875,0.28834694623947144,0.28747138381004333,0.279296875,working
L31_N6772,31,6772,lack_of_knowledge,lok_0070,2.536459445953369,2.5325114727020264,-0.0039479732513427734,0.3151390552520752,0.3155621290206909,0.279296875,working
L31_N6772,31,6772,lack_of_knowledge,lok_0071,2.7114217281341553,2.7088708877563477,-0.002550840377807617,0.22638347744941711,0.22662882506847382,0.279296875,working
L31_N6772,31,6772,lack_of_knowledge,lok_0072,2.945474624633789,2.9414124488830566,-0.004062175750732422,0.22078350186347961,0.21939346194267273,0.279296875,working
L31_N6772,31,6772,lack_of_knowledge,lok_0073,3.311706066131592,3.2985177040100098,-0.013188362121582031,0.1539117693901062,0.15221092104911804,0.279296875,working
L31_N6772,31,6772,lack_of_knowledge,lok_0074,2.3373231887817383,2.337564468383789,0.00024127960205078125,0.444598913192749,0.4445820152759552,0.279296875,working
L31_N6772,31,6772,lack_of_knowledge,lok_0075,2.732898473739624,2.7361998558044434,0.003301382064819336,0.2755686044692993,0.27477821707725525,0.279296875,working
L31_N6772,31,6772,lack_of_knowledge,lok_0076,2.7133607864379883,2.7134013175964355,4.0531158447265625e-05,0.2981022000312805,0.29810047149658203,0.279296875,working
L31_N6772,31,6772,lack_of_knowledge,lok_0077,2.6673073768615723,2.6928906440734863,0.025583267211914062,0.2877824008464813,0.2757987678050995,0.279296875,working
L31_N6772,31,6772,lack_of_knowledge,lok_0078,2.2790873050689697,2.282137155532837,0.0030498504638671875,0.3307228684425354,0.3298341631889343,0.279296875,working
L31_N6772,31,6772,lack_of_knowledge,lok_0079,2.241702079772949,2.2375996112823486,-0.004102468490600586,0.4129316806793213,0.4137239158153534,0.279296875,working
L31_N6772,31,6772,lack_of_knowledge,lok_0080,2.701868772506714,2.699270725250244,-0.0025980472564697266,0.29091277718544006,0.29130569100379944,0.279296875,working
L31_N6772,31,6772,lack_of_knowledge,lok_0081,2.630154609680176,2.632398843765259,0.002244234085083008,0.2526571750640869,0.2559506297111511,0.279296875,working
L31_N6772,31,6772,lack_of_knowledge,lok_0082,2.4794020652770996,2.478360652923584,-0.001041412353515625,0.4859446585178375,0.4860536754131317,0.279296875,working
L31_N6772,31,6772,lack_of_knowledge,lok_0083,3.205901622772217,3.2037601470947266,-0.0021414756774902344,0.2136554718017578,0.21465474367141724,0.279296875,working
L31_N6772,31,6772,lack_of_knowledge,lok_0084,2.2095985412597656,2.211744785308838,0.0021462440490722656,0.2736474871635437,0.27336812019348145,0.279296875,held_out
L31_N6772,31,6772,lack_of_knowledge,lok_0085,2.287148952484131,2.287851572036743,0.0007026195526123047,0.5165454149246216,0.5165234804153442,0.279296875,held_out
L31_N6772,31,6772,lack_of_knowledge,lok_0086,2.2640910148620605,2.2659173011779785,0.0018262863159179688,0.2827526330947876,0.2825761139392853,0.279296875,held_out
L31_N6772,31,6772,lack_of_knowledge,lok_0087,2.3641552925109863,2.3637654781341553,-0.0003898143768310547,0.3289211094379425,0.3289460837841034,0.279296875,held_out
L31_N6772,31,6772,lack_of_knowledge,lok_0088,2.5307564735412598,2.5311286449432373,0.00037217140197753906,0.28495776653289795,0.2849391996860504,0.279296875,held_out
L31_N6772,31,6772,lack_of_knowledge,lok_0089,2.8428843021392822,2.842820167541504,-6.413459777832031e-05,0.2343607097864151,0.23436284065246582,0.279296875,held_out
L31_N6772,31,6772,lack_of_knowledge,lok_0090,2.067660093307495,2.06766414642334,4.0531158447265625e-06,0.4261133074760437,0.4261133372783661,0.279296875,held_out
L31_N6772,31,6772,lack_of_knowledge,lok_0091,2.733212471008301,2.7342307567596436,0.0010182857513427734,0.3444516658782959,0.34432557225227356,0.279296875,held_out
L31_N6772,31,6772,lack_of_knowledge,lok_0092,3.0582218170166016,3.0581915378570557,-3.0279159545898438e-05,0.19981129467487335,0.19981521368026733,0.279296875,held_out
L31_N6772,31,6772,lack_of_knowledge,lok_0093,2.717287540435791,2.7192068099975586,0.0019192695617675781,0.2532733976840973,0.2525489330291748,0.279296875,held_out
L31_N6772,31,6772,lack_of_knowledge,lok_0094,2.132460594177246,2.1335995197296143,0.001138925552368164,0.28502002358436584,0.28427499532699585,0.279296875,held_out
L31_N6772,31,6772,lack_of_knowledge,lok_0095,2.44497013092041,2.4430534839630127,-0.001916646957397461,0.26511991024017334,0.2657710909843445,0.279296875,held_out
L31_N6772,31,6772,lack_of_knowledge,lok_0096,1.895049810409546,1.8971235752105713,0.0020737648010253906,0.4387989044189453,0.4384416341781616,0.279296875,held_out
L31_N6772,31,6772,lack_of_knowledge,lok_0097,3.1339588165283203,3.1356611251831055,0.0017023086547851562,0.2454637587070465,0.24528925120830536,0.279296875,held_out
L31_N6772,31,6772,lack_of_knowledge,lok_0098,3.102553367614746,3.100986957550049,-0.0015664100646972656,0.27237218618392944,0.2725968658924103,0.279296875,held_out
L31_N6772,31,6772,lack_of_knowledge,lok_0099,3.007906436920166,3.0254127979278564,0.01750636100769043,0.2266935557126999,0.216377392411232,0.279296875,held_out
L31_N6772,31,6772,lack_of_knowledge,lok_0100,3.406787872314453,3.3723416328430176,-0.03444623947143555,0.26816415786743164,0.2805219292640686,0.279296875,held_out
L31_N6772,31,6772,lack_of_knowledge,lok_0101,1.8872756958007812,1.8883559703826904,0.0010802745819091797,0.5120028853416443,0.5118690133094788,0.279296875,held_out
L31_N6772,31,6772,lack_of_knowledge,lok_0102,2.6861648559570312,2.687915325164795,0.0017504692077636719,0.2716147005558014,0.27121344208717346,0.279296875,held_out
L31_N6772,31,6772,lack_of_knowledge,lok_0103,2.4825572967529297,2.4834351539611816,0.0008778572082519531,0.246735081076622,0.2466956079006195,0.279296875,held_out
L31_N6772,31,6772,lack_of_knowledge,lok_0104,2.4228668212890625,2.422569751739502,-0.0002970695495605469,0.23433850705623627,0.234354630112648,0.279296875,held_out
L31_N6772,31,6772,lack_of_knowledge,lok_0105,2.0768651962280273,2.084217071533203,0.007351875305175781,0.2821453809738159,0.2888074517250061,0.279296875,held_out
L31_N6772,31,6772,lack_of_knowledge,lok_0106,3.1305816173553467,3.130565643310547,-1.5974044799804688e-05,0.2826291620731354,0.2826298177242279,0.279296875,held_out
L31_N6772,31,6772,lack_of_knowledge,lok_0107,3.3110029697418213,3.3110084533691406,5.4836273193359375e-06,0.2635786533355713,0.2635778784751892,0.279296875,held_out
L31_N6772,31,6772,lack_of_knowledge,lok_0108,3.6194231510162354,3.618926763534546,-0.0004963874816894531,0.214120551943779,0.21414121985435486,0.279296875,held_out
L31_N6772,31,6772,lack_of_knowledge,lok_0109,1.9952112436294556,2.0165467262268066,0.021335482597351074,0.31463712453842163,0.325320303440094,0.279296875,held_out
L31_N6772,31,6772,lack_of_knowledge,lok_0110,2.602980136871338,2.602909564971924,-7.05718994140625e-05,0.23165905475616455,0.23166261613368988,0.279296875,held_out
L31_N6772,31,6772,lack_of_knowledge,lok_0111,2.431495189666748,2.4292776584625244,-0.002217531204223633,0.31492727994918823,0.3154447376728058,0.279296875,held_out
L31_N6772,31,6772,lack_of_knowledge,lok_0112,2.402334451675415,2.405045509338379,0.002711057662963867,0.38672342896461487,0.3863448202610016,0.279296875,held_out
L31_N6772,31,6772,lack_of_knowledge,lok_0113,2.746509552001953,2.7309775352478027,-0.01553201675415039,0.220510795712471,0.23116666078567505,0.279296875,held_out
L31_N6772,31,6772,lack_of_knowledge,lok_0114,1.8042078018188477,1.8030719757080078,-0.0011358261108398438,0.36461204290390015,0.36470046639442444,0.279296875,held_out
L31_N6772,31,6772,lack_of_knowledge,lok_0115,2.9469594955444336,2.8789877891540527,-0.06797170639038086,0.30013546347618103,0.32713180780410767,0.279296875,held_out
L31_N6772,31,6772,lack_of_knowledge,lok_0116,2.007812023162842,2.007957935333252,0.00014591217041015625,0.5500673651695251,0.5500582456588745,0.279296875,held_out
L31_N6772,31,6772,lack_of_knowledge,lok_0117,3.192384958267212,3.1735079288482666,-0.018877029418945312,0.2453351616859436,0.2408420592546463,0.279296875,held_out
L31_N6772,31,6772,lack_of_knowledge,lok_0118,3.4750897884368896,3.4775280952453613,0.0024383068084716797,0.18571816384792328,0.18510344624519348,0.279296875,held_out
L31_N6772,31,6772,lack_of_knowledge,lok_0119,2.428151845932007,2.426100015640259,-0.002051830291748047,0.2608487904071808,0.26208987832069397,0.279296875,held_out
L20_N2742,20,2742,lack_of_knowledge,lok_0000,3.908881902694702,3.910618543624878,0.0017366409301757812,0.14724333584308624,0.14737561345100403,0.1533203125,working
L20_N2742,20,2742,lack_of_knowledge,lok_0001,2.8249709606170654,2.822176694869995,-0.0027942657470703125,0.2386796474456787,0.24018216133117676,0.1533203125,working
L20_N2742,20,2742,lack_of_knowledge,lok_0002,3.1003873348236084,3.105459690093994,0.005072355270385742,0.2314060479402542,0.23709143698215485,0.1533203125,working
L20_N2742,20,2742,lack_of_knowledge,lok_0003,2.249481439590454,2.251235008239746,0.0017535686492919922,0.2636534869670868,0.2632865011692047,0.1533203125,working
L20_N2742,20,2742,lack_of_knowledge,lok_0004,2.493800163269043,2.498994827270508,0.005194664001464844,0.311267614364624,0.30861032009124756,0.1533203125,working
L20_N2742,20,2742,lack_of_knowledge,lok_0005,2.7805252075195312,2.807633399963379,0.027108192443847656,0.3278445303440094,0.31557464599609375,0.1533203125,working
L20_N2742,20,2742,lack_of_knowledge,lok_0006,2.244798183441162,2.3113856315612793,0.06658744812011719,0.36405470967292786,0.3515113592147827,0.1533203125,working
L20_N2742,20,2742,lack_of_knowledge,lok_0007,4.115026473999023,4.099243640899658,-0.015782833099365234,0.1506902426481247,0.1583886295557022,0.1533203125,working
L20_N2742,20,2742,lack_of_knowledge,lok_0008,2.711564302444458,2.701262950897217,-0.010301351547241211,0.2988700866699219,0.293249249458313,0.1533203125,working
L20_N2742,20,2742,lack_of_knowledge,lok_0009,2.668410539627075,2.6618964672088623,-0.006514072418212891,0.3281840980052948,0.3229696750640869,0.1533203125,working
L20_N2742,20,2742,lack_of_knowledge,lok_0010,2.7420661449432373,2.725780487060547,-0.01628565788269043,0.23133890330791473,0.24339322745800018,0.1533203125,working
L20_N2742,20,2742,lack_of_knowledge,lok_0011,1.8690134286880493,1.8545769453048706,-0.014436483383178711,0.5327321887016296,0.5381621718406677,0.1533203125,working
L20_N2742,20,2742,lack_of_knowledge,lok_0012,2.662747383117676,2.6589207649230957,-0.003826618194580078,0.24309544265270233,0.23876860737800598,0.1533203125,working
L20_N2742,20,2742,lack_of_knowledge,lok_0013,3.290672779083252,3.2900326251983643,-0.0006401538848876953,0.28111976385116577,0.282687246799469,0.1533203125,working
L20_N2742,20,2742,lack_of_knowledge,lok_0014,3.0893006324768066,3.090076446533203,0.0007758140563964844,0.16240721940994263,0.16233430802822113,0.1533203125,working
L20_N2742,20,2742,lack_of_knowledge,lok_0015,2.6001811027526855,2.5903377532958984,-0.00984334945678711,0.22337457537651062,0.21781660616397858,0.1533203125,working
L20_N2742,20,2742,lack_of_knowledge,lok_0016,3.636564254760742,3.6423511505126953,0.005786895751953125,0.14686629176139832,0.14932674169540405,0.1533203125,working
L20_N2742,20,2742,lack_of_knowledge,lok_0017,1.7938029766082764,1.7885769605636597,-0.005226016044616699,0.6357941627502441,0.6367173194885254,0.1533203125,working
L20_N2742,20,2742,lack_of_knowledge,lok_0018,3.76168155670166,3.7720770835876465,0.010395526885986328,0.15997152030467987,0.16105131804943085,0.1533203125,working
L20_N2742,20,2742,lack_of_knowledge,lok_0019,2.5667991638183594,2.5637049674987793,-0.003094196319580078,0.3893742263317108,0.39742136001586914,0.1533203125,working
L20_N2742,20,2742,lack_of_knowledge,lok_0020,2.966003179550171,2.914248466491699,-0.05175471305847168,0.22749841213226318,0.2537366449832916,0.1533203125,working
L20_N2742,20,2742,lack_of_knowledge,lok_0021,2.526073455810547,2.5300369262695312,0.003963470458984375,0.22123083472251892,0.2200847566127777,0.1533203125,working
L20_N2742,20,2742,lack_of_knowledge,lok_0022,2.6455888748168945,2.6604480743408203,0.014859199523925781,0.40096139907836914,0.4071243703365326,0.1533203125,working
L20_N2742,20,2742,lack_of_knowledge,lok_0023,1.922859787940979,1.879980444908142,-0.042879343032836914,0.38112276792526245,0.396431028842926,0.1533203125,working
L20_N2742,20,2742,lack_of_knowledge,lok_0024,2.9470975399017334,2.927644968032837,-0.019452571868896484,0.214198037981987,0.22369809448719025,0.1533203125,working
L20_N2742,20,2742,lack_of_knowledge,lok_0025,1.5543040037155151,1.6304543018341064,0.07615029811859131,0.6460787653923035,0.6274662613868713,0.1533203125,working
L20_N2742,20,2742,lack_of_knowledge,lok_0026,2.252201557159424,2.191389322280884,-0.06081223487854004,0.36627739667892456,0.3960399627685547,0.1533203125,working
L20_N2742,20,2742,lack_of_knowledge,lok_0027,2.104827404022217,2.1055264472961426,0.0006990432739257812,0.30361494421958923,0.3035571277141571,0.1533203125,working
L20_N2742,20,2742,lack_of_knowledge,lok_0028,2.2237110137939453,2.220621109008789,-0.00308990478515625,0.373460054397583,0.37441182136535645,0.1533203125,working
L20_N2742,20,2742,lack_of_knowledge,lok_0029,1.8713101148605347,1.8771870136260986,0.005876898765563965,0.3468768000602722,0.3456711173057556,0.1533203125,working
L20_N2742,20,2742,lack_of_knowledge,lok_0030,2.753704309463501,2.746894359588623,-0.00680994987487793,0.2713783383369446,0.26927223801612854,0.1533203125,working
L20_N2742,20,2742,lack_of_knowledge,lok_0031,2.2892045974731445,2.303994655609131,0.014790058135986328,0.40870699286460876,0.4034290313720703,0.1533203125,working
L20_N2742,20,2742,lack_of_knowledge,lok_0032,0.7064740061759949,0.6418991088867188,-0.06457489728927612,0.8929246068000793,0.9044440984725952,0.1533203125,working
L20_N2742,20,2742,lack_of_knowledge,lok_0033,2.459549903869629,2.46976900100708,0.010219097137451172,0.32558971643447876,0.3234555721282959,0.1533203125,working
L20_N2742,20,2742,lack_of_knowledge,lok_0034,2.452033519744873,2.49574613571167,0.043712615966796875,0.26953449845314026,0.2648816704750061,0.1533203125,working
L20_N2742,20,2742,lack_of_knowledge,lok_0035,3.0634889602661133,3.0625791549682617,-0.0009098052978515625,0.2370489537715912,0.2367458939552307,0.1533203125,working
L20_N2742,20,2742,lack_of_knowledge,lok_0036,3.002075433731079,3.003101348876953,0.0010259151458740234,0.23908543586730957,0.2376575469970703,0.1533203125,working
L20_N2742,20,2742,lack_of_knowledge,lok_0037,2.6400294303894043,2.6467132568359375,0.006683826446533203,0.2704247832298279,0.2762404680252075,0.1533203125,working
L20_N2742,20,2742,lack_of_knowledge,lok_0038,2.911905288696289,2.857931137084961,-0.053974151611328125,0.43646419048309326,0.4565209448337555,0.1533203125,working
L20_N2742,20,2742,lack_of_knowledge,lok_0039,2.876549005508423,2.9111528396606445,0.03460383415222168,0.37225958704948425,0.3513816297054291,0.1533203125,working
L20_N2742,20,2742,lack_of_knowledge,lok_0040,1.4230759143829346,1.4771524667739868,0.054076552391052246,0.6793196201324463,0.6649101376533508,0.1533203125,working
L20_N2742,20,2742,lack_of_knowledge,lok_0041,2.95888614654541,2.9623208045959473,0.0034346580505371094,0.28017154335975647,0.2794092297554016,0.1533203125,working
L20_N2742,20,2742,lack_of_knowledge,lok_0042,2.4324846267700195,2.4617600440979004,0.02927541732788086,0.21404914557933807,0.22775036096572876,0.1533203125,working
L20_N2742,20,2742,lack_of_knowledge,lok_0043,2.5788180828094482,2.577605724334717,-0.0012123584747314453,0.30127057433128357,0.3004765510559082,0.1533203125,working
L20_N2742,20,2742,lack_of_knowledge,lok_0044,2.6911308765411377,2.688936233520508,-0.002194643020629883,0.22111687064170837,0.20885121822357178,0.1533203125,working
L20_N2742,20,2742,lack_of_knowledge,lok_0045,1.9650545120239258,2.05354642868042,0.08849191665649414,0.5035289525985718,0.4662633240222931,0.1533203125,working
L20_N2742,20,2742,lack_of_knowledge,lok_0046,3.460538148880005,3.411766529083252,-0.04877161979675293,0.17234964668750763,0.17603133618831635,0.1533203125,working
L20_N2742,20,2742,lack_of_knowledge,lok_0047,2.815678834915161,2.807706356048584,-0.007972478866577148,0.23076173663139343,0.23884600400924683,0.1533203125,working
L20_N2742,20,2742,lack_of_knowledge,lok_0048,2.327691078186035,2.3111345767974854,-0.016556501388549805,0.3101983368396759,0.30050984025001526,0.1533203125,working
L20_N2742,20,2742,lack_of_knowledge,lok_0049,3.1199283599853516,3.1188249588012695,-0.0011034011840820312,0.2627541720867157,0.26288723945617676,0.1533203125,working
L20_N2742,20,2742,lack_of_knowledge,lok_0050,3.0483131408691406,3.0584423542022705,0.010129213333129883,0.1865970939397812,0.18889547884464264,0.1533203125,working
L20_N2742,20,2742,lack_of_knowledge,lok_0051,3.7176549434661865,3.701716184616089,-0.015938758850097656,0.16761435568332672,0.1667678952217102,0.1533203125,working
L20_N2742,20,2742,lack_of_knowledge,lok_0052,2.293198823928833,2.311771869659424,0.01857304573059082,0.2652854919433594,0.2713179290294647,0.1533203125,working
L20_N2742,20,2742,lack_of_knowledge,lok_0053,2.503537178039551,2.497633695602417,-0.005903482437133789,0.2919103503227234,0.29324793815612793,0.1533203125,working
L20_N2742,20,2742,lack_of_knowledge,lok_0054,2.9047462940216064,2.913907289505005,0.009160995483398438,0.21120452880859375,0.210292786359787,0.1533203125,working
L20_N2742,20,2742,lack_of_knowledge,lok_0055,2.6336722373962402,2.5727365016937256,-0.06093573570251465,0.29845601320266724,0.3203582763671875,0.1533203125,working
L20_N2742,20,2742,lack_of_knowledge,lok_0056,2.1315324306488037,2.155083656311035,0.023551225662231445,0.5574800968170166,0.5501213669776917,0.1533203125,working
L20_N2742,20,2742,lack_of_knowledge,lok_0057,4.396864891052246,4.400543212890625,0.0036783218383789062,0.13338956236839294,0.1325894147157669,0.1533203125,working
L20_N2742,20,2742,lack_of_knowledge,lok_0058,2.2851853370666504,2.2913854122161865,0.006200075149536133,0.5099014043807983,0.5080490708351135,0.1533203125,working
L20_N2742,20,2742,lack_of_knowledge,lok_0059,2.177844762802124,2.1809778213500977,0.003133058547973633,0.2158930003643036,0.216110959649086,0.1533203125,working
L20_N2742,20,2742,lack_of_knowledge,lok_0060,3.3442442417144775,3.307872772216797,-0.036371469497680664,0.24951548874378204,0.2587762773036957,0.1533203125,working
L20_N2742,20,2742,lack_of_knowledge,lok_0061,2.585824489593506,2.591710329055786,0.0058858394622802734,0.34842970967292786,0.3408215641975403,0.1533203125,working
L20_N2742,20,2742,lack_of_knowledge,lok_0062,2.2484776973724365,2.243239402770996,-0.00523829460144043,0.29464447498321533,0.29516083002090454,0.1533203125,working
L20_N2742,20,2742,lack_of_knowledge,lok_0063,2.9368109703063965,2.9404900074005127,0.003679037094116211,0.3425575792789459,0.3391532897949219,0.1533203125,working
L20_N2742,20,2742,lack_of_knowledge,lok_0064,2.5612192153930664,2.5514471530914307,-0.009772062301635742,0.17992129921913147,0.1775500327348709,0.1533203125,working
L20_N2742,20,2742,lack_of_knowledge,lok_0065,3.717409133911133,3.717409133911133,0.0,0.19281595945358276,0.19281595945358276,0.1533203125,working
L20_N2742,20,2742,lack_of_knowledge,lok_0066,3.292851448059082,3.2588112354278564,-0.034040212631225586,0.3255794942378998,0.3393755257129669,0.1533203125,working
L20_N2742,20,2742,lack_of_knowledge,lok_0067,3.1203551292419434,3.1209652423858643,0.0006101131439208984,0.2411842942237854,0.24373678863048553,0.1533203125,working
L20_N2742,20,2742,lack_of_knowledge,lok_0068,2.5912985801696777,2.5896053314208984,-0.0016932487487792969,0.3096522390842438,0.3104027509689331,0.1533203125,working
L20_N2742,20,2742,lack_of_knowledge,lok_0069,2.371748924255371,2.3769516944885254,0.005202770233154297,0.28834694623947144,0.29905232787132263,0.1533203125,working
L20_N2742,20,2742,lack_of_knowledge,lok_0070,2.536459445953369,2.536459445953369,0.0,0.3151390552520752,0.3151390552520752,0.1533203125,working
L20_N2742,20,2742,lack_of_knowledge,lok_0071,2.7114217281341553,2.7508842945098877,0.03946256637573242,0.22638347744941711,0.2313198298215866,0.1533203125,working
L20_N2742,20,2742,lack_of_knowledge,lok_0072,2.945474624633789,2.930903911590576,-0.01457071304321289,0.22078350186347961,0.22502969205379486,0.1533203125,working
L20_N2742,20,2742,lack_of_knowledge,lok_0073,3.311706066131592,3.3083748817443848,-0.0033311843872070312,0.1539117693901062,0.15508143603801727,0.1533203125,working
L20_N2742,20,2742,lack_of_knowledge,lok_0074,2.3373231887817383,2.328709602355957,-0.00861358642578125,0.444598913192749,0.448048859834671,0.1533203125,working
L20_N2742,20,2742,lack_of_knowledge,lok_0075,2.732898473739624,2.7343873977661133,0.0014889240264892578,0.2755686044692993,0.27517592906951904,0.1533203125,working
L20_N2742,20,2742,lack_of_knowledge,lok_0076,2.7133607864379883,2.7179877758026123,0.0046269893646240234,0.2981022000312805,0.29521533846855164,0.1533203125,working
L20_N2742,20,2742,lack_of_knowledge,lok_0077,2.6673073768615723,2.6977057456970215,0.03039836883544922,0.2877824008464813,0.28531163930892944,0.1533203125,working
L20_N2742,20,2742,lack_of_knowledge,lok_0078,2.2790873050689697,2.2884774208068848,0.009390115737915039,0.3307228684425354,0.33085644245147705,0.1533203125,working
L20_N2742,20,2742,lack_of_knowledge,lok_0079,2.241702079772949,2.2468578815460205,0.005155801773071289,0.4129316806793213,0.4121796786785126,0.1533203125,working
L20_N2742,20,2742,lack_of_knowledge,lok_0080,2.701868772506714,2.7003190517425537,-0.0015497207641601562,0.29091277718544006,0.29257142543792725,0.1533203125,working
L20_N2742,20,2742,lack_of_knowledge,lok_0081,2.630154609680176,2.6391358375549316,0.00898122787475586,0.2526571750640869,0.2600814402103424,0.1533203125,working
L20_N2742,20,2742,lack_of_knowledge,lok_0082,2.4794020652770996,2.579005718231201,0.09960365295410156,0.4859446585178375,0.4567454159259796,0.1533203125,working
L20_N2742,20,2742,lack_of_knowledge,lok_0083,3.205901622772217,3.209475517272949,0.003573894500732422,0.2136554718017578,0.2136334925889969,0.1533203125,working
L20_N2742,20,2742,lack_of_knowledge,lok_0084,2.2095985412597656,2.211489677429199,0.0018911361694335938,0.2736474871635437,0.2735714614391327,0.1533203125,held_out
L20_N2742,20,2742,lack_of_knowledge,lok_0085,2.287148952484131,2.278759717941284,-0.00838923454284668,0.5165454149246216,0.5190336108207703,0.1533203125,held_out
L20_N2742,20,2742,lack_of_knowledge,lok_0086,2.2640910148620605,2.303711175918579,0.039620161056518555,0.2827526330947876,0.2670041620731354,0.1533203125,held_out
L20_N2742,20,2742,lack_of_knowledge,lok_0087,2.3641552925109863,2.4128365516662598,0.04868125915527344,0.3289211094379425,0.30572235584259033,0.1533203125,held_out
L20_N2742,20,2742,lack_of_knowledge,lok_0088,2.5307564735412598,2.551424503326416,0.02066802978515625,0.28495776653289795,0.2737776041030884,0.1533203125,held_out
L20_N2742,20,2742,lack_of_knowledge,lok_0089,2.8428843021392822,2.8318679332733154,-0.011016368865966797,0.2343607097864151,0.24384655058383942,0.1533203125,held_out
L20_N2742,20,2742,lack_of_knowledge,lok_0090,2.067660093307495,2.0626602172851562,-0.004999876022338867,0.4261133074760437,0.42819148302078247,0.1533203125,held_out
L20_N2742,20,2742,lack_of_knowledge,lok_0091,2.733212471008301,2.732654094696045,-0.0005583763122558594,0.3444516658782959,0.33797526359558105,0.1533203125,held_out
L20_N2742,20,2742,lack_of_knowledge,lok_0092,3.0582218170166016,3.0693955421447754,0.011173725128173828,0.19981129467487335,0.20363421738147736,0.1533203125,held_out
L20_N2742,20,2742,lack_of_knowledge,lok_0093,2.717287540435791,2.71315860748291,-0.004128932952880859,0.2532733976840973,0.2535383999347687,0.1533203125,held_out
L20_N2742,20,2742,lack_of_knowledge,lok_0094,2.132460594177246,2.1292896270751953,-0.0031709671020507812,0.28502002358436584,0.2853427529335022,0.1533203125,held_out
L20_N2742,20,2742,lack_of_knowledge,lok_0095,2.44497013092041,2.4531168937683105,0.00814676284790039,0.26511991024017334,0.263797402381897,0.1533203125,held_out
L20_N2742,20,2742,lack_of_knowledge,lok_0096,1.895049810409546,1.9387381076812744,0.043688297271728516,0.4387989044189453,0.41123831272125244,0.1533203125,held_out
L20_N2742,20,2742,lack_of_knowledge,lok_0097,3.1339588165283203,3.14507794380188,0.01111912727355957,0.2454637587070465,0.24683603644371033,0.1533203125,held_out
L20_N2742,20,2742,lack_of_knowledge,lok_0098,3.102553367614746,3.1067378520965576,0.0041844844818115234,0.27237218618392944,0.2714257836341858,0.1533203125,held_out
L20_N2742,20,2742,lack_of_knowledge,lok_0099,3.007906436920166,3.022703170776367,0.014796733856201172,0.2266935557126999,0.2213827520608902,0.1533203125,held_out
L20_N2742,20,2742,lack_of_knowledge,lok_0100,3.406787872314453,3.362893581390381,-0.043894290924072266,0.26816415786743164,0.2765267491340637,0.1533203125,held_out
L20_N2742,20,2742,lack_of_knowledge,lok_0101,1.8872756958007812,1.8886590003967285,0.0013833045959472656,0.5120028853416443,0.511811375617981,0.1533203125,held_out
L20_N2742,20,2742,lack_of_knowledge,lok_0102,2.6861648559570312,2.684800386428833,-0.0013644695281982422,0.2716147005558014,0.27162912487983704,0.1533203125,held_out
L20_N2742,20,2742,lack_of_knowledge,lok_0103,2.4825572967529297,2.4691061973571777,-0.013451099395751953,0.246735081076622,0.2504047453403473,0.1533203125,held_out
L20_N2742,20,2742,lack_of_knowledge,lok_0104,2.4228668212890625,2.4510810375213623,0.028214216232299805,0.23433850705623627,0.23980699479579926,0.1533203125,held_out
L20_N2742,20,2742,lack_of_knowledge,lok_0105,2.0768651962280273,2.0765175819396973,-0.0003476142883300781,0.2821453809738159,0.28216493129730225,0.1533203125,held_out
L20_N2742,20,2742,lack_of_knowledge,lok_0106,3.1305816173553467,3.1872072219848633,0.0566256046295166,0.2826291620731354,0.25987786054611206,0.1533203125,held_out
L20_N2742,20,2742,lack_of_knowledge,lok_0107,3.3110029697418213,3.3084261417388916,-0.0025768280029296875,0.2635786533355713,0.26344725489616394,0.1533203125,held_out
L20_N2742,20,2742,lack_of_knowledge,lok_0108,3.6194231510162354,3.6239774227142334,0.004554271697998047,0.214120551943779,0.21145190298557281,0.1533203125,held_out
L20_N2742,20,2742,lack_of_knowledge,lok_0109,1.9952112436294556,2.0127596855163574,0.017548441886901855,0.31463712453842163,0.32571670413017273,0.1533203125,held_out
L20_N2742,20,2742,lack_of_knowledge,lok_0110,2.602980136871338,2.5844953060150146,-0.018484830856323242,0.23165905475616455,0.22687576711177826,0.1533203125,held_out
L20_N2742,20,2742,lack_of_knowledge,lok_0111,2.431495189666748,2.428689956665039,-0.0028052330017089844,0.31492727994918823,0.31525468826293945,0.1533203125,held_out
L20_N2742,20,2742,lack_of_knowledge,lok_0112,2.402334451675415,2.4094045162200928,0.007070064544677734,0.38672342896461487,0.3851049840450287,0.1533203125,held_out
L20_N2742,20,2742,lack_of_knowledge,lok_0113,2.746509552001953,2.73105788230896,-0.015451669692993164,0.220510795712471,0.22859960794448853,0.1533203125,held_out
L20_N2742,20,2742,lack_of_knowledge,lok_0114,1.8042078018188477,1.8047020435333252,0.0004942417144775391,0.36461204290390015,0.3649882376194,0.1533203125,held_out
L20_N2742,20,2742,lack_of_knowledge,lok_0115,2.9469594955444336,2.942066192626953,-0.004893302917480469,0.30013546347618103,0.30028095841407776,0.1533203125,held_out
L20_N2742,20,2742,lack_of_knowledge,lok_0116,2.007812023162842,2.0000405311584473,-0.007771492004394531,0.5500673651695251,0.5534745454788208,0.1533203125,held_out
L20_N2742,20,2742,lack_of_knowledge,lok_0117,3.192384958267212,3.159616470336914,-0.03276848793029785,0.2453351616859436,0.2539485692977905,0.1533203125,held_out
L20_N2742,20,2742,lack_of_knowledge,lok_0118,3.4750897884368896,3.5055043697357178,0.030414581298828125,0.18571816384792328,0.17846360802650452,0.1533203125,held_out
L20_N2742,20,2742,lack_of_knowledge,lok_0119,2.428151845932007,2.436143159866333,0.007991313934326172,0.2608487904071808,0.26288750767707825,0.1533203125,held_out
L31_N3330,31,3330,lack_of_knowledge,lok_0000,3.908881902694702,3.9089529514312744,7.104873657226562e-05,0.14724333584308624,0.14724154770374298,0.384765625,working
L31_N3330,31,3330,lack_of_knowledge,lok_0001,2.8249709606170654,2.8249764442443848,5.4836273193359375e-06,0.2386796474456787,0.2386794239282608,0.384765625,working
L31_N3330,31,3330,lack_of_knowledge,lok_0002,3.1003873348236084,3.1012158393859863,0.0008285045623779297,0.2314060479402542,0.23125778138637543,0.384765625,working
L31_N3330,31,3330,lack_of_knowledge,lok_0003,2.249481439590454,2.249525547027588,4.410743713378906e-05,0.2636534869670868,0.26365306973457336,0.384765625,working
L31_N3330,31,3330,lack_of_knowledge,lok_0004,2.493800163269043,2.4948372840881348,0.0010371208190917969,0.311267614364624,0.30993416905403137,0.384765625,working
L31_N3330,31,3330,lack_of_knowledge,lok_0005,2.7805252075195312,2.780514717102051,-1.049041748046875e-05,0.3278445303440094,0.32784488797187805,0.384765625,working
L31_N3330,31,3330,lack_of_knowledge,lok_0006,2.244798183441162,2.244877338409424,7.915496826171875e-05,0.36405470967292786,0.3640388250350952,0.384765625,working
L31_N3330,31,3330,lack_of_knowledge,lok_0007,4.115026473999023,4.115060806274414,3.4332275390625e-05,0.1506902426481247,0.15070420503616333,0.384765625,working
L31_N3330,31,3330,lack_of_knowledge,lok_0008,2.711564302444458,2.7110397815704346,-0.0005245208740234375,0.2988700866699219,0.29890477657318115,0.384765625,working
L31_N3330,31,3330,lack_of_knowledge,lok_0009,2.668410539627075,2.6701316833496094,0.0017211437225341797,0.3281840980052948,0.3260728418827057,0.384765625,working
L31_N3330,31,3330,lack_of_knowledge,lok_0010,2.7420661449432373,2.7431154251098633,0.0010492801666259766,0.23133890330791473,0.23118320107460022,0.384765625,working
L31_N3330,31,3330,lack_of_knowledge,lok_0011,1.8690134286880493,1.8690664768218994,5.3048133850097656e-05,0.5327321887016296,0.5327277779579163,0.384765625,working
L31_N3330,31,3330,lack_of_knowledge,lok_0012,2.662747383117676,2.663156509399414,0.00040912628173828125,0.24309544265270233,0.24306920170783997,0.384765625,working
L31_N3330,31,3330,lack_of_knowledge,lok_0013,3.290672779083252,3.292038679122925,0.0013659000396728516,0.28111976385116577,0.28246772289276123,0.384765625,working
L31_N3330,31,3330,lack_of_knowledge,lok_0014,3.0893006324768066,3.088052988052368,-0.0012476444244384766,0.16240721940994263,0.1626037061214447,0.384765625,working
L31_N3330,31,3330,lack_of_knowledge,lok_0015,2.6001811027526855,2.5999581813812256,-0.00022292137145996094,0.22337457537651062,0.2233862578868866,0.384765625,working
L31_N3330,31,3330,lack_of_knowledge,lok_0016,3.636564254760742,3.6467275619506836,0.010163307189941406,0.14686629176139832,0.14831037819385529,0.384765625,working
L31_N3330,31,3330,lack_of_knowledge,lok_0017,1.7938029766082764,1.7898496389389038,-0.003953337669372559,0.6357941627502441,0.6366551518440247,0.384765625,working
L31_N3330,31,3330,lack_of_knowledge,lok_0018,3.76168155670166,3.761416435241699,-0.0002651214599609375,0.15997152030467987,0.15998098254203796,0.384765625,working
L31_N3330,31,3330,lack_of_knowledge,lok_0019,2.5667991638183594,2.5668091773986816,1.0013580322265625e-05,0.3893742263317108,0.389373779296875,0.384765625,working
L31_N3330,31,3330,lack_of_knowledge,lok_0020,2.966003179550171,2.9668946266174316,0.0008914470672607422,0.22749841213226318,0.22744940221309662,0.384765625,working
L31_N3330,31,3330,lack_of_knowledge,lok_0021,2.526073455810547,2.5296244621276855,0.003551006317138672,0.22123083472251892,0.2200997769832611,0.384765625,working
L31_N3330,31,3330,lack_of_knowledge,lok_0022,2.6455888748168945,2.644294500350952,-0.0012943744659423828,0.40096139907836914,0.4010983109474182,0.384765625,working
L31_N3330,31,3330,lack_of_knowledge,lok_0023,1.922859787940979,1.9131410121917725,-0.009718775749206543,0.38112276792526245,0.3709944784641266,0.384765625,working
L31_N3330,31,3330,lack_of_knowledge,lok_0024,2.9470975399017334,2.931367874145508,-0.015729665756225586,0.214198037981987,0.21044741570949554,0.384765625,working
L31_N3330,31,3330,lack_of_knowledge,lok_0025,1.5543040037155151,1.5542654991149902,-3.8504600524902344e-05,0.6460787653923035,0.6460819840431213,0.384765625,working
L31_N3330,31,3330,lack_of_knowledge,lok_0026,2.252201557159424,2.253671646118164,0.0014700889587402344,0.36627739667892456,0.36602360010147095,0.384765625,working
L31_N3330,31,3330,lack_of_knowledge,lok_0027,2.104827404022217,2.1059372425079346,0.0011098384857177734,0.30361494421958923,0.3035106956958771,0.384765625,working
L31_N3330,31,3330,lack_of_knowledge,lok_0028,2.2237110137939453,2.2264676094055176,0.0027565956115722656,0.373460054397583,0.3725526034832001,0.384765625,working
L31_N3330,31,3330,lack_of_knowledge,lok_0029,1.8713101148605347,1.8780548572540283,0.006744742393493652,0.3468768000602722,0.34563425183296204,0.384765625,working
L31_N3330,31,3330,lack_of_knowledge,lok_0030,2.753704309463501,2.7532026767730713,-0.0005016326904296875,0.2713783383369446,0.2714158594608307,0.384765625,working
L31_N3330,31,3330,lack_of_knowledge,lok_0031,2.2892045974731445,2.2927632331848145,0.003558635711669922,0.40870699286460876,0.4076903164386749,0.384765625,working
L31_N3330,31,3330,lack_of_knowledge,lok_0032,0.7064740061759949,0.706478476524353,4.470348358154297e-06,0.8929246068000793,0.8929247260093689,0.384765625,working
L31_N3330,31,3330,lack_of_knowledge,lok_0033,2.459549903869629,2.4598913192749023,0.0003414154052734375,0.32558971643447876,0.3255559802055359,0.384765625,working
L31_N3330,31,3330,lack_of_knowledge,lok_0034,2.452033519744873,2.452493667602539,0.0004601478576660156,0.26953449845314026,0.2695024609565735,0.384765625,working
L31_N3330,31,3330,lack_of_knowledge,lok_0035,3.0634889602661133,3.0620036125183105,-0.0014853477478027344,0.2370489537715912,0.23732636868953705,0.384765625,working
L31_N3330,31,3330,lack_of_knowledge,lok_0036,3.002075433731079,3.003227472305298,0.00115203857421875,0.23908543586730957,0.23887434601783752,0.384765625,working
L31_N3330,31,3330,lack_of_knowledge,lok_0037,2.6400294303894043,2.640711784362793,0.0006823539733886719,0.2704247832298279,0.27038636803627014,0.384765625,working
L31_N3330,31,3330,lack_of_knowledge,lok_0038,2.911905288696289,2.912222385406494,0.0003170967102050781,0.43646419048309326,0.43828943371772766,0.384765625,working
L31_N3330,31,3330,lack_of_knowledge,lok_0039,2.876549005508423,2.9174227714538574,0.04087376594543457,0.37225958704948425,0.35826000571250916,0.384765625,working
L31_N3330,31,3330,lack_of_knowledge,lok_0040,1.4230759143829346,1.4231101274490356,3.421306610107422e-05,0.6793196201324463,0.6793171167373657,0.384765625,working
L31_N3330,31,3330,lack_of_knowledge,lok_0041,2.95888614654541,2.958387851715088,-0.0004982948303222656,0.28017154335975647,0.2802117168903351,0.384765625,working
L31_N3330,31,3330,lack_of_knowledge,lok_0042,2.4324846267700195,2.4324910640716553,6.4373016357421875e-06,0.21404914557933807,0.21404893696308136,0.384765625,working
L31_N3330,31,3330,lack_of_knowledge,lok_0043,2.5788180828094482,2.5790293216705322,0.00021123886108398438,0.30127057433128357,0.30125394463539124,0.384765625,working
L31_N3330,31,3330,lack_of_knowledge,lok_0044,2.6911308765411377,2.689540386199951,-0.0015904903411865234,0.22111687064170837,0.22119560837745667,0.384765625,working
L31_N3330,31,3330,lack_of_knowledge,lok_0045,1.9650545120239258,1.9660048484802246,0.0009503364562988281,0.5035289525985718,0.5033951997756958,0.384765625,working
L31_N3330,31,3330,lack_of_knowledge,lok_0046,3.460538148880005,3.4604485034942627,-8.96453857421875e-05,0.17234964668750763,0.1723523885011673,0.384765625,working
L31_N3330,31,3330,lack_of_knowledge,lok_0047,2.815678834915161,2.8151445388793945,-0.0005342960357666016,0.23076173663139343,0.23083071410655975,0.384765625,working
L31_N3330,31,3330,lack_of_knowledge,lok_0048,2.327691078186035,2.3299388885498047,0.0022478103637695312,0.3101983368396759,0.30930274724960327,0.384765625,working
L31_N3330,31,3330,lack_of_knowledge,lok_0049,3.1199283599853516,3.113283395767212,-0.0066449642181396484,0.2627541720867157,0.2624122202396393,0.384765625,working
L31_N3330,31,3330,lack_of_knowledge,lok_0050,3.0483131408691406,3.0321664810180664,-0.01614665985107422,0.1865970939397812,0.19622386991977692,0.384765625,working
L31_N3330,31,3330,lack_of_knowledge,lok_0051,3.7176549434661865,3.7180731296539307,0.0004181861877441406,0.16761435568332672,0.16757670044898987,0.384765625,working
L31_N3330,31,3330,lack_of_knowledge,lok_0052,2.293198823928833,2.294494390487671,0.0012955665588378906,0.2652854919433594,0.26518377661705017,0.384765625,working
L31_N3330,31,3330,lack_of_knowledge,lok_0053,2.503537178039551,2.5054209232330322,0.0018837451934814453,0.2919103503227234,0.29125940799713135,0.384765625,working
L31_N3330,31,3330,lack_of_knowledge,lok_0054,2.9047462940216064,2.9048526287078857,0.00010633468627929688,0.21120452880859375,0.2112009972333908,0.384765625,working
L31_N3330,31,3330,lack_of_knowledge,lok_0055,2.6336722373962402,2.6333365440368652,-0.000335693359375,0.29845601320266724,0.29848119616508484,0.384765625,working
L31_N3330,31,3330,lack_of_knowledge,lok_0056,2.1315324306488037,2.131438970565796,-9.34600830078125e-05,0.5574800968170166,0.5574880242347717,0.384765625,working
L31_N3330,31,3330,lack_of_knowledge,lok_0057,4.396864891052246,4.396416187286377,-0.0004487037658691406,0.13338956236839294,0.1334209144115448,0.384765625,working
L31_N3330,31,3330,lack_of_knowledge,lok_0058,2.2851853370666504,2.284842014312744,-0.00034332275390625,0.5099014043807983,0.5099319219589233,0.384765625,working
L31_N3330,31,3330,lack_of_knowledge,lok_0059,2.177844762802124,2.177839756011963,-5.0067901611328125e-06,0.2158930003643036,0.21589295566082,0.384765625,working
L31_N3330,31,3330,lack_of_knowledge,lok_0060,3.3442442417144775,3.3431777954101562,-0.001066446304321289,0.24951548874378204,0.24960249662399292,0.384765625,working
L31_N3330,31,3330,lack_of_knowledge,lok_0061,2.585824489593506,2.576505184173584,-0.009319305419921875,0.34842970967292786,0.3448764979839325,0.384765625,working
L31_N3330,31,3330,lack_of_knowledge,lok_0062,2.2484776973724365,2.2485079765319824,3.0279159545898438e-05,0.29464447498321533,0.29464372992515564,0.384765625,working
L31_N3330,31,3330,lack_of_knowledge,lok_0063,2.9368109703063965,2.936976194381714,0.0001652240753173828,0.3425575792789459,0.3425445258617401,0.384765625,working
L31_N3330,31,3330,lack_of_knowledge,lok_0064,2.5612192153930664,2.561549186706543,0.0003299713134765625,0.17992129921913147,0.17990829050540924,0.384765625,working
L31_N3330,31,3330,lack_of_knowledge,lok_0065,3.717409133911133,3.717106580734253,-0.0003025531768798828,0.19281595945358276,0.19284042716026306,0.384765625,working
L31_N3330,31,3330,lack_of_knowledge,lok_0066,3.292851448059082,3.2925758361816406,-0.00027561187744140625,0.3255794942378998,0.32670268416404724,0.384765625,working
L31_N3330,31,3330,lack_of_knowledge,lok_0067,3.1203551292419434,3.1203432083129883,-1.1920928955078125e-05,0.2411842942237854,0.24194025993347168,0.384765625,working
L31_N3330,31,3330,lack_of_knowledge,lok_0068,2.5912985801696777,2.5922036170959473,0.0009050369262695312,0.3096522390842438,0.3085116744041443,0.384765625,working
L31_N3330,31,3330,lack_of_knowledge,lok_0069,2.371748924255371,2.371711254119873,-3.7670135498046875e-05,0.28834694623947144,0.2883484661579132,0.384765625,working
L31_N3330,31,3330,lack_of_knowledge,lok_0070,2.536459445953369,2.535874366760254,-0.0005850791931152344,0.3151390552520752,0.31519219279289246,0.384765625,working
L31_N3330,31,3330,lack_of_knowledge,lok_0071,2.7114217281341553,2.711477041244507,5.53131103515625e-05,0.22638347744941711,0.22638146579265594,0.384765625,working
L31_N3330,31,3330,lack_of_knowledge,lok_0072,2.945474624633789,2.9360804557800293,-0.009394168853759766,0.22078350186347961,0.2187672257423401,0.384765625,working
L31_N3330,31,3330,lack_of_knowledge,lok_0073,3.311706066131592,3.31160831451416,-9.775161743164062e-05,0.1539117693901062,0.1539144366979599,0.384765625,working
L31_N3330,31,3330,lack_of_knowledge,lok_0074,2.3373231887817383,2.3343770503997803,-0.002946138381958008,0.444598913192749,0.4474286139011383,0.384765625,working
L31_N3330,31,3330,lack_of_knowledge,lok_0075,2.732898473739624,2.7323014736175537,-0.0005970001220703125,0.2755686044692993,0.27561989426612854,0.384765625,working
L31_N3330,31,3330,lack_of_knowledge,lok_0076,2.7133607864379883,2.7123613357543945,-0.00099945068359375,0.2981022000312805,0.2982378602027893,0.384765625,working
L31_N3330,31,3330,lack_of_knowledge,lok_0077,2.6673073768615723,2.6673583984375,5.1021575927734375e-05,0.2877824008464813,0.2877807021141052,0.384765625,working
L31_N3330,31,3330,lack_of_knowledge,lok_0078,2.2790873050689697,2.2842698097229004,0.005182504653930664,0.3307228684425354,0.3286130130290985,0.384765625,working
L31_N3330,31,3330,lack_of_knowledge,lok_0079,2.241702079772949,2.237704038619995,-0.0039980411529541016,0.4129316806793213,0.4136177599430084,0.384765625,working
L31_N3330,31,3330,lack_of_knowledge,lok_0080,2.701868772506714,2.6999824047088623,-0.0018863677978515625,0.29091277718544006,0.29124003648757935,0.384765625,working
L31_N3330,31,3330,lack_of_knowledge,lok_0081,2.630154609680176,2.631270408630371,0.0011157989501953125,0.2526571750640869,0.25250986218452454,0.384765625,working
L31_N3330,31,3330,lack_of_knowledge,lok_0082,2.4794020652770996,2.4794669151306152,6.4849853515625e-05,0.4859446585178375,0.4859415590763092,0.384765625,working
L31_N3330,31,3330,lack_of_knowledge,lok_0083,3.205901622772217,3.206289291381836,0.0003876686096191406,0.2136554718017578,0.21431973576545715,0.384765625,working
L31_N3330,31,3330,lack_of_knowledge,lok_0084,2.2095985412597656,2.2098453044891357,0.0002467632293701172,0.2736474871635437,0.2736351788043976,0.384765625,held_out
L31_N3330,31,3330,lack_of_knowledge,lok_0085,2.287148952484131,2.2854080200195312,-0.0017409324645996094,0.5165454149246216,0.5170891284942627,0.384765625,held_out
L31_N3330,31,3330,lack_of_knowledge,lok_0086,2.2640910148620605,2.26413893699646,4.792213439941406e-05,0.2827526330947876,0.28275081515312195,0.384765625,held_out
L31_N3330,31,3330,lack_of_knowledge,lok_0087,2.3641552925109863,2.3604047298431396,-0.0037505626678466797,0.3289211094379425,0.32580551505088806,0.384765625,held_out
L31_N3330,31,3330,lack_of_knowledge,lok_0088,2.5307564735412598,2.532196521759033,0.0014400482177734375,0.28495776653289795,0.2848209738731384,0.384765625,held_out
L31_N3330,31,3330,lack_of_knowledge,lok_0089,2.8428843021392822,2.8440263271331787,0.0011420249938964844,0.2343607097864151,0.2338854819536209,0.384765625,held_out
L31_N3330,31,3330,lack_of_knowledge,lok_0090,2.067660093307495,2.0676581859588623,-1.9073486328125e-06,0.4261133074760437,0.42611339688301086,0.384765625,held_out
L31_N3330,31,3330,lack_of_knowledge,lok_0091,2.733212471008301,2.732898712158203,-0.00031375885009765625,0.3444516658782959,0.3444778621196747,0.384765625,held_out
L31_N3330,31,3330,lack_of_knowledge,lok_0092,3.0582218170166016,3.061068534851074,0.0028467178344726562,0.19981129467487335,0.19945190846920013,0.384765625,held_out
L31_N3330,31,3330,lack_of_knowledge,lok_0093,2.717287540435791,2.7183518409729004,0.001064300537109375,0.2532733976840973,0.253168523311615,0.384765625,held_out
L31_N3330,31,3330,lack_of_knowledge,lok_0094,2.132460594177246,2.1323928833007812,-6.771087646484375e-05,0.28502002358436584,0.28502243757247925,0.384765625,held_out
L31_N3330,31,3330,lack_of_knowledge,lok_0095,2.44497013092041,2.444974660873413,4.5299530029296875e-06,0.26511991024017334,0.2651197910308838,0.384765625,held_out
L31_N3330,31,3330,lack_of_knowledge,lok_0096,1.895049810409546,1.8943290710449219,-0.0007207393646240234,0.4387989044189453,0.43888095021247864,0.384765625,held_out
L31_N3330,31,3330,lack_of_knowledge,lok_0097,3.1339588165283203,3.1409764289855957,0.007017612457275391,0.2454637587070465,0.24738378822803497,0.384765625,held_out
L31_N3330,31,3330,lack_of_knowledge,lok_0098,3.102553367614746,3.1027708053588867,0.000217437744140625,0.27237218618392944,0.27223914861679077,0.384765625,held_out
L31_N3330,31,3330,lack_of_knowledge,lok_0099,3.007906436920166,3.006369113922119,-0.001537322998046875,0.2266935557126999,0.22560001909732819,0.384765625,held_out
L31_N3330,31,3330,lack_of_knowledge,lok_0100,3.406787872314453,3.406010150909424,-0.0007777214050292969,0.26816415786743164,0.2682444453239441,0.384765625,held_out
L31_N3330,31,3330,lack_of_knowledge,lok_0101,1.8872756958007812,1.8882068395614624,0.0009311437606811523,0.5120028853416443,0.5118762850761414,0.384765625,held_out
L31_N3330,31,3330,lack_of_knowledge,lok_0102,2.6861648559570312,2.682436227798462,-0.003728628158569336,0.2716147005558014,0.27229300141334534,0.384765625,held_out
L31_N3330,31,3330,lack_of_knowledge,lok_0103,2.4825572967529297,2.4829530715942383,0.00039577484130859375,0.246735081076622,0.24671360850334167,0.384765625,held_out
L31_N3330,31,3330,lack_of_knowledge,lok_0104,2.4228668212890625,2.4216299057006836,-0.0012369155883789062,0.23433850705623627,0.23446646332740784,0.384765625,held_out
L31_N3330,31,3330,lack_of_knowledge,lok_0105,2.0768651962280273,2.0847363471984863,0.007871150970458984,0.2821453809738159,0.2783333361148834,0.384765625,held_out
L31_N3330,31,3330,lack_of_knowledge,lok_0106,3.1305816173553467,3.193479537963867,0.06289792060852051,0.2826291620731354,0.25955095887184143,0.384765625,held_out
L31_N3330,31,3330,lack_of_knowledge,lok_0107,3.3110029697418213,3.3127121925354004,0.0017092227935791016,0.2635786533355713,0.2633127272129059,0.384765625,held_out
L31_N3330,31,3330,lack_of_knowledge,lok_0108,3.6194231510162354,3.6197683811187744,0.0003452301025390625,0.214120551943779,0.21410134434700012,0.384765625,held_out
L31_N3330,31,3330,lack_of_knowledge,lok_0109,1.9952112436294556,2.004362106323242,0.009150862693786621,0.31463712453842163,0.311057984828949,0.384765625,held_out
L31_N3330,31,3330,lack_of_knowledge,lok_0110,2.602980136871338,2.6029343605041504,-4.57763671875e-05,0.23165905475616455,0.2316606640815735,0.384765625,held_out
L31_N3330,31,3330,lack_of_knowledge,lok_0111,2.431495189666748,2.4309425354003906,-0.0005526542663574219,0.31492727994918823,0.3149626851081848,0.384765625,held_out
L31_N3330,31,3330,lack_of_knowledge,lok_0112,2.402334451675415,2.4015469551086426,-0.0007874965667724609,0.38672342896461487,0.3873061537742615,0.384765625,held_out
L31_N3330,31,3330,lack_of_knowledge,lok_0113,2.746509552001953,2.7464394569396973,-7.009506225585938e-05,0.220510795712471,0.22051404416561127,0.384765625,held_out
L31_N3330,31,3330,lack_of_knowledge,lok_0114,1.8042078018188477,1.8055496215820312,0.0013418197631835938,0.36461204290390015,0.3644731044769287,0.384765625,held_out
L31_N3330,31,3330,lack_of_knowledge,lok_0115,2.9469594955444336,2.946834087371826,-0.00012540817260742188,0.30013546347618103,0.30012914538383484,0.384765625,held_out
L31_N3330,31,3330,lack_of_knowledge,lok_0116,2.007812023162842,2.0081350803375244,0.0003230571746826172,0.5500673651695251,0.5500339865684509,0.384765625,held_out
L31_N3330,31,3330,lack_of_knowledge,lok_0117,3.192384958267212,3.1904067993164062,-0.001978158950805664,0.2453351616859436,0.24566304683685303,0.384765625,held_out
L31_N3330,31,3330,lack_of_knowledge,lok_0118,3.4750897884368896,3.4949231147766113,0.01983332633972168,0.18571816384792328,0.17647026479244232,0.384765625,held_out
L31_N3330,31,3330,lack_of_knowledge,lok_0119,2.428151845932007,2.430802583694458,0.002650737762451172,0.2608487904071808,0.2590551972389221,0.384765625,held_out
L20_N1001,20,1001,lack_of_knowledge,lok_0000,3.908881902694702,3.9096086025238037,0.0007266998291015625,0.14724333584308624,0.14671294391155243,0.125,working
L20_N1001,20,1001,lack_of_knowledge,lok_0001,2.8249709606170654,2.830738067626953,0.005767107009887695,0.2386796474456787,0.2431110143661499,0.125,working
L20_N1001,20,1001,lack_of_knowledge,lok_0002,3.1003873348236084,3.093358278274536,-0.007029056549072266,0.2314060479402542,0.2326774150133133,0.125,working
L20_N1001,20,1001,lack_of_knowledge,lok_0003,2.249481439590454,2.2700653076171875,0.0205838680267334,0.2636534869670868,0.27312368154525757,0.125,working
L20_N1001,20,1001,lack_of_knowledge,lok_0004,2.493800163269043,2.4965405464172363,0.0027403831481933594,0.311267614364624,0.3069859445095062,0.125,working
L20_N1001,20,1001,lack_of_knowledge,lok_0005,2.7805252075195312,2.821524143218994,0.04099893569946289,0.3278445303440094,0.3188536763191223,0.125,working
L20_N1001,20,1001,lack_of_knowledge,lok_0006,2.244798183441162,2.3067288398742676,0.06193065643310547,0.36405470967292786,0.3518427014350891,0.125,working
L20_N1001,20,1001,lack_of_knowledge,lok_0007,4.115026473999023,4.087874889373779,-0.02715158462524414,0.1506902426481247,0.15709742903709412,0.125,working
L20_N1001,20,1001,lack_of_knowledge,lok_0008,2.711564302444458,2.6976613998413086,-0.013902902603149414,0.2988700866699219,0.2933264374732971,0.125,working
L20_N1001,20,1001,lack_of_knowledge,lok_0009,2.668410539627075,2.6752946376800537,0.006884098052978516,0.3281840980052948,0.325523316860199,0.125,working
L20_N1001,20,1001,lack_of_knowledge,lok_0010,2.7420661449432373,2.747404098510742,0.005337953567504883,0.23133890330791473,0.2345418781042099,0.125,working
L20_N1001,20,1001,lack_of_knowledge,lok_0011,1.8690134286880493,1.8687770366668701,-0.00023639202117919922,0.5327321887016296,0.5330729484558105,0.125,working
L20_N1001,20,1001,lack_of_knowledge,lok_0012,2.662747383117676,2.6635303497314453,0.0007829666137695312,0.24309544265270233,0.24416813254356384,0.125,working
L20_N1001,20,1001,lack_of_knowledge,lok_0013,3.290672779083252,3.2872605323791504,-0.0034122467041015625,0.28111976385116577,0.28453758358955383,0.125,working
L20_N1001,20,1001,lack_of_knowledge,lok_0014,3.0893006324768066,3.0956337451934814,0.006333112716674805,0.16240721940994263,0.16211308538913727,0.125,working
L20_N1001,20,1001,lack_of_knowledge,lok_0015,2.6001811027526855,2.601552724838257,0.001371622085571289,0.22337457537651062,0.22210662066936493,0.125,working
L20_N1001,20,1001,lack_of_knowledge,lok_0016,3.636564254760742,3.657055377960205,0.02049112319946289,0.14686629176139832,0.14163663983345032,0.125,working
L20_N1001,20,1001,lack_of_knowledge,lok_0017,1.7938029766082764,1.7810148000717163,-0.012788176536560059,0.6357941627502441,0.6383072137832642,0.125,working
L20_N1001,20,1001,lack_of_knowledge,lok_0018,3.76168155670166,3.744905471801758,-0.016776084899902344,0.15997152030467987,0.16765737533569336,0.125,working
L20_N1001,20,1001,lack_of_knowledge,lok_0019,2.5667991638183594,2.5667190551757812,-8.0108642578125e-05,0.3893742263317108,0.38963133096694946,0.125,working
L20_N1001,20,1001,lack_of_knowledge,lok_0020,2.966003179550171,2.9366564750671387,-0.029346704483032227,0.22749841213226318,0.26164278388023376,0.125,working
L20_N1001,20,1001,lack_of_knowledge,lok_0021,2.526073455810547,2.5281248092651367,0.0020513534545898438,0.22123083472251892,0.22027996182441711,0.125,working
L20_N1001,20,1001,lack_of_knowledge,lok_0022,2.6455888748168945,2.6453967094421387,-0.00019216537475585938,0.40096139907836914,0.3993030786514282,0.125,working
L20_N1001,20,1001,lack_of_knowledge,lok_0023,1.922859787940979,1.9205447435379028,-0.002315044403076172,0.38112276792526245,0.37005743384361267,0.125,working
L20_N1001,20,1001,lack_of_knowledge,lok_0024,2.9470975399017334,2.9503777027130127,0.003280162811279297,0.214198037981987,0.21920236945152283,0.125,working
L20_N1001,20,1001,lack_of_knowledge,lok_0025,1.5543040037155151,1.5552699565887451,0.0009659528732299805,0.6460787653923035,0.6458991765975952,0.125,working
L20_N1001,20,1001,lack_of_knowledge,lok_0026,2.252201557159424,2.19473934173584,-0.057462215423583984,0.36627739667892456,0.39555326104164124,0.125,working
L20_N1001,20,1001,lack_of_knowledge,lok_0027,2.104827404022217,2.109562873840332,0.004735469818115234,0.30361494421958923,0.3027157187461853,0.125,working
L20_N1001,20,1001,lack_of_knowledge,lok_0028,2.2237110137939453,2.221466064453125,-0.0022449493408203125,0.373460054397583,0.36995959281921387,0.125,working
L20_N1001,20,1001,lack_of_knowledge,lok_0029,1.8713101148605347,1.8694555759429932,-0.001854538917541504,0.3468768000602722,0.3470138907432556,0.125,working
L20_N1001,20,1001,lack_of_knowledge,lok_0030,2.753704309463501,2.746006727218628,-0.007697582244873047,0.2713783383369446,0.26815542578697205,0.125,working
L20_N1001,20,1001,lack_of_knowledge,lok_0031,2.2892045974731445,2.365291118621826,0.07608652114868164,0.40870699286460876,0.38518014550209045,0.125,working
L20_N1001,20,1001,lack_of_knowledge,lok_0032,0.7064740061759949,0.6442537307739258,-0.06222027540206909,0.8929246068000793,0.9040221571922302,0.125,working
L20_N1001,20,1001,lack_of_knowledge,lok_0033,2.459549903869629,2.4641060829162598,0.004556179046630859,0.32558971643447876,0.3244836926460266,0.125,working
L20_N1001,20,1001,lack_of_knowledge,lok_0034,2.452033519744873,2.490222692489624,0.03818917274475098,0.26953449845314026,0.26591041684150696,0.125,working
L20_N1001,20,1001,lack_of_knowledge,lok_0035,3.0634889602661133,3.0286693572998047,-0.034819602966308594,0.2370489537715912,0.24484071135520935,0.125,working
L20_N1001,20,1001,lack_of_knowledge,lok_0036,3.002075433731079,2.999831438064575,-0.0022439956665039062,0.23908543586730957,0.236670583486557,0.125,working
L20_N1001,20,1001,lack_of_knowledge,lok_0037,2.6400294303894043,2.6451916694641113,0.005162239074707031,0.2704247832298279,0.26976853609085083,0.125,working
L20_N1001,20,1001,lack_of_knowledge,lok_0038,2.911905288696289,2.866980791091919,-0.04492449760437012,0.43646419048309326,0.4519388973712921,0.125,working
L20_N1001,20,1001,lack_of_knowledge,lok_0039,2.876549005508423,2.921802520751953,0.04525351524353027,0.37225958704948425,0.3581814169883728,0.125,working
L20_N1001,20,1001,lack_of_knowledge,lok_0040,1.4230759143829346,1.5122129917144775,0.08913707733154297,0.6793196201324463,0.6514577865600586,0.125,working
L20_N1001,20,1001,lack_of_knowledge,lok_0041,2.95888614654541,2.95888614654541,0.0,0.28017154335975647,0.28017154335975647,0.125,working
L20_N1001,20,1001,lack_of_knowledge,lok_0042,2.4324846267700195,2.4355316162109375,0.0030469894409179688,0.21404914557933807,0.21345843374729156,0.125,working
L20_N1001,20,1001,lack_of_knowledge,lok_0043,2.5788180828094482,2.5827150344848633,0.003896951675415039,0.30127057433128357,0.2978432774543762,0.125,working
L20_N1001,20,1001,lack_of_knowledge,lok_0044,2.6911308765411377,2.6997017860412598,0.00857090950012207,0.22111687064170837,0.21198469400405884,0.125,working
L20_N1001,20,1001,lack_of_knowledge,lok_0045,1.9650545120239258,1.9723032712936401,0.0072487592697143555,0.5035289525985718,0.5021111965179443,0.125,working
L20_N1001,20,1001,lack_of_knowledge,lok_0046,3.460538148880005,3.4496665000915527,-0.010871648788452148,0.17234964668750763,0.17051014304161072,0.125,working
L20_N1001,20,1001,lack_of_knowledge,lok_0047,2.815678834915161,2.8289639949798584,0.013285160064697266,0.23076173663139343,0.23272189497947693,0.125,working
L20_N1001,20,1001,lack_of_knowledge,lok_0048,2.327691078186035,2.3290324211120605,0.0013413429260253906,0.3101983368396759,0.31015753746032715,0.125,working
L20_N1001,20,1001,lack_of_knowledge,lok_0049,3.1199283599853516,3.1123342514038086,-0.007594108581542969,0.2627541720867157,0.2624543607234955,0.125,working
L20_N1001,20,1001,lack_of_knowledge,lok_0050,3.0483131408691406,3.0578346252441406,0.009521484375,0.1865970939397812,0.18896029889583588,0.125,working
L20_N1001,20,1001,lack_of_knowledge,lok_0051,3.7176549434661865,3.708613157272339,-0.009041786193847656,0.16761435568332672,0.1666935384273529,0.125,working
L20_N1001,20,1001,lack_of_knowledge,lok_0052,2.293198823928833,2.339078426361084,0.04587960243225098,0.2652854919433594,0.2499980926513672,0.125,working
L20_N1001,20,1001,lack_of_knowledge,lok_0053,2.503537178039551,2.502307891845703,-0.0012292861938476562,0.2919103503227234,0.2972256541252136,0.125,working
L20_N1001,20,1001,lack_of_knowledge,lok_0054,2.9047462940216064,2.9345269203186035,0.02978062629699707,0.21120452880859375,0.19975322484970093,0.125,working
L20_N1001,20,1001,lack_of_knowledge,lok_0055,2.6336722373962402,2.5648796558380127,-0.06879258155822754,0.29845601320266724,0.3165989816188812,0.125,working
L20_N1001,20,1001,lack_of_knowledge,lok_0056,2.1315324306488037,2.1497185230255127,0.018186092376708984,0.5574800968170166,0.5528562664985657,0.125,working
L20_N1001,20,1001,lack_of_knowledge,lok_0057,4.396864891052246,4.389202117919922,-0.007662773132324219,0.13338956236839294,0.13346777856349945,0.125,working
L20_N1001,20,1001,lack_of_knowledge,lok_0058,2.2851853370666504,2.2863025665283203,0.0011172294616699219,0.5099014043807983,0.5100678205490112,0.125,working
L20_N1001,20,1001,lack_of_knowledge,lok_0059,2.177844762802124,2.177844762802124,0.0,0.2158930003643036,0.2158930003643036,0.125,working
L20_N1001,20,1001,lack_of_knowledge,lok_0060,3.3442442417144775,3.3437986373901367,-0.0004456043243408203,0.24951548874378204,0.25098171830177307,0.125,working
L20_N1001,20,1001,lack_of_knowledge,lok_0061,2.585824489593506,2.5936412811279297,0.007816791534423828,0.34842970967292786,0.34894970059394836,0.125,working
L20_N1001,20,1001,lack_of_knowledge,lok_0062,2.2484776973724365,2.244661808013916,-0.003815889358520508,0.29464447498321533,0.3108137249946594,0.125,working
L20_N1001,20,1001,lack_of_knowledge,lok_0063,2.9368109703063965,2.931615114212036,-0.0051958560943603516,0.3425575792789459,0.34355631470680237,0.125,working
L20_N1001,20,1001,lack_of_knowledge,lok_0064,2.5612192153930664,2.5546562671661377,-0.006562948226928711,0.17992129921913147,0.17620737850666046,0.125,working
L20_N1001,20,1001,lack_of_knowledge,lok_0065,3.717409133911133,3.7109756469726562,-0.0064334869384765625,0.19281595945358276,0.19279655814170837,0.125,working
L20_N1001,20,1001,lack_of_knowledge,lok_0066,3.292851448059082,3.298631191253662,0.005779743194580078,0.3255794942378998,0.32907789945602417,0.125,working
L20_N1001,20,1001,lack_of_knowledge,lok_0067,3.1203551292419434,3.1213626861572266,0.0010075569152832031,0.2411842942237854,0.24269898235797882,0.125,working
L20_N1001,20,1001,lack_of_knowledge,lok_0068,2.5912985801696777,2.584244728088379,-0.007053852081298828,0.3096522390842438,0.3110690712928772,0.125,working
L20_N1001,20,1001,lack_of_knowledge,lok_0069,2.371748924255371,2.371889114379883,0.00014019012451171875,0.28834694623947144,0.2883439362049103,0.125,working
L20_N1001,20,1001,lack_of_knowledge,lok_0070,2.536459445953369,2.5829694271087646,0.04650998115539551,0.3151390552520752,0.2892385423183441,0.125,working
L20_N1001,20,1001,lack_of_knowledge,lok_0071,2.7114217281341553,2.753887176513672,0.0424654483795166,0.22638347744941711,0.22932079434394836,0.125,working
L20_N1001,20,1001,lack_of_knowledge,lok_0072,2.945474624633789,2.961031436920166,0.015556812286376953,0.22078350186347961,0.21557681262493134,0.125,working
L20_N1001,20,1001,lack_of_knowledge,lok_0073,3.311706066131592,3.3169703483581543,0.0052642822265625,0.1539117693901062,0.15634223818778992,0.125,working
L20_N1001,20,1001,lack_of_knowledge,lok_0074,2.3373231887817383,2.3289780616760254,-0.00834512710571289,0.444598913192749,0.44821858406066895,0.125,working
L20_N1001,20,1001,lack_of_knowledge,lok_0075,2.732898473739624,2.7331719398498535,0.0002734661102294922,0.2755686044692993,0.2756447494029999,0.125,working
L20_N1001,20,1001,lack_of_knowledge,lok_0076,2.7133607864379883,2.7084901332855225,-0.00487065315246582,0.2981022000312805,0.3001912534236908,0.125,working
L20_N1001,20,1001,lack_of_knowledge,lok_0077,2.6673073768615723,2.6896917819976807,0.0223844051361084,0.2877824008464813,0.275242418050766,0.125,working
L20_N1001,20,1001,lack_of_knowledge,lok_0078,2.2790873050689697,2.2886672019958496,0.009579896926879883,0.3307228684425354,0.32804012298583984,0.125,working
L20_N1001,20,1001,lack_of_knowledge,lok_0079,2.241702079772949,2.235278606414795,-0.006423473358154297,0.4129316806793213,0.4138655960559845,0.125,working
L20_N1001,20,1001,lack_of_knowledge,lok_0080,2.701868772506714,2.6982107162475586,-0.0036580562591552734,0.29091277718544006,0.2932213544845581,0.125,working
L20_N1001,20,1001,lack_of_knowledge,lok_0081,2.630154609680176,2.6244733333587646,-0.005681276321411133,0.2526571750640869,0.2569814622402191,0.125,working
L20_N1001,20,1001,lack_of_knowledge,lok_0082,2.4794020652770996,2.4655416011810303,-0.013860464096069336,0.4859446585178375,0.4898311495780945,0.125,working
L20_N1001,20,1001,lack_of_knowledge,lok_0083,3.205901622772217,3.214449882507324,0.008548259735107422,0.2136554718017578,0.20521174371242523,0.125,working
L20_N1001,20,1001,lack_of_knowledge,lok_0084,2.2095985412597656,2.225553512573242,0.015954971313476562,0.2736474871635437,0.28062617778778076,0.125,held_out
L20_N1001,20,1001,lack_of_knowledge,lok_0085,2.287148952484131,2.2897801399230957,0.0026311874389648438,0.5165454149246216,0.5168651342391968,0.125,held_out
L20_N1001,20,1001,lack_of_knowledge,lok_0086,2.2640910148620605,2.3037056922912598,0.03961467742919922,0.2827526330947876,0.2661215662956238,0.125,held_out
L20_N1001,20,1001,lack_of_knowledge,lok_0087,2.3641552925109863,2.3576011657714844,-0.006554126739501953,0.3289211094379425,0.32435861229896545,0.125,held_out
L20_N1001,20,1001,lack_of_knowledge,lok_0088,2.5307564735412598,2.529284954071045,-0.0014715194702148438,0.28495776653289795,0.2853052020072937,0.125,held_out
L20_N1001,20,1001,lack_of_knowledge,lok_0089,2.8428843021392822,2.8197226524353027,-0.023161649703979492,0.2343607097864151,0.23979495465755463,0.125,held_out
L20_N1001,20,1001,lack_of_knowledge,lok_0090,2.067660093307495,2.105217456817627,0.037557363510131836,0.4261133074760437,0.4037795066833496,0.125,held_out
L20_N1001,20,1001,lack_of_knowledge,lok_0091,2.733212471008301,2.7960622310638428,0.06284976005554199,0.3444516658782959,0.31622427701950073,0.125,held_out
L20_N1001,20,1001,lack_of_knowledge,lok_0092,3.0582218170166016,3.0495381355285645,-0.00868368148803711,0.19981129467487335,0.20105071365833282,0.125,held_out
L20_N1001,20,1001,lack_of_knowledge,lok_0093,2.717287540435791,2.717520236968994,0.000232696533203125,0.2532733976840973,0.2530041038990021,0.125,held_out
L20_N1001,20,1001,lack_of_knowledge,lok_0094,2.132460594177246,2.164297103881836,0.031836509704589844,0.28502002358436584,0.2594948410987854,0.125,held_out
L20_N1001,20,1001,lack_of_knowledge,lok_0095,2.44497013092041,2.4390439987182617,-0.0059261322021484375,0.26511991024017334,0.25540074706077576,0.125,held_out
L20_N1001,20,1001,lack_of_knowledge,lok_0096,1.895049810409546,1.9332468509674072,0.03819704055786133,0.4387989044189453,0.41190436482429504,0.125,held_out
L20_N1001,20,1001,lack_of_knowledge,lok_0097,3.1339588165283203,3.1368448734283447,0.002886056900024414,0.2454637587070465,0.24917802214622498,0.125,held_out
L20_N1001,20,1001,lack_of_knowledge,lok_0098,3.102553367614746,3.1051154136657715,0.0025620460510253906,0.27237218618392944,0.2720431983470917,0.125,held_out
L20_N1001,20,1001,lack_of_knowledge,lok_0099,3.007906436920166,3.025993585586548,0.018087148666381836,0.2266935557126999,0.22073259949684143,0.125,held_out
L20_N1001,20,1001,lack_of_knowledge,lok_0100,3.406787872314453,3.3758797645568848,-0.03090810775756836,0.26816415786743164,0.2804454267024994,0.125,held_out
L20_N1001,20,1001,lack_of_knowledge,lok_0101,1.8872756958007812,1.9032238721847534,0.015948176383972168,0.5120028853416443,0.4997469186782837,0.125,held_out
L20_N1001,20,1001,lack_of_knowledge,lok_0102,2.6861648559570312,2.6955695152282715,0.009404659271240234,0.2716147005558014,0.2769336700439453,0.125,held_out
L20_N1001,20,1001,lack_of_knowledge,lok_0103,2.4825572967529297,2.500411033630371,0.017853736877441406,0.246735081076622,0.22774454951286316,0.125,held_out
L20_N1001,20,1001,lack_of_knowledge,lok_0104,2.4228668212890625,2.4278006553649902,0.004933834075927734,0.23433850705623627,0.2330772578716278,0.125,held_out
L20_N1001,20,1001,lack_of_knowledge,lok_0105,2.0768651962280273,2.077451467514038,0.0005862712860107422,0.2821453809738159,0.2794777452945709,0.125,held_out
L20_N1001,20,1001,lack_of_knowledge,lok_0106,3.1305816173553467,3.1837949752807617,0.05321335792541504,0.2826291620731354,0.2612689137458801,0.125,held_out
L20_N1001,20,1001,lack_of_knowledge,lok_0107,3.3110029697418213,3.297917127609253,-0.01308584213256836,0.2635786533355713,0.25733470916748047,0.125,held_out
L20_N1001,20,1001,lack_of_knowledge,lok_0108,3.6194231510162354,3.6156792640686035,-0.003743886947631836,0.214120551943779,0.21083877980709076,0.125,held_out
L20_N1001,20,1001,lack_of_knowledge,lok_0109,1.9952112436294556,1.9938366413116455,-0.0013746023178100586,0.31463712453842163,0.31476104259490967,0.125,held_out
L20_N1001,20,1001,lack_of_knowledge,lok_0110,2.602980136871338,2.583059787750244,-0.01992034912109375,0.23165905475616455,0.22695496678352356,0.125,held_out
L20_N1001,20,1001,lack_of_knowledge,lok_0111,2.431495189666748,2.427163600921631,-0.0043315887451171875,0.31492727994918823,0.3108368217945099,0.125,held_out
L20_N1001,20,1001,lack_of_knowledge,lok_0112,2.402334451675415,2.4061591625213623,0.0038247108459472656,0.38672342896461487,0.3864578604698181,0.125,held_out
L20_N1001,20,1001,lack_of_knowledge,lok_0113,2.746509552001953,2.7382686138153076,-0.008240938186645508,0.220510795712471,0.21901006996631622,0.125,held_out
L20_N1001,20,1001,lack_of_knowledge,lok_0114,1.8042078018188477,1.8077986240386963,0.003590822219848633,0.36461204290390015,0.3643054664134979,0.125,held_out
L20_N1001,20,1001,lack_of_knowledge,lok_0115,2.9469594955444336,2.8750128746032715,-0.07194662094116211,0.30013546347618103,0.32337385416030884,0.125,held_out
L20_N1001,20,1001,lack_of_knowledge,lok_0116,2.007812023162842,2.008936882019043,0.0011248588562011719,0.5500673651695251,0.5500913858413696,0.125,held_out
L20_N1001,20,1001,lack_of_knowledge,lok_0117,3.192384958267212,3.187488555908203,-0.004896402359008789,0.2453351616859436,0.24247699975967407,0.125,held_out
L20_N1001,20,1001,lack_of_knowledge,lok_0118,3.4750897884368896,3.488429546356201,0.013339757919311523,0.18571816384792328,0.1873840093612671,0.125,held_out
L20_N1001,20,1001,lack_of_knowledge,lok_0119,2.428151845932007,2.428151845932007,0.0,0.2608487904071808,0.2608487904071808,0.125,held_out
L20_N4769,20,4769,lack_of_knowledge,lok_0000,3.908881902694702,3.875465154647827,-0.033416748046875,0.14724333584308624,0.15282131731510162,0.640625,working
L20_N4769,20,4769,lack_of_knowledge,lok_0001,2.8249709606170654,2.8237462043762207,-0.0012247562408447266,0.2386796474456787,0.2387823760509491,0.640625,working
L20_N4769,20,4769,lack_of_knowledge,lok_0002,3.1003873348236084,3.1015162467956543,0.0011289119720458984,0.2314060479402542,0.23293939232826233,0.640625,working
L20_N4769,20,4769,lack_of_knowledge,lok_0003,2.249481439590454,2.2459115982055664,-0.0035698413848876953,0.2636534869670868,0.26389554142951965,0.640625,working
L20_N4769,20,4769,lack_of_knowledge,lok_0004,2.493800163269043,2.4979472160339355,0.004147052764892578,0.311267614364624,0.3109865188598633,0.640625,working
L20_N4769,20,4769,lack_of_knowledge,lok_0005,2.7805252075195312,2.788660764694214,0.008135557174682617,0.3278445303440094,0.3281348645687103,0.640625,working
L20_N4769,20,4769,lack_of_knowledge,lok_0006,2.244798183441162,2.292383909225464,0.04758572578430176,0.36405470967292786,0.33663588762283325,0.640625,working
L20_N4769,20,4769,lack_of_knowledge,lok_0007,4.115026473999023,4.093208312988281,-0.021818161010742188,0.1506902426481247,0.15910208225250244,0.640625,working
L20_N4769,20,4769,lack_of_knowledge,lok_0008,2.711564302444458,2.7151389122009277,0.0035746097564697266,0.2988700866699219,0.29231688380241394,0.640625,working
L20_N4769,20,4769,lack_of_knowledge,lok_0009,2.668410539627075,2.6655778884887695,-0.002832651138305664,0.3281840980052948,0.3287408649921417,0.640625,working
L20_N4769,20,4769,lack_of_knowledge,lok_0010,2.7420661449432373,2.7380528450012207,-0.0040132999420166016,0.23133890330791473,0.23300114274024963,0.640625,working
L20_N4769,20,4769,lack_of_knowledge,lok_0011,1.8690134286880493,1.8653247356414795,-0.0036886930465698242,0.5327321887016296,0.5336056351661682,0.640625,working
L20_N4769,20,4769,lack_of_knowledge,lok_0012,2.662747383117676,2.6645450592041016,0.0017976760864257812,0.24309544265270233,0.2440405786037445,0.640625,working
L20_N4769,20,4769,lack_of_knowledge,lok_0013,3.290672779083252,3.282377243041992,-0.008295536041259766,0.28111976385116577,0.2849777340888977,0.640625,working
L20_N4769,20,4769,lack_of_knowledge,lok_0014,3.0893006324768066,3.0890283584594727,-0.0002722740173339844,0.16240721940994263,0.16243530809879303,0.640625,working
L20_N4769,20,4769,lack_of_knowledge,lok_0015,2.6001811027526855,2.5955233573913574,-0.004657745361328125,0.22337457537651062,0.2210935652256012,0.640625,working
L20_N4769,20,4769,lack_of_knowledge,lok_0016,3.636564254760742,3.653745651245117,0.017181396484375,0.14686629176139832,0.15053775906562805,0.640625,working
L20_N4769,20,4769,lack_of_knowledge,lok_0017,1.7938029766082764,1.7841465473175049,-0.009656429290771484,0.6357941627502441,0.6373117566108704,0.640625,working
L20_N4769,20,4769,lack_of_knowledge,lok_0018,3.76168155670166,3.7449703216552734,-0.01671123504638672,0.15997152030467987,0.1678946614265442,0.640625,working
L20_N4769,20,4769,lack_of_knowledge,lok_0019,2.5667991638183594,2.5707061290740967,0.003906965255737305,0.3893742263317108,0.38892272114753723,0.640625,working
L20_N4769,20,4769,lack_of_knowledge,lok_0020,2.966003179550171,2.96775484085083,0.0017516613006591797,0.22749841213226318,0.232632577419281,0.640625,working
L20_N4769,20,4769,lack_of_knowledge,lok_0021,2.526073455810547,2.530512809753418,0.004439353942871094,0.22123083472251892,0.22005555033683777,0.640625,working
L20_N4769,20,4769,lack_of_knowledge,lok_0022,2.6455888748168945,2.6555228233337402,0.009933948516845703,0.40096139907836914,0.397447794675827,0.640625,working
L20_N4769,20,4769,lack_of_knowledge,lok_0023,1.922859787940979,1.9125142097473145,-0.01034557819366455,0.38112276792526245,0.37104594707489014,0.640625,working
L20_N4769,20,4769,lack_of_knowledge,lok_0024,2.9470975399017334,2.944309711456299,-0.0027878284454345703,0.214198037981987,0.21577417850494385,0.640625,working
L20_N4769,20,4769,lack_of_knowledge,lok_0025,1.5543040037155151,1.5563403367996216,0.0020363330841064453,0.6460787653923035,0.6457722783088684,0.640625,working
L20_N4769,20,4769,lack_of_knowledge,lok_0026,2.252201557159424,2.1922078132629395,-0.059993743896484375,0.36627739667892456,0.3957849442958832,0.640625,working
L20_N4769,20,4769,lack_of_knowledge,lok_0027,2.104827404022217,2.074836254119873,-0.02999114990234375,0.30361494421958923,0.29360538721084595,0.640625,working
L20_N4769,20,4769,lack_of_knowledge,lok_0028,2.2237110137939453,2.2195327281951904,-0.004178285598754883,0.373460054397583,0.3749335706233978,0.640625,working
L20_N4769,20,4769,lack_of_knowledge,lok_0029,1.8713101148605347,1.8780473470687866,0.006737232208251953,0.3468768000602722,0.34563905000686646,0.640625,working
L20_N4769,20,4769,lack_of_knowledge,lok_0030,2.753704309463501,2.7589893341064453,0.005285024642944336,0.2713783383369446,0.2708228826522827,0.640625,working
L20_N4769,20,4769,lack_of_knowledge,lok_0031,2.2892045974731445,2.3639869689941406,0.0747823715209961,0.40870699286460876,0.3866291642189026,0.640625,working
L20_N4769,20,4769,lack_of_knowledge,lok_0032,0.7064740061759949,0.6537354588508606,-0.05273854732513428,0.8929246068000793,0.9021428823471069,0.640625,working
L20_N4769,20,4769,lack_of_knowledge,lok_0033,2.459549903869629,2.465791940689087,0.006242036819458008,0.32558971643447876,0.3243846297264099,0.640625,working
L20_N4769,20,4769,lack_of_knowledge,lok_0034,2.452033519744873,2.4576096534729004,0.005576133728027344,0.26953449845314026,0.2689112722873688,0.640625,working
L20_N4769,20,4769,lack_of_knowledge,lok_0035,3.0634889602661133,3.0550975799560547,-0.008391380310058594,0.2370489537715912,0.23410741984844208,0.640625,working
L20_N4769,20,4769,lack_of_knowledge,lok_0036,3.002075433731079,3.0114006996154785,0.009325265884399414,0.23908543586730957,0.24172954261302948,0.640625,working
L20_N4769,20,4769,lack_of_knowledge,lok_0037,2.6400294303894043,2.6471714973449707,0.007142066955566406,0.2704247832298279,0.26982060074806213,0.640625,working
L20_N4769,20,4769,lack_of_knowledge,lok_0038,2.911905288696289,2.908151865005493,-0.0037534236907958984,0.43646419048309326,0.4423437714576721,0.640625,working
L20_N4769,20,4769,lack_of_knowledge,lok_0039,2.876549005508423,2.9133636951446533,0.03681468963623047,0.37225958704948425,0.3584470748901367,0.640625,working
L20_N4769,20,4769,lack_of_knowledge,lok_0040,1.4230759143829346,1.5108239650726318,0.08774805068969727,0.6793196201324463,0.6519562005996704,0.640625,working
L20_N4769,20,4769,lack_of_knowledge,lok_0041,2.95888614654541,2.9888651371002197,0.02997899055480957,0.28017154335975647,0.27049586176872253,0.640625,working
L20_N4769,20,4769,lack_of_knowledge,lok_0042,2.4324846267700195,2.4341723918914795,0.001687765121459961,0.21404914557933807,0.21385367214679718,0.640625,working
L20_N4769,20,4769,lack_of_knowledge,lok_0043,2.5788180828094482,2.5815937519073486,0.0027756690979003906,0.30127057433128357,0.2982529103755951,0.640625,working
L20_N4769,20,4769,lack_of_knowledge,lok_0044,2.6911308765411377,2.6830224990844727,-0.008108377456665039,0.22111687064170837,0.20810750126838684,0.640625,working
L20_N4769,20,4769,lack_of_knowledge,lok_0045,1.9650545120239258,2.0451622009277344,0.0801076889038086,0.5035289525985718,0.4757119119167328,0.640625,working
L20_N4769,20,4769,lack_of_knowledge,lok_0046,3.460538148880005,3.4615275859832764,0.0009894371032714844,0.17234964668750763,0.17200885713100433,0.640625,working
L20_N4769,20,4769,lack_of_knowledge,lok_0047,2.815678834915161,2.7992095947265625,-0.016469240188598633,0.23076173663139343,0.23572877049446106,0.640625,working
L20_N4769,20,4769,lack_of_knowledge,lok_0048,2.327691078186035,2.3264877796173096,-0.001203298568725586,0.3101983368396759,0.30393344163894653,0.640625,working
L20_N4769,20,4769,lack_of_knowledge,lok_0049,3.1199283599853516,3.1217565536499023,0.0018281936645507812,0.2627541720867157,0.26696646213531494,0.640625,working
L20_N4769,20,4769,lack_of_knowledge,lok_0050,3.0483131408691406,3.059788227081299,0.011475086212158203,0.1865970939397812,0.18886186182498932,0.640625,working
L20_N4769,20,4769,lack_of_knowledge,lok_0051,3.7176549434661865,3.714621067047119,-0.003033876419067383,0.16761435568332672,0.16930276155471802,0.640625,working
L20_N4769,20,4769,lack_of_knowledge,lok_0052,2.293198823928833,2.303879737854004,0.010680913925170898,0.2652854919433594,0.2626543939113617,0.640625,working
L20_N4769,20,4769,lack_of_knowledge,lok_0053,2.503537178039551,2.504242420196533,0.0007052421569824219,0.2919103503227234,0.2919086217880249,0.640625,working
L20_N4769,20,4769,lack_of_knowledge,lok_0054,2.9047462940216064,2.916215658187866,0.011469364166259766,0.21120452880859375,0.20948350429534912,0.640625,working
L20_N4769,20,4769,lack_of_knowledge,lok_0055,2.6336722373962402,2.6310782432556152,-0.002593994140625,0.29845601320266724,0.29873037338256836,0.640625,working
L20_N4769,20,4769,lack_of_knowledge,lok_0056,2.1315324306488037,2.134690761566162,0.0031583309173583984,0.5574800968170166,0.5571645498275757,0.640625,working
L20_N4769,20,4769,lack_of_knowledge,lok_0057,4.396864891052246,4.3921308517456055,-0.004734039306640625,0.13338956236839294,0.13251753151416779,0.640625,working
L20_N4769,20,4769,lack_of_knowledge,lok_0058,2.2851853370666504,2.283921241760254,-0.0012640953063964844,0.5099014043807983,0.5102757215499878,0.640625,working
L20_N4769,20,4769,lack_of_knowledge,lok_0059,2.177844762802124,2.1794440746307373,0.0015993118286132812,0.2158930003643036,0.21183879673480988,0.640625,working
L20_N4769,20,4769,lack_of_knowledge,lok_0060,3.3442442417144775,3.3425116539001465,-0.0017325878143310547,0.24951548874378204,0.24751341342926025,0.640625,working
L20_N4769,20,4769,lack_of_knowledge,lok_0061,2.585824489593506,2.5822205543518066,-0.0036039352416992188,0.34842970967292786,0.3435623049736023,0.640625,working
L20_N4769,20,4769,lack_of_knowledge,lok_0062,2.2484776973724365,2.2425649166107178,-0.00591278076171875,0.29464447498321533,0.29970717430114746,0.640625,working
L20_N4769,20,4769,lack_of_knowledge,lok_0063,2.9368109703063965,2.965792417526245,0.028981447219848633,0.3425575792789459,0.3307405710220337,0.640625,working
L20_N4769,20,4769,lack_of_knowledge,lok_0064,2.5612192153930664,2.5542826652526855,-0.006936550140380859,0.17992129921913147,0.17716918885707855,0.640625,working
L20_N4769,20,4769,lack_of_knowledge,lok_0065,3.717409133911133,3.709542751312256,-0.007866382598876953,0.19281595945358276,0.19265757501125336,0.640625,working
L20_N4769,20,4769,lack_of_knowledge,lok_0066,3.292851448059082,3.3018407821655273,0.008989334106445312,0.3255794942378998,0.324648380279541,0.640625,working
L20_N4769,20,4769,lack_of_knowledge,lok_0067,3.1203551292419434,3.1258814334869385,0.005526304244995117,0.2411842942237854,0.24562598764896393,0.640625,working
L20_N4769,20,4769,lack_of_knowledge,lok_0068,2.5912985801696777,2.589463233947754,-0.0018353462219238281,0.3096522390842438,0.31034570932388306,0.640625,working
L20_N4769,20,4769,lack_of_knowledge,lok_0069,2.371748924255371,2.3681716918945312,-0.0035772323608398438,0.28834694623947144,0.28910115361213684,0.640625,working
L20_N4769,20,4769,lack_of_knowledge,lok_0070,2.536459445953369,2.539929151535034,0.003469705581665039,0.3151390552520752,0.3144872486591339,0.640625,working
L20_N4769,20,4769,lack_of_knowledge,lok_0071,2.7114217281341553,2.718517541885376,0.007095813751220703,0.22638347744941711,0.2259264588356018,0.640625,working
L20_N4769,20,4769,lack_of_knowledge,lok_0072,2.945474624633789,2.9391274452209473,-0.006347179412841797,0.22078350186347961,0.22279822826385498,0.640625,working
L20_N4769,20,4769,lack_of_knowledge,lok_0073,3.311706066131592,3.325418710708618,0.013712644577026367,0.1539117693901062,0.1485060304403305,0.640625,working
L20_N4769,20,4769,lack_of_knowledge,lok_0074,2.3373231887817383,2.2504279613494873,-0.08689522743225098,0.444598913192749,0.467874139547348,0.640625,working
L20_N4769,20,4769,lack_of_knowledge,lok_0075,2.732898473739624,2.7461302280426025,0.013231754302978516,0.2755686044692993,0.27940377593040466,0.640625,working
L20_N4769,20,4769,lack_of_knowledge,lok_0076,2.7133607864379883,2.714167594909668,0.0008068084716796875,0.2981022000312805,0.29559943079948425,0.640625,working
L20_N4769,20,4769,lack_of_knowledge,lok_0077,2.6673073768615723,2.6861724853515625,0.018865108489990234,0.2877824008464813,0.27821505069732666,0.640625,working
L20_N4769,20,4769,lack_of_knowledge,lok_0078,2.2790873050689697,2.280815601348877,0.0017282962799072266,0.3307228684425354,0.3303263783454895,0.640625,working
L20_N4769,20,4769,lack_of_knowledge,lok_0079,2.241702079772949,2.2372939586639404,-0.004408121109008789,0.4129316806793213,0.41368481516838074,0.640625,working
L20_N4769,20,4769,lack_of_knowledge,lok_0080,2.701868772506714,2.6525802612304688,-0.04928851127624512,0.29091277718544006,0.31576818227767944,0.640625,working
L20_N4769,20,4769,lack_of_knowledge,lok_0081,2.630154609680176,2.6402502059936523,0.010095596313476562,0.2526571750640869,0.2598970830440521,0.640625,working
L20_N4769,20,4769,lack_of_knowledge,lok_0082,2.4794020652770996,2.570324420928955,0.09092235565185547,0.4859446585178375,0.459390789270401,0.640625,working
L20_N4769,20,4769,lack_of_knowledge,lok_0083,3.205901622772217,3.201265811920166,-0.004635810852050781,0.2136554718017578,0.2146037220954895,0.640625,working
L20_N4769,20,4769,lack_of_knowledge,lok_0084,2.2095985412597656,2.2213668823242188,0.011768341064453125,0.2736474871635437,0.28096818923950195,0.640625,held_out
L20_N4769,20,4769,lack_of_knowledge,lok_0085,2.287148952484131,2.287585973739624,0.00043702125549316406,0.5165454149246216,0.5163159966468811,0.640625,held_out
L20_N4769,20,4769,lack_of_knowledge,lok_0086,2.2640910148620605,2.2921295166015625,0.028038501739501953,0.2827526330947876,0.25854507088661194,0.640625,held_out
L20_N4769,20,4769,lack_of_knowledge,lok_0087,2.3641552925109863,2.3641552925109863,0.0,0.3289211094379425,0.3289211094379425,0.640625,held_out
L20_N4769,20,4769,lack_of_knowledge,lok_0088,2.5307564735412598,2.539991855621338,0.009235382080078125,0.28495776653289795,0.28417396545410156,0.640625,held_out
L20_N4769,20,4769,lack_of_knowledge,lok_0089,2.8428843021392822,2.8149118423461914,-0.02797245979309082,0.2343607097864151,0.24155683815479279,0.640625,held_out
L20_N4769,20,4769,lack_of_knowledge,lok_0090,2.067660093307495,2.0540053844451904,-0.013654708862304688,0.4261133074760437,0.43089088797569275,0.640625,held_out
L20_N4769,20,4769,lack_of_knowledge,lok_0091,2.733212471008301,2.7323784828186035,-0.0008339881896972656,0.3444516658782959,0.3485523760318756,0.640625,held_out
L20_N4769,20,4769,lack_of_knowledge,lok_0092,3.0582218170166016,3.050184965133667,-0.00803685188293457,0.19981129467487335,0.2097678929567337,0.640625,held_out
L20_N4769,20,4769,lack_of_knowledge,lok_0093,2.717287540435791,2.7192773818969727,0.0019898414611816406,0.2532733976840973,0.2634661793708801,0.640625,held_out
L20_N4769,20,4769,lack_of_knowledge,lok_0094,2.132460594177246,2.130899429321289,-0.0015611648559570312,0.28502002358436584,0.2851550877094269,0.640625,held_out
L20_N4769,20,4769,lack_of_knowledge,lok_0095,2.44497013092041,2.4414029121398926,-0.003567218780517578,0.26511991024017334,0.26591843366622925,0.640625,held_out
L20_N4769,20,4769,lack_of_knowledge,lok_0096,1.895049810409546,1.9367276430130005,0.04167783260345459,0.4387989044189453,0.41096311807632446,0.640625,held_out
L20_N4769,20,4769,lack_of_knowledge,lok_0097,3.1339588165283203,3.0990195274353027,-0.03493928909301758,0.2454637587070465,0.25149768590927124,0.640625,held_out
L20_N4769,20,4769,lack_of_knowledge,lok_0098,3.102553367614746,3.0560147762298584,-0.046538591384887695,0.27237218618392944,0.27733221650123596,0.640625,held_out
L20_N4769,20,4769,lack_of_knowledge,lok_0099,3.007906436920166,3.0276412963867188,0.019734859466552734,0.2266935557126999,0.22106662392616272,0.640625,held_out
L20_N4769,20,4769,lack_of_knowledge,lok_0100,3.406787872314453,3.3749074935913086,-0.03188037872314453,0.26816415786743164,0.27997931838035583,0.640625,held_out
L20_N4769,20,4769,lack_of_knowledge,lok_0101,1.8872756958007812,1.8929284811019897,0.005652785301208496,0.5120028853416443,0.5025328397750854,0.640625,held_out
L20_N4769,20,4769,lack_of_knowledge,lok_0102,2.6861648559570312,2.6955957412719727,0.009430885314941406,0.2716147005558014,0.2770712971687317,0.640625,held_out
L20_N4769,20,4769,lack_of_knowledge,lok_0103,2.4825572967529297,2.4745540618896484,-0.00800323486328125,0.246735081076622,0.24958880245685577,0.640625,held_out
L20_N4769,20,4769,lack_of_knowledge,lok_0104,2.4228668212890625,2.440669298171997,0.01780247688293457,0.23433850705623627,0.24177923798561096,0.640625,held_out
L20_N4769,20,4769,lack_of_knowledge,lok_0105,2.0768651962280273,2.075406312942505,-0.001458883285522461,0.2821453809738159,0.28220176696777344,0.640625,held_out
L20_N4769,20,4769,lack_of_knowledge,lok_0106,3.1305816173553467,3.1868059635162354,0.05622434616088867,0.2826291620731354,0.2605322301387787,0.640625,held_out
L20_N4769,20,4769,lack_of_knowledge,lok_0107,3.3110029697418213,3.297914743423462,-0.013088226318359375,0.2635786533355713,0.2565959393978119,0.640625,held_out
L20_N4769,20,4769,lack_of_knowledge,lok_0108,3.6194231510162354,3.6161317825317383,-0.0032913684844970703,0.214120551943779,0.211517333984375,0.640625,held_out
L20_N4769,20,4769,lack_of_knowledge,lok_0109,1.9952112436294556,2.0187876224517822,0.02357637882232666,0.31463712453842163,0.32518213987350464,0.640625,held_out
L20_N4769,20,4769,lack_of_knowledge,lok_0110,2.602980136871338,2.5830655097961426,-0.019914627075195312,0.23165905475616455,0.22695983946323395,0.640625,held_out
L20_N4769,20,4769,lack_of_knowledge,lok_0111,2.431495189666748,2.4330835342407227,0.0015883445739746094,0.31492727994918823,0.31450098752975464,0.640625,held_out
L20_N4769,20,4769,lack_of_knowledge,lok_0112,2.402334451675415,2.4052927494049072,0.0029582977294921875,0.38672342896461487,0.38645586371421814,0.640625,held_out
L20_N4769,20,4769,lack_of_knowledge,lok_0113,2.746509552001953,2.7177891731262207,-0.028720378875732422,0.220510795712471,0.22615006566047668,0.640625,held_out
L20_N4769,20,4769,lack_of_knowledge,lok_0114,1.8042078018188477,1.8113294839859009,0.007121682167053223,0.36461204290390015,0.3640431761741638,0.640625,held_out
L20_N4769,20,4769,lack_of_knowledge,lok_0115,2.9469594955444336,2.9436609745025635,-0.003298521041870117,0.30013546347618103,0.30028077960014343,0.640625,held_out
L20_N4769,20,4769,lack_of_knowledge,lok_0116,2.007812023162842,2.0067365169525146,-0.0010755062103271484,0.5500673651695251,0.5518656969070435,0.640625,held_out
L20_N4769,20,4769,lack_of_knowledge,lok_0117,3.192384958267212,3.1459264755249023,-0.04645848274230957,0.2453351616859436,0.25119099020957947,0.640625,held_out
L20_N4769,20,4769,lack_of_knowledge,lok_0118,3.4750897884368896,3.4861700534820557,0.011080265045166016,0.18571816384792328,0.18600411713123322,0.640625,held_out
L20_N4769,20,4769,lack_of_knowledge,lok_0119,2.428151845932007,2.412801504135132,-0.015350341796875,0.2608487904071808,0.25448957085609436,0.640625,held_out
L30_N13098,30,13098,lack_of_knowledge,lok_0000,3.908881902694702,3.917269706726074,0.00838780403137207,0.14724333584308624,0.14881297945976257,0.1201171875,working
L30_N13098,30,13098,lack_of_knowledge,lok_0001,2.8249709606170654,2.823604106903076,-0.0013668537139892578,0.2386796474456787,0.23874501883983612,0.1201171875,working
L30_N13098,30,13098,lack_of_knowledge,lok_0002,3.1003873348236084,3.0985465049743652,-0.001840829849243164,0.2314060479402542,0.23218253254890442,0.1201171875,working
L30_N13098,30,13098,lack_of_knowledge,lok_0003,2.249481439590454,2.271632194519043,0.022150754928588867,0.2636534869670868,0.2732797861099243,0.1201171875,working
L30_N13098,30,13098,lack_of_knowledge,lok_0004,2.493800163269043,2.4948887825012207,0.0010886192321777344,0.311267614364624,0.3111758530139923,0.1201171875,working
L30_N13098,30,13098,lack_of_knowledge,lok_0005,2.7805252075195312,2.7817091941833496,0.0011839866638183594,0.3278445303440094,0.3277781307697296,0.1201171875,working
L30_N13098,30,13098,lack_of_knowledge,lok_0006,2.244798183441162,2.240734338760376,-0.004063844680786133,0.36405470967292786,0.3657805919647217,0.1201171875,working
L30_N13098,30,13098,lack_of_knowledge,lok_0007,4.115026473999023,4.112513542175293,-0.0025129318237304688,0.1506902426481247,0.15074709057807922,0.1201171875,working
L30_N13098,30,13098,lack_of_knowledge,lok_0008,2.711564302444458,2.7004785537719727,-0.011085748672485352,0.2988700866699219,0.29561054706573486,0.1201171875,working
L30_N13098,30,13098,lack_of_knowledge,lok_0009,2.668410539627075,2.6682748794555664,-0.00013566017150878906,0.3281840980052948,0.32611656188964844,0.1201171875,working
L30_N13098,30,13098,lack_of_knowledge,lok_0010,2.7420661449432373,2.7454447746276855,0.003378629684448242,0.23133890330791473,0.23104606568813324,0.1201171875,working
L30_N13098,30,13098,lack_of_knowledge,lok_0011,1.8690134286880493,1.866767168045044,-0.002246260643005371,0.5327321887016296,0.5330920219421387,0.1201171875,working
L30_N13098,30,13098,lack_of_knowledge,lok_0012,2.662747383117676,2.6608188152313232,-0.001928567886352539,0.24309544265270233,0.24429962038993835,0.1201171875,working
L30_N13098,30,13098,lack_of_knowledge,lok_0013,3.290672779083252,3.2921786308288574,0.0015058517456054688,0.28111976385116577,0.2824013829231262,0.1201171875,working
L30_N13098,30,13098,lack_of_knowledge,lok_0014,3.0893006324768066,3.0886478424072266,-0.0006527900695800781,0.16240721940994263,0.16256649792194366,0.1201171875,working
L30_N13098,30,13098,lack_of_knowledge,lok_0015,2.6001811027526855,2.5995097160339355,-0.00067138671875,0.22337457537651062,0.2242635041475296,0.1201171875,working
L30_N13098,30,13098,lack_of_knowledge,lok_0016,3.636564254760742,3.634413719177246,-0.0021505355834960938,0.14686629176139832,0.1473931223154068,0.1201171875,working
L30_N13098,30,13098,lack_of_knowledge,lok_0017,1.7938029766082764,1.7894361019134521,-0.004366874694824219,0.6357941627502441,0.6367702484130859,0.1201171875,working
L30_N13098,30,13098,lack_of_knowledge,lok_0018,3.76168155670166,3.731626272201538,-0.03005528450012207,0.15997152030467987,0.1672821193933487,0.1201171875,working
L30_N13098,30,13098,lack_of_knowledge,lok_0019,2.5667991638183594,2.5679214000701904,0.0011222362518310547,0.3893742263317108,0.38927367329597473,0.1201171875,working
L30_N13098,30,13098,lack_of_knowledge,lok_0020,2.966003179550171,2.966299533843994,0.0002963542938232422,0.22749841213226318,0.22919811308383942,0.1201171875,working
L30_N13098,30,13098,lack_of_knowledge,lok_0021,2.526073455810547,2.531920909881592,0.005847454071044922,0.22123083472251892,0.2197728157043457,0.1201171875,working
L30_N13098,30,13098,lack_of_knowledge,lok_0022,2.6455888748168945,2.6429948806762695,-0.002593994140625,0.40096139907836914,0.40137413144111633,0.1201171875,working
L30_N13098,30,13098,lack_of_knowledge,lok_0023,1.922859787940979,1.912479281425476,-0.01038050651550293,0.38112276792526245,0.3710564374923706,0.1201171875,working
L30_N13098,30,13098,lack_of_knowledge,lok_0024,2.9470975399017334,2.947100877761841,3.337860107421875e-06,0.214198037981987,0.2131255567073822,0.1201171875,working
L30_N13098,30,13098,lack_of_knowledge,lok_0025,1.5543040037155151,1.5614068508148193,0.007102847099304199,0.6460787653923035,0.6443349123001099,0.1201171875,working
L30_N13098,30,13098,lack_of_knowledge,lok_0026,2.252201557159424,2.2485222816467285,-0.0036792755126953125,0.36627739667892456,0.3666835427284241,0.1201171875,working
L30_N13098,30,13098,lack_of_knowledge,lok_0027,2.104827404022217,2.111337423324585,0.006510019302368164,0.30361494421958923,0.3093034029006958,0.1201171875,working
L30_N13098,30,13098,lack_of_knowledge,lok_0028,2.2237110137939453,2.2268922328948975,0.0031812191009521484,0.373460054397583,0.37306681275367737,0.1201171875,working
L30_N13098,30,13098,lack_of_knowledge,lok_0029,1.8713101148605347,1.8757402896881104,0.004430174827575684,0.3468768000602722,0.3620690703392029,0.1201171875,working
L30_N13098,30,13098,lack_of_knowledge,lok_0030,2.753704309463501,2.759385108947754,0.00568079948425293,0.2713783383369446,0.27350297570228577,0.1201171875,working
L30_N13098,30,13098,lack_of_knowledge,lok_0031,2.2892045974731445,2.3567967414855957,0.06759214401245117,0.40870699286460876,0.3790668249130249,0.1201171875,working
L30_N13098,30,13098,lack_of_knowledge,lok_0032,0.7064740061759949,0.706035315990448,-0.000438690185546875,0.8929246068000793,0.8928905725479126,0.1201171875,working
L30_N13098,30,13098,lack_of_knowledge,lok_0033,2.459549903869629,2.45835280418396,-0.0011970996856689453,0.32558971643447876,0.3257657587528229,0.1201171875,working
L30_N13098,30,13098,lack_of_knowledge,lok_0034,2.452033519744873,2.4582390785217285,0.006205558776855469,0.26953449845314026,0.27485060691833496,0.1201171875,working
L30_N13098,30,13098,lack_of_knowledge,lok_0035,3.0634889602661133,3.0668158531188965,0.003326892852783203,0.2370489537715912,0.23665200173854828,0.1201171875,working
L30_N13098,30,13098,lack_of_knowledge,lok_0036,3.002075433731079,3.001351833343506,-0.0007236003875732422,0.23908543586730957,0.23576466739177704,0.1201171875,working
L30_N13098,30,13098,lack_of_knowledge,lok_0037,2.6400294303894043,2.638101577758789,-0.0019278526306152344,0.2704247832298279,0.2705473303794861,0.1201171875,working
L30_N13098,30,13098,lack_of_knowledge,lok_0038,2.911905288696289,2.906402111053467,-0.005503177642822266,0.43646419048309326,0.4373871684074402,0.1201171875,working
L30_N13098,30,13098,lack_of_knowledge,lok_0039,2.876549005508423,2.9250731468200684,0.04852414131164551,0.37225958704948425,0.35682451725006104,0.1201171875,working
L30_N13098,30,13098,lack_of_knowledge,lok_0040,1.4230759143829346,1.4219290018081665,-0.0011469125747680664,0.6793196201324463,0.6795449256896973,0.1201171875,working
L30_N13098,30,13098,lack_of_knowledge,lok_0041,2.95888614654541,2.9596264362335205,0.0007402896881103516,0.28017154335975647,0.2801485061645508,0.1201171875,working
L30_N13098,30,13098,lack_of_knowledge,lok_0042,2.4324846267700195,2.431051015853882,-0.0014336109161376953,0.21404914557933807,0.2141181379556656,0.1201171875,working
L30_N13098,30,13098,lack_of_knowledge,lok_0043,2.5788180828094482,2.5805504322052,0.0017323493957519531,0.30127057433128357,0.3001689612865448,0.1201171875,working
L30_N13098,30,13098,lack_of_knowledge,lok_0044,2.6911308765411377,2.6765811443328857,-0.014549732208251953,0.22111687064170837,0.21930037438869476,0.1201171875,working
L30_N13098,30,13098,lack_of_knowledge,lok_0045,1.9650545120239258,1.9714422225952148,0.0063877105712890625,0.5035289525985718,0.4983249604701996,0.1201171875,working
L30_N13098,30,13098,lack_of_knowledge,lok_0046,3.460538148880005,3.4528307914733887,-0.007707357406616211,0.17234964668750763,0.17076708376407623,0.1201171875,working
L30_N13098,30,13098,lack_of_knowledge,lok_0047,2.815678834915161,2.818927764892578,0.003248929977416992,0.23076173663139343,0.2285052239894867,0.1201171875,working
L30_N13098,30,13098,lack_of_knowledge,lok_0048,2.327691078186035,2.3256731033325195,-0.002017974853515625,0.3101983368396759,0.31037262082099915,0.1201171875,working
L30_N13098,30,13098,lack_of_knowledge,lok_0049,3.1199283599853516,3.124410629272461,0.004482269287109375,0.2627541720867157,0.26626014709472656,0.1201171875,working
L30_N13098,30,13098,lack_of_knowledge,lok_0050,3.0483131408691406,3.050624370574951,0.002311229705810547,0.1865970939397812,0.187440425157547,0.1201171875,working
L30_N13098,30,13098,lack_of_knowledge,lok_0051,3.7176549434661865,3.722895383834839,0.005240440368652344,0.16761435568332672,0.16775591671466827,0.1201171875,working
L30_N13098,30,13098,lack_of_knowledge,lok_0052,2.293198823928833,2.293834686279297,0.0006358623504638672,0.2652854919433594,0.2652113437652588,0.1201171875,working
L30_N13098,30,13098,lack_of_knowledge,lok_0053,2.503537178039551,2.500478744506836,-0.0030584335327148438,0.2919103503227234,0.29212459921836853,0.1201171875,working
L30_N13098,30,13098,lack_of_knowledge,lok_0054,2.9047462940216064,2.920865058898926,0.016118764877319336,0.21120452880859375,0.2021629363298416,0.1201171875,working
L30_N13098,30,13098,lack_of_knowledge,lok_0055,2.6336722373962402,2.5683634281158447,-0.06530880928039551,0.29845601320266724,0.31689977645874023,0.1201171875,working
L30_N13098,30,13098,lack_of_knowledge,lok_0056,2.1315324306488037,2.1315104961395264,-2.193450927734375e-05,0.5574800968170166,0.5575181245803833,0.1201171875,working
L30_N13098,30,13098,lack_of_knowledge,lok_0057,4.396864891052246,4.397418022155762,0.000553131103515625,0.13338956236839294,0.13327203691005707,0.1201171875,working
L30_N13098,30,13098,lack_of_knowledge,lok_0058,2.2851853370666504,2.279977560043335,-0.00520777702331543,0.5099014043807983,0.5114955902099609,0.1201171875,working
L30_N13098,30,13098,lack_of_knowledge,lok_0059,2.177844762802124,2.1755404472351074,-0.0023043155670166016,0.2158930003643036,0.21660596132278442,0.1201171875,working
L30_N13098,30,13098,lack_of_knowledge,lok_0060,3.3442442417144775,3.345324993133545,0.0010807514190673828,0.24951548874378204,0.24938401579856873,0.1201171875,working
L30_N13098,30,13098,lack_of_knowledge,lok_0061,2.585824489593506,2.583279848098755,-0.0025446414947509766,0.34842970967292786,0.34823402762413025,0.1201171875,working
L30_N13098,30,13098,lack_of_knowledge,lok_0062,2.2484776973724365,2.245983123779297,-0.0024945735931396484,0.29464447498321533,0.2993577718734741,0.1201171875,working
L30_N13098,30,13098,lack_of_knowledge,lok_0063,2.9368109703063965,2.937277317047119,0.00046634674072265625,0.3425575792789459,0.3424703776836395,0.1201171875,working
L30_N13098,30,13098,lack_of_knowledge,lok_0064,2.5612192153930664,2.551919460296631,-0.009299755096435547,0.17992129921913147,0.17646050453186035,0.1201171875,working
L30_N13098,30,13098,lack_of_knowledge,lok_0065,3.717409133911133,3.6889538764953613,-0.028455257415771484,0.19281595945358276,0.20210616290569305,0.1201171875,working
L30_N13098,30,13098,lack_of_knowledge,lok_0066,3.292851448059082,3.295173168182373,0.0023217201232910156,0.3255794942378998,0.3303152024745941,0.1201171875,working
L30_N13098,30,13098,lack_of_knowledge,lok_0067,3.1203551292419434,3.1167500019073486,-0.0036051273345947266,0.2411842942237854,0.24402780830860138,0.1201171875,working
L30_N13098,30,13098,lack_of_knowledge,lok_0068,2.5912985801696777,2.589430809020996,-0.0018677711486816406,0.3096522390842438,0.3101957142353058,0.1201171875,working
L30_N13098,30,13098,lack_of_knowledge,lok_0069,2.371748924255371,2.372812271118164,0.0010633468627929688,0.28834694623947144,0.288277268409729,0.1201171875,working
L30_N13098,30,13098,lack_of_knowledge,lok_0070,2.536459445953369,2.538640260696411,0.002180814743041992,0.3151390552520752,0.31251516938209534,0.1201171875,working
L30_N13098,30,13098,lack_of_knowledge,lok_0071,2.7114217281341553,2.7129244804382324,0.0015027523040771484,0.22638347744941711,0.2262333631515503,0.1201171875,working
L30_N13098,30,13098,lack_of_knowledge,lok_0072,2.945474624633789,2.9454798698425293,5.245208740234375e-06,0.22078350186347961,0.22210942208766937,0.1201171875,working
L30_N13098,30,13098,lack_of_knowledge,lok_0073,3.311706066131592,3.318497896194458,0.006791830062866211,0.1539117693901062,0.1555395871400833,0.1201171875,working
L30_N13098,30,13098,lack_of_knowledge,lok_0074,2.3373231887817383,2.3302392959594727,-0.007083892822265625,0.444598913192749,0.4478922486305237,0.1201171875,working
L30_N13098,30,13098,lack_of_knowledge,lok_0075,2.732898473739624,2.7437729835510254,0.010874509811401367,0.2755686044692993,0.2794545590877533,0.1201171875,working
L30_N13098,30,13098,lack_of_knowledge,lok_0076,2.7133607864379883,2.7123794555664062,-0.0009813308715820312,0.2981022000312805,0.2982296049594879,0.1201171875,working
L30_N13098,30,13098,lack_of_knowledge,lok_0077,2.6673073768615723,2.6677019596099854,0.00039458274841308594,0.2877824008464813,0.28778475522994995,0.1201171875,working
L30_N13098,30,13098,lack_of_knowledge,lok_0078,2.2790873050689697,2.2862300872802734,0.007142782211303711,0.3307228684425354,0.32835909724235535,0.1201171875,working
L30_N13098,30,13098,lack_of_knowledge,lok_0079,2.241702079772949,2.2395505905151367,-0.0021514892578125,0.4129316806793213,0.4135631024837494,0.1201171875,working
L30_N13098,30,13098,lack_of_knowledge,lok_0080,2.701868772506714,2.6515133380889893,-0.05035543441772461,0.29091277718544006,0.3139060437679291,0.1201171875,working
L30_N13098,30,13098,lack_of_knowledge,lok_0081,2.630154609680176,2.6251087188720703,-0.005045890808105469,0.2526571750640869,0.2534104585647583,0.1201171875,working
L30_N13098,30,13098,lack_of_knowledge,lok_0082,2.4794020652770996,2.481009006500244,0.0016069412231445312,0.4859446585178375,0.48573827743530273,0.1201171875,working
L30_N13098,30,13098,lack_of_knowledge,lok_0083,3.205901622772217,3.2060022354125977,0.00010061264038085938,0.2136554718017578,0.21407026052474976,0.1201171875,working
L30_N13098,30,13098,lack_of_knowledge,lok_0084,2.2095985412597656,2.211756706237793,0.0021581649780273438,0.2736474871635437,0.27336007356643677,0.1201171875,held_out
L30_N13098,30,13098,lack_of_knowledge,lok_0085,2.287148952484131,2.2916507720947266,0.004501819610595703,0.5165454149246216,0.5159425735473633,0.1201171875,held_out
L30_N13098,30,13098,lack_of_knowledge,lok_0086,2.2640910148620605,2.294304847717285,0.03021383285522461,0.2827526330947876,0.2583597004413605,0.1201171875,held_out
L30_N13098,30,13098,lack_of_knowledge,lok_0087,2.3641552925109863,2.3612141609191895,-0.002941131591796875,0.3289211094379425,0.3255167007446289,0.1201171875,held_out
L30_N13098,30,13098,lack_of_knowledge,lok_0088,2.5307564735412598,2.536928176879883,0.006171703338623047,0.28495776653289795,0.2875554859638214,0.1201171875,held_out
L30_N13098,30,13098,lack_of_knowledge,lok_0089,2.8428843021392822,2.8417601585388184,-0.0011241436004638672,0.2343607097864151,0.23448972404003143,0.1201171875,held_out
L30_N13098,30,13098,lack_of_knowledge,lok_0090,2.067660093307495,2.0753424167633057,0.007682323455810547,0.4261133074760437,0.42386186122894287,0.1201171875,held_out
L30_N13098,30,13098,lack_of_knowledge,lok_0091,2.733212471008301,2.8015096187591553,0.06829714775085449,0.3444516658782959,0.3172251880168915,0.1201171875,held_out
L30_N13098,30,13098,lack_of_knowledge,lok_0092,3.0582218170166016,3.0419955253601074,-0.01622629165649414,0.19981129467487335,0.20814937353134155,0.1201171875,held_out
L30_N13098,30,13098,lack_of_knowledge,lok_0093,2.717287540435791,2.7098355293273926,-0.0074520111083984375,0.2532733976840973,0.2500901222229004,0.1201171875,held_out
L30_N13098,30,13098,lack_of_knowledge,lok_0094,2.132460594177246,2.1320626735687256,-0.0003979206085205078,0.28502002358436584,0.2850470542907715,0.1201171875,held_out
L30_N13098,30,13098,lack_of_knowledge,lok_0095,2.44497013092041,2.4428493976593018,-0.0021207332611083984,0.26511991024017334,0.26577749848365784,0.1201171875,held_out
L30_N13098,30,13098,lack_of_knowledge,lok_0096,1.895049810409546,1.8953568935394287,0.0003070831298828125,0.4387989044189453,0.438743531703949,0.1201171875,held_out
L30_N13098,30,13098,lack_of_knowledge,lok_0097,3.1339588165283203,3.1287014484405518,-0.005257368087768555,0.2454637587070465,0.24262823164463043,0.1201171875,held_out
L30_N13098,30,13098,lack_of_knowledge,lok_0098,3.102553367614746,3.106595039367676,0.0040416717529296875,0.27237218618392944,0.27188625931739807,0.1201171875,held_out
L30_N13098,30,13098,lack_of_knowledge,lok_0099,3.007906436920166,3.00885009765625,0.0009436607360839844,0.2266935557126999,0.2145240604877472,0.1201171875,held_out
L30_N13098,30,13098,lack_of_knowledge,lok_0100,3.406787872314453,3.407270908355713,0.0004830360412597656,0.26816415786743164,0.2681262195110321,0.1201171875,held_out
L30_N13098,30,13098,lack_of_knowledge,lok_0101,1.8872756958007812,1.8912806510925293,0.004004955291748047,0.5120028853416443,0.5030832290649414,0.1201171875,held_out
L30_N13098,30,13098,lack_of_knowledge,lok_0102,2.6861648559570312,2.6900768280029297,0.0039119720458984375,0.2716147005558014,0.2709308862686157,0.1201171875,held_out
L30_N13098,30,13098,lack_of_knowledge,lok_0103,2.4825572967529297,2.476560115814209,-0.005997180938720703,0.246735081076622,0.2475411742925644,0.1201171875,held_out
L30_N13098,30,13098,lack_of_knowledge,lok_0104,2.4228668212890625,2.4305832386016846,0.00771641731262207,0.23433850705623627,0.2327868491411209,0.1201171875,held_out
L30_N13098,30,13098,lack_of_knowledge,lok_0105,2.0768651962280273,2.075453758239746,-0.00141143798828125,0.2821453809738159,0.2822202146053314,0.1201171875,held_out
L30_N13098,30,13098,lack_of_knowledge,lok_0106,3.1305816173553467,3.192537546157837,0.061955928802490234,0.2826291620731354,0.25809162855148315,0.1201171875,held_out
L30_N13098,30,13098,lack_of_knowledge,lok_0107,3.3110029697418213,3.312258243560791,0.0012552738189697266,0.2635786533355713,0.26323091983795166,0.1201171875,held_out
L30_N13098,30,13098,lack_of_knowledge,lok_0108,3.6194231510162354,3.6236026287078857,0.004179477691650391,0.214120551943779,0.21594779193401337,0.1201171875,held_out
L30_N13098,30,13098,lack_of_knowledge,lok_0109,1.9952112436294556,2.016439914703369,0.021228671073913574,0.31463712453842163,0.3253290355205536,0.1201171875,held_out
L30_N13098,30,13098,lack_of_knowledge,lok_0110,2.602980136871338,2.6008613109588623,-0.002118825912475586,0.23165905475616455,0.23198789358139038,0.1201171875,held_out
L30_N13098,30,13098,lack_of_knowledge,lok_0111,2.431495189666748,2.4253153800964355,-0.0061798095703125,0.31492727994918823,0.3157827854156494,0.1201171875,held_out
L30_N13098,30,13098,lack_of_knowledge,lok_0112,2.402334451675415,2.3998966217041016,-0.0024378299713134766,0.38672342896461487,0.38699910044670105,0.1201171875,held_out
L30_N13098,30,13098,lack_of_knowledge,lok_0113,2.746509552001953,2.7465734481811523,6.389617919921875e-05,0.220510795712471,0.22042600810527802,0.1201171875,held_out
L30_N13098,30,13098,lack_of_knowledge,lok_0114,1.8042078018188477,1.8051035404205322,0.0008957386016845703,0.36461204290390015,0.3645239770412445,0.1201171875,held_out
L30_N13098,30,13098,lack_of_knowledge,lok_0115,2.9469594955444336,2.94289493560791,-0.0040645599365234375,0.30013546347618103,0.30180349946022034,0.1201171875,held_out
L30_N13098,30,13098,lack_of_knowledge,lok_0116,2.007812023162842,2.006847381591797,-0.0009646415710449219,0.5500673651695251,0.5503344535827637,0.1201171875,held_out
L30_N13098,30,13098,lack_of_knowledge,lok_0117,3.192384958267212,3.1863760948181152,-0.00600886344909668,0.2453351616859436,0.24617239832878113,0.1201171875,held_out
L30_N13098,30,13098,lack_of_knowledge,lok_0118,3.4750897884368896,3.468449115753174,-0.00664067268371582,0.18571816384792328,0.18482789397239685,0.1201171875,held_out
L30_N13098,30,13098,lack_of_knowledge,lok_0119,2.428151845932007,2.4277215003967285,-0.0004303455352783203,0.2608487904071808,0.2608755826950073,0.1201171875,held_out
L30_N10312,30,10312,lack_of_knowledge,lok_0000,3.908881902694702,3.9184346199035645,0.009552717208862305,0.14724333584308624,0.14864888787269592,0.1162109375,working
L30_N10312,30,10312,lack_of_knowledge,lok_0001,2.8249709606170654,2.833956718444824,0.008985757827758789,0.2386796474456787,0.2423783540725708,0.1162109375,working
L30_N10312,30,10312,lack_of_knowledge,lok_0002,3.1003873348236084,3.1130504608154297,0.012663125991821289,0.2314060479402542,0.2369198203086853,0.1162109375,working
L30_N10312,30,10312,lack_of_knowledge,lok_0003,2.249481439590454,2.273014783859253,0.023533344268798828,0.2636534869670868,0.2729174792766571,0.1162109375,working
L30_N10312,30,10312,lack_of_knowledge,lok_0004,2.493800163269043,2.493013381958008,-0.0007867813110351562,0.311267614364624,0.3113216757774353,0.1162109375,working
L30_N10312,30,10312,lack_of_knowledge,lok_0005,2.7805252075195312,2.8116989135742188,0.0311737060546875,0.3278445303440094,0.31581759452819824,0.1162109375,working
L30_N10312,30,10312,lack_of_knowledge,lok_0006,2.244798183441162,2.2952404022216797,0.05044221878051758,0.36405470967292786,0.3363794684410095,0.1162109375,working
L30_N10312,30,10312,lack_of_knowledge,lok_0007,4.115026473999023,4.112813949584961,-0.0022125244140625,0.1506902426481247,0.15074585378170013,0.1162109375,working
L30_N10312,30,10312,lack_of_knowledge,lok_0008,2.711564302444458,2.7017221450805664,-0.009842157363891602,0.2988700866699219,0.2955191433429718,0.1162109375,working
L30_N10312,30,10312,lack_of_knowledge,lok_0009,2.668410539627075,2.6680147647857666,-0.00039577484130859375,0.3281840980052948,0.326240211725235,0.1162109375,working
L30_N10312,30,10312,lack_of_knowledge,lok_0010,2.7420661449432373,2.7462191581726074,0.004153013229370117,0.23133890330791473,0.23084154725074768,0.1162109375,working
L30_N10312,30,10312,lack_of_knowledge,lok_0011,1.8690134286880493,1.8682944774627686,-0.0007189512252807617,0.5327321887016296,0.5328996181488037,0.1162109375,working
L30_N10312,30,10312,lack_of_knowledge,lok_0012,2.662747383117676,2.6659178733825684,0.003170490264892578,0.24309544265270233,0.2477082759141922,0.1162109375,working
L30_N10312,30,10312,lack_of_knowledge,lok_0013,3.290672779083252,3.295121192932129,0.004448413848876953,0.28111976385116577,0.28195396065711975,0.1162109375,working
L30_N10312,30,10312,lack_of_knowledge,lok_0014,3.0893006324768066,3.088111639022827,-0.0011889934539794922,0.16240721940994263,0.16254185140132904,0.1162109375,working
L30_N10312,30,10312,lack_of_knowledge,lok_0015,2.6001811027526855,2.5990169048309326,-0.0011641979217529297,0.22337457537651062,0.2243032604455948,0.1162109375,working
L30_N10312,30,10312,lack_of_knowledge,lok_0016,3.636564254760742,3.634531021118164,-0.002033233642578125,0.14686629176139832,0.14680735766887665,0.1162109375,working
L30_N10312,30,10312,lack_of_knowledge,lok_0017,1.7938029766082764,1.7950780391693115,0.0012750625610351562,0.6357941627502441,0.6355685591697693,0.1162109375,working
L30_N10312,30,10312,lack_of_knowledge,lok_0018,3.76168155670166,3.7522246837615967,-0.009456872940063477,0.15997152030467987,0.1586429923772812,0.1162109375,working
L30_N10312,30,10312,lack_of_knowledge,lok_0019,2.5667991638183594,2.56306791305542,-0.003731250762939453,0.3893742263317108,0.38979780673980713,0.1162109375,working
L30_N10312,30,10312,lack_of_knowledge,lok_0020,2.966003179550171,2.9639015197753906,-0.0021016597747802734,0.22749841213226318,0.22746501863002777,0.1162109375,working
L30_N10312,30,10312,lack_of_knowledge,lok_0021,2.526073455810547,2.5351157188415527,0.00904226303100586,0.22123083472251892,0.21950162947177887,0.1162109375,working
L30_N10312,30,10312,lack_of_knowledge,lok_0022,2.6455888748168945,2.6561522483825684,0.010563373565673828,0.40096139907836914,0.4052893817424774,0.1162109375,working
L30_N10312,30,10312,lack_of_knowledge,lok_0023,1.922859787940979,1.9123564958572388,-0.010503292083740234,0.38112276792526245,0.3710556626319885,0.1162109375,working
L30_N10312,30,10312,lack_of_knowledge,lok_0024,2.9470975399017334,2.9465160369873047,-0.0005815029144287109,0.214198037981987,0.2131219506263733,0.1162109375,working
L30_N10312,30,10312,lack_of_knowledge,lok_0025,1.5543040037155151,1.555495262145996,0.001191258430480957,0.6460787653923035,0.6457966566085815,0.1162109375,working
L30_N10312,30,10312,lack_of_knowledge,lok_0026,2.252201557159424,2.246476650238037,-0.005724906921386719,0.36627739667892456,0.3694858253002167,0.1162109375,working
L30_N10312,30,10312,lack_of_knowledge,lok_0027,2.104827404022217,2.114267587661743,0.009440183639526367,0.30361494421958923,0.30143094062805176,0.1162109375,working
L30_N10312,30,10312,lack_of_knowledge,lok_0028,2.2237110137939453,2.225409507751465,0.0016984939575195312,0.373460054397583,0.3731629550457001,0.1162109375,working
L30_N10312,30,10312,lack_of_knowledge,lok_0029,1.8713101148605347,1.8657655715942383,-0.005544543266296387,0.3468768000602722,0.35155993700027466,0.1162109375,working
L30_N10312,30,10312,lack_of_knowledge,lok_0030,2.753704309463501,2.7476418018341064,-0.006062507629394531,0.2713783383369446,0.2689743936061859,0.1162109375,working
L30_N10312,30,10312,lack_of_knowledge,lok_0031,2.2892045974731445,2.2964510917663574,0.007246494293212891,0.40870699286460876,0.40596291422843933,0.1162109375,working
L30_N10312,30,10312,lack_of_knowledge,lok_0032,0.7064740061759949,0.7040151357650757,-0.0024588704109191895,0.8929246068000793,0.8932846188545227,0.1162109375,working
L30_N10312,30,10312,lack_of_knowledge,lok_0033,2.459549903869629,2.4609358310699463,0.0013859272003173828,0.32558971643447876,0.3254496157169342,0.1162109375,working
L30_N10312,30,10312,lack_of_knowledge,lok_0034,2.452033519744873,2.4927315711975098,0.04069805145263672,0.26953449845314026,0.2658996284008026,0.1162109375,working
L30_N10312,30,10312,lack_of_knowledge,lok_0035,3.0634889602661133,3.061161518096924,-0.002327442169189453,0.2370489537715912,0.23853309452533722,0.1162109375,working
L30_N10312,30,10312,lack_of_knowledge,lok_0036,3.002075433731079,3.0019657611846924,-0.00010967254638671875,0.23908543586730957,0.23910851776599884,0.1162109375,working
L30_N10312,30,10312,lack_of_knowledge,lok_0037,2.6400294303894043,2.639617443084717,-0.0004119873046875,0.2704247832298279,0.27201899886131287,0.1162109375,working
L30_N10312,30,10312,lack_of_knowledge,lok_0038,2.911905288696289,2.9084982872009277,-0.003407001495361328,0.43646419048309326,0.4386897683143616,0.1162109375,working
L30_N10312,30,10312,lack_of_knowledge,lok_0039,2.876549005508423,2.9229798316955566,0.04643082618713379,0.37225958704948425,0.3583259582519531,0.1162109375,working
L30_N10312,30,10312,lack_of_knowledge,lok_0040,1.4230759143829346,1.4221980571746826,-0.0008778572082519531,0.6793196201324463,0.6795124411582947,0.1162109375,working
L30_N10312,30,10312,lack_of_knowledge,lok_0041,2.95888614654541,2.960362434387207,0.001476287841796875,0.28017154335975647,0.2801302373409271,0.1162109375,working
L30_N10312,30,10312,lack_of_knowledge,lok_0042,2.4324846267700195,2.434901237487793,0.0024166107177734375,0.21404914557933807,0.21349212527275085,0.1162109375,working
L30_N10312,30,10312,lack_of_knowledge,lok_0043,2.5788180828094482,2.5821146965026855,0.0032966136932373047,0.30127057433128357,0.2988972067832947,0.1162109375,working
L30_N10312,30,10312,lack_of_knowledge,lok_0044,2.6911308765411377,2.693662405014038,0.0025315284729003906,0.22111687064170837,0.20872294902801514,0.1162109375,working
L30_N10312,30,10312,lack_of_knowledge,lok_0045,1.9650545120239258,1.971779465675354,0.006724953651428223,0.5035289525985718,0.49818190932273865,0.1162109375,working
L30_N10312,30,10312,lack_of_knowledge,lok_0046,3.460538148880005,3.4628350734710693,0.002296924591064453,0.17234964668750763,0.17222675681114197,0.1162109375,working
L30_N10312,30,10312,lack_of_knowledge,lok_0047,2.815678834915161,2.8185667991638184,0.0028879642486572266,0.23076173663139343,0.2293095886707306,0.1162109375,working
L30_N10312,30,10312,lack_of_knowledge,lok_0048,2.327691078186035,2.3221421241760254,-0.005548954010009766,0.3101983368396759,0.314796507358551,0.1162109375,working
L30_N10312,30,10312,lack_of_knowledge,lok_0049,3.1199283599853516,3.107834577560425,-0.012093782424926758,0.2627541720867157,0.26378101110458374,0.1162109375,working
L30_N10312,30,10312,lack_of_knowledge,lok_0050,3.0483131408691406,3.0500638484954834,0.0017507076263427734,0.1865970939397812,0.18657352030277252,0.1162109375,working
L30_N10312,30,10312,lack_of_knowledge,lok_0051,3.7176549434661865,3.7219631671905518,0.004308223724365234,0.16761435568332672,0.16643831133842468,0.1162109375,working
L30_N10312,30,10312,lack_of_knowledge,lok_0052,2.293198823928833,2.2925636768341064,-0.0006351470947265625,0.2652854919433594,0.2653160095214844,0.1162109375,working
L30_N10312,30,10312,lack_of_knowledge,lok_0053,2.503537178039551,2.501800298690796,-0.0017368793487548828,0.2919103503227234,0.29206523299217224,0.1162109375,working
L30_N10312,30,10312,lack_of_knowledge,lok_0054,2.9047462940216064,2.9228525161743164,0.01810622215270996,0.21120452880859375,0.20222052931785583,0.1162109375,working
L30_N10312,30,10312,lack_of_knowledge,lok_0055,2.6336722373962402,2.564716339111328,-0.06895589828491211,0.29845601320266724,0.3184911906719208,0.1162109375,working
L30_N10312,30,10312,lack_of_knowledge,lok_0056,2.1315324306488037,2.1507081985473633,0.01917576789855957,0.5574800968170166,0.5526936054229736,0.1162109375,working
L30_N10312,30,10312,lack_of_knowledge,lok_0057,4.396864891052246,4.394096374511719,-0.0027685165405273438,0.13338956236839294,0.13262824714183807,0.1162109375,working
L30_N10312,30,10312,lack_of_knowledge,lok_0058,2.2851853370666504,2.280738353729248,-0.004446983337402344,0.5099014043807983,0.5114192366600037,0.1162109375,working
L30_N10312,30,10312,lack_of_knowledge,lok_0059,2.177844762802124,2.1778688430786133,2.4080276489257812e-05,0.2158930003643036,0.2158920019865036,0.1162109375,working
L30_N10312,30,10312,lack_of_knowledge,lok_0060,3.3442442417144775,3.3141555786132812,-0.03008866310119629,0.24951548874378204,0.2591867744922638,0.1162109375,working
L30_N10312,30,10312,lack_of_knowledge,lok_0061,2.585824489593506,2.5835771560668945,-0.002247333526611328,0.34842970967292786,0.3432328402996063,0.1162109375,working
L30_N10312,30,10312,lack_of_knowledge,lok_0062,2.2484776973724365,2.2473297119140625,-0.0011479854583740234,0.29464447498321533,0.29921048879623413,0.1162109375,working
L30_N10312,30,10312,lack_of_knowledge,lok_0063,2.9368109703063965,2.972745895385742,0.0359349250793457,0.3425575792789459,0.329671174287796,0.1162109375,working
L30_N10312,30,10312,lack_of_knowledge,lok_0064,2.5612192153930664,2.5627245903015137,0.0015053749084472656,0.17992129921913147,0.1798458844423294,0.1162109375,working
L30_N10312,30,10312,lack_of_knowledge,lok_0065,3.717409133911133,3.7153244018554688,-0.0020847320556640625,0.19281595945358276,0.19196495413780212,0.1162109375,working
L30_N10312,30,10312,lack_of_knowledge,lok_0066,3.292851448059082,3.2902321815490723,-0.0026192665100097656,0.3255794942378998,0.32891425490379333,0.1162109375,working
L30_N10312,30,10312,lack_of_knowledge,lok_0067,3.1203551292419434,3.1166234016418457,-0.0037317276000976562,0.2411842942237854,0.24144189059734344,0.1162109375,working
L30_N10312,30,10312,lack_of_knowledge,lok_0068,2.5912985801696777,2.5912985801696777,0.0,0.3096522390842438,0.3096522390842438,0.1162109375,working
L30_N10312,30,10312,lack_of_knowledge,lok_0069,2.371748924255371,2.3743972778320312,0.0026483535766601562,0.28834694623947144,0.28819167613983154,0.1162109375,working
L30_N10312,30,10312,lack_of_knowledge,lok_0070,2.536459445953369,2.534705877304077,-0.0017535686492919922,0.3151390552520752,0.3153966963291168,0.1162109375,working
L30_N10312,30,10312,lack_of_knowledge,lok_0071,2.7114217281341553,2.715935707092285,0.004513978958129883,0.22638347744941711,0.22526006400585175,0.1162109375,working
L30_N10312,30,10312,lack_of_knowledge,lok_0072,2.945474624633789,2.9473536014556885,0.001878976821899414,0.22078350186347961,0.22072191536426544,0.1162109375,working
L30_N10312,30,10312,lack_of_knowledge,lok_0073,3.311706066131592,3.309105396270752,-0.0026006698608398438,0.1539117693901062,0.15413255989551544,0.1162109375,working
L30_N10312,30,10312,lack_of_knowledge,lok_0074,2.3373231887817383,2.3370285034179688,-0.00029468536376953125,0.444598913192749,0.4446028769016266,0.1162109375,working
L30_N10312,30,10312,lack_of_knowledge,lok_0075,2.732898473739624,2.7325477600097656,-0.00035071372985839844,0.2755686044692993,0.2756582796573639,0.1162109375,working
L30_N10312,30,10312,lack_of_knowledge,lok_0076,2.7133607864379883,2.6947312355041504,-0.01862955093383789,0.2981022000312805,0.29409366846084595,0.1162109375,working
L30_N10312,30,10312,lack_of_knowledge,lok_0077,2.6673073768615723,2.695655107498169,0.02834773063659668,0.2877824008464813,0.27438420057296753,0.1162109375,working
L30_N10312,30,10312,lack_of_knowledge,lok_0078,2.2790873050689697,2.278687000274658,-0.00040030479431152344,0.3307228684425354,0.33260801434516907,0.1162109375,working
L30_N10312,30,10312,lack_of_knowledge,lok_0079,2.241702079772949,2.2365007400512695,-0.0052013397216796875,0.4129316806793213,0.4138309359550476,0.1162109375,working
L30_N10312,30,10312,lack_of_knowledge,lok_0080,2.701868772506714,2.701484203338623,-0.0003845691680908203,0.29091277718544006,0.2910890281200409,0.1162109375,working
L30_N10312,30,10312,lack_of_knowledge,lok_0081,2.630154609680176,2.629202127456665,-0.0009524822235107422,0.2526571750640869,0.25271371006965637,0.1162109375,working
L30_N10312,30,10312,lack_of_knowledge,lok_0082,2.4794020652770996,2.4850761890411377,0.005674123764038086,0.4859446585178375,0.48427367210388184,0.1162109375,working
L30_N10312,30,10312,lack_of_knowledge,lok_0083,3.205901622772217,3.203056573867798,-0.0028450489044189453,0.2136554718017578,0.2130260318517685,0.1162109375,working
L30_N10312,30,10312,lack_of_knowledge,lok_0084,2.2095985412597656,2.2110633850097656,0.00146484375,0.2736474871635437,0.2733924984931946,0.1162109375,held_out
L30_N10312,30,10312,lack_of_knowledge,lok_0085,2.287148952484131,2.2846603393554688,-0.0024886131286621094,0.5165454149246216,0.5172535181045532,0.1162109375,held_out
L30_N10312,30,10312,lack_of_knowledge,lok_0086,2.2640910148620605,2.2651901245117188,0.0010991096496582031,0.2827526330947876,0.28267863392829895,0.1162109375,held_out
L30_N10312,30,10312,lack_of_knowledge,lok_0087,2.3641552925109863,2.3627893924713135,-0.0013659000396728516,0.3289211094379425,0.32342639565467834,0.1162109375,held_out
L30_N10312,30,10312,lack_of_knowledge,lok_0088,2.5307564735412598,2.5333991050720215,0.0026426315307617188,0.28495776653289795,0.2881334722042084,0.1162109375,held_out
L30_N10312,30,10312,lack_of_knowledge,lok_0089,2.8428843021392822,2.8185324668884277,-0.024351835250854492,0.2343607097864151,0.24597427248954773,0.1162109375,held_out
L30_N10312,30,10312,lack_of_knowledge,lok_0090,2.067660093307495,2.067660093307495,0.0,0.4261133074760437,0.4261133074760437,0.1162109375,held_out
L30_N10312,30,10312,lack_of_knowledge,lok_0091,2.733212471008301,2.7314605712890625,-0.0017518997192382812,0.3444516658782959,0.34848904609680176,0.1162109375,held_out
L30_N10312,30,10312,lack_of_knowledge,lok_0092,3.0582218170166016,3.063861846923828,0.0056400299072265625,0.19981129467487335,0.200149267911911,0.1162109375,held_out
L30_N10312,30,10312,lack_of_knowledge,lok_0093,2.717287540435791,2.711576223373413,-0.00571131706237793,0.2532733976840973,0.24995717406272888,0.1162109375,held_out
L30_N10312,30,10312,lack_of_knowledge,lok_0094,2.132460594177246,2.157590866088867,0.025130271911621094,0.28502002358436584,0.2614409625530243,0.1162109375,held_out
L30_N10312,30,10312,lack_of_knowledge,lok_0095,2.44497013092041,2.44517183303833,0.00020170211791992188,0.26511991024017334,0.26511573791503906,0.1162109375,held_out
L30_N10312,30,10312,lack_of_knowledge,lok_0096,1.895049810409546,1.8848127126693726,-0.01023709774017334,0.4387989044189453,0.44112637639045715,0.1162109375,held_out
L30_N10312,30,10312,lack_of_knowledge,lok_0097,3.1339588165283203,3.1388869285583496,0.004928112030029297,0.2454637587070465,0.24461175501346588,0.1162109375,held_out
L30_N10312,30,10312,lack_of_knowledge,lok_0098,3.102553367614746,3.1030211448669434,0.0004677772521972656,0.27237218618392944,0.2724377512931824,0.1162109375,held_out
L30_N10312,30,10312,lack_of_knowledge,lok_0099,3.007906436920166,2.9933254718780518,-0.014580965042114258,0.2266935557126999,0.2240285575389862,0.1162109375,held_out
L30_N10312,30,10312,lack_of_knowledge,lok_0100,3.406787872314453,3.3681468963623047,-0.03864097595214844,0.26816415786743164,0.280844122171402,0.1162109375,held_out
L30_N10312,30,10312,lack_of_knowledge,lok_0101,1.8872756958007812,1.8879733085632324,0.0006976127624511719,0.5120028853416443,0.5118995308876038,0.1162109375,held_out
L30_N10312,30,10312,lack_of_knowledge,lok_0102,2.6861648559570312,2.6884255409240723,0.0022606849670410156,0.2716147005558014,0.2711712121963501,0.1162109375,held_out
L30_N10312,30,10312,lack_of_knowledge,lok_0103,2.4825572967529297,2.4776926040649414,-0.004864692687988281,0.246735081076622,0.24750389158725739,0.1162109375,held_out
L30_N10312,30,10312,lack_of_knowledge,lok_0104,2.4228668212890625,2.4311606884002686,0.008293867111206055,0.23433850705623627,0.23268435895442963,0.1162109375,held_out
L30_N10312,30,10312,lack_of_knowledge,lok_0105,2.0768651962280273,2.076340913772583,-0.0005242824554443359,0.2821453809738159,0.2821807861328125,0.1162109375,held_out
L30_N10312,30,10312,lack_of_knowledge,lok_0106,3.1305816173553467,3.189150810241699,0.05856919288635254,0.2826291620731354,0.25844696164131165,0.1162109375,held_out
L30_N10312,30,10312,lack_of_knowledge,lok_0107,3.3110029697418213,3.309462070465088,-0.0015408992767333984,0.2635786533355713,0.26364195346832275,0.1162109375,held_out
L30_N10312,30,10312,lack_of_knowledge,lok_0108,3.6194231510162354,3.623216390609741,0.0037932395935058594,0.214120551943779,0.21601440012454987,0.1162109375,held_out
L30_N10312,30,10312,lack_of_knowledge,lok_0109,1.9952112436294556,2.016343593597412,0.021132349967956543,0.31463712453842163,0.3253301978111267,0.1162109375,held_out
L30_N10312,30,10312,lack_of_knowledge,lok_0110,2.602980136871338,2.6035728454589844,0.0005927085876464844,0.23165905475616455,0.2316359281539917,0.1162109375,held_out
L30_N10312,30,10312,lack_of_knowledge,lok_0111,2.431495189666748,2.4300436973571777,-0.0014514923095703125,0.31492727994918823,0.31501680612564087,0.1162109375,held_out
L30_N10312,30,10312,lack_of_knowledge,lok_0112,2.402334451675415,2.4084105491638184,0.00607609748840332,0.38672342896461487,0.38532426953315735,0.1162109375,held_out
L30_N10312,30,10312,lack_of_knowledge,lok_0113,2.746509552001953,2.7484192848205566,0.0019097328186035156,0.220510795712471,0.22028879821300507,0.1162109375,held_out
L30_N10312,30,10312,lack_of_knowledge,lok_0114,1.8042078018188477,1.803768277168274,-0.00043952465057373047,0.36461204290390015,0.36465734243392944,0.1162109375,held_out
L30_N10312,30,10312,lack_of_knowledge,lok_0115,2.9469594955444336,2.8717916011810303,-0.07516789436340332,0.30013546347618103,0.32514482736587524,0.1162109375,held_out
L30_N10312,30,10312,lack_of_knowledge,lok_0116,2.007812023162842,2.001676082611084,-0.0061359405517578125,0.5500673651695251,0.5524662733078003,0.1162109375,held_out
L30_N10312,30,10312,lack_of_knowledge,lok_0117,3.192384958267212,3.1848745346069336,-0.00751042366027832,0.2453351616859436,0.24366681277751923,0.1162109375,held_out
L30_N10312,30,10312,lack_of_knowledge,lok_0118,3.4750897884368896,3.469748020172119,-0.005341768264770508,0.18571816384792328,0.18379506468772888,0.1162109375,held_out
L30_N10312,30,10312,lack_of_knowledge,lok_0119,2.428151845932007,2.413098096847534,-0.015053749084472656,0.2608487904071808,0.2545008659362793,0.1162109375,held_out
L20_N5595,20,5595,lack_of_knowledge,lok_0000,3.908881902694702,3.8985910415649414,-0.010290861129760742,0.14724333584308624,0.1451580822467804,0.1337890625,working
L20_N5595,20,5595,lack_of_knowledge,lok_0001,2.8249709606170654,2.8499555587768555,0.02498459815979004,0.2386796474456787,0.23051054775714874,0.1337890625,working
L20_N5595,20,5595,lack_of_knowledge,lok_0002,3.1003873348236084,3.1066207885742188,0.0062334537506103516,0.2314060479402542,0.23108702898025513,0.1337890625,working
L20_N5595,20,5595,lack_of_knowledge,lok_0003,2.249481439590454,2.2492358684539795,-0.0002455711364746094,0.2636534869670868,0.2636493146419525,0.1337890625,working
L20_N5595,20,5595,lack_of_knowledge,lok_0004,2.493800163269043,2.4921607971191406,-0.0016393661499023438,0.311267614364624,0.31131136417388916,0.1337890625,working
L20_N5595,20,5595,lack_of_knowledge,lok_0005,2.7805252075195312,2.817023515701294,0.036498308181762695,0.3278445303440094,0.31923961639404297,0.1337890625,working
L20_N5595,20,5595,lack_of_knowledge,lok_0006,2.244798183441162,2.295006275177002,0.050208091735839844,0.36405470967292786,0.3377018868923187,0.1337890625,working
L20_N5595,20,5595,lack_of_knowledge,lok_0007,4.115026473999023,4.113832950592041,-0.0011935234069824219,0.1506902426481247,0.15101216733455658,0.1337890625,working
L20_N5595,20,5595,lack_of_knowledge,lok_0008,2.711564302444458,2.702681541442871,-0.008882761001586914,0.2988700866699219,0.29290321469306946,0.1337890625,working
L20_N5595,20,5595,lack_of_knowledge,lok_0009,2.668410539627075,2.6689186096191406,0.0005080699920654297,0.3281840980052948,0.32603514194488525,0.1337890625,working
L20_N5595,20,5595,lack_of_knowledge,lok_0010,2.7420661449432373,2.7458581924438477,0.0037920475006103516,0.23133890330791473,0.23018613457679749,0.1337890625,working
L20_N5595,20,5595,lack_of_knowledge,lok_0011,1.8690134286880493,1.944952368736267,0.07593894004821777,0.5327321887016296,0.5026898980140686,0.1337890625,working
L20_N5595,20,5595,lack_of_knowledge,lok_0012,2.662747383117676,2.6605887413024902,-0.002158641815185547,0.24309544265270233,0.24443168938159943,0.1337890625,working
L20_N5595,20,5595,lack_of_knowledge,lok_0013,3.290672779083252,3.3165574073791504,0.025884628295898438,0.28111976385116577,0.27803727984428406,0.1337890625,working
L20_N5595,20,5595,lack_of_knowledge,lok_0014,3.0893006324768066,3.091094493865967,0.0017938613891601562,0.16240721940994263,0.16182371973991394,0.1337890625,working
L20_N5595,20,5595,lack_of_knowledge,lok_0015,2.6001811027526855,2.6007308959960938,0.0005497932434082031,0.22337457537651062,0.22421908378601074,0.1337890625,working
L20_N5595,20,5595,lack_of_knowledge,lok_0016,3.636564254760742,3.633167266845703,-0.0033969879150390625,0.14686629176139832,0.14762450754642487,0.1337890625,working
L20_N5595,20,5595,lack_of_knowledge,lok_0017,1.7938029766082764,1.7802386283874512,-0.013564348220825195,0.6357941627502441,0.6418082118034363,0.1337890625,working
L20_N5595,20,5595,lack_of_knowledge,lok_0018,3.76168155670166,3.7311453819274902,-0.030536174774169922,0.15997152030467987,0.16680018603801727,0.1337890625,working
L20_N5595,20,5595,lack_of_knowledge,lok_0019,2.5667991638183594,2.567223072052002,0.0004239082336425781,0.3893742263317108,0.39587441086769104,0.1337890625,working
L20_N5595,20,5595,lack_of_knowledge,lok_0020,2.966003179550171,2.935900926589966,-0.030102252960205078,0.22749841213226318,0.25935038924217224,0.1337890625,working
L20_N5595,20,5595,lack_of_knowledge,lok_0021,2.526073455810547,2.5295119285583496,0.0034384727478027344,0.22123083472251892,0.22013500332832336,0.1337890625,working
L20_N5595,20,5595,lack_of_knowledge,lok_0022,2.6455888748168945,2.6456735134124756,8.463859558105469e-05,0.40096139907836914,0.40282320976257324,0.1337890625,working
L20_N5595,20,5595,lack_of_knowledge,lok_0023,1.922859787940979,1.9237897396087646,0.0009299516677856445,0.38112276792526245,0.3670302927494049,0.1337890625,working
L20_N5595,20,5595,lack_of_knowledge,lok_0024,2.9470975399017334,2.9514596462249756,0.0043621063232421875,0.214198037981987,0.21726329624652863,0.1337890625,working
L20_N5595,20,5595,lack_of_knowledge,lok_0025,1.5543040037155151,1.6299734115600586,0.07566940784454346,0.6460787653923035,0.6274900436401367,0.1337890625,working
L20_N5595,20,5595,lack_of_knowledge,lok_0026,2.252201557159424,2.1938424110412598,-0.05835914611816406,0.36627739667892456,0.39552053809165955,0.1337890625,working
L20_N5595,20,5595,lack_of_knowledge,lok_0027,2.104827404022217,2.114259719848633,0.009432315826416016,0.30361494421958923,0.30144059658050537,0.1337890625,working
L20_N5595,20,5595,lack_of_knowledge,lok_0028,2.2237110137939453,2.222593307495117,-0.001117706298828125,0.373460054397583,0.37463507056236267,0.1337890625,working
L20_N5595,20,5595,lack_of_knowledge,lok_0029,1.8713101148605347,1.8691350221633911,-0.0021750926971435547,0.3468768000602722,0.3470473885536194,0.1337890625,working
L20_N5595,20,5595,lack_of_knowledge,lok_0030,2.753704309463501,2.749513626098633,-0.004190683364868164,0.2713783383369446,0.2677769362926483,0.1337890625,working
L20_N5595,20,5595,lack_of_knowledge,lok_0031,2.2892045974731445,2.3709909915924072,0.0817863941192627,0.40870699286460876,0.38406890630722046,0.1337890625,working
L20_N5595,20,5595,lack_of_knowledge,lok_0032,0.7064740061759949,0.6423947215080261,-0.06407928466796875,0.8929246068000793,0.9043571352958679,0.1337890625,working
L20_N5595,20,5595,lack_of_knowledge,lok_0033,2.459549903869629,2.469240665435791,0.00969076156616211,0.32558971643447876,0.32369256019592285,0.1337890625,working
L20_N5595,20,5595,lack_of_knowledge,lok_0034,2.452033519744873,2.467332601547241,0.015299081802368164,0.26953449845314026,0.27430933713912964,0.1337890625,working
L20_N5595,20,5595,lack_of_knowledge,lok_0035,3.0634889602661133,3.0571513175964355,-0.006337642669677734,0.2370489537715912,0.2380065619945526,0.1337890625,working
L20_N5595,20,5595,lack_of_knowledge,lok_0036,3.002075433731079,3.0058627128601074,0.0037872791290283203,0.23908543586730957,0.23687249422073364,0.1337890625,working
L20_N5595,20,5595,lack_of_knowledge,lok_0037,2.6400294303894043,2.6522579193115234,0.01222848892211914,0.2704247832298279,0.27854472398757935,0.1337890625,working
L20_N5595,20,5595,lack_of_knowledge,lok_0038,2.911905288696289,2.857243299484253,-0.05466198921203613,0.43646419048309326,0.4497831165790558,0.1337890625,working
L20_N5595,20,5595,lack_of_knowledge,lok_0039,2.876549005508423,2.9307518005371094,0.05420279502868652,0.37225958704948425,0.3541625738143921,0.1337890625,working
L20_N5595,20,5595,lack_of_knowledge,lok_0040,1.4230759143829346,1.4739272594451904,0.05085134506225586,0.6793196201324463,0.6654636859893799,0.1337890625,working
L20_N5595,20,5595,lack_of_knowledge,lok_0041,2.95888614654541,2.9547183513641357,-0.004167795181274414,0.28017154335975647,0.2768343389034271,0.1337890625,working
L20_N5595,20,5595,lack_of_knowledge,lok_0042,2.4324846267700195,2.4412918090820312,0.008807182312011719,0.21404914557933807,0.21286694705486298,0.1337890625,working
L20_N5595,20,5595,lack_of_knowledge,lok_0043,2.5788180828094482,2.5738954544067383,-0.004922628402709961,0.30127057433128357,0.30099499225616455,0.1337890625,working
L20_N5595,20,5595,lack_of_knowledge,lok_0044,2.6911308765411377,2.697232723236084,0.006101846694946289,0.22111687064170837,0.2123023122549057,0.1337890625,working
L20_N5595,20,5595,lack_of_knowledge,lok_0045,1.9650545120239258,2.040494203567505,0.0754396915435791,0.5035289525985718,0.48012199997901917,0.1337890625,working
L20_N5595,20,5595,lack_of_knowledge,lok_0046,3.460538148880005,3.4325008392333984,-0.028037309646606445,0.17234964668750763,0.17995260655879974,0.1337890625,working
L20_N5595,20,5595,lack_of_knowledge,lok_0047,2.815678834915161,2.821927070617676,0.0062482357025146484,0.23076173663139343,0.2288152128458023,0.1337890625,working
L20_N5595,20,5595,lack_of_knowledge,lok_0048,2.327691078186035,2.3232507705688477,-0.0044403076171875,0.3101983368396759,0.31106430292129517,0.1337890625,working
L20_N5595,20,5595,lack_of_knowledge,lok_0049,3.1199283599853516,3.1105237007141113,-0.009404659271240234,0.2627541720867157,0.25897929072380066,0.1337890625,working
L20_N5595,20,5595,lack_of_knowledge,lok_0050,3.0483131408691406,3.0598044395446777,0.01149129867553711,0.1865970939397812,0.1869300752878189,0.1337890625,working
L20_N5595,20,5595,lack_of_knowledge,lok_0051,3.7176549434661865,3.706666946411133,-0.010987997055053711,0.16761435568332672,0.16674098372459412,0.1337890625,working
L20_N5595,20,5595,lack_of_knowledge,lok_0052,2.293198823928833,2.296142578125,0.002943754196166992,0.2652854919433594,0.2666894495487213,0.1337890625,working
L20_N5595,20,5595,lack_of_knowledge,lok_0053,2.503537178039551,2.5131125450134277,0.009575366973876953,0.2919103503227234,0.29377567768096924,0.1337890625,working
L20_N5595,20,5595,lack_of_knowledge,lok_0054,2.9047462940216064,2.915452480316162,0.010706186294555664,0.21120452880859375,0.20542055368423462,0.1337890625,working
L20_N5595,20,5595,lack_of_knowledge,lok_0055,2.6336722373962402,2.5634267330169678,-0.07024550437927246,0.29845601320266724,0.31666117906570435,0.1337890625,working
L20_N5595,20,5595,lack_of_knowledge,lok_0056,2.1315324306488037,2.1355996131896973,0.004067182540893555,0.5574800968170166,0.5567367076873779,0.1337890625,working
L20_N5595,20,5595,lack_of_knowledge,lok_0057,4.396864891052246,4.41054630279541,0.013681411743164062,0.13338956236839294,0.13630357384681702,0.1337890625,working
L20_N5595,20,5595,lack_of_knowledge,lok_0058,2.2851853370666504,2.190121650695801,-0.09506368637084961,0.5099014043807983,0.5366997122764587,0.1337890625,working
L20_N5595,20,5595,lack_of_knowledge,lok_0059,2.177844762802124,2.1710801124572754,-0.006764650344848633,0.2158930003643036,0.21711140871047974,0.1337890625,working
L20_N5595,20,5595,lack_of_knowledge,lok_0060,3.3442442417144775,3.317760705947876,-0.026483535766601562,0.24951548874378204,0.2618778347969055,0.1337890625,working
L20_N5595,20,5595,lack_of_knowledge,lok_0061,2.585824489593506,2.588803768157959,0.002979278564453125,0.34842970967292786,0.35106050968170166,0.1337890625,working
L20_N5595,20,5595,lack_of_knowledge,lok_0062,2.2484776973724365,2.246804714202881,-0.001672983169555664,0.29464447498321533,0.2925129234790802,0.1337890625,working
L20_N5595,20,5595,lack_of_knowledge,lok_0063,2.9368109703063965,2.942718744277954,0.005907773971557617,0.3425575792789459,0.3391602635383606,0.1337890625,working
L20_N5595,20,5595,lack_of_knowledge,lok_0064,2.5612192153930664,2.5677597522735596,0.006540536880493164,0.17992129921913147,0.18226294219493866,0.1337890625,working
L20_N5595,20,5595,lack_of_knowledge,lok_0065,3.717409133911133,3.6907849311828613,-0.026624202728271484,0.19281595945358276,0.2005680501461029,0.1337890625,working
L20_N5595,20,5595,lack_of_knowledge,lok_0066,3.292851448059082,3.302177906036377,0.009326457977294922,0.3255794942378998,0.3287164866924286,0.1337890625,working
L20_N5595,20,5595,lack_of_knowledge,lok_0067,3.1203551292419434,3.118208169937134,-0.0021469593048095703,0.2411842942237854,0.23901855945587158,0.1337890625,working
L20_N5595,20,5595,lack_of_knowledge,lok_0068,2.5912985801696777,2.5837669372558594,-0.007531642913818359,0.3096522390842438,0.30608242750167847,0.1337890625,working
L20_N5595,20,5595,lack_of_knowledge,lok_0069,2.371748924255371,2.3732900619506836,0.0015411376953125,0.28834694623947144,0.29014503955841064,0.1337890625,working
L20_N5595,20,5595,lack_of_knowledge,lok_0070,2.536459445953369,2.5367190837860107,0.00025963783264160156,0.3151390552520752,0.3151114583015442,0.1337890625,working
L20_N5595,20,5595,lack_of_knowledge,lok_0071,2.7114217281341553,2.714585781097412,0.003164052963256836,0.22638347744941711,0.22599348425865173,0.1337890625,working
L20_N5595,20,5595,lack_of_knowledge,lok_0072,2.945474624633789,2.9429166316986084,-0.002557992935180664,0.22078350186347961,0.22896285355091095,0.1337890625,working
L20_N5595,20,5595,lack_of_knowledge,lok_0073,3.311706066131592,3.3157174587249756,0.004011392593383789,0.1539117693901062,0.1558392196893692,0.1337890625,working
L20_N5595,20,5595,lack_of_knowledge,lok_0074,2.3373231887817383,2.334956645965576,-0.0023665428161621094,0.444598913192749,0.4463373124599457,0.1337890625,working
L20_N5595,20,5595,lack_of_knowledge,lok_0075,2.732898473739624,2.7358827590942383,0.002984285354614258,0.2755686044692993,0.2707096040248871,0.1337890625,working
L20_N5595,20,5595,lack_of_knowledge,lok_0076,2.7133607864379883,2.7139225006103516,0.0005617141723632812,0.2981022000312805,0.2949705421924591,0.1337890625,working
L20_N5595,20,5595,lack_of_knowledge,lok_0077,2.6673073768615723,2.689176559448242,0.021869182586669922,0.2877824008464813,0.27623528242111206,0.1337890625,working
L20_N5595,20,5595,lack_of_knowledge,lok_0078,2.2790873050689697,2.2810120582580566,0.001924753189086914,0.3307228684425354,0.3304564654827118,0.1337890625,working
L20_N5595,20,5595,lack_of_knowledge,lok_0079,2.241702079772949,2.247204303741455,0.005502223968505859,0.4129316806793213,0.4122450649738312,0.1337890625,working
L20_N5595,20,5595,lack_of_knowledge,lok_0080,2.701868772506714,2.633660316467285,-0.06820845603942871,0.29091277718544006,0.319458544254303,0.1337890625,working
L20_N5595,20,5595,lack_of_knowledge,lok_0081,2.630154609680176,2.6332945823669434,0.003139972686767578,0.2526571750640869,0.2616678774356842,0.1337890625,working
L20_N5595,20,5595,lack_of_knowledge,lok_0082,2.4794020652770996,2.5807018280029297,0.10129976272583008,0.4859446585178375,0.460361510515213,0.1337890625,working
L20_N5595,20,5595,lack_of_knowledge,lok_0083,3.205901622772217,3.2035388946533203,-0.0023627281188964844,0.2136554718017578,0.2142287790775299,0.1337890625,working
L20_N5595,20,5595,lack_of_knowledge,lok_0084,2.2095985412597656,2.2049484252929688,-0.004650115966796875,0.2736474871635437,0.27406245470046997,0.1337890625,held_out
L20_N5595,20,5595,lack_of_knowledge,lok_0085,2.287148952484131,2.286017656326294,-0.001131296157836914,0.5165454149246216,0.5165618062019348,0.1337890625,held_out
L20_N5595,20,5595,lack_of_knowledge,lok_0086,2.2640910148620605,2.2873847484588623,0.023293733596801758,0.2827526330947876,0.25984224677085876,0.1337890625,held_out
L20_N5595,20,5595,lack_of_knowledge,lok_0087,2.3641552925109863,2.3675408363342285,0.0033855438232421875,0.3289211094379425,0.3232204020023346,0.1337890625,held_out
L20_N5595,20,5595,lack_of_knowledge,lok_0088,2.5307564735412598,2.5307564735412598,0.0,0.28495776653289795,0.28495776653289795,0.1337890625,held_out
L20_N5595,20,5595,lack_of_knowledge,lok_0089,2.8428843021392822,2.8263347148895264,-0.01654958724975586,0.2343607097864151,0.2441871464252472,0.1337890625,held_out
L20_N5595,20,5595,lack_of_knowledge,lok_0090,2.067660093307495,2.066793918609619,-0.0008661746978759766,0.4261133074760437,0.4262990951538086,0.1337890625,held_out
L20_N5595,20,5595,lack_of_knowledge,lok_0091,2.733212471008301,2.7408411502838135,0.007628679275512695,0.3444516658782959,0.3459600508213043,0.1337890625,held_out
L20_N5595,20,5595,lack_of_knowledge,lok_0092,3.0582218170166016,3.036930799484253,-0.021291017532348633,0.19981129467487335,0.20890186727046967,0.1337890625,held_out
L20_N5595,20,5595,lack_of_knowledge,lok_0093,2.717287540435791,2.7122952938079834,-0.004992246627807617,0.2532733976840973,0.25862157344818115,0.1337890625,held_out
L20_N5595,20,5595,lack_of_knowledge,lok_0094,2.132460594177246,2.1138877868652344,-0.01857280731201172,0.28502002358436584,0.2761348485946655,0.1337890625,held_out
L20_N5595,20,5595,lack_of_knowledge,lok_0095,2.44497013092041,2.4436628818511963,-0.0013072490692138672,0.26511991024017334,0.26523929834365845,0.1337890625,held_out
L20_N5595,20,5595,lack_of_knowledge,lok_0096,1.895049810409546,1.8833391666412354,-0.011710643768310547,0.4387989044189453,0.4414581060409546,0.1337890625,held_out
L20_N5595,20,5595,lack_of_knowledge,lok_0097,3.1339588165283203,3.1281089782714844,-0.0058498382568359375,0.2454637587070465,0.239571675658226,0.1337890625,held_out
L20_N5595,20,5595,lack_of_knowledge,lok_0098,3.102553367614746,3.103086471557617,0.0005331039428710938,0.27237218618392944,0.27244096994400024,0.1337890625,held_out
L20_N5595,20,5595,lack_of_knowledge,lok_0099,3.007906436920166,3.019756317138672,0.01184988021850586,0.2266935557126999,0.21699324250221252,0.1337890625,held_out
L20_N5595,20,5595,lack_of_knowledge,lok_0100,3.406787872314453,3.406787872314453,0.0,0.26816415786743164,0.26816415786743164,0.1337890625,held_out
L20_N5595,20,5595,lack_of_knowledge,lok_0101,1.8872756958007812,1.8873988389968872,0.00012314319610595703,0.5120028853416443,0.5119865536689758,0.1337890625,held_out
L20_N5595,20,5595,lack_of_knowledge,lok_0102,2.6861648559570312,2.698073625564575,0.011908769607543945,0.2716147005558014,0.2760508954524994,0.1337890625,held_out
L20_N5595,20,5595,lack_of_knowledge,lok_0103,2.4825572967529297,2.5175909996032715,0.0350337028503418,0.246735081076622,0.2305365651845932,0.1337890625,held_out
L20_N5595,20,5595,lack_of_knowledge,lok_0104,2.4228668212890625,2.456897735595703,0.034030914306640625,0.23433850705623627,0.2391064316034317,0.1337890625,held_out
L20_N5595,20,5595,lack_of_knowledge,lok_0105,2.0768651962280273,2.0921831130981445,0.015317916870117188,0.2821453809738159,0.2758638262748718,0.1337890625,held_out
L20_N5595,20,5595,lack_of_knowledge,lok_0106,3.1305816173553467,3.110844850540161,-0.019736766815185547,0.2826291620731354,0.2807404100894928,0.1337890625,held_out
L20_N5595,20,5595,lack_of_knowledge,lok_0107,3.3110029697418213,3.3048644065856934,-0.00613856315612793,0.2635786533355713,0.26042842864990234,0.1337890625,held_out
L20_N5595,20,5595,lack_of_knowledge,lok_0108,3.6194231510162354,3.6322484016418457,0.012825250625610352,0.214120551943779,0.2164849042892456,0.1337890625,held_out
L20_N5595,20,5595,lack_of_knowledge,lok_0109,1.9952112436294556,2.016632556915283,0.021421313285827637,0.31463712453842163,0.3252810537815094,0.1337890625,held_out
L20_N5595,20,5595,lack_of_knowledge,lok_0110,2.602980136871338,2.585649013519287,-0.01733112335205078,0.23165905475616455,0.2254503220319748,0.1337890625,held_out
L20_N5595,20,5595,lack_of_knowledge,lok_0111,2.431495189666748,2.4162192344665527,-0.015275955200195312,0.31492727994918823,0.3183562159538269,0.1337890625,held_out
L20_N5595,20,5595,lack_of_knowledge,lok_0112,2.402334451675415,2.4118094444274902,0.009474992752075195,0.38672342896461487,0.3841104507446289,0.1337890625,held_out
L20_N5595,20,5595,lack_of_knowledge,lok_0113,2.746509552001953,2.730013608932495,-0.016495943069458008,0.220510795712471,0.2287510186433792,0.1337890625,held_out
L20_N5595,20,5595,lack_of_knowledge,lok_0114,1.8042078018188477,1.8074378967285156,0.0032300949096679688,0.36461204290390015,0.3644171953201294,0.1337890625,held_out
L20_N5595,20,5595,lack_of_knowledge,lok_0115,2.9469594955444336,2.8756191730499268,-0.07134032249450684,0.30013546347618103,0.3266882598400116,0.1337890625,held_out
L20_N5595,20,5595,lack_of_knowledge,lok_0116,2.007812023162842,1.9998290538787842,-0.007982969284057617,0.5500673651695251,0.5532921552658081,0.1337890625,held_out
L20_N5595,20,5595,lack_of_knowledge,lok_0117,3.192384958267212,3.1879825592041016,-0.0044023990631103516,0.2453351616859436,0.2429475039243698,0.1337890625,held_out
L20_N5595,20,5595,lack_of_knowledge,lok_0118,3.4750897884368896,3.5146982669830322,0.03960847854614258,0.18571816384792328,0.17758741974830627,0.1337890625,held_out
L20_N5595,20,5595,lack_of_knowledge,lok_0119,2.428151845932007,2.4132285118103027,-0.014923334121704102,0.2608487904071808,0.25304388999938965,0.1337890625,held_out
