pair,layer,positions,rec
0,0,last,-0.01865654665691109
0,0,all,0.3210084421814164
0,1,last,-0.008892532971729985
0,1,all,-0.4127052625512821
0,2,last,-0.032941166040144694
0,2,all,-0.16362553475237138
0,3,last,-0.04787801066518342
0,3,all,-0.6771293153489796
0,4,last,-0.08415076330534826
0,4,all,-0.1028910691687727
0,5,last,0.010910161601606684
0,5,all,0.19265235776333522
0,6,last,-0.02265459056446706
0,6,all,0.05779233596261026
0,7,last,0.04268756462757717
0,7,all,0.17858722716430056
0,8,last,0.049272636450513475
0,8,all,0.19573103355594462
0,9,last,0.14815002977068176
0,9,all,0.3590081743386056
0,10,last,0.20090083143261372
0,10,all,-0.03115545008791217
0,11,last,-0.13596644825500875
0,11,all,-0.43675608292488083
0,12,last,-0.09953965100175077
0,12,all,0.17252454214744606
0,13,last,-0.1155850802221882
0,13,all,-0.3286751801639534
0,14,last,-0.3437707064890754
0,14,all,-0.04121804551274633
0,15,last,-0.21254432355224895
0,15,all,0.3060783052922753
0,16,last,-0.13907078842844398
0,16,all,0.15083049936352336
0,17,last,-0.11217632549527588
0,17,all,0.2772363241513956
0,18,last,0.1777057723392103
0,18,all,0.22419341517315525
0,19,last,0.05115599370616057
0,19,all,0.3266806203127508
0,20,last,0.2917887863454295
0,20,all,0.5697263897028905
0,21,last,-0.31956759134653073
0,21,all,-0.17051828750452627
0,22,last,-0.05277757427738436
0,22,all,0.007588490785087408
0,23,last,0.20253588580377108
0,23,all,0.2534022219754294
0,24,last,-0.136608757713313
0,24,all,-0.13093407147203423
0,25,last,-0.0062912729906189685
0,25,all,-0.08914930976814332
0,26,last,0.26623132099700986
0,26,all,0.08779230563197837
0,27,last,0.06158558977680388
0,27,all,-0.02870531831298226
0,28,last,0.20801073984343793
0,28,all,0.3553433590848175
0,29,last,0.1658462036314632
0,29,all,0.2513739192962547
0,30,last,-0.05679854114326884
0,30,all,-0.05248552528921424
0,31,last,0.5829837922435709
0,31,all,0.5829837922435709
1,0,last,0.0012462016862933606
1,0,all,-1.0
1,1,last,-0.00150207271215283
1,1,all,-1.0
1,2,last,-0.027967011404784393
1,2,all,-1.0
1,3,last,-0.0013457160992253884
1,3,all,-1.0
1,4,last,-0.02955469896241081
1,4,all,-0.8268338883785771
1,5,last,0.027021570398010057
1,5,all,-1.0
1,6,last,-0.026463370258949483
1,6,all,-0.6560705089902619
1,7,last,-0.02829800499562353
1,7,all,-0.44004510815269665
1,8,last,-0.002241670319134069
1,8,all,-0.7701744920330059
1,9,last,0.030278341812970882
1,9,all,-0.5760233867523817
1,10,last,0.0012030427180761008
1,10,all,-0.5099058485485823
1,11,last,0.06814314326224687
1,11,all,0.382603712406808
1,12,last,-0.057399697043513324
1,12,all,0.011994839961353794
1,13,last,-0.11464379464898021
1,13,all,-0.25946863413872223
1,14,last,0.08227797577299983
1,14,all,0.10047515968818241
1,15,last,-0.09117310402328119
1,15,all,0.2269826407923424
1,16,last,-0.45096919466446983
1,16,all,-0.3436774599422038
1,17,last,-0.15361834405420852
1,17,all,0.1599693106203945
1,18,last,0.17707778522453263
1,18,all,0.27386712575982497
1,19,last,0.02609516693110098
1,19,all,0.17221996752368768
1,20,last,-0.28217912118389266
1,20,all,-0.18993104516526532
1,21,last,0.3125596275218791
1,21,all,0.7353452046816772
1,22,last,-0.03497066271839628
1,22,all,0.07365786425628336
1,23,last,0.19005900772015508
1,23,all,0.3286261213219148
1,24,last,-0.16170340334965513
1,24,all,-0.1907902223195252
1,25,last,-0.1192074499085549
1,25,all,-0.3198546829968376
1,26,last,-0.0001263941212076896
1,26,all,-0.22327053685429749
1,27,last,-0.10358563409934914
1,27,all,-0.1053415226483987
1,28,last,-0.38675021839086926
1,28,all,-0.4361128285760396
1,29,last,-0.11647118214036464
1,29,all,-0.11937397429845584
1,30,last,-0.49898105894584815
1,30,all,-0.5545927956757094
1,31,last,0.5689390422300228
1,31,all,0.5689390422300228
2,0,last,0.0012177306531689347
2,0,all,0.10333103544735407
2,1,last,0.006606846027778761
2,1,all,-0.003914195608746767
2,2,last,-0.004146366860131255
2,2,all,-0.005143232410776788
2,3,last,0.0003164347073339792
2,3,all,0.1085808515076526
2,4,last,-0.009657409943431453
2,4,all,-0.0020244535848224056
2,5,last,-0.008558101749154015
2,5,all,0.3470562946554219
2,6,last,0.008375794394418268
2,6,all,0.11771446716251059
2,7,last,-0.011779323218740303
2,7,all,-0.05522290811331304
2,8,last,-0.01654409174682062
2,8,all,0.0003198024963564303
2,9,last,0.024528260389199568
2,9,all,0.08190607236416383
2,10,last,0.045747736794229124
2,10,all,0.009293001425124599
2,11,last,0.03564887156730372
2,11,all,0.0007840762687371925
2,12,last,-0.0022264178305871534
2,12,all,-0.06855526318412081
2,13,last,0.01262151103071183
2,13,all,-0.17119736240262193
2,14,last,0.08927833436027989
2,14,all,-0.03167230313125339
2,15,last,0.013502943894353145
2,15,all,0.0833121930114254
2,16,last,0.09468714099111282
2,16,all,0.1387066865389129
2,17,last,0.09253223712946158
2,17,all,0.1773319619329872
2,18,last,0.13003411432818968
2,18,all,0.16095619090690091
2,19,last,-0.01595761534419663
2,19,all,0.14798535767809504
2,20,last,0.015697608285585758
2,20,all,-0.016433573282573652
2,21,last,0.10400406059133564
2,21,all,0.2796905139349144
2,22,last,0.24757565583395563
2,22,all,0.16688174696151545
2,23,last,0.11513652776140658
2,23,all,0.21009663148930846
2,24,last,0.17534675339983458
2,24,all,0.27238715415298215
2,25,last,0.015481038832325688
2,25,all,0.014637613873366321
2,26,last,0.0050292430619250485
2,26,all,0.002540687530692414
2,27,last,0.08246948972154226
2,27,all,0.08679235621860525
2,28,last,0.3690505687267799
2,28,all,0.4612815261995085
2,29,last,0.17495499018701882
2,29,all,0.1975757073817468
2,30,last,0.014981850022732576
2,30,all,0.06483822069396386
2,31,last,0.2754989568445329
2,31,all,0.2754989568445329
3,0,last,-0.012437503169210487
3,0,all,-0.6024319253587547
3,1,last,-0.20551087673038893
3,1,all,-0.5924588002636784
3,2,last,0.04008113178844886
3,2,all,-1.0
3,3,last,0.05727701435018508
3,3,all,-1.0
3,4,last,0.03381167283606308
3,4,all,-1.0
3,5,last,0.017913898889508645
3,5,all,0.7059155215252776
3,6,last,0.27723340601389385
3,6,all,-1.0
3,7,last,0.23041022260534455
3,7,all,-1.0
3,8,last,-0.19196186805942902
3,8,all,-1.0
3,9,last,0.25403377110694186
3,9,all,-0.8163318290147559
3,10,last,-0.19317884488616197
3,10,all,-1.0
3,11,last,1.298913848182141
3,11,all,2.0
3,12,last,0.18011054206176158
3,12,all,1.6135652350286496
3,13,last,-0.16455149333198113
3,13,all,-0.48765884082957256
3,14,last,0.5156290248973175
3,14,all,-1.0
3,15,last,-1.0
3,15,all,-1.0
3,16,last,-0.21321028345418588
3,16,all,1.6891110998428072
3,17,last,-0.05287561482683434
3,17,all,-0.2760225140712946
3,18,last,-1.0
3,18,all,-1.0
3,19,last,-1.0
3,19,all,-1.0
3,20,last,-1.0
3,20,all,-1.0
3,21,last,2.0
3,21,all,2.0
3,22,last,2.0
3,22,all,2.0
3,23,last,1.3289488362659094
3,23,all,0.6651569393032808
3,24,last,-0.7510045129557325
3,24,all,-0.3235687845443943
3,25,last,-0.49840271791491303
3,25,all,-0.5111708331220526
3,26,last,-1.0
3,26,all,-1.0
3,27,last,-1.0
3,27,all,-1.0
3,28,last,-1.0
3,28,all,-0.8438780994878556
3,29,last,2.0
3,29,all,2.0
3,30,last,0.43461690583641804
3,30,all,0.2724892246843466
3,31,last,1.8105167080776836
3,31,all,1.8105167080776836
4,0,last,-0.0060159563193424295
4,0,all,0.40835721402985115
4,1,last,-0.0012614066637497829
4,1,all,0.3045986251299725
4,2,last,0.004406368676052433
4,2,all,0.8443656480084932
4,3,last,0.0002882026379903582
4,3,all,0.8219036906608959
4,4,last,0.005793042747804104
4,4,all,0.21447584253897764
4,5,last,0.005938375935977624
4,5,all,0.559853799575925
4,6,last,-0.0018923426820250276
4,6,all,-0.005309109784810796
4,7,last,-0.004246827930022056
4,7,all,0.09479055390669106
4,8,last,0.00011746556987239998
4,8,all,0.20430561272721245
4,9,last,-0.0013203995099569659
4,9,all,0.042196227835901774
4,10,last,0.0008332636870999727
4,10,all,0.10359631066678533
4,11,last,0.024146962759472368
4,11,all,0.008807946749744654
4,12,last,-0.011388356805049285
4,12,all,-0.03337059691973028
4,13,last,0.015354537561374802
4,13,all,0.08284158712601444
4,14,last,0.017721423625767122
4,14,all,0.010551397510414291
4,15,last,0.04315777016677291
4,15,all,0.07057501709629108
4,16,last,-0.05596805987694503
4,16,all,-0.015371947979095345
4,17,last,0.01837738027579799
4,17,all,0.08059361749963789
4,18,last,0.05082517030659828
4,18,all,0.08694570985544343
4,19,last,0.10375264855295202
4,19,all,0.16815049871676188
4,20,last,0.0724198370029028
4,20,all,0.07371469575856218
4,21,last,0.04478487772726597
4,21,all,0.07981370743539537
4,22,last,-0.021382046076123
4,22,all,-0.05888227910470924
4,23,last,0.04674125023169406
4,23,all,0.05951025863695646
4,24,last,0.019988719910808292
4,24,all,0.025746366950888087
4,25,last,-0.008976959201012935
4,25,all,-0.009802749548430977
4,26,last,-0.0033948945811525712
4,26,all,-0.03328442082698772
4,27,last,0.055282812115340293
4,27,all,0.030665822827154545
4,28,last,0.03504580212791987
4,28,all,0.07245293322149421
4,29,last,0.03889730955117723
4,29,all,0.042339590033389954
4,30,last,-0.052026899752375136
4,30,all,-0.03769511473259966
4,31,last,0.1524099481046365
4,31,all,0.1524099481046365
5,0,last,-0.005322090502488565
5,0,all,-0.20511428004842006
5,1,last,-0.010359963721051047
5,1,all,0.0733764755547592
5,2,last,-0.008975248114799035
5,2,all,-0.09453379014949952
5,3,last,-0.010774337897698556
5,3,all,-0.18601904058949964
5,4,last,-0.005251973573604426
5,4,all,-0.03667748120306214
5,5,last,0.007785556934407254
5,5,all,0.036348081620042265
5,6,last,0.01658804368565887
5,6,all,0.029791023898858394
5,7,last,0.013438874934505586
5,7,all,0.0470531931113492
5,8,last,-0.013644866847905179
5,8,all,-0.03715841021862374
5,9,last,0.0154795775305052
5,9,all,0.05454529944967116
5,10,last,-0.008689343525097665
5,10,all,-0.003463616930219923
5,11,last,0.03981849464296821
5,11,all,0.08446685519808993
5,12,last,-0.004729190000894741
5,12,all,0.020861192431177494
5,13,last,-0.007734000369051269
5,13,all,-0.3521034539664786
5,14,last,0.2302493242691892
5,14,all,0.005434202597335397
5,15,last,-0.06408218603961635
5,15,all,0.032746761790717
5,16,last,0.15265880254065128
5,16,all,-0.2575399016178872
5,17,last,0.05387581401372126
5,17,all,0.09999095885322075
5,18,last,-0.0594203007913136
5,18,all,-0.2061214141178468
5,19,last,0.17162768154484467
5,19,all,0.29574955020411947
5,20,last,-0.06339774919971321
5,20,all,-0.14484442079924956
5,21,last,-0.15126579101433746
5,21,all,-0.046771881742925
5,22,last,0.12032482136001627
5,22,all,0.10377582005521334
5,23,last,0.0430210010044625
5,23,all,-0.008767193938785202
5,24,last,0.07688222825975641
5,24,all,0.15068010843189347
5,25,last,-0.21372713237837138
5,25,all,-0.169574464764345
5,26,last,-0.02012768311497644
5,26,all,-0.0774263843722864
5,27,last,0.05096296181031786
5,27,all,-0.03193830797633029
5,28,last,0.09473101744678859
5,28,all,0.09840798481837255
5,29,last,0.12761918483539558
5,29,all,0.1129091124776309
5,30,last,-0.009646702074153433
5,30,all,0.03150954483098797
5,31,last,-0.03118098890085574
5,31,all,-0.03118098890085574
6,0,last,-0.027350460304596702
6,0,all,-0.4469508648965429
6,1,last,0.00010641823550880569
6,1,all,-0.8991979681183494
6,2,last,7.028314527668248e-05
6,2,all,-0.4550785494090446
6,3,last,-0.02750317251222372
6,3,all,0.1691857425882765
6,4,last,-0.027523819255331587
6,4,all,0.24392558408471665
6,5,last,-0.027450377908432286
6,5,all,0.11684741997627006
6,6,last,-0.027345617728775355
6,6,all,0.028183764961897943
6,7,last,-0.027286348811657552
6,7,all,0.0002479714640692388
6,8,last,-0.027595957844061558
6,8,all,0.05468319520258646
6,9,last,-0.02736827782541764
6,9,all,0.14362257437778658
6,10,last,-5.163659652980754e-05
6,10,all,0.0644006657752204
6,11,last,-0.02762163139141876
6,11,all,-0.025536402451738237
6,12,last,-0.05340199175933082
6,12,all,-0.07084154164190823
6,13,last,-0.026388708955468895
6,13,all,0.030950231150750636
6,14,last,0.00022775897368448238
6,14,all,0.0014115582152292034
6,15,last,0.05502750497531898
6,15,all,0.05806112870309832
6,16,last,0.13979004407204568
6,16,all,0.1429652473467323
6,17,last,-0.05540556802789324
6,17,all,-0.0281665659222281
6,18,last,0.11025543732111337
6,18,all,0.13817357120820228
6,19,last,-0.11080943852241432
6,19,all,-0.11055820358333504
6,20,last,0.000310043285127114
6,20,all,0.02822509792563396
6,21,last,-0.000226219350393456
6,21,all,0.0835043510477959
6,22,last,-0.027972060179795102
6,22,all,0.027055484273044165
6,23,last,0.05567052798485748
6,23,all,0.11042305887223383
6,24,last,-0.0810117930538382
6,24,all,-0.08131780963189647
6,25,last,0.05468061600459466
6,25,all,0.08225524282853011
6,26,last,-0.08262571303803666
6,26,all,-0.11017749553690184
6,27,last,0.0017326420468620537
6,27,all,0.02878311267483031
6,28,last,-0.13641876911328818
6,28,all,-0.10873740823368165
6,29,last,-0.0811661764764905
6,29,all,-0.054238178275612704
6,30,last,-0.11118754105250886
6,30,all,-0.11116796020244862
6,31,last,0.3578803940356573
6,31,all,0.3578803940356573
7,0,last,-0.01927093627997675
7,0,all,0.1608696497198951
7,1,last,-0.02040075106869403
7,1,all,0.048082339004769444
7,2,last,0.019212554511537454
7,2,all,0.4820338737323915
7,3,last,-0.000457899165831087
7,3,all,-0.19423606855670514
7,4,last,0.01984143421642887
7,4,all,-0.04237135637357068
7,5,last,0.0005073885955042437
7,5,all,0.044984728439980616
7,6,last,0.020842178771578554
7,6,all,-0.2687616716636358
7,7,last,-0.03940075241942903
7,7,all,0.23031074859384734
7,8,last,0.0012598230327032455
7,8,all,0.3141036319913481
7,9,last,0.001718285004785354
7,9,all,0.3389710385906491
7,10,last,-0.04061074833870851
7,10,all,0.24624199258026255
7,11,last,0.0004916675408923766
7,11,all,0.2759961708163497
7,12,last,-0.07934048562525298
7,12,all,0.28365390026983184
7,13,last,-0.016807233155921794
7,13,all,0.029100835219484682
7,14,last,-0.1263886869039788
7,14,all,-0.17668146621984354
7,15,last,-0.2279732266312714
7,15,all,0.020545242193539613
7,16,last,-0.07541404905479317
7,16,all,-0.18972821560852338
7,17,last,-0.10291752757262865
7,17,all,0.13895716354054058
7,18,last,-0.36902793154895236
7,18,all,-0.5962006225687708
7,19,last,0.1945336805022453
7,19,all,0.3127805870564468
7,20,last,-0.07797035256734952
7,20,all,-0.17862990146087993
7,21,last,-0.08660785266302659
7,21,all,0.2191497378298401
7,22,last,-0.050596994854750214
7,22,all,-0.06603477032026978
7,23,last,0.09399314637059757
7,23,all,0.11598179899592363
7,24,last,-0.06862701839205804
7,24,all,-0.0647142767737064
7,25,last,-0.07909952950898232
7,25,all,-0.049473896220628456
7,26,last,-0.02396425264807845
7,26,all,-0.024614819153842563
7,27,last,0.04997366817153554
7,27,all,0.05236214286003729
7,28,last,0.00341296966744454
7,28,all,0.03098195883289892
7,29,last,-0.08242230009459647
7,29,all,-0.048840326463645195
7,30,last,0.13791698502740266
7,30,all,0.15728641240130817
7,31,last,-0.050931189206606775
7,31,all,-0.050931189206606775
8,0,last,0.004757481587125328
8,0,all,-1.0
8,1,last,0.004760112937560686
8,1,all,2.0
8,2,last,-0.004175953140911447
8,2,all,-1.0
8,3,last,-1.0
8,3,all,-1.0
8,4,last,-1.0
8,4,all,-1.0
8,5,last,-1.0
8,5,all,-1.0
8,6,last,-0.004197003944394303
8,6,all,0.11342962321693116
8,7,last,-0.004160165038299306
8,7,all,-1.0
8,8,last,-1.0
8,8,all,2.0
8,9,last,0.010201745637878816
8,9,all,-1.0
8,10,last,2.0
8,10,all,-1.0
8,11,last,-1.0
8,11,all,-1.0
8,12,last,-1.0
8,12,all,-1.0
8,13,last,-1.0
8,13,all,-1.0
8,14,last,-1.0
8,14,all,-1.0
8,15,last,0.07441459031189397
8,15,all,-1.0
8,16,last,2.0
8,16,all,-1.0
8,17,last,2.0
8,17,all,2.0
8,18,last,2.0
8,18,all,2.0
8,19,last,2.0
8,19,all,2.0
8,20,last,-1.0
8,20,all,2.0
8,21,last,2.0
8,21,all,2.0
8,22,last,-1.0
8,22,all,-0.020527164746219406
8,23,last,2.0
8,23,all,2.0
8,24,last,-1.0
8,24,all,-1.0
8,25,last,2.0
8,25,all,2.0
8,26,last,-1.0
8,26,all,-1.0
8,27,last,2.0
8,27,all,2.0
8,28,last,-1.0
8,28,all,-1.0
8,29,last,-1.0
8,29,all,-1.0
8,30,last,-1.0
8,30,all,-1.0
8,31,last,-1.0
8,31,all,-1.0
9,0,last,0.07992375231053604
9,0,all,2.0
9,1,last,0.16887765711645103
9,1,all,0.640172134935305
9,2,last,-0.02807532347504621
9,2,all,2.0
9,3,last,0.05820702402957486
9,3,all,2.0
9,4,last,-0.16588378003696858
9,4,all,2.0
9,5,last,-0.027947088724584103
9,5,all,1.1504355360443623
9,6,last,-0.03162199630314233
9,6,all,1.342811922365989
9,7,last,-0.1583572088724584
9,7,all,2.0
9,8,last,-0.10266982439926063
9,8,all,0.13730360443622922
9,9,last,-0.12321626617375231
9,9,all,1.338328904805915
9,10,last,-0.008927911275415897
9,10,all,0.597952287430684
9,11,last,0.07459912199630314
9,11,all,2.0
9,12,last,0.35616913123844735
9,12,all,-0.8566254621072089
9,13,last,-0.1252518484288355
9,13,all,-0.06956099815157117
9,14,last,-0.4951062846580407
9,14,all,0.1984796672828096
9,15,last,-0.34577402957486136
9,15,all,-0.6195563770794824
9,16,last,1.6107093345656192
9,16,all,1.831982439926063
9,17,last,0.1356180683918669
9,17,all,0.4591173752310536
9,18,last,0.30232728743068393
9,18,all,-1.0
9,19,last,-0.21948128465804068
9,19,all,0.1519177449168207
9,20,last,0.07573706099815157
9,20,all,1.1705383548983364
9,21,last,-0.577570471349353
9,21,all,0.8313164279112755
9,22,last,-1.0
9,22,all,-1.0
9,23,last,-0.5963678373382625
9,23,all,-0.19316312384473197
9,24,last,-0.6247319778188539
9,24,all,-0.5769339186691312
9,25,last,-0.5151132162661738
9,25,all,-1.0
9,26,last,0.8362303604436229
9,26,all,0.7528974121996304
9,27,last,-0.8233479667282809
9,27,all,0.22057878927911276
9,28,last,-1.0
9,28,all,-1.0
9,29,last,-1.0
9,29,all,-1.0
9,30,last,0.7743842421441774
9,30,all,0.8795523336414048
9,31,last,1.3500462107208873
9,31,all,1.3500462107208873
10,0,last,-0.0010711510643454988
10,0,all,-0.10892153107922646
10,1,last,-0.008035254328550907
10,1,all,0.29689602172113094
10,2,last,-0.0068364665503385
10,2,all,0.1676770649441705
10,3,last,0.011298356132318724
10,3,all,0.5425120044318607
10,4,last,-0.00181688845725662
10,4,all,0.212350132793684
10,5,last,0.02440463563247003
10,5,all,-0.026824964531354037
10,6,last,0.03132552117075893
10,6,all,-0.08262452584146152
10,7,last,0.044597314206355924
10,7,all,-0.1030567003756754
10,8,last,0.03131802755497896
10,8,all,-0.03946990979457819
10,9,last,0.017150379565264013
10,9,all,0.0036686290402681023
10,10,last,0.08237998872142702
10,10,all,0.06473519401175626
10,11,last,-0.052132812486162354
10,11,all,-0.143602284653579
10,12,last,-0.09046173071732569
10,12,all,-0.2853577336362934
10,13,last,0.05071384865157834
10,13,all,-0.06338702440915905
10,14,last,-0.10140758716335442
10,14,all,-0.1316242984442845
10,15,last,-0.06895072075640285
10,15,all,-0.03688354961952188
10,16,last,0.03836941100588712
10,16,all,0.02055159552023474
10,17,last,-0.0218037242180446
10,17,all,-0.021540057940637212
10,18,last,0.08178766608066591
10,18,all,-0.04614195278994809
10,19,last,0.10034049627628606
10,19,all,0.18394417882982694
10,20,last,-0.003243454905668321
10,20,all,0.01646415510640185
10,21,last,0.08366240525174394
10,21,all,0.18628913557872037
10,22,last,-0.034363433007960534
10,22,all,-0.023441365385844234
10,23,last,0.10888174679181277
10,23,all,0.1574170787133489
10,24,last,0.05224717868772073
10,24,all,0.11460531602553334
10,25,last,0.12698272558065643
10,25,all,0.07548853265601946
10,26,last,-0.07498755037923827
10,26,all,-0.10975493015200731
10,27,last,0.09413853461117194
10,27,all,-0.0004300245477228196
10,28,last,-0.00015556746359226772
10,28,all,0.07893156298704244
10,29,last,0.08372441151613423
10,29,all,0.10762645715061936
10,30,last,0.11893787942390717
10,30,all,0.1679854476706504
10,31,last,0.44423320622798496
10,31,all,0.44423320622798496
11,0,last,-0.0038713677698798137
11,0,all,0.6298841226581288
11,1,last,1.2466109463936322e-05
11,1,all,0.17547029660097738
11,2,last,-0.0031896929430247534
11,2,all,0.7922038582492286
11,3,last,-0.00317955694747931
11,3,all,0.5291012975860719
11,4,last,0.007456985902888464
11,4,all,0.15360173087075502
11,5,last,-0.008227826422357847
11,5,all,-0.008388293600878048
11,6,last,-0.009124687269585714
11,6,all,0.39377534921223123
11,7,last,0.015049001907353584
11,7,all,-0.04863273963843001
11,8,last,-0.002238967629047728
11,8,all,0.019363712685458622
11,9,last,-0.01718051244952682
11,9,all,-0.04814764875583179
11,10,last,0.024061688367923745
11,10,all,-0.01770389487085227
11,11,last,0.03878241605939367
11,11,all,-0.07302806148424995
11,12,last,0.008835054109517062
11,12,all,-0.1357312716899625
11,13,last,0.06550808483509822
11,13,all,0.12543492547169466
11,14,last,-0.06582004825355244
11,14,all,0.020599100249811514
11,15,last,0.06921350965874938
11,15,all,0.2032370796930805
11,16,last,0.04722950620148169
11,16,all,0.1004389002576873
11,17,last,0.06962916314657651
11,17,all,0.24448329995704046
11,18,last,0.11260974545291862
11,18,all,0.061799786204280935
11,19,last,0.1412085928076995
11,19,all,0.30756925079148145
11,20,last,-0.009213503445112264
11,20,all,0.10284060692632575
11,21,last,-0.09920471658552563
11,21,all,0.08010834563698208
11,22,last,0.06655923805896229
11,22,all,0.15194507812755462
11,23,last,0.28345816400848567
11,23,all,0.28374032138639915
11,24,last,0.05481779402367722
11,24,all,0.05428909117557121
11,25,last,-0.0036985898228235744
11,25,all,0.019979678299812186
11,26,last,0.08193668894074342
11,26,all,0.11176513741031295
11,27,last,0.13270864791489367
11,27,all,0.09008711674577533
11,28,last,-0.11147610619633991
11,28,all,-0.0572674039509567
11,29,last,0.1763095453815705
11,29,all,0.1970238503470355
11,30,last,0.11939239638779527
11,30,all,0.14698537239919482
11,31,last,0.2705886924076423
11,31,all,0.2705886924076423
12,0,last,0.027644813559009777
12,0,all,-0.7929521720041969
12,1,last,0.027644469446429266
12,1,all,0.10776128984406777
12,2,last,-6.977544324744442e-05
12,2,all,-0.3383504947571272
12,3,last,-0.0011131247873450427
12,3,all,0.07591573519361654
12,4,last,0.027634146069014053
12,4,all,0.19478757321590728
12,5,last,0.02763303432067703
12,5,all,0.043322000382547306
12,6,last,-1.2758635677264117e-05
12,6,all,0.2670799617579748
12,7,last,0.02656056775822883
12,7,all,0.15832275716552244
12,8,last,0.02772663294257497
12,8,all,0.07863835393058889
12,9,last,0.02766426915490768
12,9,all,0.33138634435282405
12,10,last,-0.00020609696552526641
12,10,all,0.024787540922265126
12,11,last,0.030284183521697913
12,11,all,0.24889318835499732
12,12,last,0.030142276787536476
12,12,all,0.23030613261029456
12,13,last,-0.0006465345983758839
12,13,all,0.027598093658656307
12,14,last,0.025564308897263705
12,14,all,0.08284544786967048
12,15,last,0.191825822705681
12,15,all,0.2213806993182918
12,16,last,0.006861260742731535
12,16,all,0.00038008558026936815
12,17,last,0.07556616975221829
12,17,all,0.13073895741405642
12,18,last,0.24416015804190835
12,18,all,0.2747447253761905
12,19,last,0.13107454659064638
12,19,all,0.21454709993299334
12,20,last,-0.03187668360388788
12,20,all,-0.08588319431979187
12,21,last,0.1996952009583059
12,21,all,0.3290259438121332
12,22,last,0.02318972033017655
12,22,all,0.052151876257963095
12,23,last,0.1368580732014281
12,23,all,0.19081079647397897
12,24,last,-0.002081881112068097
12,24,all,-0.027906497941386194
12,25,last,0.10581551849268948
12,25,all,0.16098555325388356
12,26,last,-0.02997194106018545
12,26,all,-0.02914543558220434
12,27,last,0.13621871202684585
12,27,all,0.13714961596771313
12,28,last,-0.057562728944055605
12,28,all,-0.0306071728838016
12,29,last,0.0016203996714095439
12,29,all,0.02914495911863133
12,30,last,-0.055815801723813445
12,30,all,-0.05572506188335356
12,31,last,0.00382203196149412
12,31,all,0.00382203196149412
13,0,last,-0.0022723304543480556
13,0,all,1.1687127758056706
13,1,last,0.020016313381249484
13,1,all,0.4632978813912025
13,2,last,0.021290250187055097
13,2,all,0.8701539469966869
13,3,last,0.0021279289777739762
13,3,all,0.1413961016813268
13,4,last,0.009692067683516725
13,4,all,0.5990250754237118
13,5,last,0.02091177115769055
13,5,all,0.6875850677222997
13,6,last,0.038932446935139975
13,6,all,0.6650150747783506
13,7,last,0.06440581781592307
13,7,all,-0.06844821605158842
13,8,last,0.059354525399713864
13,8,all,0.29770234563489817
13,9,last,0.06520677080435149
13,9,all,0.1298613056008918
13,10,last,0.05167580059658351
13,10,all,0.15422614221644615
13,11,last,0.09982963078443266
13,11,all,0.3989452560512573
13,12,last,0.02262895304790588
13,12,all,-0.07102207273143671
13,13,last,-0.06035061966168666
13,13,all,0.09591760776726652
13,14,last,-0.14817231725586916
13,14,all,-0.025057411850333236
13,15,last,-0.1185274759066443
13,15,all,0.11382829622046764
13,16,last,0.02256242412982398
13,16,all,0.15301467207911607
13,17,last,-0.0619919217951035
13,17,all,0.3679017361748233
13,18,last,-0.2451363758509838
13,18,all,-0.11647397040750802
13,19,last,0.01652469487523452
13,19,all,-0.25868903693872547
13,20,last,0.020978146783334477
13,20,all,0.170248191187555
13,21,last,0.20741999782631323
13,21,all,0.29565405207865314
13,22,last,0.2825673233561417
13,22,all,0.35815049761024753
13,23,last,0.0662270852715246
13,23,all,0.049690893463441826
13,24,last,0.34361504037952756
13,24,all,0.5197220302234437
13,25,last,-0.06189718706843388
13,25,all,0.11795822443821771
13,26,last,0.1968445058227366
13,26,all,0.29940465815862977
13,27,last,0.1893487355443315
13,27,all,0.21426182256430962
13,28,last,0.06528954872085892
13,28,all,0.26183022893152563
13,29,last,0.08805761465622867
13,29,all,0.16346354452892392
13,30,last,0.20914177848966786
13,30,all,0.27559282401307644
13,31,last,0.4628679344257872
13,31,all,0.4628679344257872
14,0,last,-0.01995608156733081
14,0,all,2.0
14,1,last,-0.021507784760066182
14,1,all,1.0122249651068977
14,2,last,-0.02072178214291845
14,2,all,2.0
14,3,last,0.01807624456466481
14,3,all,0.8885101008433766
14,4,last,-0.01806906457435697
14,4,all,0.6861916737201131
14,5,last,-0.004920356576474985
14,5,all,0.5959290445298047
14,6,last,-0.041482270210599845
14,6,all,0.8594946046086624
14,7,last,-0.020009477587206347
14,7,all,0.39059411366238267
14,8,last,-0.08547473105571937
14,8,all,0.19345064392133768
14,9,last,0.01963661326294412
14,9,all,0.07971423308460307
14,10,last,-0.038862811677602256
14,10,all,0.47307317945156097
14,11,last,0.006971027831293006
14,11,all,0.006667570080006549
14,12,last,-0.37908153563982133
14,12,all,-0.4726092447904631
14,13,last,-0.04256496323184734
14,13,all,0.179248127920688
14,14,last,-0.0011197483735258737
14,14,all,-0.002110587036007569
14,15,last,0.1752455721742529
14,15,all,0.25098687728851876
14,16,last,0.02675132342901812
14,16,all,-0.09198170043297818
14,17,last,-0.1969756890479894
14,17,all,-0.44867577870708675
14,18,last,-0.1733791873373361
14,18,all,-0.32180188376536517
14,19,last,0.040444060117811265
14,19,all,-0.18027206056148515
14,20,last,0.46846713314045846
14,20,all,0.2682447680153384
14,21,last,0.58181153301211
14,21,all,0.5577197770274642
14,22,last,0.35305914628429724
14,22,all,0.38727283170894994
14,23,last,0.11464628891884861
14,23,all,0.14396392244686146
14,24,last,0.11380078316363247
14,24,all,0.12543624630766936
14,25,last,0.2709639623907156
14,25,all,0.2607429573373229
14,26,last,-0.13984425858264682
14,26,all,-0.1567340716454095
14,27,last,-0.011962689139101005
14,27,all,-0.0988741610140061
14,28,last,0.4551547296164202
14,28,all,0.4740455317022156
14,29,last,0.07122822729835616
14,29,all,0.028554243753903603
14,30,last,-0.03575189518732677
14,30,all,0.005171573708625099
14,31,last,-0.218667842754581
14,31,all,-0.218667842754581
15,0,last,0.0009393745001847848
15,0,all,-0.13905832650432792
15,1,last,-0.1593871322997742
15,1,all,0.7410855213961083
15,2,last,0.0002323715868878152
15,2,all,0.8627821059045867
15,3,last,-0.10514876107627598
15,3,all,-0.6120315333187483
15,4,last,-0.044491124765001874
15,4,all,0.306863366742929
15,5,last,-0.044318700103454796
15,5,all,0.9082045710457587
15,6,last,-0.3074201933381044
15,6,all,1.349404671410508
15,7,last,-0.14811711033571515
15,7,all,-0.19191606441637032
15,8,last,-0.029729348902229655
15,8,all,0.682512431261889
15,9,last,-0.04502014093089541
15,9,all,0.87323635527638
15,10,last,0.0006983507797426362
15,10,all,1.1415451968916592
15,11,last,-0.1895762802994627
15,11,all,0.4598905628707285
15,12,last,-0.3086253119403151
15,12,all,0.3991284829472628
15,13,last,-0.14637370542451694
15,13,all,0.3994690062035798
15,14,last,0.32441236562927583
15,14,all,0.24288207512771168
15,15,last,-0.19520943725287343
15,15,all,-0.23909553067861156
15,16,last,0.8664184740355653
15,16,all,0.6181263433982367
15,17,last,-0.0649144860200062
15,17,all,0.01118906271437206
15,18,last,0.17819501661827652
15,18,all,0.10991608666471375
15,19,last,0.42988310967568094
15,19,all,-0.35175125363235105
15,20,last,-0.07390467079249835
15,20,all,-0.4613682236799007
15,21,last,-0.43838506691189283
15,21,all,-0.8067836435123212
15,22,last,1.2266383123889901
15,22,all,1.4183362194378832
15,23,last,-0.06469014855713313
15,23,all,-0.013245180452605466
15,24,last,-0.5735511693358498
15,24,all,-0.5604388609342574
15,25,last,-0.14530084086377956
15,25,all,-0.05495958835620587
15,26,last,-0.10475632501863298
15,26,all,-0.08667830996639264
15,27,last,0.5561708870538126
15,27,all,0.741927250389037
15,28,last,0.2753399361472544
15,28,all,0.27477198538036635
15,29,last,0.5951839752598421
15,29,all,0.29979271960041975
15,30,last,0.4760063976347539
15,30,all,0.5526000279340312
15,31,last,-0.595433033104299
15,31,all,-0.595433033104299
16,0,last,0.5717470594394611
16,0,all,2.0
16,1,last,1.124925831559108
16,1,all,-0.16989372098705105
16,2,last,1.6643703535653205
16,2,all,2.0
16,3,last,1.107518062196782
16,3,all,2.0
16,4,last,0.5548279292171303
16,4,all,2.0
16,5,last,0.5547363093783813
16,5,all,-1.0
16,6,last,0.5412202017381592
16,6,all,-1.0
16,7,last,-0.01621234860912359
16,7,all,-1.0
16,8,last,-0.0163170569962654
16,8,all,2.0
16,9,last,-0.5903720638023106
16,9,all,-1.0
16,10,last,0.5293663397438135
16,10,all,-1.0
16,11,last,1.6635894035112213
16,11,all,-1.0
16,12,last,-0.5397804614149594
16,12,all,2.0
16,13,last,2.0
16,13,all,2.0
16,14,last,2.0
16,14,all,2.0
16,15,last,0.48698562004816587
16,15,all,2.0
16,16,last,2.0
16,16,all,2.0
16,17,last,-1.0
16,17,all,-1.0
16,18,last,1.5527555757216154
16,18,all,2.0
16,19,last,-1.0
16,19,all,-1.0
16,20,last,2.0
16,20,all,-1.0
16,21,last,-1.0
16,21,all,-1.0
16,22,last,2.0
16,22,all,-1.0
16,23,last,2.0
16,23,all,2.0
16,24,last,-1.0
16,24,all,-1.0
16,25,last,-0.32854001605528604
16,25,all,-1.0
16,26,last,2.0
16,26,all,2.0
16,27,last,2.0
16,27,all,2.0
16,28,last,2.0
16,28,all,-1.0
16,29,last,2.0
16,29,all,2.0
16,30,last,2.0
16,30,all,2.0
16,31,last,0.9537494328295697
16,31,all,0.9537494328295697
17,0,last,-2.446199080751368e-05
17,0,all,-0.2772421716475907
17,1,last,0.003644974057234187
17,1,all,0.20632892170032824
17,2,last,-1.1681287745161027e-05
17,2,all,-1.0
17,3,last,-0.006885500704656505
17,3,all,-0.11127553477966
17,4,last,-0.06070366703107703
17,4,all,-0.9417165583628057
17,5,last,-3.4356728662238316e-05
17,5,all,0.11193037402796226
17,6,last,1.2368422318405793e-06
17,6,all,-0.19937869291887209
17,7,last,-0.06011657925169671
17,7,all,-0.5364087186383192
17,8,last,0.004260096927202902
17,8,all,-0.1565552294720264
17,9,last,0.07848643493282229
17,9,all,-0.33981140904502727
17,10,last,-0.1280612704156271
17,10,all,-0.6630491321833907
17,11,last,-0.24349383193650326
17,11,all,-0.4651593224578254
17,12,last,-0.0047468630588894944
17,12,all,0.17480387461443161
17,13,last,0.12732424987236476
17,13,all,0.5329360779320548
17,14,last,0.2391681823710128
17,14,all,0.49962393124806315
17,15,last,0.13346805751866087
17,15,all,0.33420672718489897
17,16,last,-0.07139479385619235
17,16,all,0.12756241071545138
17,17,last,0.20603579009138204
17,17,all,0.002415965159528598
17,18,last,0.11034378029834009
17,18,all,0.23776326702255657
17,19,last,0.3117983067629846
17,19,all,0.2573897544112322
17,20,last,-0.04621515970038184
17,20,all,-0.053321093176135266
17,21,last,0.6197791686908506
17,21,all,0.4867562369487377
17,22,last,0.17874115571912413
17,22,all,0.32020457370514643
17,23,last,0.021243452466435195
17,23,all,-0.10881050821160172
17,24,last,-0.21093423503712933
17,24,all,-0.24668996969049398
17,25,last,-0.3509718487836687
17,25,all,-0.4587539913929523
17,26,last,-0.3720527252100742
17,26,all,-0.40631023163993596
17,27,last,0.007204468573556725
17,27,all,0.019320300222837743
17,28,last,0.11362910811993797
17,28,all,0.10238442568261666
17,29,last,-0.10230265666840054
17,29,all,-0.0356387843489984
17,30,last,-0.24964492320927575
17,30,all,-0.1916774260488594
17,31,last,0.003269248872583949
17,31,all,0.003269248872583949
18,0,last,0.0010894554352848503
18,0,all,0.4123261154277202
18,1,last,0.08477077691312533
18,1,all,0.5106275961889352
18,2,last,0.001425939152167484
18,2,all,2.0
18,3,last,-3.709138352191169e-05
18,3,all,2.0
18,4,last,0.0010982708762115826
18,4,all,2.0
18,5,last,-0.002412603219665153
18,5,all,0.6744055149398438
18,6,last,-4.4908850004108324e-06
18,6,all,0.3347547261574757
18,7,last,-4.324555926321543e-06
18,7,all,0.24699202185963223
18,8,last,-0.00019227640964721937
18,8,all,-0.583730887541919
18,9,last,0.0011057556845456007
18,9,all,-0.34779326227533514
18,10,last,0.0014547140819849312
18,10,all,-1.0
18,11,last,-0.08520589377094291
18,11,all,-0.45152538730556546
18,12,last,0.17207457929555645
18,12,all,0.42468004107662816
18,13,last,0.5129332498139609
18,13,all,0.3324237905131884
18,14,last,-0.8519583086196051
18,14,all,-0.6333385338890498
18,15,last,0.17371458396607686
18,15,all,0.3409697783398961
18,16,last,0.255420747689107
18,16,all,0.4302347668349141
18,17,last,0.18598800634312557
18,17,all,0.27274292278106205
18,18,last,0.1607633706121143
18,18,all,0.24744543491559964
18,19,last,0.24712691473871864
18,19,all,0.4134677981922691
18,20,last,-0.013072799907121844
18,20,all,-0.09778336569542685
18,21,last,-0.412469158431437
18,21,all,-0.409701109980443
18,22,last,0.07681825122276818
18,22,all,0.1600952267214976
18,23,last,-0.1657326180296059
18,23,all,-0.41259922776737484
18,24,last,-0.3565230437289115
18,24,all,-0.4333279886257526
18,25,last,-0.5418063137851208
18,25,all,-0.5341982556072026
18,26,last,-0.6612718385916052
18,26,all,-0.6520613661139107
18,27,last,-0.4098243598243432
18,27,all,-0.49036389142171105
18,28,last,-0.0915362120017072
18,28,all,-0.09503012053202683
18,29,last,-0.4160031522686121
18,29,all,-0.33215899462723825
18,30,last,-0.34466951909940124
18,30,all,-0.4301887768459284
18,31,last,-0.6674750814097653
18,31,all,-0.6674750814097653
19,0,last,-0.0017446685805690412
19,0,all,-0.8735480517363045
19,1,last,-0.00012995218203637086
19,1,all,-0.8981887208366822
19,2,last,0.10044738661924353
19,2,all,-0.6983519278628173
19,3,last,0.0028373565708282775
19,3,all,-0.6497956179074914
19,4,last,-0.14458633133084553
19,4,all,-0.4975265700756043
19,5,last,-0.09745223097022823
19,5,all,-0.8892115272428405
19,6,last,0.03864301671479673
19,6,all,-0.4559325895252488
19,7,last,-0.0026731002413599454
19,7,all,0.12025439955735542
19,8,last,-0.10322117962277141
19,8,all,0.2556179599565669
19,9,last,0.1558344594846831
19,9,all,2.0
19,10,last,0.6712064506325988
19,10,all,0.07840596294869573
19,11,last,0.09553140050314095
19,11,all,0.5083413561317351
19,12,last,-0.3270212356797841
19,12,all,-0.8060534309293054
19,13,last,0.1603601854764715
19,13,all,-0.634714707539991
19,14,last,-0.007270864942755458
19,14,all,0.35666264231933165
19,15,last,-0.029592170098527566
19,15,all,-0.32254071044696486
19,16,last,1.8039814604244149
19,16,all,1.3299520206050888
19,17,last,0.5646818825066807
19,17,all,0.5564377887223703
19,18,last,0.9712892447013713
19,18,all,0.5755194707313988
19,19,last,0.20367522528239881
19,19,all,0.023729591302405387
19,20,last,-0.16529655229193072
19,20,all,-0.445784817347567
19,21,last,0.35608421385689804
19,21,all,0.1892769674487945
19,22,last,0.15426615457973483
19,22,all,-0.304399264761226
19,23,last,0.2734218124737548
19,23,all,-0.022959967665314208
19,24,last,-0.12176115878602868
19,24,all,-0.08426511133007471
19,25,last,-0.060580720786638495
19,25,all,-0.163073038171032
19,26,last,0.7575636104832667
19,26,all,0.6604115408030682
19,27,last,-0.3695024829140122
19,27,all,-0.6413321793687189
19,28,last,0.5923456550467757
19,28,all,0.49413035858528886
19,29,last,0.5872486641056939
19,29,all,0.4995581827599866
19,30,last,-0.4488505991824716
19,30,all,-0.4014206759975293
19,31,last,0.7012750448022255
19,31,all,0.7012750448022255
20,0,last,-0.000658493273720698
20,0,all,-0.18888166110907503
20,1,last,0.010049437889034797
20,1,all,-0.2045997925168562
20,2,last,-0.015001438444055017
20,2,all,-0.06734603356311179
20,3,last,0.004534642584900515
20,3,all,0.10024509438122584
20,4,last,0.010071356441815827
20,4,all,0.12083872997036124
20,5,last,-0.014490099214859954
20,5,all,0.8003626365233903
20,6,last,-0.014123228851359802
20,6,all,0.582372762644991
20,7,last,0.008349844581224817
20,7,all,-0.03217037821867859
20,8,last,0.014253428801640282
20,8,all,-0.05176706310938338
20,9,last,-0.01485965475719083
20,9,all,0.18851273002693733
20,10,last,-0.03982732176953784
20,10,all,0.10688691544203258
20,11,last,-0.00016345245556794
20,11,all,0.11252906940256832
20,12,last,-0.09102946696515031
20,12,all,-0.12295749218285118
20,13,last,-0.08702895640649636
20,13,all,0.18121791094210998
20,14,last,-0.08895051408997634
20,14,all,0.011750405009269799
20,15,last,-0.10308523300889087
20,15,all,0.13254823283697698
20,16,last,-0.006915240956395756
20,16,all,0.17001334658770909
20,17,last,-0.06593859395668657
20,17,all,0.06555626820340492
20,18,last,-0.02639724373262088
20,18,all,0.034547573282120936
20,19,last,-0.04726557936074135
20,19,all,0.0665569656629947
20,20,last,-0.15820524145658837
20,20,all,-0.05096007320172169
20,21,last,-0.13485046145422666
20,21,all,0.05085197914228019
20,22,last,0.192010269122985
20,22,all,0.19877323546127096
20,23,last,-0.06525808846115586
20,23,all,-0.03477650038894503
20,24,last,0.04420082240158523
20,24,all,0.02471073286585827
20,25,last,-0.03887495752890111
20,25,all,-0.050524262432893166
20,26,last,0.022989314674296237
20,26,all,0.0027386950692810485
20,27,last,-0.04067274720209049
20,27,all,-0.010267561834516674
20,28,last,-0.02571389694321115
20,28,all,0.027568356378932686
20,29,last,0.11010313522104735
20,29,all,0.14097407422371325
20,30,last,-0.03384143369565971
20,30,all,-0.022124468529735326
20,31,last,0.3610420891790353
20,31,all,0.3610420891790353
21,0,last,-0.007381085781234996
21,0,all,0.7143716159501418
21,1,last,0.009690488848282582
21,1,all,0.9845793461621011
21,2,last,0.01184891794278966
21,2,all,0.7372848858913327
21,3,last,-0.0038820712831092044
21,3,all,-0.023403187282714222
21,4,last,-0.009004849392808071
21,4,all,0.4134618549523679
21,5,last,-0.017078919309262794
21,5,all,0.266906976729425
21,6,last,0.0049076968707402555
21,6,all,-0.016734127399001358
21,7,last,-0.013694654097773646
21,7,all,-0.21760853419143372
21,8,last,0.029700615438825118
21,8,all,0.3951643535308097
21,9,last,-0.028720463393073388
21,9,all,0.12007381675169115
21,10,last,-0.006517904561055189
21,10,all,0.03891224930273147
21,11,last,-0.0022784828720708214
21,11,all,0.018673077514208554
21,12,last,-0.0025095229213400213
21,12,all,-0.09422045337347941
21,13,last,0.03478014154557995
21,13,all,0.32124368822251587
21,14,last,-0.07162178054804187
21,14,all,0.33261973573479575
21,15,last,0.1584154479107605
21,15,all,0.3310765822503029
21,16,last,0.008401406877938949
21,16,all,0.16953905605994565
21,17,last,0.1052028351189217
21,17,all,0.3175246053572094
21,18,last,0.5472127801779969
21,18,all,0.695651070042765
21,19,last,0.06312421277047577
21,19,all,0.3106141231300196
21,20,last,-0.0022180026079960348
21,20,all,0.02596280817392129
21,21,last,0.13845682475349305
21,21,all,0.21464413983871264
21,22,last,0.32458306928000646
21,22,all,0.29605846401347213
21,23,last,0.1652253261604526
21,23,all,0.21370837323413724
21,24,last,0.1573388176026766
21,24,all,0.1575390734695569
21,25,last,-0.03802648999296452
21,25,all,0.0679816303212318
21,26,last,0.22450255889549073
21,26,all,0.23567136856137944
21,27,last,0.22339129071502814
21,27,all,0.3103641773310359
21,28,last,0.06429015801126384
21,28,all,0.21308466484367483
21,29,last,0.17271304581058108
21,29,all,0.23775054765468506
21,30,last,0.06162322318822392
21,30,all,0.10066024137156544
21,31,last,0.2787556226470389
21,31,all,0.2787556226470389
22,0,last,0.09457300827042925
22,0,all,-1.0
22,1,last,-0.00013386994756353076
22,1,all,0.012125322546016323
22,2,last,0.003792302993943901
22,2,all,1.0538408817639624
22,3,last,0.09280916535753504
22,3,all,-0.591716572972789
22,4,last,-0.001956049020839541
22,4,all,0.365654130743238
22,5,last,0.0037479059626525477
22,5,all,0.35838261207693384
22,6,last,-0.00013386994756353076
22,6,all,0.1740908519849139
22,7,last,0.003752024341702
22,7,all,-0.311381317005122
22,8,last,7.254683094805267e-05
22,8,all,0.004176262640708267
22,9,last,0.098519275281145
22,9,all,0.47518129014061866
22,10,last,0.00206167865492111
22,10,all,0.21651441034406477
22,11,last,0.010300744856370852
22,11,all,0.04644590223999994
22,12,last,0.007832161299981282
22,12,all,-0.017205048933584214
22,13,last,0.009507391177943301
22,13,all,0.5616271525545354
22,14,last,-0.006844338667976824
22,14,all,0.2728366381137788
22,15,last,0.07511348623411437
22,15,all,-0.10206945379251117
22,16,last,0.26162446429392516
22,16,all,0.1773040022679144
22,17,last,-0.016045385804318524
22,17,all,0.08424194128259539
22,18,last,-0.008417378437217257
22,18,all,-0.08606479920956087
22,19,last,0.06994564463765325
22,19,all,0.07519182594987923
22,20,last,-0.21072188758255314
22,20,all,-0.11191862517464643
22,21,last,0.28033643264739544
22,21,all,0.5837957986378756
22,22,last,0.2608661394658743
22,22,all,0.3537584417719131
22,23,last,0.2751936633805321
22,23,all,0.5583131698701923
22,24,last,-0.16236532900508288
22,24,all,-0.14600857564186068
22,25,last,0.08835131420643452
22,25,all,0.18437575692186375
22,26,last,-0.19100064482049117
22,26,all,-0.09992708206236837
22,27,last,0.003555202028668263
22,27,all,0.09960394770618054
22,28,last,-0.6488006556097391
22,28,all,-0.4573585748634418
22,29,last,0.08894141909023467
22,29,all,0.18476274878177443
22,30,last,-0.7557791267153727
22,30,all,-0.6630548633259341
22,31,last,-0.05464930599429618
22,31,all,-0.05464930599429618
23,0,last,0.009402049041190526
23,0,all,-0.5350121994018683
23,1,last,0.005609818471359286
23,1,all,-0.4661742061350728
23,2,last,0.012324453022202902
23,2,all,0.3500107715863628
23,3,last,-0.0018691492777900755
23,3,all,0.18023985324960634
23,4,last,-0.002530063393823125
23,4,all,-0.29799749245766705
23,5,last,0.022715453211162504
23,5,all,0.31906495716010214
23,6,last,0.008703204717332534
23,6,all,-0.06541084094727928
23,7,last,-0.0006443196501096371
23,7,all,-0.5853650935606854
23,8,last,-0.0018831755525586741
23,8,all,-0.14830602605311394
23,9,last,0.033590557432804515
23,9,all,-0.3914263605264278
23,10,last,0.03218388011604668
23,10,all,0.12925459140720774
23,11,last,0.006147854518292781
23,11,all,0.1302190459624232
23,12,last,-0.05179389633812489
23,12,all,0.07475885919763584
23,13,last,-0.05346786308814911
23,13,all,0.042404589476125555
23,14,last,-0.06674126274205572
23,14,all,0.16575970008268587
23,15,last,-0.027266880596989864
23,15,all,0.2490918727911704
23,16,last,-0.0017899304583223568
23,16,all,0.14019923434319548
23,17,last,0.09300803043741135
23,17,all,0.32685872587888193
23,18,last,0.07982995018598149
23,18,all,0.15873579605085295
23,19,last,-0.014687682767546005
23,19,all,0.0531585936071598
23,20,last,0.05751286293356376
23,20,all,0.10602248727930472
23,21,last,0.07227403547877059
23,21,all,0.13452343311447407
23,22,last,0.07971699916346112
23,22,all,0.0439759273565401
23,23,last,-0.010760720938669916
23,23,all,-0.013836920059222489
23,24,last,0.1435666268300708
23,24,all,0.09198050703402863
23,25,last,-0.05318111466805586
23,25,all,-0.01926943456431674
23,26,last,0.0306214321280911
23,26,all,0.01780294802662661
23,27,last,0.19854053647735245
23,27,all,0.1562814449078054
23,28,last,0.10920961250242867
23,28,all,0.1555259522136672
23,29,last,0.11851965115666885
23,29,all,0.1460726875142547
23,30,last,0.16964438553409042
23,30,all,0.17257409898223572
23,31,last,0.15896174748418512
23,31,all,0.15896174748418512
24,0,last,-0.09675891265985521
24,0,all,-0.16696546320585587
24,1,last,0.018096471595680348
24,1,all,-0.2616122305946478
24,2,last,-0.10938061824878895
24,2,all,-1.0
24,3,last,-0.06728586943045735
24,3,all,0.10889454089304977
24,4,last,0.1091793276838906
24,4,all,0.5446835535206591
24,5,last,0.09287760324786262
24,5,all,1.5687470533844508
24,6,last,0.10448132959727549
24,6,all,1.2103919346581589
24,7,last,0.04568705445837516
24,7,all,0.7830664031147184
24,8,last,-0.06450238076696765
24,8,all,0.38375680726175393
24,9,last,0.120614937053123
24,9,all,0.6750270659904128
24,10,last,0.11636703141679039
24,10,all,0.32242925100511743
24,11,last,-0.3136385321869517
24,11,all,-1.0
24,12,last,0.24183346466886718
24,12,all,-0.43243848057110296
24,13,last,0.25109957782396464
24,13,all,0.7873798125242653
24,14,last,-0.10991420692501393
24,14,all,-0.42846805229169027
24,15,last,0.25957908343634484
24,15,all,0.5510849308429154
24,16,last,0.09030777496052203
24,16,all,-0.5378000346916979
24,17,last,0.906686079773475
24,17,all,0.3970360807714939
24,18,last,-0.8137786765257811
24,18,all,-0.711755003518368
24,19,last,0.06079846569359359
24,19,all,-0.431573437179773
24,20,last,-0.19431258569257026
24,20,all,0.24489077597231637
24,21,last,1.3253440283471092
24,21,all,0.82831995191517
24,22,last,0.3801555053953462
24,22,all,0.6636381245454446
24,23,last,-0.5747517533504618
24,23,all,-0.7812137427478467
24,24,last,0.5165678159439557
24,24,all,0.18405407631667503
24,25,last,0.37354046769694077
24,25,all,0.4727491652485896
24,26,last,-0.4881954047837996
24,26,all,-0.3588324809877407
24,27,last,0.5877417419561788
24,27,all,0.9460569399279796
24,28,last,-0.5622846704021622
24,28,all,-0.3894626638332302
24,29,last,-0.11317449558580474
24,29,all,-0.22084273837258828
24,30,last,0.7088860507044186
24,30,all,0.6265905398494875
24,31,last,-1.0
24,31,all,-1.0
25,0,last,0.005606593136487805
25,0,all,0.04639082521267843
25,1,last,-0.00016607281223866193
25,1,all,0.09468896645991817
25,2,last,-0.00030793275022119774
25,2,all,0.09145077583091729
25,3,last,0.007899398132958185
25,3,all,0.22740181398186385
25,4,last,0.0027855640759960856
25,4,all,0.3109080165409355
25,5,last,0.009948407407572562
25,5,all,0.6506774041248319
25,6,last,-0.00015848805644758627
25,6,all,0.1809949857679559
25,7,last,-0.00452905772036664
25,7,all,0.057332127162681636
25,8,last,-0.003111125132259179
25,8,all,0.23395791852463665
25,9,last,-0.002747390250146496
25,9,all,0.22674002320185133
25,10,last,0.013416307783388877
25,10,all,0.2120799821666555
25,11,last,0.0329816020912922
25,11,all,0.06892826025414182
25,12,last,0.033000814027664103
25,12,all,-0.004351441076511891
25,13,last,0.07236452969784042
25,13,all,0.0007269696704369432
25,14,last,0.02186547568775294
25,14,all,-0.029098082102814365
25,15,last,-0.005749786657906135
25,15,all,0.042085642811595624
25,16,last,-0.0019228189420024146
25,16,all,-0.016656332089613972
25,17,last,0.14393645241551342
25,17,all,0.20635632540919446
25,18,last,0.15437345145437484
25,18,all,0.2637437546099791
25,19,last,-0.008402325786181816
25,19,all,-0.07118789236264685
25,20,last,0.0967414763910515
25,20,all,0.05329920415491255
25,21,last,0.06914225872110433
25,21,all,0.12301644570925573
25,22,last,0.03905436598755458
25,22,all,-0.10033219146640793
25,23,last,0.14412961364129165
25,23,all,0.09999175261993927
25,24,last,-0.14419558434688107
25,24,all,-0.04649563653583533
25,25,last,-0.04036019421809065
25,25,all,-0.08844862947005186
25,26,last,-0.1440451394655306
25,26,all,-0.172434797042562
25,27,last,-0.022780730669530982
25,27,all,-0.03839507567648416
25,28,last,0.07559805278481602
25,28,all,0.06225563385866658
25,29,last,0.006845242101445775
25,29,all,0.019998375528677274
25,30,last,-0.12671688969668854
25,30,all,-0.09632910738801473
25,31,last,0.09772316049772502
25,31,all,0.09772316049772502
26,0,last,-0.02140076615460129
26,0,all,-1.0
26,1,last,-0.024486265004768516
26,1,all,-0.9127503470528998
26,2,last,0.021761479597345406
26,2,all,-1.0
26,3,last,0.008827996771041978
26,3,all,0.9409744370401067
26,4,last,0.007935132419012697
26,4,all,0.7494939965904036
26,5,last,-0.020538696703462193
26,5,all,0.5363641774935467
26,6,last,0.0007604838329586933
26,6,all,0.651411861707611
26,7,last,-0.0011842892677704886
26,7,all,0.18358474052573281
26,8,last,0.0028239299663866146
26,8,all,-0.2735791767884561
26,9,last,7.548506193812215e-05
26,9,all,-0.050459322846417756
26,10,last,0.023679964368046386
26,10,all,0.32554228599937995
26,11,last,0.032184896340420356
26,11,all,0.6293247823654878
26,12,last,0.13634198263205144
26,12,all,0.6912707910177283
26,13,last,0.20284788990146946
26,13,all,0.46721723192522396
26,14,last,0.06704594467771165
26,14,all,0.39943549566740155
26,15,last,0.17611547486957702
26,15,all,0.6145958065982582
26,16,last,0.2835089362483586
26,16,all,0.5284906348763143
26,17,last,0.04021926720528951
26,17,all,0.178388288774301
26,18,last,0.07007154369017175
26,18,all,0.09435031866150338
26,19,last,-0.037108418894023665
26,19,all,0.09770226851388503
26,20,last,-0.07335176395633358
26,20,all,0.021247354971508144
26,21,last,-0.24536907594829988
26,21,all,-0.22200945365902572
26,22,last,0.03730774076777321
26,22,all,0.11523358026212094
26,23,last,-0.13678137329109424
26,23,all,-0.10912022911406262
26,24,last,0.017462680429483714
26,24,all,-0.023268552003105028
26,25,last,0.018966466793989813
26,25,all,-0.05247845436636957
26,26,last,-0.13186357783796135
26,26,all,-0.08285461971395668
26,27,last,0.06610951680734992
26,27,all,0.0834971816093603
26,28,last,-0.0743042464853911
26,28,all,0.022680538392509927
26,29,last,0.04949360226545317
26,29,all,0.07423908898167834
26,30,last,-0.03848085749528171
26,30,all,-0.0681737140359215
26,31,last,0.03508515635078171
26,31,all,0.03508515635078171
27,0,last,-0.005387161474665713
27,0,all,0.03243563830718242
27,1,last,-0.008448536590390444
27,1,all,0.010376370825952018
27,2,last,-0.0050548221955426945
27,2,all,-0.07008929449618831
27,3,last,-0.007008213842110652
27,3,all,0.24659232196513875
27,4,last,-0.011734011477291155
27,4,all,0.11494258179107265
27,5,last,-0.01470852237427419
27,5,all,0.3720987730429103
27,6,last,-0.0007035258229757407
27,6,all,0.14986416623283608
27,7,last,-0.0043832973490149476
27,7,all,0.13216871051089574
27,8,last,-0.013261508231112724
27,8,all,0.16734332881096237
27,9,last,0.005133570000122366
27,9,all,0.14889279874251343
27,10,last,-0.011990886691915323
27,10,all,0.04799796408114989
27,11,last,-0.004917865451228483
27,11,all,0.004455198865312909
27,12,last,0.009485609861009506
27,12,all,-0.03918595463822865
27,13,last,0.04054099308044714
27,13,all,-0.040284520588663074
27,14,last,0.006742540682364287
27,14,all,0.03380715740716503
27,15,last,0.15314239210861497
27,15,all,0.2674235481028424
27,16,last,0.09933815599097467
27,16,all,0.06725558169984044
27,17,last,0.05519685169870817
27,17,all,0.11513393709748046
27,18,last,0.12884314921206502
27,18,all,0.13336451853787445
27,19,last,0.16957552857759997
27,19,all,0.17737453518426816
27,20,last,0.03525215793612599
27,20,all,-0.02126989973595322
27,21,last,0.11926035923187124
27,21,all,0.1360276007647397
27,22,last,0.08908278788913288
27,22,all,0.03417905646065793
27,23,last,0.09119277676313996
27,23,all,0.08403372772807162
27,24,last,0.02905400559753769
27,24,all,0.09003823233793155
27,25,last,-0.04939720909973942
27,25,all,-0.05635474182135741
27,26,last,0.00011474503074866331
27,26,all,-0.05193358852537301
27,27,last,0.05752774953985043
27,27,all,0.07975513831748283
27,28,last,0.1109515674669957
27,28,all,0.18645416944377624
27,29,last,0.05782495899584467
27,29,all,0.04089046356961444
27,30,last,-0.012783662091993359
27,30,all,-0.00438326637033494
27,31,last,-0.008056501394892513
27,31,all,-0.008056501394892513
28,0,last,-0.1469556858888974
28,0,all,0.5854638417960896
28,1,last,-0.2763308994627818
28,1,all,-1.0
28,2,last,-0.1017314885198952
28,2,all,-1.0
28,3,last,-0.2656103621980617
28,3,all,0.3241714495593695
28,4,last,-0.3121345997828811
28,4,all,1.5616603785865883
28,5,last,-0.15518423725937341
28,5,all,-0.8913426155158667
28,6,last,-0.107448294779615
28,6,all,0.9701072111841814
28,7,last,-0.09639010737390714
28,7,all,1.4037981863363855
28,8,last,-0.011546356284244465
28,8,all,-0.8381964252090409
28,9,last,0.47030887142329125
28,9,all,-1.0
28,10,last,-0.2120971735021933
28,10,all,2.0
28,11,last,-0.008950343926597997
28,11,all,2.0
28,12,last,-0.19939141613142436
28,12,all,-1.0
28,13,last,-0.3615152064605664
28,13,all,0.5463754623075511
28,14,last,-0.4935108408360241
28,14,all,0.8284039899669673
28,15,last,-0.2795156202418063
28,15,all,0.2733783494777755
28,16,last,1.6975241701710218
28,16,all,1.7571266844732076
28,17,last,-0.3549470104305417
28,17,all,-0.6626462472598615
28,18,last,1.3314329616276015
28,18,all,2.0
28,19,last,2.0
28,19,all,1.5847583215359187
28,20,last,0.00254487085608549
28,20,all,-1.0
28,21,last,2.0
28,21,all,1.895789310961251
28,22,last,0.5758033283819062
28,22,all,0.25995893569886025
28,23,last,1.087818094328175
28,23,all,0.54632432080599
28,24,last,-0.4350229788064968
28,24,all,-1.0
28,25,last,0.34043444705576054
28,25,all,-0.2732112678675621
28,26,last,1.265745770946513
28,26,all,-0.04803814226170966
28,27,last,-1.0
28,27,all,-1.0
28,28,last,0.6641087198584775
28,28,all,0.23715098830951767
28,29,last,-0.3296464959935283
28,29,all,-0.8025702672608379
28,30,last,-1.0
28,30,all,-1.0
28,31,last,-0.8013925598413684
28,31,all,-0.8013925598413684
29,0,last,-0.007306510912803623
29,0,all,0.5307958349249757
29,1,last,0.001223548276272739
29,1,all,-0.18803723293441885
29,2,last,0.02212626034338748
29,2,all,0.750476691891553
29,3,last,0.0076420571581807106
29,3,all,1.1678053845505265
29,4,last,0.007446197910964354
29,4,all,-0.3600198421891572
29,5,last,-0.01535069730811371
29,5,all,0.3970614935114188
29,6,last,-0.021530903145657386
29,6,all,0.45665796168411954
29,7,last,0.004113616210372967
29,7,all,-0.9420304677821263
29,8,last,-0.0005163041954949856
29,8,all,0.514187382614586
29,9,last,-0.01085199802173008
29,9,all,0.5121306317112824
29,10,last,-0.019976842389707046
29,10,all,-0.21034836976349652
29,11,last,-0.06153606961972531
29,11,all,-0.16051980952688208
29,12,last,-0.11808104614464457
29,12,all,-0.6578133024351642
29,13,last,-0.021200848281043377
29,13,all,-0.09486829323652944
29,14,last,-0.14221154606278869
29,14,all,-0.26967015449427756
29,15,last,-0.11661118656039472
29,15,all,-0.15039873716547053
29,16,last,-0.009878536377709067
29,16,all,-0.10771961147108255
29,17,last,0.02114650649224211
29,17,all,0.2725919122715314
29,18,last,0.03597254812995032
29,18,all,-0.005332817143541604
29,19,last,-0.206960187832679
29,19,all,0.041358219813336525
29,20,last,-0.0975897300196969
29,20,all,0.194848032329589
29,21,last,-0.06421266012666099
29,21,all,0.08367857529787022
29,22,last,0.36945128864973925
29,22,all,0.34908089730534514
29,23,last,0.13537374737886673
29,23,all,0.2961487917074659
29,24,last,0.12837395296243403
29,24,all,0.3405192626768811
29,25,last,-0.060227061730327214
29,25,all,0.0061427958060952265
29,26,last,0.06917355062727013
29,26,all,0.1220687038087645
29,27,last,0.4462879467281152
29,27,all,0.5868797642733284
29,28,last,0.21902589540681464
29,28,all,0.3572560760126077
29,29,last,-0.09171074929776109
29,29,all,-0.05617476593847526
29,30,last,-0.1743497375749216
29,30,all,0.013618281081129316
29,31,last,-0.05401390760820508
29,31,all,-0.05401390760820508
30,0,last,0.0013079375459821793
30,0,all,-1.0
30,1,last,-0.00780789820089829
30,1,all,-1.0
30,2,last,-0.034622145857955845
30,2,all,-1.0
30,3,last,-0.028185595726589102
30,3,all,-1.0
30,4,last,0.08524742709890742
30,4,all,-1.0
30,5,last,0.04387549840289519
30,5,all,0.7664957129138205
30,6,last,-0.14817816981949392
30,6,all,-1.0
30,7,last,-0.08481959706050204
30,7,all,-1.0
30,8,last,0.14938144180250906
30,8,all,-0.7301779085375776
30,9,last,0.1820707126655263
30,9,all,2.0
30,10,last,0.0559769766320761
30,10,all,2.0
30,11,last,0.09282192873421136
30,11,all,-0.49322538774007185
30,12,last,-0.4012373455896453
30,12,all,1.7378421780827256
30,13,last,0.46319324700843667
30,13,all,0.742050192103327
30,14,last,0.22115604260270405
30,14,all,2.0
30,15,last,1.3993262440877328
30,15,all,2.0
30,16,last,1.0367288268059967
30,16,all,1.5370921003475355
30,17,last,2.0
30,17,all,2.0
30,18,last,-1.0
30,18,all,-1.0
30,19,last,-0.3660567287351281
30,19,all,0.01890970570641233
30,20,last,0.7023922574986764
30,20,all,0.22994031006982033
30,21,last,-1.0
30,21,all,-1.0
30,22,last,1.4614257741622745
30,22,all,1.087868268075246
30,23,last,0.07317459820265546
30,23,all,0.6226791175394272
30,24,last,-1.0
30,24,all,-1.0
30,25,last,-1.0
30,25,all,-1.0
30,26,last,-0.7807470370859885
30,26,all,-0.6987255248748788
30,27,last,-1.0
30,27,all,-0.8402062446377998
30,28,last,-1.0
30,28,all,-0.9026109856058111
30,29,last,-0.9554415015000791
30,29,all,-0.8533879937139544
30,30,last,-0.9846989642693159
30,30,all,-0.24024031824442998
30,31,last,1.512036157750103
30,31,all,1.512036157750103
31,0,last,-0.03261789366248772
31,0,all,0.3972904178308714
31,1,last,0.013451276696062954
31,1,all,-0.3845664994863058
31,2,last,-0.04537725859467221
31,2,all,0.017130829416391626
31,3,last,-0.026620527962856477
31,3,all,-0.42766490821584385
31,4,last,-0.07871013243520307
31,4,all,-0.47458592196574395
31,5,last,-0.056552217324716623
31,5,all,-0.0625736360659464
31,6,last,-0.022496486286671745
31,6,all,0.14270542985457896
31,7,last,-0.09829802928225724
31,7,all,-0.35021158236942995
31,8,last,-0.038648596033808165
31,8,all,-0.1444932319523418
31,9,last,0.019993282027679846
31,9,all,-0.12742373075897334
31,10,last,0.08076167402417794
31,10,all,0.4546707068274629
31,11,last,-0.004838177887855999
31,11,all,0.2659076408214156
31,12,last,-0.1159131547350452
31,12,all,-0.13133593687581654
31,13,last,0.019070264138968628
31,13,all,0.21471376599175615
31,14,last,-0.1724619961942743
31,14,all,0.06750254033877935
31,15,last,0.23696564269164508
31,15,all,0.9501677242503047
31,16,last,0.3441887570175804
31,16,all,0.4263581669500518
31,17,last,0.28059771949033435
31,17,all,0.5550671178323343
31,18,last,-0.052733269491966
31,18,all,-0.29725241121192447
31,19,last,0.4386337984900879
31,19,all,0.7771134746545646
31,20,last,0.2083387253407092
31,20,all,0.47769396879124887
31,21,last,-0.03785723689911001
31,21,all,0.32090527208913183
31,22,last,0.03427445898942341
31,22,all,0.1839013977208407
31,23,last,0.13567012617859903
31,23,all,0.24686972872670232
31,24,last,-0.3449339793239492
31,24,all,-0.24824033011463315
31,25,last,-0.12483148804774824
31,25,all,-0.07841826073159507
31,26,last,-0.17129450937984225
31,26,all,-0.07509345520957936
31,27,last,0.08728919126641092
31,27,all,0.22391581266647237
31,28,last,0.07255592965146439
31,28,all,0.3238938976730159
31,29,last,0.30129880798189634
31,29,all,0.29851484424319286
31,30,last,-0.04415013148996074
31,30,all,-0.009344676991563713
31,31,last,-0.0408693528803447
31,31,all,-0.0408693528803447
32,0,last,-0.005831875295305506
32,0,all,0.800064442765415
32,1,last,-0.013686938576526904
32,1,all,-0.1927440941245659
32,2,last,-0.004454342582333685
32,2,all,0.2540712352524168
32,3,last,-0.01330244114885766
32,3,all,0.5635060200620352
32,4,last,0.0028522639493059874
32,4,all,0.2577493977988217
32,5,last,-0.02329782169154749
32,5,all,0.3154119523998756
32,6,last,0.00020941732373759084
32,6,all,0.26724376544768697
32,7,last,-0.015671492676856722
32,7,all,-0.188073907273042
32,8,last,-0.028440461246710434
32,8,all,0.44528954364137874
32,9,last,-0.03109710053049741
32,9,all,-0.0822510369226572
32,10,last,0.05197275812797377
32,10,all,-0.03867490249637726
32,11,last,-0.01599338154601545
32,11,all,0.20406505022007956
32,12,last,-0.0461776030771926
32,12,all,0.053891995687158536
32,13,last,0.05208463391721531
32,13,all,0.05078292471801055
32,14,last,-0.07208317593936488
32,14,all,0.12923211650073474
32,15,last,-0.06762099826060859
32,15,all,0.11980907711446324
32,16,last,0.002604284952852578
32,16,all,-0.1006279486771577
32,17,last,-0.07854666110434998
32,17,all,0.02977246374498689
32,18,last,0.10316265652952022
32,18,all,0.15724305559517235
32,19,last,-0.07466868554595132
32,19,all,-0.015036524908710295
32,20,last,-0.06707348027834018
32,20,all,-0.11997529308857117
32,21,last,0.0778799918861619
32,21,all,0.13716654172636564
32,22,last,-0.022845696910885057
32,22,all,-0.08030793300985338
32,23,last,-0.01803736683856459
32,23,all,0.034266740044571226
32,24,last,0.07032549662415663
32,24,all,0.16550135554389397
32,25,last,0.11043091802705485
32,25,all,0.12276570671450432
32,26,last,0.05570982832328864
32,26,all,0.03810158646621048
32,27,last,0.08929912137878633
32,27,all,0.08301884026563648
32,28,last,0.2885701757812909
32,28,all,0.3772987793786328
32,29,last,0.07142546111708833
32,29,all,0.09498362825912028
32,30,last,0.013369346373148308
32,30,all,0.05770082742228866
32,31,last,0.38061501101932294
32,31,all,0.38061501101932294
33,0,last,-0.014231666853073855
33,0,all,0.38609278107097145
33,1,last,-0.013784886105208217
33,1,all,0.003890094322037058
33,2,last,-0.007240353428028185
33,2,all,-0.04887745591470007
33,3,last,-0.0033673588586909243
33,3,all,-0.17703592687867378
33,4,last,-0.0116331009457058
33,4,all,0.22427523642644995
33,5,last,0.004476456772173135
33,5,all,-0.15406718115050516
33,6,last,-0.00837818290273273
33,6,all,-0.08349371807776908
33,7,last,-0.0028011780934272825
33,7,all,0.016671662379301348
33,8,last,-0.022133641526550597
33,8,all,-0.1618204277423604
33,9,last,-0.004708098770955274
33,9,all,0.07603156495047782
33,10,last,-0.01874441089115063
33,10,all,-0.013117995749916117
33,11,last,-0.003145459742260995
33,11,all,-0.04132145298189365
33,12,last,-0.0025448806372640395
33,12,all,-0.07268587903416222
33,13,last,0.031854552684884865
33,13,all,0.15354230821807155
33,14,last,-0.003821695311237868
33,14,all,-0.08842411363382172
33,15,last,0.13943198001714946
33,15,all,0.11168052293429769
33,16,last,0.056337024195652986
33,16,all,-0.025472368241186046
33,17,last,0.11637395767314121
33,17,all,0.12003439833973331
33,18,last,0.049964085548472086
33,18,all,0.03203111757322696
33,19,last,-0.07445152791758317
33,19,all,-0.013451938013396463
33,20,last,0.012682747393406156
33,20,all,0.0010783780089226908
33,21,last,-0.026372690104263755
33,21,all,0.041502143682660406
33,22,last,0.06517262548310529
33,22,all,0.035505349886291615
33,23,last,0.06315724067653382
33,23,all,0.05615190943096099
33,24,last,-0.028494451279374666
33,24,all,0.07210538219687085
33,25,last,-0.01794788055027402
33,25,all,-0.03266410667462004
33,26,last,-0.021082304987013634
33,26,all,-0.02760536355615206
33,27,last,0.023931203320533372
33,27,all,-0.021706048291888803
33,28,last,0.1162828915482981
33,28,all,0.11087161515614709
33,29,last,0.16217057500403884
33,29,all,0.1509078527134673
33,30,last,0.08753865463718948
33,30,all,0.10387781630192994
33,31,last,0.04823566839403994
33,31,all,0.04823566839403994
34,0,last,0.004804813383937536
34,0,all,-0.02387441127284063
34,1,last,-0.0005011877029820843
34,1,all,-0.23042150129698336
34,2,last,-0.008710183168679218
34,2,all,-0.04769985348379262
34,3,last,-0.0037555980057320513
34,3,all,-0.1335711487758683
34,4,last,-0.024873186581764767
34,4,all,-0.15563881457398251
34,5,last,0.014523449541756035
34,5,all,-0.05951873980190253
34,6,last,-0.011655178679590473
34,6,all,-0.10267050940250505
34,7,last,0.011831428591668748
34,7,all,-0.10331287510446571
34,8,last,-0.005759458471080595
34,8,all,-0.11916019258893314
34,9,last,0.008927582577032302
34,9,all,-0.0218789897446397
34,10,last,0.0011687927949438535
34,10,all,0.06750553572985987
34,11,last,0.08638343812906131
34,11,all,0.11834978364771664
34,12,last,0.11721966286291252
34,12,all,0.1162909152480252
34,13,last,0.07290254572152274
34,13,all,0.05523667599246643
34,14,last,0.05696456772879981
34,14,all,0.09011697102390283
34,15,last,0.11059440040906393
34,15,all,0.1137596212109511
34,16,last,-0.04632167439971382
34,16,all,-0.14603398793549416
34,17,last,0.0790596794280042
34,17,all,0.10336366357023481
34,18,last,0.07969062546731098
34,18,all,0.1056869261934041
34,19,last,-0.0413990642921975
34,19,all,-0.07376080111372292
34,20,last,-0.11342337988955599
34,20,all,-0.13899951445142825
34,21,last,0.1308483915134177
34,21,all,0.17274488856867382
34,22,last,-0.03315124197347719
34,22,all,-0.05480358044747813
34,23,last,0.031122335671731848
34,23,all,0.05084846738643058
34,24,last,0.04305735415242354
34,24,all,0.08506046053292972
34,25,last,0.02489196128138215
34,25,all,0.016087169110919647
34,26,last,-0.014355212748895903
34,26,all,-0.030590489077828176
34,27,last,0.06748451580843257
34,27,all,0.054600039477193135
34,28,last,0.05901910052775487
34,28,all,0.07021346678622085
34,29,last,0.028157597693181692
34,29,all,0.04018354765717491
34,30,last,-0.05398949398777988
34,30,all,-0.059215092907472046
34,31,last,0.05955176004679662
34,31,all,0.05955176004679662
35,0,last,-0.009622228480011352
35,0,all,-0.08794010704514958
35,1,last,0.005998608257842593
35,1,all,-0.04611217604392672
35,2,last,-0.011117584473686059
35,2,all,0.24490975664468187
35,3,last,-0.0013975626404076039
35,3,all,0.03331173287419885
35,4,last,-0.0021637876525197517
35,4,all,0.12956298150638534
35,5,last,-0.012009596590638225
35,5,all,0.20188308331125246
35,6,last,-0.0023410814124815546
35,6,all,0.11197703884128411
35,7,last,-0.008912268136902195
35,7,all,0.07336215303916058
35,8,last,-0.002274700189692313
35,8,all,-0.024077906148684332
35,9,last,-0.0044250914924494475
35,9,all,0.11265775818646315
35,10,last,0.003478431507327711
35,10,all,0.06564543982710763
35,11,last,-0.008870554675399978
35,11,all,-0.0021920585699498254
35,12,last,0.019202697304210963
35,12,all,0.003639372481717216
35,13,last,0.027215562234636788
35,13,all,-0.06571884258494487
35,14,last,-0.013850901768355125
35,14,all,-0.08049062791370608
35,15,last,0.06689481112255498
35,15,all,0.014041822849627175
35,16,last,0.1076501564508875
35,16,all,0.06230669991178735
35,17,last,-0.07230000728022318
35,17,all,-0.07628911687936374
35,18,last,0.011225817740906096
35,18,all,0.0007400790329202823
35,19,last,0.09942387381045034
35,19,all,0.1823360074295232
35,20,last,0.06392202252730177
35,20,all,0.061832099575714505
35,21,last,0.08944447092918191
35,21,all,0.21753953586175115
35,22,last,0.2205410573175297
35,22,all,0.16551615119360552
35,23,last,-0.043335620875541075
35,23,all,-0.004956834189406277
35,24,last,-0.03775756561162559
35,24,all,-0.0005001457892408648
35,25,last,-0.032533543535919404
35,25,all,-0.07442619276478855
35,26,last,0.13148729785832095
35,26,all,0.07425855361551774
35,27,last,-0.0049671355204306345
35,27,all,-0.07918748644197016
35,28,last,-0.01615872327797777
35,28,all,-0.01945025260896221
35,29,last,0.1719857566313779
35,29,all,0.13236268002384366
35,30,last,0.0380073382432341
35,30,all,0.057415554030527415
35,31,last,0.10036365084345265
35,31,all,0.10036365084345265
36,0,last,-0.015056034860641679
36,0,all,1.0104681574685035
36,1,last,0.003103496999005215
36,1,all,0.05581331132927115
36,2,last,-0.004690664862830548
36,2,all,0.06287407840715743
36,3,last,-0.017434124261209112
36,3,all,0.284353312770768
36,4,last,-0.01720268605245337
36,4,all,0.028277299106595266
36,5,last,-0.00045013495490948524
36,5,all,0.0031424820711456647
36,6,last,-0.004465597385375806
36,6,all,0.2850462011139081
36,7,last,0.005229134286077784
36,7,all,0.12669463829745153
36,8,last,-0.04209969414784623
36,8,all,0.25889568032088706
36,9,last,0.0038012347047774587
36,9,all,0.15895602160571715
36,10,last,-0.022544211448945816
36,10,all,-0.04023839466699427
36,11,last,0.004556213906716899
36,11,all,0.012957972380692843
36,12,last,0.04464694072728649
36,12,all,0.11965773769055855
36,13,last,0.043023925614200306
36,13,all,-0.04845140834048535
36,14,last,-0.007641359396153562
36,14,all,-0.06978289878923777
36,15,last,0.22537555461019396
36,15,all,0.29177236217017916
36,16,last,0.20811277449531923
36,16,all,-0.10402662547307434
36,17,last,0.11706000068841932
36,17,all,0.06325774856834454
36,18,last,0.07581398453490713
36,18,all,-0.12616520200067588
36,19,last,0.0075178432773476
36,19,all,0.03610264902614339
36,20,last,0.03901492900057679
36,20,all,-0.10243375247674065
36,21,last,0.04594875688015209
36,21,all,0.20938463870251595
36,22,last,0.15138654687916892
36,22,all,0.014052597137963226
36,23,last,0.12361919153327908
36,23,all,0.14355121297773116
36,24,last,0.025104484747613495
36,24,all,0.20884255602868007
36,25,last,0.12186105986528661
36,25,all,0.06554816909936687
36,26,last,0.011417681688977855
36,26,all,-0.000883059426752089
36,27,last,0.48001577659309647
36,27,all,0.42127516177378654
36,28,last,0.43173381068810934
36,28,all,0.4115551373482126
36,29,last,0.15549205531772547
36,29,all,0.09802615727186649
36,30,last,0.17515745690295362
36,30,all,0.17537824553102707
36,31,last,-0.23767848269338546
36,31,all,-0.23767848269338546
37,0,last,-0.01071439956953057
37,0,all,-1.0
37,1,last,-0.014826851013718797
37,1,all,-0.49925276457785306
37,2,last,-0.06467112464002767
37,2,all,-0.06447284400603198
37,3,last,0.08248281165320162
37,3,all,-1.0
37,4,last,-0.00374052431099291
37,4,all,0.2253344687576378
37,5,last,-0.06392823641813884
37,5,all,0.38077634234298635
37,6,last,0.014507090283621005
37,6,all,-1.0
37,7,last,0.049098970293165525
37,7,all,-0.47257085694909623
37,8,last,-0.0037248260878385625
37,8,all,0.528329496526587
37,9,last,-0.055265956881569704
37,9,all,-0.6243144706704059
37,10,last,-0.07317835403405694
37,10,all,-1.0
37,11,last,0.08057439073988382
37,11,all,-0.7908646484708964
37,12,last,0.14496536247438774
37,12,all,-0.97558708939486
37,13,last,0.3586208362274417
37,13,all,0.8661946251216008
37,14,last,0.3246073753633535
37,14,all,1.13591328398134
37,15,last,0.7706127330461605
37,15,all,1.0970135700271169
37,16,last,0.13253381880289697
37,16,all,0.37272677653168773
37,17,last,0.3819215880998774
37,17,all,0.385529281291872
37,18,last,0.5127203909775307
37,18,all,0.8449889822624569
37,19,last,-1.0
37,19,all,-1.0
37,20,last,0.05212534620619833
37,20,all,-0.21019993257009378
37,21,last,-0.8930864059183751
37,21,all,-1.0
37,22,last,1.5220287127746828
37,22,all,1.541490162285816
37,23,last,1.6541094567062327
37,23,all,2.0
37,24,last,-0.06858408789459296
37,24,all,0.16731311144579186
37,25,last,0.36384762000446313
37,25,all,0.37146270730107456
37,26,last,1.267089085725823
37,26,all,1.9009181286945165
37,27,last,1.9464110963735655
37,27,all,2.0
37,28,last,-1.0
37,28,all,-1.0
37,29,last,0.6239821513617846
37,29,all,0.36200054291701
37,30,last,1.0505721881584198
37,30,all,1.0282642885227151
37,31,last,0.08578909896063272
37,31,all,0.08578909896063272
38,0,last,-0.010081654058077366
38,0,all,0.11886627702445701
38,1,last,-0.0004106409067790055
38,1,all,-0.058816740259615925
38,2,last,-0.0011909308118890059
38,2,all,0.702636642100901
38,3,last,-0.0006248701669628164
38,3,all,0.11928956881679041
38,4,last,-0.0008589305450426992
38,4,all,0.0021599582528374836
38,5,last,-0.003000463333934599
38,5,all,-0.00196992903499045
38,6,last,-0.0022955468730885956
38,6,all,0.054512361928690946
38,7,last,-0.003289610150614681
38,7,all,0.111844769607239
38,8,last,-0.004459038256125954
38,8,all,0.04204626288281846
38,9,last,-0.0033500912611329693
38,9,all,0.04627059491986025
38,10,last,0.0061506857995671195
38,10,all,2.112279990462828e-05
38,11,last,-0.02154309043582415
38,11,all,0.047935611019536764
38,12,last,0.002679708298692195
38,12,all,0.02657586344763301
38,13,last,0.01815231119142165
38,13,all,0.01842561590817326
38,14,last,-0.0007592430864999931
38,14,all,-0.02072503782728753
38,15,last,0.06811859829099833
38,15,all,0.12076755695975742
38,16,last,0.08930791981906726
38,16,all,0.057608637675142585
38,17,last,0.07407473398568847
38,17,all,0.10946100845109548
38,18,last,0.0631917811945384
38,18,all,0.08275297554146929
38,19,last,0.1254151807891326
38,19,all,0.1503916379849943
38,20,last,0.025500424203567868
38,20,all,0.015286828627381196
38,21,last,-0.007438340799508614
38,21,all,0.045499574732694004
38,22,last,0.021722406291129624
38,22,all,-0.07890634651998832
38,23,last,0.012112558082001141
38,23,all,0.022781357594262013
38,24,last,-0.03438100394692433
38,24,all,0.03061582687327703
38,25,last,0.0697566030404371
38,25,all,0.04437934451544981
38,26,last,0.15786280270377917
38,26,all,0.1173158027264216
38,27,last,0.11314184628771351
38,27,all,0.06225694533616936
38,28,last,0.09738055246607169
38,28,all,0.10022061928706144
38,29,last,-0.014617433421770494
38,29,all,-0.00442568246778735
38,30,last,-0.08344554504193939
38,30,all,-0.06619885490110503
38,31,last,0.032720660696867
38,31,all,0.032720660696867
39,0,last,-0.0067577817194274395
39,0,all,0.13644776313158452
39,1,last,0.00017713437288508136
39,1,all,-0.00790922782860225
39,2,last,-0.008775965140653196
39,2,all,0.34211559787720774
39,3,last,-0.007701492893146543
39,3,all,0.45265831302805504
39,4,last,-0.008507392507165147
39,4,all,0.14905475879815236
39,5,last,-0.008218395270156085
39,5,all,0.374564877808174
39,6,last,-0.008123758850994667
39,6,all,-0.026851230458796924
39,7,last,-0.0009389502785923188
39,7,all,-0.026941324039096905
39,8,last,-0.01729578685494323
39,8,all,-0.06294968199037689
39,9,last,-0.008075350360087214
39,9,all,0.006094854330055924
39,10,last,-0.008146763786988975
39,10,all,-0.11636528989090426
39,11,last,-0.01990544789592785
39,11,all,-0.061813136392667584
39,12,last,-0.005815996709385585
39,12,all,0.036899626593182674
39,13,last,-0.0075910110520364385
39,13,all,-0.07396548474598298
39,14,last,0.013320003311547816
39,14,all,-0.034867632941818154
39,15,last,0.06127755386225982
39,15,all,0.07583764315484677
39,16,last,0.005035718706545475
39,16,all,-0.11198381266582724
39,17,last,0.0887467194343446
39,17,all,0.0581567689352974
39,18,last,0.11154551957247598
39,18,all,0.09011604009531385
39,19,last,0.09732868718425908
39,19,all,0.14810210731755397
39,20,last,0.04997006450903869
39,20,all,-0.016174214454121216
39,21,last,0.0462838596860266
39,21,all,0.14186766063496387
39,22,last,-0.08914103784751717
39,22,all,-0.17674288920335832
39,23,last,0.12183919266266834
39,23,all,0.14209938175960793
39,24,last,-0.03273010005802477
39,24,all,0.08097970063346072
39,25,last,-0.028182173217064763
39,25,all,-0.047507591447164564
39,26,last,-0.0897638428840645
39,26,all,-0.12114588276699155
39,27,last,0.10118980947479186
39,27,all,0.057487190829832745
39,28,last,0.12510647505723432
39,28,all,0.1548581809295695
39,29,last,0.08184985416033547
39,29,all,0.11100023353826019
39,30,last,-0.07436445502614968
39,30,all,-0.0438665242710797
39,31,last,-0.060251926218191316
39,31,all,-0.060251926218191316
40,0,last,0.012340115621705623
40,0,all,0.01146775409569307
40,1,last,0.0001851961507921891
40,1,all,0.23558708158934852
40,2,last,0.0004903128705263497
40,2,all,0.10372014866047512
40,3,last,0.013839262609727088
40,3,all,1.1322739728071252
40,4,last,0.011818563722722383
40,4,all,0.5924944270971996
40,5,last,-0.0049864483229537385
40,5,all,0.9983955261981217
40,6,last,0.01251827133474111
40,6,all,0.19926420431630124
40,7,last,-0.0012270410625372713
40,7,all,0.12008618241820854
40,8,last,0.02825071231978694
40,8,all,0.25452287512827815
40,9,last,0.016883296118480776
40,9,all,0.0006495852902408809
40,10,last,0.0021629530300225712
40,10,all,0.01256918628858428
40,11,last,0.005612674279975363
40,11,all,0.07670967239584232
40,12,last,0.06331605550848979
40,12,all,-0.07156735530851338
40,13,last,0.16576053279794922
40,13,all,0.04684175753571623
40,14,last,0.13093279272718117
40,14,all,0.23116974308929747
40,15,last,0.17220999341182877
40,15,all,0.19865795734986733
40,16,last,0.054232771792369565
40,16,all,0.11115513068404613
40,17,last,0.4583273691655869
40,17,all,0.6560758278459105
40,18,last,0.2950680101624756
40,18,all,0.4920064921228692
40,19,last,0.2985273362480435
40,19,all,0.6488241769565073
40,20,last,0.3039514107218873
40,20,all,0.38265842267151506
40,21,last,0.25534105792135503
40,21,all,0.3938135067301456
40,22,last,0.3868965330739717
40,22,all,0.41556389010762546
40,23,last,0.17247440614373777
40,23,all,0.2897134075578866
40,24,last,0.1650774238338867
40,24,all,0.3185316910618612
40,25,last,-0.056690817077770725
40,25,all,0.07172709398238399
40,26,last,0.18102131107871164
40,26,all,0.30468823216472946
40,27,last,0.3427665097099759
40,27,all,0.4298790583344562
40,28,last,0.23939344064328152
40,28,all,0.4084884366638023
40,29,last,0.22203866832217975
40,29,all,0.2698720085716164
40,30,last,0.24898142117064295
40,30,all,0.2676453652238743
40,31,last,0.599477702094367
40,31,all,0.599477702094367
41,0,last,0.0998877040156107
41,0,all,2.0
41,1,last,0.1429083524219944
41,1,all,-0.601468330331912
41,2,last,-0.03670098248338807
41,2,all,2.0
41,3,last,-0.000632818394962439
41,3,all,-0.030586813952811553
41,4,last,0.07631832433380159
41,4,all,1.9218581081320891
41,5,last,-0.003894512758229301
41,5,all,0.5375297154908123
41,6,last,0.14799112989493723
41,6,all,-1.0
41,7,last,-0.009541964413104415
41,7,all,-0.04986222091927963
41,8,last,0.06433310594934472
41,8,all,-0.6506356222453944
41,9,last,-0.09390804932221353
41,9,all,-0.5328437360916597
41,10,last,-0.12442742889754731
41,10,all,-1.0
41,11,last,0.1923684515008408
41,11,all,-0.2164689656347314
41,12,last,-0.13537344803329412
41,12,all,-0.15439526624866817
41,13,last,0.15187073610656618
41,13,all,0.9598557827108194
41,14,last,-0.08693356010213114
41,14,all,0.4327232060148625
41,15,last,0.031820863060654736
41,15,all,-0.3663234138547123
41,16,last,0.42831832149445936
41,16,all,0.5439141539079642
41,17,last,0.09958815341249892
41,17,all,0.11024526947841994
41,18,last,-0.12944632117077437
41,18,all,-0.20694031063823445
41,19,last,0.6958603100419726
41,19,all,0.7514113305370544
41,20,last,0.8919371199274264
41,20,all,0.7678993907481454
41,21,last,0.29069966360893174
41,21,all,0.40425010487820284
41,22,last,0.5583438684759902
41,22,all,0.7174094977416582
41,23,last,0.22468566707150955
41,23,all,0.22733849998970737
41,24,last,0.1766787788273091
41,24,all,0.14965888852529535
41,25,last,0.10489027007113262
41,25,all,0.16490615619079527
41,26,last,-0.04091687328796538
41,26,all,-0.22628847574882327
41,27,last,0.7823385106372407
41,27,all,0.5281549173502974
41,28,last,0.21487254547738927
41,28,all,0.03549639155096939
41,29,last,0.48686662260954006
41,29,all,0.48478928886544853
41,30,last,0.8398699723235118
41,30,all,0.839868552652407
41,31,last,0.8016708819067887
41,31,all,0.8016708819067887
42,0,last,0.0019002381847045729
42,0,all,0.14150207484238822
42,1,last,-0.00698250650605048
42,1,all,0.03422171681034827
42,2,last,0.0010744765281129208
42,2,all,0.014150576932768657
42,3,last,-0.002138099400851708
42,3,all,0.03801222337254078
42,4,last,0.0067244405210228324
42,4,all,0.06467854981659002
42,5,last,-0.001987297228218592
42,5,all,0.01341856505024332
42,6,last,0.0015234537151611583
42,6,all,0.08516785593444731
42,7,last,0.0014195838796914374
42,7,all,0.0624566439334439
42,8,last,-0.007909786962012895
42,8,all,0.027081964878596473
42,9,last,-0.01116925987421462
42,9,all,0.02452289743880779
42,10,last,-0.008086998517592193
42,10,all,0.0436796698820061
42,11,last,0.0035202788265176295
42,11,all,0.049873218168743336
42,12,last,-0.0045138655712559
42,12,all,0.02664568858957155
42,13,last,-0.023706893465874967
42,13,all,0.018640225064508985
42,14,last,0.05414064919672432
42,14,all,0.11997132160206388
42,15,last,0.025794498621488544
42,15,all,0.10123164594287269
42,16,last,-0.03247966976887353
42,16,all,-0.061637060375473195
42,17,last,0.03285816006536092
42,17,all,0.07272177133494111
42,18,last,-0.002507265099277449
42,18,all,-0.03206436719662615
42,19,last,0.0035393876236828386
42,19,all,0.06193506745873839
42,20,last,0.03881419183673246
42,20,all,0.08237961550589974
42,21,last,0.13484744948732652
42,21,all,0.2124569453256656
42,22,last,0.004789378718912652
42,22,all,0.00988174058621724
42,23,last,0.03427540174743498
42,23,all,0.03465133772274719
42,24,last,0.007332651792126762
42,24,all,0.014732255082184356
42,25,last,0.015127732940258954
42,25,all,0.029621808620959474
42,26,last,0.0504504505619268
42,26,all,0.04629525941146708
42,27,last,0.0028927819886169904
42,27,all,0.007186816846138811
42,28,last,-0.00856431187656997
42,28,all,0.018311866635515144
42,29,last,0.031955220787656134
42,29,all,0.032294574287729305
42,30,last,0.030507397959332484
42,30,all,0.02696214158388383
42,31,last,0.08213780348848858
42,31,all,0.08213780348848858
43,0,last,-0.0
43,0,all,0.1328339742716368
43,1,last,0.00017934547799998432
43,1,all,0.01558313872809221
43,2,last,0.004764733017006672
43,2,all,-0.33473026029038117
43,3,last,0.004743882833836542
43,3,all,-0.3274290092582018
43,4,last,2.0892561591208005e-05
43,4,all,-0.3237442267347236
43,5,last,-0.004584200943216518
43,5,all,-0.3295705603889322
43,6,last,0.004735915690673971
43,6,all,-0.08265311376508327
43,7,last,7.755251057182687e-06
43,7,all,-0.02587918802097647
43,8,last,0.017898017601029628
43,8,all,0.17983210940921726
43,9,last,7.543358951795181e-06
43,9,all,-0.14231758685404428
43,10,last,-0.01091960538061861
43,10,all,0.012146460670812265
43,11,last,0.015682643260782184
43,11,all,0.009230655786995884
43,12,last,-0.015234957620519463
43,12,all,-0.021298631621972618
43,13,last,-0.036083106626438245
43,13,all,-0.12315717965674751
43,14,last,-0.04592274032431782
43,14,all,-0.01482528542396326
43,15,last,-0.017169829191654926
43,15,all,0.028452871911434186
43,16,last,0.03006549796869633
43,16,all,0.16007274679762165
43,17,last,0.03052937216581066
43,17,all,0.07262445111998751
43,18,last,-0.028775286938991812
43,18,all,-0.02968943186005459
43,19,last,0.01863917380725404
43,19,all,0.12533104433354952
43,20,last,-0.021150942824517526
43,20,all,0.031001128749245398
43,21,last,0.11257645332027513
43,21,all,0.2491180308951403
43,22,last,0.0070647794425669624
43,22,all,0.0757888478218445
43,23,last,0.029337309559321633
43,23,all,0.09462359804237122
43,24,last,-0.02115293461030817
43,24,all,0.0004904454671299193
43,25,last,0.03193913272137481
43,25,all,0.07627768290897348
43,26,last,0.010403478590315726
43,26,all,0.032888324596668676
43,27,last,0.01070237359417534
43,27,all,0.010931725609046776
43,28,last,-0.10557962767590594
43,28,all,-0.04725787248036449
43,29,last,-0.04394315951894559
43,29,all,-0.05045701948750504
43,30,last,-0.08706680513109447
43,30,all,-0.09439899241066046
43,31,last,-0.13711241490677914
43,31,all,-0.13711241490677914
44,0,last,0.033318606043787516
44,0,all,-0.7207578103319847
44,1,last,-0.0037817488717192226
44,1,all,-1.0
44,2,last,-0.0003017877225524705
44,2,all,-1.0
44,3,last,-0.0016216754056698848
44,3,all,-0.13312070048344457
44,4,last,0.005888968408138227
44,4,all,-0.536083441658025
44,5,last,0.04982929732571896
44,5,all,-1.0
44,6,last,0.00032150525070471906
44,6,all,-1.0
44,7,last,0.045717827566564916
44,7,all,-0.7824451925745249
44,8,last,-0.0055289409496545785
44,8,all,-0.2850134919012079
44,9,last,0.003647103714198081
44,9,all,-0.17842984576511312
44,10,last,0.046868564417894755
44,10,all,0.1674385105233178
44,11,last,-0.014361389428483796
44,11,all,0.26308075423196575
44,12,last,0.0033877634480844786
44,12,all,0.369093687469876
44,13,last,-0.019204324711174725
44,13,all,0.10379744986635897
44,14,last,-0.08631512261381395
44,14,all,0.29138417047628784
44,15,last,0.3672475426117692
44,15,all,0.9123433551930127
44,16,last,-0.19185355718813443
44,16,all,-0.15663147939883448
44,17,last,0.11570446346415061
44,17,all,0.20639815531569952
44,18,last,-0.018233601589086712
44,18,all,0.20925810974630113
44,19,last,-0.05341460119473615
44,19,all,-0.00820769494793112
44,20,last,-0.022402580805351482
44,20,all,0.06492416054449589
44,21,last,0.035194418478975274
44,21,all,0.03900072297603225
44,22,last,-0.14966325017891832
44,22,all,-0.18172349453021164
44,23,last,-0.0858821585581375
44,23,all,-0.05162286210875312
44,24,last,-0.09022540055793302
44,24,all,-0.0786072122336308
44,25,last,-0.0007339302145559175
44,25,all,0.0035086245928695574
44,26,last,-0.30239476682197264
44,26,all,-0.2992596798457651
44,27,last,0.13257481706515548
44,27,all,0.13317382826763258
44,28,last,0.1995046883900273
44,28,all,0.24169490411439087
44,29,last,0.09202517271094103
44,29,all,0.09425745249536273
44,30,last,-0.10026308294506843
44,30,all,-0.05117036309462953
44,31,last,0.297525815356303
44,31,all,0.297525815356303
45,0,last,0.0017472966222403978
45,0,all,-0.1346588148448155
45,1,last,-0.0041925984374449115
45,1,all,-0.1395826708998011
45,2,last,0.0021464571496672244
45,2,all,0.010076667539268993
45,3,last,-0.003259000473518469
45,3,all,-0.17861117634362056
45,4,last,0.0012700980430652414
45,4,all,-0.05725863791694458
45,5,last,0.0016694228611273275
45,5,all,-0.08585089290810229
45,6,last,0.001807854150397102
45,6,all,0.03929835281223345
45,7,last,0.0011498372980551833
45,7,all,0.06164508287493234
45,8,last,-0.014279977726132834
45,8,all,0.03890497531516776
45,9,last,0.003781017537992456
45,9,all,0.063163489784129
45,10,last,0.024595162409671776
45,10,all,0.1361013851967763
45,11,last,-0.01061826804746593
45,11,all,-0.09693538492030804
45,12,last,0.04941875451860856
45,12,all,0.20422965583313407
45,13,last,-0.008156898608133024
45,13,all,0.1407296166826757
45,14,last,0.09517944661065297
45,14,all,0.2756297087544335
45,15,last,0.07650403722878368
45,15,all,0.233985055663803
45,16,last,0.0628776733659678
45,16,all,0.1327444675046431
45,17,last,0.010874791445360335
45,17,all,0.08635142075748432
45,18,last,0.043571782242226104
45,18,all,0.00936004821732996
45,19,last,0.04525014251391156
45,19,all,0.14182122937959485
45,20,last,-0.018044861923742793
45,20,all,0.027805598571407495
45,21,last,0.05053987381362036
45,21,all,0.14246713801211813
45,22,last,0.013271200367511579
45,22,all,0.0015712756356232173
45,23,last,-0.03471723988052654
45,23,all,-0.11107627419463005
45,24,last,-0.07665663037081284
45,24,all,-0.13447260783881224
45,25,last,-0.07080009637945826
45,25,all,-0.06078576070720678
45,26,last,-0.09631466204217005
45,26,all,-0.10227949642028777
45,27,last,0.007534959979294122
45,27,all,0.0018343378008009563
45,28,last,0.039216568934001196
45,28,all,0.05690475588859531
45,29,last,0.004381236944850033
45,29,all,0.02121997559889769
45,30,last,-0.05466057866907565
45,30,all,-0.06673971904527032
45,31,last,0.1468456641614864
45,31,all,0.1468456641614864
46,0,last,6.459954334582809e-07
46,0,all,-0.07328179797097015
46,1,last,2.640981330902972e-06
46,1,all,-0.006695847167056376
46,2,last,-4.0194215867088034e-05
46,2,all,0.08050486291112408
46,3,last,-1.061142498783676e-05
46,3,all,-0.02130098692332344
46,4,last,0.008705253962559738
46,4,all,-0.002998235805471091
46,5,last,0.008664252252400828
46,5,all,-0.006511339471341277
46,6,last,0.008548614319845374
46,6,all,-0.02586336767185393
46,7,last,-0.0014180169760379963
46,7,all,-0.013461737338978751
46,8,last,-6.73735237365607e-05
46,8,all,0.009583114256965317
46,9,last,0.009961824329863813
46,9,all,0.05383052397202604
46,10,last,-0.001259966593296152
46,10,all,0.0705600482110192
46,11,last,-0.008737553734232652
46,11,all,0.022570396449867497
46,12,last,-0.006685131242807244
46,12,all,0.024925828799316218
46,13,last,-0.024662766158906023
46,13,all,0.04538389618123789
46,14,last,-0.0017963423016562697
46,14,all,0.07669244486110728
46,15,last,-0.08768389091257514
46,15,all,-0.11312552331567569
46,16,last,-0.022080807910768878
46,16,all,-0.0009879550161459908
46,17,last,0.02242860995215625
46,17,all,0.06697940002262125
46,18,last,0.030454029720463904
46,18,all,0.02018510581148702
46,19,last,-0.007551829116119979
46,19,all,0.046892875014266526
46,20,last,-0.011420439268914808
46,20,all,0.03543991747522337
46,21,last,0.02111573823284643
46,21,all,0.1483042876369907
46,22,last,-0.01663418291296099
46,22,all,0.01322728849629762
46,23,last,0.020418034664912953
46,23,all,0.04859497323213422
46,24,last,-0.011248756482540425
46,24,all,0.004801874055552302
46,25,last,0.029013545403247545
46,25,all,0.0478046785687272
46,26,last,-0.01968510534599031
46,26,all,-0.02946841168779778
46,27,last,0.04482443088609807
46,27,all,0.04997340873797363
46,28,last,-0.06053663106655499
46,28,all,-0.020709540104261005
46,29,last,0.0065076249975988916
46,29,all,0.008331992101147837
46,30,last,-0.017777447581223047
46,30,all,-0.027736056183818837
46,31,last,-0.020874297439591398
46,31,all,-0.020874297439591398
47,0,last,0.0016351978572527524
47,0,all,-0.15924443708637293
47,1,last,-0.007355835888477683
47,1,all,-0.11030686219091261
47,2,last,0.0018423236693826412
47,2,all,-0.06845325789569537
47,3,last,-0.0024659292330569825
47,3,all,-0.05197507504287682
47,4,last,0.001954652793400926
47,4,all,-0.08834448162191101
47,5,last,0.002246244885322565
47,5,all,0.3588239872171212
47,6,last,-0.010609644433197278
47,6,all,0.044988523118913666
47,7,last,-0.010719025227172206
47,7,all,-0.029835952215627265
47,8,last,0.0009141398577941648
47,8,all,-0.048113044015281624
47,9,last,0.008454595222192903
47,9,all,0.0932781631012579
47,10,last,0.017389250595720215
47,10,all,-0.05274238356324456
47,11,last,-0.010689699471092096
47,11,all,0.04832380460070924
47,12,last,0.005047338477201487
47,12,all,0.09948865154006807
47,13,last,-0.03587370452403465
47,13,all,0.026133772440955303
47,14,last,-0.020597978949013517
47,14,all,0.019107564352592185
47,15,last,-0.05216712160974679
47,15,all,0.0906129177547355
47,16,last,-0.04434272630773742
47,16,all,-0.0007554926938581019
47,17,last,0.08310095541197714
47,17,all,0.2002817253141277
47,18,last,-0.014357151968993832
47,18,all,-0.0058896381098170565
47,19,last,0.05711709767650887
47,19,all,0.18376362747404276
47,20,last,-0.0037899094732139938
47,20,all,0.07576515016272531
47,21,last,0.044412428430976175
47,21,all,0.09159883031869963
47,22,last,0.04083479872088389
47,22,all,0.0660566594313297
47,23,last,0.06808502047581455
47,23,all,0.0754071193663152
47,24,last,0.030853576207309642
47,24,all,0.034400394743132036
47,25,last,0.024686142389666963
47,25,all,0.01925347293023405
47,26,last,0.08831204999143409
47,26,all,0.09971466016827718
47,27,last,0.19766727676842863
47,27,all,0.2206439728976899
47,28,last,0.10817384668305668
47,28,all,0.13765089035516168
47,29,last,0.08500325846735632
47,29,all,0.09661409726680352
47,30,last,0.26821471548885156
47,30,all,0.28572871870617733
47,31,last,-0.0877805403555263
47,31,all,-0.0877805403555263
48,0,last,-6.340236897850349e-05
48,0,all,-0.06739026867282208
48,1,last,-0.0033813139262811546
48,1,all,-0.15829050014430415
48,2,last,0.001878204085630438
48,2,all,-0.07003933989461615
48,3,last,0.00793427812458489
48,3,all,0.090543793555765
48,4,last,-0.007984271256905871
48,4,all,0.21038932898776896
48,5,last,-0.0037842560221182445
48,5,all,0.05689028979783554
48,6,last,0.007233609071086244
48,6,all,0.07837017433046142
48,7,last,-0.029391379708243067
48,7,all,0.24491655565027246
48,8,last,0.0037472986354881023
48,8,all,0.1949312757491277
48,9,last,-0.02852069938861715
48,9,all,0.29160968576128
48,10,last,0.019918182157884688
48,10,all,0.21446693939037784
48,11,last,0.007432625099114027
48,11,all,0.14681810565418135
48,12,last,0.049700151431456965
48,12,all,0.12340467660610543
48,13,last,-0.03536895687744353
48,13,all,0.15362834905022796
48,14,last,0.06670668910843315
48,14,all,0.29377403858460477
48,15,last,0.05936589723944446
48,15,all,0.19216274207520945
48,16,last,0.07416439275952963
48,16,all,0.15628897116338192
48,17,last,-0.06571384080455857
48,17,all,0.006093131630478094
48,18,last,-0.07120224501229687
48,18,all,-0.0009906802343606625
48,19,last,0.06690866573558708
48,19,all,0.27886382371780233
48,20,last,0.02315736910703903
48,20,all,0.22287009443072314
48,21,last,0.22629121702833133
48,21,all,0.38842067595706925
48,22,last,-0.040210593154850684
48,22,all,0.0077896004774417014
48,23,last,0.0003034204175195394
48,23,all,0.035660316269599916
48,24,last,-0.054825103380933146
48,24,all,-0.00843395438079306
48,25,last,-0.0009068178480365097
48,25,all,0.03487542044834621
48,26,last,0.04890794976251349
48,26,all,0.07116757411914569
48,27,last,0.2547575142693135
48,27,all,0.2543662050506582
48,28,last,0.016807348567768724
48,28,all,0.06469732592674632
48,29,last,0.03439257861424612
48,29,all,0.034396532152771504
48,30,last,0.14786584802062266
48,30,all,0.16661386476081574
48,31,last,-0.31099067859464424
48,31,all,-0.31099067859464424
49,0,last,-0.004311279996016019
49,0,all,0.42924037987330177
49,1,last,-0.00026743326372719104
49,1,all,0.024054672454784324
49,2,last,0.0021520971463091423
49,2,all,0.10637898066969323
49,3,last,-0.0012823041568408042
49,3,all,0.06427294176115499
49,4,last,-0.0024115288107822526
49,4,all,0.029177977390711124
49,5,last,0.0016403444997385576
49,5,all,0.0413272443355609
49,6,last,-0.0010061115981965544
49,6,all,0.09549081072944686
49,7,last,0.008014072090379338
49,7,all,0.03793899585724484
49,8,last,0.002377116105561527
49,8,all,0.036097212553391836
49,9,last,0.002398947732246439
49,9,all,-0.005882174610865617
49,10,last,0.014181922945165373
49,10,all,0.09125947178903794
49,11,last,-0.0032779579645600093
49,11,all,-0.00034566742251110983
49,12,last,-0.009836713170834703
49,12,all,0.024324903364036355
49,13,last,-0.009529863079980747
49,13,all,0.02708125863840707
49,14,last,-0.0015800618997390287
49,14,all,0.1036245321239689
49,15,last,0.01785638055226372
49,15,all,0.11008727646552059
49,16,last,0.0020769520544589013
49,16,all,0.02667619953277488
49,17,last,-0.015242963315764814
49,17,all,0.009968385689673452
49,18,last,-0.03553816637532991
49,18,all,-0.02969285240951925
49,19,last,0.00028130492278785607
49,19,all,0.0655137558357033
49,20,last,-0.008023738954826776
49,20,all,0.050942752004436
49,21,last,0.13334090640434432
49,21,all,0.1977270112617139
49,22,last,0.003055969787959535
49,22,all,0.01589754575796964
49,23,last,0.034901951808207814
49,23,all,0.03721642063719524
49,24,last,0.0077757310095800955
49,24,all,0.019114521711148913
49,25,last,0.06373446993455699
49,25,all,0.07300462241814475
49,26,last,0.07687211340329407
49,26,all,0.08725344322929025
49,27,last,0.007465225661626722
49,27,all,0.012701169135232199
49,28,last,0.05153201025626841
49,28,all,0.0804382788148684
49,29,last,0.05852573689421097
49,29,all,0.06421274242441513
49,30,last,0.07188245848862312
49,30,all,0.07501953918098811
49,31,last,0.02390757125392912
49,31,all,0.02390757125392912
50,0,last,0.007873495922996548
50,0,all,0.051252591525916914
50,1,last,0.0054385671961590856
50,1,all,0.03566014059544751
50,2,last,0.013287935475551205
50,2,all,0.038741886498604626
50,3,last,0.007829363517928234
50,3,all,-0.00968222188421707
50,4,last,0.0030090219820916053
50,4,all,-0.018210863412117924
50,5,last,0.0027110998320261353
50,5,all,-0.009779786428505298
50,6,last,-0.0028379482058539553
50,6,all,0.03762772668205325
50,7,last,0.008000840282645787
50,7,all,-0.049113673337124866
50,8,last,0.00774899314878252
50,8,all,-0.014138323832449376
50,9,last,0.022347075171611094
50,9,all,-0.002811164971497348
50,10,last,0.0031198954792545663
50,10,all,-0.005526150025791263
50,11,last,0.02125487306069544
50,11,all,0.03938817668998902
50,12,last,-0.014838573147988943
50,12,all,-0.02704104365336543
50,13,last,-0.017599767547978363
50,13,all,0.060732368530691604
50,14,last,0.02545056178660706
50,14,all,0.0962864094925073
50,15,last,-0.0028439207017868715
50,15,all,0.07979163635642203
50,16,last,-0.0689157419286574
50,16,all,-0.04181887920430648
50,17,last,0.004495057501289563
50,17,all,0.044064258683058445
50,18,last,-0.08649438874707369
50,18,all,-0.097774800944357
50,19,last,0.05034094892007354
50,19,all,0.1443349532781356
50,20,last,0.012155269188038144
50,20,all,0.06286080901900618
50,21,last,0.12402561518774717
50,21,all,0.2188439376479691
50,22,last,-0.00741310741730263
50,22,all,0.019389780377478277
50,23,last,0.04697348418466544
50,23,all,0.0606417167887894
50,24,last,0.003824897992249395
50,24,all,0.025535478692449112
50,25,last,0.051478554399724895
50,25,all,0.054283178558202284
50,26,last,0.07287639537344426
50,26,all,0.08499792719258799
50,27,last,0.010835936570026584
50,27,all,0.008462065764413348
50,28,last,0.033616296688798654
50,28,all,0.07892831103601518
50,29,last,0.02235351265425159
50,29,all,0.027135880275635856
50,30,last,0.07226351189374
50,30,all,0.0727393896233153
50,31,last,-0.0075389018212599366
50,31,all,-0.0075389018212599366
51,0,last,-0.004225652105418963
51,0,all,0.017248996532633797
51,1,last,-0.01967841061093155
51,1,all,-0.06936151700819669
51,2,last,0.011316506656202627
51,2,all,0.16102900401902134
51,3,last,0.008100673375861255
51,3,all,0.23027369459084507
51,4,last,0.0036690976296759555
51,4,all,0.03307274084668912
51,5,last,-0.029383793329639807
51,5,all,0.07530602793601426
51,6,last,-0.027987128989568507
51,6,all,0.505915190674331
51,7,last,-0.011446869402540109
51,7,all,0.11063640304686174
51,8,last,-0.005610042851007503
51,8,all,0.2660604655854219
51,9,last,-0.0003023951035732272
51,9,all,0.006229278523265356
51,10,last,-0.003915125114143166
51,10,all,-0.09255760040823087
51,11,last,0.08713241910375384
51,11,all,0.12279766636036556
51,12,last,-0.10061776587143707
51,12,all,-0.06386153243857988
51,13,last,0.0669388710848812
51,13,all,0.16202023567220736
51,14,last,0.07116437166444235
51,14,all,0.12108587874466484
51,15,last,0.1551177782713031
51,15,all,0.3180355015993302
51,16,last,-0.1395448597605457
51,16,all,-0.0824203184861395
51,17,last,0.09288459320938888
51,17,all,0.15358120505585218
51,18,last,0.08259507830881586
51,18,all,0.026853362012800804
51,19,last,0.07555023711018774
51,19,all,0.17287221455697804
51,20,last,-0.12752693990853192
51,20,all,-0.20963698394649197
51,21,last,-0.019196457365851252
51,21,all,0.07644949256768192
51,22,last,0.10006843412824977
51,22,all,-0.038509135064644213
51,23,last,0.03248557814766811
51,23,all,0.05637807439020565
51,24,last,-0.06619826320051604
51,24,all,0.04079126600914883
51,25,last,0.035495740330339504
51,25,all,-0.0399111533183582
51,26,last,-0.03107270054081094
51,26,all,0.03547508230505782
51,27,last,-0.08973235028070922
51,27,all,-0.1789824947732418
51,28,last,0.16023288716207776
51,28,all,0.20923023803550564
51,29,last,-0.0274654759697415
51,29,all,-0.017521086464644647
51,30,last,-0.029213023687885826
51,30,all,-0.01938222806752861
51,31,last,-0.2568075895867592
51,31,all,-0.2568075895867592
52,0,last,-0.008713226236378609
52,0,all,-0.12524164416899114
52,1,last,0.00030126303810771237
52,1,all,-0.14174317131731026
52,2,last,0.0013251022485280648
52,2,all,-0.11644285950802873
52,3,last,0.0006870013569804629
52,3,all,0.06092054962215224
52,4,last,0.001877068363735077
52,4,all,-0.2255431466911909
52,5,last,0.0006464083065246129
52,5,all,0.07782609935197295
52,6,last,0.0004420319861511815
52,6,all,0.032992411663336364
52,7,last,-6.51575598137108e-05
52,7,all,0.010580645676737277
52,8,last,0.0003445391053623579
52,8,all,0.00913738138097041
52,9,last,0.0024382859183483064
52,9,all,0.07053059906627637
52,10,last,0.010665369384983685
52,10,all,0.015611610224555688
52,11,last,0.00921554660370865
52,11,all,0.01156438869166452
52,12,last,-0.008892531255332185
52,12,all,0.06155544083064054
52,13,last,-0.01872686102963711
52,13,all,-0.031008579105207736
52,14,last,-0.0007496150193849454
52,14,all,0.0586342218256083
52,15,last,-0.03892233589524008
52,15,all,0.004330438798752167
52,16,last,0.0041607528918772355
52,16,all,0.04768080574452578
52,17,last,0.014688423892487184
52,17,all,0.07247701844571068
52,18,last,0.010235063175953166
52,18,all,-0.013067981117007266
52,19,last,-0.00018394564430556664
52,19,all,0.04986309211187198
52,20,last,0.014551470790557557
52,20,all,0.04168344835707901
52,21,last,0.04736944661357519
52,21,all,0.10878939509587657
52,22,last,-0.0008288832601404695
52,22,all,0.028753344492232064
52,23,last,0.049973026240927816
52,23,all,0.04976063068145576
52,24,last,0.006874564761263327
52,24,all,0.01759253121260266
52,25,last,0.025147181109765108
52,25,all,0.042294669395142384
52,26,last,0.0011458171037729984
52,26,all,-0.002474506645132045
52,27,last,0.004728389812609064
52,27,all,0.004476782459477578
52,28,last,-0.06887231581683417
52,28,all,-0.04542831377094444
52,29,last,0.027780601846179885
52,29,all,0.03139981263996839
52,30,last,0.007517395712056212
52,30,all,0.0015743346349376545
52,31,last,-0.038954869958200286
52,31,all,-0.038954869958200286
53,0,last,-0.0003650488261059985
53,0,all,0.24257832466946125
53,1,last,-0.0037864929370413727
53,1,all,0.29311329776104683
53,2,last,-0.00021368001149260879
53,2,all,0.17152662276964567
53,3,last,-0.004710982876774325
53,3,all,0.24432938972864407
53,4,last,0.002101526694248824
53,4,all,0.1251074615638199
53,5,last,-0.003965715322828328
53,5,all,0.14759877354160916
53,6,last,0.0014261649998939467
53,6,all,0.15169588041409132
53,7,last,-0.0016827519421553194
53,7,all,0.19002269541611022
53,8,last,-0.0010240363499592607
53,8,all,0.006339853503423736
53,9,last,0.010705638565067923
53,9,all,0.04625046645991055
53,10,last,0.006744254725065052
53,10,all,-0.0005125523264491374
53,11,last,-0.011069521969785907
53,11,all,-0.007461610436768081
53,12,last,-0.0030212384062909135
53,12,all,0.09596242382320215
53,13,last,0.006827407541099945
53,13,all,0.08420730873045909
53,14,last,0.019573281347251986
53,14,all,0.11932566038020241
53,15,last,0.002602696738475012
53,15,all,0.14609860428357624
53,16,last,-0.03369176904051867
53,16,all,-0.003620536931387991
53,17,last,-0.0016121468297313913
53,17,all,0.023325035015085604
53,18,last,-0.0420162380492835
53,18,all,-0.04871197239722751
53,19,last,-0.0109854562403304
53,19,all,0.0591868283919337
53,20,last,-0.004197828415941379
53,20,all,0.030967091530098058
53,21,last,0.1065704097877993
53,21,all,0.16164209155534887
53,22,last,0.012257979853904328
53,22,all,0.03128070642561298
53,23,last,0.0482243989358615
53,23,all,0.06582678761461629
53,24,last,0.022147221312977722
53,24,all,0.03472707113056208
53,25,last,0.05991927631061153
53,25,all,0.057206796877385474
53,26,last,0.09554946646620383
53,26,all,0.10540377927509391
53,27,last,0.016840688683237768
53,27,all,0.005370242332284791
53,28,last,0.08991762102376676
53,28,all,0.1277387596855258
53,29,last,0.04519069052071882
53,29,all,0.053005967501369954
53,30,last,0.08469228912923676
53,30,all,0.08626677342444546
53,31,last,-0.0534051631741448
53,31,all,-0.0534051631741448
54,0,last,0.007876295430445882
54,0,all,-0.034389861777421045
54,1,last,0.00811888396516834
54,1,all,-0.04900597238519717
54,2,last,0.007505781713596318
54,2,all,-0.030527752588600122
54,3,last,-0.002222597850703531
54,3,all,-0.015373952507228606
54,4,last,0.007680960994557281
54,4,all,-0.01275929298986554
54,5,last,0.01042533210487479
54,5,all,0.06308983349359222
54,6,last,0.0030903090623955153
54,6,all,0.12380823184568575
54,7,last,-0.0029021000843831844
54,7,all,0.09213798879127123
54,8,last,0.002300816403877896
54,8,all,0.07753898029166982
54,9,last,0.0008948101555981998
54,9,all,0.038020110989200065
54,10,last,0.004661977159940248
54,10,all,0.018639299552553543
54,11,last,0.004471053241179026
54,11,all,0.07608439779868971
54,12,last,-0.008173879177587322
54,12,all,0.06463213178600954
54,13,last,0.001711815559400118
54,13,all,0.04730579372796609
54,14,last,0.04551715241027393
54,14,all,0.1090580495914105
54,15,last,0.03871226948941916
54,15,all,0.01884010424080608
54,16,last,-0.035919877233810855
54,16,all,-0.0671919979452844
54,17,last,0.017155281651788524
54,17,all,0.05332656340821833
54,18,last,-0.01964997409401519
54,18,all,-0.07917098264868247
54,19,last,0.04457041522808449
54,19,all,0.1142017117408733
54,20,last,0.034897202452384785
54,20,all,0.10814339715509735
54,21,last,0.13231495872200047
54,21,all,0.24500368141928464
54,22,last,-0.020760394953028092
54,22,all,-0.0015680145341577495
54,23,last,0.040193804581915675
54,23,all,0.05626068768217858
54,24,last,-0.0037209221771620556
54,24,all,0.029771353947612666
54,25,last,0.016587662227297826
54,25,all,0.03613855107669504
54,26,last,0.04409515929899705
54,26,all,0.04558601501521699
54,27,last,-0.014709993057018438
54,27,all,-0.0023463345554671075
54,28,last,0.007358094992486578
54,28,all,0.05376064105382817
54,29,last,0.037533091998986856
54,29,all,0.03805259944373791
54,30,last,0.018567792655877366
54,30,all,0.02039382748834513
54,31,last,-0.056098275687638983
54,31,all,-0.056098275687638983
55,0,last,0.0033859011295974705
55,0,all,0.055603409925311334
55,1,last,-0.016576238436092815
55,1,all,0.158141858044183
55,2,last,0.002769485322412201
55,2,all,0.5705450123075045
55,3,last,-0.07360869608334603
55,3,all,-0.17923880497574327
55,4,last,-0.0780201783572013
55,4,all,0.7129413099017481
55,5,last,-0.03982161765710313
55,5,all,0.4987468456039868
55,6,last,-0.023721169759756786
55,6,all,0.4818269496286937
55,7,last,-0.03308249945910672
55,7,all,-0.06277376218546304
55,8,last,-0.0846015470734985
55,8,all,0.03567870338697663
55,9,last,0.0174102686336512
55,9,all,0.3204557387275257
55,10,last,0.12739207869651495
55,10,all,0.12630886745118655
55,11,last,-0.026953874828146786
55,11,all,-0.2612949620592523
55,12,last,-0.20491132492943245
55,12,all,-0.2779120416042957
55,13,last,-0.1252431156402591
55,13,all,0.007722908440072168
55,14,last,-0.21695408853162385
55,14,all,-0.16581889705819705
55,15,last,-0.22226265051254615
55,15,all,-0.03473653643651268
55,16,last,0.24959490620302976
55,16,all,0.3885242908920556
55,17,last,0.08873194642104641
55,17,all,0.20793247752307334
55,18,last,-0.01223004047934947
55,18,all,0.008147130793372063
55,19,last,-0.022226279018802135
55,19,all,0.1465275070595477
55,20,last,0.018042300158964658
55,20,all,0.019914398488264397
55,21,last,0.14566157498345195
55,21,all,0.25273067649162584
55,22,last,0.017455719033283686
55,22,all,0.03721317815760506
55,23,last,0.02393928698184065
55,23,all,0.09457711364262046
55,24,last,0.04468690554990724
55,24,all,0.05352696637578318
55,25,last,-0.043715714035695186
55,25,all,-0.03196154790037731
55,26,last,0.07020765413223608
55,26,all,0.0034324689330316157
55,27,last,0.15469215315751078
55,27,all,0.14239107373147084
55,28,last,0.1024877738564664
55,28,all,0.1857010025765935
55,29,last,0.12781526745129831
55,29,all,0.1595442556854553
55,30,last,0.2152209952352505
55,30,all,0.23831443547433023
55,31,last,0.1750711960816001
55,31,all,0.1750711960816001
56,0,last,0.00038481415155149957
56,0,all,-0.9048460492331728
56,1,last,-0.00021199976252482192
56,1,all,0.09656679023843118
56,2,last,0.00016315342225656356
56,2,all,0.020869755793404866
56,3,last,0.0003166335707789747
56,3,all,0.17568683443323133
56,4,last,0.000315895152936673
56,4,all,-0.041000379940593794
56,5,last,0.02527838106515494
56,5,all,0.06667108240536362
56,6,last,-0.00042822081371480196
56,6,all,0.06088225573063935
56,7,last,0.00017719566822433448
56,7,all,-0.2137790787715602
56,8,last,0.0003927275294281663
56,8,all,-0.050802827569292885
56,9,last,-0.0006227693012332267
56,9,all,0.007225517042634573
56,10,last,-0.00019601301623898982
56,10,all,-0.17173772658474562
56,11,last,0.001625897633036066
56,11,all,0.02045080212361095
56,12,last,0.02808953779079756
56,12,all,0.12187468340335011
56,13,last,0.021988803419485035
56,13,all,-0.34120270150659887
56,14,last,0.04841121524771802
56,14,all,-0.19400683341716837
56,15,last,0.023920061444240935
56,15,all,0.02726125449708773
56,16,last,-0.026435555665825953
56,16,all,-0.13927618904717615
56,17,last,0.10063712168269476
56,17,all,0.17000672747882192
56,18,last,-0.05526971400880056
56,18,all,-0.15515916301223676
56,19,last,-0.052236736563330506
56,19,all,-0.06345283592326008
56,20,last,-0.12766218092595824
56,20,all,-0.04641674865566109
56,21,last,0.18232496469624296
56,21,all,0.460175008966854
56,22,last,0.10084129421609118
56,22,all,0.11950126077462395
56,23,last,0.12691389289849778
56,23,all,0.14867098079906854
56,24,last,-0.16588945727371604
56,24,all,-0.21261675985992115
56,25,last,0.02550549377951887
56,25,all,0.07683924377742668
56,26,last,0.02746153802984803
56,26,all,-0.02355385542231544
56,27,last,-0.021409354631666842
56,27,all,-0.0216015401820899
56,28,last,-0.3015756064551897
56,28,all,-0.2749984222472103
56,29,last,-0.12487654884373119
56,29,all,-0.15019199848456968
56,30,last,-0.46309390085568847
56,30,all,-0.47564501044664337
56,31,last,-0.1205817383754079
56,31,all,-0.1205817383754079
57,0,last,0.019997564678091034
57,0,all,-0.2810212116538271
57,1,last,0.04118933004294284
57,1,all,0.3806726359112569
57,2,last,0.04250886863061849
57,2,all,0.5852357797494866
57,3,last,0.020262040637404923
57,3,all,0.5580553142782924
57,4,last,0.020313425929684138
57,4,all,0.23480269833667514
57,5,last,0.0013914617613871594
57,5,all,0.30514404929091543
57,6,last,0.041159700293050404
57,6,all,-0.2300783361880718
57,7,last,0.01913927605997386
57,7,all,0.15836687312784628
57,8,last,0.060447287457280396
57,8,all,0.01681078360541291
57,9,last,0.03916525282700285
57,9,all,0.28511401365403816
57,10,last,0.04034354274395837
57,10,all,0.2753547046360411
57,11,last,0.02582358528091438
57,11,all,0.4546140420661271
57,12,last,0.04045402518122854
57,12,all,0.1466631219203325
57,13,last,0.038147288269054364
57,13,all,0.2736949515776827
57,14,last,0.09021641894031027
57,14,all,0.327386168995105
57,15,last,0.06563070778572415
57,15,all,0.21541225941048975
57,16,last,-0.10835867421075276
57,16,all,0.26354509810288423
57,17,last,-0.10438439121011146
57,17,all,0.017173078328070333
57,18,last,-0.07141622086746166
57,18,all,-0.035349671637429275
57,19,last,0.09613408882430775
57,19,all,0.4367282261926989
57,20,last,-0.3176404977797982
57,20,all,-0.09300932728291135
57,21,last,0.22982855333760868
57,21,all,0.6319325902895597
57,22,last,0.11544229504736701
57,22,all,0.07228830964306299
57,23,last,-0.16967813162103143
57,23,all,-0.13529714986159252
57,24,last,-0.032654500880774755
57,24,all,-0.2885489540292401
57,25,last,0.143003076623345
57,25,all,0.0027339735524040685
57,26,last,-0.13884476446378272
57,26,all,-0.23653210160163005
57,27,last,0.12900159919472023
57,27,all,0.12539529333452393
57,28,last,-0.5268771055387338
57,28,all,-0.634385527693669
57,29,last,-0.2319254466786268
57,29,all,-0.21495133415051912
57,30,last,-0.29373164376111116
57,30,all,-0.33827887682953556
57,31,last,0.1801146224845154
57,31,all,0.1801146224845154
58,0,last,0.0024852619706430025
58,0,all,0.8694737979469241
58,1,last,0.004983056718910301
58,1,all,0.04811321162221657
58,2,last,-0.0007365136209695029
58,2,all,0.60078954065484
58,3,last,0.002358626161783923
58,3,all,0.2942519145490886
58,4,last,0.00895491296746424
58,4,all,0.61662598279639
58,5,last,0.006579343220396986
58,5,all,0.7526246891217133
58,6,last,-0.001277643672325297
58,6,all,0.1579760878253252
58,7,last,0.004280947397681278
58,7,all,0.06131509355870594
58,8,last,-0.004606647519097124
58,8,all,0.052432700353028876
58,9,last,0.009278240378553156
58,9,all,0.013096509262483149
58,10,last,0.032065476584117236
58,10,all,0.04185546190920806
58,11,last,-0.004839659840946884
58,11,all,-0.013906394387408476
58,12,last,0.005544780679129318
58,12,all,-0.03456473146181649
58,13,last,0.04114821171560402
58,13,all,0.13116230135623513
58,14,last,0.01371688175488576
58,14,all,-0.02442522765395103
58,15,last,0.014320888629905191
58,15,all,0.04752474904177485
58,16,last,0.06495997207259106
58,16,all,0.11086677602630521
58,17,last,0.04024703808181823
58,17,all,0.08021914595934428
58,18,last,0.049230697347474116
58,18,all,0.11589129433721045
58,19,last,0.004177734498459837
58,19,all,-0.012748329231687802
58,20,last,-0.00886779191135749
58,20,all,-0.04107818634159643
58,21,last,0.05057468565086395
58,21,all,0.10199004082217698
58,22,last,0.04871116504396602
58,22,all,0.02064592597423638
58,23,last,0.07699980391678503
58,23,all,0.08143196596876333
58,24,last,0.030459607983233335
58,24,all,0.001018714053058305
58,25,last,0.017500533403533112
58,25,all,-0.05442650709236578
58,26,last,-0.07268901512383814
58,26,all,-0.15277297743327375
58,27,last,-0.035573620060572256
58,27,all,-0.09387938686001539
58,28,last,0.13727528531993777
58,28,all,0.17127354740088138
58,29,last,0.04363681981619526
58,29,all,0.033505590075110885
58,30,last,0.10116923514587514
58,30,all,0.11159805751681019
58,31,last,0.262549812467668
58,31,all,0.262549812467668
59,0,last,0.0011146320585420251
59,0,all,-0.11271077525356174
59,1,last,0.00042855045984340644
59,1,all,0.29550657959819826
59,2,last,0.0003977088724752257
59,2,all,0.21264817693046467
59,3,last,-0.030931470785271406
59,3,all,-0.10104417184969772
59,4,last,0.0004752556546185961
59,4,all,0.1984139997252069
59,5,last,0.0004632142288199361
59,5,all,0.20299048732023103
59,6,last,-0.030601986300772845
59,6,all,0.13919986108389706
59,7,last,0.002220236932065958
59,7,all,0.09034560585610428
59,8,last,-0.030683106667346787
59,8,all,0.033439909533001036
59,9,last,0.00040196609914468743
59,9,all,0.05298471287391094
59,10,last,-0.03327908269630177
59,10,all,0.3298490056478016
59,11,last,0.003499129575825317
59,11,all,0.4306759812507387
59,12,last,0.003209280803858862
59,12,all,0.16889734209064539
59,13,last,-0.010307724618154346
59,13,all,0.17589149938886267
59,14,last,0.02793901333240648
59,14,all,0.16161319618454917
59,15,last,-0.03978597398874902
59,15,all,-0.08890221956727341
59,16,last,0.2041040473034439
59,16,all,0.09522665606855465
59,17,last,0.12027403364100911
59,17,all,0.3183837970325856
59,18,last,-0.1031128888019075
59,18,all,-0.33203433021371326
59,19,last,-0.07717343579431747
59,19,all,-0.05021201532620246
59,20,last,-0.1357428065804108
59,20,all,-0.12720456559903864
59,21,last,0.2728615519278563
59,21,all,0.534670147047872
59,22,last,-0.09753805047824736
59,22,all,-0.0004573411204949122
59,23,last,0.12366350078678676
59,23,all,0.22012593342607975
59,24,last,-0.16735899167990304
59,24,all,-0.13224989193402995
59,25,last,0.03472608918153403
59,25,all,0.004518393542041955
59,26,last,0.02837146366047629
59,26,all,-0.0034787912192182895
59,27,last,0.16901713485568756
59,27,all,0.20267093118552001
59,28,last,-0.19325526646517763
59,28,all,-0.15676945108608922
59,29,last,0.01887933977064331
59,29,all,0.019382065413406462
59,30,last,-0.4620117487336965
59,30,all,-0.4925049893065147
59,31,last,-0.18501375729013167
59,31,all,-0.18501375729013167
60,0,last,-0.0006078266780009335
60,0,all,1.2998431186034007
60,1,last,-0.0003618121575983659
60,1,all,2.0
60,2,last,-0.23238123421647147
60,2,all,2.0
60,3,last,-0.0007380435612077028
60,3,all,2.0
60,4,last,-0.0016728543718266568
60,4,all,2.0
60,5,last,-0.23334421801545033
60,5,all,1.6151858174958251
60,6,last,4.7028925451167113e-05
60,6,all,-0.37777315375974074
60,7,last,0.001069464384906022
60,7,all,-0.6886299143008751
60,8,last,0.0011845965184397755
60,8,all,0.7465276237260041
60,9,last,0.23192802622261896
60,9,all,0.3423583763840258
60,10,last,0.22957547077729054
60,10,all,0.3506077379441793
60,11,last,-0.009091445527194254
60,11,all,0.11804726140806378
60,12,last,-0.007202746134311062
60,12,all,0.902218877943079
60,13,last,0.5822631294999139
60,13,all,0.003682453596647991
60,14,last,0.4665728602282589
60,14,all,0.46235068316169253
60,15,last,0.46518351041646333
60,15,all,1.3829401241918566
60,16,last,1.8500059007991367
60,16,all,2.0
60,17,last,0.4633999606021832
60,17,all,-0.340430634109636
60,18,last,-0.4624882205851818
60,18,all,-1.0
60,19,last,0.009666218856646962
60,19,all,-0.6727816100929398
60,20,last,0.23549135466376092
60,20,all,-0.22088488028920128
60,21,last,0.5843962905713216
60,21,all,0.11998609541015434
60,22,last,0.00797162469852684
60,22,all,-0.2027472434838318
60,23,last,-0.35218520345777954
60,23,all,-1.0
60,24,last,0.6934554813543621
60,24,all,0.6027431173611272
60,25,last,-0.23264921035772154
60,25,all,-0.9261889888426093
60,26,last,-0.4561162448556567
60,26,all,-0.6871233249272827
60,27,last,-0.46066740256582717
60,27,all,-0.6928737202364579
60,28,last,1.8484173435578357
60,28,all,1.3843516574590538
60,29,last,0.46238196183380864
60,29,all,0.23285618199661748
60,30,last,0.23505190041225735
60,30,all,0.4676165918048992
60,31,last,0.4835206874031692
60,31,all,0.4835206874031692
61,0,last,0.006347711305729786
61,0,all,-0.04058523689101375
61,1,last,-0.005419655147090668
61,1,all,0.39801011925049007
61,2,last,0.0041960807205117245
61,2,all,0.22981563531531804
61,3,last,0.006346920445066254
61,3,all,0.9982721577503404
61,4,last,0.004851063990042688
61,4,all,0.15152022249546668
61,5,last,0.015265041887370143
61,5,all,0.8361854907196267
61,6,last,-0.0013952288505970057
61,6,all,0.14667795212280182
61,7,last,-0.009321761660958033
61,7,all,-0.03815134436897793
61,8,last,0.004372367328416189
61,8,all,0.22715389960212176
61,9,last,0.0011575187311582155
61,9,all,0.005800774666849946
61,10,last,0.004786891296201797
61,10,all,0.2867310151073217
61,11,last,0.04686188371712044
61,11,all,0.11860556201006653
61,12,last,0.05799369947671386
61,12,all,0.3374807698463659
61,13,last,-0.01815838679488652
61,13,all,0.21744077489281013
61,14,last,0.022791813462331494
61,14,all,0.2256874179717437
61,15,last,0.025681881947098955
61,15,all,0.09711117429627524
61,16,last,0.02783076335001045
61,16,all,0.12121304844774765
61,17,last,0.00018122007204364045
61,17,all,0.347326194246677
61,18,last,0.17415877845921512
61,18,all,0.1748343617660295
61,19,last,0.022058911587426823
61,19,all,0.41870777133582016
61,20,last,-0.02078675572008805
61,20,all,0.09656103655470967
61,21,last,0.08618566018976889
61,21,all,0.48742554141002925
61,22,last,0.10134966021236491
61,22,all,0.25791819111336234
61,23,last,0.057116898621077945
61,23,all,0.17955583758734772
61,24,last,0.15990995486445214
61,24,all,0.0847681366004666
61,25,last,0.09583257856353342
61,25,all,0.0943617283694901
61,26,last,0.10082535725247474
61,26,all,0.06341768552743816
61,27,last,0.09517834849463438
61,27,all,-0.003960215942621176
61,28,last,-0.03898287786663453
61,28,all,0.025367721963518726
61,29,last,-0.03923422091751135
61,29,all,0.033622574929340364
61,30,last,0.20819414499488764
61,30,all,0.21021820222307167
61,31,last,0.2578630003370573
61,31,all,0.2578630003370573
62,0,last,0.003153314591114434
62,0,all,-0.13889156932678443
62,1,last,0.00014390392687857123
62,1,all,-0.3722334901913327
62,2,last,0.00016283360315519555
62,2,all,0.6947821702890645
62,3,last,0.00013745008287551427
62,3,all,0.0438519266499756
62,4,last,0.02820171482233959
62,4,all,-0.12414355210840845
62,5,last,0.00011348208971918005
62,5,all,0.8263962027789149
62,6,last,0.02515314923835284
62,6,all,-0.3769903331013628
62,7,last,5.4413822300866886e-05
62,7,all,0.2239706034843176
62,8,last,-0.04069736447563381
62,8,all,-0.3739222860254412
62,9,last,-0.040912260686546006
62,9,all,0.02014683766682167
62,10,last,-0.03440107583900092
62,10,all,-0.0916205928582674
62,11,last,0.05352494324336035
62,11,all,-0.2347689641407633
62,12,last,0.08453604754981132
62,12,all,0.022705318970323497
62,13,last,-0.04718043071659309
62,13,all,-0.45016219301715193
62,14,last,-0.016791822456622852
62,14,all,-0.3914089883477166
62,15,last,-0.004138353525068002
62,15,all,0.013307034598793788
62,16,last,-0.1919296432156688
62,16,all,-0.42027355373554487
62,17,last,-0.1830507133464966
62,17,all,-0.24047720922157861
62,18,last,-0.30771625907562816
62,18,all,-0.5259947640851307
62,19,last,-0.015439178326331592
62,19,all,-0.03227694543450037
62,20,last,-0.20834800643157944
62,20,all,-0.16435709421167927
62,21,last,0.12702762864226524
62,21,all,0.4306341086471289
62,22,last,0.0913635907134319
62,22,all,0.22282649768887605
62,23,last,0.06647744827771855
62,23,all,0.17566902730206335
62,24,last,-0.11504689497407738
62,24,all,-0.1108128134282949
62,25,last,-0.11341620772798156
62,25,all,-0.14147087567338903
62,26,last,0.1072919176328279
62,26,all,0.10946348019195315
62,27,last,-0.0665531070028622
62,27,all,-0.05974222627292236
62,28,last,-0.3458774308019566
62,28,all,-0.3345281181987221
62,29,last,-0.0792132337102938
62,29,all,-0.09580503498679217
62,30,last,-0.19085549804889979
62,30,all,-0.20238966889764937
62,31,last,-0.18697652187519628
62,31,all,-0.18697652187519628
63,0,last,0.12503951209534966
63,0,all,-1.0
63,1,last,-0.12149853107974935
63,1,all,-1.0
63,2,last,-0.01691698741191127
63,2,all,-1.0
63,3,last,-0.020168600435097897
63,3,all,-1.0
63,4,last,-0.09851992339301983
63,4,all,-1.0
63,5,last,-0.01299018240642606
63,5,all,-1.0
63,6,last,-0.012390528253472416
63,6,all,-1.0
63,7,last,-0.2787206448373961
63,7,all,-1.0
63,8,last,0.033507418976962126
63,8,all,1.4480032446403004
63,9,last,0.16618438667931054
63,9,all,-1.0
63,10,last,0.20922584184005505
63,10,all,-1.0
63,11,last,0.12052932262323125
63,11,all,-1.0
63,12,last,0.23192089213662817
63,12,all,0.801067058998531
63,13,last,0.18531986203306
63,13,all,1.2659164017032036
63,14,last,-0.009937291980439189
63,14,all,1.318590092225879
63,15,last,-0.9912294769528273
63,15,all,0.08276505643256912
63,16,last,-0.5441384968669233
63,16,all,-0.8491474684368086
63,17,last,-0.9872707136349268
63,17,all,-1.0
63,18,last,2.0
63,18,all,2.0
63,19,last,-0.5529101820345476
63,19,all,-0.11633174355255574
63,20,last,-0.36989596697718524
63,20,all,-0.5779527156430709
63,21,last,-1.0
63,21,all,-1.0
63,22,last,-1.0
63,22,all,-1.0
63,23,last,1.4488655380152842
63,23,all,0.7524404529480672
63,24,last,2.0
63,24,all,2.0
63,25,last,-1.0
63,25,all,-1.0
63,26,last,-1.0
63,26,all,-1.0
63,27,last,-0.8576204886484075
63,27,all,0.07514270839143936
63,28,last,-1.0
63,28,all,-1.0
63,29,last,0.11434800394191257
63,29,all,0.5594389747308529
63,30,last,-1.0
63,30,all,-1.0
63,31,last,-0.12773911790409254
63,31,all,-0.12773911790409254
64,0,last,-0.014485646597598047
64,0,all,0.898819827291853
64,1,last,-0.025127617035004178
64,1,all,-0.5379335682788704
64,2,last,-0.025109651785784587
64,2,all,0.8868880184984401
64,3,last,0.013815609339667304
64,3,all,0.44062279974214325
64,4,last,0.0005932968106470495
64,4,all,0.6800332556724442
64,5,last,-0.0001498213067633951
64,5,all,0.736362629220877
64,6,last,-0.011963747014247662
64,6,all,0.6790273680610472
64,7,last,0.016973168234910938
64,7,all,0.0286030610344945
64,8,last,-0.014816007569358337
64,8,all,0.5211469281253628
64,9,last,-0.06549342499602713
64,9,all,-0.45971132062436115
64,10,last,0.026852946339685824
64,10,all,0.12071172550784821
64,11,last,0.02801325746675126
64,11,all,0.3723534110518886
64,12,last,-0.11979915738545296
64,12,all,0.13294794546859304
64,13,last,-0.143609932742321
64,13,all,0.1416950256997326
64,14,last,-0.11616429952328879
64,14,all,0.2227882754347729
64,15,last,-0.15845405259981
64,15,all,0.15485584606398578
64,16,last,0.033442644112072546
64,16,all,0.08502298165692607
64,17,last,-0.31570315819100586
64,17,all,-0.05539762031421665
64,18,last,0.0038368005709844147
64,18,all,0.08552390159967237
64,19,last,0.2488114934123538
64,19,all,0.5583083233775911
64,20,last,0.19851345325469877
64,20,all,0.3913006496655525
64,21,last,0.27629971092583244
64,21,all,0.41802196174089473
64,22,last,0.07936797587865871
64,22,all,0.1688597023823584
64,23,last,0.1772341145887915
64,23,all,0.18800877280824238
64,24,last,0.21025668237960593
64,24,all,0.25257654388306
64,25,last,0.21428982538110447
64,25,all,0.23473633058010343
64,26,last,0.0963761319909078
64,26,all,0.08037680224995894
64,27,last,0.1473489779602988
64,27,all,0.19084417708013465
64,28,last,0.07679134882314864
64,28,all,0.1396555263269083
64,29,last,0.30947392981731225
64,29,all,0.40140022483176707
64,30,last,0.04190377745980026
64,30,all,0.08413281464775525
64,31,last,0.4192305128890128
64,31,all,0.4192305128890128
65,0,last,0.01480858459029449
65,0,all,-0.0027164769777060613
65,1,last,-0.009260801228694686
65,1,all,-0.2667877886441533
65,2,last,0.007340063979818882
65,2,all,-1.0
65,3,last,0.01750406963030743
65,3,all,0.29845024389725794
65,4,last,-0.0023359667944619763
65,4,all,0.0931763978075399
65,5,last,0.01781328738553883
65,5,all,0.7632596401090098
65,6,last,0.018058577425981628
65,6,all,-0.16572869278244076
65,7,last,0.013612895843315776
65,7,all,-0.40723968343957556
65,8,last,0.014217603929129616
65,8,all,-0.75222654819799
65,9,last,0.01034326377236443
65,9,all,0.24669755237012503
65,10,last,0.03819139877647564
65,10,all,-0.3221380674311139
65,11,last,0.015430527107054474
65,11,all,-0.20243261988801228
65,12,last,-0.05507583049416123
65,12,all,-0.09600099077937904
65,13,last,0.0146555789155575
65,13,all,0.031690110502762416
65,14,last,-0.035190303187708404
65,14,all,-0.014348866164824085
65,15,last,0.13279599984849733
65,15,all,0.19059456983160958
65,16,last,0.05491270460125238
65,16,all,0.12326445773366031
65,17,last,0.03416605694857186
65,17,all,0.5367495181874349
65,18,last,0.14978644335653768
65,18,all,0.35518579017160484
65,19,last,0.0014150269408223749
65,19,all,0.1332972011484544
65,20,last,0.0393867869229146
65,20,all,0.2475629312239993
65,21,last,0.2676434480805754
65,21,all,0.34120105146060803
65,22,last,0.2053705392633403
65,22,all,0.21531635902205426
65,23,last,0.04309329177831472
65,23,all,-0.008478538424063594
65,24,last,0.2608516794852757
65,24,all,0.37783764404527365
65,25,last,-0.15597500686872234
65,25,all,-0.18325615915475937
65,26,last,-0.05492031981492626
65,26,all,-0.09193035847015167
65,27,last,0.36205140629950516
65,27,all,0.42266570153853367
65,28,last,0.030051837561079525
65,28,all,0.11935875492058033
65,29,last,0.068095441072174
65,29,all,0.11596988463552485
65,30,last,0.10697010487552032
65,30,all,0.15328823924436238
65,31,last,0.17514510489055035
65,31,all,0.17514510489055035
66,0,last,4.450882124589755e-06
66,0,all,-0.5661839779702169
66,1,last,-0.04945675799924136
66,1,all,-0.7709175479294899
66,2,last,-0.0007227711722425566
66,2,all,0.019961922229926037
66,3,last,4.99540493770446e-06
66,3,all,0.39172128348856733
66,4,last,2.1070665377047244e-06
66,4,all,0.2956137172209696
66,5,last,-0.00084607007705566
66,5,all,0.1414173568966821
66,6,last,-0.0013953752209638064
66,6,all,0.293315120702478
66,7,last,0.00043535782653766496
66,7,all,0.19515475077924765
66,8,last,0.04844581588433654
66,8,all,0.044611002135523777
66,9,last,-0.000931110335521226
66,9,all,0.04743035186259237
66,10,last,0.000864631202511396
66,10,all,-0.1462522223041374
66,11,last,-0.04863632784421193
66,11,all,0.17686304574147885
66,12,last,0.001765627058976887
66,12,all,-0.12102168673375283
66,13,last,-0.04505644547155652
66,13,all,-0.03066733543538079
66,14,last,0.24486968361662015
66,14,all,0.5035630021654488
66,15,last,0.0974226598859845
66,15,all,0.20027785815407997
66,16,last,0.38899133020246923
66,16,all,0.28063858226335786
66,17,last,-0.001751564165455577
66,17,all,0.0989387060973155
66,18,last,-0.0006019818073507644
66,18,all,-0.19438581354241494
66,19,last,0.04327280180993701
66,19,all,0.09342013311073241
66,20,last,-0.05149471748949035
66,20,all,-0.0479839658391956
66,21,last,0.741180825656627
66,21,all,0.9409964549670874
66,22,last,0.3402919087366507
66,22,all,0.3890337556320823
66,23,last,0.09959838364795151
66,23,all,0.10058581658227274
66,24,last,-0.24030710329062713
66,24,all,-0.2388007637903125
66,25,last,0.1437361717839737
66,25,all,0.09470620129568967
66,26,last,-0.19726271696333927
66,26,all,-0.24635343725764297
66,27,last,0.054500246668834344
66,27,all,0.05333009081835576
66,28,last,-0.43505331991060925
66,28,all,-0.3840934185232172
66,29,last,-0.19577387321775908
66,29,all,-0.14710996410931765
66,30,last,-0.1984870409962703
66,30,all,-0.19920531393657842
66,31,last,0.4442826501442346
66,31,all,0.4442826501442346
67,0,last,-0.05529655404164948
67,0,all,-0.9490624236981646
67,1,last,-0.05529546850697096
67,1,all,-0.2785567504026937
67,2,last,-0.055296236324182596
67,2,all,0.4442675111173313
67,3,last,-0.05540968793631544
67,3,all,0.278264212045061
67,4,last,-0.05529560088924883
67,4,all,-0.11034968355075533
67,5,last,-0.05504711935369066
67,5,all,0.33224684550241534
67,6,last,-0.05529395934900327
67,6,all,0.44322883976517924
67,7,last,-0.055278179381481406
67,7,all,0.22293466833976686
67,8,last,-0.05528368648424071
67,8,all,-0.00044154784960081183
67,9,last,-0.05528477201891923
67,9,all,0.05577305081260743
67,10,last,-0.05559968298151154
67,10,all,0.3327410020692409
67,11,last,-0.055306932812234325
67,11,all,0.44465438508617267
67,12,last,-0.11056051556648785
67,12,all,0.006174733063051084
67,13,last,-0.05535541120238958
67,13,all,0.058314022730460734
67,14,last,0.05508813138337415
67,14,all,0.22264332142263502
67,15,last,-0.00033826319640822524
67,15,all,-0.22221834783422328
67,16,last,0.16603856571109432
67,16,all,0.3330151392902499
67,17,last,0.10986251676820123
67,17,all,0.3320890458271967
67,18,last,-0.16512081233154685
67,18,all,-0.16321726108162782
67,19,last,-0.057040611123193204
67,19,all,0.16504633406201835
67,20,last,-0.166780647807911
67,20,all,-0.16600141924392456
67,21,last,0.8878269888597136
67,21,all,1.3891827157673595
67,22,last,0.16510278186530125
67,22,all,0.220649114788832
67,23,last,-2.515263279491343e-05
67,23,all,0.05531831768813097
67,24,last,-0.16534980719580286
67,24,all,0.0008751262860739722
67,25,last,0.22148757118393655
67,25,all,0.2771921274059751
67,26,last,-0.11133198652899122
67,26,all,-0.11147202050251995
67,27,last,0.05668937446355391
67,27,all,0.11225911257381173
67,28,last,-0.6074058988378054
67,28,all,-0.4412598387170823
67,29,last,-0.2212278371547596
67,29,all,-0.22148958339456012
67,30,last,-0.3887165183376196
67,30,all,-0.38872488489758084
67,31,last,0.1659252994341505
67,31,all,0.1659252994341505
68,0,last,-0.032544581057553375
68,0,all,2.0
68,1,last,-0.010205704669453886
68,1,all,1.395348544032805
68,2,last,-0.00818114005947628
68,2,all,2.0
68,3,last,-0.0464493809225824
68,3,all,2.0
68,4,last,-0.031054589482510234
68,4,all,2.0
68,5,last,0.0027847151272903424
68,5,all,1.8312401477492275
68,6,last,-0.03840154884020719
68,6,all,0.6567890909549331
68,7,last,-0.05341465566978675
68,7,all,0.303965255166757
68,8,last,-0.03567235635126679
68,8,all,0.36798634411321895
68,9,last,0.04448328942932116
68,9,all,0.6711839384540942
68,10,last,0.002606077073468789
68,10,all,0.5480561846184052
68,11,last,-0.03688848988884475
68,11,all,0.05312899571885589
68,12,last,-0.02771464797172047
68,12,all,0.24932776032674134
68,13,last,0.022824095966722895
68,13,all,0.0003575443329491453
68,14,last,0.008476456121424523
68,14,all,0.3256402739224115
68,15,last,0.013535185393308153
68,15,all,0.3693344445013678
68,16,last,-0.0978936534942113
68,16,all,0.0029888345851855408
68,17,last,0.13674796665101124
68,17,all,1.0404254428869197
68,18,last,-0.1096716949076621
68,18,all,0.4142265092970914
68,19,last,0.08011420497080501
68,19,all,0.3198576045495303
68,20,last,0.13627589011238372
68,20,all,0.45510216836019657
68,21,last,-0.6266150851521468
68,21,all,-0.4197194953394512
68,22,last,-0.4546778359260438
68,22,all,-0.3766076418999042
68,23,last,-0.9079576815570157
68,23,all,-1.0
68,24,last,0.40373782692976706
68,24,all,0.9198110942814633
68,25,last,0.44449090702801264
68,25,all,0.39696486972699224
68,26,last,0.2568386053464277
68,26,all,0.3954783650809276
68,27,last,0.14482852222072315
68,27,all,0.14219495205338542
68,28,last,-1.0
68,28,all,-1.0
68,29,last,-0.701026686003923
68,29,all,-0.6844519714425881
68,30,last,0.33238627448192953
68,30,all,0.5395335937443422
68,31,last,0.844560752897705
68,31,all,0.844560752897705
69,0,last,0.000467136487639211
69,0,all,0.5207972944244332
69,1,last,6.265804453452115e-05
69,1,all,0.2621820841570368
69,2,last,0.0001335019623223515
69,2,all,-0.41242102738969116
69,3,last,0.0002872278467999375
69,3,all,-0.48226988005528837
69,4,last,-0.015467929795061848
69,4,all,-0.6095321604903049
69,5,last,-6.560736651549285e-05
69,5,all,-0.16641525201534996
69,6,last,0.0004755631218705587
69,6,all,0.07220614340157222
69,7,last,-0.0002531601684074889
69,7,all,-0.19968559023877952
69,8,last,0.000809378217920947
69,8,all,-0.12561595686718927
69,9,last,0.0004749010291809528
69,9,all,-0.11285767149946178
69,10,last,0.00012357057197826313
69,10,all,-0.043789486305154425
69,11,last,-0.047384408848736376
69,11,all,0.017087528894326878
69,12,last,-0.00044498647765966846
69,12,all,0.013878546198540651
69,13,last,0.03011974006481767
69,13,all,-0.007583730047234896
69,14,last,0.05098155843136518
69,14,all,0.1889230929985022
69,15,last,-0.016313843491400137
69,15,all,0.15499505597331598
69,16,last,0.14149564812494148
69,16,all,0.3475576122963373
69,17,last,0.06835324547002201
69,17,all,0.00986794982637522
69,18,last,-0.12496247138254825
69,18,all,-0.1620863696302176
69,19,last,0.05059808638359435
69,19,all,0.17140038863637075
69,20,last,-0.27792544451097473
69,20,all,-0.14479196686551116
69,21,last,0.21782373985102194
69,21,all,0.6079043755177865
69,22,last,0.03396932753291985
69,22,all,0.167913086249972
69,23,last,-0.22894798046080206
69,23,all,-0.26076797455252765
69,24,last,0.13069324475255428
69,24,all,0.270417915313289
69,25,last,-0.13266622077733534
69,25,all,-0.193385958867913
69,26,last,0.15871078033762875
69,26,all,0.1606142968202457
69,27,last,-0.08464505933193163
69,27,all,0.00492277952770882
69,28,last,-0.14221588459074366
69,28,all,-0.05095296806522311
69,29,last,0.007632183194065146
69,29,all,0.01023465889105012
69,30,last,0.004461541684031552
69,30,all,0.02022151454545411
69,31,last,0.012520895043381516
69,31,all,0.012520895043381516
70,0,last,-0.04138922810750936
70,0,all,-1.0
70,1,last,-0.0442257749049183
70,1,all,-1.0
70,2,last,-0.039977191619089435
70,2,all,-1.0
70,3,last,-0.08712932482951406
70,3,all,-1.0
70,4,last,-0.08944727253676346
70,4,all,0.22372888649945927
70,5,last,-0.09118705866063599
70,5,all,1.937231423050872
70,6,last,-0.04178714298366304
70,6,all,1.2371694281626437
70,7,last,-0.044680133819147066
70,7,all,0.7294166368334458
70,8,last,-0.13338708510513558
70,8,all,0.4798288966032539
70,9,last,-0.03368305768268846
70,9,all,0.21309900845600296
70,10,last,0.04888615019228394
70,10,all,0.9557946509762636
70,11,last,0.007635069647577148
70,11,all,-0.07464084752126475
70,12,last,-0.2580130264108203
70,12,all,-0.3891482750577226
70,13,last,-0.09025682349169681
70,13,all,-0.14027622028268172
70,14,last,-0.17151534467037305
70,14,all,0.1582425758938428
70,15,last,-0.046367685819386564
70,15,all,-0.03060638983932472
70,16,last,-0.09597887683224832
70,16,all,0.3514477116152475
70,17,last,0.25083979996981337
70,17,all,0.3624293513987519
70,18,last,-0.27200724978451474
70,18,all,-0.12398338362361992
70,19,last,0.37143825645925616
70,19,all,1.033995682810701
70,20,last,-0.18582998930993577
70,20,all,0.8886413701743466
70,21,last,0.2345485225383227
70,21,all,1.117496996927698
70,22,last,0.01464941079908542
70,22,all,0.422072924449811
70,23,last,-0.08393306423144425
70,23,all,0.3535575024417504
70,24,last,0.36078779661186083
70,24,all,0.4543110459423285
70,25,last,-0.1747271975441542
70,25,all,-0.11611941936860015
70,26,last,0.02264201132872384
70,26,all,-0.34393706832784693
70,27,last,-0.34864889812506
70,27,all,-0.06567513306448092
70,28,last,-0.4325426698217117
70,28,all,-0.15138977071870413
70,29,last,-0.1770116218586242
70,29,all,-0.08893116821071775
70,30,last,-0.390287602643951
70,30,all,-0.5869166461888112
70,31,last,0.404612226339969
70,31,all,0.404612226339969
71,0,last,-0.9542865311081729
71,0,all,2.0
71,1,last,-0.9005396133366687
71,1,all,2.0
71,2,last,-1.0
71,2,all,2.0
71,3,last,-1.0
71,3,all,2.0
71,4,last,-0.12766322410034664
71,4,all,2.0
71,5,last,-1.0
71,5,all,2.0
71,6,last,-1.0
71,6,all,2.0
71,7,last,-1.0
71,7,all,2.0
71,8,last,-1.0
71,8,all,-1.0
71,9,last,-0.9566594003502126
71,9,all,2.0
71,10,last,0.1076153378837151
71,10,all,2.0
71,11,last,-0.9053353821963335
71,11,all,1.0150448486581138
71,12,last,-0.32313904870814425
71,12,all,2.0
71,13,last,0.9902869599399635
71,13,all,-1.0
71,14,last,2.0
71,14,all,2.0
71,15,last,0.48631669227745417
71,15,all,-0.540899832040882
71,16,last,-1.0
71,16,all,2.0
71,17,last,2.0
71,17,all,2.0
71,18,last,-1.0
71,18,all,-1.0
71,19,last,-1.0
71,19,all,-1.0
71,20,last,2.0
71,20,all,2.0
71,21,last,2.0
71,21,all,2.0
71,22,last,-1.0
71,22,all,-1.0
71,23,last,2.0
71,23,all,-1.0
71,24,last,-1.0
71,24,all,-1.0
71,25,last,2.0
71,25,all,2.0
71,26,last,-1.0
71,26,all,-1.0
71,27,last,-1.0
71,27,all,0.6861451595611622
71,28,last,-1.0
71,28,all,-1.0
71,29,last,2.0
71,29,all,2.0
71,30,last,-1.0
71,30,all,-1.0
71,31,last,-0.7916592216702998
71,31,all,-0.7916592216702998
72,0,last,0.008089220707746394
72,0,all,1.2339453813169179
72,1,last,0.004542778308576606
72,1,all,0.643527122954579
72,2,last,0.007839849027888642
72,2,all,0.5904073256671091
72,3,last,0.004465054370019593
72,3,all,0.5065897595081473
72,4,last,0.0075117796471457126
72,4,all,0.8497372302357452
72,5,last,0.012040305616191932
72,5,all,0.6452873311485058
72,6,last,0.00631378641196113
72,6,all,0.010519997050385385
72,7,last,0.028630559972649672
72,7,all,0.5718540549809227
72,8,last,0.005063298534903758
72,8,all,0.2178919798367461
72,9,last,-0.008316726997144487
72,9,all,0.18374107270189213
72,10,last,0.051313114073335456
72,10,all,0.1943875703310907
72,11,last,0.02726490256932502
72,11,all,0.27789822430898503
72,12,last,-0.08344691680732369
72,12,all,-0.006471447385275528
72,13,last,-0.06122149985778644
72,13,all,0.11930651125655972
72,14,last,-0.08277201099005868
72,14,all,0.1364894327754767
72,15,last,0.03126927883427548
72,15,all,0.19482045194788317
72,16,last,-0.09713465123507145
72,16,all,0.000186696795463259
72,17,last,-0.15314793901875387
72,17,all,-0.022013490857389763
72,18,last,-0.0018017258786456665
72,18,all,0.15154291313039714
72,19,last,0.2986667157678944
72,19,all,0.43744528672918637
72,20,last,0.10700098819171538
72,20,all,0.23664513737174997
72,21,last,0.20650320974194325
72,21,all,0.3540011141611511
72,22,last,0.04657584887067029
72,22,all,0.10664645018041603
72,23,last,-0.05903637719338858
72,23,all,-0.052969306745844755
72,24,last,0.16312448816617625
72,24,all,0.19585458754039234
72,25,last,0.0033967485721767246
72,25,all,0.047185335564252334
72,26,last,-0.09557601184307449
72,26,all,-0.06380232412281055
72,27,last,0.1579484102489016
72,27,all,0.1974526200447559
72,28,last,0.1690454057406476
72,28,all,0.21378013562030562
72,29,last,0.02981819591761652
72,29,all,0.04685036132336425
72,30,last,0.05704892828160782
72,30,all,0.062194908090557416
72,31,last,0.14285252697078207
72,31,all,0.14285252697078207
73,0,last,-0.0003247567011884876
73,0,all,-1.0
73,1,last,-0.0555197329134152
73,1,all,-1.0
73,2,last,-0.0007156625937766391
73,2,all,-1.0
73,3,last,-0.05672921499626233
73,3,all,-0.3018004718998823
73,4,last,-0.002567412148980813
73,4,all,-1.0
73,5,last,-0.05448083767015168
73,5,all,-0.6818669879332003
73,6,last,-0.05555286098461334
73,6,all,-0.1015707732444756
73,7,last,-0.0003501040873836701
73,7,all,-0.15201308780735645
73,8,last,-0.0007245395264947833
73,8,all,-0.09919694239934829
73,9,last,0.0005267871337737184
73,9,all,0.23082083873859213
73,10,last,-0.05812185066079406
73,10,all,0.17193303177786834
73,11,last,-5.09621498818753e-05
73,11,all,0.32065042462486804
73,12,last,0.05843465558811203
73,12,all,0.05671488356271737
73,13,last,-0.06677522905828631
73,13,all,-0.07242935392025937
73,14,last,-0.17667775231571634
73,14,all,-0.12871557788858734
73,15,last,-0.07245676011313919
73,15,all,-0.24091845665647763
73,16,last,0.18394865539335425
73,16,all,-0.07325688725648394
73,17,last,-0.022265914081023828
73,17,all,0.04903221914815349
73,18,last,0.047850678013169196
73,18,all,-0.2795664292158465
73,19,last,-0.3543228229202189
73,19,all,-0.3434671898139015
73,20,last,-0.6661461539913603
73,20,all,-0.7725104441658847
73,21,last,0.3635125338279318
73,21,all,0.6765505608430049
73,22,last,0.05666857378118778
73,22,all,0.36544904204794476
73,23,last,0.06046479940565192
73,23,all,0.11331163974968547
73,24,last,-0.23225307300961656
73,24,all,-0.1207015792865438
73,25,last,0.042727243996345914
73,25,all,0.04358632787656871
73,26,last,-0.016409598359970638
73,26,all,-0.06365236690844187
73,27,last,0.2825566721299018
73,27,all,0.3942310525480727
73,28,last,-0.3295419561540486
73,28,all,-0.2719218393560737
73,29,last,-0.054584072119623836
73,29,all,-0.05394084208829735
73,30,last,0.22738616095814831
73,30,all,0.22748755050292904
73,31,last,0.17612577822224235
73,31,all,0.17612577822224235
74,0,last,-0.02288721811246271
74,0,all,-0.6300901168076433
74,1,last,-0.011715782162981657
74,1,all,-0.6760637704860375
74,2,last,-0.022970931596050584
74,2,all,-0.4892241009297005
74,3,last,-0.0229579563354158
74,3,all,-0.16921838742407003
74,4,last,-0.01186189106234628
74,4,all,-0.19218565257591416
74,5,last,-0.02290361831499094
74,5,all,0.126542074598835
74,6,last,-0.03387932761716386
74,6,all,0.07430819796287091
74,7,last,-0.022585735406816573
74,7,all,-0.0618660427066543
74,8,last,-0.022863111790674226
74,8,all,-0.07630449999163524
74,9,last,-0.023210128659698608
74,9,all,0.020098042035365686
74,10,last,-0.023101079388001523
74,10,all,-0.08288223262653217
74,11,last,-0.0009566784808134536
74,11,all,-0.19855683486892944
74,12,last,-0.02257495562175451
74,12,all,-0.14885917161457338
74,13,last,-0.02500110981290201
74,13,all,-0.13663265596910948
74,14,last,-0.046132606109859225
74,14,all,-0.07183556555384889
74,15,last,-0.04587516464420189
74,15,all,-0.0619215443291327
74,16,last,-0.08702794915050244
74,16,all,-0.009255905467037152
74,17,last,0.02128794588626936
74,17,all,-0.015411535968322624
74,18,last,-0.27873125574308966
74,18,all,-0.37995225191905424
74,19,last,-0.17475081022928274
74,19,all,-0.1564491941265408
74,20,last,-0.26859610621868896
74,20,all,-0.3127632347768249
74,21,last,0.11715507728535066
74,21,all,0.40320080140127545
74,22,last,0.08094242018425397
74,22,all,0.26207940780471367
74,23,last,0.07949217683993696
74,23,all,0.13652977598377175
74,24,last,-0.1549137663300022
74,24,all,-0.13290017185743688
74,25,last,0.053295323211107845
74,25,all,0.0660800385209362
74,26,last,0.0016824587956437724
74,26,all,-0.03232139619600486
74,27,last,0.012852072500399467
74,27,all,0.046888662032837376
74,28,last,-0.2798388292600163
74,28,all,-0.21243074756514074
74,29,last,-0.08944022793603033
74,29,all,-0.06618135971861731
74,30,last,-0.15032241217428088
74,30,all,-0.16076102033234319
74,31,last,-0.25911009295687487
74,31,all,-0.25911009295687487
75,0,last,0.0003604278190661705
75,0,all,-0.881346065909971
75,1,last,-0.014618880162194524
75,1,all,0.38467592974404347
75,2,last,-0.0019239079598475522
75,2,all,-0.7551168653619977
75,3,last,-8.287233369962014e-06
75,3,all,-0.8064302782358405
75,4,last,-0.012081917430551314
75,4,all,-0.18389090151331564
75,5,last,0.014908732832561663
75,5,all,-0.45599358782001254
75,6,last,0.015859626029237628
75,6,all,0.39153227870714347
75,7,last,0.00246010532538953
75,7,all,-0.022729876157990492
75,8,last,0.02804740618283749
75,8,all,0.1466484757438694
75,9,last,-0.0025610224414269705
75,9,all,-0.07158966646157992
75,10,last,-0.013475442454721298
75,10,all,0.12878113376570413
75,11,last,-0.03050924915393362
75,11,all,0.07937826234627349
75,12,last,0.01683096997922979
75,12,all,0.13763129751207898
75,13,last,0.010550917897978008
75,13,all,0.10083163723518113
75,14,last,-0.03948298624305894
75,14,all,0.08799424491741972
75,15,last,0.06133094037242025
75,15,all,-0.008900889634502265
75,16,last,-0.2768656400210282
75,16,all,-0.22454499413009915
75,17,last,0.09566113877012378
75,17,all,0.015439048935712055
75,18,last,0.17078390678092178
75,18,all,0.17526429257034826
75,19,last,-0.009938464618926945
75,19,all,0.266526714899256
75,20,last,0.20275799126552335
75,20,all,0.5175974054008969
75,21,last,0.0847530010143841
75,21,all,0.2737722965006355
75,22,last,-0.045910604544317786
75,22,all,0.18271932731190085
75,23,last,0.23706840723518247
75,23,all,0.28886274697459174
75,24,last,0.138142232182348
75,24,all,0.037739459274062415
75,25,last,-0.39073403100254006
75,25,all,-0.45820754894780874
75,26,last,0.17201857088799175
75,26,all,0.07839742817742218
75,27,last,-0.06536361506228724
75,27,all,2.9606809539461065e-05
75,28,last,0.3410923001309784
75,28,all,0.2961295144870864
75,29,last,0.017032135886032897
75,29,all,0.08431337665061304
75,30,last,-0.6048613712938523
75,30,all,-0.632517940857758
75,31,last,0.38267135492389315
75,31,all,0.38267135492389315
76,0,last,-0.13646984351582064
76,0,all,-1.0
76,1,last,0.05238791196174624
76,1,all,-1.0
76,2,last,-0.014664767632009284
76,2,all,-1.0
76,3,last,0.07956086375046934
76,3,all,-1.0
76,4,last,-0.20213548309021345
76,4,all,-1.0
76,5,last,-0.049452476037099444
76,5,all,-1.0
76,6,last,-0.5630327459358486
76,6,all,-1.0
76,7,last,-0.30907719948241996
76,7,all,-1.0
76,8,last,0.19333227831407923
76,8,all,-0.8412785592160587
76,9,last,-0.41541383130242127
76,9,all,1.2026567867216518
76,10,last,-0.9549196478718089
76,10,all,-0.8693063869003844
76,11,last,-1.0
76,11,all,-1.0
76,12,last,-0.06608144128042101
76,12,all,0.19234242201390764
76,13,last,0.3180696871247312
76,13,all,1.287557909696558
76,14,last,-0.7704247073097319
76,14,all,0.08280194495902492
76,15,last,-0.7748930241506319
76,15,all,-1.0
76,16,last,-0.4092761016417961
76,16,all,-1.0
76,17,last,-1.0
76,17,all,-1.0
76,18,last,-1.0
76,18,all,-1.0
76,19,last,-1.0
76,19,all,-1.0
76,20,last,-1.0
76,20,all,-1.0
76,21,last,0.7605571742860778
76,21,all,0.8064737843230345
76,22,last,1.2266289962732997
76,22,all,1.5711393277044954
76,23,last,-0.42106128730966985
76,23,all,0.6415928928938247
76,24,last,2.0
76,24,all,2.0
76,25,last,-1.0
76,25,all,-1.0
76,26,last,-0.1609524962065852
76,26,all,-0.4138662111465887
76,27,last,-0.3390366433010932
76,27,all,-0.01999261486522129
76,28,last,-0.4169374032252559
76,28,all,-0.5711998361617159
76,29,last,-1.0
76,29,all,-1.0
76,30,last,2.0
76,30,all,2.0
76,31,last,2.0
76,31,all,2.0
77,0,last,-0.020134705899789232
77,0,all,2.0
77,1,last,-0.019752094029694738
77,1,all,1.981341528481768
77,2,last,0.00026268001478964536
77,2,all,1.992265955422012
77,3,last,-0.01957716903098181
77,3,all,1.5646432700093138
77,4,last,-0.008682091268336899
77,4,all,0.748721116899042
77,5,last,-0.0005739178051417419
77,5,all,0.28221291629029516
77,6,last,-0.012401928894255596
77,6,all,0.27940592584272117
77,7,last,0.020875553246623577
77,7,all,0.1728510551663133
77,8,last,-0.006588061573599547
77,8,all,0.3204068244540858
77,9,last,0.077828753691561
77,9,all,0.604455575680706
77,10,last,-0.046343814012408946
77,10,all,0.3249098268457025
77,11,last,0.003992853231490712
77,11,all,0.10554178776858886
77,12,last,0.051455836215598086
77,12,all,0.16477271840858423
77,13,last,-0.039347399097332404
77,13,all,-0.011752054247420783
77,14,last,-0.00373953375174925
77,14,all,0.12107033038008452
77,15,last,-0.1605751034729145
77,15,all,-0.12003501620152608
77,16,last,0.21938227489083276
77,16,all,0.4245827541502272
77,17,last,0.17056064924671094
77,17,all,0.27078974834201525
77,18,last,0.33646131212860125
77,18,all,0.4691981843682185
77,19,last,-0.4008672535722142
77,19,all,-0.3312336483153377
77,20,last,-0.01927919199861464
77,20,all,0.16091812808020106
77,21,last,0.36135077981057395
77,21,all,0.22997489036473326
77,22,last,0.5038075926419954
77,22,all,0.8074426784234987
77,23,last,0.4256874922970597
77,23,all,0.41231791809219814
77,24,last,-0.1347801990361769
77,24,all,-0.13136360374359
77,25,last,0.0047455962582821235
77,25,all,-0.12587267488209625
77,26,last,0.2494305674512355
77,26,all,0.5940471482349932
77,27,last,0.4913625662842888
77,27,all,0.586890336651643
77,28,last,-0.21897158141559372
77,28,all,-0.2700444157388036
77,29,last,0.44797960651430835
77,29,all,0.4972470276400999
77,30,last,0.115998285461997
77,30,all,0.059057175708163476
77,31,last,0.5063961706051118
77,31,all,0.5063961706051118
78,0,last,0.000998917475316511
78,0,all,0.06482418357362628
78,1,last,-0.0010340682492988216
78,1,all,-0.0805418422302193
78,2,last,0.010293219018514925
78,2,all,0.1590935945955983
78,3,last,0.0009890375261322173
78,3,all,-0.010622831996577863
78,4,last,0.012467403614889709
78,4,all,-0.025646163571048552
78,5,last,0.0134408516734648
78,5,all,0.12759641589204224
78,6,last,0.001373064696687546
78,6,all,0.21926740027854505
78,7,last,-0.012856296288058408
78,7,all,0.30050664776600944
78,8,last,0.008170320791523937
78,8,all,0.11040813424656501
78,9,last,0.008502565112836964
78,9,all,0.3002196824077923
78,10,last,0.012295274047945259
78,10,all,0.2465553730936911
78,11,last,0.024768089293292696
78,11,all,0.15429437204333832
78,12,last,-0.035130517604083526
78,12,all,0.06790201116047004
78,13,last,-0.13170399235341582
78,13,all,-0.1552602736080641
78,14,last,0.009623864873275502
78,14,all,0.12965760167262078
78,15,last,0.012462538112276338
78,15,all,0.21823079998196784
78,16,last,-0.05347654063161373
78,16,all,-0.2189509936647184
78,17,last,-0.1476428327869738
78,17,all,-0.037301772969293115
78,18,last,-0.219074517853515
78,18,all,-0.32063289862218897
78,19,last,0.07998330238939869
78,19,all,0.15095658760258018
78,20,last,-0.13694061366102064
78,20,all,-0.006804157164869641
78,21,last,-0.0015098945456921335
78,21,all,0.33331612203157174
78,22,last,0.0038661879541673624
78,22,all,0.0835293601308006
78,23,last,0.06628413224555259
78,23,all,0.08502962296723769
78,24,last,-0.010512315580074158
78,24,all,0.08528454055058822
78,25,last,-0.11181525746154615
78,25,all,-0.056558836537184055
78,26,last,0.009252348995154555
78,26,all,0.01923919029298468
78,27,last,0.09965169952006285
78,27,all,0.19781937109506179
78,28,last,0.02251943271814183
78,28,all,0.031794967322688675
78,29,last,0.040670736345165506
78,29,all,0.08985510930401269
78,30,last,-0.1106456998588607
78,30,all,-0.08611765857715625
78,31,last,0.0025037975744377217
78,31,all,0.0025037975744377217
79,0,last,0.00044359682804043574
79,0,all,-0.8304221766631635
79,1,last,0.00852775658413776
79,1,all,-0.32914535809542894
79,2,last,0.059438874236907836
79,2,all,-0.07873795248959757
79,3,last,0.04576954166118388
79,3,all,0.28154619753798915
79,4,last,-0.01288562546668266
79,4,all,0.5749319149604144
79,5,last,-0.012022849984622365
79,5,all,0.23414994037895842
79,6,last,0.01348561488547392
79,6,all,-0.4401630707675504
79,7,last,0.0040788040365954785
79,7,all,-0.024209844361271923
79,8,last,-0.007576610567526813
79,8,all,0.6140709533998528
79,9,last,0.021869187965871145
79,9,all,-0.07000050968093392
79,10,last,-0.04932839362716665
79,10,all,-0.3081472787979902
79,11,last,0.07755483381979117
79,11,all,-0.007083402211317591
79,12,last,0.0013057909250050047
79,12,all,-0.33678650240858155
79,13,last,0.1304694045124398
79,13,all,-0.11122265091836558
79,14,last,0.06915265641633064
79,14,all,-0.44628999759887955
79,15,last,0.30779069593927705
79,15,all,-0.047654585936565845
79,16,last,0.14352537581217076
79,16,all,-0.14214264825949774
79,17,last,-0.2960713289746247
79,17,all,-0.375521478206489
79,18,last,-0.36644101819134584
79,18,all,-0.45772826486974744
79,19,last,0.7110081973360547
79,19,all,0.5729221635819989
79,20,last,0.2077942036293546
79,20,all,0.19071117156654796
79,21,last,0.49958479414413426
79,21,all,0.44898432992751486
79,22,last,0.477200886573512
79,22,all,0.3380568288427471
79,23,last,0.389712119418049
79,23,all,0.33546404511083233
79,24,last,0.0795724338969991
79,24,all,0.008443261950225297
79,25,last,0.3955490319841259
79,25,all,0.48023649195333956
79,26,last,0.33586345667159745
79,26,all,0.43869691445364045
79,27,last,-0.03517030998096739
79,27,all,-0.024656735704854816
79,28,last,-0.10985581455830914
79,28,all,-0.11823008547717473
79,29,last,0.10525473291071805
79,29,all,0.23150386301326856
79,30,last,0.1805888694598603
79,30,all,0.1887309739304985
79,31,last,0.2780311432492179
79,31,all,0.2780311432492179
80,0,last,-0.00558527440784691
80,0,all,-0.4274294524308548
80,1,last,-0.011409092892236438
80,1,all,-0.5632292521898177
80,2,last,-0.010530672745291021
80,2,all,0.7631105467645547
80,3,last,-0.01727563399746044
80,3,all,-0.26344649161724387
80,4,last,-0.010674252481623323
80,4,all,0.46914718509490483
80,5,last,-0.0024077653179577227
80,5,all,0.29447354002242654
80,6,last,-0.0184602518141532
80,6,all,-0.17324515701696383
80,7,last,-0.0335898390422427
80,7,all,-0.13608565602170808
80,8,last,-0.007409654972340786
80,8,all,0.05567125793187385
80,9,last,-0.007690015088904414
80,9,all,0.6749556483667664
80,10,last,0.06570353787496325
80,10,all,0.1720736846220663
80,11,last,-0.0891257897877071
80,11,all,-0.09287563467739605
80,12,last,-0.22080574636248615
80,12,all,-0.306363007423197
80,13,last,-0.201595582231696
80,13,all,-0.3047385279280719
80,14,last,-0.29701015313849777
80,14,all,-0.09375909768011637
80,15,last,-0.4732439104683453
80,15,all,-0.4084072904962567
80,16,last,0.39600736143620535
80,16,all,0.19164914415938145
80,17,last,-0.16898354725807466
80,17,all,0.10993810886109086
80,18,last,-0.263729514814947
80,18,all,-0.02209864392508696
80,19,last,-0.39858380744676813
80,19,all,-0.48225033755969976
80,20,last,-0.1255710184245552
80,20,all,-0.1718551419847207
80,21,last,0.18052245119053892
80,21,all,0.13397700571089252
80,22,last,0.1875853956630307
80,22,all,0.007893145852421108
80,23,last,-0.5911252537718011
80,23,all,-0.8307100850882755
80,24,last,-0.49905947906733233
80,24,all,-0.3503325168439882
80,25,last,-0.07605646411951456
80,25,all,0.10937240243348954
80,26,last,-0.19929762651476904
80,26,all,-0.18284664108975546
80,27,last,0.05978481171166424
80,27,all,0.12105913569984922
80,28,last,0.10811106521545744
80,28,all,0.24542037869013805
80,29,last,0.07281351122715346
80,29,all,0.1784642860987731
80,30,last,-0.11403829057388265
80,30,all,0.05218335823597505
80,31,last,0.42071191524829266
80,31,all,0.42071191524829266
81,0,last,5.018543391738418e-05
81,0,all,-1.0
81,1,last,0.005507283949185105
81,1,all,-1.0
81,2,last,0.027875864942170744
81,2,all,-1.0
81,3,last,-0.03295215941113067
81,3,all,-1.0
81,4,last,0.11899067257055845
81,4,all,-1.0
81,5,last,0.03373268161200658
81,5,all,-1.0
81,6,last,-0.032314375680592665
81,6,all,-1.0
81,7,last,0.09832259600423071
81,7,all,0.9667389101539507
81,8,last,-0.05602989336982327
81,8,all,-1.0
81,9,last,0.09461870923063964
81,9,all,1.805679225802677
81,10,last,0.04391780281613419
81,10,all,-0.13114639166730133
81,11,last,0.0956330098096131
81,11,all,-0.15964970062749445
81,12,last,0.06823201507883148
81,12,all,-0.16686001088443883
81,13,last,0.07340414102964371
81,13,all,-0.2983435780549942
81,14,last,0.22515959724550058
81,14,all,-0.9864854913658356
81,15,last,-0.3878547214910168
81,15,all,-1.0
81,16,last,0.11768030315028344
81,16,all,0.5029664887395487
81,17,last,-0.12632657250635135
81,17,all,0.37134623561329877
81,18,last,-0.41949777242242314
81,18,all,-0.5097052072305357
81,19,last,-0.058612803993852665
81,19,all,0.20122871091021247
81,20,last,-0.8080613946910368
81,20,all,-0.5360404550078758
81,21,last,-0.3150343959363417
81,21,all,-0.4597048793859926
81,22,last,0.40068075658450547
81,22,all,-0.44139047445157914
81,23,last,-0.0385923464943583
81,23,all,0.050215948678710834
81,24,last,-0.620014304109607
81,24,all,-0.4490441314061454
81,25,last,-0.37308809889001926
81,25,all,-0.4158820253933252
81,26,last,-0.969184126069845
81,26,all,-0.751409353253504
81,27,last,0.6609860454231137
81,27,all,0.7929031239549955
81,28,last,-0.41688132077974543
81,28,all,-0.4802198777694668
81,29,last,-0.30398187372739577
81,29,all,-0.41634945605546525
81,30,last,0.04810589076118946
81,30,all,-0.06739248086018339
81,31,last,1.6803656929347484
81,31,all,1.6803656929347484
82,0,last,-0.01033129397876708
82,0,all,0.043955812335141016
82,1,last,-0.009146326236775264
82,1,all,-0.1698330476723505
82,2,last,-0.01567684190214416
82,2,all,-0.15547837809755896
82,3,last,-0.007902439279942233
82,3,all,-0.20886861661211023
82,4,last,-0.0054616750065703485
82,4,all,-0.054084102202310844
82,5,last,-0.014688539304651981
82,5,all,-0.044281544437818315
82,6,last,-0.020634228501428015
82,6,all,0.44310082013661084
82,7,last,0.001056773919778014
82,7,all,-0.3166587182189423
82,8,last,0.05876032155851277
82,8,all,-0.05812286245401848
82,9,last,0.02827083280581369
82,9,all,-0.24105177958206475
82,10,last,-0.054772430208059567
82,10,all,-0.21642801823457147
82,11,last,0.08503294778559622
82,11,all,-0.024444523996832262
82,12,last,-0.08513433633371956
82,12,all,-0.029372171585187075
82,13,last,-0.08749227492955976
82,13,all,-0.00043992082403079727
82,14,last,-0.005716508468982281
82,14,all,0.018969280457383542
82,15,last,0.08585421947320215
82,15,all,0.3971616619968445
82,16,last,0.016691146488640063
82,16,all,0.09109167316425347
82,17,last,0.07689626358926986
82,17,all,0.20232491659368707
82,18,last,0.0032659126846573423
82,18,all,-0.03377859192855652
82,19,last,0.15184246531685666
82,19,all,0.30271234448357065
82,20,last,0.08018856244275502
82,20,all,0.18052515635682273
82,21,last,0.06962515399935562
82,21,all,0.14578258739872715
82,22,last,0.022699264906832026
82,22,all,0.025396172346561635
82,23,last,0.023388012017843407
82,23,all,0.02642638547031905
82,24,last,0.021897516539377996
82,24,all,0.04381452147346933
82,25,last,0.05977115106387251
82,25,all,0.06651223219828568
82,26,last,-0.037211972091082055
82,26,all,-0.02973782346413201
82,27,last,0.058761945591405546
82,27,all,0.04328712988857912
82,28,last,0.13512938565280447
82,28,all,0.16465102065228496
82,29,last,0.051092092269516116
82,29,all,0.05232578099829127
82,30,last,0.08704205110115543
82,30,all,0.10468109145488026
82,31,last,-0.06209659153913788
82,31,all,-0.06209659153913788
83,0,last,-1.2347598711804679e-05
83,0,all,-0.5238405687790789
83,1,last,-0.011582003335046581
83,1,all,-0.5883503548374583
83,2,last,0.0014976663591642517
83,2,all,-0.3676048975533233
83,3,last,-0.0013344700500252562
83,3,all,-0.5213308197634957
83,4,last,0.0019056903244813958
83,4,all,-0.3104722485174196
83,5,last,0.02182776635501962
83,5,all,0.3558552943748301
83,6,last,-0.01013496655626335
83,6,all,-0.07432194478308754
83,7,last,0.012652261326614941
83,7,all,-0.02065514278703404
83,8,last,-0.0017109832974828844
83,8,all,-0.21663003361312888
83,9,last,0.0191353702430793
83,9,all,-0.0026945868149375763
83,10,last,0.021278386725596725
83,10,all,0.0576771604364438
83,11,last,0.006385545183990617
83,11,all,-0.02258063795174315
83,12,last,0.006142155868164202
83,12,all,0.0737439532448217
83,13,last,0.029540567758963722
83,13,all,0.04548943878681258
83,14,last,0.06746276518542763
83,14,all,0.2003428206779261
83,15,last,-0.023606218879155358
83,15,all,0.14200555053328903
83,16,last,0.0032539241852570866
83,16,all,0.083282937944266
83,17,last,0.07839399696041066
83,17,all,0.15874800925397203
83,18,last,0.02426743500300381
83,18,all,0.09062511223203802
83,19,last,0.059749853139918006
83,19,all,0.18120669807220127
83,20,last,0.048839444107565466
83,20,all,0.12839095099811196
83,21,last,0.12655403547075653
83,21,all,0.21486828796538637
83,22,last,-0.006348745799299342
83,22,all,0.03129821966878208
83,23,last,0.0047870843586395005
83,23,all,0.015754717208677937
83,24,last,0.06786136248936264
83,24,all,0.07456015607364772
83,25,last,0.006698727199345763
83,25,all,0.008304246956576925
83,26,last,0.009670780932289288
83,26,all,0.011071835076443253
83,27,last,0.04260751367313999
83,27,all,0.032406914540211385
83,28,last,-0.015474705534665076
83,28,all,0.008271187256800159
83,29,last,0.04686174825224498
83,29,all,0.05194754270946988
83,30,last,-0.004930365185985263
83,30,all,-0.003074441437673847
83,31,last,-0.09260491027710335
83,31,all,-0.09260491027710335
84,0,last,0.00039737162244644534
84,0,all,2.0
84,1,last,-0.049473187939097746
84,1,all,2.0
84,2,last,0.027032635828271475
84,2,all,2.0
84,3,last,0.027054103998551952
84,3,all,2.0
84,4,last,4.5462007652771286e-05
84,4,all,2.0
84,5,last,0.00044956874234407165
84,5,all,2.0
84,6,last,0.08756992940760479
84,6,all,2.0
84,7,last,-0.2338548835877943
84,7,all,0.8762562036697943
84,8,last,0.07293200483244304
84,8,all,1.8364832611413489
84,9,last,-0.17624273344530458
84,9,all,0.08754425179217128
84,10,last,-0.12317467934551547
84,10,all,0.8771721789350946
84,11,last,-0.6098543111032535
84,11,all,-1.0
84,12,last,-0.16718148180888276
84,12,all,0.045450642150858096
84,13,last,-0.5370713206292279
84,13,all,-0.6213242072562416
84,14,last,-0.5334958179162405
84,14,all,-0.7055686749929492
84,15,last,-0.20389247393301088
84,15,all,-0.01705751364912591
84,16,last,-0.44293297300482826
84,16,all,0.41420519361342983
84,17,last,0.06666161533248302
84,17,all,-0.3807981949899184
84,18,last,0.925134176064253
84,18,all,0.6225049566216677
84,19,last,-0.7144463948206987
84,19,all,-1.0
84,20,last,-0.42635196854702584
84,20,all,-1.0
84,21,last,0.5341381792465935
84,21,all,0.6515976949078341
84,22,last,-0.7037880796932157
84,22,all,-0.77996809240574
84,23,last,0.11047688804138726
84,23,all,0.24733436885684099
84,24,last,-0.771035649791001
84,24,all,-1.0
84,25,last,-0.135191803368398
84,25,all,-0.045584081562209285
84,26,last,-1.0
84,26,all,-1.0
84,27,last,0.3141828835541187
84,27,all,0.13517622842133178
84,28,last,0.06793539343579123
84,28,all,0.17730225079032333
84,29,last,-0.44558071400608684
84,29,all,-0.12946822079381717
84,30,last,-0.03095036643220057
84,30,all,-0.04455908166744541
84,31,last,0.5850110076990752
84,31,all,0.5850110076990752
85,0,last,-0.0015670751544135063
85,0,all,-0.343906153615152
85,1,last,-0.001416739438085726
85,1,all,-0.07405319688935363
85,2,last,0.004363056580861232
85,2,all,-0.09655579467162162
85,3,last,-0.0018364756511371032
85,3,all,-0.0784973941693864
85,4,last,0.010358589772111671
85,4,all,0.3932245244667285
85,5,last,0.004529696538858554
85,5,all,-0.13910988849028694
85,6,last,0.010312905609809886
85,6,all,-0.11953017771000768
85,7,last,-0.0013064609604849522
85,7,all,-0.10699353035237524
85,8,last,0.002704405551384432
85,8,all,-0.04809728231352531
85,9,last,0.0252524338231701
85,9,all,0.06912415020482117
85,10,last,0.014266880234552312
85,10,all,-0.0012178369141821973
85,11,last,0.038832506525328804
85,11,all,0.264270149154293
85,12,last,-0.029482012397265694
85,12,all,0.21484357532971293
85,13,last,-0.0038309433244496354
85,13,all,0.06941361391265156
85,14,last,0.013223016727944403
85,14,all,0.18408362862959343
85,15,last,0.08908307873618097
85,15,all,0.22536363935949097
85,16,last,0.03756425791059552
85,16,all,0.047626996032949696
85,17,last,0.052160105623812625
85,17,all,0.09155638838124225
85,18,last,-0.052483918932727566
85,18,all,-0.12270902055116224
85,19,last,0.0783702464516424
85,19,all,0.25088558898519564
85,20,last,0.026677359973833883
85,20,all,0.10019858197374906
85,21,last,0.14504564714913645
85,21,all,0.25908330173761934
85,22,last,-0.05093965126772167
85,22,all,-0.08755865520124104
85,23,last,0.057793786119112886
85,23,all,0.05567933121891687
85,24,last,-0.019560892871930826
85,24,all,0.03024678971902949
85,25,last,-0.00804248806971131
85,25,all,-0.0421270010948748
85,26,last,0.03444807224711585
85,26,all,0.008023808528336023
85,27,last,0.05437275495262096
85,27,all,0.050309677969549535
85,28,last,-0.02083467616559012
85,28,all,-0.020811269085965534
85,29,last,0.030479476845543876
85,29,all,0.021946823773447695
85,30,last,0.007433857877147608
85,30,all,0.0028575086071752176
85,31,last,-0.09095886213827385
85,31,all,-0.09095886213827385
86,0,last,-0.061422320472207664
86,0,all,-1.0
86,1,last,-0.13720515508557624
86,1,all,0.5837063287677476
86,2,last,-0.02780316324437658
86,2,all,-1.0
86,3,last,-0.049948722623578475
86,3,all,-1.0
86,4,last,-0.050466054376808955
86,4,all,-1.0
86,5,last,-0.023424075297978533
86,5,all,-1.0
86,6,last,0.22223159142186466
86,6,all,-1.0
86,7,last,0.11821714259668634
86,7,all,-1.0
86,8,last,0.24759452129720366
86,8,all,0.4633059094327583
86,9,last,0.38030948745413523
86,9,all,2.0
86,10,last,0.04355443378381458
86,10,all,-1.0
86,11,last,0.2559356411951047
86,11,all,2.0
86,12,last,0.2212442170514369
86,12,all,1.2659552405478702
86,13,last,0.48683367898083363
86,13,all,1.7128694819845485
86,14,last,0.16537979443469542
86,14,all,1.013513297932952
86,15,last,0.13741254358576996
86,15,all,0.901863078009982
86,16,last,-0.27157011326602704
86,16,all,0.8547471455593793
86,17,last,1.0748216686797785
86,17,all,1.8553704505572142
86,18,last,-0.4128586567606372
86,18,all,-0.8527023177374142
86,19,last,0.35653843524237105
86,19,all,0.26613756010848016
86,20,last,0.6455251942842818
86,20,all,1.880800610770528
86,21,last,0.8094504204744867
86,21,all,1.3049078146721667
86,22,last,-0.6594521297203674
86,22,all,-0.4597575149843889
86,23,last,0.15949770961051984
86,23,all,0.17107101346885753
86,24,last,0.3527051664805488
86,24,all,0.2458921124000091
86,25,last,-0.2818626222110805
86,25,all,-0.6119356639850498
86,26,last,-0.33453531301989564
86,26,all,-0.2960026436336288
86,27,last,-0.44200984525627296
86,27,all,-0.2256278629868502
86,28,last,-0.9569013651177101
86,28,all,-0.5520357118439344
86,29,last,0.1211838236969849
86,29,all,0.18296850429590464
86,30,last,1.1223295881856925
86,30,all,0.7312803391143827
86,31,last,-0.3821229973335764
86,31,all,-0.3821229973335764
87,0,last,-0.03963691312787418
87,0,all,-0.9854223060740155
87,1,last,-0.04104649525371108
87,1,all,-0.10629531712837102
87,2,last,-0.04078169534725796
87,2,all,-0.488096668007363
87,3,last,-0.04225613368586725
87,3,all,-0.36322936337948847
87,4,last,-0.04214516075295198
87,4,all,-0.14082182839681906
87,5,last,-0.0408908696235146
87,5,all,-0.22562179717548578
87,6,last,0.0014089337728553054
87,6,all,-0.11380604721335692
87,7,last,-0.04093274067735862
87,7,all,-0.07912424494850938
87,8,last,-0.042464966089779614
87,8,all,-0.05911216090380907
87,9,last,0.001412238281600238
87,9,all,-0.10868242731895104
87,10,last,-0.04360974830916339
87,10,all,-0.0033326807277138963
87,11,last,-0.043026251540335056
87,11,all,0.15622502207066752
87,12,last,-0.0011047098221983972
87,12,all,0.06360683657683763
87,13,last,-0.03377310418921567
87,13,all,0.027881959852268382
87,14,last,0.005762707702753415
87,14,all,0.15166973585116542
87,15,last,-0.033773522481461864
87,15,all,-0.06083054728039872
87,16,last,0.12505677010078814
87,16,all,0.13806139237651088
87,17,last,0.08542604769815763
87,17,all,0.17881489482637536
87,18,last,-0.3077277965717646
87,18,all,-0.5698978369292279
87,19,last,0.1783354900830124
87,19,all,0.4044667881289748
87,20,last,-0.08422718029134096
87,20,all,-0.029228066129745347
87,21,last,0.31256911102921414
87,21,all,0.48449103067439525
87,22,last,0.06711798169139022
87,22,all,0.07246722842339315
87,23,last,-0.039833531398197675
87,23,all,-0.034371659478906996
87,24,last,-0.3540463845526681
87,24,all,-0.22178216715999705
87,25,last,-0.16749348054933735
87,25,all,-0.16303251923135204
87,26,last,0.03516518078454935
87,26,all,0.0766574291704171
87,27,last,0.03941687049176382
87,27,all,0.07532466641559371
87,28,last,-0.46478862929416465
87,28,all,-0.38026782876060783
87,29,last,-0.061976856266481105
87,29,all,-0.02952637124511861
87,30,last,-0.2903663259181342
87,30,all,-0.29095557420534773
87,31,last,-0.5890719770317401
87,31,all,-0.5890719770317401
88,0,last,-0.049526298999399976
88,0,all,-1.0
88,1,last,0.0654755434902675
88,1,all,-1.0
88,2,last,0.1809594378329847
88,2,all,-1.0
88,3,last,-0.001798305262981157
88,3,all,-1.0
88,4,last,0.2511123423831831
88,4,all,-1.0
88,5,last,-0.23113259651420395
88,5,all,-1.0
88,6,last,0.06590103930556256
88,6,all,-0.5193563039215426
88,7,last,0.23077293546160774
88,7,all,1.4478509147497263
88,8,last,0.06670652099952193
88,8,all,-0.09006946672074838
88,9,last,0.0663159308637786
88,9,all,0.11389369762491153
88,10,last,0.11537608439574734
88,10,all,-0.0029484253120081725
88,11,last,-0.11641530158948976
88,11,all,-0.23062845245890629
88,12,last,-0.17692142510610884
88,12,all,0.9147585631585133
88,13,last,-0.393470958916457
88,13,all,-0.21766828293218313
88,14,last,0.8789382664337265
88,14,all,1.5070535983337177
88,15,last,0.7455420145083911
88,15,all,2.0
88,16,last,-0.13441602798109967
88,16,all,0.20878765947256192
88,17,last,0.3429425576230911
88,17,all,0.7108444435018438
88,18,last,-0.172531704519446
88,18,all,-0.21459525759949666
88,19,last,-0.5966211302193932
88,19,all,-0.47994734986360277
88,20,last,0.7445867476831908
88,20,all,2.0
88,21,last,1.3359768862543202
88,21,all,1.7922276981427527
88,22,last,0.6007554649480701
88,22,all,0.8645637541190911
88,23,last,0.32904877162937063
88,23,all,0.3320639153921675
88,24,last,0.5301611581969582
88,24,all,0.25307324625470895
88,25,last,0.37122234387661596
88,25,all,0.2583108655636472
88,26,last,0.5155370039969213
88,26,all,0.18140128187794324
88,27,last,0.6756330078710098
88,27,all,0.5622823365773523
88,28,last,-1.0
88,28,all,-0.9799301179458494
88,29,last,0.0039885261938405175
88,29,all,0.1185078749864133
88,30,last,0.3797048658517295
88,30,all,0.3798113502665645
88,31,last,0.9825688105823416
88,31,all,0.9825688105823416
89,0,last,5.353186035332255e-05
89,0,all,2.0
89,1,last,0.0020837545068764667
89,1,all,0.4821858546430529
89,2,last,-0.01224882590365308
89,2,all,2.0
89,3,last,-0.011364859968936183
89,3,all,2.0
89,4,last,0.007710121755071952
89,4,all,1.3835316210705084
89,5,last,-0.01989007715643666
89,5,all,1.0774676577065478
89,6,last,-0.017957715045459132
89,6,all,1.0902124585971709
89,7,last,-0.029647294064160314
89,7,all,0.43948568306500424
89,8,last,-0.019013627156267938
89,8,all,0.5487153733992977
89,9,last,-0.027582099314025256
89,9,all,0.6825790760676999
89,10,last,-0.04709791360724671
89,10,all,-0.12109382309821547
89,11,last,-0.027409999751514
89,11,all,0.4535114906368328
89,12,last,0.039278427335177855
89,12,all,0.4621258253339759
89,13,last,-0.18768807092342613
89,13,all,-0.13533483181639278
89,14,last,0.0593488869207707
89,14,all,0.3699102167932974
89,15,last,-0.014042066532279712
89,15,all,0.2514554070400072
89,16,last,0.12840790111852446
89,16,all,0.33455265310955684
89,17,last,0.09096781001926227
89,17,all,0.11409587448818787
89,18,last,-0.041144986672254025
89,18,all,-0.0584952914970852
89,19,last,0.05546437585071943
89,19,all,0.11651017672876465
89,20,last,0.26258911367498217
89,20,all,0.3537500371962067
89,21,last,0.1416055754122797
89,21,all,0.21468806877601626
89,22,last,0.16421534717021996
89,22,all,0.09186481379962395
89,23,last,0.04385425099724181
89,23,all,0.05821260032622224
89,24,last,0.1593241610299714
89,24,all,0.08613337685417338
89,25,last,0.09206252889416675
89,25,all,0.10655509134007886
89,26,last,-0.04341541245148004
89,26,all,-0.03232726158305215
89,27,last,0.07940462141010589
89,27,all,0.09674219516213098
89,28,last,0.05986472544904641
89,28,all,0.042879173529430714
89,29,last,-0.04593539793498931
89,29,all,-0.03845060082994324
89,30,last,0.06018898433955336
89,30,all,0.08630210191545892
89,31,last,0.21005579891163131
89,31,all,0.21005579891163131
90,0,last,-1.2068352672903472e-06
90,0,all,-0.19544032869659178
90,1,last,-2.0988439431136475e-08
90,1,all,-0.03211771685279232
90,2,last,0.02200358728110225
90,2,all,0.011870736021439607
90,3,last,-2.392682095149558e-06
90,3,all,-0.21331829189825355
90,4,last,0.0016441818739366535
90,4,all,0.08651037002587235
90,5,last,1.4796849798951214e-06
90,5,all,-0.014738575396870663
90,6,last,-3.1692543541016076e-06
90,6,all,0.06882805056236792
90,7,last,0.0007733925103782323
90,7,all,0.12280832287750497
90,8,last,0.0007714405855111366
90,8,all,-0.08538987070418198
90,9,last,6.1706011927541235e-06
90,9,all,0.17641294410370353
90,10,last,-0.0006874868277865907
90,10,all,0.00803246466625081
90,11,last,-0.02122900892389616
90,11,all,0.15150210115791857
90,12,last,-0.01826161088602351
90,12,all,0.09983017938829676
90,13,last,0.0037361730915760347
90,13,all,0.009745646034817323
90,14,last,0.022808420473748325
90,14,all,0.07793729563097404
90,15,last,0.033708881928725926
90,15,all,0.22357726269045788
90,16,last,-0.02747638582808938
90,16,all,0.24983764130322553
90,17,last,0.17600551651746632
90,17,all,0.35989012468004045
90,18,last,-0.020345867863732516
90,18,all,0.09600213989733064
90,19,last,-0.06834729986297802
90,19,all,0.023621649042166855
90,20,last,0.005047415350816571
90,20,all,0.06332715898920221
90,21,last,0.09449817129301369
90,21,all,0.25854631151106866
90,22,last,-0.046338454977798274
90,22,all,0.02014993028742314
90,23,last,0.13469363537012952
90,23,all,0.15671082315998314
90,24,last,-0.07622513220171993
90,24,all,-0.05799341934766608
90,25,last,0.0008147397360575712
90,25,all,0.02281500034950999
90,26,last,-3.1692543541016076e-06
90,26,all,-2.8649219823501285e-06
90,27,last,0.045663813074943535
90,27,all,0.09067170593500491
90,28,last,-0.14423443423609894
90,28,all,-0.056233013990379506
90,29,last,-0.03602965763038441
90,29,all,-0.03603193487606269
90,30,last,-0.04460732849351814
90,30,all,-0.043922916472108206
90,31,last,0.1936841630040703
90,31,all,0.1936841630040703
91,0,last,-0.0003769009800257033
91,0,all,-1.0
91,1,last,-0.0005438350599819303
91,1,all,-1.0
91,2,last,-0.0006282375960494624
91,2,all,-1.0
91,3,last,-0.09521853396536835
91,3,all,-1.0
91,4,last,-0.0009161625035704768
91,4,all,-1.0
91,5,last,-0.10882688374610885
91,5,all,-0.7508157525899729
91,6,last,-0.09520294236387804
91,6,all,-1.0
91,7,last,-0.10922582085624086
91,7,all,-1.0
91,8,last,-0.0011639650232564327
91,8,all,-1.0
91,9,last,-0.11016318793783815
91,9,all,-0.3173607077506059
91,10,last,-0.12191197938083463
91,10,all,-0.45249737957150954
91,11,last,-0.21716564642156114
91,11,all,0.07569784889950319
91,12,last,-0.20488195910343718
91,12,all,-0.3498142104766415
91,13,last,-0.20713920722319398
91,13,all,-0.43013777570628914
91,14,last,-0.1878540592838424
91,14,all,0.04733610212457399
91,15,last,-0.14543326150109287
91,15,all,-0.22996021854851753
91,16,last,0.26195844651103617
91,16,all,0.548600477061428
91,17,last,0.7353575112644124
91,17,all,0.9624350505853919
91,18,last,-0.1109608542700823
91,18,all,0.11920091171369994
91,19,last,-0.4784420123394013
91,19,all,-0.3802677265075104
91,20,last,-0.217854379431393
91,20,all,-0.12040583067687093
91,21,last,0.7656910759078158
91,21,all,0.7838226532249045
91,22,last,-0.1455158969889915
91,22,all,-0.1436857548060592
91,23,last,0.23045696697199874
91,23,all,0.13883842984673248
91,24,last,-0.14868754056414987
91,24,all,-0.14868909972429892
91,25,last,-0.013006929739254372
91,25,all,0.09731591619784453
91,26,last,-0.025619288016794025
91,26,all,0.07506358255087747
91,27,last,0.22690561592854638
91,27,all,0.3350184043263992
91,28,last,-1.0
91,28,all,-0.9379824301361126
91,29,last,-0.1308884801348445
91,29,all,0.06496978763407218
91,30,last,-0.18434137541208603
91,30,all,-0.2929745075236753
91,31,last,1.42656501219679
91,31,all,1.42656501219679
92,0,last,0.01980285748327209
92,0,all,-0.32145875974052857
92,1,last,0.01974116532695174
92,1,all,-0.3153069874755001
92,2,last,0.017836302749386707
92,2,all,-0.21032643719048508
92,3,last,0.018778569263290128
92,3,all,-0.09565911800600127
92,4,last,0.0031452176538058064
92,4,all,-0.0712596897948817
92,5,last,0.0019390097272476126
92,5,all,0.14205259364558162
92,6,last,0.018838223053041996
92,6,all,0.09647386935820045
92,7,last,0.002004237457438951
92,7,all,-0.0921941473805772
92,8,last,0.018794695809415972
92,8,all,-0.22549051352316418
92,9,last,-0.0001606701860658885
92,9,all,-0.019492286180533076
92,10,last,0.018757013085862403
92,10,all,0.0040169530767114004
92,11,last,0.023047233553245425
92,11,all,0.07101225373983895
92,12,last,-0.001086250955935295
92,12,all,0.021011789244802324
92,13,last,-0.03812108059764547
92,13,all,-0.029351594692634615
92,14,last,0.018461197392442116
92,14,all,0.1284955799464054
92,15,last,0.08051219642205336
92,15,all,0.1938260582437091
92,16,last,0.0790605547297365
92,16,all,0.14968210951818878
92,17,last,0.12077327329832695
92,17,all,0.18576906262827167
92,18,last,-0.026485615220068277
92,18,all,-0.01183499079893958
92,19,last,-0.06286136699175607
92,19,all,-0.007472218912632452
92,20,last,0.049869034947975205
92,20,all,0.10562348357026939
92,21,last,0.18451595423199624
92,21,all,0.27592132590514074
92,22,last,-0.00791497738540524
92,22,all,0.009434372217821294
92,23,last,0.05277552921092034
92,23,all,0.05975155919258677
92,24,last,-0.03890493175575787
92,24,all,-0.05723109187269878
92,25,last,0.002293414930530032
92,25,all,-0.015457601118540125
92,26,last,-0.0007038678186023317
92,26,all,0.0017123181107336325
92,27,last,0.040929174067395435
92,27,all,0.05748157645827315
92,28,last,-0.0784455272239639
92,28,all,-0.040538078265880385
92,29,last,0.043299325381839726
92,29,all,0.024523985035503206
92,30,last,-0.0200932435453905
92,30,all,-0.03815836647107066
92,31,last,-0.04529715912129805
92,31,all,-0.04529715912129805
93,0,last,-0.01702510776102019
93,0,all,-1.0
93,1,last,0.021949606339018064
93,1,all,-0.9225891010663662
93,2,last,-0.0304747984552465
93,2,all,-1.0
93,3,last,-0.002301964362983771
93,3,all,-1.0
93,4,last,0.02208180629677025
93,4,all,-1.0
93,5,last,-0.07793067145341516
93,5,all,-1.0
93,6,last,0.05000648963373791
93,6,all,-1.0
93,7,last,0.027748349857659362
93,7,all,-1.0
93,8,last,-0.13519762690042456
93,8,all,0.7826474215090334
93,9,last,0.10444157754871589
93,9,all,0.08091560206247983
93,10,last,-0.07921896906902141
93,10,all,1.4912999789563346
93,11,last,-0.07681288971654844
93,11,all,0.3101998787130585
93,12,last,0.19470345583528406
93,12,all,1.8930488299300705
93,13,last,0.019150538037779496
93,13,all,1.4869325657845245
93,14,last,0.12025762742601466
93,14,all,1.0113385035085147
93,15,last,0.0617859271439814
93,15,all,0.8634141732397195
93,16,last,-0.05237726216896599
93,16,all,0.16425854781054602
93,17,last,0.1316992428894377
93,17,all,0.6554899192015524
93,18,last,-0.4055600814704808
93,18,all,-0.21712198084083587
93,19,last,0.23355880882020466
93,19,all,0.7141467796672052
93,20,last,-0.3117766490741088
93,20,all,0.18203512907951716
93,21,last,0.048071034106586065
93,21,all,0.5718895947800475
93,22,last,0.07698852107165018
93,22,all,0.44732473625707214
93,23,last,-0.011632192033778995
93,23,all,0.06983086630291284
93,24,last,0.31989621400585333
93,24,all,0.2990635869760373
93,25,last,-0.24231740708339009
93,25,all,-0.28132742800067323
93,26,last,0.3698539561589633
93,26,all,0.4135768353576912
93,27,last,0.0253523008509946
93,27,all,0.15768044642260695
93,28,last,0.21564641666899037
93,28,all,0.28579785282393355
93,29,last,0.17671182395218493
93,29,all,0.17881819657190864
93,30,last,0.09187535971327655
93,30,all,0.06742899969567931
93,31,last,-0.08032541651512486
93,31,all,-0.08032541651512486
94,0,last,0.0076712731195895355
94,0,all,-0.24659260984667367
94,1,last,-0.0011137865053599694
94,1,all,-0.28619264239608805
94,2,last,3.654539689468542e-05
94,2,all,-0.42487484578349166
94,3,last,-0.00380409164818947
94,3,all,-0.26313943595495193
94,4,last,0.002727114882558867
94,4,all,-0.13652906491321604
94,5,last,-0.00679797250808085
94,5,all,-0.2778181622648224
94,6,last,-0.0010813824795419572
94,6,all,-0.18848014192743023
94,7,last,3.573033982108484e-05
94,7,all,-0.16679532819859125
94,8,last,0.000497977843400397
94,8,all,-0.08147515373408265
94,9,last,-0.028010868191305084
94,9,all,-0.07963228766210219
94,10,last,0.012511434479742681
94,10,all,0.0274859273787672
94,11,last,0.02627426793886649
94,11,all,0.1799833701922702
94,12,last,0.026440693781867905
94,12,all,0.06847043349625516
94,13,last,-0.002594524922396654
94,13,all,0.06237915952812513
94,14,last,-0.0038738781565453248
94,14,all,0.262853306864979
94,15,last,0.06889928568838641
94,15,all,0.18432185290933742
94,16,last,0.07963072363366365
94,16,all,0.20579292342776703
94,17,last,0.014506760281625569
94,17,all,0.10722230003202514
94,18,last,-0.07737246482555113
94,18,all,-0.09017388339493916
94,19,last,0.020707075669061627
94,19,all,0.17323657005126974
94,20,last,0.020801754461016637
94,20,all,0.061713962813219274
94,21,last,-0.02004284821121627
94,21,all,0.061784850750052966
94,22,last,-0.0668755870889144
94,22,all,-0.07517874972623995
94,23,last,-0.0032027557564286964
94,23,all,-0.005071747711903494
94,24,last,0.0013074837174726693
94,24,all,0.006119955165692952
94,25,last,0.00636676325900703
94,25,all,-0.004208602270960481
94,26,last,-0.012496410995304963
94,26,all,-0.016518893882080273
94,27,last,-0.011337179550949372
94,27,all,0.0012721058347644927
94,28,last,-0.0879955001800395
94,28,all,-0.06915697589506153
94,29,last,0.023230404254650793
94,29,all,0.026510039718832625
94,30,last,0.022651096932446792
94,30,all,0.022671957987817057
94,31,last,0.07558454902033003
94,31,all,0.07558454902033003
95,0,last,0.004937401165626536
95,0,all,-1.0
95,1,last,0.0021804098644220378
95,1,all,-1.0
95,2,last,0.033053741593195934
95,2,all,-1.0
95,3,last,0.009479145022018833
95,3,all,-1.0
95,4,last,0.04501410568564122
95,4,all,-1.0
95,5,last,0.012827703394812814
95,5,all,-1.0
95,6,last,0.009353777394242995
95,6,all,-0.5795534353928165
95,7,last,0.07358933549126474
95,7,all,-0.9718026092183218
95,8,last,0.016538292774347225
95,8,all,-0.6279472586065517
95,9,last,0.06607312587732211
95,9,all,-0.5177111928254629
95,10,last,0.09755666534537229
95,10,all,0.5023968791867259
95,11,last,0.08371615233957741
95,11,all,1.1449681070968494
95,12,last,0.05893027787204717
95,12,all,0.4744302123555828
95,13,last,-0.08554193263884054
95,13,all,-0.01628097845961198
95,14,last,0.03441652060241521
95,14,all,0.28953050554404525
95,15,last,0.23576314436630594
95,15,all,0.8650322456138235
95,16,last,0.20440369326452368
95,16,all,0.5945568884851296
95,17,last,0.11872460551687007
95,17,all,0.3656293866105546
95,18,last,-0.17758580326748974
95,18,all,-0.1393852271246569
95,19,last,0.1308700970246753
95,19,all,0.44460660606987656
95,20,last,-0.017522227625579163
95,20,all,0.29274693447823585
95,21,last,0.09850715664575439
95,21,all,0.23860310491388104
95,22,last,-0.028251850771586578
95,22,all,-0.025183359293204362
95,23,last,-0.014584312196826444
95,23,all,-0.03799022900060253
95,24,last,0.09662956625542064
95,24,all,0.06448483133942153
95,25,last,0.046202174123207866
95,25,all,0.014293737082885363
95,26,last,0.16309853219362097
95,26,all,0.16975270230287173
95,27,last,0.09867547090986743
95,27,all,0.05498119759710828
95,28,last,0.12519291720418493
95,28,all,0.11031108533094587
95,29,last,-0.05020872979018101
95,29,all,-0.04019412245127704
95,30,last,0.1577391574820259
95,30,all,0.17451813417150547
95,31,last,0.5217972454575708
95,31,all,0.5217972454575708
96,0,last,-0.00014177485758214161
96,0,all,-0.10978006100053106
96,1,last,0.00010241859347677056
96,1,all,0.029939627574777635
96,2,last,-0.008450876606238018
96,2,all,0.012079352130438911
96,3,last,-0.010284530265155906
96,3,all,0.08652877456887163
96,4,last,-0.004337580579118615
96,4,all,0.2228987751432717
96,5,last,0.0024739481881076698
96,5,all,0.06352168158827112
96,6,last,-0.010741721663689143
96,6,all,0.2403426629916811
96,7,last,0.0004593102592340054
96,7,all,0.005214788909236944
96,8,last,-0.027964136121821147
96,8,all,0.0815549483725954
96,9,last,-0.02475517403755368
96,9,all,-0.09187258321384847
96,10,last,-0.019138011383358838
96,10,all,0.056264269005855315
96,11,last,0.010418668832687753
96,11,all,0.10787012835638549
96,12,last,-0.03006680117446141
96,12,all,0.02340350874101367
96,13,last,0.08511547350263995
96,13,all,0.1989176565837009
96,14,last,0.01254965529073433
96,14,all,0.14725007754820377
96,15,last,0.019350820521463787
96,15,all,0.32339547804916957
96,16,last,0.02085449833916985
96,16,all,0.04256126119288165
96,17,last,-0.0064577839242919745
96,17,all,0.13155804694413503
96,18,last,-0.12452833846118602
96,18,all,-0.1914111624854412
96,19,last,0.01887611180921627
96,19,all,0.20960483331845936
96,20,last,0.04694577138969948
96,20,all,0.10011532895857829
96,21,last,-0.04857360185717931
96,21,all,0.049370041734842586
96,22,last,-0.0654928514045508
96,22,all,-0.06352906613249559
96,23,last,0.09838411487195599
96,23,all,0.1320096789556811
96,24,last,-0.030470056029809726
96,24,all,0.01767507443180023
96,25,last,-0.08443030527999527
96,25,all,-0.11072192605025107
96,26,last,-0.06333211698141818
96,26,all,-0.04951928505192447
96,27,last,0.07601612062787255
96,27,all,0.10685727098378031
96,28,last,-0.05955219536415936
96,28,all,-0.03317294606769454
96,29,last,0.025831135697167898
96,29,all,0.03571610337908772
96,30,last,-0.009709312031944195
96,30,all,0.010455822320817076
96,31,last,0.018382438244755935
96,31,all,0.018382438244755935
97,0,last,-0.014023939448620638
97,0,all,-0.3852239650311368
97,1,last,-0.024168929881825525
97,1,all,-0.7761911288056847
97,2,last,-0.01395373980601448
97,2,all,-0.48508836246770776
97,3,last,-0.014458537669874379
97,3,all,-0.38088544438581784
97,4,last,0.0008405683886897868
97,4,all,-0.3760361870782406
97,5,last,0.0009881246873565267
97,5,all,-0.6977304653505376
97,6,last,-0.028807588261584274
97,6,all,-0.36298225136801743
97,7,last,-0.01300642532303637
97,7,all,-0.36810042964922257
97,8,last,0.005189291585103362
97,8,all,0.17366767245547235
97,9,last,-0.029806067776917414
97,9,all,0.2852252593846339
97,10,last,-0.10512632509439264
97,10,all,-0.30223778491956355
97,11,last,0.03161268070507242
97,11,all,-0.05852731504640257
97,12,last,-0.021924064087248563
97,12,all,-0.31669677942008395
97,13,last,-0.14041070597846653
97,13,all,0.05714144314323849
97,14,last,-0.11252317463798074
97,14,all,-0.24309618493113658
97,15,last,-0.1420495097826476
97,15,all,-0.16320259601628448
97,16,last,-0.010146817755788996
97,16,all,0.13586112957468305
97,17,last,-0.0008542733080705986
97,17,all,0.21025919809471166
97,18,last,0.22914335878641415
97,18,all,0.23463004712208113
97,19,last,0.1810464010501014
97,19,all,0.23617093689113042
97,20,last,0.08514851183610135
97,20,all,0.16658359962753075
97,21,last,0.008124733039591228
97,21,all,0.03387429695667037
97,22,last,0.08133473732618546
97,22,all,0.11609201178318514
97,23,last,0.23493581910115524
97,23,all,0.1922299198186078
97,24,last,0.012147735985387511
97,24,all,0.12156659410673239
97,25,last,0.16642782037723552
97,25,all,0.29471485011767196
97,26,last,0.2650939510292775
97,26,all,0.3635605989658877
97,27,last,0.14983725408235285
97,27,all,0.1506383827586023
97,28,last,0.26168096927280937
97,28,all,0.2198463983091175
97,29,last,0.4454854092098581
97,29,all,0.4378068474345533
97,30,last,0.05624742556896353
97,30,all,0.0753775134251106
97,31,last,0.5002338211523248
97,31,all,0.5002338211523248
98,0,last,-0.06994819902538463
98,0,all,0.09052387491758163
98,1,last,-0.1036899126145262
98,1,all,-1.0
98,2,last,-0.0950936199968579
98,2,all,-1.0
98,3,last,-0.001414413377395737
98,3,all,-1.0
98,4,last,-0.04560787947616576
98,4,all,-1.0
98,5,last,-0.04970214936163648
98,5,all,-0.914583203476994
98,6,last,0.05051765505509014
98,6,all,-0.8939390485634492
98,7,last,-0.003991551353449078
98,7,all,-0.40817015258620387
98,8,last,0.015454220686509756
98,8,all,-0.17637916417949412
98,9,last,-0.03588281801766286
98,9,all,-0.7370021568054196
98,10,last,0.010558254412995275
98,10,all,0.6036507074289618
98,11,last,-0.34662661841985415
98,11,all,-0.2664762748093394
98,12,last,-0.3007729143905353
98,12,all,-0.05860489505826439
98,13,last,-0.4843404841258724
98,13,all,-0.8306374763172777
98,14,last,-0.2615147616272696
98,14,all,0.006878074521254555
98,15,last,-0.2473877476086492
98,15,all,-0.17995880097773664
98,16,last,-0.0034834445817913335
98,16,all,-0.23290519126786544
98,17,last,-0.41665133613069505
98,17,all,-0.15066027869637508
98,18,last,0.11767126683635717
98,18,all,0.06139352349251332
98,19,last,0.44151082881275633
98,19,all,0.419754741060863
98,20,last,-0.2911884051775058
98,20,all,-0.44914737470443594
98,21,last,-0.4054996599222082
98,21,all,-0.2540407115348655
98,22,last,-0.43153871320541315
98,22,all,-0.510489633515222
98,23,last,-0.3113714617083567
98,23,all,-0.3206489503367248
98,24,last,0.22268148146606775
98,24,all,0.27861749179315815
98,25,last,-0.05137534533904257
98,25,all,-0.12649768301609607
98,26,last,-0.19714788659457894
98,26,all,-0.2299543507871919
98,27,last,0.1339436415762622
98,27,all,0.04576744316264874
98,28,last,0.34199435312909876
98,28,all,0.3941714894404687
98,29,last,-0.17739830983560212
98,29,all,-0.08012499502250207
98,30,last,0.12682314753606522
98,30,all,0.2123915626657294
98,31,last,-0.18820938803873907
98,31,all,-0.18820938803873907
99,0,last,-0.0008502585425662349
99,0,all,1.5795943344020267
99,1,last,-0.007069876300645531
99,1,all,1.4938967073582459
99,2,last,-0.008490020028481567
99,2,all,1.3803239048431357
99,3,last,0.024653943884713116
99,3,all,1.1801596979481594
99,4,last,-0.0004092004092004092
99,4,all,0.8201404278327356
99,5,last,-0.007933588702819473
99,5,all,0.4937373552758168
99,6,last,-0.023096850019926944
99,6,all,-0.06218373910681603
99,7,last,0.0012023435100358176
99,7,all,0.1435717204947974
99,8,last,-0.003909234678465448
99,8,all,-0.030868738561046254
99,9,last,-0.017594982979598363
99,9,all,0.12676353445584215
99,10,last,-0.007573888343119112
99,10,all,0.0017439248208478977
99,11,last,-0.005677782600859524
99,11,all,0.036898352282967666
99,12,last,-0.03194771271694349
99,12,all,-0.006314556314556315
99,13,last,0.02013890475428937
99,13,all,0.06763775609929457
99,14,last,0.08528236605159682
99,14,all,0.2147039262423878
99,15,last,-0.016887132271747655
99,15,all,0.044251521174598095
99,16,last,0.02633656479810326
99,16,all,0.04889627581935274
99,17,last,0.015981789058712136
99,17,all,0.28307009460855614
99,18,last,0.003784215322676861
99,18,all,0.29852255044562737
99,19,last,0.0021163175009328854
99,19,all,0.22820779359240898
99,20,last,0.07278220739759202
99,20,all,0.44480757173064867
99,21,last,0.09294497371420449
99,21,all,0.14579985733831888
99,22,last,0.0790124867047944
99,22,all,0.11002134848288694
99,23,last,0.20932276316891701
99,23,all,0.24851017543325235
99,24,last,0.16561764638687715
99,24,all,0.24484355445893907
99,25,last,0.008791462637616484
99,25,all,-0.011330561330561331
99,26,last,0.05919952073798228
99,26,all,0.06692368615445539
99,27,last,0.13550105473182397
99,27,all,0.17930453699684468
99,28,last,0.16478998017459556
99,28,all,0.1411955911955912
99,29,last,0.14379650148880918
99,29,all,0.20789893866816944
99,30,last,0.13143532374301606
99,30,all,0.14767375151990536
99,31,last,0.11425626810242195
99,31,all,0.11425626810242195
100,0,last,-0.11643144039936269
100,0,all,-1.0
100,1,last,0.0007290388495561591
100,1,all,-1.0
100,2,last,-0.05258663326094286
100,2,all,-1.0
100,3,last,-0.21831804234243948
100,3,all,-1.0
100,4,last,-0.11589407373560533
100,4,all,-1.0
100,5,last,-0.11532333557521336
100,5,all,-0.6354069867934441
100,6,last,0.0029692075210796622
100,6,all,0.010177450794156053
100,7,last,0.050088049410351325
100,7,all,2.0
100,8,last,0.10911965991877891
100,8,all,0.5801737371455562
100,9,last,-0.8692616000177982
100,9,all,-1.0
100,10,last,-0.5469519844060986
100,10,all,0.7907418911541575
100,11,last,-0.7133645142907017
100,11,all,-1.0
100,12,last,0.40538752864386796
100,12,all,0.3828925728739362
100,13,last,-0.5205970588587633
100,13,all,-1.0
100,14,last,0.005614112549222957
100,14,all,-0.19264937167461593
100,15,last,-1.0
100,15,all,-1.0
100,16,last,0.5297750761126827
100,16,all,1.3646666016350322
100,17,last,0.7577879660671777
100,17,all,0.9594733122151657
100,18,last,-0.370380828674159
100,18,all,-0.6310353207343098
100,19,last,0.45799726524863477
100,19,all,1.245766526164109
100,20,last,0.22616376676917707
100,20,all,0.5301318944228528
100,21,last,0.7702885864347433
100,21,all,0.6706421531631901
100,22,last,-0.26053897534103104
100,22,all,-0.6516999782657432
100,23,last,-0.40953243966176706
100,23,all,-0.6359700238392281
100,24,last,-0.15249233739096504
100,24,all,-0.0904709830558365
100,25,last,0.6766242078547946
100,25,all,1.2963474469093716
100,26,last,0.8363530259390654
100,26,all,0.636047034985308
100,27,last,0.044031550610869524
100,27,all,0.3440652643792645
100,28,last,-0.7022894558050147
100,28,all,-0.5987642278092382
100,29,last,0.4382148131795164
100,29,all,0.5227662061400131
100,30,last,0.3646734470702393
100,30,all,0.6298339468554638
100,31,last,-0.5423535633057291
100,31,all,-0.5423535633057291
101,0,last,-0.03739687348034727
101,0,all,2.0
101,1,last,-0.03287996339941705
101,1,all,2.0
101,2,last,0.0022575556159169364
101,2,all,2.0
101,3,last,-0.028223342705337124
101,3,all,2.0
101,4,last,-0.04497242664143481
101,4,all,2.0
101,5,last,-0.11002720459450044
101,5,all,2.0
101,6,last,0.10878120178709662
101,6,all,0.5214857534149651
101,7,last,0.04667473750294562
101,7,all,0.43620531583892624
101,8,last,0.07495624299573134
101,8,all,0.41678614022748245
101,9,last,-0.03758095570454024
101,9,all,0.006155661607703392
101,10,last,-0.06405401823913061
101,10,all,-0.17406683204086026
101,11,last,0.10609911778444152
101,11,all,0.14790976733086172
101,12,last,0.08560602926247787
101,12,all,0.5476398200431364
101,13,last,-0.1478282195051606
101,13,all,-0.2508591003475976
101,14,last,-0.09886654518439103
101,14,all,-0.3265678618819679
101,15,last,-0.4519086688336802
101,15,all,-0.4041486257092712
101,16,last,0.11847160186912413
101,16,all,0.019100179705024724
101,17,last,-0.31411023227339147
101,17,all,-0.4483619380320471
101,18,last,0.19236172696708645
101,18,all,0.20845123290118983
101,19,last,0.28666759007586945
101,19,all,0.5196899024004442
101,20,last,0.20993528340567705
101,20,all,0.07176688354790604
101,21,last,0.018947877148200582
101,21,all,-0.011754879228269753
101,22,last,0.209402824073158
101,22,all,0.3089127576176762
101,23,last,0.1350773774938794
101,23,all,0.1961297162075704
101,24,last,0.388211422331992
101,24,all,0.4597618443719708
101,25,last,0.2378396302045951
101,25,all,0.27208312121904404
101,26,last,0.2648325601280301
101,26,all,0.3206742326259659
101,27,last,-0.016788658616217342
101,27,all,-0.02618044974825107
101,28,last,-0.15052649314968283
101,28,all,-0.044929853879487905
101,29,last,0.32915820458070927
101,29,all,0.12768770540608118
101,30,last,0.6427653587234887
101,30,all,0.5655221789099334
101,31,last,0.8944243473025958
101,31,all,0.8944243473025958
102,0,last,0.00803775727801263
102,0,all,1.3461736971499896
102,1,last,0.0045212384688821045
102,1,all,1.2344065352348321
102,2,last,0.00805430368709601
102,2,all,1.3437271342528163
102,3,last,0.00766492056842069
102,3,all,0.3396611593797592
102,4,last,0.0007375358409461508
102,4,all,0.8193700402308306
102,5,last,-0.0034310742376343737
102,5,all,0.2962298193145691
102,6,last,0.013654042525085102
102,6,all,0.09244573693298203
102,7,last,0.0110629019878883
102,7,all,0.07549027891685037
102,8,last,0.017699910798579886
102,8,all,0.10930340838395698
102,9,last,0.012703573386918382
102,9,all,0.09137401787907315
102,10,last,0.004526934773648514
102,10,all,0.12834656209697795
102,11,last,0.020987899285534194
102,11,all,0.1333829092683083
102,12,last,-0.0037856013961914234
102,12,all,0.11341586917269718
102,13,last,0.03419464626015214
102,13,all,0.1654217754269821
102,14,last,0.09125683675244985
102,14,all,0.20259599595887864
102,15,last,0.035091271755645886
102,15,all,0.2618962917191597
102,16,last,0.05844734193466311
102,16,all,0.1225797316525075
102,17,last,0.05576180548990866
102,17,all,0.04545556265182517
102,18,last,0.1792632535041429
102,18,all,0.15990015734007523
102,19,last,0.035929984819347796
102,19,all,0.06161869180020998
102,20,last,0.12793385125402115
102,20,all,0.19259070788928717
102,21,last,0.16882396126187255
102,21,all,0.24677911262693097
102,22,last,0.01011690851775233
102,22,all,0.020161528215492837
102,23,last,0.15535599802582353
102,23,all,0.144483786621306
102,24,last,0.15892703860914684
102,24,all,0.17537281297498875
102,25,last,0.08821446750197098
102,25,all,0.08387849456430117
102,26,last,0.1440283534926011
102,26,all,0.1442419649213415
102,27,last,0.05643573259429656
102,27,all,0.08842428139420043
102,28,last,0.027165406178402025
102,28,all,0.0368568549806251
102,29,last,0.18650162934660264
102,29,all,0.21742062911346102
102,30,last,0.0855268966626571
102,30,all,0.10759261818577846
102,31,last,0.15866148230598895
102,31,all,0.15866148230598895
103,0,last,-0.0023843763785922146
103,0,all,-0.23805439031219142
103,1,last,-0.00028771297729915824
103,1,all,-0.18080849198457075
103,2,last,0.006005082483113708
103,2,all,-0.2572589931917799
103,3,last,0.003086625597527663
103,3,all,-0.0410875381859816
103,4,last,0.009221758306742756
103,4,all,0.08319115678997722
103,5,last,-0.0036295894168782
103,5,all,-0.03145322381868516
103,6,last,-0.012581914751315888
103,6,all,0.004572403134835673
103,7,last,0.0004949719306122913
103,7,all,0.06239663351614347
103,8,last,0.013901347910179683
103,8,all,0.3076726617290668
103,9,last,0.008378247003076147
103,9,all,0.011581794959527894
103,10,last,0.009547223069681665
103,10,all,-0.05397297986074248
103,11,last,0.01703758804483273
103,11,all,0.1669664211617992
103,12,last,-0.011813897851423769
103,12,all,0.06448755805929896
103,13,last,-0.023899603058950735
103,13,all,-0.06963335196262027
103,14,last,0.0028370402735737508
103,14,all,0.12430695839391107
103,15,last,-0.009317971271844548
103,15,all,0.23482335817571345
103,16,last,0.008922540110653436
103,16,all,0.10661944924875184
103,17,last,-0.04753399936540697
103,17,all,0.025660112386460793
103,18,last,-0.017895620676438476
103,18,all,-0.07233400726412928
103,19,last,0.009150765147929198
103,19,all,0.03713064133765706
103,20,last,0.014177656511243811
103,20,all,0.006453795183435037
103,21,last,0.12590197592094304
103,21,all,0.1743628742156065
103,22,last,-0.0008470224580862358
103,22,all,-0.024762503635717893
103,23,last,-0.01116362838590682
103,23,all,-0.05843066083785697
103,24,last,0.03073603156658002
103,24,all,0.01092523658557266
103,25,last,-0.020156804122678344
103,25,all,-0.027443558811511084
103,26,last,-0.031101668336481866
103,26,all,-0.04499890920441614
103,27,last,0.01585332057986706
103,27,all,0.0065226248110657435
103,28,last,0.03703031216280484
103,28,all,0.04466087579210567
103,29,last,0.017936361068712166
103,29,all,-0.01134008452237936
103,30,last,0.0054157952609371245
103,30,all,0.022428631042237235
103,31,last,0.18483249496958373
103,31,all,0.18483249496958373
104,0,last,-0.00016646995850141749
104,0,all,-1.0
104,1,last,-0.00012235925521187138
104,1,all,-1.0
104,2,last,0.04931116342171712
104,2,all,-1.0
104,3,last,0.02546760222271916
104,3,all,-1.0
104,4,last,0.0008542133584853842
104,4,all,-1.0
104,5,last,0.049555114789474955
104,5,all,-0.07325656280961398
104,6,last,0.024324559650520487
104,6,all,-0.7251304813781871
104,7,last,0.02483892880800989
104,7,all,-0.8724045166291597
104,8,last,0.049478784094217396
104,8,all,0.037041483623230155
104,9,last,-0.025742239297113202
104,9,all,0.3429921709255231
104,10,last,0.04881463033121001
104,10,all,0.0014050217926052818
104,11,last,-0.14868145436440888
104,11,all,-0.24790848141424285
104,12,last,0.02292490785657654
104,12,all,0.15142494832335215
104,13,last,0.12883700788277447
104,13,all,0.08827012013837719
104,14,last,-0.03090089015399238
104,14,all,0.31384017426412797
104,15,last,0.027964459814573947
104,15,all,0.3032725922556181
104,16,last,0.00876594745763167
104,16,all,0.11601153322283922
104,17,last,0.006495780523551855
104,17,all,-0.024404342487774622
104,18,last,0.22195009967101087
104,18,all,0.0743717964601736
104,19,last,0.22260236272269673
104,19,all,0.32247110461256034
104,20,last,0.12933622597261224
104,20,all,0.253556761077636
104,21,last,0.05038247815465366
104,21,all,0.15421773119857987
104,22,last,-0.13391242376040294
104,22,all,-0.00907069488166249
104,23,last,-0.24397131346715115
104,23,all,-0.2239920416619839
104,24,last,0.1332914217723527
104,24,all,0.13193952460936137
104,25,last,-0.0015899031750884229
104,25,all,0.1001658178872354
104,26,last,0.19400270878075332
104,26,all,0.1907521335196467
104,27,last,-0.17703389658226434
104,27,all,-0.1841792551581714
104,28,last,-0.11645916096839487
104,28,all,-0.008345169705382694
104,29,last,0.012031865572056369
104,29,all,0.06195329098450103
104,30,last,0.19914985249764391
104,30,all,0.22611664327520822
104,31,last,0.40603729770927366
104,31,all,0.40603729770927366
105,0,last,-0.016117120184375246
105,0,all,-1.0
105,1,last,-0.00012595982006452635
105,1,all,-1.0
105,2,last,-0.016121360415941775
105,2,all,-1.0
105,3,last,-0.016017848880641224
105,3,all,-1.0
105,4,last,0.0322568133662076
105,4,all,-1.0
105,5,last,0.01615403514154267
105,5,all,-0.665803654830185
105,6,last,-0.004295978140359148
105,6,all,-1.0
105,7,last,-0.01588178733243291
105,7,all,-0.03825449620436919
105,8,last,-0.004681465074833852
105,8,all,-1.0
105,9,last,0.0647747751118361
105,9,all,0.6111645297146698
105,10,last,0.17756979857652933
105,10,all,0.14585149461927086
105,11,last,0.03754400799158938
105,11,all,0.29249703495572077
105,12,last,0.027840612189668053
105,12,all,-0.15226122819554452
105,13,last,0.14340338445306625
105,13,all,0.21849115101085873
105,14,last,-0.005946550633976975
105,14,all,-0.0872609725345236
105,15,last,-0.012845033254639624
105,15,all,0.14186006487554298
105,16,last,-0.14692888757524852
105,16,all,-0.11988543892008785
105,17,last,0.025968051102273137
105,17,all,0.03956023810147373
105,18,last,0.20222849111359706
105,18,all,0.12263897047177565
105,19,last,0.05091707478895494
105,19,all,0.13406851465935352
105,20,last,0.09757970076436409
105,20,all,0.22733639877133055
105,21,last,0.18781232735086545
105,21,all,0.30100293947817713
105,22,last,-0.043576236245748856
105,22,all,0.003645726158362672
105,23,last,-0.04450933661577142
105,23,all,-0.1239624215713051
105,24,last,0.0987372839820264
105,24,all,0.08299367831358508
105,25,last,0.044230603746618725
105,25,all,0.05595160149804887
105,26,last,0.0817772307047639
105,26,all,0.04792397015375828
105,27,last,0.09783473822182148
105,27,all,0.11260009752532603
105,28,last,0.051337980128279476
105,28,all,0.0955471332916793
105,29,last,0.13076362829132387
105,29,all,0.19594646333509178
105,30,last,0.09269520342510941
105,30,all,0.09298428744779215
105,31,last,0.36229074769000913
105,31,all,0.36229074769000913
106,0,last,-0.04210459352411631
106,0,all,-1.0
106,1,last,-0.042927976739966324
106,1,all,-1.0
106,2,last,-0.08780850665465689
106,2,all,-1.0
106,3,last,-0.10053516294529742
106,3,all,-0.4021037838760024
106,4,last,-0.09423291985857182
106,4,all,-1.0
106,5,last,-0.04760875489855181
106,5,all,-0.31203982890400395
106,6,last,-0.04929961823645629
106,6,all,0.11569510097830071
106,7,last,-0.049550464571750365
106,7,all,0.7827945438391923
106,8,last,-0.04236700626103778
106,8,all,0.3711585992220149
106,9,last,0.00026313563702318416
106,9,all,0.32357153132651445
106,10,last,0.13646546670069115
106,10,all,0.5757371593062183
106,11,last,0.14414049708056795
106,11,all,0.16491953760417893
106,12,last,-0.0018983356670958284
106,12,all,-0.01910624968824933
106,13,last,-0.11922935957557089
106,13,all,0.08272941054002807
106,14,last,0.019676617868500133
106,14,all,-0.020313492858108444
106,15,last,-0.2302429594951844
106,15,all,-0.0008024191129003691
106,16,last,-0.2423002102916396
106,16,all,-0.013312205373027295
106,17,last,-0.05410618101273967
106,17,all,0.13559364917802644
106,18,last,0.035660662017455144
106,18,all,0.07026733568661413
106,19,last,0.21772883583444722
106,19,all,0.2501039168896211
106,20,last,0.032474118369108455
106,20,all,-0.11038539973122574
106,21,last,-0.13417242757806055
106,21,all,-0.14548364546954892
106,22,last,0.18931163283614674
106,22,all,0.2298403041385308
106,23,last,0.3687094136774145
106,23,all,0.280641385886243
106,24,last,0.016077298262075865
106,24,all,-0.06850635103884359
106,25,last,-0.06613813030563494
106,25,all,0.01781153560608306
106,26,last,0.20674942908964467
106,26,all,0.14812729114150985
106,27,last,-0.12441761360555824
106,27,all,-0.12146312088986111
106,28,last,0.1204908202530584
106,28,all,0.16212336001075675
106,29,last,-0.015372470662906623
106,29,all,0.04014264264806982
106,30,last,-0.00984445358511462
106,30,all,-0.0037265500243255883
106,31,last,-0.4718585833905027
106,31,all,-0.4718585833905027
107,0,last,-0.003929863717278102
107,0,all,0.03940325372124752
107,1,last,0.012985132063244784
107,1,all,0.030145422133025877
107,2,last,0.0025731468669994576
107,2,all,0.06424135277161902
107,3,last,0.0027969656900965144
107,3,all,0.02084324700546124
107,4,last,-0.003839417556039667
107,4,all,0.16689295716362793
107,5,last,-0.006205456884190336
107,5,all,0.5607032147502394
107,6,last,-0.015222343026130658
107,6,all,0.27547499076909215
107,7,last,-0.005199237232487215
107,7,all,-0.0885761831900752
107,8,last,0.008873423187107234
107,8,all,0.02678901932784625
107,9,last,0.034386838915704446
107,9,all,0.08179836482038166
107,10,last,0.019060929904298335
107,10,all,-0.024681980473841625
107,11,last,-0.006327786416691915
107,11,all,0.06799555255067337
107,12,last,0.02671345207319728
107,12,all,0.052854835841316776
107,13,last,-0.021234080944232514
107,13,all,-0.13617075140701562
107,14,last,0.0017877165073308422
107,14,all,0.0965641159814922
107,15,last,0.08183738224866308
107,15,all,0.16147327268293585
107,16,last,0.06514554563528008
107,16,all,0.019136814771074828
107,17,last,0.07764094422958255
107,17,all,0.20902771182914853
107,18,last,0.04858336806503387
107,18,all,0.11235401966366
107,19,last,0.013960494475173689
107,19,all,0.01924641538677327
107,20,last,-0.005499991485551812
107,20,all,-0.017740518563366076
107,21,last,0.1754278913337503
107,21,all,0.2394618128464675
107,22,last,0.04871571459540356
107,22,all,0.08110379596088749
107,23,last,0.017232705634856925
107,23,all,0.045475704419110995
107,24,last,0.08188321612183523
107,24,all,0.08642563147459957
107,25,last,0.05329949281985258
107,25,all,0.04232284212427102
107,26,last,0.05458049582526955
107,26,all,0.06627590276544147
107,27,last,0.08960839817283119
107,27,all,0.0835829540698415
107,28,last,0.07712269896426929
107,28,all,0.06963382033615237
107,29,last,0.09825675652003338
107,29,all,0.08783590261591945
107,30,last,0.0035226116746839703
107,30,all,0.003047170751480311
107,31,last,-0.1639065969187177
107,31,all,-0.1639065969187177
108,0,last,0.0060581998488614085
108,0,all,-0.12354616944953072
108,1,last,-4.361128985495625e-05
108,1,all,-0.0377751671924123
108,2,last,0.006575138700007532
108,2,all,-0.008935654020512019
108,3,last,0.00624902494271078
108,3,all,0.03301600808478839
108,4,last,-0.0007582516089973038
108,4,all,-0.026354126552104444
108,5,last,-0.010347915061655832
108,5,all,0.04716502742816593
108,6,last,-0.006502628362658328
108,6,all,0.06752654240441766
108,7,last,0.005540095897776782
108,7,all,-0.006013491994358449
108,8,last,0.0101352957454274
108,8,all,0.012918582427930744
108,9,last,-0.012585706521971307
108,9,all,0.019727312243059767
108,10,last,0.024362308249394164
108,10,all,0.052268073778422984
108,11,last,-0.0027290524226208585
108,11,all,0.07048491390905216
108,12,last,-0.01806542282881742
108,12,all,-0.0874469414059133
108,13,last,-0.003630200112311065
108,13,all,-0.047720780098832
108,14,last,0.004773665744113122
108,14,all,-0.11601519189801382
108,15,last,0.06822656186158663
108,15,all,0.1166102152901365
108,16,last,-0.06361009322878412
108,16,all,-0.2154140711495463
108,17,last,0.038802625422494366
108,17,all,0.03364836036513684
108,18,last,-0.013226671403825946
108,18,all,-0.09118165783623716
108,19,last,0.24621323672781545
108,19,all,0.2911557275090764
108,20,last,0.0370884664266972
108,20,all,-0.040267567256936
108,21,last,0.1565991865911892
108,21,all,0.22409863471076247
108,22,last,-0.03008093857892395
108,22,all,-0.07691265604429061
108,23,last,-0.010193070995319062
108,23,all,3.070381014408654e-05
108,24,last,-0.02212613879095386
108,24,all,-0.052055408772000884
108,25,last,-0.06016523538708241
108,25,all,-0.05879009762829287
108,26,last,-0.0711004978883249
108,26,all,-0.11886274183790951
108,27,last,-0.10958781528432471
108,27,all,-0.1995255804430802
108,28,last,-0.13821272161657205
108,28,all,-0.15212771578798828
108,29,last,-0.04600173225231249
108,29,all,-0.0625979183684836
108,30,last,-0.05137663525488697
108,30,all,-0.061985578392961205
108,31,last,0.11816733709030089
108,31,all,0.11816733709030089
109,0,last,-0.0012973320040502534
109,0,all,0.07573545740002449
109,1,last,-0.01147791235763087
109,1,all,-0.14583791672877852
109,2,last,-0.0060665059952637315
109,2,all,-0.0630008472497874
109,3,last,-0.012614339182021444
109,3,all,0.21330409025060174
109,4,last,-0.007210690390137809
109,4,all,0.14757891878789822
109,5,last,-0.0072827484871843
109,5,all,0.07787782069807113
109,6,last,0.004783658606212196
109,6,all,0.02719487897295492
109,7,last,-0.01774713139857331
109,7,all,-0.08664921404146021
109,8,last,-0.014142265684336871
109,8,all,0.028628913109270748
109,9,last,0.03752552251423718
109,9,all,0.12458051331214123
109,10,last,0.060259333291205815
109,10,all,0.03300143479271793
109,11,last,-0.061500458691402346
109,11,all,0.17482686984822
109,12,last,-0.011589581296583442
109,12,all,0.06502024876181231
109,13,last,-0.14652627944987376
109,13,all,-0.17175623165851633
109,14,last,-0.04660629549745313
109,14,all,0.0708616563973084
109,15,last,-0.024923843057478946
109,15,all,0.1900462784880495
109,16,last,-0.025456746642399688
109,16,all,0.02005951716852685
109,17,last,-0.021979945249014077
109,17,all,0.0761382928636005
109,18,last,0.09772045508885531
109,18,all,0.11568059047992954
109,19,last,0.07793696143836235
109,19,all,0.06516251859687879
109,20,last,-0.010806539002151724
109,20,all,-0.06195148555685651
109,21,last,0.07640441188205029
109,21,all,0.11722806834992111
109,22,last,0.03301755823026344
109,22,all,0.04549335607742313
109,23,last,-0.03047046301460191
109,23,all,-0.0395238626517852
109,24,last,0.04282098754874155
109,24,all,0.050086753826740105
109,25,last,0.027450277658762366
109,25,all,0.03875802441587963
109,26,last,-0.04116706493394221
109,26,all,-0.04043510523924412
109,27,last,0.005581471772856046
109,27,all,-0.004574297236751962
109,28,last,0.054787154522431006
109,28,all,0.061142164850233445
109,29,last,-0.0005869775725345364
109,29,all,-0.023009798512850836
109,30,last,-0.04584072920590031
109,30,all,-0.0368139801152858
109,31,last,0.14816620408693718
109,31,all,0.14816620408693718
110,0,last,-0.0042440155535751495
110,0,all,-0.2299606194827594
110,1,last,0.0007054619296542122
110,1,all,0.13206437796783763
110,2,last,-0.0025882071268006545
110,2,all,-0.008892920640410033
110,3,last,0.0006615501256966521
110,3,all,0.26098026540393626
110,4,last,-0.012058472220374828
110,4,all,0.3153757110617488
110,5,last,0.026709762661665404
110,5,all,0.31838281835392807
110,6,last,-0.00023619442855686055
110,6,all,0.19958014214584358
110,7,last,-0.01698212757655968
110,7,all,0.13401130604807066
110,8,last,-0.016903916326376788
110,8,all,0.07241428907126357
110,9,last,-0.03994374465179589
110,9,all,-0.10433799319863618
110,10,last,0.021436941071103957
110,10,all,0.02685135872095343
110,11,last,-0.049655489197181914
110,11,all,0.017848161991283258
110,12,last,-0.008261307156506742
110,12,all,0.09460315771271997
110,13,last,-0.11066161219811743
110,13,all,-0.05324299135863228
110,14,last,-0.03613224972621629
110,14,all,0.13478671472845533
110,15,last,-0.03385678119028301
110,15,all,0.10439327312308518
110,16,last,-0.058926448615119954
110,16,all,-0.01683858066976142
110,17,last,-0.012453749395902334
110,17,all,0.12694072527189937
110,18,last,0.05124940255294999
110,18,all,0.08279469546826991
110,19,last,-0.03058967912992201
110,19,all,0.07695791933245545
110,20,last,-0.05932410227761447
110,20,all,-0.03504530843342511
110,21,last,-0.0028683488292698066
110,21,all,0.10836358477097494
110,22,last,0.14011667841608916
110,22,all,0.12932469639935623
110,23,last,0.08900236318573398
110,23,all,0.1640292449776761
110,24,last,0.05149214118815481
110,24,all,0.09172993176467459
110,25,last,0.026347117844490852
110,25,all,0.04580274271424961
110,26,last,0.03989809482005648
110,26,all,0.057370097941412505
110,27,last,-0.0055031989465423444
110,27,all,-0.04530701462692258
110,28,last,0.12175143542473053
110,28,all,0.18415266268516425
110,29,last,0.016151102007156064
110,29,all,0.009927933919474335
110,30,last,0.1636982570950994
110,30,all,0.18316434560150394
110,31,last,0.23855296772677495
110,31,all,0.23855296772677495
111,0,last,-0.05312556756489011
111,0,all,-1.0
111,1,last,-0.043969207811108114
111,1,all,-1.0
111,2,last,-0.04256483114379411
111,2,all,-1.0
111,3,last,0.0009467866883772931
111,3,all,-1.0
111,4,last,-0.1208205799127434
111,4,all,-0.33223060962464257
111,5,last,-0.04002811583788106
111,5,all,-0.17664278340505127
111,6,last,-0.02793626133262467
111,6,all,-1.0
111,7,last,-0.062480530804375566
111,7,all,0.22101250038329057
111,8,last,-0.09456057602873225
111,8,all,-1.0
111,9,last,0.08715123506051274
111,9,all,-0.8139448580488269
111,10,last,0.20845409279641727
111,10,all,-0.5617382443797808
111,11,last,0.032026738350521784
111,11,all,0.6154214112798289
111,12,last,0.03617791287077958
111,12,all,-0.2942915257009107
111,13,last,0.4605287758839074
111,13,all,0.055202334180634825
111,14,last,0.4478585653846547
111,14,all,-0.2944437411990587
111,15,last,0.4805397674782468
111,15,all,-0.45216918878417084
111,16,last,0.12270660541355677
111,16,all,-0.08316171088332949
111,17,last,1.0037446899513398
111,17,all,1.533851673230436
111,18,last,0.21606691192021896
111,18,all,0.36442701793642646
111,19,last,-0.007021254346908241
111,19,all,-0.16531719555524454
111,20,last,-0.27587156345601516
111,20,all,-0.3289532589919969
111,21,last,0.5185286988326738
111,21,all,0.6559623109394668
111,22,last,0.048303103828109706
111,22,all,-0.0643127776891077
111,23,last,0.3960101613279859
111,23,all,0.40851070186597643
111,24,last,0.025778040555680917
111,24,all,-0.01607477429099106
111,25,last,-0.31280111897260826
111,25,all,-0.31702824399452467
111,26,last,-0.28162304492322787
111,26,all,-0.12597703715992298
111,27,last,-0.0477981823771249
111,27,all,-0.2766640904298437
111,28,last,0.24187813168055816
111,28,all,0.3561620937807861
111,29,last,-0.5778167926087425
111,29,all,-0.5958826336740622
111,30,last,0.6371382228368849
111,30,all,0.6323256656872773
111,31,last,-0.019254788773478023
111,31,all,-0.019254788773478023
112,0,last,-0.011366132790866205
112,0,all,-0.13761831884699524
112,1,last,-0.012389617210225913
112,1,all,-0.18593750075841525
112,2,last,0.000297080356098411
112,2,all,-0.08437984930713609
112,3,last,-0.00871451890747431
112,3,all,-0.14640336430579887
112,4,last,-0.008800019609584816
112,4,all,0.1048125512992078
112,5,last,-0.010661085701166431
112,5,all,-0.295084255687629
112,6,last,-0.008721435654593667
112,6,all,-0.20146897147242257
112,7,last,-0.0036682058249203845
112,7,all,-0.24237849702240105
112,8,last,-0.005946145478850044
112,8,all,-0.21843786358427292
112,9,last,-0.018555472554590124
112,9,all,-0.22675591940072332
112,10,last,0.04003398671110859
112,10,all,-0.12566588859328895
112,11,last,-0.11704786437545171
112,11,all,-0.09009308242772485
112,12,last,-0.15646468308920855
112,12,all,-0.2978275589416066
112,13,last,-0.08364934373417945
112,13,all,-0.2396385429301865
112,14,last,-0.017884184044690436
112,14,all,0.16464901512801808
112,15,last,0.012260237635161732
112,15,all,0.12547022959231965
112,16,last,0.2450324407574542
112,16,all,0.2787464136059454
112,17,last,-0.030213516343181326
112,17,all,0.06361101767435177
112,18,last,0.09795895286758628
112,18,all,0.06044081764202509
112,19,last,-0.0007484405768906868
112,19,all,-0.015696550411922628
112,20,last,0.05006991981912585
112,20,all,0.04891489585805767
112,21,last,0.10856011769633976
112,21,all,0.10810989813208997
112,22,last,-0.051545492537921976
112,22,all,-0.09053915194370302
112,23,last,0.05251090055076722
112,23,all,0.04356577486740475
112,24,last,0.017399065244098073
112,24,all,0.06741287446904864
112,25,last,0.029695609734314395
112,25,all,0.015301203708153074
112,26,last,0.042977851362259414
112,26,all,0.0386297899687266
112,27,last,0.011734200814768541
112,27,all,-0.004266589393253235
112,28,last,0.034343955029979854
112,28,all,0.04808491047302299
112,29,last,-0.0006706817776962329
112,29,all,0.011404187034666736
112,30,last,0.240357253629108
112,30,all,0.26108322569904047
112,31,last,0.22347405637367326
112,31,all,0.22347405637367326
113,0,last,0.008328815618333775
113,0,all,-0.10498291383606938
113,1,last,0.009294611284804456
113,1,all,-0.009747394549507826
113,2,last,0.009406519881955977
113,2,all,0.05564075744798435
113,3,last,0.007437424389787465
113,3,all,-0.03737092411233615
113,4,last,0.008234769171593829
113,4,all,-0.004077305988521121
113,5,last,0.008433223383639867
113,5,all,-0.05719616299396593
113,6,last,-0.004168333032611424
113,6,all,0.08953288474333028
113,7,last,-0.0037827712058448515
113,7,all,0.21189819769313187
113,8,last,0.005164259159206968
113,8,all,0.03650905946338477
113,9,last,0.016924323948595527
113,9,all,0.0060398541444177745
113,10,last,0.02008557495640062
113,10,all,0.11955744329315504
113,11,last,0.007256641629038288
113,11,all,0.09865853661249784
113,12,last,0.035054025218114494
113,12,all,0.013183951512588827
113,13,last,0.04565069827500255
113,13,all,0.02648883804709232
113,14,last,0.2121530193851689
113,14,all,0.09832182554228393
113,15,last,0.2409557369238332
113,15,all,0.18482841068465528
113,16,last,0.05810713266495624
113,16,all,-0.10257212741103672
113,17,last,0.05553927373577055
113,17,all,0.030452455580057918
113,18,last,-0.0697065016670122
113,18,all,-0.1514530144238136
113,19,last,0.1094572871646115
113,19,all,0.19126971824873248
113,20,last,-0.01603909865809165
113,20,all,0.05356512471706211
113,21,last,0.054454132206674485
113,21,all,0.1667592563840581
113,22,last,0.015522526539516336
113,22,all,-0.022874454159540213
113,23,last,0.13900493901172153
113,23,all,0.19286129306013822
113,24,last,0.061544357074938744
113,24,all,0.0524720691747054
113,25,last,0.00040336041080657557
113,25,all,0.003536642215120234
113,26,last,0.07959936785786127
113,26,all,0.07466690347258956
113,27,last,0.12505765072611708
113,27,all,0.11499232896919469
113,28,last,0.0616915767914982
113,28,all,0.07372914057598189
113,29,last,0.07283139271027843
113,29,all,0.05738110935205304
113,30,last,0.020203840190709286
113,30,all,0.019411739634557567
113,31,last,0.09630098702365626
113,31,all,0.09630098702365626
114,0,last,-0.03451980294904242
114,0,all,0.7858241924828372
114,1,last,0.0040065580956175385
114,1,all,0.5140546374929673
114,2,last,-0.07105058717222214
114,2,all,-0.3203282408780258
114,3,last,0.001782365192658938
114,3,all,-0.49592849813238515
114,4,last,-0.06364122049478402
114,4,all,-0.0806608650230349
114,5,last,0.0441799702203922
114,5,all,-0.2830361616025112
114,6,last,-0.06647791544145835
114,6,all,0.22121074096467583
114,7,last,-0.11144841416411413
114,7,all,-0.28920476963866404
114,8,last,-0.09396015918401214
114,8,all,-0.03639652041422573
114,9,last,0.06878473222685016
114,9,all,-0.484698827196001
114,10,last,-0.11667612523399888
114,10,all,-0.7409965350484558
114,11,last,-0.3528736481279914
114,11,all,-0.42668110717402863
114,12,last,-0.05981636492028021
114,12,all,-0.4129576654131877
114,13,last,-0.5498444325332237
114,13,all,-0.6000969080112607
114,14,last,-0.4507818985077637
114,14,all,-0.5656332963042967
114,15,last,0.01599927459032033
114,15,all,0.4833034988763502
114,16,last,0.31452916465504355
114,16,all,0.02940499951510984
114,17,last,0.06685567463275259
114,17,all,-0.17635647583934136
114,18,last,0.33872430826130295
114,18,all,0.4287416277675062
114,19,last,0.16101469129651927
114,19,all,0.04139211439066462
114,20,last,-0.008390350230734193
114,20,all,-0.10997483822698952
114,21,last,-0.2903882867342805
114,21,all,-0.20095388572066755
114,22,last,0.01116612756917387
114,22,all,-0.013657797786450173
114,23,last,0.07867964235062144
114,23,all,0.23810890037765417
114,24,last,0.34709732848279795
114,24,all,0.3319685805181988
114,25,last,0.09849712059270732
114,25,all,0.07499220149584238
114,26,last,-0.12253174280025642
114,26,all,-0.1486699480484834
114,27,last,0.19897966507218912
114,27,all,0.16850545650220197
114,28,last,0.3339480526846285
114,28,all,0.25424699009248625
114,29,last,-0.03873134529535762
114,29,all,0.025690600868180948
114,30,last,-0.04823239157278411
114,30,all,-0.01349675123594475
114,31,last,-1.0
114,31,all,-1.0
115,0,last,0.033919460003568165
115,0,all,-0.5884696747814087
115,1,last,0.00695453993935757
115,1,all,-0.7180666935339993
115,2,last,-0.015432839504094463
115,2,all,-0.7188765116210795
115,3,last,0.017538222818331187
115,3,all,-0.6100646355757017
115,4,last,0.0024133379677086964
115,4,all,-0.40517306332964265
115,5,last,0.010993570522744812
115,5,all,-0.39363713333635814
115,6,last,0.020658624670411532
115,6,all,0.3035384810896339
115,7,last,0.020188275263008672
115,7,all,-0.023463475654234265
115,8,last,-0.00940575632944332
115,8,all,0.10313842746446357
115,9,last,-0.008039361531988174
115,9,all,0.009456055589510407
115,10,last,0.01990783122524686
115,10,all,0.1621799042343149
115,11,last,0.018038238524018514
115,11,all,0.2959773731344877
115,12,last,-0.022634051120883084
115,12,all,-0.14892440678181845
115,13,last,0.01565056344409915
115,13,all,0.008328633603149513
115,14,last,-0.014086564410666153
115,14,all,0.043072488214062156
115,15,last,-0.15128960117203435
115,15,all,0.008183586961364215
115,16,last,0.028460861119226286
115,16,all,0.017052475678254728
115,17,last,0.02619328835416099
115,17,all,0.14033811778526403
115,18,last,0.13099148874928734
115,18,all,0.20038876195454303
115,19,last,0.015110924239665093
115,19,all,0.14933716866902205
115,20,last,0.12426421934419209
115,20,all,0.4667655337973047
115,21,last,0.09414923112961668
115,21,all,0.15974295640984001
115,22,last,-0.07394329979980895
115,22,all,-0.03197287863897182
115,23,last,0.04771593113066372
115,23,all,-0.04120166369421992
115,24,last,-0.12614890182344057
115,24,all,0.07224872799330384
115,25,last,0.17735519099655564
115,25,all,0.24301389470866155
115,26,last,0.06354336319740694
115,26,all,0.15255652661641805
115,27,last,-0.06555071428028841
115,27,all,-0.09131574036302105
115,28,last,0.04264402063953148
115,28,all,0.10169986862654483
115,29,last,0.3886840420156905
115,29,all,0.42475661830478356
115,30,last,0.4048743473157749
115,30,all,0.47874579102977366
115,31,last,0.258754688866228
115,31,all,0.258754688866228
116,0,last,-0.031124854940735323
116,0,all,2.0
116,1,last,-0.026548121344770057
116,1,all,2.0
116,2,last,0.0026458043254732216
116,2,all,2.0
116,3,last,-0.04428296402913547
116,3,all,2.0
116,4,last,-0.02704642567263897
116,4,all,0.24027372240040862
116,5,last,-0.023339808095337117
116,5,all,0.687254141915156
116,6,last,-0.016866643220809188
116,6,all,0.155821679879717
116,7,last,-0.004397535693443177
116,7,all,0.17059352836836955
116,8,last,-0.010218113553973545
116,8,all,0.47501530848391865
116,9,last,0.003929896247289272
116,9,all,0.3881819462425458
116,10,last,-0.0013712951791931111
116,10,all,0.09300179485385789
116,11,last,-0.07056564249155997
116,11,all,-0.0773933700609177
116,12,last,0.06532098944073964
116,12,all,0.21707094799523544
116,13,last,-0.10974386199269984
116,13,all,-0.43114296638649824
116,14,last,-0.13995356186975283
116,14,all,-0.6871381903311712
116,15,last,-0.13166541930871775
116,15,all,-0.47222001286008475
116,16,last,0.2268185472703943
116,16,all,0.08728183613645489
116,17,last,-0.15076484922940112
116,17,all,-0.1741401135942212
116,18,last,0.20897925233268713
116,18,all,0.26480562777241673
116,19,last,-0.7893897592710958
116,19,all,-0.5923103975989398
116,20,last,0.2778928243218509
116,20,all,-0.0009213838677806963
116,21,last,0.6872479131110577
116,21,all,0.9943432876011342
116,22,last,-0.19954692637266072
116,22,all,-0.33003653912311853
116,23,last,-0.530691234347734
116,23,all,-0.49067787595863693
116,24,last,0.05250881854918695
116,24,all,-0.3610090279328324
116,25,last,0.10455622645631836
116,25,all,-0.02101311019521072
116,26,last,-0.19068956694479075
116,26,all,-0.3746884400103877
116,27,last,1.2169339143050715
116,27,all,1.0486301901510149
116,28,last,0.7060622554595468
116,28,all,0.19646223092764142
116,29,last,0.651334066096236
116,29,all,0.863080344864926
116,30,last,0.35576916626978006
116,30,all,0.34066767030269113
116,31,last,0.42614890291594276
116,31,all,0.42614890291594276
117,0,last,0.46902781079153794
117,0,all,2.0
117,1,last,0.47952840503922034
117,1,all,2.0
117,2,last,0.20696743522700262
117,2,all,2.0
117,3,last,0.25854813406227717
117,3,all,2.0
117,4,last,0.4701763727121464
117,4,all,2.0
117,5,last,-0.10401901592583788
117,5,all,2.0
117,6,last,0.11682053719990491
117,6,all,2.0
117,7,last,0.34347896363204183
117,7,all,2.0
117,8,last,0.3838326598526266
117,8,all,1.6815374376039933
117,9,last,0.20569336819586403
117,9,all,2.0
117,10,last,0.07436938435940099
117,10,all,1.3028809127644403
117,11,last,0.3657161873068695
117,11,all,-1.0
117,12,last,1.0497228428809127
117,12,all,2.0
117,13,last,1.0136515331590208
117,13,all,0.9858578559543618
117,14,last,-0.9270035654860946
117,14,all,-1.0
117,15,last,-1.0
117,15,all,-1.0
117,16,last,0.7823389588780604
117,16,all,0.15812502971238412
117,17,last,-0.539594009983361
117,17,all,-1.0
117,18,last,-1.0
117,18,all,-1.0
117,19,last,1.1617970049916806
117,19,all,1.4313306394105063
117,20,last,-1.0
117,20,all,-1.0
117,21,last,2.0
117,21,all,2.0
117,22,last,2.0
117,22,all,2.0
117,23,last,-1.0
117,23,all,-0.5449774185880675
117,24,last,-1.0
117,24,all,-1.0
117,25,last,2.0
117,25,all,1.4132997385310198
117,26,last,1.1400009507962918
117,26,all,0.9378312336581888
117,27,last,1.4017095317328263
117,27,all,1.5880494414071784
117,28,last,2.0
117,28,all,2.0
117,29,last,-0.524837651533159
117,29,all,-0.41984311861183743
117,30,last,-0.029786546232469693
117,30,all,-0.16283907772759687
117,31,last,2.0
117,31,all,2.0
118,0,last,-0.0036904223831395293
118,0,all,0.16341504495491646
118,1,last,-0.009424948492405388
118,1,all,0.05624576804157544
118,2,last,0.0033125682949050766
118,2,all,0.0646486401253747
118,3,last,0.003397495873526046
118,3,all,-0.025700999843055797
118,4,last,0.02602912466126537
118,4,all,0.08679122351529779
118,5,last,-0.00867189123457552
118,5,all,-0.01724481483996036
118,6,last,-0.01790327357524537
118,6,all,0.03032798196314958
118,7,last,-0.00530404637693795
118,7,all,-0.05512045307930464
118,8,last,-0.015405322759898886
118,8,all,-0.04886212508339962
118,9,last,0.024501802796493347
118,9,all,0.045412249021209654
118,10,last,0.01564390543741213
118,10,all,0.14870892653160628
118,11,last,0.03267708860602278
118,11,all,0.02712974680732441
118,12,last,0.06973491844522443
118,12,all,0.14445120755971305
118,13,last,-0.03280644361739056
118,13,all,-0.13703835540542192
118,14,last,-0.15866842785846472
118,14,all,-0.33301846310831895
118,15,last,0.0785377846970027
118,15,all,0.026370945892443296
118,16,last,0.1292400400445806
118,16,all,0.08512767388713086
118,17,last,-0.05900419615875017
118,17,all,-0.2400440700496414
118,18,last,-0.17675878756210575
118,18,all,-0.26493325060503536
118,19,last,0.024957318982634372
118,19,all,0.04690486348824467
118,20,last,-0.14337439459031942
118,20,all,-0.19414135198912416
118,21,last,-0.07613669059415284
118,21,all,-0.05260802039361527
118,22,last,-0.10415498605641342
118,22,all,-0.15392514895585468
118,23,last,0.010558854394710101
118,23,all,0.05665577679107968
118,24,last,0.02841799508372411
118,24,all,-0.033510017060625084
118,25,last,-0.014388057277711759
118,25,all,0.0232424691696935
118,26,last,-0.06621862214380085
118,26,all,-0.07347143735803165
118,27,last,0.13685421474218074
118,27,all,0.15535566319921598
118,28,last,0.06176664974496936
118,28,all,0.06636879177559366
118,29,last,0.015153878217877727
118,29,all,0.02084461507851358
118,30,last,-0.008247744252329752
118,30,all,-0.003308690099118339
118,31,last,0.04543335818815013
118,31,all,0.04543335818815013
119,0,last,0.002201062431912756
119,0,all,-0.08779970173547622
119,1,last,0.00022045455153155047
119,1,all,0.1619538085441232
119,2,last,0.005163160995995791
119,2,all,0.05854011238467652
119,3,last,0.0015587325967210042
119,3,all,0.34268073297584933
119,4,last,0.006970212811470335
119,4,all,0.721997276017683
119,5,last,0.012326526614345829
119,5,all,0.2288730233853516
119,6,last,0.007400743029646458
119,6,all,0.053141122014452195
119,7,last,0.006453414709420073
119,7,all,-0.08472554639727445
119,8,last,-0.008392753328877801
119,8,all,-0.10120876363486421
119,9,last,0.006490743512352562
119,9,all,-0.08293443232706701
119,10,last,-0.022358932659402433
119,10,all,-0.02650809419327074
119,11,last,0.007226377763545219
119,11,all,0.021032264892222142
119,12,last,0.057685807019165966
119,12,all,0.051557585641984344
119,13,last,-0.033486434199347485
119,13,all,-0.1799455175390489
119,14,last,-0.014306325293532455
119,14,all,0.029692758268523353
119,15,last,0.023001262494594183
119,15,all,0.002187130098301761
119,16,last,-0.04370573053769097
119,16,all,-0.053058724223247776
119,17,last,0.09663484183916374
119,17,all,0.07432569264455817
119,18,last,-0.008305711426469718
119,18,all,-0.020514868684941102
119,19,last,0.01281148440852248
119,19,all,-0.03235583939987951
119,20,last,0.01630807795295459
119,20,all,-0.025817986304938253
119,21,last,0.021013055159516073
119,21,all,0.026092622153845894
119,22,last,-0.04046407055221156
119,22,all,-0.06815310593231728
119,23,last,-0.043759384095157554
119,23,all,-0.03508154566716387
119,24,last,0.009579570020038636
119,24,all,0.025529031113152644
119,25,last,-0.013379121455188618
119,25,all,0.006102010295009424
119,26,last,0.06196007809424815
119,26,all,0.05100732882967131
119,27,last,0.0453807770104674
119,27,all,0.016261390562293504
119,28,last,0.07135905551725337
119,28,all,0.07939055328674305
119,29,last,0.032804101679015076
119,29,all,0.03604632458706463
119,30,last,-0.0037058951925427394
119,30,all,0.00943014926032678
119,31,last,-0.1929933590617094
119,31,all,-0.1929933590617094
120,0,last,0.6669176004298045
120,0,all,2.0
120,1,last,0.38833769250319294
120,1,all,2.0
120,2,last,0.5655130147761381
120,2,all,2.0
120,3,last,0.5408933563677659
120,3,all,2.0
120,4,last,0.5678172623126442
120,4,all,2.0
120,5,last,0.38364555284246826
120,5,all,2.0
120,6,last,0.6312681162917138
120,6,all,2.0
120,7,last,0.22798377938418282
120,7,all,2.0
120,8,last,0.32215471675047214
120,8,all,2.0
120,9,last,1.5167490244145683
120,9,all,-1.0
120,10,last,1.2811688687712932
120,10,all,0.6997046702633839
120,11,last,0.476585949639524
120,11,all,2.0
120,12,last,1.6435847818323956
120,12,all,2.0
120,13,last,2.0
120,13,all,1.2886011729544877
120,14,last,0.5680963456966468
120,14,all,0.28856658913456806
120,15,last,-1.0
120,15,all,-1.0
120,16,last,1.6163391659347766
120,16,all,1.4800290504087326
120,17,last,1.0558464349711587
120,17,all,-0.025832504930205027
120,18,last,2.0
120,18,all,2.0
120,19,last,-1.0
120,19,all,-1.0
120,20,last,1.8468700838697847
120,20,all,2.0
120,21,last,-1.0
120,21,all,-1.0
120,22,last,1.6471364597106541
120,22,all,2.0
120,23,last,-1.0
120,23,all,-0.6885469648274508
120,24,last,2.0
120,24,all,2.0
120,25,last,-1.0
120,25,all,-1.0
120,26,last,-1.0
120,26,all,-1.0
120,27,last,-1.0
120,27,all,-1.0
120,28,last,1.0899219531654651
120,28,all,1.036365288782939
120,29,last,2.0
120,29,all,2.0
120,30,last,-1.0
120,30,all,-1.0
120,31,last,1.3255781127850752
120,31,all,1.3255781127850752
121,0,last,-0.011370753809686123
121,0,all,-1.0
121,1,last,-0.029078179587398726
121,1,all,-1.0
121,2,last,0.03542109150812637
121,2,all,-1.0
121,3,last,0.020406205320963666
121,3,all,1.2083598206325596
121,4,last,0.010738178604606177
121,4,all,1.4815063401819415
121,5,last,-0.08622132644234556
121,5,all,-1.0
121,6,last,0.007316344542108371
121,6,all,0.8958013698256168
121,7,last,0.0036776721232453058
121,7,all,0.8000383757091121
121,8,last,-0.03876648615003498
121,8,all,0.752461856339129
121,9,last,-0.09806319668096916
121,9,all,-0.9461788479643324
121,10,last,0.0504156978490103
121,10,all,0.8951960944136044
121,11,last,0.020487324706078728
121,11,all,0.6004121488759115
121,12,last,0.017560006895147733
121,12,all,0.21860660296194956
121,13,last,-0.4570359756673044
121,13,all,-0.38753694246997605
121,14,last,-0.12746117384430225
121,14,all,-0.06460535029144479
121,15,last,-0.06819410308869858
121,15,all,0.002881298159759949
121,16,last,0.640172347493606
121,16,all,0.715777174409018
121,17,last,0.7972803166152
121,17,all,1.3105624459366598
121,18,last,1.2676354713231273
121,18,all,2.0
121,19,last,0.19419824797728033
121,19,all,0.5384930982223155
121,20,last,0.5419757718236495
121,20,all,0.824254072154133
121,21,last,-0.10810484056530852
121,21,all,0.10726322694473976
121,22,last,1.2504276317585512
121,22,all,1.5554010300601921
121,23,last,1.311947715436317
121,23,all,0.9799210021988033
121,24,last,1.7963084439819945
121,24,all,1.593862538521958
121,25,last,1.523346003037297
121,25,all,1.7958954371125866
121,26,last,-1.0
121,26,all,-1.0
121,27,last,1.2007306984613058
121,27,all,1.715755334574564
121,28,last,-0.2772816582050308
121,28,all,-0.13581335053480295
121,29,last,-0.3687515648631383
121,29,all,0.014293001659047424
121,30,last,-0.2851900182596616
121,30,all,-0.28291087553556343
121,31,last,-1.0
121,31,all,-1.0
122,0,last,0.023288782264695898
122,0,all,1.0770070668703955
122,1,last,0.0018675139401306525
122,1,all,0.947288095676721
122,2,last,0.021352948450737604
122,2,all,0.9098013555073243
122,3,last,0.00029343653380279613
122,3,all,1.2859935919347587
122,4,last,0.00037968368522750854
122,4,all,0.9550217091750514
122,5,last,0.021504081644211415
122,5,all,0.5994687639262504
122,6,last,0.0016762896457619002
122,6,all,0.4821077965418103
122,7,last,0.02455564321488888
122,7,all,0.07776094902904838
122,8,last,-0.0017441635674105105
122,8,all,0.17063668904766868
122,9,last,-0.0047168807928351895
122,9,all,-0.09295815198130533
122,10,last,-0.0005099909119405435
122,10,all,-0.0010432159324086337
122,11,last,-0.02446859334954191
122,11,all,0.7360971843961868
122,12,last,0.0008732189617617858
122,12,all,0.13823264424356677
122,13,last,0.005441463893325741
122,13,all,0.44556201547017027
122,14,last,0.05349245442223796
122,14,all,0.3776638340230207
122,15,last,-0.046701048687765645
122,15,all,-0.1301042738763577
122,16,last,0.31142468387230443
122,16,all,0.2991200605389002
122,17,last,0.0073195914953173465
122,17,all,0.17331886842845426
122,18,last,0.3072073587104205
122,18,all,0.7855642960696139
122,19,last,0.45932178076375463
122,19,all,0.441677326038626
122,20,last,-0.1178903572161685
122,20,all,-0.2830564616932207
122,21,last,0.04697423899264041
122,21,all,-0.10227984578438507
122,22,last,0.3262198609351644
122,22,all,0.18393551816900597
122,23,last,0.17418321294185332
122,23,all,0.1894542655749579
122,24,last,0.1506471947891023
122,24,all,0.26746044370725575
122,25,last,0.010328653823333101
122,25,all,-0.023093455210280053
122,26,last,-0.05733156754108524
122,26,all,0.09799174801168876
122,27,last,-0.16364893056876875
122,27,all,-0.20888025466009993
122,28,last,0.22132414885901575
122,28,all,0.21479799548063142
122,29,last,0.165733979981831
122,29,all,0.11300597678488904
122,30,last,0.2501222243434681
122,30,all,0.34224568763127994
122,31,last,0.24742338864879568
122,31,all,0.24742338864879568
123,0,last,0.03601333060123326
123,0,all,2.0
123,1,last,0.03578932988947002
123,1,all,-0.023867689196453545
123,2,last,-0.0023159862694256154
123,2,all,1.1244300333383133
123,3,last,0.03922354818308456
123,3,all,2.0
123,4,last,0.037594720511871155
123,4,all,0.48469974751694817
123,5,last,0.08143685630551177
123,5,all,0.3770739011416753
123,6,last,0.03910997312975645
123,6,all,1.117488766994184
123,7,last,0.04625595014192945
123,7,all,0.6509405569429296
123,8,last,0.0533139409342798
123,8,all,0.28786532242619145
123,9,last,0.027947730280309925
123,9,all,-0.5269417938677738
123,10,last,0.11072524462432738
123,10,all,0.4867976381900349
123,11,last,0.03515866356215065
123,11,all,0.7310497464638692
123,12,last,-0.13352253323152916
123,12,all,0.46129974346210223
123,13,last,-0.01451752943355574
123,13,all,0.3531073996804545
123,14,last,0.12133713071622554
123,14,all,0.5824309824871992
123,15,last,-0.12868821207080391
123,15,all,-0.09187749405010412
123,16,last,0.0787203063731352
123,16,all,0.2303388689853693
123,17,last,-0.44380229594824444
123,17,all,-0.4691507912559413
123,18,last,0.12956964896647685
123,18,all,0.06564716817237268
123,19,last,-0.5320778664266828
123,19,all,-0.3660557431085827
123,20,last,-0.5109105865137793
123,20,all,-0.6280170957028278
123,21,last,0.9017371078043777
123,21,all,0.8512467962288358
123,22,last,-0.27611709528946976
123,22,all,-0.4281480317955035
123,23,last,-0.9664654400167233
123,23,all,-0.9675460761393773
123,24,last,0.5166562638216607
123,24,all,0.2746327461089718
123,25,last,-1.0
123,25,all,-1.0
123,26,last,0.008063631949115227
123,26,all,-0.12424303801654259
123,27,last,-1.0
123,27,all,-0.8516385022186502
123,28,last,-0.38947995813666836
123,28,all,-0.3807126332661528
123,29,last,-0.3214288174750474
123,29,all,-0.28560051382377677
123,30,last,-0.02877995788078005
123,30,all,-0.06386776005783863
123,31,last,0.6648124604234243
123,31,all,0.6648124604234243
124,0,last,-6.976456608093086e-05
124,0,all,0.14853355543373392
124,1,last,0.018850154308639764
124,1,all,-0.0457086856554133
124,2,last,0.01552393850402287
124,2,all,0.1926728689900802
124,3,last,-0.0007313707117109909
124,3,all,-0.00590849666287315
124,4,last,-0.0011625223428462224
124,4,all,-0.030027032942761975
124,5,last,0.016607769061431833
124,5,all,-0.08363614240964827
124,6,last,0.005624478832240355
124,6,all,0.12612722676261334
124,7,last,0.01545566180783466
124,7,all,-0.1530748649840732
124,8,last,-0.011729043683198775
124,8,all,0.24801022199680076
124,9,last,-0.033946247559066785
124,9,all,0.05456547917015214
124,10,last,-0.011471311554004056
124,10,all,-0.0207433860876891
124,11,last,0.05925722889853322
124,11,all,0.2693284218197112
124,12,last,-0.08423029845347497
124,12,all,0.0249674487131248
124,13,last,0.19318296038496816
124,13,all,0.3824996081942616
124,14,last,0.09235671316976463
124,14,all,0.2727477121520616
124,15,last,0.13130038506072825
124,15,all,0.41726484546983295
124,16,last,-0.014745121274621766
124,16,all,-0.06074790921216297
124,17,last,0.0894198233204098
124,17,all,0.22261906100200432
124,18,last,0.15157542276996408
124,18,all,0.14911432064852612
124,19,last,0.0028380291609273463
124,19,all,-0.10653479069638262
124,20,last,-0.1400518704508378
124,20,all,-0.30591811822151277
124,21,last,-0.004844504370700469
124,21,all,-0.0006801218598505914
124,22,last,-0.2016734899277821
124,22,all,-0.2308479734220148
124,23,last,-0.026346208147046513
124,23,all,-0.022182982868335418
124,24,last,-0.00991731411049517
124,24,all,0.1341351078441162
124,25,last,-0.14509938640245623
124,25,all,-0.21803939747220824
124,26,last,-0.22523953052084042
124,26,all,-0.212606523218375
124,27,last,0.100297805424972
124,27,all,0.016873932453351972
124,28,last,0.19575457817565992
124,28,all,0.1389164604038145
124,29,last,0.01796586363573242
124,29,all,0.029097444897565116
124,30,last,0.29910450070723416
124,30,all,0.26917624579346117
124,31,last,-0.095776499458746
124,31,all,-0.095776499458746
125,0,last,0.003821043814902513
125,0,all,-1.0
125,1,last,-0.05350640740376469
125,1,all,-1.0
125,2,last,0.057463503376768234
125,2,all,-1.0
125,3,last,-0.0545244819119077
125,3,all,-1.0
125,4,last,-0.16591897651710266
125,4,all,-0.6543191610931265
125,5,last,0.0016819079482892285
125,5,all,-1.0
125,6,last,0.001738350639266127
125,6,all,-0.42000375301773585
125,7,last,0.11430782200923764
125,7,all,-1.0
125,8,last,-0.05361002607525959
125,8,all,-0.6027820349654046
125,9,last,-0.2189797393906169
125,9,all,-0.4922337595107514
125,10,last,-0.2207105081758712
125,10,all,-1.0
125,11,last,0.1707646236588806
125,11,all,-1.0
125,12,last,-0.05419130154949929
125,12,all,-1.0
125,13,last,-0.709513478746273
125,13,all,-1.0
125,14,last,-0.4522877086141866
125,14,all,-1.0
125,15,last,0.12336624208986224
125,15,all,0.3127914933282844
125,16,last,-0.49244541960191474
125,16,all,-0.46798530552449685
125,17,last,-0.613285430056449
125,17,all,-0.5819053999438522
125,18,last,0.034894430054132335
125,18,all,-0.220999461056544
125,19,last,-0.6099452021501296
125,19,all,-0.09902849071191293
125,20,last,-0.006058533176613603
125,20,all,0.28296995542922876
125,21,last,-0.02344351381866606
125,21,all,1.0378975813675095
125,22,last,-1.0
125,22,all,-0.3596808376432312
125,23,last,-0.4395373468439164
125,23,all,-0.17648513251080045
125,24,last,0.02251726398688845
125,24,all,0.04531632021454962
125,25,last,0.1281249085175601
125,25,all,0.2019260436474699
125,26,last,0.1312831719275958
125,26,all,0.18569887529513945
125,27,last,-0.6381261110838492
125,27,all,-0.4542848953251341
125,28,last,-0.3616057861340105
125,28,all,0.07365244654845574
125,29,last,-0.09833222378516059
125,29,all,-0.02468988637538728
125,30,last,-1.0
125,30,all,-1.0
125,31,last,0.21376826779276856
125,31,all,0.21376826779276856
126,0,last,-6.339427249789453e-05
126,0,all,1.7219262497391234
126,1,last,-3.1924355863635056e-05
126,1,all,0.3568880546899435
126,2,last,0.034286530977929365
126,2,all,1.065885224328813
126,3,last,0.009827361945054434
126,3,all,1.2828738782309634
126,4,last,0.031302569388041906
126,4,all,0.9683782154557736
126,5,last,0.02209750516271367
126,5,all,0.015088632123150305
126,6,last,0.00993744984837067
126,6,all,0.2426974740109045
126,7,last,-0.0030804163163224234
126,7,all,0.3648352879332638
126,8,last,0.029897216071197903
126,8,all,0.53760206279055
126,9,last,0.022709407585067898
126,9,all,0.4273162511899207
126,10,last,0.004847900894075101
126,10,all,0.2209543746422001
126,11,last,0.0070219949723115856
126,11,all,0.05965185183417922
126,12,last,-0.08610867891448555
126,12,all,-0.006996432765659209
126,13,last,0.06889980376177977
126,13,all,0.23732554788045568
126,14,last,0.055037191874581136
126,14,all,0.23746148201494263
126,15,last,0.07477405565539964
126,15,all,0.41625571159105196
126,16,last,0.11767612956834976
126,16,all,0.1623041068695647
126,17,last,0.03013937537555142
126,17,all,0.14679125572579227
126,18,last,0.3700217460532237
126,18,all,0.4675534934618124
126,19,last,0.28274118197598586
126,19,all,0.33792385120887086
126,20,last,0.43576882085630664
126,20,all,0.4832433486854266
126,21,last,0.025278863792861147
126,21,all,0.026173825050212693
126,22,last,0.20029846432487317
126,22,all,0.2362114901096414
126,23,last,0.032473772891950144
126,23,all,0.4552751135331207
126,24,last,0.12383338349206327
126,24,all,0.13341620032680998
126,25,last,0.3114862809909093
126,25,all,0.2770744952003833
126,26,last,-0.03633707439067936
126,26,all,-0.10217924060250916
126,27,last,0.40934437257109335
126,27,all,0.46181307392124366
126,28,last,-0.28611755184043913
126,28,all,-0.1526008068341298
126,29,last,-0.14205946405482264
126,29,all,-0.14832487451512755
126,30,last,0.49960566035870935
126,30,all,0.5245234721838316
126,31,last,0.28685323214789454
126,31,all,0.28685323214789454
127,0,last,0.036054957478083544
127,0,all,-1.0
127,1,last,0.03291410388453384
127,1,all,-1.0
127,2,last,0.06878077039463673
127,2,all,-0.9065645097220235
127,3,last,0.00025163022610181124
127,3,all,-1.0
127,4,last,0.032698184014428366
127,4,all,-1.0
127,5,last,0.0325883591284822
127,5,all,-0.4884513606647182
127,6,last,0.03594071196779741
127,6,all,-0.19936338865169093
127,7,last,0.03606455852157192
127,7,all,-0.40819976083040876
127,8,last,-0.03329773119053699
127,8,all,-0.8842816620138444
127,9,last,-0.10434089423566473
127,9,all,-0.5849180177948089
127,10,last,0.03537535555806825
127,10,all,-0.2553785701808305
127,11,last,0.06933970308462187
127,11,all,-0.3765510606631917
127,12,last,0.0034147941581173058
127,12,all,-0.42395666185670505
127,13,last,-0.008279484027489929
127,13,all,-0.3876763906817936
127,14,last,0.01430044345078633
127,14,all,-0.473772884760609
127,15,last,0.11899215567118097
127,15,all,0.18654088424781662
127,16,last,-0.1698302335201715
127,16,all,-0.6526970332706549
127,17,last,-0.34768175897747644
127,17,all,-0.3578772382950674
127,18,last,-0.23391291632524827
127,18,all,-0.6781167283815756
127,19,last,-0.007125562930246761
127,19,all,0.08711917789096571
127,20,last,0.18079179322142847
127,20,all,0.3554408526334453
127,21,last,0.06016165808777744
127,21,all,0.4979819504526754
127,22,last,-0.2894049445926543
127,22,all,-0.20077322245486526
127,23,last,0.17980026099642393
127,23,all,0.15884608719142748
127,24,last,-0.05283212478759418
127,24,all,0.1406785644547405
127,25,last,-0.20147582543589945
127,25,all,-0.20835576742625656
127,26,last,0.08318558202319958
127,26,all,-0.041730348408053744
127,27,last,0.15560611491150497
127,27,all,0.10014109389592593
127,28,last,-0.42058268940147714
127,28,all,-0.4344816849043898
127,29,last,0.14700862222055835
127,29,all,0.2623126648193522
127,30,last,-0.17769148504174692
127,30,all,-0.1783262590680647
127,31,last,0.013600154390305073
127,31,all,0.013600154390305073
128,0,last,0.0013061850045221447
128,0,all,0.08070671349275986
128,1,last,-0.01590281198657602
128,1,all,0.1603521437055797
128,2,last,0.00883576625315397
128,2,all,0.09573523141938771
128,3,last,-0.0037295907796666837
128,3,all,0.013420410634698114
128,4,last,-0.003080320884969329
128,4,all,0.21352678106117115
128,5,last,0.014615485179368214
128,5,all,0.19258832071065843
128,6,last,0.005589034518910822
128,6,all,0.07244650451844956
128,7,last,0.015805590334205484
128,7,all,0.28192316915573634
128,8,last,0.0064219807070447854
128,8,all,0.1437840705826648
128,9,last,-0.006740021656346051
128,9,all,0.12413535802415021
128,10,last,-0.013660279259321366
128,10,all,0.07142618684956739
128,11,last,-0.028795447936976925
128,11,all,0.06909070104838835
128,12,last,0.049612476787215566
128,12,all,0.03258632785791521
128,13,last,0.012679844129353982
128,13,all,0.0073652728335180506
128,14,last,0.08369051353674532
128,14,all,0.08896271759875006
128,15,last,0.1616201026344647
128,15,all,0.284339534961951
128,16,last,0.043709478767071444
128,16,all,-0.1582724540605394
128,17,last,0.057295153468774264
128,17,all,0.0887899994469961
128,18,last,0.004276223661278234
128,18,all,-0.044701445429856046
128,19,last,0.08272912773447047
128,19,all,0.10762411433368255
128,20,last,-0.01279828125370315
128,20,all,-0.07056769290088259
128,21,last,0.143453160187899
128,21,all,0.2932583155093637
128,22,last,0.028032774017889294
128,22,all,0.03717880858496497
128,23,last,-0.027047624338593326
128,23,all,-0.014520939352292277
128,24,last,0.06014732839231574
128,24,all,0.0879549508247021
128,25,last,-0.04658529014738191
128,25,all,-0.08370064344678918
128,26,last,0.14308383258711788
128,26,all,0.06229588868362902
128,27,last,-0.07104545513622117
128,27,all,-0.13413969540953252
128,28,last,0.13517396559602224
128,28,all,0.11912614936252922
128,29,last,0.06170140949734494
128,29,all,0.054370094161017915
128,30,last,-0.029334308183208917
128,30,all,-0.007402734387642478
128,31,last,-0.15450763158116046
128,31,all,-0.15450763158116046
129,0,last,-6.002039099832235e-05
129,0,all,-0.1375651427064469
129,1,last,-6.926246890425871e-05
129,1,all,-0.11093993791342031
129,2,last,-2.8257387620449106e-05
129,2,all,-0.11053966033239081
129,3,last,-5.842692929040229e-07
129,3,all,-0.28919431123547196
129,4,last,-0.05551910069270436
129,4,all,-0.018841728619129985
129,5,last,-5.577115977720219e-06
129,5,all,0.2787319869113055
129,6,last,1.0091924150160395e-06
129,6,all,0.054928802803005376
129,7,last,4.33421584554257e-05
129,7,all,0.16720273374290612
129,8,last,2.5867195058569013e-05
129,8,all,0.05483282329279832
129,9,last,-0.055490312151181276
129,9,all,-0.11054778698710119
129,10,last,-9.613885637784377e-05
129,10,all,0.1670965029623781
129,11,last,0.00024342783357992153
129,11,all,0.11354009561301401
129,12,last,0.00020491917563852003
129,12,all,0.05742129560653394
129,13,last,-0.0001715627105527267
129,13,all,0.05685933477754079
129,14,last,0.05555567063890113
129,14,all,0.11297553212989793
129,15,last,-3.983654269800156e-06
129,15,all,-0.11016065546516202
129,16,last,0.055601349874528166
129,16,all,0.1681489844204593
129,17,last,-0.05595849775866332
129,17,all,0.05543748889556372
129,18,last,-0.055057660739785845
129,18,all,-0.05469639641290523
129,19,last,-0.05692997824659192
129,19,all,-0.0012578786722320973
129,20,last,-7.765470056597104e-05
129,20,all,0.00038529904097507107
129,21,last,0.27823089631955494
129,21,all,0.7237163670029136
129,22,last,0.22176355312216248
129,22,all,0.33311003623266344
129,23,last,0.11125778040876011
129,23,all,0.1668235429718114
129,24,last,-0.10983064954545177
129,24,all,-0.11003538281722436
129,25,last,0.22159953279702724
129,25,all,0.277121740740062
129,26,last,-0.1674425762876432
129,26,all,-0.22302233475602906
129,27,last,0.055869635710751646
129,27,all,0.11141505507933182
129,28,last,-0.2774242860030058
129,28,all,-0.2770880124672444
129,29,last,0.05571990342559742
129,29,all,-6.87844303918827e-05
129,30,last,-0.056857927219698796
129,30,all,-0.11253220452505944
129,31,last,0.49965844148290733
129,31,all,0.49965844148290733
130,0,last,-0.004867123797920697
130,0,all,-0.5592324152554703
130,1,last,0.0007850981936557761
130,1,all,0.31075459637101543
130,2,last,0.029846462680978774
130,2,all,-0.593324349465818
130,3,last,-0.0201689604063159
130,3,all,0.07514220280486787
130,4,last,0.045464884831248144
130,4,all,-1.0
130,5,last,0.03561593408618693
130,5,all,-0.7168761312689029
130,6,last,0.0008447535313049872
130,6,all,-0.17225696997445006
130,7,last,-0.03170426569614384
130,7,all,-0.28508643233920705
130,8,last,0.02486499948589709
130,8,all,-0.3887082388386318
130,9,last,-0.048237645525073675
130,9,all,0.06966106553163091
130,10,last,0.14036646322418184
130,10,all,-0.06611048168532634
130,11,last,0.05931692698380673
130,11,all,0.21598978875220434
130,12,last,0.08920509990086543
130,12,all,0.27074841743604267
130,13,last,0.08823618566681088
130,13,all,0.11481033482649512
130,14,last,0.09188110254704042
130,14,all,-0.04129592248492126
130,15,last,0.17618015717968963
130,15,all,0.2632682200981258
130,16,last,0.03746864457252828
130,16,all,0.5547817875649176
130,17,last,-0.3087704501407478
130,17,all,-0.6964238080087534
130,18,last,0.3945782270627652
130,18,all,0.5146142239665077
130,19,last,0.06869651632228238
130,19,all,0.18628482562211301
130,20,last,0.3274099543903419
130,20,all,0.6436542968333201
130,21,last,-0.08242233651042465
130,21,all,-0.09664370825338871
130,22,last,0.17551691592574414
130,22,all,0.21822262014003
130,23,last,-0.1328455256556752
130,23,all,0.09392478286427101
130,24,last,0.6073264999679898
130,24,all,0.4930887108821036
130,25,last,-0.19674403107121585
130,25,all,0.24458082182745156
130,26,last,-0.07548340223605665
130,26,all,0.14071893896919457
130,27,last,0.1451838742407282
130,27,all,0.30666032444743635
130,28,last,0.1562518793856373
130,28,all,0.6168053936185279
130,29,last,-0.6008347382246183
130,29,all,-0.7909416279796143
130,30,last,0.31065056328218815
130,30,all,0.3353073753397444
130,31,last,0.22686500530593004
130,31,all,0.22686500530593004
131,0,last,-0.002357577620614824
131,0,all,0.037416440073290425
131,1,last,-0.0020485764273532998
131,1,all,0.2861398542100275
131,2,last,0.0026279349176797527
131,2,all,0.23265780170022146
131,3,last,0.002196403078133809
131,3,all,0.12526521435939195
131,4,last,0.019497670342969328
131,4,all,0.5973527981255361
131,5,last,-0.0180711456625426
131,5,all,0.3479768370585866
131,6,last,-0.018442786961799382
131,6,all,0.05382964760716045
131,7,last,-0.007323643230551734
131,7,all,0.15246426826882695
131,8,last,0.00197663779006106
131,8,all,0.13696826586240704
131,9,last,-0.008273143257022553
131,9,all,0.14266791560273054
131,10,last,-0.012304206550575337
131,10,all,0.12951569299629123
131,11,last,0.01641865667317847
131,11,all,0.01289901260095968
131,12,last,-0.07350933919987337
131,12,all,0.06547805774077985
131,13,last,0.011467038781224506
131,13,all,0.21002952583639414
131,14,last,0.002369575725514155
131,14,all,0.013563207691345152
131,15,last,-0.06679010050362545
131,15,all,0.10791830430383521
131,16,last,-0.0870667977992876
131,16,all,0.02338385651986269
131,17,last,-0.07177421326301511
131,17,all,0.053435059932283695
131,18,last,-0.14757354075923707
131,18,all,0.052075374694566995
131,19,last,-0.0952961479734276
131,19,all,0.05376310811707291
131,20,last,0.0925721282323457
131,20,all,0.13241443513996964
131,21,last,0.10683447549459563
131,21,all,0.16943948703302314
131,22,last,0.4027653832077223
131,22,all,0.33531318728206877
131,23,last,0.05112492481812498
131,23,all,0.10594231641112287
131,24,last,-0.05413389955056599
131,24,all,0.029882680030689154
131,25,last,0.03871253535504067
131,25,all,0.06594833346072988
131,26,last,0.07370070897301771
131,26,all,0.02132753131642857
131,27,last,0.32949620607425056
131,27,all,0.3812321843764777
131,28,last,0.15201423935089453
131,28,all,0.25421694643331083
131,29,last,0.019064688732414715
131,29,all,0.053631378923699
131,30,last,0.34182170926102223
131,30,all,0.38708765950418134
131,31,last,0.0562101216112915
131,31,all,0.0562101216112915
132,0,last,-0.0017619411166267262
132,0,all,-1.0
132,1,last,-0.004625189699645475
132,1,all,-1.0
132,2,last,-0.05295727826980349
132,2,all,-1.0
132,3,last,0.05969081440191413
132,3,all,-1.0
132,4,last,0.006783812665614043
132,4,all,0.2520385248965623
132,5,last,-0.003327803752590184
132,5,all,0.4777165605119559
132,6,last,-0.05887734008982908
132,6,all,1.3061951498730895
132,7,last,-0.10559404363852279
132,7,all,0.3012245603882756
132,8,last,-0.050471857836062804
132,8,all,-0.5213583512715815
132,9,last,-9.678232699404902e-05
132,9,all,-0.35552120551060973
132,10,last,-0.09813325744928543
132,10,all,0.2698042407753245
132,11,last,-0.1669912435875424
132,11,all,-0.4777349114466846
132,12,last,-0.13479666535863885
132,12,all,-0.05893691778203061
132,13,last,-0.0890294341451569
132,13,all,-0.23378789185215984
132,14,last,0.13038339124771023
132,14,all,0.3882489663773168
132,15,last,0.01647687694240245
132,15,all,0.49465748985859476
132,16,last,-0.1911684744013259
132,16,all,-0.07253194382401805
132,17,last,0.26428965919800385
132,17,all,0.9856842598502413
132,18,last,-0.23691836021074916
132,18,all,0.18724112298670764
132,19,last,0.43905139242116453
132,19,all,1.2868158086515356
132,20,last,-0.14140978919300884
132,20,all,0.5180481443057176
132,21,last,-0.7405756009491204
132,21,all,-0.2870737272684081
132,22,last,-0.82617165062133
132,22,all,-0.4773719148747901
132,23,last,-0.08445628065768744
132,23,all,-0.11430294477198209
132,24,last,-0.09563602203017145
132,24,all,0.05758523317879165
132,25,last,-0.06751912205106135
132,25,all,0.02159276560904113
132,26,last,0.2334133316775595
132,26,all,0.10845352148152877
132,27,last,0.03638487591374457
132,27,all,0.15799576621311368
132,28,last,-1.0
132,28,all,-1.0
132,29,last,0.3054922839347119
132,29,all,0.13225091308469408
132,30,last,-0.30085226265768295
132,30,all,-0.4639862905948443
132,31,last,1.771013517097415
132,31,all,1.771013517097415
133,0,last,-0.015428276083415139
133,0,all,1.1719643812020955
133,1,last,-0.034331038180297466
133,1,all,-0.3476744250598833
133,2,last,-0.02386222721083532
133,2,all,0.11581924279615298
133,3,last,-0.013967008472811624
133,3,all,-1.0
133,4,last,-0.024614220175673912
133,4,all,-0.32065866378791613
133,5,last,-0.018163377622695435
133,5,all,-0.6680143951325956
133,6,last,-0.027077580513445967
133,6,all,-0.5805398861603843
133,7,last,-0.04272377648006508
133,7,all,-0.8535574621140731
133,8,last,-0.02590066259500239
133,8,all,0.08958106784318312
133,9,last,-0.029968124041954657
133,9,all,-0.6253999549669879
133,10,last,-0.03232346537026291
133,10,all,-0.18019339730981856
133,11,last,-0.060425532795766256
133,11,all,-0.7995313028833266
133,12,last,-0.17177506565589226
133,12,all,-0.08357585075084974
133,13,last,-0.011215911087182161
133,13,all,0.024431867527293382
133,14,last,-0.18260143083786526
133,14,all,0.02510990322607052
133,15,last,0.0364919829288564
133,15,all,0.06264011067620182
133,16,last,0.10684886625675272
133,16,all,0.21472447766269445
133,17,last,-0.33058728561684547
133,17,all,-0.32055224436308727
133,18,last,-0.08451772382117434
133,18,all,-0.008209821092104178
133,19,last,-0.23359505988045082
133,19,all,0.016316327835435487
133,20,last,-0.38485780492387905
133,20,all,-0.24266583387899557
133,21,last,-0.2225601841366557
133,21,all,-0.12274704384997816
133,22,last,-0.3411588463757976
133,22,all,-0.5508152753557923
133,23,last,-0.16879946186209152
133,23,all,-0.030373665793513006
133,24,last,0.25147916884453253
133,24,all,0.346749488768046
133,25,last,-0.3357306088706001
133,25,all,-0.558704709054844
133,26,last,-0.15731049226840765
133,26,all,-0.06497813885316744
133,27,last,-0.3124700136689212
133,27,all,-0.41110426007966494
133,28,last,-0.3356549579266899
133,28,all,-0.49736562524611255
133,29,last,0.23985395227723927
133,29,all,0.2970673309396647
133,30,last,0.07008438938067753
133,30,all,0.12868103237945083
133,31,last,0.17091590052051425
133,31,all,0.17091590052051425
134,0,last,0.04573920967546646
134,0,all,-1.0
134,1,last,0.07896282740888799
134,1,all,-1.0
134,2,last,0.000900539338330199
134,2,all,-1.0
134,3,last,0.11024567667769515
134,3,all,-1.0
134,4,last,0.013707334129871653
134,4,all,-1.0
134,5,last,0.06676624490422382
134,5,all,-1.0
134,6,last,0.04441215668990378
134,6,all,-1.0
134,7,last,0.0057001315667611
134,7,all,-0.5032320232051449
134,8,last,-0.018435767767260174
134,8,all,-0.2665673073786204
134,9,last,0.10882338065489112
134,9,all,-0.29516474089624356
134,10,last,0.03958497682309953
134,10,all,0.6169563697120135
134,11,last,0.02269696314838887
134,11,all,-0.8754591097556677
134,12,last,-0.08424804965249429
134,12,all,-0.2884224096576002
134,13,last,-0.01576151844113203
134,13,all,-0.1937902415516689
134,14,last,-0.017295478714494873
134,14,all,0.07453588724800828
134,15,last,0.12385754882081457
134,15,all,0.8642075133400463
134,16,last,0.48501126385758825
134,16,all,0.791006999159015
134,17,last,-0.043218662905989864
134,17,all,0.5992470764219183
134,18,last,-0.1885153099350749
134,18,all,0.2820540441835734
134,19,last,-0.72641382815047
134,19,all,-1.0
134,20,last,-0.5908177392017933
134,20,all,0.11710733539977881
134,21,last,-0.27428812398147423
134,21,all,-0.23499084681569685
134,22,last,-0.01570700001291802
134,22,all,0.485354357741168
134,23,last,1.0679019360172601
134,23,all,1.2521378777618017
134,24,last,0.2649899951020994
134,24,all,0.4050167463533412
134,25,last,-0.12920320112942915
134,25,all,-0.1270719465903321
134,26,last,-0.015480606218647799
134,26,all,-0.34335706089182955
134,27,last,0.8498474907181829
134,27,all,1.2049227294333609
134,28,last,0.13892193201924216
134,28,all,0.4569622988647687
134,29,last,-0.5555040294373238
134,29,all,-0.622751744316016
134,30,last,0.2766549681942993
134,30,all,0.40826770869117895
134,31,last,0.1692490666729724
134,31,all,0.1692490666729724
135,0,last,-0.01084099764010753
135,0,all,1.0497941176871872
135,1,last,0.0027902351660815824
135,1,all,0.09355746854348383
135,2,last,-0.01199530522837383
135,2,all,0.2358650900092731
135,3,last,0.0027047351112796858
135,3,all,0.4933705053917335
135,4,last,0.0009540873801464325
135,4,all,0.18314373241393486
135,5,last,-0.014642737111435223
135,5,all,0.5610500520959111
135,6,last,-0.006938636428753669
135,6,all,0.4768865041347008
135,7,last,-0.009405858754819042
135,7,all,0.046210050895271984
135,8,last,-0.010014591857757014
135,8,all,0.007631277830154141
135,9,last,-0.009708747246830017
135,9,all,0.11261261107616827
135,10,last,-0.00456947766288329
135,10,all,0.02197322984188402
135,11,last,-0.007697847354205352
135,11,all,0.07229643596659859
135,12,last,-0.025665024428911935
135,12,all,-0.04720342054793711
135,13,last,0.0699532000896841
135,13,all,0.13567920697789596
135,14,last,0.08448252456193729
135,14,all,0.25657088386591226
135,15,last,0.08971360437760281
135,15,all,0.20047721992023937
135,16,last,0.08977534178419513
135,16,all,-0.004698125684170984
135,17,last,0.1203451928276369
135,17,all,0.18935607316439795
135,18,last,0.006559855268417871
135,18,all,-0.08358909446801002
135,19,last,-0.07619549996839227
135,19,all,-0.07411740521886877
135,20,last,-0.09589484903100697
135,20,all,-0.12440348931181097
135,21,last,-0.0029224077906922275
135,21,all,-0.004108721051068546
135,22,last,-0.07060030589008968
135,22,all,-0.13254395862525006
135,23,last,0.08178864750282991
135,23,all,0.09644093515230152
135,24,last,-0.0725543004935809
135,24,all,-0.02610309851289027
135,25,last,0.04681747648407402
135,25,all,-0.03109854154188434
135,26,last,-0.04072434691374363
135,26,all,-0.014933118946493793
135,27,last,0.09577091943029677
135,27,all,-0.007923592512196265
135,28,last,0.2351124166545011
135,28,all,0.23878377422709998
135,29,last,0.08916524431868053
135,29,all,0.09981392368392449
135,30,last,0.35222651465848415
135,30,all,0.3479069427408862
135,31,last,0.027026430886621926
135,31,all,0.027026430886621926
136,0,last,0.028610491835190828
136,0,all,2.0
136,1,last,0.029242259069557092
136,1,all,0.6826717706955553
136,2,last,0.029412868518358278
136,2,all,0.6965762180451119
136,3,last,-8.252062765122573e-05
136,3,all,2.0
136,4,last,-0.0002123709000416835
136,4,all,1.5280788964018668
136,5,last,0.02921787038203264
136,5,all,1.5102494294550532
136,6,last,-0.00041995315367445644
136,6,all,0.2494452687226887
136,7,last,0.028636662344634873
136,7,all,0.08748177669472702
136,8,last,0.02857830767676815
136,8,all,0.08551041346843552
136,9,last,0.029205063536985557
136,9,all,0.2009528738170512
136,10,last,-0.00018987539830680143
136,10,all,0.1130886735928312
136,11,last,0.000426412258132987
136,11,all,0.4691958626540482
136,12,last,4.0313720930828224e-05
136,12,all,0.4985002070811162
136,13,last,0.0845914388134046
136,13,all,-0.1689315293722764
136,14,last,0.2710751390962577
136,14,all,0.47855237659964456
136,15,last,0.08460792066616085
136,15,all,0.028509484805123806
136,16,last,-0.02618587765810245
136,16,all,-0.3376722924352862
136,17,last,-0.030423161546768426
136,17,all,-0.262032615582055
136,18,last,0.027572914658636885
136,18,all,0.08255414817608811
136,19,last,0.14032248526739524
136,19,all,-0.14342073949396034
136,20,last,0.32786893096141656
136,20,all,0.10944585004208998
136,21,last,0.2454471944267283
136,21,all,0.01684545579171749
136,22,last,0.198931953668621
136,22,all,-0.06001777590092536
136,23,last,0.2888539354822328
136,23,all,0.09204992264108772
136,24,last,0.14840995223269526
136,24,all,0.1822706937178416
136,25,last,0.2587002745008031
136,25,all,0.20166092530235014
136,26,last,-0.13028960285750782
136,26,all,-0.10645216648943107
136,27,last,0.40397377469953194
136,27,all,0.22953931105632752
136,28,last,-0.13322693629195953
136,28,all,-0.19218564178942585
136,29,last,0.25326059490802066
136,29,all,0.19608181814435943
136,30,last,0.567126855586563
136,30,all,0.5961157061699928
136,31,last,-0.06637810060678832
136,31,all,-0.06637810060678832
137,0,last,-0.12842385865916595
137,0,all,-1.0
137,1,last,0.013714071782092038
137,1,all,-0.11319205421347628
137,2,last,0.14269281219232496
137,2,all,0.1982534878427784
137,3,last,0.0004081056973275699
137,3,all,-0.7017630056895859
137,4,last,-0.0001755851210315339
137,4,all,0.13575829219849092
137,5,last,0.0004324090811095396
137,5,all,0.2266866719014517
137,6,last,-0.012796823848118597
137,6,all,-0.17864639163701448
137,7,last,0.013425844573306993
137,7,all,-0.5666875976146092
137,8,last,-0.0063411351291349375
137,8,all,-0.004676080268342125
137,9,last,0.14285228608141115
137,9,all,0.20088562622788408
137,10,last,-0.14267028377477425
137,10,all,-0.3137987376713235
137,11,last,0.04769006577342174
137,11,all,0.011839570906009667
137,12,last,0.04865728583359855
137,12,all,-0.43551663737289703
137,13,last,-0.5437561261935453
137,13,all,-1.0
137,14,last,-0.5439291171331619
137,14,all,-1.0
137,15,last,0.18867645273817896
137,15,all,0.8928370964665474
137,16,last,0.08373840110768815
137,16,all,-0.08132690467871541
137,17,last,-0.29723734698255055
137,17,all,-0.5765542252866331
137,18,last,0.045819660973257674
137,18,all,0.45897554683637526
137,19,last,-0.30709100374749987
137,19,all,-0.16073056517792056
137,20,last,-0.25333778986393246
137,20,all,-0.07512831299153765
137,21,last,0.41869350743294415
137,21,all,0.994991591438819
137,22,last,0.5214499890293434
137,22,all,0.6653238364447809
137,23,last,-0.13065376238909363
137,23,all,0.1410181998210561
137,24,last,0.14189639849794167
137,24,all,0.15950693076525757
137,25,last,0.032850665400706136
137,25,all,0.03565511204610871
137,26,last,-0.3649229534946559
137,26,all,-0.5056086884870092
137,27,last,-0.0032333057940495758
137,27,all,0.011688289168760102
137,28,last,-0.3624400488088406
137,28,all,-0.33878439116541964
137,29,last,0.1395336453723968
137,29,all,0.010452912671797958
137,30,last,-0.0014685797525778995
137,30,all,-0.0017685490456620986
137,31,last,0.797968155194309
137,31,all,0.797968155194309
138,0,last,8.106323713829193e-06
138,0,all,-0.9817766912916597
138,1,last,0.00017199079590425552
138,1,all,0.018468744750422896
138,2,last,6.836658553831849e-06
138,2,all,-0.515989015443035
138,3,last,-0.049925187422110925
138,3,all,0.049684341707914505
138,4,last,0.0011006043606161587
138,4,all,0.1680342262660515
138,5,last,-0.04869663987998734
138,5,all,-0.19024389291058041
138,6,last,0.0023442902181089412
138,6,all,0.320386720474425
138,7,last,0.0016333753950611978
138,7,all,0.2659477757419728
138,8,last,0.0020203302692080806
138,8,all,0.006615053150136928
138,9,last,0.0023281752372320517
138,9,all,0.17458110816375164
138,10,last,-0.0011071480195176835
138,10,all,-0.0554932063147285
138,11,last,-0.050661349048532464
138,11,all,-0.2260497689209409
138,12,last,-0.04957886183308396
138,12,all,-0.24373053993975927
138,13,last,-0.20652515109015404
138,13,all,-0.25439235778773545
138,14,last,-0.10148228524102151
138,14,all,-0.2403362854676079
138,15,last,0.05047641743465131
138,15,all,-0.05071770264832619
138,16,last,-0.09231432612033301
138,16,all,0.036000964945521595
138,17,last,0.3612193473530411
138,17,all,0.7244893016060288
138,18,last,0.16427015739941322
138,18,all,0.27367105124368585
138,19,last,0.09722001929891043
138,19,all,0.10394514265176405
138,20,last,-0.1004225054986268
138,20,all,-0.09353418133943814
138,21,last,0.5380519625116712
138,21,all,0.7982670047231544
138,22,last,-0.25419179952573123
138,22,all,-0.15001005965472922
138,23,last,0.15606011180866733
138,23,all,0.20777640610533143
138,24,last,-0.13511473866384346
138,24,all,-0.13521723970887556
138,25,last,0.25362167103561706
138,25,all,0.3556143616709575
138,26,last,-0.29951992006969486
138,26,all,-0.2971056029346845
138,27,last,-0.07445814597633345
138,27,all,-0.022073421806206122
138,28,last,-0.7512276197098913
138,28,all,-0.7470407523449739
138,29,last,-0.12912113777624984
138,29,all,-0.13194096643005318
138,30,last,-0.6396844589077755
138,30,all,-0.6397048956335238
138,31,last,0.010077625374551221
138,31,all,0.010077625374551221
139,0,last,-0.0030489573347443647
139,0,all,1.192375835493791
139,1,last,-0.0033879148687452816
139,1,all,0.8708781014835757
139,2,last,0.0004227559837849446
139,2,all,1.0554579690443877
139,3,last,0.006766420400328552
139,3,all,1.3328869617582397
139,4,last,-0.03168245590341814
139,4,all,0.8412989091810777
139,5,last,0.00677616183174334
139,5,all,0.8389949499533961
139,6,last,-0.017969177225418936
139,6,all,0.6179970731426522
139,7,last,0.014802769223275822
139,7,all,0.511279138503229
139,8,last,0.06822245444220343
139,8,all,0.2189398887262857
139,9,last,0.029721771435023546
139,9,all,0.09067922130539609
139,10,last,0.05070536819289805
139,10,all,0.33608735407225043
139,11,last,-0.018423482163217684
139,11,all,0.5959957181981008
139,12,last,0.06494235950752636
139,12,all,0.4639513902572402
139,13,last,0.14236150009187942
139,13,all,0.6697100152984753
139,14,last,0.10929365766396047
139,14,all,-0.10144903792294971
139,15,last,0.027780237735205753
139,15,all,0.29707103938859236
139,16,last,0.1398614945569752
139,16,all,0.4886667301335683
139,17,last,-0.06597782938768462
139,17,all,-0.04485397815705401
139,18,last,0.24862501909541954
139,18,all,0.277808576444776
139,19,last,-0.08829810551298599
139,19,all,0.1266940681324569
139,20,last,-0.033869739350290806
139,20,all,0.11624383688415889
139,21,last,0.07500636513984489
139,21,all,0.42618983835865737
139,22,last,-0.28523619650238335
139,22,all,-0.19419986317716786
139,23,last,0.16189251658810794
139,23,all,0.11657128181739687
139,24,last,-0.0699647315903551
139,24,all,-0.008919055346828167
139,25,last,-0.20704593306308242
139,25,all,-0.16633051348413364
139,26,last,0.12357171796784885
139,26,all,0.15225724463612433
139,27,last,0.11333480192791784
139,27,all,0.19528514719524265
139,28,last,-0.49584572229393
139,28,all,-0.35236218642000183
139,29,last,-0.20296936541216218
139,29,all,-0.16578410774023145
139,30,last,-0.2660679376282714
139,30,all,-0.2650971154293204
139,31,last,0.5796503711706765
139,31,all,0.5796503711706765
140,0,last,0.06193347868524174
140,0,all,-0.07738204628710749
140,1,last,0.06184434277268443
140,1,all,-0.06999501111150766
140,2,last,0.005596740963758084
140,2,all,0.09396724474206132
140,3,last,0.06761485733489422
140,3,all,0.12260816415118138
140,4,last,0.06755259240792855
140,4,all,0.4593567760783359
140,5,last,0.0677121610800763
140,5,all,0.7566752943837806
140,6,last,0.0620382400167334
140,6,all,0.04846602480523418
140,7,last,0.061896309128079724
140,7,all,0.1333667385850248
140,8,last,0.12345915761117411
140,8,all,0.40352810122099037
140,9,last,0.12421900279404982
140,9,all,0.09153985958548723
140,10,last,-0.04289828556601334
140,10,all,0.27053211121249876
140,11,last,-0.04298185788243494
140,11,all,0.14976372176645125
140,12,last,-0.03346290001738328
140,12,all,0.7287166849347938
140,13,last,-0.13664251296510257
140,13,all,0.2823918041836704
140,14,last,-0.08628522059688272
140,14,all,0.28173601008597116
140,15,last,0.1867625830640464
140,15,all,0.3211641505303143
140,16,last,-0.013056694761051537
140,16,all,-0.16214876026209746
140,17,last,0.010052352847765154
140,17,all,-0.2549088230170944
140,18,last,0.30355264614989974
140,18,all,0.1107416054656295
140,19,last,0.10350419551376466
140,19,all,0.2184272577857349
140,20,last,-0.020744164127979994
140,20,all,0.0742235809234232
140,21,last,-0.046914728478456486
140,21,all,0.06704358254870352
140,22,last,0.3647427336919012
140,22,all,0.28824293170265514
140,23,last,-0.014604203107481516
140,23,all,0.04699830079487808
140,24,last,0.09991567600622815
140,24,all,0.21332070515384913
140,25,last,0.11672176106520848
140,25,all,0.11714139826310448
140,26,last,0.0225858328232877
140,26,all,0.018739612277720277
140,27,last,-0.007779801387904162
140,27,all,-0.010110119548067903
140,28,last,0.7571116815572766
140,28,all,0.7128385366866192
140,29,last,0.2865506514823107
140,29,all,0.23248895108279122
140,30,last,0.4442744588263405
140,30,all,0.43269803576054683
140,31,last,-0.24436024474377777
140,31,all,-0.24436024474377777
141,0,last,0.2326174323101645
141,0,all,-1.0
141,1,last,0.2412868350348754
141,1,all,-1.0
141,2,last,0.24142169294862592
141,2,all,-1.0
141,3,last,-0.011886623475010006
141,3,all,-0.36860553769690285
141,4,last,-0.011783361535666044
141,4,all,-1.0
141,5,last,0.23920331658464222
141,5,all,-1.0
141,6,last,0.23265629172696334
141,6,all,-1.0
141,7,last,-0.03109104410289586
141,7,all,1.9379336426429923
141,8,last,-0.029307626880838142
141,8,all,-1.0
141,9,last,0.0003009486297879099
141,9,all,1.1973157706524484
141,10,last,0.24990708846606507
141,10,all,-0.8226729806964334
141,11,last,-0.2870845341215944
141,11,all,1.563514808827407
141,12,last,-0.7568286648364406
141,12,all,-1.0
141,13,last,-1.0
141,13,all,-1.0
141,14,last,-0.6936355054496398
141,14,all,-1.0
141,15,last,0.2716580719966937
141,15,all,0.10007522505170965
141,16,last,-0.28701032595181963
141,16,all,-0.48565893828325635
141,17,last,-0.21171506096570372
141,17,all,-0.250578109485741
141,18,last,-0.9127876050808263
141,18,all,-1.0
141,19,last,0.1336374133138415
141,19,all,0.1736398538304853
141,20,last,-0.04792419290443997
141,20,all,0.2060841983084411
141,21,last,1.49043586222993
141,21,all,2.0
141,22,last,-0.030659958796912457
141,22,all,-0.07522202527532684
141,23,last,0.5084102188886788
141,23,all,0.2580221694788698
141,24,last,-0.24970068564475037
141,24,all,-0.49438160625217753
141,25,last,0.21658096208168323
141,25,all,0.24234790291101824
141,26,last,0.4184923127357441
141,26,all,0.65790614809239
141,27,last,0.23359920760685796
141,27,all,0.1986885612645944
141,28,last,-1.0
141,28,all,-1.0
141,29,last,0.2615961463080043
141,29,all,0.0036081150083783807
141,30,last,-1.0
141,30,all,-1.0
141,31,last,1.4306613630624416
141,31,all,1.4306613630624416
142,0,last,2.2527939422660454e-05
142,0,all,0.19207906067411123
142,1,last,-0.022145080277356576
142,1,all,0.08713042524468151
142,2,last,-0.029232346854749288
142,2,all,0.2048830959203176
142,3,last,0.0071014551253581375
142,3,all,0.17850090983339922
142,4,last,0.007108983742645916
142,4,all,0.10696300385343589
142,5,last,0.0011057801422526446
142,5,all,0.2424302793574522
142,6,last,0.0071216376109334515
142,6,all,0.1522858880064899
142,7,last,8.811377848734675e-05
142,7,all,0.11483544730150323
142,8,last,0.026610274234517704
142,8,all,0.01346093606078536
142,9,last,0.0011200845150994238
142,9,all,-0.038509977763360154
142,10,last,0.03250694790028891
142,10,all,0.06745449978795359
142,11,last,0.059557443552599294
142,11,all,0.17847577583414617
142,12,last,-0.005226337164955537
142,12,all,0.06862331762188122
142,13,last,0.060756086293474655
142,13,all,0.058952287503763585
142,14,last,0.06725898738823406
142,14,all,0.20384125111257037
142,15,last,0.034225470621105716
142,15,all,-0.05539973569920325
142,16,last,0.09514330636138625
142,16,all,0.1006214178621773
142,17,last,-0.05947943549500977
142,17,all,0.019595311339308006
142,18,last,-0.45842914705341214
142,18,all,-0.4882867166176911
142,19,last,0.2417613617114331
142,19,all,0.3212619097658154
142,20,last,0.09913283648706146
142,20,all,0.14638394430861726
142,21,last,0.3431174133616857
142,21,all,0.46303793490722744
142,22,last,0.055241982210803946
142,22,all,0.10490129200917774
142,23,last,-0.004214896388562826
142,23,all,0.020162911170365835
142,24,last,-0.15717610136576646
142,24,all,-0.08742409923134555
142,25,last,-0.17125675845421734
142,25,all,-0.1944871757822682
142,26,last,0.21846032016197878
142,26,all,0.25673563671572297
142,27,last,-0.10275520173885577
142,27,all,-0.07056914667234826
142,28,last,-0.19412574424001416
142,28,all,-0.09419788576736329
142,29,last,0.060913086920145174
142,29,all,0.08048775247435246
142,30,last,-0.08537915303866286
142,30,all,-0.05984619498180594
142,31,last,-0.07818949726615637
142,31,all,-0.07818949726615637
143,0,last,-0.006254095314818019
143,0,all,2.0
143,1,last,0.001144844370945461
143,1,all,2.0
143,2,last,0.0005366812561518365
143,2,all,2.0
143,3,last,-0.2901386237472946
143,3,all,1.5958863892300665
143,4,last,-0.2872186465534114
143,4,all,2.0
143,5,last,0.00994959394333077
143,5,all,2.0
143,6,last,0.001339433875025884
143,6,all,2.0
143,7,last,-0.011610128865906273
143,7,all,2.0
143,8,last,-0.3071717294922235
143,8,all,-1.0
143,9,last,-0.005861512408626612
143,9,all,-1.0
143,10,last,-0.5735925590789052
143,10,all,-1.0
143,11,last,0.868013286548646
143,11,all,-1.0
143,12,last,-0.27267208831980755
143,12,all,0.8267920813985482
143,13,last,2.0
143,13,all,1.9935921619574684
143,14,last,-1.0
143,14,all,1.1653789531311607
143,15,last,-1.0
143,15,all,-1.0
143,16,last,-1.0
143,16,all,1.246953369433563
143,17,last,-1.0
143,17,all,-0.19981051634296543
143,18,last,-1.0
143,18,all,-0.6291583578461268
143,19,last,2.0
143,19,all,2.0
143,20,last,-1.0
143,20,all,-0.39103016137313246
143,21,last,-0.5290769479515626
143,21,all,-0.24078664083486273
143,22,last,-1.0
143,22,all,-1.0
143,23,last,2.0
143,23,all,2.0
143,24,last,2.0
143,24,all,2.0
143,25,last,2.0
143,25,all,1.9142427603343763
143,26,last,0.5350456831481518
143,26,all,1.9932358872969362
143,27,last,0.5888238681329903
143,27,all,-0.018179652064889643
143,28,last,-1.0
143,28,all,-1.0
143,29,last,-1.0
143,29,all,-1.0
143,30,last,2.0
143,30,all,2.0
143,31,last,-1.0
143,31,all,-1.0
144,0,last,0.006311639687239179
144,0,all,0.14027366911268538
144,1,last,0.00020812526652049174
144,1,all,0.19964426373231914
144,2,last,0.0002056815256220124
144,2,all,0.21219504546014262
144,3,last,-0.0033681537750207954
144,3,all,0.21971724198135073
144,4,last,-0.0018609086941920288
144,4,all,0.35058780340683726
144,5,last,-0.014307243125836047
144,5,all,0.45108194139284813
144,6,last,-0.012226850295391707
144,6,all,0.15817678646171163
144,7,last,-0.013553711094343831
144,7,all,0.00821490655700485
144,8,last,-0.03010055224471404
144,8,all,0.020674545800207257
144,9,last,-0.0038032754183333697
144,9,all,0.10462817826039951
144,10,last,-0.012997714785478695
144,10,all,0.006345897314278972
144,11,last,-0.0019525489778850047
144,11,all,0.24103879081166094
144,12,last,-0.02202561773583876
144,12,all,-0.04731792874495034
144,13,last,0.028456955472642344
144,13,all,0.0331845080041339
144,14,last,-0.031037410098053293
144,14,all,0.0986635497807444
144,15,last,0.03151059074313663
144,15,all,0.1282891112019318
144,16,last,0.04123129423821559
144,16,all,0.12092403816960368
144,17,last,0.12512170621627497
144,17,all,0.059297734937290215
144,18,last,0.05637864117959554
144,18,all,0.017413916624719552
144,19,last,0.1285751646504371
144,19,all,0.2936093596000483
144,20,last,0.08110124377813385
144,20,all,0.11522328845252325
144,21,last,-0.0067199254351295624
144,21,all,0.0639941523995567
144,22,last,0.13874990615356134
144,22,all,0.11782627979955351
144,23,last,0.2805106368574325
144,23,all,0.27573891597192396
144,24,last,0.1608779347348308
144,24,all,0.08435700809905514
144,25,last,-0.010638826001529872
144,25,all,-0.02112376420814717
144,26,last,0.20341169761747482
144,26,all,0.16044150071214683
144,27,last,-0.004079327630939371
144,27,all,-0.02331822090775109
144,28,last,0.22160937625368998
144,28,all,0.257669035933807
144,29,last,0.3065108181468036
144,29,all,0.3280085878485708
144,30,last,0.05739066669279357
144,30,all,0.019509062409476936
144,31,last,0.30135556570361705
144,31,all,0.30135556570361705
145,0,last,0.010878486798401631
145,0,all,0.026568654628282933
145,1,last,0.005009166209497677
145,1,all,-0.20478700523877721
145,2,last,-0.019238741940579628
145,2,all,-0.20280840872967265
145,3,last,-0.03312922261299892
145,3,all,0.16468312645841177
145,4,last,0.016078437092052433
145,4,all,0.3458031985306472
145,5,last,-0.00472663626669447
145,5,all,0.18554111874959164
145,6,last,-0.006451872300407673
145,6,all,-0.11002447180352157
145,7,last,-0.0008392134610785193
145,7,all,-0.23873642203173814
145,8,last,0.02390526545348618
145,8,all,-0.19481952229675656
145,9,last,0.030401828137242737
145,9,all,0.4531557569737939
145,10,last,0.032917152701274995
145,10,all,-0.13946489006214968
145,11,last,0.058338836278184876
145,11,all,0.33411102155515243
145,12,last,-0.12977013178587996
145,12,all,-0.16845091502943998
145,13,last,-0.036427195522250246
145,13,all,0.13516840489428186
145,14,last,-0.08819637299352744
145,14,all,-0.03287290577266717
145,15,last,0.017201757223902367
145,15,all,0.08777501708039845
145,16,last,0.0378634961557894
145,16,all,-0.005777426912006852
145,17,last,0.1072250898414669
145,17,all,0.2971440430675361
145,18,last,0.15153966993367987
145,18,all,0.3539698610419787
145,19,last,-0.10070689642089649
145,19,all,-0.0096693828105314
145,20,last,0.11859714176666653
145,20,all,-0.0027960314151222205
145,21,last,-0.08270322520691352
145,21,all,-0.045286386520867944
145,22,last,-0.004085105074629984
145,22,all,-0.012318877070108323
145,23,last,0.09729401946096204
145,23,all,0.0915098421823413
145,24,last,0.006838515561861592
145,24,all,0.1777429671280797
145,25,last,0.1116458901550781
145,25,all,0.15801238460691727
145,26,last,-0.28275206435572875
145,26,all,-0.24120577512094735
145,27,last,0.2076123046668093
145,27,all,0.2400025345902089
145,28,last,0.1947736000946825
145,28,all,0.22566820499473914
145,29,last,0.2236789655718492
145,29,all,0.21505825467842288
145,30,last,0.4979923325689816
145,30,all,0.5200579506655615
145,31,last,0.27074562578707057
145,31,all,0.27074562578707057
146,0,last,-0.021031088523569007
146,0,all,-1.0
146,1,last,-0.020808689397710654
146,1,all,-1.0
146,2,last,0.008942141124024972
146,2,all,-0.6753652446237249
146,3,last,0.005759289227471664
146,3,all,-0.465328353226354
146,4,last,-0.014028107574268704
146,4,all,-0.390759504794421
146,5,last,-0.039277004943433114
146,5,all,-0.04098881855411826
146,6,last,-0.048380762381376334
146,6,all,-0.8666059937977972
146,7,last,-0.02074225237070636
146,7,all,-0.6764495581584316
146,8,last,-0.052461927696253685
146,8,all,-0.26142616737748786
146,9,last,-0.028728831148882316
146,9,all,-0.21001003387581602
146,10,last,0.05436574902682713
146,10,all,-0.2007374745589771
146,11,last,0.010528619634120455
146,11,all,-0.1759869726884921
146,12,last,-0.10313806580139899
146,12,all,-0.06668510569023713
146,13,last,-0.00437094383691736
146,13,all,0.1461016189666875
146,14,last,-0.08800220325913669
146,14,all,-0.13267356496610652
146,15,last,-0.3658091028621872
146,15,all,-0.28137824319297294
146,16,last,0.08162860712416962
146,16,all,0.15276664276975493
146,17,last,0.019745696965641928
146,17,all,0.14243745201279454
146,18,last,-0.12862938764144077
146,18,all,-0.2549249980151349
146,19,last,-0.24512235603602772
146,19,all,-0.10982217258030812
146,20,last,0.1968337102417389
146,20,all,0.34072394213759016
146,21,last,-0.12987732002456756
146,21,all,-0.05295714269895946
146,22,last,0.15922281400388869
146,22,all,0.09822537748364342
146,23,last,0.026678824799669983
146,23,all,-0.022214233025751887
146,24,last,-0.08124211796530244
146,24,all,-0.16104488480832566
146,25,last,0.4153011540959723
146,25,all,0.39810433016281077
146,26,last,0.3651179928667365
146,26,all,0.3520737187136378
146,27,last,0.14569545785124277
146,27,all,0.13338187319904415
146,28,last,-0.4077246237060977
146,28,all,-0.5069767124084812
146,29,last,0.26096099039231063
146,29,all,0.290958603842369
146,30,last,0.40653641396958645
146,30,all,0.35010039765623363
146,31,last,0.15164392769107066
146,31,all,0.15164392769107066
147,0,last,-0.030636516753039727
147,0,all,1.0650197068743334
147,1,last,-0.006711528341996244
147,1,all,1.6232263926064843
147,2,last,-0.01040161878380447
147,2,all,1.395250367901987
147,3,last,0.001063779099853502
147,3,all,0.5418392081924848
147,4,last,-0.0023868254864562715
147,4,all,0.6815103715198801
147,5,last,0.0002936086547075363
147,5,all,0.47574603232938556
147,6,last,-0.012612319242778862
147,6,all,0.2791775483366051
147,7,last,-0.025010456795923258
147,7,all,0.09490643709361773
147,8,last,-0.01994962362312578
147,8,all,0.0383388738913173
147,9,last,0.020529811997578633
147,9,all,0.14217386582737165
147,10,last,0.018802601850648287
147,10,all,0.12203054483935846
147,11,last,-0.00421404733656333
147,11,all,0.02988401905865591
147,12,last,0.019800610201926742
147,12,all,0.14927570088648426
147,13,last,0.04669597632132555
147,13,all,0.0013892187886042288
147,14,last,0.0025237893048629333
147,14,all,-0.006979330764056778
147,15,last,-0.03819719064515029
147,15,all,-0.11308030071189555
147,16,last,0.008369051619444023
147,16,all,0.13052019290008285
147,17,last,0.09096024238579324
147,17,all,0.11168254678798006
147,18,last,0.15429265342244616
147,18,all,0.21774546007366624
147,19,last,-0.019080546021725736
147,19,all,-0.02969122541397791
147,20,last,0.11607317101212998
147,20,all,0.15550328705633173
147,21,last,0.15419304337269588
147,21,all,0.16927442664098896
147,22,last,0.2742910327508706
147,22,all,0.26642992209580346
147,23,last,0.3642593920001382
147,23,all,0.3844040183617872
147,24,last,0.21495728240086728
147,24,all,0.21482825123763227
147,25,last,-0.005168928151180743
147,25,all,0.02633611392979771
147,26,last,0.23995408298029253
147,26,all,0.17132065002184743
147,27,last,0.07780067034952734
147,27,all,0.05430540089806694
147,28,last,-0.03498090062647391
147,28,all,-0.04240546421370894
147,29,last,0.1252063180686455
147,29,all,0.1260325693734543
147,30,last,0.5911922725495639
147,30,all,0.5851887587849763
147,31,last,0.06801247676121136
147,31,all,0.06801247676121136
148,0,last,0.002336245796568275
148,0,all,-0.9219797804156008
148,1,last,-0.017654341390509587
148,1,all,-0.8512945132641623
148,2,last,-0.01643534619032564
148,2,all,-0.9404610841261173
148,3,last,-0.006744891213749892
148,3,all,-0.7382907481389934
148,4,last,-0.012846837007444026
148,4,all,-0.3435569654815624
148,5,last,0.005177334521311758
148,5,all,0.4298210847009456
148,6,last,-0.013622567757882332
148,6,all,0.36034913632052423
148,7,last,-0.019888267755008193
148,7,all,0.10122280343747306
148,8,last,-0.005737720231080964
148,8,all,-0.252606055815825
148,9,last,-0.01980276204983761
148,9,all,-0.02943120742678125
148,10,last,-0.005992369154715029
148,10,all,-0.09644741758399678
148,11,last,-0.01337079297559854
148,11,all,-0.010254720777167822
148,12,last,0.026950392320294312
148,12,all,-0.011777153450406691
148,13,last,-0.07993892449630673
148,13,all,0.015874313798752624
148,14,last,0.027793306124795216
148,14,all,0.09979428333285431
148,15,last,0.03047006581783692
148,15,all,0.08587409823815136
148,16,last,-0.10721409478918173
148,16,all,-0.0005463742706866324
148,17,last,0.1139116345241859
148,17,all,0.19625837093668266
148,18,last,0.19502608283275372
148,18,all,0.17441489667461846
148,19,last,0.058897838645704595
148,19,all,0.2277000402379789
148,20,last,0.03091182134337367
148,20,all,0.19990227919409076
148,21,last,0.2678813267036473
148,21,all,0.3178461184721065
148,22,last,0.17152760612766935
148,22,all,0.23512344437099417
148,23,last,-0.0857423188572414
148,23,all,-0.09792601960164402
148,24,last,0.08723773460178771
148,24,all,0.12063547265254505
148,25,last,0.13167763630615353
148,25,all,0.19878035811801226
148,26,last,0.2845569511108556
148,26,all,0.2930644095076596
148,27,last,0.02293787543471388
148,27,all,0.07729643893886701
148,28,last,-0.038988948926508206
148,28,all,0.07145201621015722
148,29,last,0.2619222975885954
148,29,all,0.3496775213404995
148,30,last,0.2434496881556635
148,30,all,0.2769291236743023
148,31,last,0.399264363521398
148,31,all,0.399264363521398
149,0,last,0.01465278946156841
149,0,all,1.5740635741284128
149,1,last,0.0004238052518444867
149,1,all,0.17296675216670626
149,2,last,0.03119577160495702
149,2,all,1.6348957994840843
149,3,last,0.0006986485000847306
149,3,all,1.1045484735418578
149,4,last,0.00178184977705809
149,4,all,1.1329975589060448
149,5,last,-0.001664092352190516
149,5,all,0.994161554987175
149,6,last,-0.0008962015752010607
149,6,all,0.8739722988375194
149,7,last,0.001619373381689548
149,7,all,0.03316993573223404
149,8,last,0.007918066949993106
149,8,all,0.008168766509575782
149,9,last,0.013612940531209742
149,9,all,0.39035409528587645
149,10,last,0.03334326919514356
149,10,all,0.3041407033436124
149,11,last,0.021183505396342187
149,11,all,0.03393737096792807
149,12,last,0.012177909527069175
149,12,all,-0.1123076325032966
149,13,last,-0.003484131674515137
149,13,all,-0.026250870843109755
149,14,last,0.04524603177977555
149,14,all,0.29868855734930844
149,15,last,-0.05851321646775709
149,15,all,-0.19372106173920808
149,16,last,-0.04551859732153866
149,16,all,-0.01574016653374984
149,17,last,0.20477917483857136
149,17,all,0.4302819861357525
149,18,last,0.06858804368094373
149,18,all,0.12289433628544338
149,19,last,0.1020842229042519
149,19,all,0.14326864849401086
149,20,last,0.33336132381515227
149,20,all,0.3512950735334759
149,21,last,0.13232533180109488
149,21,all,0.20792954659063784
149,22,last,0.20760034208114345
149,22,all,0.06508569035461156
149,23,last,0.49780763159221403
149,23,all,0.51341273013187
149,24,last,0.11740415259297142
149,24,all,0.1637732455130701
149,25,last,0.16707250334519158
149,25,all,0.13542771987004318
149,26,last,-0.16489683811823788
149,26,all,-0.21011083016023513
149,27,last,0.43074982704615483
149,27,all,0.41804227483960393
149,28,last,0.24946610560176094
149,28,all,0.18754483285582482
149,29,last,0.782386860245397
149,29,all,0.8146965821647687
149,30,last,0.09833967345585166
149,30,all,0.077971359207674
149,31,last,0.1641501300114857
149,31,all,0.1641501300114857
150,0,last,-0.031113964928690604
150,0,all,-1.0
150,1,last,-0.026350319658022987
150,1,all,0.2808226176395995
150,2,last,-0.02837162279138979
150,2,all,-1.0
150,3,last,-0.026205470008489752
150,3,all,-0.4897863649815651
150,4,last,-0.01044756286561526
150,4,all,0.2413288836446184
150,5,last,-0.04480399153592323
150,5,all,-0.03556518598521528
150,6,last,0.004003574924045007
150,6,all,-0.043816932247487166
150,7,last,-0.022836197771292987
150,7,all,-0.2480636550892187
150,8,last,-0.02197230405311871
150,8,all,-0.4549732696018005
150,9,last,-0.0347244508637029
150,9,all,-0.33534814569897153
150,10,last,0.0044318788578145436
150,10,all,0.12536494305413837
150,11,last,-0.04130478829573198
150,11,all,-0.06323303029977112
150,12,last,-0.15092049783870445
150,12,all,-0.2150993876762959
150,13,last,-0.0486999266904648
150,13,all,-0.04091048499826007
150,14,last,-0.20157216513623327
150,14,all,-0.2789484193000102
150,15,last,-0.010122475149177792
150,15,all,0.29956590208024914
150,16,last,0.03479097761890768
150,16,all,-0.051623547730474874
150,17,last,-0.03782119759261617
150,17,all,0.17154058270845599
150,18,last,-0.47071070697384276
150,18,all,-0.36771696829510053
150,19,last,-0.12549617510188915
150,19,all,0.052013340739458326
150,20,last,0.2639779044436403
150,20,all,0.375945989642296
150,21,last,-0.017252547358896492
150,21,all,0.1458772146817523
150,22,last,-0.2631541696402767
150,22,all,-0.2580473954992178
150,23,last,-0.05038018262505035
150,23,all,-0.0025712981200076744
150,24,last,-0.1350879107268191
150,24,all,-0.015918369329483165
150,25,last,0.1708597026193327
150,25,all,0.16786027403818965
150,26,last,0.10192193800851335
150,26,all,0.040731114294526694
150,27,last,0.1419706109602092
150,27,all,0.18533868276677748
150,28,last,0.24925528198150157
150,28,all,0.3027371553055391
150,29,last,0.3251218905464006
150,29,all,0.36595127708818553
150,30,last,0.12597894944278856
150,30,all,0.1597990007282381
150,31,last,0.5148362470375211
150,31,all,0.5148362470375211
151,0,last,0.0015730214313198038
151,0,all,0.9441577391881469
151,1,last,-0.0058801943802247085
151,1,all,0.08969746292486612
151,2,last,-0.0004838151200020018
151,2,all,0.12283211720142889
151,3,last,-0.017861594813418067
151,3,all,-0.03646862911581837
151,4,last,-0.006920665456058963
151,4,all,0.17814457884044463
151,5,last,0.008583165827796141
151,5,all,0.10463271646141316
151,6,last,-0.00035084129200253474
151,6,all,0.06189237347278249
151,7,last,0.004854265269816998
151,7,all,0.02388262354349443
151,8,last,0.014949533484578508
151,8,all,0.1759736992179174
151,9,last,-0.003631037060919437
151,9,all,0.05083818709640314
151,10,last,0.0003456009441010779
151,10,all,0.21989862284967238
151,11,last,-0.00855722610568393
151,11,all,0.18138881272188778
151,12,last,0.05351980412627614
151,12,all,0.12563164205908467
151,13,last,0.02902694206965706
151,13,all,0.02384882329953003
151,14,last,-0.023251816664856564
151,14,all,0.003269977090509062
151,15,last,0.019772094649591693
151,15,all,0.20385955553203222
151,16,last,0.012110312991569198
151,16,all,0.11151768204739344
151,17,last,-0.06824636080764766
151,17,all,-0.03132509664184095
151,18,last,-0.27684666257308155
151,18,all,-0.16749789501775234
151,19,last,0.4099019124780675
151,19,all,0.4278394923360567
151,20,last,-0.1033314070687839
151,20,all,-0.20859899167845855
151,21,last,0.07802484999176611
151,21,all,0.17911653236746736
151,22,last,-0.020969121118981967
151,22,all,-0.040665230724002535
151,23,last,0.08675985490000696
151,23,all,0.16446032735667288
151,24,last,0.4185967632205134
151,24,all,0.45783675032401727
151,25,last,-0.06351720884397795
151,25,all,-0.05254025209479632
151,26,last,0.06160991872089396
151,26,all,0.036011146744021186
151,27,last,-0.026620181287215477
151,27,all,-2.46296351368471e-05
151,28,last,0.31232578299640734
151,28,all,0.267479671707925
151,29,last,0.16039217977642317
151,29,all,0.1249006790311802
151,30,last,0.17769010966869078
151,30,all,0.1711139970871526
151,31,last,-0.36990004429404066
151,31,all,-0.36990004429404066
152,0,last,-4.601439500699504e-05
152,0,all,-1.0
152,1,last,0.00011060497170199919
152,1,all,-1.0
152,2,last,9.492599266257866e-05
152,2,all,-1.0
152,3,last,0.17615690840527912
152,3,all,-1.0
152,4,last,-0.17666272590298562
152,4,all,-1.0
152,5,last,-0.17840956867639934
152,5,all,-0.4119418262159006
152,6,last,-0.0006378958537451201
152,6,all,-0.8957361527773352
152,7,last,-0.17736623487553702
152,7,all,-0.2777433995332777
152,8,last,-0.0015278483379174465
152,8,all,0.31379209912386885
152,9,last,-0.002697636513206387
152,9,all,0.7161675326178152
152,10,last,-0.17732533319108637
152,10,all,0.36065571535427077
152,11,last,-0.17421663474915083
152,11,all,0.3668523205485461
152,12,last,-0.00020501969330894457
152,12,all,0.1706857968389474
152,13,last,-0.002993151183362422
152,13,all,-1.0
152,14,last,-0.3641786285631119
152,14,all,-1.0
152,15,last,0.1730456536080654
152,15,all,1.1375046461757181
152,16,last,-0.35521528005127706
152,16,all,-0.17010294783552546
152,17,last,-0.5307961564005427
152,17,all,-0.6983088346445447
152,18,last,0.5332952493204781
152,18,all,0.17998002293561954
152,19,last,-0.5460153323372637
152,19,all,-0.21831325202646543
152,20,last,-0.8868111495946728
152,20,all,-0.8838902580538399
152,21,last,-0.18215497000628353
152,21,all,1.3261513951990624
152,22,last,-0.7103906809602147
152,22,all,-0.5310969542049403
152,23,last,0.18418250058923988
152,23,all,0.5423822402159336
152,24,last,-0.8850867175358644
152,24,all,-0.7061062295140079
152,25,last,-0.17363958015102607
152,25,all,-0.1703263732868372
152,26,last,-0.35606739847733254
152,26,all,-0.35491456745872213
152,27,last,-0.3519935907060466
152,27,all,0.004909906370931582
152,28,last,-0.34833544630299046
152,28,all,-0.1684302393651786
152,29,last,-0.5302433871775605
152,29,all,-0.5306550455891879
152,30,last,-1.0
152,30,all,-1.0
152,31,last,2.0
152,31,all,2.0
153,0,last,-0.010976733593872145
153,0,all,0.29516672066914595
153,1,last,-0.0023430066343927127
153,1,all,0.24794789992715818
153,2,last,-0.005227597065031481
153,2,all,0.2996002105147223
153,3,last,-0.0020740609247836073
153,3,all,0.20051260039485225
153,4,last,-0.008442954146374124
153,4,all,0.2642266759400423
153,5,last,-0.016470357632385958
153,5,all,0.7883898725342219
153,6,last,-0.01427951209703595
153,6,all,0.21071490186400335
153,7,last,-0.0009446858712001836
153,7,all,0.06000921476644168
153,8,last,-0.0008193208797309811
153,8,all,-0.02366310808262738
153,9,last,-0.01060570245081701
153,9,all,0.05380419275389646
153,10,last,-0.00640128064294904
153,10,all,0.020161785191852043
153,11,last,-0.002554702917322474
153,11,all,0.005526679604286899
153,12,last,0.008627678494252868
153,12,all,-0.053691733499276965
153,13,last,0.005962450424563577
153,13,all,-0.05797429303815323
153,14,last,0.06363224543715387
153,14,all,0.002916063549114206
153,15,last,0.0781965277167754
153,15,all,0.16721309157946035
153,16,last,-0.12498713822001968
153,16,all,-0.15479175943031334
153,17,last,-0.03338809069856468
153,17,all,-0.00517917417772346
153,18,last,-0.11875071341999002
153,18,all,-0.22596819927976847
153,19,last,-0.07404348269783774
153,19,all,-0.021225576596321846
153,20,last,-0.06945916804204781
153,20,all,-0.1355521190270439
153,21,last,0.02290560814399117
153,21,all,0.14002793054645843
153,22,last,0.013761102362326558
153,22,all,-0.033194117825368574
153,23,last,0.09680835852882477
153,23,all,0.10150330383346803
153,24,last,-0.05887551435691135
153,24,all,-0.035705039700789455
153,25,last,-0.05035129275042914
153,25,all,-0.06311587530118368
153,26,last,-0.0379819703691315
153,26,all,-0.07006566734299292
153,27,last,0.06515452457199548
153,27,all,0.06591455642630793
153,28,last,0.03577072884638959
153,28,all,0.08335857629818877
153,29,last,0.009297194363139865
153,29,all,-0.021575578773066015
153,30,last,0.05500330098506289
153,30,all,0.0814285180774911
153,31,last,0.217130864101325
153,31,all,0.217130864101325
154,0,last,-0.014327503059206818
154,0,all,-0.016869814122710762
154,1,last,-0.03284556359424912
154,1,all,0.19751596697265886
154,2,last,0.006498508136885511
154,2,all,0.5298289535737816
154,3,last,-0.016546983448491617
154,3,all,0.5273488603601302
154,4,last,0.016622112964990658
154,4,all,0.4040616748577084
154,5,last,-0.007908727389467747
154,5,all,-0.026694071126509757
154,6,last,-0.025457827805176605
154,6,all,-0.08033982258355818
154,7,last,-0.038493852135281496
154,7,all,0.12020660226956674
154,8,last,-0.03157725565060952
154,8,all,0.40748447576878055
154,9,last,-0.0501176287938748
154,9,all,0.09331998737699297
154,10,last,-0.02529711461308104
154,10,all,0.37094711170698086
154,11,last,-0.06362424631559156
154,11,all,0.01117588615576775
154,12,last,-0.054202474437045484
154,12,all,-0.1081305662058385
154,13,last,0.03396926867305905
154,13,all,-0.11598975336376222
154,14,last,-0.10478102242456135
154,14,all,-0.13327671964090743
154,15,last,-0.08761147039698108
154,15,all,-0.03815635443188082
154,16,last,-0.05875939557796872
154,16,all,-0.16732646193418327
154,17,last,0.03322924683634911
154,17,all,-0.0744728548787181
154,18,last,-0.027194466473160702
154,18,all,0.06801152141951877
154,19,last,0.13253213386160645
154,19,all,0.1800647377702917
154,20,last,-0.12028828513952987
154,20,all,-0.0793522946294098
154,21,last,-0.015827830921920305
154,21,all,0.2308728481693324
154,22,last,0.14554229585036196
154,22,all,0.046841381150449
154,23,last,0.12141421367755083
154,23,all,0.09013833427017683
154,24,last,0.033643434378502195
154,24,all,0.0864452075287109
154,25,last,-0.11294408234132595
154,25,all,-0.07990105996591476
154,26,last,0.027444781170655175
154,26,all,-0.060797566521413667
154,27,last,0.08500448397607557
154,27,all,-0.038700282769400365
154,28,last,0.01693402138343632
154,28,all,0.033890121326757616
154,29,last,-0.15112173517196506
154,29,all,-0.15679631514296646
154,30,last,0.08642367508161461
154,30,all,0.09392277887152034
154,31,last,0.057088563501019866
154,31,all,0.057088563501019866
155,0,last,-0.12796269122924264
155,0,all,-1.0
155,1,last,-0.03315172911430412
155,1,all,-1.0
155,2,last,-0.002458678986696886
155,2,all,-1.0
155,3,last,-0.0819795344152102
155,3,all,-0.9194185759323561
155,4,last,-0.35656559786530295
155,4,all,-1.0
155,5,last,0.009543180640505973
155,5,all,-1.0
155,6,last,-0.2134856871661509
155,6,all,-1.0
155,7,last,0.0754761662622946
155,7,all,-1.0
155,8,last,-0.1290503794317483
155,8,all,-1.0
155,9,last,-0.28109427438218243
155,9,all,-0.5859234937746074
155,10,last,-0.24990919789048538
155,10,all,-1.0
155,11,last,-0.13659058660584136
155,11,all,-0.6159366177061693
155,12,last,-0.4857845060123103
155,12,all,1.0546425302552629
155,13,last,0.14111228952071014
155,13,all,0.5180078743589371
155,14,last,0.5531548284929756
155,14,all,1.8854571341401403
155,15,last,0.5509005147874262
155,15,all,0.7377993442876998
155,16,last,-0.9131757492990077
155,16,all,-0.449684977214724
155,17,last,0.3810923372705128
155,17,all,-0.12950075789494075
155,18,last,-1.0
155,18,all,-1.0
155,19,last,0.7095368850275796
155,19,all,0.5240390715423767
155,20,last,-0.46337599821785724
155,20,all,-0.8469972347730916
155,21,last,-0.16522400275069857
155,21,all,-0.3546880523794996
155,22,last,-1.0
155,22,all,-1.0
155,23,last,-1.0
155,23,all,-1.0
155,24,last,-0.9272682366956749
155,24,all,-1.0
155,25,last,-0.4956661969170868
155,25,all,-0.8519877187120144
155,26,last,-0.25867220680604186
155,26,all,-0.5567210510767919
155,27,last,1.9039420222477275
155,27,all,1.5324311235731962
155,28,last,0.22390783222675828
155,28,all,-0.5519543035357131
155,29,last,1.292350346016572
155,29,all,1.3461308615788428
155,30,last,-1.0
155,30,all,-1.0
155,31,last,1.8206951325226521
155,31,all,1.8206951325226521
156,0,last,0.0031962546343898683
156,0,all,-0.09237002871944931
156,1,last,0.005246263317112221
156,1,all,0.01169350644198918
156,2,last,-0.005036063365516025
156,2,all,0.09333084632594243
156,3,last,0.0064576244113842204
156,3,all,0.1324285015267032
156,4,last,-0.0009069277574290026
156,4,all,0.6586041347482549
156,5,last,0.0035407361049539627
156,5,all,0.38272807127301794
156,6,last,0.008706607752162398
156,6,all,0.23494501399680162
156,7,last,-0.0008966308716250532
156,7,all,0.07082248696378388
156,8,last,0.004001310742922421
156,8,all,0.4199045554646607
156,9,last,8.66373219488038e-05
156,9,all,0.10706187014656393
156,10,last,0.02750315078375548
156,10,all,0.14714355314722838
156,11,last,-0.02333160382225465
156,11,all,-0.0026265076866885534
156,12,last,-0.03141140975127746
156,12,all,0.03234196970563356
156,13,last,-0.0036977214131125357
156,13,all,0.04453736492986196
156,14,last,0.036861458566534236
156,14,all,0.06516709123737129
156,15,last,0.010790883120429043
156,15,all,0.03252891726346756
156,16,last,0.1147003447979732
156,16,all,0.04153995835247295
156,17,last,0.1306049821313161
156,17,all,0.046090000267972234
156,18,last,-0.03802019582229179
156,18,all,-0.05375683355569402
156,19,last,0.03632331968222291
156,19,all,0.11252664688454848
156,20,last,0.06542252996594221
156,20,all,0.04055200591986533
156,21,last,0.07550735900282257
156,21,all,0.15539616951628057
156,22,last,-0.0015899404489737614
156,22,all,-0.0589417375614991
156,23,last,0.010375589459786968
156,23,all,0.04466261557357557
156,24,last,0.07962581792194075
156,24,all,0.13685747063330278
156,25,last,0.027078151042232636
156,25,all,0.030193381001443885
156,26,last,0.0026019048816733788
156,26,all,-0.036336232989829506
156,27,last,0.0938307938920055
156,27,all,0.06072246580030751
156,28,last,0.07207334758720545
156,28,all,0.11130022026473546
156,29,last,0.0880958927030739
156,29,all,0.09252266739138737
156,30,last,0.009985658210489868
156,30,all,0.01735759544084281
156,31,last,0.1844703971918198
156,31,all,0.1844703971918198
157,0,last,-0.016459001316902217
157,0,all,2.0
157,1,last,0.03164738738513149
157,1,all,2.0
157,2,last,-0.01607770292188391
157,2,all,0.8583529578701317
157,3,last,-0.032941904921253345
157,3,all,2.0
157,4,last,-0.020525615095015385
157,4,all,2.0
157,5,last,0.07868557147903181
157,5,all,2.0
157,6,last,-0.016282389970751945
157,6,all,0.0001608661885450374
157,7,last,-0.0164910607341948
157,7,all,1.7230225694503727
157,8,last,0.05861353074346358
157,8,all,0.1474558670820353
157,9,last,0.08765613789874611
157,9,all,0.8179751651439392
157,10,last,0.03675337126588411
157,10,all,0.2440605661199872
157,11,last,-0.02124306311987073
157,11,all,0.3780541337488537
157,12,last,-0.1505487471976465
157,12,all,0.31028697541592826
157,13,last,-0.07806164589633767
157,13,all,0.269097074018555
157,14,last,0.21477969489299173
157,14,all,0.4591113433047606
157,15,last,0.09584665506457223
157,15,all,-0.33402877607768017
157,16,last,0.22365427276152233
157,16,all,0.44398233355376554
157,17,last,0.28276330171781566
157,17,all,0.14654492434926022
157,18,last,0.4687868375035237
157,18,all,0.26462981237463157
157,19,last,0.5762097877211294
157,19,all,0.010609959817598989
157,20,last,0.40923296041970897
157,20,all,0.5011816456231687
157,21,last,0.7302201931835988
157,21,all,0.7303740404464644
157,22,last,0.5262027877655193
157,22,all,0.44623863360866495
157,23,last,-0.051904765698775786
157,23,all,-0.013246040661964366
157,24,last,-0.818616732891179
157,24,all,-1.0
157,25,last,0.494785317621563
157,25,all,0.4251981708300278
157,26,last,0.7981573233383832
157,26,all,0.5340347706196118
157,27,last,-0.5759829056910588
157,27,all,-0.6715546844499686
157,28,last,-0.21663971019804373
157,28,all,-0.2867405664690365
157,29,last,0.13372969396345832
157,29,all,0.1720672557252618
157,30,last,-0.11913677837381736
157,30,all,-0.14454301292506708
157,31,last,0.4530729805128065
157,31,all,0.4530729805128065
158,0,last,0.02714639715731748
158,0,all,-1.0
158,1,last,-0.015132536178180972
158,1,all,0.30928659139566206
158,2,last,-0.009666585023593044
158,2,all,0.28054785359156603
158,3,last,0.004590731391130315
158,3,all,-0.4563056945216896
158,4,last,-0.00886639268874999
158,4,all,-0.8478543734149704
158,5,last,-0.011305836607701724
158,5,all,0.03018846619427954
158,6,last,0.007816760465987992
158,6,all,-0.10499840547919748
158,7,last,0.00864123522512213
158,7,all,0.1143819461453418
158,8,last,-0.004353169593112272
158,8,all,-0.04761941276828508
158,9,last,0.0026237046679840823
158,9,all,-0.039775137233286136
158,10,last,0.04026943116428887
158,10,all,-0.23529451122487013
158,11,last,0.035248908380984774
158,11,all,0.04072252766955936
158,12,last,-0.12338290706777924
158,12,all,0.06410778028420511
158,13,last,0.05690853013749566
158,13,all,0.2627013994043815
158,14,last,0.010084874214786838
158,14,all,0.03488963375037457
158,15,last,0.13507004539685677
158,15,all,0.3948591326197759
158,16,last,-0.07398711843703583
158,16,all,0.07905801033574249
158,17,last,-0.05019575543223392
158,17,all,0.13940607445517533
158,18,last,0.1913058095436994
158,18,all,0.3526304180441116
158,19,last,0.2798629087998754
158,19,all,0.6437075217327698
158,20,last,0.2788347022456055
158,20,all,0.51088596868304
158,21,last,-0.49165068011086016
158,21,all,-0.4983340603025064
158,22,last,-0.27333507144370367
158,22,all,-0.20290912464341299
158,23,last,0.43383467894049244
158,23,all,0.49680727468353536
158,24,last,-0.14467829245992386
158,24,all,0.05082627150817611
158,25,last,-0.03901501465741258
158,25,all,-0.0593492520787785
158,26,last,0.23026383944070133
158,26,all,0.23633655049142965
158,27,last,-0.3622336281956385
158,27,all,-0.2813460161262361
158,28,last,0.059210849778097735
158,28,all,0.2577542501384399
158,29,last,-0.1083316380743
158,29,all,-0.09089790992227971
158,30,last,0.5428849414537971
158,30,all,0.5379298233427321
158,31,last,0.12832464353325962
158,31,all,0.12832464353325962
159,0,last,0.04536977376730498
159,0,all,-1.0
159,1,last,0.05173044278944994
159,1,all,-1.0
159,2,last,0.10806591633639506
159,2,all,-0.06300258390751469
159,3,last,0.009282832190821533
159,3,all,-0.5317978598839034
159,4,last,0.0401690473770011
159,4,all,0.2657833744969133
159,5,last,0.06297625481877177
159,5,all,0.9819126473971868
159,6,last,-0.001496004195101473
159,6,all,0.6274733801942355
159,7,last,-0.02017649265820674
159,7,all,0.30571655712059237
159,8,last,-0.015814640289795505
159,8,all,-0.28117821209397437
159,9,last,0.1169746560579942
159,9,all,0.4874220092166438
159,10,last,0.053475841964033
159,10,all,0.36695436071875487
159,11,last,0.10906239920895716
159,11,all,0.6432529150323738
159,12,last,0.04786518628927331
159,12,all,0.19142161720576695
159,13,last,-0.02029424219397371
159,13,all,0.037192763303686295
159,14,last,0.03483192167973735
159,14,all,0.3934911567173185
159,15,last,0.07920594393805643
159,15,all,0.2223473260250609
159,16,last,-0.2271538474477971
159,16,all,0.2948748234671168
159,17,last,0.4783271374649037
159,17,all,0.6108567997431451
159,18,last,-0.4665997225206592
159,18,all,-0.6664799251668789
159,19,last,-0.21295844611569148
159,19,all,-0.19904059726075085
159,20,last,0.00779926117651533
159,20,all,-0.024577838659732364
159,21,last,0.34662501307312393
159,21,all,0.24621117099353548
159,22,last,0.12097923731943548
159,22,all,0.14245646009790033
159,23,last,0.4617034262189454
159,23,all,0.47008448712032175
159,24,last,0.45028007568150286
159,24,all,0.49392639118151055
159,25,last,-0.05639654240555719
159,25,all,-0.0070774053268134705
159,26,last,0.21385400081473901
159,26,all,0.15987205525598092
159,27,last,0.7586408778118187
159,27,all,0.740552062481853
159,28,last,-0.10485376750975822
159,28,all,0.11247055347401355
159,29,last,-0.44429752162824937
159,29,all,-0.4136036550626084
159,30,last,-0.7745129301423453
159,30,all,-0.6766959772809219
159,31,last,0.3698079585521634
159,31,all,0.3698079585521634
160,0,last,0.11866730116380562
160,0,all,2.0
160,1,last,-0.09928246607016748
160,1,all,2.0
160,2,last,-0.17991032418654412
160,2,all,2.0
160,3,last,-0.16585075627517507
160,3,all,0.6334622421109739
160,4,last,-0.0583358368525544
160,4,all,0.3621019955784502
160,5,last,0.26516605806236926
160,5,all,1.9148234149047691
160,6,last,-0.058565196786412484
160,6,all,2.0
160,7,last,0.28074587066354123
160,7,all,2.0
160,8,last,-0.1503567086065355
160,8,all,2.0
160,9,last,0.02350988330578237
160,9,all,0.42924466578876047
160,10,last,-0.19465748181415865
160,10,all,0.2618290670588656
160,11,last,-0.2673704618711164
160,11,all,-1.0
160,12,last,-0.1337967253478503
160,12,all,-0.02939776844546404
160,13,last,0.4636618881713495
160,13,all,-0.9575747833455283
160,14,last,0.07689242774059392
160,14,all,-0.17824011338614165
160,15,last,0.1190074203819627
160,15,all,-0.22805875731023528
160,16,last,0.3705108796492557
160,16,all,0.970424820665526
160,17,last,1.5593735925361965
160,17,all,-0.4998654715772563
160,18,last,0.018684993244173744
160,18,all,-0.7933349375459762
160,19,last,-1.0
160,19,all,-1.0
160,20,last,1.528468811704806
160,20,all,1.2263027815773004
160,21,last,2.0
160,21,all,1.8729238147653888
160,22,last,-0.8589931392954827
160,22,all,-1.0
160,23,last,-1.0
160,23,all,-1.0
160,24,last,-1.0
160,24,all,-1.0
160,25,last,2.0
160,25,all,2.0
160,26,last,-1.0
160,26,all,-1.0
160,27,last,-1.0
160,27,all,-1.0
160,28,last,-0.21836339925144366
160,28,all,-1.0
160,29,last,-0.8250258152446922
160,29,all,-0.970398846143102
160,30,last,0.528583491671735
160,30,all,0.6693222757014223
160,31,last,-0.4489162007997212
160,31,all,-0.4489162007997212
161,0,last,-0.000921724242602437
161,0,all,0.5129673402040855
161,1,last,-0.0012341560612963566
161,1,all,-0.7042588734391919
161,2,last,-0.001220966327525637
161,2,all,-0.38529071730352016
161,3,last,-0.0017331676556219134
161,3,all,-0.29669490918410324
161,4,last,-0.024717561086328457
161,4,all,0.313039737187227
161,5,last,0.02222662490650402
161,5,all,0.21398117275418677
161,6,last,-0.0011869844439913527
161,6,all,0.049443411553950316
161,7,last,-0.0010224791533509892
161,7,all,0.06647584602524625
161,8,last,0.00029658581909437456
161,8,all,0.3341659810752967
161,9,last,-0.0257666028979677
161,9,all,-0.09041736531037733
161,10,last,-0.025147876150598183
161,10,all,-0.026414136390273964
161,11,last,0.07162767360025324
161,11,all,-0.21979821172856773
161,12,last,0.0027674626121425056
161,12,all,-0.06480968038527213
161,13,last,-0.09612911540302606
161,13,all,-0.152505976140138
161,14,last,0.06789621548068062
161,14,all,0.059667287133726134
161,15,last,0.23791550180250534
161,15,all,0.2626132782881777
161,16,last,-0.01840609028629233
161,16,all,-0.0069532795815044025
161,17,last,0.1702110412360539
161,17,all,0.348688335933726
161,18,last,0.2399932512528873
161,18,all,0.37532788853795646
161,19,last,0.23635673173785185
161,19,all,0.3667104126170062
161,20,last,0.1882101732782955
161,20,all,0.2578403807729587
161,21,last,-0.053239536007148834
161,21,all,0.04917288461859046
161,22,last,0.11209478435792834
161,22,all,0.22052795206850748
161,23,last,0.07120441137973592
161,23,all,0.16471220458889158
161,24,last,0.24478295651912668
161,24,all,0.3156649521844672
161,25,last,0.04818626505392861
161,25,all,0.0096381689645198
161,26,last,-0.021972814126791078
161,26,all,0.12978798785298795
161,27,last,-0.00547012149759901
161,27,all,-0.15936175244664982
161,28,last,0.0806337886905727
161,28,all,-0.03436292028766077
161,29,last,-0.20765522988515223
161,29,all,-0.18598742835180904
161,30,last,-0.1715257096305757
161,30,all,-0.19457834161447105
161,31,last,0.08966976387262307
161,31,all,0.08966976387262307
162,0,last,-0.041225015185157116
162,0,all,-1.0
162,1,last,0.020797161365340742
162,1,all,-1.0
162,2,last,-0.007930215012775892
162,2,all,-1.0
162,3,last,-0.011821234787979012
162,3,all,-1.0
162,4,last,0.0611308615554804
162,4,all,-1.0
162,5,last,0.022779997896134656
162,5,all,-0.18371495113037517
162,6,last,-0.030540546348945295
162,6,all,-0.5426479520680657
162,7,last,-0.05905131508550629
162,7,all,0.15105244167146445
162,8,last,-0.044163640003755285
162,8,all,-1.0
162,9,last,0.01191737917195932
162,9,all,0.5663554604920104
162,10,last,0.1742583026331119
162,10,all,0.4121783263411859
162,11,last,-0.075200178262999
162,11,all,0.08451091351869217
162,12,last,-0.35562902745996716
162,12,all,-0.4214703982752829
162,13,last,-0.3139204625789091
162,13,all,0.20192300079064618
162,14,last,-0.40473561991071016
162,14,all,-0.27337637585441255
162,15,last,0.02208549611067689
162,15,all,1.0161827964894858
162,16,last,-0.07451529091593927
162,16,all,0.6097533387551225
162,17,last,0.7041122649693978
162,17,all,1.5240558904270733
162,18,last,-0.4317606751371754
162,18,all,0.026321504557809357
162,19,last,-0.6401281774305018
162,19,all,-0.19954823450633252
162,20,last,0.2920170752425949
162,20,all,-0.03531326668076784
162,21,last,-0.4191188197541645
162,21,all,-0.45961257206587136
162,22,last,0.529599462496338
162,22,all,-0.02445630350859135
162,23,last,1.972485173970435
162,23,all,1.9944886645771287
162,24,last,-1.0
162,24,all,-1.0
162,25,last,-0.19565891139672906
162,25,all,-0.18298255714652517
162,26,last,-0.6494123315918003
162,26,all,-0.8222211162476091
162,27,last,-0.009131454257329879
162,27,all,0.4193744507045121
162,28,last,0.8246623352679091
162,28,all,0.7936882908582527
162,29,last,1.327846411043257
162,29,all,1.505239303371727
162,30,last,-1.0
162,30,all,-1.0
162,31,last,0.2566891041266301
162,31,all,0.2566891041266301
163,0,last,-0.053790482153306465
163,0,all,-1.0
163,1,last,-0.05963961338748062
163,1,all,-1.0
163,2,last,0.005505225709152727
163,2,all,-1.0
163,3,last,-0.05815188604931809
163,3,all,-0.9244231526058371
163,4,last,-0.1924936522430815
163,4,all,-1.0
163,5,last,-0.0498242461109374
163,5,all,-1.0
163,6,last,-0.05849691138248901
163,6,all,-0.06883622444986626
163,7,last,-0.055706225050829956
163,7,all,-0.9722811400293963
163,8,last,-0.05261941167519442
163,8,all,-1.0
163,9,last,-0.06996548875706397
163,9,all,-1.0
163,10,last,-0.053122578803699
163,10,all,-1.0
163,11,last,0.03542090042280223
163,11,all,0.11091189585883748
163,12,last,0.0351731739755093
163,12,all,-0.5035632917432439
163,13,last,-0.10565253025006187
163,13,all,-0.3776683628442181
163,14,last,-0.0842330888128553
163,14,all,0.23844199350237544
163,15,last,0.4039201497158611
163,15,all,0.30940510689750805
163,16,last,-0.3347181212704945
163,16,all,-1.0
163,17,last,-0.533384529302953
163,17,all,-0.3010519602179445
163,18,last,-0.23590401054311816
163,18,all,-0.5859539228808035
163,19,last,-0.3181817899038346
163,19,all,-0.44745928595308926
163,20,last,-1.0
163,20,all,-1.0
163,21,last,0.5117187300728584
163,21,all,0.7052666194771218
163,22,last,0.08280719976917021
163,22,all,-0.19080012905166807
163,23,last,-0.09314800591408011
163,23,all,0.013779114856357855
163,24,last,-0.9671231792697134
163,24,all,-0.8949082447865776
163,25,last,0.12285825804386188
163,25,all,-0.04032254953937936
163,26,last,-0.12833387104861696
163,26,all,-0.12678467868536017
163,27,last,-0.01683793302825612
163,27,all,-0.10918228996038493
163,28,last,-0.9057926555765015
163,28,all,-0.8985156445285987
163,29,last,-0.2791803651345991
163,29,all,-0.15440549323131963
163,30,last,-0.6265404982972073
163,30,all,-0.6882194067480386
163,31,last,0.8473594488354057
163,31,all,0.8473594488354057
164,0,last,-0.02368668685866516
164,0,all,-1.0
164,1,last,-0.0457873374140499
164,1,all,-1.0
164,2,last,-0.0036238958772849446
164,2,all,0.2996363288156246
164,3,last,-0.02249661555715661
164,3,all,-1.0
164,4,last,0.02114791644425121
164,4,all,-1.0
164,5,last,-0.000545766723052889
164,5,all,0.1814248767339791
164,6,last,0.04431664480899555
164,6,all,-0.13630626677788346
164,7,last,-0.04653562058839069
164,7,all,-0.07566631237370681
164,8,last,-0.0034910209041712705
164,8,all,-0.002890846776294766
164,9,last,0.02038983993704217
164,9,all,-0.3178992019400955
164,10,last,-0.0026472225080290215
164,10,all,0.08202835157774824
164,11,last,-0.053788006746034574
164,11,all,0.6843641461005668
164,12,last,-0.09916777224528357
164,12,all,-0.3044829404373122
164,13,last,-0.05357569696187842
164,13,all,0.4875329059007007
164,14,last,-0.13299708751116712
164,14,all,0.15881025756102726
164,15,last,-0.2304365178632205
164,15,all,-0.23292438712778837
164,16,last,0.07085258700560142
164,16,all,0.1883312317969448
164,17,last,-0.17975602027002274
164,17,all,-0.09028824196738143
164,18,last,-0.08687593044218832
164,18,all,-0.12230663699004696
164,19,last,-0.4006165930735988
164,19,all,-0.137662220211432
164,20,last,0.42634005135817205
164,20,all,0.4140357563046394
164,21,last,-0.5088948248039248
164,21,all,-0.6222946069083137
164,22,last,0.7660452575301964
164,22,all,0.703537557371097
164,23,last,0.1054980133438392
164,23,all,0.10969403330918047
164,24,last,0.06905653811970185
164,24,all,0.00046234203565667865
164,25,last,-0.036557181638395574
164,25,all,0.07845983034803933
164,26,last,0.45622942417741746
164,26,all,0.3632219001169517
164,27,last,0.19550309499544974
164,27,all,0.19747082946990382
164,28,last,0.14932184797047685
164,28,all,0.16651470880008337
164,29,last,-0.11379441714737625
164,29,all,-0.09549756962122653
164,30,last,-0.08242987822534652
164,30,all,-0.14268112194839447
164,31,last,0.12354966483225048
164,31,all,0.12354966483225048
165,0,last,0.713457107013317
165,0,all,2.0
165,1,last,0.017731445758468103
165,1,all,-1.0
165,2,last,1.2042685647397235
165,2,all,1.9234156916471137
165,3,last,0.4769538447002504
165,3,all,2.0
165,4,last,1.0290694927798687
165,4,all,-1.0
165,5,last,-0.15861717819105658
165,5,all,-1.0
165,6,last,0.0271535727970857
165,6,all,-1.0
165,7,last,-0.8997055257231942
165,7,all,-1.0
165,8,last,-0.06965025274396486
165,8,all,1.839726732070401
165,9,last,0.7681946784666341
165,9,all,-1.0
165,10,last,-0.20089864520836287
165,10,all,1.6884084216493709
165,11,last,0.47127957209370686
165,11,all,-1.0
165,12,last,0.2172915715268045
165,12,all,2.0
165,13,last,0.9324336383058018
165,13,all,-1.0
165,14,last,2.0
165,14,all,2.0
165,15,last,2.0
165,15,all,2.0
165,16,last,2.0
165,16,all,2.0
165,17,last,-1.0
165,17,all,-0.5263635838726779
165,18,last,-1.0
165,18,all,-1.0
165,19,last,2.0
165,19,all,2.0
165,20,last,1.8670666477699216
165,20,all,2.0
165,21,last,2.0
165,21,all,2.0
165,22,last,2.0
165,22,all,2.0
165,23,last,2.0
165,23,all,-0.6934055608921363
165,24,last,-1.0
165,24,all,-1.0
165,25,last,2.0
165,25,all,2.0
165,26,last,2.0
165,26,all,2.0
165,27,last,2.0
165,27,all,0.6915788755386885
165,28,last,2.0
165,28,all,2.0
165,29,last,1.7176878782629692
165,29,all,1.3437002976237342
165,30,last,1.6040055850379773
165,30,all,0.9472859549942523
165,31,last,2.0
165,31,all,2.0
166,0,last,0.06671749874356367
166,0,all,-1.0
166,1,last,-0.004094590096762173
166,1,all,-1.0
166,2,last,-0.0006237758862351598
166,2,all,-0.5236086708030717
166,3,last,0.0001570048149027273
166,3,all,-0.49088775349183217
166,4,last,-0.1397616019795337
166,4,all,-0.37787690769469456
166,5,last,-0.004415229997467236
166,5,all,-1.0
166,6,last,-0.0026568821548910845
166,6,all,-0.030022397055098876
166,7,last,0.002911749768272032
166,7,all,-0.013438763480998307
166,8,last,0.06553624968008943
166,8,all,-0.5390573346045773
166,9,last,-0.0009234641308974602
166,9,all,-0.2184149143965724
166,10,last,-0.07737234407923439
166,10,all,-0.5463207963750983
166,11,last,-0.001126615631261462
166,11,all,-0.37766208691754727
166,12,last,0.271520201772404
166,12,all,-0.26698721816375975
166,13,last,0.1993361772775312
166,13,all,0.03744936130600424
166,14,last,0.21033977486252134
166,14,all,0.3082322769543718
166,15,last,0.08691887333132657
166,15,all,-0.2699310584431859
166,16,last,0.1463966466741898
166,16,all,0.44086633771682643
166,17,last,0.19791942099170287
166,17,all,0.07171247962849266
166,18,last,0.21451233694506291
166,18,all,0.07930785276024808
166,19,last,0.26771177416766895
166,19,all,0.5001489158844052
166,20,last,0.18696303093551797
166,20,all,0.17441007164670735
166,21,last,0.40816212868825397
166,21,all,1.0592579135598321
166,22,last,-0.10658982624712081
166,22,all,0.09563078408257604
166,23,last,0.49146220016257425
166,23,all,0.47681725779951917
166,24,last,-0.14425400833027235
166,24,all,-0.15089462245248417
166,25,last,0.018334555513269162
166,25,all,0.13493158223458693
166,26,last,-0.06256323620870502
166,26,all,-0.4656061327353713
166,27,last,0.2718050382102512
166,27,all,0.4707110435118158
166,28,last,-0.38831083240399034
166,28,all,-0.1802977522055596
166,29,last,-0.0670235520482896
166,29,all,-0.20776722975347325
166,30,last,-0.25872643104451964
166,30,all,-0.3329371967479847
166,31,last,0.5849246204501424
166,31,all,0.5849246204501424
167,0,last,-0.03414872425559924
167,0,all,-1.0
167,1,last,-0.07525159792832274
167,1,all,-1.0
167,2,last,-0.04683999930713135
167,2,all,-1.0
167,3,last,-0.01203201053160347
167,3,all,-1.0
167,4,last,-0.0003892189638149348
167,4,all,-1.0
167,5,last,-0.028813289220695988
167,5,all,-0.7309920146888154
167,6,last,-0.07480539051809253
167,6,all,0.4306892310890163
167,7,last,-0.05994249190209766
167,7,all,0.0861613344650188
167,8,last,-0.042886317576345465
167,8,all,-0.44771578528000555
167,9,last,-0.03922554606710433
167,9,all,-0.5343515615527187
167,10,last,-0.12240442743066983
167,10,all,-0.14470111378635395
167,11,last,-0.14009059257591241
167,11,all,-0.4771098716460827
167,12,last,0.03689958601098197
167,12,all,0.16122672394380835
167,13,last,0.12480573695241724
167,13,all,0.24376695362976564
167,14,last,-0.22990507699502866
167,14,all,0.2802622507838077
167,15,last,-0.10513346382359565
167,15,all,-0.017448511198489548
167,16,last,-0.17285461883563424
167,16,all,0.22336179868701392
167,17,last,0.04780308672983319
167,17,all,-0.13082589943011552
167,18,last,-0.01787774332680882
167,18,all,-0.22892553394190296
167,19,last,0.25062583360759383
167,19,all,0.26845507612894287
167,20,last,-0.398635914846443
167,20,all,-0.43853181133186675
167,21,last,0.4446134659022016
167,21,all,0.3955467599729781
167,22,last,-0.29078883095737124
167,22,all,-0.02042057127020145
167,23,last,-0.2659766849699468
167,23,all,-0.3591162460376574
167,24,last,-0.7757726351526909
167,24,all,-1.0
167,25,last,-0.13837314441114826
167,25,all,-0.13052190331017996
167,26,last,-0.7215480417799796
167,26,all,-0.9948015797405206
167,27,last,0.4931257036947221
167,27,all,0.57025947930921
167,28,last,0.7302399057698636
167,28,all,0.837923992309158
167,29,last,0.17197917929708476
167,29,all,0.2653380332923386
167,30,last,-0.8801886334898061
167,30,all,-0.8870676066584677
167,31,last,0.3496364171762138
167,31,all,0.3496364171762138
168,0,last,-0.06121681236918452
168,0,all,-1.0
168,1,last,-0.06068604436365598
168,1,all,-1.0
168,2,last,-0.05575990152039844
168,2,all,-1.0
168,3,last,-0.010576939224264495
168,3,all,-0.73525433100077
168,4,last,-0.02835677685912562
168,4,all,-0.4970703438084106
168,5,last,-0.04333990474673512
168,5,all,-0.8097932040322084
168,6,last,-0.05393452775641871
168,6,all,-0.9745247260031031
168,7,last,-0.017879452052006105
168,7,all,-0.3029151020545251
168,8,last,0.008890364092602987
168,8,all,0.09353475716218754
168,9,last,-0.017125410352876756
168,9,all,0.09037037734399211
168,10,last,0.011744196283402635
168,10,all,-0.3446854754292071
168,11,last,0.03811568198090965
168,11,all,0.009060586429946511
168,12,last,-0.09490315137778316
168,12,all,-0.013961666642070514
168,13,last,-0.047040014208094644
168,13,all,0.09315729103745043
168,14,last,0.12451547700166457
168,14,all,0.18311114526301006
168,15,last,-0.01568907986811713
168,15,all,-0.19349877892825573
168,16,last,0.3047920005170281
168,16,all,0.5706455777559861
168,17,last,0.28212151483122544
168,17,all,0.6292510420711249
168,18,last,0.48428013253424673
168,18,all,0.7841898816178704
168,19,last,-0.30904883116539456
168,19,all,-0.2085023894737967
168,20,last,0.21074759411463265
168,20,all,0.3008492796974368
168,21,last,-0.32412381296000103
168,21,all,-0.25172028882328784
168,22,last,-0.059538633855060134
168,22,all,-0.15296487109665421
168,23,last,-0.19897884408600783
168,23,all,-0.21825200742769876
168,24,last,-0.09856611216761481
168,24,all,0.10144246255999129
168,25,last,0.1655139976703203
168,25,all,0.1747331020616495
168,26,last,0.18287349554241386
168,26,all,0.19167455015757653
168,27,last,0.2333791500282177
168,27,all,0.19685170097660296
168,28,last,0.3404332247540427
168,28,all,0.2962137107095549
168,29,last,-0.2231651736802171
168,29,all,-0.23480466668736136
168,30,last,0.20786755429939896
168,30,all,0.2697863747832782
168,31,last,0.11331400754270698
168,31,all,0.11331400754270698
169,0,last,0.010073744174879154
169,0,all,-0.08661163182583441
169,1,last,0.012426091466459876
169,1,all,-0.11271322893066141
169,2,last,2.8834852801921094e-07
169,2,all,-0.1117194837869312
169,3,last,0.011925518421818526
169,3,all,0.1219378828067
169,4,last,0.012911478155292214
169,4,all,-0.08501898678940831
169,5,last,0.012910757283972167
169,5,all,-0.09101620364941586
169,6,last,0.01247809031767934
169,6,all,-0.20128524628232242
169,7,last,-0.02691853654279342
169,7,all,-0.12997175337819525
169,8,last,0.02158288732223794
169,8,all,-0.06699951057643178
169,9,last,0.08676863759934088
169,9,all,0.013203142691383646
169,10,last,-0.0006728132320448255
169,10,all,0.11506932475310638
169,11,last,0.0478731604805655
169,11,all,-0.09265387911430097
169,12,last,0.023856034884789386
169,12,all,0.008304293432689265
169,13,last,0.05460528162231802
169,13,all,0.14116121412415672
169,14,last,0.010507900941900078
169,14,all,0.038822236592658495
169,15,last,-0.05998394283163637
169,15,all,0.05944540389747249
169,16,last,-0.028231675739392906
169,16,all,-0.10590753085617598
169,17,last,0.030591472034614126
169,17,all,0.0601149972376211
169,18,last,-0.21251555640308664
169,18,all,-0.4200241328494717
169,19,last,0.012236069786495217
169,19,all,0.08279312838545201
169,20,last,-0.06429470526743557
169,20,all,-0.024454934777485286
169,21,last,0.11800730790509412
169,21,all,0.27291279879155056
169,22,last,-0.09691951500546517
169,22,all,-0.08394700307840888
169,23,last,0.11160856571981981
169,23,all,0.13553894646675016
169,24,last,-0.25536722338437357
169,24,all,-0.154493488898005
169,25,last,-0.03828422629746265
169,25,all,0.032285135172022965
169,26,last,-0.1655663607224707
169,26,all,-0.11973691849232936
169,27,last,0.12939976601478112
169,27,all,0.10904985699835333
169,28,last,-0.009769055896938853
169,28,all,0.04693083749099872
169,29,last,-0.02375540124851068
169,29,all,-0.05726991036974355
169,30,last,-0.08267086860957186
169,30,all,-0.08324348072813001
169,31,last,0.14661253916253592
169,31,all,0.14661253916253592
170,0,last,0.00040197440404395024
170,0,all,0.10039471494702369
170,1,last,-5.168156487932384e-06
170,1,all,0.37350239895608045
170,2,last,-4.867682273517711e-06
170,2,all,0.29579844502190245
170,3,last,-5.168156487932384e-06
170,3,all,0.24399074106736734
170,4,last,-0.00038439666250069185
170,4,all,0.36963787989480756
170,5,last,-4.146544158922495e-06
170,5,all,0.20383034913360965
170,6,last,-5.4686307023470584e-06
170,6,all,0.11073353688257882
170,7,last,0.0008330948068861238
170,7,all,0.20339499204434422
170,8,last,5.258298752256787e-05
170,8,all,0.05506582097998704
170,9,last,0.008601615241205975
170,9,all,0.1284936512502762
170,10,last,0.01681099144291504
170,10,all,0.12521812174409896
170,11,last,0.010625699691767541
170,11,all,0.19671788409904278
170,12,last,0.0397083885730137
170,12,all,0.25672264481249596
170,13,last,-0.021940356709766486
170,13,all,0.14976181709497563
170,14,last,0.13686460746078677
170,14,all,0.1636069477570892
170,15,last,0.02738101326275154
170,15,all,0.12823079640750626
170,16,last,0.06200754154221275
170,16,all,0.13399683648728095
170,17,last,0.03572181688584558
170,17,all,0.09764360308726439
170,18,last,-0.019639084796407386
170,18,all,-0.01739941009700329
170,19,last,-0.059755637542281984
170,19,all,-0.058212191645098124
170,20,last,-0.05433760669764235
170,20,all,-0.05383560442761976
170,21,last,-0.01571263799954364
170,21,all,0.07180620098251463
170,22,last,0.04903975051505787
170,22,all,0.12603473554032446
170,23,last,0.022036117841900443
170,23,all,0.018905176527699546
170,24,last,0.06148067503094734
170,24,all,0.08325897097316927
170,25,last,-0.007594425674487991
170,25,all,0.00637191628572045
170,26,last,-0.005227289813329193
170,26,all,-0.006724793203129042
170,27,last,0.03199626714873948
170,27,all,0.037291434087104953
170,28,last,0.03435859542246765
170,28,all,0.06164105314289117
170,29,last,-0.042361906407931124
170,29,all,-0.044169288855056825
170,30,last,-0.03484314014063275
170,30,all,-0.036571287537417306
170,31,last,-0.0050882303468980815
170,31,all,-0.0050882303468980815
171,0,last,0.02244517816404839
171,0,all,-1.0
171,1,last,0.03880936160021092
171,1,all,-1.0
171,2,last,0.08390339723805221
171,2,all,-1.0
171,3,last,0.0361701849315551
171,3,all,-1.0
171,4,last,0.03613435991462375
171,4,all,-1.0
171,5,last,-0.013390103238440646
171,5,all,-0.3061207443955484
171,6,last,0.017715068344270363
171,6,all,-0.9607616438852432
171,7,last,0.05579706134229093
171,7,all,0.3259195003818987
171,8,last,0.02127120443505659
171,8,all,-0.05006606495397592
171,9,last,-0.002498291770611209
171,9,all,0.8580779878416332
171,10,last,-0.04020834863779398
171,10,all,0.8286441136780116
171,11,last,-0.08760705994350515
171,11,all,0.586621570081683
171,12,last,0.5006431395595737
171,12,all,0.7591920854889561
171,13,last,0.1392526458687013
171,13,all,0.08140369661846054
171,14,last,0.38846816856676786
171,14,all,0.5326087153410571
171,15,last,0.2915876621056858
171,15,all,0.20148633567437071
171,16,last,0.3329927273202988
171,16,all,0.3383290447299488
171,17,last,0.06250096858367406
171,17,all,-0.011929529373998082
171,18,last,0.12315392983328285
171,18,all,0.02245020976754998
171,19,last,-0.10209626665083389
171,19,all,-0.32568844914910555
171,20,last,-0.38918164994329385
171,20,all,-0.5648544508055094
171,21,last,-0.15494943741641248
171,21,all,-0.09773889801845391
171,22,last,0.032143090753019715
171,22,all,0.0016725050039296822
171,23,last,-0.16795713878873203
171,23,all,-0.08643952666699539
171,24,last,-0.07091058941209738
171,24,all,-0.10553506574796295
171,25,last,-0.14757994966383858
171,25,all,-0.12336264074652895
171,26,last,0.013746743294633594
171,26,all,-0.001059655697435593
171,27,last,0.19294025775898418
171,27,all,0.21506985375141263
171,28,last,-0.031176620352433636
171,28,all,0.04460053596640499
171,29,last,0.02551566388486081
171,29,all,0.04249148904267706
171,30,last,0.09983647288619821
171,30,all,0.11917634663320315
171,31,last,-0.01579229138217142
171,31,all,-0.01579229138217142
172,0,last,0.008000832547064466
172,0,all,-1.0
172,1,last,5.341563024227212e-05
172,1,all,-1.0
172,2,last,0.011220966187445577
172,2,all,-1.0
172,3,last,-0.009147656918774626
172,3,all,0.5052446320745203
172,4,last,0.029766320432077192
172,4,all,-1.0
172,5,last,0.01896323945536318
172,5,all,2.0
172,6,last,0.061939567582054
172,6,all,2.0
172,7,last,0.06214586242988623
172,7,all,2.0
172,8,last,0.20083425083887865
172,8,all,1.1363291213266968
172,9,last,-0.08235009432924013
172,9,all,1.0977326446400868
172,10,last,0.15395144427115062
172,10,all,2.0
172,11,last,0.2950974121508586
172,11,all,-0.7028127013159124
172,12,last,0.18395237904467987
172,12,all,0.454645755368386
172,13,last,-0.39278354835426904
172,13,all,-0.09672097102248108
172,14,last,0.5834214000512974
172,14,all,1.3281036668448722
172,15,last,-0.22757798336655694
172,15,all,0.06457120833062802
172,16,last,-0.32912662221196887
172,16,all,0.002196487553927914
172,17,last,0.5033016385244576
172,17,all,0.43229200483135166
172,18,last,-0.4294768629737126
172,18,all,-1.0
172,19,last,-0.046571522377695476
172,19,all,0.41640983418591127
172,20,last,0.28815775477528827
172,20,all,0.3887532009086183
172,21,last,0.17725838752026685
172,21,all,0.6506606270166128
172,22,last,-0.27334758057126174
172,22,all,-0.10096060643317589
172,23,last,-0.36371922902826376
172,23,all,-0.4148511108378932
172,24,last,0.4628745253031222
172,24,all,0.19558731636650306
172,25,last,-0.5508816111627616
172,25,all,-0.553099280776958
172,26,last,0.060920296051525824
172,26,all,0.10155485531962118
172,27,last,0.26852382682468484
172,27,all,0.3186042035338123
172,28,last,0.25712143168624396
172,28,all,0.40702387908911614
172,29,last,0.3883074566838379
172,29,all,0.35544763449341954
172,30,last,-0.887243748874703
172,30,all,-0.9836198206984647
172,31,last,0.7101357079343853
172,31,all,0.7101357079343853
