neuron_id,layer,neuron_idx,kind,matched_to,w_norm,logit_var,nullfrac_k16,nullfrac_k64,nullfrac_k256,nullfrac_bottom10pct,w_norm_pctile_random,w_norm_pctile_matched,logit_var_pctile_random,logit_var_pctile_matched,nullfrac_bottom10pct_pctile_random,nullfrac_bottom10pct_pctile_matched,nullfrac_k16_pctile_random,nullfrac_k16_pctile_matched,nullfrac_k64_pctile_random,nullfrac_k64_pctile_matched,nullfrac_k256_pctile_random,nullfrac_k256_pctile_matched
L30_N1457,30,1457,candidate,,1.7921836376190186,0.0003712294274009764,0.036301854997873306,0.062244780361652374,0.14896537363529205,0.46442726254463196,21.2,40.0,100.0,98.0,92.60000000000001,84.0,99.1,96.0,96.7,92.0,93.30000000000001,86.0
L29_N11909,29,11909,candidate,,1.4002130031585693,0.000407436367822811,0.018736323341727257,0.04091189429163933,0.15094994008541107,0.49084368348121643,4.1000000000000005,46.0,100.0,100.0,93.8,94.0,97.7,100.0,94.69999999999999,90.0,93.30000000000001,92.0
L29_N13925,29,13925,candidate,,1.759651780128479,0.00018996652215719223,0.00837883073836565,0.01826743595302105,0.06622637808322906,0.3300256133079529,17.1,24.0,22.6,46.0,81.39999999999999,62.0,94.3,88.0,84.39999999999999,70.0,78.9,64.0
L30_N1777,30,1777,candidate,,1.3926440477371216,0.00034830725053325295,0.06324393302202225,0.11942911148071289,0.24011121690273285,0.5526402592658997,3.8,56.00000000000001,100.0,98.0,96.1,90.0,99.2,98.0,98.2,98.0,96.39999999999999,90.0
L23_N12855,23,12855,candidate,,1.5160382986068726,0.0001693260855972767,0.00864377710968256,0.049141813069581985,0.1468668282032013,0.47250592708587646,6.5,16.0,4.9,16.0,92.9,74.0,94.8,86.0,95.6,86.0,93.10000000000001,74.0
L30_N13647,30,13647,candidate,,1.4138262271881104,0.00015661011275369674,0.11159324645996094,0.1894814670085907,0.3015715181827545,0.6086655259132385,4.3999999999999995,50.0,2.1999999999999997,10.0,97.39999999999999,90.0,99.7,98.0,98.9,96.0,97.7,92.0
L20_N12894,20,12894,candidate,,1.4780532121658325,0.00017572780780028552,0.006638424005359411,0.026739241555333138,0.10714777559041977,0.42023026943206787,5.7,28.000000000000004,7.000000000000001,12.0,90.9,86.0,91.5,78.0,91.10000000000001,80.0,90.8,82.0
L20_N1399,20,1399,candidate,,1.807371973991394,0.00019606015121098608,0.0022051173727959394,0.012819144874811172,0.04990101605653763,0.2839677631855011,24.099999999999998,32.0,75.1,84.0,26.900000000000002,12.0,21.0,12.0,50.3,28.000000000000004,32.0,12.0
L28_N11622,28,11622,candidate,,1.7808135747909546,0.00018259798525832593,0.008544591255486012,0.025943001732230186,0.08160515129566193,0.3653542995452881,19.6,14.000000000000002,10.5,6.0,86.9,90.0,94.6,98.0,90.9,92.0,86.3,90.0
L31_N6772,31,6772,candidate,,1.7656874656677246,0.00016757594130467623,0.01871570013463497,0.15080201625823975,0.3233772814273834,0.633643388748169,17.5,44.0,4.3999999999999995,8.0,97.7,96.0,97.7,92.0,98.5,94.0,97.8,96.0
L20_N2742,20,2742,candidate,,1.8437716960906982,0.00019630257156677544,0.002809471683576703,0.012374416925013065,0.05296609550714493,0.29535436630249023,41.699999999999996,86.0,76.5,86.0,48.4,20.0,41.199999999999996,44.0,45.6,32.0,45.0,14.000000000000002
L31_N3330,31,3330,candidate,,1.461992621421814,0.0003210635914001614,0.06377722322940826,0.1457670032978058,0.2710016369819641,0.5767865777015686,5.4,46.0,99.9,98.0,96.8,64.0,99.2,94.0,98.5,90.0,97.2,66.0
L20_N1001,20,1001,candidate,,1.4198691844940186,0.00018895867106039077,0.006173019763082266,0.019298458471894264,0.07808547466993332,0.357768714427948,4.5,34.0,18.7,30.0,85.8,62.0,90.3,82.0,86.0,64.0,85.7,56.00000000000001
L20_N4769,20,4769,candidate,,1.7642067670822144,0.00019822338072117418,0.0033257468603551388,0.017202481627464294,0.061229728162288666,0.3089667558670044,17.5,12.0,84.6,84.0,68.30000000000001,74.0,57.199999999999996,57.99999999999999,81.69999999999999,92.0,72.1,84.0
L30_N13098,30,13098,candidate,,1.8000385761260986,0.0001822827907744795,0.007290770765393972,0.02592283859848976,0.10511504113674164,0.4135785400867462,22.6,30.0,10.2,26.0,90.4,72.0,92.5,74.0,90.9,70.0,90.4,72.0
L30_N10312,30,10312,candidate,,1.5138356685638428,0.0001726157934172079,0.00860302709043026,0.06332358717918396,0.17294736206531525,0.484633207321167,6.5,50.0,5.7,12.0,93.5,78.0,94.69999999999999,74.0,96.7,88.0,94.1,80.0
L20_N5595,20,5595,candidate,,1.441885232925415,0.00020047753059770912,0.003269520355388522,0.014939256943762302,0.08367032557725906,0.35392433404922485,5.2,24.0,89.5,88.0,85.3,56.00000000000001,55.50000000000001,32.0,70.5,28.000000000000004,86.7,62.0
L31_N1824,31,1824,random,,1.9214283227920532,0.00017501137335784733,0.08092188835144043,0.10826992243528366,0.18339119851589203,0.48880472779273987,56.00000000000001,,6.800000000000001,,93.5,,99.4,,98.0,,94.5,
L20_N12149,20,12149,random,,1.8367478847503662,0.00018876515969168395,0.004959458950906992,0.022272033616900444,0.07962016761302948,0.3538234829902649,38.7,,18.0,,85.2,,84.39999999999999,,89.2,,85.8,
L28_N4012,28,4012,random,,1.9342379570007324,0.00019974650058429688,0.0015334631316363811,0.010695859789848328,0.049659986048936844,0.28027597069740295,60.699999999999996,,88.3,,19.900000000000002,,6.3,,25.4,,30.9,
L23_N2286,23,2286,random,,1.7763041257858276,0.00019373162649571896,0.00564087089151144,0.022944774478673935,0.08005496859550476,0.36052846908569336,18.8,,55.300000000000004,,86.0,,89.1,,89.4,,86.0,
L31_N1679,31,1679,random,,1.5931050777435303,0.0002669698151294142,0.01698118820786476,0.056165628135204315,0.1448904573917389,0.4370136857032776,9.2,,99.4,,91.7,,97.3,,96.2,,93.0,
L31_N12135,31,12135,random,,1.8511866331100464,0.00017846027913037688,0.01031592208892107,0.0606633797287941,0.1823909729719162,0.47992298007011414,45.300000000000004,,8.0,,93.10000000000001,,95.7,,96.39999999999999,,94.39999999999999,
L30_N1424,30,1424,random,,2.0032293796539307,0.00019141340453643352,0.0030845387373119593,0.015987757593393326,0.04926995560526848,0.2893920838832855,79.10000000000001,,31.4,,38.0,,50.8,,77.4,,28.999999999999996,
L30_N6912,30,6912,random,,2.0870425701141357,0.0001968945871340111,0.002343598520383239,0.011052384041249752,0.04704954847693443,0.27823445200920105,90.2,,79.3,,16.3,,24.6,,29.4,,19.1,
L20_N488,20,488,random,,1.839176893234253,0.00019507796969264746,0.0016289433697238564,0.015293996781110764,0.05835609883069992,0.2937752306461334,39.7,,68.30000000000001,,45.1,,8.4,,73.4,,64.8,
L20_N3582,20,3582,random,,1.7788596153259277,0.0001959761284524575,0.002250797115266323,0.01173627283424139,0.045137472450733185,0.27529793977737427,19.3,,74.6,,12.1,,22.1,,37.4,,12.3,
L23_N8279,23,8279,random,,1.8464113473892212,0.00019484307267703116,0.0029974174685776234,0.013023292645812035,0.056590162217617035,0.28287217020988464,42.8,,66.8,,24.4,,48.199999999999996,,52.7,,58.599999999999994,
L30_N434,30,434,random,,1.1854419708251953,0.00020654610125347972,0.01085632760077715,0.0389094352722168,0.10609318315982819,0.3972463011741638,0.8999999999999999,,94.8,,89.2,,96.0,,94.19999999999999,,90.7,
L30_N3257,30,3257,random,,2.0452327728271484,0.00019049718684982508,0.0029935433994978666,0.011256364174187183,0.04839416965842247,0.2807774841785431,86.1,,24.8,,20.7,,48.1,,32.1,,24.5,
L31_N10647,31,10647,random,,1.8245806694030762,0.0001846913801273331,0.005001756828278303,0.020026573911309242,0.08091215789318085,0.35413751006126404,30.7,,11.600000000000001,,85.3,,84.89999999999999,,86.7,,86.1,
L31_N8928,31,8928,random,,1.1968011856079102,0.00021785844000987709,0.0020922922994941473,0.007355146110057831,0.027013789862394333,0.20420494675636292,1.0999999999999999,,98.2,,0.1,,17.5,,1.2,,0.4,
L29_N3611,29,3611,random,,1.9561541080474854,0.0001949929428519681,0.0034337237011641264,0.009541737847030163,0.04486876353621483,0.2729952037334442,67.7,,67.9,,9.700000000000001,,60.4,,13.8,,11.3,
L29_N9654,29,9654,random,,1.2297847270965576,0.0001901571813505143,0.0019123796373605728,0.0090394988656044,0.029715191572904587,0.23667624592781067,1.5,,23.5,,1.3,,13.600000000000001,,8.799999999999999,,0.8,
L28_N13261,28,13261,random,,1.8475948572158813,0.00019060274644289166,0.0032448885031044483,0.011469095014035702,0.05173537880182266,0.3129889965057373,43.2,,25.4,,72.7,,54.800000000000004,,34.8,,40.1,
L20_N12432,20,12432,random,,1.8165024518966675,0.00019254899234510958,0.0026567403692752123,0.014519032090902328,0.05129196494817734,0.28810179233551025,27.1,,42.8,,35.0,,35.8,,67.60000000000001,,38.4,
L23_N11438,23,11438,random,,1.8486109972000122,0.0002055793593171984,0.005445853807032108,0.016956090927124023,0.05483189597725868,0.29619911313056946,44.1,,94.0,,50.1,,88.0,,80.80000000000001,,52.900000000000006,
L29_N5574,29,5574,random,,1.9018868207931519,0.00019404296472202986,0.0030631159897893667,0.013352984562516212,0.050841134041547775,0.2883232831954956,51.7,,59.099999999999994,,35.5,,50.3,,56.8,,36.0,
L28_N2547,28,2547,random,,1.9774738550186157,0.0002073387149721384,0.003673388622701168,0.011353076435625553,0.04523545876145363,0.2850366532802582,73.8,,95.39999999999999,,29.299999999999997,,65.5,,32.9,,13.0,
L23_N12509,23,12509,random,,1.8271011114120483,0.00019338658603373915,0.006750532891601324,0.0145588843151927,0.05218714103102684,0.28161776065826416,32.1,,51.6,,22.7,,91.60000000000001,,67.9,,42.199999999999996,
L28_N1674,28,1674,random,,1.940543532371521,0.00019480673654470593,0.0028120307251811028,0.012988364323973656,0.05797794088721275,0.29959166049957275,63.9,,66.3,,57.3,,41.199999999999996,,52.0,,62.9,
L20_N6224,20,6224,random,,1.8078711032867432,0.00018810376059263945,0.004771031439304352,0.025943225249648094,0.06800223886966705,0.330558180809021,24.2,,16.3,,81.69999999999999,,82.69999999999999,,90.9,,80.80000000000001,
L20_N5881,20,5881,random,,1.822494626045227,0.00019373866962268949,0.0033698990009725094,0.01632288284599781,0.061444904655218124,0.3186303377151489,29.599999999999998,,55.400000000000006,,76.0,,58.5,,78.9,,72.39999999999999,
L28_N9891,28,9891,random,,1.910522222518921,0.00019463767239358276,0.0030607043299824,0.012480687350034714,0.05111376941204071,0.2898261845111847,53.1,,64.60000000000001,,38.6,,50.1,,47.0,,36.6,
L28_N13223,28,13223,random,,1.8822818994522095,0.0001823964703362435,0.004617202095687389,0.01902235671877861,0.0872432142496109,0.3647923469543457,50.3,,10.2,,86.6,,81.2,,85.5,,87.4,
L20_N11955,20,11955,random,,1.8663382530212402,0.00019282821449451149,0.002556579653173685,0.016675226390361786,0.06036202609539032,0.3052505552768707,48.3,,45.7,,64.4,,33.5,,79.9,,69.8,
L29_N8785,29,8785,random,,2.006052017211914,0.00019491535203997046,0.002412363886833191,0.009021410718560219,0.050722941756248474,0.275080144405365,79.60000000000001,,67.2,,11.799999999999999,,27.800000000000004,,8.7,,35.4,
L20_N6201,20,6201,random,,1.818785309791565,0.00019544815586414188,0.004727157764136791,0.013699722476303577,0.06715723872184753,0.3171576261520386,28.299999999999997,,71.2,,75.7,,82.19999999999999,,60.5,,79.9,
L20_N9044,20,9044,random,,1.8185796737670898,0.00018969977099914104,0.002610173774883151,0.012158849276602268,0.045613475143909454,0.2726682722568512,28.1,,21.3,,9.4,,34.699999999999996,,43.1,,14.6,
L28_N13588,28,13588,random,,1.580711841583252,0.00019670285109896213,0.0026362219359725714,0.009550918824970722,0.04400146007537842,0.2596787214279175,8.7,,78.3,,3.5999999999999996,,35.4,,14.000000000000002,,9.4,
L31_N10133,31,10133,random,,1.4233914613723755,0.0001354836713289842,0.00741359731182456,0.020032841712236404,0.2101321965456009,0.6748472452163696,4.5,,1.0,,98.3,,92.60000000000001,,86.8,,95.19999999999999,
L28_N9459,28,9459,random,,1.9276039600372314,0.0001961740927072242,0.0035674222745001316,0.009470456279814243,0.05796487256884575,0.2995626628398895,58.3,,75.8,,56.99999999999999,,63.3,,13.100000000000001,,62.7,
L23_N11543,23,11543,random,,1.857144832611084,0.0001941762020578608,0.003404458751901984,0.012415665201842785,0.04909755662083626,0.2796322703361511,46.400000000000006,,60.4,,18.8,,59.8,,46.0,,28.4,
L20_N750,20,750,random,,1.8011395931243896,0.0001876097812782973,0.003492823103442788,0.01574866659939289,0.06011582538485527,0.30687183141708374,22.8,,15.4,,66.2,,61.5,,76.3,,69.3,
L31_N3733,31,3733,random,,2.1622390747070312,0.00019428462837822735,0.0029285759665071964,0.009787886403501034,0.05338555946946144,0.2975420355796814,93.5,,60.9,,53.5,,45.2,,16.400000000000002,,46.400000000000006,
L28_N1307,28,1307,random,,1.795083999633789,0.00019365348271094263,0.0031119335908442736,0.021800611168146133,0.0711381807923317,0.32487136125564575,21.4,,54.2,,79.4,,51.7,,88.9,,83.0,
L23_N14196,23,14196,random,,1.7958240509033203,0.00018317194189876318,0.0029356060549616814,0.01692049764096737,0.07166341692209244,0.3651221990585327,21.5,,10.8,,86.7,,45.6,,80.7,,83.7,
L20_N6227,20,6227,random,,1.8294062614440918,0.00019266970048192888,0.00432538753375411,0.01574373058974743,0.06714759767055511,0.32110363245010376,33.2,,44.1,,77.60000000000001,,77.8,,76.1,,79.80000000000001,
L28_N7428,28,7428,random,,1.9137438535690308,0.0001915948378155008,0.00236831814981997,0.010754679329693317,0.06300543248653412,0.3235885500907898,53.5,,32.9,,79.0,,26.0,,26.200000000000003,,75.6,
L31_N13666,31,13666,random,,2.119905710220337,0.0001873453875305131,0.002749338746070862,0.010241377167403698,0.051037054508924484,0.2884467542171478,91.8,,15.0,,35.8,,39.5,,20.599999999999998,,36.4,
L28_N2664,28,2664,random,,1.9250648021697998,0.00019274494843557477,0.00223853369243443,0.010734163224697113,0.0595940425992012,0.31043827533721924,57.599999999999994,,44.9,,69.6,,21.8,,25.900000000000002,,67.9,
L28_N5820,28,5820,random,,1.9322832822799683,0.00019260123372077942,0.004171149339526892,0.01193984691053629,0.05721691995859146,0.2980458736419678,59.8,,43.3,,54.1,,75.0,,40.699999999999996,,60.199999999999996,
L23_N10980,23,10980,random,,1.8310531377792358,0.0001934584870468825,0.004231390543282032,0.015565045177936554,0.06055459380149841,0.3000715672969818,33.900000000000006,,52.300000000000004,,57.99999999999999,,76.3,,75.3,,70.6,
L28_N11498,28,11498,random,,1.9114611148834229,0.00019279900880064815,0.0013455500593408942,0.009725606068968773,0.06599895656108856,0.314105749130249,53.400000000000006,,45.300000000000004,,73.7,,2.6,,15.9,,78.4,
L31_N10617,31,10617,random,,1.9614973068237305,0.0002008629235206172,0.002550175879150629,0.018777595832943916,0.058049511164426804,0.3093322813510895,69.0,,90.2,,68.4,,33.2,,85.2,,63.0,
L20_N9980,20,9980,random,,1.8573335409164429,0.00019028779934160411,0.0021977704018354416,0.013576426543295383,0.0511537529528141,0.2830640375614166,46.5,,23.9,,24.8,,20.7,,59.3,,37.1,
L31_N2803,31,2803,random,,2.14721941947937,0.0001906178949866444,0.0021177728194743395,0.012865285389125347,0.0507844053208828,0.29037612676620483,93.0,,25.900000000000002,,39.7,,18.099999999999998,,50.7,,35.8,
L30_N11946,30,11946,random,,2.0398497581481934,0.0001899047492770478,0.0023810463026165962,0.01136445440351963,0.047134529799222946,0.2944849729537964,85.0,,22.2,,46.7,,26.6,,33.300000000000004,,19.400000000000002,
L23_N2677,23,2677,random,,1.8338475227355957,0.0001909286220325157,0.00438389228656888,0.011962827295064926,0.05601164698600769,0.29609647393226624,36.0,,27.3,,49.8,,78.3,,40.9,,56.99999999999999,
L29_N6216,29,6216,random,,1.7583026885986328,0.00017715305148158222,0.020497318357229233,0.05171682685613632,0.16528064012527466,0.49236294627189636,16.900000000000002,,7.3999999999999995,,94.0,,97.7,,95.89999999999999,,93.8,
L28_N10485,28,10485,random,,1.971130132675171,0.00019946300017181784,0.006233416963368654,0.014851180836558342,0.05058078467845917,0.2940909266471863,71.39999999999999,,87.7,,45.800000000000004,,90.4,,70.0,,34.4,
L31_N9125,31,9125,random,,1.3004634380340576,0.00026388379046693444,0.025015538558363914,0.08170093595981598,0.2041447013616562,0.5249481797218323,2.4,,99.3,,95.1,,98.5,,97.1,,95.1,
L23_N11216,23,11216,random,,1.8363001346588135,0.0001929319550981745,0.003873333800584078,0.011190587654709816,0.052831847220659256,0.2985759377479553,38.2,,46.6,,55.1,,69.69999999999999,,30.8,,44.4,
L28_N13809,28,13809,random,,1.8019126653671265,0.0001943296956596896,0.0026171989738941193,0.016150087118148804,0.05835236236453056,0.3102450966835022,23.0,,61.5,,69.3,,35.0,,78.4,,64.7,
L20_N3752,20,3752,random,,1.8508557081222534,0.00019489103578962386,0.0043453252874314785,0.01419700589030981,0.05597970634698868,0.30114322900772095,45.2,,67.10000000000001,,60.0,,78.0,,64.9,,56.89999999999999,
L20_N13189,20,13189,random,,1.780652642250061,0.00019010590040124953,0.004058917984366417,0.013047978281974792,0.05661401152610779,0.3122215270996094,19.5,,23.1,,72.1,,73.1,,53.1,,58.699999999999996,
L28_N6572,28,6572,random,,1.9491163492202759,0.00018550740787759423,0.0058496263809502125,0.019059594720602036,0.07019402831792831,0.3651692867279053,66.3,,12.6,,86.8,,89.5,,85.7,,82.3,
L28_N1084,28,1084,random,,1.9350690841674805,0.00020020210649818182,0.0035912715829908848,0.011045476421713829,0.053467631340026855,0.29101434350013733,61.1,,89.2,,40.5,,63.800000000000004,,29.299999999999997,,46.6,
L23_N9292,23,9292,random,,1.8352142572402954,0.00018794905918184668,0.0042017060332000256,0.018906764686107635,0.06221926957368851,0.3112131655216217,36.9,,16.1,,71.0,,75.9,,85.3,,74.1,
L31_N5155,31,5155,random,,2.1439261436462402,0.00019315947429277003,0.002441755263134837,0.012487493455410004,0.054278623312711716,0.29747331142425537,92.7,,49.4,,53.400000000000006,,28.999999999999996,,47.099999999999994,,50.4,
L23_N10738,23,10738,random,,1.8361390829086304,0.00019391353998798877,0.003482505213469267,0.01329541765153408,0.04762826859951019,0.2971118986606598,38.1,,57.3,,52.6,,61.1,,56.10000000000001,,21.7,
L29_N6482,29,6482,random,,1.6898480653762817,0.00017449614824727178,0.0028346709441393614,0.022780489176511765,0.10939459502696991,0.4168507754802704,12.5,,6.6000000000000005,,90.60000000000001,,42.1,,89.3,,91.0,
L31_N7517,31,7517,random,,1.6817669868469238,0.00015640322817489505,0.1659388393163681,0.22913439571857452,0.34860068559646606,0.6381224393844604,12.2,,2.1,,97.7,,99.7,,99.3,,98.2,
L23_N4339,23,4339,random,,1.8355828523635864,0.00019556062761694193,0.0014222138561308384,0.009268812835216522,0.051155298948287964,0.2954525947570801,37.5,,72.6,,48.6,,3.9,,10.299999999999999,,37.2,
L23_N4040,23,4040,random,,1.814927339553833,0.00021215593733359128,0.0015482819871976972,0.008985614404082298,0.04277871176600456,0.26558420062065125,26.3,,97.0,,5.800000000000001,,6.6000000000000005,,8.5,,7.3,
L31_N9197,31,9197,random,,2.1834535598754883,0.00019246447482146323,0.0028262187261134386,0.010705546475946903,0.05046842247247696,0.2904907763004303,95.0,,41.6,,40.0,,41.699999999999996,,25.6,,33.900000000000006,
L30_N4304,30,4304,random,,2.059519052505493,0.00019118000636808574,0.001724223606288433,0.009602879174053669,0.048570699989795685,0.28621503710746765,88.1,,29.299999999999997,,31.6,,10.4,,14.7,,25.1,
L31_N9577,31,9577,random,,2.1064634323120117,0.00018974380509462208,0.002460257615894079,0.012199537828564644,0.053855348378419876,0.30429279804229736,91.10000000000001,,21.5,,63.1,,29.7,,43.7,,48.1,
L29_N9560,29,9560,random,,1.9568449258804321,0.00019433940178714693,0.001214564428664744,0.01483769528567791,0.05542147532105446,0.2997991442680359,68.0,,61.6,,57.49999999999999,,1.2,,69.89999999999999,,54.7,
L29_N5930,29,5930,random,,1.98096764087677,0.00019751585205085576,0.0032699464354664087,0.00978084560483694,0.048261988908052444,0.2808670997619629,74.7,,81.8,,21.099999999999998,,55.50000000000001,,16.3,,24.0,
L23_N2266,23,2266,random,,1.8250292539596558,0.00020503439009189606,0.0020958869718015194,0.009652983397245407,0.05244968831539154,0.2889255881309509,30.9,,93.60000000000001,,37.2,,17.599999999999998,,15.299999999999999,,43.0,
L30_N8085,30,8085,random,,2.034837007522583,0.00019189559679944068,0.0019517437322065234,0.013342966325581074,0.04651723429560661,0.2855902910232544,84.1,,36.199999999999996,,30.3,,14.399999999999999,,56.49999999999999,,17.0,
L20_N12382,20,12382,random,,1.796227216720581,0.00019568222342059016,0.003699916647747159,0.01550972554832697,0.05590016767382622,0.2962157726287842,21.6,,73.4,,50.4,,66.2,,74.8,,56.49999999999999,
L20_N14108,20,14108,random,,1.4785317182540894,0.00019061274360865355,0.005290791857987642,0.02042357251048088,0.07696132361888885,0.3428505063056946,5.7,,25.6,,83.5,,87.2,,87.6,,85.1,
L20_N2504,20,2504,random,,1.7447459697723389,0.0001909595594042912,0.001843163394369185,0.011940935626626015,0.08402137458324432,0.37483924627304077,16.0,,27.900000000000002,,87.5,,12.7,,40.8,,86.8,
L31_N2621,31,2621,random,,2.168517827987671,0.00019096184405498207,0.0021541754249483347,0.010999821126461029,0.04678615182638168,0.2829037606716156,94.0,,28.000000000000004,,24.5,,19.5,,28.9,,18.099999999999998,
L31_N6916,31,6916,random,,2.1601808071136475,0.00019468189566396177,0.0019709644839167595,0.008755449205636978,0.0503045991063118,0.294538676738739,93.4,,65.10000000000001,,46.800000000000004,,14.799999999999999,,7.1,,33.0,
L30_N1040,30,1040,random,,1.961954951286316,0.00017762645438779145,0.002873449120670557,0.017848411574959755,0.07787968218326569,0.33926576375961304,69.1,,7.5,,83.2,,43.4,,83.5,,85.5,
L29_N6252,29,6252,random,,1.9651857614517212,0.00019467086531221867,0.0026707060169428587,0.008826515637338161,0.0472770631313324,0.276361346244812,70.3,,65.0,,13.8,,36.9,,7.6,,20.0,
L30_N7668,30,7668,random,,1.2767913341522217,0.00017409359861630946,0.002669032895937562,0.010602530092000961,0.051252417266368866,0.29606395959854126,1.9,,6.3,,49.7,,36.7,,24.0,,37.8,
L30_N4119,30,4119,random,,2.0860917568206787,0.00019295234233140945,0.003514472395181656,0.010126805864274502,0.05130944028496742,0.28609851002693176,90.0,,47.199999999999996,,31.4,,62.1,,19.400000000000002,,38.5,
L30_N14103,30,14103,random,,2.0483217239379883,0.00019317629630677402,0.003826369298622012,0.013805634342133999,0.047520965337753296,0.2879127860069275,86.6,,49.7,,34.9,,68.8,,61.3,,21.099999999999998,
L20_N11145,20,11145,random,,1.8483902215957642,0.00019318712293170393,0.0022035310976207256,0.010146025568246841,0.0535908043384552,0.29529184103012085,43.7,,50.0,,48.199999999999996,,20.9,,19.7,,47.0,
L31_N1876,31,1876,random,,1.923972249031067,0.00017869043222162873,0.0039370497688651085,0.03166402876377106,0.12302181124687195,0.43605926632881165,57.4,,8.3,,91.5,,71.0,,92.9,,92.2,
L31_N8797,31,8797,random,,2.2299423217773438,0.00019519795023370534,0.0020010145381093025,0.007458286359906197,0.04073353484272957,0.25430941581726074,97.7,,69.19999999999999,,2.8000000000000003,,15.7,,1.7000000000000002,,4.3,
L28_N12592,28,12592,random,,1.917151689529419,0.00020074578060302883,0.0019367458298802376,0.011464058421552181,0.05045826733112335,0.2754480242729187,54.6,,89.9,,12.5,,14.099999999999998,,34.699999999999996,,33.800000000000004,
L31_N5573,31,5573,random,,1.902611255645752,0.00019448231614660472,0.004923701751977205,0.04014229401946068,0.11387183517217636,0.40557512640953064,51.800000000000004,,62.9,,90.10000000000001,,84.0,,94.3,,91.2,
L20_N4808,20,4808,random,,1.7462053298950195,0.00019154039910063148,0.0035076614003628492,0.015386554412543774,0.05159438028931618,0.2986144721508026,16.1,,32.5,,55.300000000000004,,61.9,,74.2,,39.6,
L29_N2591,29,2591,random,,1.9948093891143799,0.0001950583973666653,0.004387120716273785,0.015950139611959457,0.04764474555850029,0.2845149636268616,77.5,,68.2,,28.199999999999996,,78.4,,77.0,,21.8,
L29_N53,29,53,random,,1.7738128900527954,0.00018886043108068407,0.0032858410850167274,0.013400181196630001,0.14891961216926575,0.43654578924179077,18.099999999999998,,18.4,,91.60000000000001,,56.10000000000001,,57.3,,93.2,
L31_N11791,31,11791,random,,1.9440274238586426,0.00018566551443655044,0.002513279439881444,0.012241733260452747,0.051148977130651474,0.2990548312664032,65.10000000000001,,13.200000000000001,,56.10000000000001,,31.7,,44.1,,37.0,
L28_N8201,28,8201,random,,1.9355404376983643,0.00019312859512865543,0.0013801653403788805,0.010022204369306564,0.06162399798631668,0.30373507738113403,61.4,,49.0,,62.7,,3.3000000000000003,,18.6,,72.8,
L23_N8317,23,8317,random,,1.5749375820159912,0.00016548465646337718,0.0043885488994419575,0.02029973641037941,0.18514923751354218,0.5193859934806824,8.3,,3.5000000000000004,,94.69999999999999,,78.5,,87.4,,94.6,
L20_N14262,20,14262,random,,1.7992953062057495,0.00019405259808991104,0.002664056373760104,0.014271429739892483,0.04671381041407585,0.30603089928627014,22.3,,59.199999999999996,,65.2,,36.199999999999996,,65.60000000000001,,17.8,
L31_N4889,31,4889,random,,2.2513091564178467,0.00019712664652615786,0.0015978093724697828,0.01167494710534811,0.04606339707970619,0.2813740074634552,98.7,,80.10000000000001,,22.0,,7.5,,36.8,,15.8,
L31_N8317,31,8317,random,,2.2278594970703125,0.00019303883891552687,0.0004697731346823275,0.010974286124110222,0.04248705878853798,0.2873634099960327,97.5,,48.199999999999996,,33.900000000000006,,0.0,,28.4,,6.9,
L30_N3258,30,3258,random,,1.9393059015274048,0.00017329296679235995,0.0051438347436487675,0.02464814856648445,0.23986156284809113,0.5302916169166565,63.1,,6.0,,95.5,,86.4,,90.3,,96.3,
L23_N6126,23,6126,random,,1.8439799547195435,0.0001893557928269729,0.0009259727085009217,0.012470180168747902,0.060017410665750504,0.3250994384288788,41.8,,19.900000000000002,,79.5,,0.4,,46.6,,69.0,
L23_N8837,23,8837,random,,1.8432048559188843,0.0002171324158553034,0.0029273214749991894,0.013137342408299446,0.05412714183330536,0.2983524203300476,41.5,,98.0,,54.900000000000006,,45.1,,54.6,,49.6,
L30_N9,30,9,random,,2.03188419342041,0.00019330736540723592,0.0032921121455729008,0.012302553281188011,0.04653473198413849,0.2757147252559662,83.89999999999999,,50.7,,12.8,,56.39999999999999,,44.800000000000004,,17.2,
L30_N5310,30,5310,random,,1.3477201461791992,0.00016903931100387126,0.018117006868124008,0.0508270189166069,0.162848100066185,0.5003324747085571,3.0,,4.8,,94.19999999999999,,97.5,,95.8,,93.7,
L29_N319,29,319,random,,1.881160855293274,0.00019472013809718192,0.0025173721369355917,0.009371952153742313,0.04678690433502197,0.2804839611053467,50.0,,65.8,,20.200000000000003,,32.0,,11.0,,18.2,
L20_N5947,20,5947,random,,1.7978065013885498,0.0001901747309602797,0.00260730879381299,0.011716775596141815,0.06693997979164124,0.33994847536087036,22.0,,23.599999999999998,,83.39999999999999,,34.599999999999994,,37.1,,79.60000000000001,
L28_N3923,28,3923,random,,1.9291292428970337,0.0001967336720554158,0.0019599965307861567,0.012642430141568184,0.04806191846728325,0.27764782309532166,58.699999999999996,,78.60000000000001,,15.8,,14.6,,48.9,,23.200000000000003,
L20_N3946,20,3946,random,,1.8178156614303589,0.00019007378432434052,0.005880512297153473,0.017165951430797577,0.0674813836812973,0.3225077688694,27.400000000000002,,22.8,,78.60000000000001,,89.8,,81.5,,80.2,
L30_N1290,30,1290,random,,2.02602481842041,0.0001955445623025298,0.0038098699878901243,0.010266143828630447,0.054380595684051514,0.28304407000541687,82.8,,72.39999999999999,,24.7,,68.30000000000001,,20.8,,51.0,
L20_N11991,20,11991,random,,1.8404489755630493,0.00019167398568242788,0.0028627465944737196,0.014343827962875366,0.05827447399497032,0.3006264865398407,40.1,,33.800000000000004,,59.3,,43.2,,66.10000000000001,,64.3,
L29_N13369,29,13369,random,,2.0066592693328857,0.00019638788944575936,0.0029733579140156507,0.011124192737042904,0.044022779911756516,0.26866772770881653,79.80000000000001,,77.10000000000001,,7.1,,47.3,,30.0,,9.5,
L20_N12461,20,12461,random,,1.798100471496582,0.00018772133626043797,0.004305628128349781,0.016376176849007607,0.0727464109659195,0.3298216164112091,22.1,,15.6,,81.10000000000001,,77.60000000000001,,79.3,,84.0,
L30_N12547,30,12547,random,,1.8060835599899292,0.0001951822341652587,0.0029818969778716564,0.023215901106595993,0.08246970176696777,0.3533550202846527,23.799999999999997,,69.0,,85.0,,47.699999999999996,,89.60000000000001,,86.3,
L23_N2103,23,2103,random,,1.8493119478225708,0.0001918600028147921,0.0021223281510174274,0.010542891919612885,0.04555410519242287,0.2850188612937927,44.3,,35.8,,29.2,,18.4,,23.400000000000002,,14.399999999999999,
L31_N7787,31,7787,random,,2.3226089477539062,0.00024163622583728284,0.0028205495327711105,0.01731262169778347,0.05735553428530693,0.292827308177948,99.4,,99.1,,44.1,,41.4,,82.19999999999999,,60.8,
L30_N2705,30,2705,random,,2.0540621280670166,0.0001920011854963377,0.0029811726417392492,0.007686827797442675,0.044967733323574066,0.27439042925834656,87.3,,37.6,,11.200000000000001,,47.5,,2.3,,11.600000000000001,
L28_N8645,28,8645,random,,1.9363592863082886,0.00019164802506566048,0.00199132040143013,0.007900276221334934,0.047847650945186615,0.27725258469581604,61.8,,33.6,,15.2,,15.299999999999999,,2.6,,22.8,
L30_N6932,30,6932,random,,1.9387019872665405,0.0001904746750369668,0.0035533267073333263,0.01162949949502945,0.06661020964384079,0.31956812739372253,62.7,,24.6,,76.6,,62.9,,36.6,,79.10000000000001,
L23_N8835,23,8835,random,,1.8499789237976074,0.00019414210692048073,0.0017786173848435283,0.013544153422117233,0.04382012039422989,0.27315229177474976,44.7,,60.099999999999994,,10.100000000000001,,11.5,,58.9,,8.9,
L31_N11302,31,11302,random,,2.2226455211639404,0.0001919663918670267,0.002663656836375594,0.009462014771997929,0.04556572809815407,0.28012046217918396,97.3,,37.1,,19.400000000000002,,36.0,,13.0,,14.499999999999998,
L23_N11680,23,11680,random,,1.8037645816802979,0.00019742228323593736,0.004014009144157171,0.014044912531971931,0.056265152990818024,0.28951120376586914,23.3,,81.3,,38.2,,72.0,,63.5,,57.8,
L28_N6537,28,6537,random,,1.927026629447937,0.00019397777214180678,0.0019869646057486534,0.013653756119310856,0.0547604113817215,0.28665056824684143,58.199999999999996,,58.5,,32.7,,15.2,,60.0,,52.800000000000004,
L28_N7177,28,7177,random,,1.9261372089385986,0.00019033357966691256,0.0017886169953271747,0.015250563621520996,0.060791462659835815,0.3104986548423767,57.8,,24.2,,69.8,,11.600000000000001,,72.8,,71.0,
L30_N7397,30,7397,random,,2.0174572467803955,0.0001949541037902236,0.0029306793585419655,0.012050095945596695,0.046873316168785095,0.2769779562950134,81.3,,67.7,,14.399999999999999,,45.4,,41.6,,18.5,
L20_N4061,20,4061,random,,1.8449021577835083,0.0002172521926695481,0.0030048328917473555,0.020868152379989624,0.06784293800592422,0.31884822249412537,42.199999999999996,,98.1,,76.2,,48.6,,88.1,,80.60000000000001,
L23_N1049,23,1049,random,,1.821347713470459,0.00020597576803993434,0.0015686831902712584,0.011522399261593819,0.05536431074142456,0.304517537355423,29.2,,94.39999999999999,,63.800000000000004,,6.9,,35.3,,54.2,
L28_N344,28,344,random,,1.9309020042419434,0.00019357090059202164,0.005715786479413509,0.01400389987975359,0.06113097816705704,0.314336359500885,59.199999999999996,,53.300000000000004,,74.0,,89.2,,63.0,,71.89999999999999,
L30_N9075,30,9075,random,,1.956803321838379,0.00021789968013763428,0.010198377072811127,0.02943303808569908,0.09006421267986298,0.36381977796554565,67.9,,98.3,,86.5,,95.6,,92.0,,88.0,
L23_N9641,23,9641,random,,1.8197497129440308,0.0001977409265236929,0.0014693826669827104,0.0107421288266778,0.04895099624991417,0.2807597219944,28.999999999999996,,82.8,,20.5,,4.6,,26.0,,27.400000000000002,
L23_N117,23,117,random,,1.8381571769714355,0.00020266289357095957,0.002154057612642646,0.011775154620409012,0.051252298057079315,0.29273721575737,39.2,,91.9,,44.0,,19.400000000000002,,38.2,,37.7,
L20_N11597,20,11597,random,,1.846038579940796,0.00019178343063686043,0.0033718536142259836,0.018226994201540947,0.05818993225693703,0.3073634207248688,42.4,,35.0,,67.0,,58.699999999999996,,84.3,,63.7,
L31_N964,31,964,random,,2.115987777709961,0.00019246236479375511,0.0021662041544914246,0.01287683192640543,0.054679013788700104,0.29193583130836487,91.5,,41.5,,42.4,,20.0,,50.9,,52.5,
L23_N1104,23,1104,random,,1.8348907232284546,0.00019469331891741604,0.0039367093704640865,0.012912023812532425,0.05462457984685898,0.2964452803134918,36.7,,65.3,,51.2,,70.89999999999999,,51.2,,52.2,
L20_N14084,20,14084,random,,1.8262909650802612,0.0001919125352287665,0.005761842243373394,0.016964005306363106,0.06728893518447876,0.3094826638698578,31.6,,36.3,,68.5,,89.4,,80.9,,80.10000000000001,
L28_N1160,28,1160,random,,1.9066479206085205,0.00019524044182617217,0.0031105366069823503,0.009959147311747074,0.04378265142440796,0.2744174301624298,52.400000000000006,,69.5,,11.4,,51.6,,17.9,,8.799999999999999,
L30_N3899,30,3899,random,,2.023667335510254,0.00019875999714713544,0.003388497745618224,0.015120639465749264,0.05724310129880905,0.30310606956481934,82.6,,86.0,,62.3,,59.099999999999994,,71.7,,60.4,
L28_N10960,28,10960,random,,1.9218027591705322,0.00020406943804118782,0.0020709752570837736,0.010144788771867752,0.049911439418792725,0.2838173806667328,56.3,,92.60000000000001,,26.400000000000002,,17.299999999999997,,19.5,,32.2,
L29_N3510,29,3510,random,,2.020763874053955,0.00019872216216754168,0.0023820530623197556,0.0095771299675107,0.05044321343302727,0.2868826389312744,81.8,,85.7,,33.0,,26.700000000000003,,14.399999999999999,,33.7,
L30_N2167,30,2167,random,,2.027147054672241,0.00019635676289908588,0.0014655771665275097,0.008289343677461147,0.0454941987991333,0.2789689302444458,83.0,,76.7,,17.7,,4.3999999999999995,,4.3999999999999995,,14.2,
L31_N9355,31,9355,random,,1.3946435451507568,0.00015804963186383247,0.01520052645355463,0.09163965284824371,0.3239996135234833,0.6513184905052185,3.8,,2.5,,97.89999999999999,,96.89999999999999,,97.5,,97.8,
L30_N7744,30,7744,random,,1.3043321371078491,0.00019549518765415996,0.003241598606109619,0.008919162675738335,0.03412754833698273,0.2317189872264862,2.5,,71.7,,0.8999999999999999,,54.7,,8.1,,1.7999999999999998,
L29_N13230,29,13230,random,,1.9721139669418335,0.00019302868167869747,0.0014679791638627648,0.008133238181471825,0.04643961042165756,0.27606362104415894,71.89999999999999,,48.0,,13.3,,4.5,,3.6999999999999997,,16.6,
L29_N3119,29,3119,random,,1.9845649003982544,0.0001954780746018514,0.002357000717893243,0.0076682609505951405,0.04899727180600166,0.27654406428337097,75.4,,71.6,,14.099999999999998,,25.5,,2.1999999999999997,,27.800000000000004,
L20_N1588,20,1588,random,,1.8888248205184937,0.0001933156163431704,0.0027915220707654953,0.013124704360961914,0.05367515981197357,0.2898610234260559,50.6,,50.8,,38.800000000000004,,40.400000000000006,,54.300000000000004,,47.3,
L31_N7062,31,7062,random,,2.19779896736145,0.00019247013551648706,0.0025532173458486795,0.00801187101751566,0.05065054073929787,0.28160539269447327,96.0,,41.699999999999996,,22.6,,33.300000000000004,,2.9000000000000004,,34.8,
L28_N6939,28,6939,random,,1.939374327659607,0.0001956910127773881,0.0018546649953350425,0.01382200326770544,0.052058007568120956,0.2893223762512207,63.3,,73.5,,37.8,,12.9,,61.7,,41.4,
L29_N7651,29,7651,random,,1.818677544593811,0.0001702342851785943,0.004258418921381235,0.013003249652683735,0.06054338067770004,0.35615459084510803,28.199999999999996,,5.0,,85.6,,76.5,,52.300000000000004,,70.5,
L31_N887,31,887,random,,1.29826021194458,0.0001808188098948449,0.0025978561025112867,0.015181154944002628,0.09257327020168304,0.3618637025356293,2.3,,9.3,,86.2,,34.4,,72.5,,88.3,
L31_N10706,31,10706,random,,1.8426260948181152,0.00019199238158762455,0.0029818194452673197,0.01605149731040001,0.06804807484149933,0.3285137116909027,41.3,,37.4,,80.7,,47.599999999999994,,77.9,,80.9,
L31_N1612,31,1612,random,,2.225430727005005,0.00019328451890032738,0.001600803341716528,0.007076176814734936,0.04133935272693634,0.26311102509498596,97.39999999999999,,50.6,,4.3999999999999995,,7.6,,1.0,,5.2,
L20_N6596,20,6596,random,,1.8129026889801025,0.0002008282026508823,0.004093451425433159,0.01423680316656828,0.06934668123722076,0.3326185643672943,25.5,,90.10000000000001,,82.39999999999999,,73.8,,65.3,,81.8,
L31_N5559,31,5559,random,,1.1231788396835327,0.00019628816517069936,0.002961965976282954,0.009554540738463402,0.033341098576784134,0.23237073421478271,0.5,,76.4,,1.0,,46.6,,14.099999999999998,,1.5,
L20_N4073,20,4073,random,,1.6736845970153809,0.0001877688628155738,0.006315633188933134,0.011759590357542038,0.05383556708693504,0.29596129059791565,11.899999999999999,,15.8,,49.5,,90.60000000000001,,38.1,,47.9,
L23_N3116,23,3116,random,,1.811647653579712,0.0001920419599628076,0.001382066635414958,0.008660844527184963,0.04654725268483162,0.2813832461833954,25.0,,38.1,,22.1,,3.4000000000000004,,6.800000000000001,,17.299999999999997,
L30_N7350,30,7350,random,,2.0418550968170166,0.00019882278866134584,0.002545880852267146,0.009392318315804005,0.04891312122344971,0.2743583917617798,85.39999999999999,,86.2,,11.0,,32.9,,11.5,,27.200000000000003,
L23_N6912,23,6912,random,,1.836437702178955,0.00018991365504916757,0.0026239280123263597,0.009493145160377026,0.05042129009962082,0.28870633244514465,38.3,,22.400000000000002,,36.6,,35.099999999999994,,13.200000000000001,,33.6,
L23_N4563,23,4563,random,,1.8320434093475342,0.00019408806110732257,0.0029870057478547096,0.012295752763748169,0.05404195934534073,0.2924004793167114,34.599999999999994,,59.5,,43.1,,47.8,,44.7,,49.1,
L29_N4092,29,4092,random,,1.9636616706848145,0.00018987857038155198,0.002280155662447214,0.012035387568175793,0.05131799355149269,0.2875145375728607,69.69999999999999,,22.0,,34.1,,22.900000000000002,,41.4,,38.6,
L20_N7260,20,7260,random,,1.855299949645996,0.00019127415725961328,0.0031304657459259033,0.018024073913693428,0.06566289067268372,0.31128954887390137,45.9,,30.3,,71.2,,52.2,,84.1,,78.0,
L30_N1604,30,1604,random,,2.011810779571533,0.0001889986015157774,0.002431487897410989,0.009844242595136166,0.0550907701253891,0.3004504442214966,80.80000000000001,,18.8,,58.9,,28.799999999999997,,17.2,,53.7,
L20_N10684,20,10684,random,,1.5236876010894775,0.0001728935749270022,0.004687699489295483,0.024811163544654846,0.17785406112670898,0.4892154633998871,6.800000000000001,,5.800000000000001,,93.7,,81.89999999999999,,90.5,,94.1,
L30_N13697,30,13697,random,,0.89426589012146,0.00022273205104283988,0.0036533959209918976,0.011718586087226868,0.042000338435173035,0.24945276975631714,0.1,,98.7,,2.1,,65.0,,37.2,,5.8999999999999995,
L20_N1528,20,1528,random,,1.8325625658035278,0.00019126845290884376,0.0031477147713303566,0.014739186502993107,0.05468016490340233,0.29061222076416016,34.8,,30.099999999999998,,40.1,,52.800000000000004,,69.39999999999999,,52.6,
L23_N2724,23,2724,random,,1.8358852863311768,0.0001946047559613362,0.0018325954442843795,0.010009740479290485,0.05767212435603142,0.29738175868988037,37.8,,64.4,,53.0,,12.1,,18.3,,62.0,
L29_N7956,29,7956,random,,1.99012291431427,0.0001972093596123159,0.0015955271665006876,0.010189805179834366,0.05388079956173897,0.2936221957206726,76.4,,80.7,,44.9,,7.3999999999999995,,20.1,,48.3,
L29_N3502,29,3502,random,,1.9743467569351196,0.00019055344455409795,0.0014352890430018306,0.00877688080072403,0.048938822001218796,0.2898797392845154,72.39999999999999,,25.0,,38.9,,4.0,,7.3999999999999995,,27.3,
L29_N960,29,960,random,,1.9657418727874756,0.00020494549244176596,0.005194902420043945,0.011040830984711647,0.05214415863156319,0.2871466875076294,70.39999999999999,,93.5,,33.5,,86.6,,29.2,,41.9,
L23_N6209,23,6209,random,,1.900151252746582,0.00019249987963121384,0.0022813917603343725,0.014055552892386913,0.09137994796037674,0.35783377289772034,51.300000000000004,,42.0,,85.8,,23.200000000000003,,63.7,,88.1,
L20_N6396,20,6396,random,,1.8463367223739624,0.00019402355246711522,0.0021380989346653223,0.009044986218214035,0.05067916959524155,0.27868857979774475,42.699999999999996,,58.9,,17.0,,19.0,,9.0,,34.9,
L28_N12846,28,12846,random,,1.9514002799987793,0.00020453406614251435,0.00254521775059402,0.012792681343853474,0.05869603529572487,0.301106333732605,66.7,,92.9,,59.9,,32.7,,50.1,,65.7,
L29_N4673,29,4673,random,,1.9552969932556152,0.00019370595691725612,0.002500103320926428,0.011747393757104874,0.04704968258738518,0.27074384689331055,67.5,,55.1,,8.1,,31.3,,37.6,,19.2,
L29_N11412,29,11412,random,,1.3962326049804688,0.00017999614647123963,0.002420092234387994,0.011240684427320957,0.04383092001080513,0.2837572991847992,3.9,,9.1,,25.900000000000002,,28.199999999999996,,31.6,,9.0,
L31_N12834,31,12834,random,,1.7397550344467163,0.00021009593911003321,0.004940501879900694,0.02154991589486599,0.05438507720828056,0.2803202271461487,15.5,,96.5,,20.0,,84.3,,88.5,,51.2,
L30_N10844,30,10844,random,,2.0556564331054688,0.00019213858467992395,0.002666618674993515,0.008234405890107155,0.04825444519519806,0.2888176441192627,87.4,,38.9,,37.0,,36.4,,4.1000000000000005,,23.9,
L31_N7973,31,7973,random,,2.0366108417510986,0.0001787971705198288,0.2553875148296356,0.33159029483795166,0.4366554319858551,0.6845614314079285,84.6,,8.4,,98.6,,99.9,,99.7,,98.9,
L23_N3111,23,3111,random,,1.8563939332962036,0.000192070787306875,0.0031613055616617203,0.012600447982549667,0.05858420208096504,0.316874235868454,46.2,,38.2,,75.6,,53.0,,48.1,,65.3,
L28_N3566,28,3566,random,,1.916764497756958,0.000196108638192527,0.003327328711748123,0.015397019684314728,0.057570893317461014,0.29505348205566406,54.50000000000001,,75.3,,47.599999999999994,,57.3,,74.3,,61.7,
L20_N9489,20,9489,random,,1.8381149768829346,0.00019010240794159472,0.003761606989428401,0.016008976846933365,0.05558617785573006,0.29454612731933594,39.1,,23.0,,47.0,,67.7,,77.5,,55.400000000000006,
L31_N8883,31,8883,random,,2.3051226139068604,0.00018730206647887826,0.0014528323663398623,0.0084452573210001,0.04162105172872543,0.2763148248195648,99.2,,14.899999999999999,,13.700000000000001,,4.3,,5.2,,5.4,
L20_N12254,20,12254,random,,1.8313744068145752,0.00019892484124284238,0.002993111964315176,0.013511217199265957,0.057859476655721664,0.3112168610095978,34.300000000000004,,86.5,,71.1,,48.0,,58.599999999999994,,62.5,
L28_N936,28,936,random,,1.5822217464447021,0.00013432772539090365,0.006248855963349342,0.061572421342134476,0.4874841570854187,0.743924617767334,8.799999999999999,,0.8,,99.2,,90.5,,96.6,,99.3,
L20_N9571,20,9571,random,,1.8218047618865967,0.00020798679906874895,0.0014788344269618392,0.012103560380637646,0.05565926805138588,0.31430020928382874,29.5,,95.8,,73.9,,4.8,,42.5,,55.60000000000001,
L29_N8238,29,8238,random,,1.9741519689559937,0.0001998490042751655,0.0023153144866228104,0.012355122715234756,0.045882824808359146,0.2683272957801819,72.3,,88.4,,6.9,,23.599999999999998,,45.4,,15.2,
L30_N2579,30,2579,random,,2.05574631690979,0.00019066932145506144,0.001864320714958012,0.009188370779156685,0.046577125787734985,0.290283739566803,87.5,,26.200000000000003,,39.6,,13.100000000000001,,9.700000000000001,,17.5,
L20_N8320,20,8320,random,,1.7688605785369873,0.00019274401711300015,0.003162054345011711,0.012003997340798378,0.04838525131344795,0.2883928418159485,17.5,,44.800000000000004,,35.6,,53.2,,41.3,,24.4,
L20_N13948,20,13948,random,,1.8341107368469238,0.00019192085892427713,0.001936935936100781,0.011356291361153126,0.05337909609079361,0.2838190793991089,36.199999999999996,,36.4,,26.5,,14.2,,33.0,,46.300000000000004,
L23_N1122,23,1122,random,,1.8045339584350586,0.0001946955599123612,0.002442214172333479,0.011919310316443443,0.05571664869785309,0.3003958463668823,23.5,,65.5,,58.8,,29.099999999999998,,40.2,,55.900000000000006,
L30_N1113,30,1113,random,,2.0699148178100586,0.00019492606224957854,0.0013909486588090658,0.01467259880155325,0.04766324535012245,0.2711486518383026,89.0,,67.30000000000001,,8.4,,3.6999999999999997,,68.8,,22.1,
L31_N14120,31,14120,random,,1.9148980379104614,0.00018899170390795916,0.005081331357359886,0.012643137015402317,0.0564897321164608,0.31989556550979614,54.1,,18.7,,76.8,,85.7,,49.0,,58.199999999999996,
L23_N6615,23,6615,random,,1.860649585723877,0.00019250504556111991,0.0027236556634306908,0.01142821367830038,0.0533287450671196,0.2982674837112427,47.199999999999996,,42.1,,54.50000000000001,,38.7,,34.2,,45.800000000000004,
L20_N9333,20,9333,random,,1.813159465789795,0.00019440670439507812,0.002966076135635376,0.018409298732876778,0.05915584787726402,0.29651543498039246,25.8,,62.1,,51.4,,46.800000000000004,,84.6,,66.7,
L23_N9485,23,9485,random,,1.8251426219940186,0.0001946559059433639,0.007265949621796608,0.017440734431147575,0.05859405919909477,0.3079204559326172,31.0,,64.7,,67.5,,92.4,,82.69999999999999,,65.4,
L30_N651,30,651,random,,2.0816831588745117,0.00019643754058051854,0.0027617348823696375,0.011861826293170452,0.04678789898753166,0.27850738167762756,89.7,,77.5,,16.900000000000002,,40.0,,39.300000000000004,,18.3,
L30_N1343,30,1343,random,,1.7772858142852783,0.00018562539480626583,0.00274372985586524,0.010481570847332478,0.055389028042554855,0.3042128384113312,18.9,,12.9,,63.0,,39.2,,22.6,,54.400000000000006,
L29_N10770,29,10770,random,,1.3400155305862427,0.00019743664597626776,0.003183227265253663,0.011837666854262352,0.04960864037275314,0.27880585193634033,2.9000000000000004,,81.5,,17.299999999999997,,53.6,,38.9,,30.7,
L30_N9260,30,9260,random,,1.749954342842102,0.00018504448235034943,0.00460756104439497,0.012981971725821495,0.06046822667121887,0.3393465578556061,16.5,,12.0,,83.3,,80.9,,51.9,,70.1,
L30_N5183,30,5183,random,,2.359504461288452,0.00024659663904458284,0.005008945241570473,0.017259687185287476,0.0581289641559124,0.2998669445514679,99.6,,99.2,,57.699999999999996,,85.2,,81.8,,63.4,
L28_N3346,28,3346,random,,1.9060711860656738,0.00019552525191102177,0.003204088658094406,0.014632442966103554,0.06960142403841019,0.31261947751045227,52.2,,72.1,,72.3,,54.0,,68.60000000000001,,82.1,
L31_N11734,31,11734,random,,2.1179776191711426,0.00019124099344480783,0.0016181111568585038,0.013050608336925507,0.04957781359553337,0.28989529609680176,91.7,,29.9,,39.0,,8.200000000000001,,53.2,,30.3,
L28_N3910,28,3910,random,,1.8983668088912964,0.0001911499712150544,0.00398281030356884,0.014724028296768665,0.06426271796226501,0.32004714012145996,51.2,,29.2,,76.9,,71.6,,69.3,,76.6,
L28_N6484,28,6484,random,,1.573392391204834,0.0002016797661781311,0.007153589744120836,0.01532626524567604,0.05547591671347618,0.2850833237171173,8.200000000000001,,90.7,,29.4,,92.30000000000001,,73.7,,55.1,
L23_N11004,23,11004,random,,1.5786092281341553,0.00019258649263065308,0.011817180551588535,0.04023066163063049,0.11407765746116638,0.40165701508522034,8.6,,43.1,,89.5,,96.3,,94.5,,91.3,
L31_N4915,31,4915,random,,1.4434049129486084,0.0001819617609726265,0.003017541952431202,0.01754235476255417,0.06203696131706238,0.3273940682411194,5.2,,10.0,,80.30000000000001,,48.9,,83.0,,73.8,
L29_N5180,29,5180,random,,1.9569785594940186,0.00019814370898529887,0.0024273954331874847,0.010776118375360966,0.048713795840740204,0.2868533432483673,68.10000000000001,,84.3,,32.9,,28.599999999999998,,26.400000000000002,,26.6,
L20_N152,20,152,random,,1.5639978647232056,0.00018963722686748952,0.007703596260398626,0.030400652438402176,0.09473498165607452,0.40516963601112366,7.9,,21.099999999999998,,90.0,,93.60000000000001,,92.4,,88.6,
L29_N10177,29,10177,random,,2.011385440826416,0.00019152941240463406,0.002825250616297126,0.009823115542531013,0.05489296093583107,0.2889401912689209,80.60000000000001,,32.300000000000004,,37.3,,41.6,,17.0,,53.300000000000004,
L30_N1638,30,1638,random,,2.0295326709747314,0.00019369462097529322,0.0033441197592765093,0.017267916351556778,0.06454434990882874,0.31554514169692993,83.6,,54.800000000000004,,74.9,,57.9,,81.89999999999999,,76.8,
L20_N8808,20,8808,random,,1.7702447175979614,0.00019282285938970745,0.003620282281190157,0.01435176283121109,0.05456187203526497,0.3106948435306549,17.8,,45.6,,70.19999999999999,,64.5,,66.3,,52.0,
L23_N8288,23,8288,random,,1.815981149673462,0.00019258771499153227,0.002152771456167102,0.010895546525716782,0.04986484721302986,0.27481529116630554,26.900000000000002,,43.2,,11.700000000000001,,19.3,,27.6,,31.7,
L28_N2170,28,2170,random,,1.9215459823608398,0.00019295998208690435,0.004270108882337809,0.011561481282114983,0.0609637051820755,0.30968746542930603,56.10000000000001,,47.4,,68.8,,76.7,,35.8,,71.6,
L28_N1127,28,1127,random,,1.70233952999115,0.00015263613022398204,0.003719929838553071,0.034384217113256454,0.3767752945423126,0.6415039300918579,13.700000000000001,,1.7000000000000002,,97.8,,66.7,,93.60000000000001,,98.5,
L23_N6054,23,6054,random,,1.8414415121078491,0.00015981167962308973,0.004086436703801155,0.05950150266289711,0.29995378851890564,0.576728343963623,40.6,,2.8000000000000003,,96.7,,73.6,,96.3,,97.6,
L28_N2584,28,2584,random,,1.9353586435317993,0.0001991821627598256,0.002900938503444195,0.014041339978575706,0.05511605739593506,0.2979601323604584,61.199999999999996,,87.1,,53.900000000000006,,44.1,,63.3,,53.800000000000004,
L29_N13660,29,13660,random,,1.728263020515442,0.00018645224918145686,0.003696700558066368,0.017288975417613983,0.06475696712732315,0.31673943996429443,14.799999999999999,,13.700000000000001,,75.5,,66.10000000000001,,82.1,,77.2,
L30_N11526,30,11526,random,,2.0587527751922607,0.00019402932957746089,0.0020004576072096825,0.012980020605027676,0.04972456023097038,0.2744162380695343,87.8,,59.0,,11.3,,15.6,,51.800000000000004,,31.3,
L28_N10021,28,10021,random,,2.526937961578369,0.00020411709556356072,0.0013677353272214532,0.010646471753716469,0.0508432611823082,0.28093764185905457,99.7,,92.7,,21.2,,3.1,,24.8,,36.1,
L31_N8666,31,8666,random,,0.9340127110481262,0.00011742614151444286,0.018167754635214806,0.42832180857658386,0.6046542525291443,0.7995770573616028,0.2,,0.2,,99.6,,97.6,,99.8,,99.6,
L20_N10942,20,10942,random,,1.8637971878051758,0.00019348174100741744,0.0037327632308006287,0.013346702791750431,0.06164059415459633,0.30202484130859375,47.8,,52.5,,61.199999999999996,,67.2,,56.699999999999996,,72.89999999999999,
L30_N4905,30,4905,random,,2.041973352432251,0.00019399593293201178,0.002336893929168582,0.009979868307709694,0.04363702982664108,0.28082922101020813,85.5,,58.699999999999996,,20.9,,24.4,,18.0,,8.7,
L31_N1697,31,1697,random,,2.190615177154541,0.00019011124095413834,0.002354296389967203,0.010555529966950417,0.04774853587150574,0.28848278522491455,95.6,,23.200000000000003,,36.1,,25.4,,23.599999999999998,,22.5,
L23_N4333,23,4333,random,,1.8103269338607788,0.00018960899615194649,0.0027478188276290894,0.016276316717267036,0.06569353491067886,0.32545387744903564,24.6,,20.9,,79.7,,39.300000000000004,,78.7,,78.10000000000001,
L20_N1753,20,1753,random,,1.8124626874923706,0.00019465819059405476,0.0023215010296553373,0.009331039153039455,0.05721224099397659,0.29252901673316956,25.3,,64.8,,43.6,,23.9,,10.7,,60.099999999999994,
L31_N9064,31,9064,random,,2.1826446056365967,0.00019431751570664346,0.0017180141294375062,0.010748486965894699,0.04569246992468834,0.26483333110809326,94.89999999999999,,61.3,,5.0,,10.2,,26.1,,14.899999999999999,
L23_N4462,23,4462,random,,1.8653393983840942,0.00019323622109368443,0.003545759478583932,0.015384670346975327,0.06086491420865059,0.30103981494903564,47.9,,50.4,,59.8,,62.8,,74.1,,71.39999999999999,
L28_N9909,28,9909,random,,1.9296129941940308,0.00018740151426754892,0.002958263037726283,0.011503891088068485,0.05238809436559677,0.3480001986026764,58.9,,15.1,,84.2,,46.400000000000006,,35.099999999999994,,42.8,
L23_N11757,23,11757,random,,1.8466721773147583,0.00019632103794720024,0.004187507089227438,0.01064017042517662,0.057444605976343155,0.3071204721927643,43.0,,76.5,,66.60000000000001,,75.5,,24.5,,61.1,
L28_N3335,28,3335,random,,1.9398385286331177,0.00019500471535138786,0.002663831226527691,0.012274287641048431,0.06095283851027489,0.3007928133010864,63.6,,68.0,,59.5,,36.1,,44.5,,71.5,
L31_N10391,31,10391,random,,2.164391279220581,0.00019094020535703748,0.0010776566341519356,0.007181716151535511,0.050768766552209854,0.29563406109809875,93.8,,27.500000000000004,,48.8,,0.8999999999999999,,1.0999999999999999,,35.699999999999996,
L28_N8280,28,8280,random,,1.9259682893753052,0.0001979396038223058,0.0030397330410778522,0.012149089016020298,0.062365490943193436,0.3159620463848114,57.699999999999996,,83.6,,75.1,,49.7,,43.0,,74.6,
L29_N4114,29,4114,random,,1.9767436981201172,0.00019675676594488323,0.002877552295103669,0.01211248617619276,0.055430613458156586,0.2994328737258911,73.6,,78.7,,56.599999999999994,,43.7,,42.6,,54.800000000000004,
L20_N1512,20,1512,random,,1.8447810411453247,0.00019251482444815338,0.002579705324023962,0.012356585822999477,0.06101725995540619,0.3100910782814026,42.1,,42.199999999999996,,69.19999999999999,,33.800000000000004,,45.5,,71.7,
L31_N6939,31,6939,random,,1.9610403776168823,0.00020818067423533648,0.0015435062814503908,0.0090818852186203,0.05327253043651581,0.27796274423599243,68.89999999999999,,96.0,,15.9,,6.5,,9.1,,45.5,
L28_N722,28,722,random,,1.6592899560928345,0.00019152776803821325,0.007466627284884453,0.021760741248726845,0.07906012237071991,0.35176849365234375,11.0,,32.2,,84.8,,92.7,,88.8,,85.7,
L20_N5464,20,5464,random,,1.8074924945831299,0.0001954079489223659,0.004770140163600445,0.017541633918881416,0.06509549915790558,0.31919965147972107,24.099999999999998,,70.7,,76.3,,82.6,,82.89999999999999,,77.8,
L23_N10438,23,10438,random,,1.834747552871704,0.0001887553371489048,0.0023931607138365507,0.012096160091459751,0.05427190661430359,0.2892562747001648,36.6,,17.9,,37.6,,27.1,,42.3,,50.3,
L28_N2647,28,2647,random,,1.9387439489364624,0.0001923251838888973,0.004018161911517382,0.013399383053183556,0.058611851185560226,0.2966424822807312,62.8,,40.5,,51.7,,72.2,,57.199999999999996,,65.5,
L31_N7239,31,7239,random,,1.9413307905197144,0.00018474931130185723,0.0034420331940054893,0.029114361852407455,0.08439739793539047,0.3703967332839966,64.1,,11.700000000000001,,87.1,,60.6,,91.8,,86.9,
L30_N11561,30,11561,random,,1.7010087966918945,0.0001285661564907059,0.001995978644117713,0.014342456124722958,0.5706716179847717,0.7921327352523804,13.4,,0.4,,99.5,,15.4,,66.0,,99.5,
L29_N9189,29,9189,random,,1.9805165529251099,0.00019131702720187604,0.002318405080586672,0.012384677305817604,0.05488511547446251,0.3064262568950653,74.6,,30.599999999999998,,65.60000000000001,,23.7,,45.6,,53.2,
L20_N1832,20,1832,random,,1.838356852531433,0.0001921364018926397,0.0038056608755141497,0.011534648947417736,0.049358006566762924,0.2898549735546112,39.300000000000004,,38.800000000000004,,38.7,,68.2,,35.699999999999996,,29.599999999999998,
L20_N11321,20,11321,random,,1.8613871335983276,0.00019203266128897667,0.004405693616718054,0.01581619307398796,0.057317137718200684,0.2974007725715637,47.5,,38.0,,53.1,,78.8,,76.6,,60.699999999999996,
L23_N8938,23,8938,random,,1.8358051776885986,0.00019103827071376145,0.004145805723965168,0.01390819437801838,0.05328335240483284,0.2961028814315796,37.7,,28.499999999999996,,49.9,,74.7,,62.6,,45.6,
L20_N13674,20,13674,random,,1.8678231239318848,0.00018764274136628956,0.00404721824452281,0.0302451029419899,0.08273075520992279,0.34676432609558105,48.6,,15.5,,84.1,,72.7,,92.30000000000001,,86.5,
L28_N9543,28,9543,random,,1.9205529689788818,0.00019382897880859673,0.002281180350109935,0.017994645982980728,0.06137726083397865,0.29897868633270264,55.50000000000001,,56.8,,56.00000000000001,,23.1,,83.89999999999999,,72.2,
L30_N2426,30,2426,random,,2.028937816619873,0.00019198574591428041,0.003327923594042659,0.01241847313940525,0.04695123806595802,0.29427850246429443,83.3,,37.3,,46.300000000000004,,57.4,,46.1,,18.8,
L29_N2088,29,2088,random,,2.0100395679473877,0.00019274713122285903,0.004175365436822176,0.012629201635718346,0.04728130251169205,0.27744176983833313,80.30000000000001,,45.0,,15.6,,75.3,,48.5,,20.200000000000003,
L20_N5050,20,5050,random,,1.7740426063537598,0.00019555444305296987,0.004010915290564299,0.01664707250893116,0.06478053331375122,0.32057857513427734,18.3,,72.5,,77.10000000000001,,71.89999999999999,,79.80000000000001,,77.3,
L28_N13043,28,13043,random,,1.907416582107544,0.00019494607113301754,0.0016100592911243439,0.008098837919533253,0.05289033055305481,0.29174283146858215,52.5,,67.5,,41.8,,8.1,,3.4000000000000004,,44.7,
L20_N5862,20,5862,random,,1.8886864185333252,0.00018931718659587204,0.00461222929880023,0.019864000380039215,0.06880398094654083,0.3299805223941803,50.5,,19.6,,81.3,,81.0,,86.3,,81.2,
L23_N11174,23,11174,random,,1.8144752979278564,0.00019175549095962197,0.0036617680452764034,0.017705129459500313,0.06160605326294899,0.3109242618083954,26.200000000000003,,34.4,,70.3,,65.2,,83.3,,72.7,
L23_N10927,23,10927,random,,1.8423738479614258,0.0001943452371051535,0.0017997544491663575,0.008982507511973381,0.0433465950191021,0.27551087737083435,41.0,,61.7,,12.6,,12.0,,8.4,,8.3,
L20_N5794,20,5794,random,,1.6605676412582397,0.00020209186186548322,0.004039863124489784,0.019164415076375008,0.07341914623975754,0.3369610011577606,11.1,,91.4,,83.0,,72.6,,85.9,,84.3,
L30_N14331,30,14331,random,,2.023134469985962,0.00018539886514190584,0.0022768692579120398,0.009219671599566936,0.04261671379208565,0.26758456230163574,82.3,,12.4,,6.5,,22.8,,10.0,,7.199999999999999,
L29_N10168,29,10168,random,,1.9752148389816284,0.00019761895237024873,0.005331710912287235,0.013895896263420582,0.05212489515542984,0.2828451991081238,72.8,,82.5,,24.2,,87.3,,62.4,,41.8,
L31_N2532,31,2532,random,,1.9432677030563354,0.0001926530385389924,0.0017289072275161743,0.010444954968988895,0.054512202739715576,0.29728877544403076,64.60000000000001,,43.8,,52.800000000000004,,10.7,,22.5,,51.800000000000004,
L23_N14165,23,14165,random,,1.833029866218567,0.00019219696696382016,0.0033363874536007643,0.016089273616671562,0.057966407388448715,0.29617393016815186,35.3,,39.6,,50.0,,57.699999999999996,,78.3,,62.8,
L23_N13105,23,13105,random,,1.7482147216796875,0.00018847391766030341,0.002934751333668828,0.01718466356396675,0.060174524784088135,0.31403660774230957,16.3,,16.900000000000002,,73.5,,45.5,,81.6,,69.5,
L23_N6755,23,6755,random,,1.789626955986023,0.00019588785653468221,0.009007109329104424,0.02343432791531086,0.08396291732788086,0.35742825269699097,21.0,,74.1,,85.7,,94.89999999999999,,89.8,,86.7,
L20_N2938,20,2938,random,,1.821473479270935,0.0001923675008583814,0.008393836207687855,0.017253784462809563,0.058149322867393494,0.2908592224121094,29.4,,40.9,,40.400000000000006,,94.3,,81.69999999999999,,63.6,
L31_N5442,31,5442,random,,2.1324949264526367,0.000191760846064426,0.0028204198461025953,0.011397969909012318,0.05439585819840431,0.29373976588249207,92.30000000000001,,34.699999999999996,,45.0,,41.3,,34.1,,51.300000000000004,
L29_N13143,29,13143,random,,2.1231319904327393,0.00018522230675444007,0.0030619408935308456,0.016638539731502533,0.07456054538488388,0.3619033694267273,91.9,,12.3,,86.3,,50.2,,79.5,,84.5,
L31_N14156,31,14156,random,,2.10599946975708,0.0001935509208124131,0.0038660545833408833,0.015075890347361565,0.05856688693165779,0.3066237270832062,91.0,,52.900000000000006,,66.0,,69.6,,71.5,,65.2,
L31_N13283,31,13283,random,,1.647992491722107,0.00019342199084348977,0.0025844110641628504,0.009439579211175442,0.04397652670741081,0.2747993469238281,10.4,,52.0,,11.600000000000001,,34.1,,12.4,,9.3,
L23_N4371,23,4371,random,,1.8587570190429688,0.00019120487559121102,0.0020481820683926344,0.012627522461116314,0.06113642081618309,0.3083529770374298,46.800000000000004,,29.4,,67.9,,16.900000000000002,,48.4,,72.0,
L23_N12900,23,12900,random,,1.7312734127044678,0.00019387705833651125,0.0030379011295735836,0.013144874945282936,0.046221572905778885,0.2773776650428772,15.0,,57.199999999999996,,15.5,,49.6,,54.7,,16.2,
L31_N1771,31,1771,random,,2.212728261947632,0.00019426184007897973,0.002715866081416607,0.008881955407559872,0.036025818437337875,0.254032164812088,96.6,,60.8,,2.7,,38.3,,7.9,,2.3,
L29_N14289,29,14289,random,,1.9320915937423706,0.00019030891417060047,0.002459920011460781,0.011514429934322834,0.05008085072040558,0.29982465505599976,59.599999999999994,,24.0,,57.599999999999994,,29.599999999999998,,35.199999999999996,,32.7,
L20_N14067,20,14067,random,,1.849708914756775,0.00019753001106437296,0.0034911746624857187,0.01314590685069561,0.04990276321768761,0.2811461091041565,44.6,,82.1,,21.5,,61.3,,54.800000000000004,,32.1,
L29_N3644,29,3644,random,,1.968252182006836,0.00019384502957109362,0.0030202260240912437,0.010947595350444317,0.04907059296965599,0.27763864398002625,70.7,,57.099999999999994,,15.7,,49.0,,28.000000000000004,,28.299999999999997,
L23_N13378,23,13378,random,,1.8493854999542236,0.00018874715897254646,0.003000549040734768,0.014862830750644207,0.05980604887008667,0.3129560947418213,44.4,,17.8,,72.6,,48.4,,70.19999999999999,,68.60000000000001,
L29_N5728,29,5728,random,,1.8750169277191162,0.00019414570124354213,0.004165749065577984,0.014907961711287498,0.051170337945222855,0.290831059217453,49.3,,60.199999999999996,,40.300000000000004,,74.8,,70.39999999999999,,37.4,
L28_N13443,28,13443,random,,1.9141803979873657,0.0001909765269374475,0.0033558951690793037,0.014124858193099499,0.07278158515691757,0.3301720917224884,53.800000000000004,,28.199999999999996,,81.5,,58.3,,64.3,,84.2,
L23_N3652,23,3652,random,,1.846882700920105,0.0001919667120091617,0.0017624712781980634,0.014705412089824677,0.059584688395261765,0.30233797430992126,43.1,,37.2,,61.5,,11.1,,69.1,,67.80000000000001,
L20_N10813,20,10813,random,,1.831310749053955,0.00018851795175578445,0.0030792849138379097,0.018949655815958977,0.06839627772569656,0.34828081727027893,34.2,,17.0,,84.3,,50.7,,85.39999999999999,,81.10000000000001,
L23_N6528,23,6528,random,,1.8525453805923462,0.00020014912297483534,0.0027061644941568375,0.013534360565245152,0.06311079859733582,0.3070933222770691,45.6,,89.1,,66.5,,38.0,,58.699999999999996,,75.9,
L28_N4564,28,4564,random,,1.9633039236068726,0.00019556736515369266,0.0022243838757276535,0.012446762062609196,0.05469215661287308,0.2862599194049835,69.39999999999999,,72.7,,32.0,,21.5,,46.400000000000006,,52.7,
L20_N12670,20,12670,random,,1.8279973268508911,0.0001955189072759822,0.0018333536572754383,0.009338933043181896,0.04917807877063751,0.28300994634628296,32.6,,72.0,,24.6,,12.3,,10.8,,28.599999999999998,
L28_N5753,28,5753,random,,1.8817671537399292,0.00019163014076184481,0.0035050706937909126,0.015255037695169449,0.05730409920215607,0.30240705609321594,50.1,,33.1,,61.6,,61.8,,72.89999999999999,,60.5,
L31_N8346,31,8346,random,,1.2788784503936768,0.00016899066395126283,0.017894785851240158,0.07665134966373444,0.1784166693687439,0.48912790417671204,2.1,,4.5,,93.60000000000001,,97.39999999999999,,96.8,,94.19999999999999,
L29_N11133,29,11133,random,,1.943448781967163,0.0001947673736140132,0.0023200407158583403,0.010189304128289223,0.04283738508820534,0.28096938133239746,64.8,,66.10000000000001,,21.3,,23.799999999999997,,20.0,,7.3999999999999995,
L30_N5425,30,5425,random,,2.0376832485198975,0.00019567363779060543,0.002348058158531785,0.009632444009184837,0.04442157223820686,0.28663018345832825,84.8,,73.2,,32.6,,24.8,,15.1,,10.0,
L20_N1889,20,1889,random,,1.833970308303833,0.00019523825903888792,0.0018391250632703304,0.008526673540472984,0.05151190236210823,0.2843662202358246,36.1,,69.39999999999999,,27.800000000000004,,12.5,,5.8999999999999995,,39.4,
L28_N2925,28,2925,random,,1.786582589149475,0.00015706817794125527,0.0033606109209358692,0.012928148731589317,0.07608453929424286,0.4834056794643402,20.7,,2.3,,93.4,,58.4,,51.4,,84.8,
L30_N4349,30,4349,random,,2.040480852127075,0.00019611892639659345,0.0023930370807647705,0.008644078858196735,0.04064692184329033,0.2654760777950287,85.1,,75.5,,5.6000000000000005,,27.0,,6.6000000000000005,,4.1000000000000005,
L20_N1776,20,1776,random,,1.8080182075500488,0.0001885895908344537,0.002483934862539172,0.01688244566321373,0.06496692448854446,0.3258509933948517,24.3,,17.5,,79.9,,30.8,,80.60000000000001,,77.7,
L30_N7119,30,7119,random,,2.0266025066375732,0.0001937540218932554,0.0029065865091979504,0.012448721565306187,0.050410833209753036,0.28424686193466187,82.89999999999999,,55.7,,27.200000000000003,,44.5,,46.5,,33.5,
L28_N11936,28,11936,random,,1.9471226930618286,0.000195246102521196,0.00270279822871089,0.014696219936013222,0.05574936047196388,0.30568236112594604,66.0,,69.6,,65.0,,37.7,,69.0,,56.00000000000001,
L28_N7149,28,7149,random,,1.9554851055145264,0.00019306872854940593,0.004297931678593159,0.01531959604471922,0.0661841407418251,0.3180301785469055,67.60000000000001,,48.4,,75.9,,77.2,,73.6,,78.7,
L30_N8379,30,8379,random,,2.0210039615631104,0.00019592886383179575,0.003974891267716885,0.012318647466599941,0.04858553037047386,0.2916226387023926,81.89999999999999,,74.4,,41.699999999999996,,71.39999999999999,,44.9,,25.4,
L20_N6311,20,6311,random,,1.8151715993881226,0.00019431383407209069,0.003215465694665909,0.015550917014479637,0.06164700910449028,0.3024078607559204,26.5,,61.199999999999996,,61.7,,54.300000000000004,,75.1,,73.0,
L30_N3114,30,3114,random,,1.9264432191848755,0.00013628169836010784,0.004888034891337156,0.030666548758745193,0.4969269931316376,0.7428823709487915,57.9,,1.0999999999999999,,99.1,,83.7,,92.60000000000001,,99.4,
L28_N727,28,727,random,,1.9158923625946045,0.0001934626925503835,0.003817017190158367,0.01527097262442112,0.053348109126091,0.2953019440174103,54.400000000000006,,52.400000000000006,,48.3,,68.5,,73.2,,46.0,
L31_N7144,31,7144,random,,2.2151241302490234,0.00019412333494983613,0.0012742335675284266,0.008472060784697533,0.0424884594976902,0.2720455825328827,97.0,,60.0,,8.9,,1.7000000000000002,,5.5,,7.000000000000001,
L20_N8518,20,8518,random,,1.69615638256073,0.00019820648594759405,0.0027504826430231333,0.013321209698915482,0.0459994412958622,0.27203235030174255,13.0,,84.39999999999999,,8.799999999999999,,39.7,,56.3,,15.7,
L30_N11253,30,11253,random,,1.6115466356277466,0.0001883146323962137,0.0026798744220286608,0.017902910709381104,0.06141763925552368,0.32955461740493774,9.8,,16.7,,81.0,,37.0,,83.6,,72.3,
L31_N12156,31,12156,random,,1.2294014692306519,0.0001554719201521948,0.0853545293211937,0.25964850187301636,0.44801419973373413,0.7376859188079834,1.4000000000000001,,2.0,,99.0,,99.5,,99.4,,99.0,
L31_N10987,31,10987,random,,1.5210133790969849,0.00018718182400334626,0.0014866450801491737,0.011563991196453571,0.04887252300977707,0.2819289267063141,6.6000000000000005,,14.499999999999998,,23.3,,5.2,,35.9,,27.0,
L23_N5967,23,5967,random,,1.8178459405899048,0.00017930167086888105,0.003641993971541524,0.014390169642865658,0.0522819384932518,0.310928612947464,27.6,,8.799999999999999,,70.39999999999999,,64.7,,66.60000000000001,,42.4,
L29_N1146,29,1146,random,,1.9310356378555298,0.00018861060380004346,0.003578707342967391,0.015759523957967758,0.05485478788614273,0.29580920934677124,59.3,,17.7,,49.2,,63.6,,76.4,,53.0,
L31_N5409,31,5409,random,,2.1997268199920654,0.00019383821927476674,0.0016504150116816163,0.011179445311427116,0.05191505327820778,0.29024556279182434,96.1,,56.89999999999999,,39.5,,8.7,,30.7,,40.699999999999996,
L30_N5143,30,5143,random,,2.0584051609039307,0.00019076633907388896,0.0041216397657990456,0.012476864270865917,0.05089894309639931,0.2983013391494751,87.7,,26.8,,54.6,,74.4,,46.800000000000004,,36.199999999999996,
L31_N13893,31,13893,random,,2.1697583198547363,0.000190648584975861,0.0038479752838611603,0.009810904040932655,0.051116157323122025,0.2887639105319977,94.1,,26.0,,36.8,,69.19999999999999,,16.7,,36.8,
L20_N11792,20,11792,random,,1.7948931455612183,0.00019148779392708093,0.00446781562641263,0.011131319217383862,0.04338762164115906,0.27403977513313293,21.2,,31.6,,10.7,,79.60000000000001,,30.099999999999998,,8.5,
L28_N8308,28,8308,random,,1.7882311344146729,0.00017070479225367308,0.0070053632371127605,0.033336494117975235,0.12226340174674988,0.4633391499519348,20.8,,5.2,,92.5,,92.0,,93.4,,91.9,
L28_N10926,28,10926,random,,1.9359098672866821,0.00019452413835097104,0.0022671972401440144,0.010552152059972286,0.045067198574543,0.27898305654525757,61.5,,63.7,,17.8,,22.5,,23.5,,11.899999999999999,
L29_N5344,29,5344,random,,1.959162712097168,0.0001913031010190025,0.0027329332660883665,0.011808994226157665,0.05253978073596954,0.28623491525650024,68.7,,30.4,,31.7,,39.0,,38.5,,43.4,
L29_N11423,29,11423,random,,1.975795865058899,0.00019365565094631165,0.003676722291857004,0.013537206687033176,0.046548765152692795,0.27229711413383484,73.0,,54.300000000000004,,9.1,,65.60000000000001,,58.8,,17.4,
L28_N9083,28,9083,random,,1.7447153329849243,0.0002065175649477169,0.001351435319520533,0.010671146214008331,0.045642998069524765,0.2896369397640228,15.9,,94.69999999999999,,38.3,,2.8000000000000003,,25.0,,14.7,
L23_N3143,23,3143,random,,1.779288411140442,0.0001767318171914667,0.002378114266321063,0.014046555384993553,0.05807320028543472,0.3553590178489685,19.400000000000002,,7.199999999999999,,85.39999999999999,,26.400000000000002,,63.6,,63.1,
L29_N10894,29,10894,random,,1.4700558185577393,0.00019779147987719625,0.0028047775849699974,0.010497622191905975,0.04125417023897171,0.2758251428604126,5.6000000000000005,,82.89999999999999,,13.0,,41.0,,22.900000000000002,,5.0,
L29_N11097,29,11097,random,,1.9710888862609863,0.0001929496502270922,0.0028374455869197845,0.014059940353035927,0.05171505734324455,0.2853231430053711,71.3,,47.099999999999994,,29.799999999999997,,42.3,,63.800000000000004,,40.0,
L31_N2851,31,2851,random,,2.1581435203552246,0.00019233787315897644,0.0014877015491947532,0.009457495994865894,0.04465361312031746,0.26991596817970276,93.30000000000001,,40.6,,7.5,,5.3,,12.8,,10.6,
L30_N9324,30,9324,random,,1.6087249517440796,0.00029795619775541127,0.0065854513086378574,0.03460124880075455,0.12483113259077072,0.44133177399635315,9.700000000000001,,99.7,,91.9,,91.3,,93.7,,92.30000000000001,
L28_N6653,28,6653,random,,1.9398155212402344,0.00020006265549454838,0.0021632956340909004,0.011934260837733746,0.06008327379822731,0.29409903287887573,63.5,,88.8,,45.9,,19.7,,40.6,,69.1,
L30_N13659,30,13659,random,,2.067627191543579,0.0001967162825167179,0.004462035838514566,0.013384039513766766,0.04857568442821503,0.2768940329551697,88.8,,78.5,,14.2,,79.5,,56.99999999999999,,25.2,
L20_N4978,20,4978,random,,1.817654013633728,0.00019382050959393382,0.0035960739478468895,0.017096174880862236,0.05904492363333702,0.3022843897342682,27.3,,56.599999999999994,,61.3,,63.9,,81.3,,66.60000000000001,
L28_N3443,28,3443,random,,1.9573609828948975,0.0002007138100452721,0.003747063223272562,0.013410941697657108,0.0599597729742527,0.30057811737060547,68.30000000000001,,89.7,,59.0,,67.60000000000001,,57.4,,68.89999999999999,
L29_N12873,29,12873,random,,1.885740876197815,0.00019469452672638,0.002348036738112569,0.012267045676708221,0.05692855268716812,0.29328247904777527,50.4,,65.4,,44.6,,24.7,,44.4,,59.4,
L30_N9939,30,9939,random,,2.088303327560425,0.00019380563753657043,0.003608156694099307,0.010947268456220627,0.04975013807415962,0.2827593684196472,90.3,,56.2,,24.0,,64.4,,27.900000000000002,,31.5,
L31_N5279,31,5279,random,,2.2864060401916504,0.00019718428666237742,0.0024297297932207584,0.01125448290258646,0.04596875607967377,0.2686901390552521,99.1,,80.60000000000001,,7.199999999999999,,28.7,,32.0,,15.5,
L29_N7238,29,7238,random,,1.5518280267715454,0.000213742270716466,0.001758675673045218,0.007554840296506882,0.025764426216483116,0.20789095759391785,7.7,,97.5,,0.3,,10.9,,1.9,,0.1,
L29_N11069,29,11069,random,,1.9923564195632935,0.00019567558774724603,0.0015915026888251305,0.007370144594460726,0.04514193534851074,0.2837972640991211,76.9,,73.3,,26.1,,7.3,,1.4000000000000001,,12.4,
L23_N8375,23,8375,random,,1.8616011142730713,0.00019313819939270616,0.002087488304823637,0.012118042446672916,0.048137158155441284,0.2816886305809021,47.599999999999994,,49.1,,22.900000000000002,,17.4,,42.8,,23.400000000000002,
L29_N13004,29,13004,random,,1.9777408838272095,0.00018822708807419986,0.0018582470947876573,0.009188768453896046,0.05032455548644066,0.2914622724056244,73.9,,16.400000000000002,,41.099999999999994,,13.0,,9.8,,33.1,
L31_N2780,31,2780,random,,1.2480732202529907,0.00019873194105457515,0.0024425480514764786,0.006419293582439423,0.033925969153642654,0.24373498558998108,1.6,,85.8,,1.7999999999999998,,29.2,,0.5,,1.7000000000000002,
L31_N1389,31,1389,random,,1.8409873247146606,0.00017688292427919805,0.004033154807984829,0.02446378394961357,0.09673719108104706,0.3878517746925354,40.400000000000006,,7.3,,88.7,,72.5,,90.2,,88.9,
L28_N8445,28,8445,random,,1.857776165008545,0.00019139755750074983,0.002465061377733946,0.009895694442093372,0.04218791797757149,0.28061044216156006,46.6,,31.2,,20.3,,30.2,,17.5,,6.2,
L31_N10370,31,10370,random,,1.9700602293014526,0.00020659930305555463,0.007399727124720812,0.03248779475688934,0.10295907407999039,0.3765181601047516,71.2,,94.89999999999999,,87.9,,92.5,,93.10000000000001,,90.10000000000001,
L30_N5491,30,5491,random,,2.045447826385498,0.00019542317022569478,0.0022768196649849415,0.012594626285135746,0.04897336661815643,0.2885690927505493,86.2,,70.8,,36.3,,22.7,,48.0,,27.6,
L20_N13409,20,13409,random,,1.804331660270691,0.0002012140757869929,0.002920344239100814,0.015907280147075653,0.059898559004068375,0.30455294251441956,23.400000000000002,,90.60000000000001,,64.0,,44.800000000000004,,76.8,,68.7,
L23_N11023,23,11023,random,,1.8246060609817505,0.0001948729041032493,0.0026908551808446646,0.010042542591691017,0.05822637677192688,0.2968197762966156,30.8,,67.0,,52.0,,37.3,,19.0,,63.9,
L28_N3680,28,3680,random,,1.9281659126281738,0.00018909858772531152,0.008152320981025696,0.01911824569106102,0.06349992752075195,0.3251555263996124,58.5,,18.9,,79.60000000000001,,94.1,,85.8,,76.3,
L23_N2414,23,2414,random,,1.821366786956787,0.00019318039994686842,0.006462637800723314,0.01234697550535202,0.050067052245140076,0.2846565544605255,29.299999999999997,,49.8,,28.7,,90.9,,45.2,,32.5,
L20_N757,20,757,random,,1.656209945678711,0.00019267963944002986,0.003321657422930002,0.011932224035263062,0.05253586545586586,0.30829501152038574,10.8,,44.2,,67.80000000000001,,56.99999999999999,,40.5,,43.3,
L23_N7784,23,7784,random,,1.82429039478302,0.0001981059613171965,0.00247330404818058,0.012058011256158352,0.048612382262945175,0.27510905265808105,30.4,,84.1,,12.0,,30.4,,41.8,,25.6,
L30_N13922,30,13922,random,,1.2941192388534546,0.00021101742458995432,0.005561451427638531,0.013651402667164803,0.04959115386009216,0.2737881541252136,2.1999999999999997,,96.89999999999999,,10.299999999999999,,88.9,,59.8,,30.5,
L20_N7461,20,7461,random,,1.8328925371170044,0.00019210753089282662,0.0030323113314807415,0.0160247590392828,0.05570382997393608,0.29396530985832214,35.199999999999996,,38.5,,45.6,,49.4,,77.60000000000001,,55.800000000000004,
L29_N10318,29,10318,random,,1.9006173610687256,0.0001930361322592944,0.0016843262128531933,0.011531506665050983,0.04967133328318596,0.27697479724884033,51.4,,48.1,,14.299999999999999,,9.6,,35.5,,31.0,
L30_N3185,30,3185,random,,1.8949620723724365,0.00016656939988024533,0.0016033397987484932,0.010278390720486641,0.06495708227157593,0.3800017237663269,50.9,,4.1000000000000005,,88.1,,7.8,,20.9,,77.60000000000001,
L31_N11409,31,11409,random,,1.192757487297058,0.00020354072330519557,0.026671985164284706,0.07548383623361588,0.24293111264705658,0.5689161419868469,1.0,,92.30000000000001,,96.39999999999999,,98.7,,96.7,,96.39999999999999,
L29_N8099,29,8099,random,,1.5690845251083374,0.00019851390970870852,0.01135802362114191,0.038712747395038605,0.16036970913410187,0.45992937684059143,8.1,,85.39999999999999,,92.4,,96.1,,94.1,,93.5,
L29_N3997,29,3997,random,,1.9584786891937256,0.00019533609156496823,0.0013562890235334635,0.012716630473732948,0.05377359315752983,0.29180529713630676,68.60000000000001,,70.3,,42.199999999999996,,2.9000000000000004,,49.5,,47.699999999999996,
L23_N10748,23,10748,random,,1.8500787019729614,0.00019989674910902977,0.002923696767538786,0.010676802136003971,0.04820486158132553,0.2881510257720947,44.800000000000004,,88.5,,35.099999999999994,,45.0,,25.1,,23.7,
L31_N90,31,90,random,,2.2346279621124268,0.00019435552530921996,0.002331577939912677,0.010804539546370506,0.04726855084300041,0.28560295701026917,97.89999999999999,,61.8,,30.4,,24.3,,26.6,,19.900000000000002,
L20_N12753,20,12753,random,,1.5981371402740479,0.00022443578927777708,0.006613066885620356,0.02960418350994587,0.10543343424797058,0.388771653175354,9.4,,99.0,,88.8,,91.4,,92.10000000000001,,90.4,
L29_N3585,29,3585,random,,1.836702823638916,0.00018726546841207892,0.00428025284782052,0.011253990232944489,0.057497378438711166,0.320792019367218,38.6,,14.799999999999999,,77.2,,77.0,,31.900000000000002,,61.4,
L23_N13174,23,13174,random,,1.8397547006607056,0.00019457112648524344,0.0027249816339462996,0.013651948422193527,0.04958100616931915,0.28145602345466614,39.900000000000006,,64.2,,22.2,,38.800000000000004,,59.9,,30.4,
L31_N8486,31,8486,random,,2.066122055053711,0.0001926478580571711,0.004252351354807615,0.013078682124614716,0.05723566189408302,0.29957738518714905,88.7,,43.7,,57.199999999999996,,76.4,,53.7,,60.3,
L29_N822,29,822,random,,1.3764493465423584,0.00020693051919806749,0.002337286714464426,0.010962724685668945,0.04129457846283913,0.2516445815563202,3.5999999999999996,,95.19999999999999,,2.4,,24.5,,28.199999999999996,,5.1,
L30_N4082,30,4082,random,,1.9889445304870605,0.00019446181249804795,0.0038120222743600607,0.013159279711544514,0.05126607418060303,0.2780511975288391,75.9,,62.7,,16.1,,68.4,,54.900000000000006,,38.1,
L20_N7478,20,7478,random,,1.7969518899917603,0.00019803439499810338,0.0026124860160052776,0.013654127717018127,0.05813278257846832,0.29620346426963806,21.9,,83.89999999999999,,50.2,,34.8,,60.099999999999994,,63.5,
L23_N13130,23,13130,random,,1.8194975852966309,0.00019219910609535873,0.0031427904032170773,0.014217421412467957,0.0559430755674839,0.29183322191238403,28.799999999999997,,39.800000000000004,,42.3,,52.6,,65.10000000000001,,56.699999999999996,
L29_N10937,29,10937,random,,2.0091893672943115,0.00020596999092958868,0.0030909450724720955,0.00929784681648016,0.04739679396152496,0.28763100504875183,80.0,,94.3,,34.300000000000004,,51.1,,10.5,,20.599999999999998,
L30_N9157,30,9157,random,,2.016751289367676,0.00019457031157799065,0.0041712685488164425,0.011093731969594955,0.047373514622449875,0.2831697165966034,81.0,,64.1,,25.1,,75.1,,29.7,,20.5,
L30_N5198,30,5198,random,,1.983538031578064,0.0001900841307360679,0.002463283482939005,0.011975354515016079,0.049613095819950104,0.28562039136886597,75.3,,22.900000000000002,,30.5,,30.099999999999998,,41.0,,30.8,
L29_N10037,29,10037,random,,1.9607919454574585,0.00019450639956630766,0.004187969956547022,0.01442843209952116,0.04545443505048752,0.2772027850151062,68.8,,63.3,,15.1,,75.6,,67.0,,13.900000000000002,
L31_N8270,31,8270,random,,1.4796466827392578,0.00018964115588460118,0.0037243266124278307,0.012426610104739666,0.049955885857343674,0.2964532971382141,5.800000000000001,,21.2,,51.300000000000004,,67.0,,46.300000000000004,,32.300000000000004,
L29_N13608,29,13608,random,,2.010298490524292,0.00019357948622200638,0.0017051537288352847,0.010874645784497261,0.04809311032295227,0.2815060019493103,80.4,,53.400000000000006,,22.3,,10.100000000000001,,27.400000000000002,,23.3,
L30_N7305,30,7305,random,,2.829005002975464,0.0003022495948243886,0.016700098291039467,0.10809943825006485,0.20265576243400574,0.4989493191242218,99.9,,99.8,,94.1,,97.1,,97.89999999999999,,95.0,
L23_N12184,23,12184,random,,1.8385847806930542,0.00019234920910093933,0.002128816209733486,0.0106425816193223,0.039939023554325104,0.2629101276397705,39.5,,40.699999999999996,,4.3,,18.6,,24.7,,3.5999999999999996,
L29_N7373,29,7373,random,,2.0003116130828857,0.00019470282131806016,0.005227187182754278,0.013920046389102936,0.0540839247405529,0.2950679063796997,78.4,,65.60000000000001,,47.8,,86.7,,62.7,,49.3,
L28_N12317,28,12317,random,,1.9403798580169678,0.00019780703587457538,0.001334903296083212,0.011268879286944866,0.041641268879175186,0.26443344354629517,63.7,,83.1,,4.9,,2.4,,32.2,,5.6000000000000005,
L23_N13760,23,13760,random,,1.8426542282104492,0.0001937040506163612,0.0034618957433849573,0.017336862161755562,0.05425964295864105,0.2917666435241699,41.4,,55.00000000000001,,41.9,,60.9,,82.3,,50.2,
L31_N4543,31,4543,random,,2.116809368133545,0.0001872217544587329,0.0016063221264630556,0.005759595427662134,0.04717786982655525,0.30607277154922485,91.60000000000001,,14.6,,65.3,,7.9,,0.2,,19.7,
L30_N7939,30,7939,random,,2.0233747959136963,0.0001910444989334792,0.002173428423702717,0.009454784914851189,0.04935572296380997,0.2922661304473877,82.39999999999999,,28.599999999999998,,42.699999999999996,,20.200000000000003,,12.7,,29.5,
L31_N3919,31,3919,random,,1.4388666152954102,0.00017971117631532252,0.0034105710219591856,0.017391910776495934,0.10243908315896988,0.3895695209503174,5.1,,9.0,,88.9,,60.099999999999994,,82.39999999999999,,90.0,
L28_N7206,28,7206,random,,1.9221727848052979,0.00019504840020090342,0.0030665844678878784,0.014091185294091702,0.05628571659326553,0.2969297170639038,56.49999999999999,,68.10000000000001,,52.300000000000004,,50.4,,64.0,,57.9,
L20_N11690,20,11690,random,,1.6960691213607788,0.00019510123820509762,0.0036240527406334877,0.015176283195614815,0.055377550423145294,0.2877851724624634,12.9,,68.5,,34.4,,64.60000000000001,,72.3,,54.300000000000004,
L28_N3841,28,3841,random,,1.9047197103500366,0.00019513032748363912,0.005547577980905771,0.013477498665452003,0.04755517467856407,0.28117385506629944,52.0,,68.60000000000001,,21.8,,88.7,,58.4,,21.3,
L28_N5502,28,5502,random,,1.96406090259552,0.00019360234728083014,0.002532731043174863,0.009114598855376244,0.05331546440720558,0.2986254394054413,69.89999999999999,,53.7,,55.400000000000006,,32.5,,9.2,,45.7,
L28_N8849,28,8849,random,,1.9425915479660034,0.00020638600108213723,0.004077381920069456,0.013472444377839565,0.054016679525375366,0.294559121131897,64.4,,94.6,,47.099999999999994,,73.4,,58.3,,48.8,
L20_N2267,20,2267,random,,1.71695077419281,0.0001927106495713815,0.0024788090959191322,0.012057766318321228,0.05694253370165825,0.31098371744155884,14.499999999999998,,44.4,,70.5,,30.7,,41.699999999999996,,59.5,
L23_N3788,23,3788,random,,1.813880205154419,0.00019590641022659838,0.004842615686357021,0.014992635697126389,0.057499129325151443,0.31422823667526245,26.0,,74.2,,73.8,,83.2,,71.2,,61.5,
L29_N11369,29,11369,random,,1.5769771337509155,0.0001779843878466636,0.004170925822108984,0.0127109931781888,0.04650678485631943,0.2950587570667267,8.5,,7.8,,47.699999999999996,,74.9,,49.4,,16.900000000000002,
L23_N11573,23,11573,random,,1.8346291780471802,0.0001933607563842088,0.003900602925568819,0.013803242705762386,0.04877100884914398,0.28181350231170654,36.5,,51.300000000000004,,23.200000000000003,,70.19999999999999,,61.199999999999996,,26.700000000000003,
L23_N1052,23,1052,random,,1.8296630382537842,0.00020002160454168916,0.0035860915668308735,0.012695600278675556,0.061896417289972305,0.3137896955013275,33.4,,88.6,,73.2,,63.7,,49.2,,73.6,
L29_N6678,29,6678,random,,1.9782562255859375,0.00019341368169989437,0.00204465351998806,0.010686824098229408,0.05897398665547371,0.29697081446647644,74.2,,51.9,,52.400000000000006,,16.7,,25.3,,66.5,
L28_N8890,28,8890,random,,1.932652235031128,0.00019655469805002213,0.003573002526536584,0.01217988133430481,0.04869431257247925,0.27050691843032837,60.0,,77.8,,7.9,,63.5,,43.4,,26.3,
L29_N6812,29,6812,random,,1.9548181295394897,0.00021514916443265975,0.0024232245050370693,0.010041153989732265,0.05074513703584671,0.2873469889163971,67.4,,97.8,,33.800000000000004,,28.299999999999997,,18.8,,35.6,
L20_N3388,20,3388,random,,1.8199834823608398,0.00019845992210321128,0.00512924138456583,0.015328794717788696,0.05779749155044556,0.2995259165763855,29.099999999999998,,85.2,,56.8,,86.1,,73.8,,62.3,
L29_N6381,29,6381,random,,2.022007942199707,0.00019261875422671437,0.001209413749165833,0.008263098075985909,0.04331497102975845,0.2685300409793854,82.1,,43.4,,7.000000000000001,,1.0999999999999999,,4.3,,7.9,
L30_N11395,30,11395,random,,2.0428237915039062,0.00019693668582476676,0.004092097748070955,0.012637216597795486,0.04920400306582451,0.2792658507823944,85.6,,79.5,,18.3,,73.7,,48.8,,28.799999999999997,
L20_N14036,20,14036,random,,1.7354828119277954,0.00017893452604766935,0.0035012171138077974,0.02680729329586029,0.11995089054107666,0.4040530323982239,15.1,,8.5,,89.8,,61.7,,91.10000000000001,,91.8,
L30_N6232,30,6232,random,,1.7017658948898315,0.00021220187772996724,0.0048366570845246315,0.025607945397496223,0.11689019948244095,0.40149226784706116,13.600000000000001,,97.2,,89.4,,83.1,,90.8,,91.7,
L29_N96,29,96,random,,1.9763301610946655,0.00019335684191901237,0.003878451883792877,0.01285521313548088,0.052067339420318604,0.285975843667984,73.5,,51.2,,31.1,,69.8,,50.6,,41.5,
L28_N4892,28,4892,random,,1.9208234548568726,0.00019708268519025296,0.0038413554430007935,0.012623893097043037,0.06184915453195572,0.30443307757377625,55.800000000000004,,79.9,,63.5,,69.0,,48.3,,73.4,
L29_N13982,29,13982,random,,1.9155234098434448,0.0001918626658152789,0.0016490801936015487,0.00848622340708971,0.05460222065448761,0.2975728213787079,54.300000000000004,,35.9,,53.7,,8.6,,5.6000000000000005,,52.1,
L29_N8818,29,8818,random,,1.990810513496399,0.00019252787751611322,0.002955226693302393,0.011984840035438538,0.04772910475730896,0.27712932229042053,76.5,,42.5,,14.899999999999999,,46.2,,41.099999999999994,,22.3,
L31_N12036,31,12036,random,,2.214574098587036,0.00019217285444028676,0.0025797737762331963,0.010190121829509735,0.049742650240659714,0.28860631585121155,96.89999999999999,,39.4,,36.4,,33.900000000000006,,20.200000000000003,,31.4,
L30_N13105,30,13105,random,,2.1106173992156982,0.00019392378453630954,0.0021637205500155687,0.0096624456346035,0.04647747427225113,0.2781890034675598,91.2,,57.4,,16.2,,19.900000000000002,,15.6,,16.7,
L30_N3613,30,3613,random,,1.7775830030441284,0.00019654461357276887,0.012310137040913105,0.025191547349095345,0.07795875519514084,0.34635213017463684,19.1,,77.7,,84.0,,96.5,,90.60000000000001,,85.6,
L29_N3595,29,3595,random,,1.9745614528656006,0.00019468777463771403,0.002681483281776309,0.009888599626719952,0.05119599401950836,0.28600332140922546,72.5,,65.2,,31.2,,37.2,,17.4,,37.5,
L28_N7140,28,7140,random,,1.9312902688980103,0.00019382190657779574,0.0022532332222908735,0.010385057888925076,0.0495329350233078,0.2839648127555847,59.5,,56.699999999999996,,26.8,,22.2,,21.6,,30.099999999999998,
L29_N475,29,475,random,,2.0196588039398193,0.0001947070995811373,0.0019272287609055638,0.011393257416784763,0.04124077782034874,0.2661171555519104,81.6,,65.7,,6.0,,13.8,,33.900000000000006,,4.9,
L29_N5507,29,5507,random,,1.7428045272827148,0.0001750932860886678,0.0023074382916092873,0.008094104006886482,0.03780975192785263,0.2953788638114929,15.7,,6.9,,48.4,,23.3,,3.3000000000000003,,2.7,
L31_N11127,31,11127,random,,1.8811570405960083,0.0001778346486389637,0.004825291223824024,0.05063531920313835,0.13993404805660248,0.43113571405410767,49.9,,7.6,,91.2,,83.0,,95.6,,92.7,
L29_N11864,29,11864,random,,1.9645469188690186,0.0001951385202119127,0.002540975110605359,0.01099866721779108,0.0459500290453434,0.2848994731903076,70.0,,68.8,,28.999999999999996,,32.6,,28.799999999999997,,15.299999999999999,
L23_N13770,23,13770,random,,1.7822023630142212,0.00019574358884710819,0.002044226508587599,0.013647804036736488,0.053838253021240234,0.2894864082336426,19.7,,73.8,,38.1,,16.5,,59.699999999999996,,48.0,
L29_N2091,29,2091,random,,1.9762674570083618,0.00019056492601521313,0.0036064879968762398,0.009416762739419937,0.051698602735996246,0.2983458638191223,73.4,,25.1,,54.800000000000004,,64.3,,12.0,,39.900000000000006,
L30_N8751,30,8751,random,,1.3304928541183472,0.00019124968093819916,0.005880020093172789,0.0404374860227108,0.1524137407541275,0.4705031216144562,2.7,,30.0,,92.7,,89.7,,94.6,,93.30000000000001,
L20_N6455,20,6455,random,,1.7376973628997803,0.0002082606515614316,0.004751115571707487,0.014430268667638302,0.04854715242981911,0.2736057937145233,15.299999999999999,,96.1,,10.2,,82.3,,67.2,,24.9,
L30_N9246,30,9246,random,,1.4036470651626587,0.00019284077279735357,0.0035551278851926327,0.01306036114692688,0.06590785086154938,0.3300306499004364,4.1000000000000005,,45.800000000000004,,81.39999999999999,,63.1,,53.400000000000006,,78.3,
L31_N444,31,444,random,,2.01176118850708,0.00019482705101836473,0.002059539780020714,0.008520829491317272,0.04852775111794472,0.28843510150909424,80.7,,66.60000000000001,,35.699999999999996,,17.0,,5.7,,24.8,
L20_N10530,20,10530,random,,1.6920595169067383,0.00018707326671574265,0.0035153310745954514,0.01627117209136486,0.07086186110973358,0.3304538130760193,12.7,,14.299999999999999,,81.6,,62.2,,78.60000000000001,,82.69999999999999,
L29_N2223,29,2223,random,,1.5502426624298096,0.00020619394490495324,0.007596845738589764,0.02920868992805481,0.10079136490821838,0.39182186126708984,7.6,,94.5,,89.1,,93.4,,91.9,,89.7,
L29_N2977,29,2977,random,,1.9782593250274658,0.00019513590086717159,0.002509040990844369,0.010282139293849468,0.0433177687227726,0.28596583008766174,74.3,,68.7,,31.0,,31.6,,21.099999999999998,,8.0,
L20_N4262,20,4262,random,,1.7998837232589722,0.00020269495144020766,0.006018467713147402,0.018451940268278122,0.0727662518620491,0.32826146483421326,22.5,,92.0,,80.4,,90.0,,84.7,,84.1,
L29_N5363,29,5363,random,,1.4104419946670532,0.00017109571490436792,0.006779137067496777,0.041405968368053436,0.16255222260951996,0.4831473231315613,4.3,,5.3,,93.30000000000001,,91.7,,94.69999999999999,,93.60000000000001,
L23_N7449,23,7449,random,,1.8243720531463623,0.00020236632553860545,0.0033541852608323097,0.013278855942189693,0.04759092628955841,0.2856743037700653,30.599999999999998,,91.7,,30.7,,58.199999999999996,,55.900000000000006,,21.5,
L28_N5529,28,5529,random,,1.9139854907989502,0.0001907392288558185,0.005248818546533585,0.01326021645218134,0.0643104612827301,0.30446523427963257,53.7,,26.5,,63.6,,86.9,,55.60000000000001,,76.7,
L29_N4558,29,4558,random,,1.9914968013763428,0.00019393907859921455,0.002876610029488802,0.012262467294931412,0.05438316613435745,0.29934561252593994,76.7,,57.99999999999999,,56.39999999999999,,43.6,,44.3,,51.1,
L29_N4133,29,4133,random,,1.9984577894210815,0.00019682427227962762,0.003994160797446966,0.013783267699182034,0.045227814465761185,0.278321772813797,78.3,,79.10000000000001,,16.5,,71.8,,60.8,,12.9,
L20_N7705,20,7705,random,,1.7962963581085205,0.00019323024025652558,0.004411643836647272,0.013505521230399609,0.05765067785978317,0.2886682450771332,21.7,,50.3,,36.5,,79.2,,58.5,,61.8,
L20_N12272,20,12272,random,,1.8504533767700195,0.00020227464847266674,0.0032059429213404655,0.01336718164384365,0.054644402116537094,0.31337404251098633,45.0,,91.60000000000001,,72.89999999999999,,54.1,,56.89999999999999,,52.300000000000004,
L30_N853,30,853,random,,2.039641857147217,0.00019708210311364383,0.002832872560247779,0.014576775953173637,0.058248188346624374,0.3075813055038452,84.89999999999999,,79.80000000000001,,67.10000000000001,,41.9,,68.10000000000001,,64.1,
L28_N3673,28,3673,random,,1.9233025312423706,0.00019498069013934582,0.0016800921875983477,0.010852793231606483,0.06227214261889458,0.3033941090106964,57.099999999999994,,67.80000000000001,,62.4,,9.3,,27.1,,74.4,
L31_N1124,31,1124,random,,2.2566781044006348,0.00019514984160196036,0.0034186199773103,0.00965829286724329,0.04454736411571503,0.2619560956954956,98.9,,68.89999999999999,,4.0,,60.199999999999996,,15.5,,10.2,
L31_N659,31,659,random,,2.7932777404785156,0.00021491842926479876,0.001503914245404303,0.004682072903960943,0.02340477518737316,0.20181132853031158,99.8,,97.7,,0.0,,5.800000000000001,,0.0,,0.0,
L20_N4051,20,4051,random,,1.9062057733535767,0.00019876072474289685,0.006851430982351303,0.017969762906432152,0.07020610570907593,0.3264615833759308,52.300000000000004,,86.1,,80.0,,91.8,,83.8,,82.39999999999999,
L23_N13749,23,13749,random,,1.5880756378173828,0.0001926629920490086,0.00842298287898302,0.030602239072322845,0.09981914609670639,0.38718852400779724,9.1,,44.0,,88.5,,94.5,,92.5,,89.2,
L20_N10179,20,10179,random,,1.8172481060028076,0.0001914178137667477,0.0023613478988409042,0.016968784853816032,0.0695423111319542,0.3265947103500366,27.200000000000003,,31.5,,80.2,,25.7,,81.0,,82.0,
L23_N3908,23,3908,random,,1.8243093490600586,0.0002001271495828405,0.0009884951869025826,0.008939082734286785,0.04120420292019844,0.26556020975112915,30.5,,88.9,,5.7,,0.6,,8.200000000000001,,4.7,
L23_N7758,23,7758,random,,1.8596810102462769,0.00020558098913170397,0.002791484585031867,0.013566688634455204,0.054286349564790726,0.29572799801826477,47.099999999999994,,94.1,,49.1,,40.300000000000004,,59.199999999999996,,50.6,
L31_N1874,31,1874,random,,1.8714741468429565,0.0001840468030422926,0.00398302124813199,0.016700197011232376,0.07718740403652191,0.35192397236824036,48.9,,11.3,,84.89999999999999,,71.7,,80.2,,85.3,
L30_N3571,30,3571,random,,1.951324701309204,0.00019164654077030718,0.0035371712874621153,0.013721582479774952,0.05029289051890373,0.29399314522743225,66.60000000000001,,33.4,,45.7,,62.6,,60.6,,32.9,
L29_N11460,29,11460,random,,1.4951430559158325,0.00019192634499631822,0.002963036997243762,0.02051086537539959,0.08954883366823196,0.38749992847442627,6.0,,36.5,,88.6,,46.7,,87.7,,87.9,
L28_N12564,28,12564,random,,1.920323371887207,0.00019546264957170933,0.0029548280872404575,0.010574081912636757,0.06288662552833557,0.301640123128891,55.400000000000006,,71.5,,60.6,,46.1,,23.9,,75.5,
L28_N2749,28,2749,random,,1.9647263288497925,0.00019312162476126105,0.004114712122827768,0.017661698162555695,0.06911610066890717,0.3322598338127136,70.19999999999999,,48.699999999999996,,82.19999999999999,,74.2,,83.1,,81.6,
L30_N9949,30,9949,random,,1.995824933052063,0.00018754274060484022,0.004723976831883192,0.020038124173879623,0.05543932318687439,0.29249945282936096,77.60000000000001,,15.2,,43.5,,82.1,,86.9,,54.900000000000006,
L31_N11769,31,11769,random,,1.3491647243499756,0.00018188671674579382,0.014369044452905655,0.16520220041275024,0.3309377133846283,0.6229318976402283,3.2,,9.9,,97.39999999999999,,96.7,,98.7,,97.89999999999999,
L20_N12743,20,12743,random,,1.6459654569625854,0.00018723246466834098,0.008272548206150532,0.020970894023776054,0.08539841324090958,0.373293399810791,10.299999999999999,,14.7,,87.3,,94.19999999999999,,88.3,,87.0,
L23_N5096,23,5096,random,,1.8332958221435547,0.00019043980864807963,0.0014806065009906888,0.012636814266443253,0.04799141362309456,0.275519460439682,35.5,,24.5,,12.7,,4.9,,48.699999999999996,,23.1,
L20_N9481,20,9481,random,,1.82413911819458,0.0001964252587640658,0.00345650315284729,0.011192475445568562,0.05649406462907791,0.29808443784713745,30.099999999999998,,77.3,,54.400000000000006,,60.8,,30.9,,58.3,
L20_N5111,20,5111,random,,1.7739908695220947,0.00019966978288721293,0.006519761867821217,0.018465984612703323,0.07224796712398529,0.32421377301216125,18.2,,88.1,,79.2,,91.0,,84.8,,83.89999999999999,
L30_N11097,30,11097,random,,1.9946951866149902,0.00019100923964288086,0.003311869455501437,0.011215746402740479,0.05231224745512009,0.30904048681259155,77.4,,28.299999999999997,,68.30000000000001,,56.8,,31.3,,42.5,
L29_N6498,29,6498,random,,2.0223991870880127,0.00019444391364231706,0.003672635415568948,0.01098634209483862,0.042259979993104935,0.2603965401649475,82.19999999999999,,62.6,,3.6999999999999997,,65.4,,28.599999999999998,,6.3,
L31_N3249,31,3249,random,,2.083280086517334,0.0002039031096501276,0.0028348376508802176,0.00839579850435257,0.03920477628707886,0.2763683795928955,89.8,,92.5,,13.900000000000002,,42.199999999999996,,5.0,,3.3000000000000003,
L20_N9700,20,9700,random,,1.8425148725509644,0.0001944106916198507,0.00274802022613585,0.0134493513032794,0.06287885457277298,0.3120572865009308,41.199999999999996,,62.2,,71.89999999999999,,39.4,,57.9,,75.4,
L31_N13608,31,13608,random,,1.182945728302002,0.00015689311840105802,0.005380680784583092,0.02303941547870636,0.1004193127155304,0.44087815284729004,0.8,,2.1999999999999997,,91.8,,87.7,,89.5,,89.5,
L31_N3978,31,3978,random,,2.1956143379211426,0.00019019855244550854,0.004263859707862139,0.015545017085969448,0.05488355830311775,0.30258551239967346,95.8,,23.7,,61.9,,76.6,,74.9,,53.1,
L20_N11422,20,11422,random,,1.8055927753448486,0.00019314524251967669,0.003178782993927598,0.011776145547628403,0.05528596043586731,0.2988673150539398,23.7,,49.2,,55.7,,53.5,,38.3,,54.0,
L28_N13931,28,13931,random,,1.9432618618011475,0.00019621284445747733,0.0027350636664777994,0.01442882139235735,0.07011060416698456,0.3211964964866638,64.5,,76.1,,77.7,,39.1,,67.10000000000001,,82.19999999999999,
L31_N9837,31,9837,random,,1.707781195640564,0.0001534289331175387,0.0074768527410924435,0.04598555341362953,0.26953086256980896,0.5878549814224243,14.099999999999998,,1.7999999999999998,,96.89999999999999,,92.80000000000001,,95.3,,97.1,
L20_N13045,20,13045,random,,1.826097011566162,0.0001932485174620524,0.0034309509210288525,0.013270825147628784,0.04765230417251587,0.2857934236526489,31.3,,50.5,,30.8,,60.3,,55.800000000000004,,22.0,
L30_N12822,30,12822,random,,2.0745296478271484,0.00019272144709248096,0.002359848702326417,0.010516182519495487,0.050067417323589325,0.29661378264427185,89.3,,44.6,,51.6,,25.6,,23.0,,32.6,
L20_N5688,20,5688,random,,1.8333919048309326,0.0002017881051870063,0.001930421800352633,0.008527465164661407,0.044914934784173965,0.2770730257034302,35.6,,90.9,,14.799999999999999,,13.900000000000002,,6.0,,11.4,
L30_N7018,30,7018,random,,2.018047571182251,0.00019114912720397115,0.0013195120263844728,0.013441327027976513,0.05380363389849663,0.29146406054496765,81.39999999999999,,29.099999999999998,,41.199999999999996,,2.1999999999999997,,57.699999999999996,,47.8,
L31_N6071,31,6071,random,,2.239574432373047,0.0001972412719624117,0.0017636617412790656,0.008068767376244068,0.05056328698992729,0.28633469343185425,98.2,,80.80000000000001,,32.1,,11.3,,3.1,,34.300000000000004,
L20_N8289,20,8289,random,,1.5162500143051147,0.0001940088113769889,0.0025771381333470345,0.014391763135790825,0.05937577784061432,0.3209686875343323,6.5,,58.8,,77.4,,33.7,,66.7,,67.2,
L31_N5590,31,5590,random,,2.092149496078491,0.00018989491218235344,0.003689947072416544,0.010559453628957272,0.054555293172597885,0.27652546763420105,90.4,,22.1,,14.000000000000002,,66.0,,23.7,,51.9,
L20_N13919,20,13919,random,,1.835456371307373,0.00019195264030713588,0.0016583157703280449,0.01143211405724287,0.047546740621328354,0.27955546975135803,37.3,,36.9,,18.6,,8.9,,34.300000000000004,,21.2,
L29_N13473,29,13473,random,,2.0036773681640625,0.0001960184599738568,0.0032983715645968914,0.009445578791201115,0.05161627382040024,0.2904704809188843,79.2,,75.0,,39.900000000000006,,56.599999999999994,,12.6,,39.800000000000004,
L29_N1729,29,1729,random,,1.823090672492981,0.00016648804012220353,0.01589532196521759,0.05173627287149429,0.16925418376922607,0.4769362211227417,29.7,,4.0,,93.0,,97.0,,96.0,,93.89999999999999,
L29_N5934,29,5934,random,,2.0351929664611816,0.00019343546591699123,0.004054115619510412,0.01161373034119606,0.04457276687026024,0.28015610575675964,84.3,,52.2,,19.5,,72.8,,36.3,,10.299999999999999,
L31_N13577,31,13577,random,,2.209646463394165,0.00019380098092369735,0.0020390658173710108,0.010712127201259136,0.04673340171575546,0.27725809812545776,96.5,,56.00000000000001,,15.299999999999999,,16.400000000000002,,25.8,,17.9,
L29_N11588,29,11588,random,,2.0060863494873047,0.00019477662863209844,0.0029925380367785692,0.01039964146912098,0.0485554039478302,0.2860768735408783,79.7,,66.2,,31.3,,47.9,,21.9,,25.0,
L23_N7135,23,7135,random,,1.80717134475708,0.00018895739049185067,0.005269529763609171,0.014636502601206303,0.04035814478993416,0.2563430368900299,24.0,,18.6,,3.1,,87.0,,68.7,,3.9,
L23_N12022,23,12022,random,,1.9865983724594116,0.00019149124273099005,0.002309097209945321,0.017025984823703766,0.06110423058271408,0.30189692974090576,75.6,,31.7,,60.9,,23.5,,81.10000000000001,,71.8,
L30_N10657,30,10657,random,,1.9436025619506836,0.0001779174926923588,0.002354020019993186,0.010376266203820705,0.05347130447626114,0.3607550859451294,64.9,,7.7,,86.1,,25.3,,21.5,,46.7,
L28_N10091,28,10091,random,,1.9009437561035156,0.00019170022278558463,0.0032873880118131638,0.01218247041106224,0.05730699002742767,0.3128108084201813,51.5,,34.0,,72.5,,56.2,,43.5,,60.6,
L30_N12691,30,12691,random,,1.5307105779647827,0.000159384188009426,0.030244382098317146,0.08662174642086029,0.2178765833377838,0.5580387711524963,7.000000000000001,,2.7,,96.1,,98.9,,97.3,,95.39999999999999,
L29_N7616,29,7616,random,,1.6490164995193481,0.0001812313130358234,0.004614547360688448,0.020152565091848373,0.09215334057807922,0.38332778215408325,10.5,,9.6,,88.3,,81.10000000000001,,87.2,,88.2,
L29_N13528,29,13528,random,,1.9797637462615967,0.00019716679526027292,0.002930134767666459,0.013807814568281174,0.053517576307058334,0.2832714915275574,74.5,,80.4,,25.3,,45.300000000000004,,61.5,,46.9,
L31_N9707,31,9707,random,,1.6926261186599731,0.00019551583682186902,0.0029584961012005806,0.011218320578336716,0.045023128390312195,0.2727341651916504,12.8,,71.89999999999999,,9.5,,46.5,,31.4,,11.799999999999999,
L28_N5280,28,5280,random,,1.9328709840774536,0.00019398986478336155,0.003230490256100893,0.01308514829725027,0.058797162026166916,0.3095894455909729,60.099999999999994,,58.599999999999994,,68.7,,54.50000000000001,,53.900000000000006,,65.8,
L23_N13610,23,13610,random,,1.8442026376724243,0.00019692833302542567,0.0032530510798096657,0.013442725874483585,0.057187583297491074,0.2988811731338501,41.9,,79.4,,55.800000000000004,,55.00000000000001,,57.8,,59.9,
L20_N4569,20,4569,random,,1.8184905052185059,0.00018998129235114902,0.004211887251585722,0.015223159454762936,0.06765291839838028,0.31947773694992065,28.000000000000004,,22.6,,76.5,,76.0,,72.6,,80.4,
L29_N3995,29,3995,random,,1.9512990713119507,0.00019088693079538643,0.00435481034219265,0.014387208968400955,0.05652662739157677,0.3046259880065918,66.5,,27.1,,64.2,,78.2,,66.4,,58.4,
L29_N9336,29,9336,random,,2.0030813217163086,0.0001948127755895257,0.002445510122925043,0.011087659746408463,0.049034085124731064,0.2884604036808014,78.9,,66.4,,36.0,,29.299999999999997,,29.599999999999998,,28.1,
L30_N10947,30,10947,random,,2.021681070327759,0.00019764241005759686,0.003316858084872365,0.01069981511682272,0.04643550142645836,0.28075313568115234,82.0,,82.6,,20.4,,56.89999999999999,,25.5,,16.5,
L29_N5511,29,5511,random,,1.9449474811553955,0.00019339643768034875,0.00215754727832973,0.009417583234608173,0.049593064934015274,0.2869614064693451,65.5,,51.800000000000004,,33.2,,19.6,,12.1,,30.599999999999998,
L20_N8098,20,8098,random,,1.8155817985534668,0.00019286347378510982,0.0009216477046720684,0.011751771904528141,0.05935687571763992,0.3133785128593445,26.6,,46.0,,73.0,,0.3,,37.9,,67.10000000000001,
L28_N2979,28,2979,random,,1.9100512266159058,0.00019339026766829193,0.0017944141291081905,0.01414119265973568,0.06627067178487778,0.32250094413757324,53.0,,51.7,,78.5,,11.799999999999999,,64.60000000000001,,78.9,
L29_N3475,29,3475,random,,1.876326560974121,0.00027606889489106834,0.009612456895411015,0.02686099335551262,0.09289001673460007,0.3722783923149109,49.6,,99.5,,87.2,,95.39999999999999,,91.2,,88.4,
L28_N13071,28,13071,random,,1.920607089996338,0.00019315654935780913,0.004194228444248438,0.01636570878326893,0.06753278523683548,0.3114728331565857,55.60000000000001,,49.3,,71.39999999999999,,75.8,,79.2,,80.30000000000001,
L28_N5576,28,5576,random,,1.8951051235198975,0.0001926969416672364,0.002969601424410939,0.012189607135951519,0.053421106189489365,0.30447521805763245,51.0,,44.3,,63.7,,47.099999999999994,,43.6,,46.5,
L28_N9767,28,9767,random,,1.8821712732315063,0.00018491552327759564,0.002599080093204975,0.01087324321269989,0.06304220855236053,0.33121421933174133,50.2,,11.899999999999999,,81.8,,34.5,,27.3,,75.7,
L31_N4526,31,4526,random,,1.4379826784133911,0.00017446985293645412,0.024494310840964317,0.10246799886226654,0.2237788736820221,0.5291737914085388,5.0,,6.5,,95.39999999999999,,98.4,,97.8,,96.0,
L30_N166,30,166,random,,1.628506064414978,0.00016206211876124144,0.007507544010877609,0.048440203070640564,0.23662710189819336,0.5722861289978027,10.100000000000001,,3.1,,96.6,,92.9,,95.39999999999999,,96.2,
L30_N3130,30,3130,random,,2.0370090007781982,0.00018336264474783093,0.004083313047885895,0.12509287893772125,0.17989715933799744,0.46843472123146057,84.7,,11.0,,92.60000000000001,,73.5,,98.2,,94.3,
L20_N3954,20,3954,random,,1.7120625972747803,0.0001935865730047226,0.0037227729335427284,0.011748900637030602,0.047280941158533096,0.2846704125404358,14.299999999999999,,53.5,,28.799999999999997,,66.8,,37.7,,20.1,
L31_N6658,31,6658,random,,2.246600389480591,0.0001936176558956504,0.0020628354977816343,0.01222123485058546,0.047941386699676514,0.2769865095615387,98.4,,53.900000000000006,,14.6,,17.1,,43.9,,23.0,
L29_N9096,29,9096,random,,1.8013203144073486,0.00019475100270938128,0.0030347288120537996,0.011437924578785896,0.047147683799266815,0.28400546312332153,22.900000000000002,,65.9,,27.0,,49.5,,34.5,,19.6,
L23_N11314,23,11314,random,,1.8313028812408447,0.00019658234668895602,0.0019765938632190228,0.011679388582706451,0.04760255292057991,0.27392736077308655,34.1,,78.0,,10.5,,15.0,,36.9,,21.6,
L29_N10582,29,10582,random,,1.9576187133789062,0.00019393968977965415,0.0022079464979469776,0.010440098121762276,0.03937186300754547,0.2628031075000763,68.4,,58.099999999999994,,4.2,,21.0,,22.3,,3.5000000000000004,
L31_N8041,31,8041,random,,2.174086570739746,0.00019752857042476535,0.003684981958940625,0.011433226056396961,0.0404294915497303,0.26530566811561584,94.3,,82.0,,5.5,,65.9,,34.4,,4.0,
L29_N12991,29,12991,random,,2.002382516860962,0.0001983203983400017,0.0021699140779674053,0.008635761216282845,0.03888821229338646,0.2627750337123871,78.8,,84.89999999999999,,4.1000000000000005,,20.1,,6.5,,3.2,
L20_N1524,20,1524,random,,1.7581450939178467,0.00018932571401819587,0.0023259336594492197,0.012526458129286766,0.06785086542367935,0.336859792470932,16.8,,19.7,,82.89999999999999,,24.0,,47.3,,80.7,
L28_N3630,28,3630,random,,1.9175317287445068,0.00019294478988740593,0.0017913775518536568,0.01270252838730812,0.051460638642311096,0.2837342619895935,54.800000000000004,,46.800000000000004,,25.8,,11.700000000000001,,49.3,,39.2,
L29_N11334,29,11334,random,,1.698479175567627,0.0001946248230524361,0.002955928910523653,0.011693213135004044,0.0446123406291008,0.2802731692790985,13.200000000000001,,64.5,,19.8,,46.300000000000004,,37.0,,10.4,
L23_N5016,23,5016,random,,1.8129669427871704,0.00019412294204812497,0.004993804730474949,0.011718641966581345,0.04836457222700119,0.2878050208091736,25.6,,59.9,,34.699999999999996,,84.8,,37.3,,24.3,
L31_N9528,31,9528,random,,1.531030297279358,0.00019318707927595824,0.016948942095041275,0.11140415817499161,0.2273464798927307,0.5263673663139343,7.1,,49.9,,95.19999999999999,,97.2,,98.1,,96.1,
L28_N7753,28,7753,random,,1.867219090461731,0.00017592507356312126,0.004174752160906792,0.025406720116734505,0.10047490149736404,0.42579108476638794,48.5,,7.000000000000001,,91.0,,75.2,,90.7,,89.60000000000001,
L30_N8698,30,8698,random,,1.3482292890548706,0.00019888154929503798,0.0018403150606900454,0.007965927012264729,0.030326109379529953,0.21190111339092255,3.1,,86.3,,0.4,,12.6,,2.7,,0.8999999999999999,
L28_N6971,28,6971,random,,1.9424105882644653,0.00019164790865033865,0.002705877646803856,0.009259016253054142,0.04691415652632713,0.2844287157058716,64.3,,33.5,,28.1,,37.9,,10.2,,18.7,
L31_N9017,31,9017,random,,2.1523730754852295,0.000192515246453695,0.0033254108857363462,0.011375859379768372,0.04871348291635513,0.28712397813796997,93.2,,42.3,,33.4,,57.099999999999994,,33.4,,26.5,
L28_N5764,28,5764,random,,1.936370849609375,0.00020300572214182466,0.0024025922175496817,0.009798658080399036,0.05247093364596367,0.2944779098033905,61.9,,92.10000000000001,,46.6,,27.400000000000002,,16.5,,43.1,
L31_N7434,31,7434,random,,1.5211412906646729,0.00017010577721521258,0.0013363383477553725,0.008458445779979229,0.04320664331316948,0.31636685132980347,6.7,,4.9,,75.3,,2.5,,5.4,,7.8,
L28_N5023,28,5023,random,,1.938269019126892,0.00019289478950668126,0.0014884318225085735,0.013697168789803982,0.06892336159944534,0.311335027217865,62.3,,46.2,,71.3,,5.4,,60.4,,81.39999999999999,
L28_N3777,28,3777,random,,1.879168152809143,0.00018422531138639897,0.021539822220802307,0.07778549194335938,0.22269582748413086,0.541626513004303,49.8,,11.4,,95.89999999999999,,98.0,,96.89999999999999,,95.7,
L20_N11817,20,11817,random,,1.8272206783294678,0.00019336539844516665,0.0028401161544024944,0.010330436751246452,0.057073116302490234,0.2843256890773773,32.2,,51.5,,27.6,,42.5,,21.2,,59.699999999999996,
L23_N5169,23,5169,random,,1.843801498413086,0.00019355147378519177,0.0027177997399121523,0.011328868567943573,0.05151699110865593,0.29564058780670166,41.699999999999996,,53.0,,48.9,,38.4,,32.6,,39.5,
L20_N12171,20,12171,random,,1.8117973804473877,0.000192299485206604,0.0039711990393698215,0.012815184891223907,0.049866463989019394,0.2941805124282837,25.1,,40.300000000000004,,46.0,,71.3,,50.2,,31.8,
L30_N12487,30,12487,random,,2.059375047683716,0.00019520538626238704,0.004273406695574522,0.01307111606001854,0.04609502851963043,0.26808974146842957,88.0,,69.3,,6.800000000000001,,76.8,,53.6,,15.9,
L31_N3033,31,3033,random,,2.249194860458374,0.00021705620747525245,0.002223207848146558,0.008104117587208748,0.03209492191672325,0.2288370132446289,98.5,,97.89999999999999,,0.8,,21.4,,3.5000000000000004,,1.3,
L23_N3545,23,3545,random,,1.8380604982376099,0.00019061398052144796,0.004023333080112934,0.016641758382320404,0.06317786127328873,0.31066638231277466,39.0,,25.8,,70.1,,72.3,,79.60000000000001,,76.0,
L31_N7933,31,7933,random,,2.144435405731201,0.0001910312130348757,0.002845546929165721,0.012583251111209393,0.04867321997880936,0.2910277843475342,92.80000000000001,,28.4,,40.699999999999996,,42.699999999999996,,47.8,,25.900000000000002,
L28_N11871,28,11871,random,,1.9361828565597534,0.00018562715558800846,0.005275562405586243,0.02410181052982807,0.09351452440023422,0.38499146699905396,61.7,,13.0,,88.4,,87.1,,90.10000000000001,,88.5,
L30_N12455,30,12455,random,,1.9980608224868774,0.00019156135385856032,0.004972005262970924,0.014706743881106377,0.05666004493832588,0.29657983779907227,78.2,,32.6,,51.5,,84.6,,69.19999999999999,,59.0,
L30_N9777,30,9777,random,,1.9478789567947388,0.00018273975001648068,0.0053982301615178585,0.01834869012236595,0.07645616680383682,0.3675800561904907,66.10000000000001,,10.6,,87.0,,87.8,,84.5,,84.89999999999999,
L28_N1647,28,1647,random,,1.938601016998291,0.00019678058743011206,0.0032804792281240225,0.009931192733347416,0.05681655928492546,0.2935274839401245,62.4,,78.9,,44.800000000000004,,55.800000000000004,,17.599999999999998,,59.199999999999996,
L23_N4853,23,4853,random,,1.8292741775512695,0.00019827877986244857,0.0029019834473729134,0.011920514516532421,0.05605972930788994,0.28682443499565125,33.1,,84.7,,32.800000000000004,,44.3,,40.300000000000004,,57.4,
L23_N5912,23,5912,random,,1.855973482131958,0.00018853430810850114,0.002196949440985918,0.015801003202795982,0.06047846004366875,0.31385552883148193,46.1,,17.1,,73.4,,20.599999999999998,,76.5,,70.19999999999999,
L23_N4952,23,4952,random,,1.846541166305542,0.0001915944740176201,0.0046371337957680225,0.012170335277915001,0.04819071292877197,0.2810840606689453,42.9,,32.800000000000004,,21.4,,81.39999999999999,,43.3,,23.5,
L20_N11600,20,11600,random,,1.8747258186340332,0.00019217059889342636,0.006389443762600422,0.020552147179841995,0.08291374146938324,0.3459243178367615,49.2,,39.300000000000004,,83.89999999999999,,90.7,,87.8,,86.6,
L30_N2073,30,2073,random,,1.87748384475708,0.00016593361215200275,0.009203212335705757,0.03307019919157028,0.15668146312236786,0.49225369095802307,49.7,,3.8,,93.89999999999999,,95.0,,93.2,,93.4,
L28_N745,28,745,random,,1.9479631185531616,0.00019199862435925752,0.004458233248442411,0.011533772572875023,0.07596912235021591,0.31962287425994873,66.2,,37.5,,76.7,,79.4,,35.6,,84.7,
L20_N9066,20,9066,random,,1.833268404006958,0.0001917906483868137,0.0036509858909994364,0.016069959849119186,0.057476624846458435,0.30162444710731506,35.4,,35.099999999999994,,60.5,,64.9,,78.10000000000001,,61.3,
L28_N11426,28,11426,random,,1.910011649131775,0.00019429851090535522,0.0033925229217857122,0.011881493031978607,0.05053793266415596,0.27542856335639954,52.900000000000006,,61.1,,12.4,,59.4,,39.6,,34.2,
L23_N10450,23,10450,random,,1.8241493701934814,0.0001923766394611448,0.002798934932798147,0.01188718993216753,0.05185621604323387,0.29599350690841675,30.2,,41.0,,49.6,,40.699999999999996,,39.900000000000006,,40.400000000000006,
L29_N1680,29,1680,random,,1.9725791215896606,0.00019456024165265262,0.0031738963443785906,0.012425716035068035,0.05279920995235443,0.28624358773231506,72.0,,64.0,,31.900000000000002,,53.400000000000006,,46.2,,43.9,
L20_N9405,20,9405,random,,1.8309277296066284,0.00019295526726637036,0.0028441641479730606,0.011792590841650963,0.05893795192241669,0.3112058937549591,33.800000000000004,,47.3,,70.89999999999999,,42.6,,38.4,,66.4,
L28_N7690,28,7690,random,,1.9077434539794922,0.00019265715673100203,0.004067926201969385,0.014808084815740585,0.05950845032930374,0.30352336168289185,52.7,,43.9,,62.6,,73.2,,69.69999999999999,,67.7,
L29_N7216,29,7216,random,,1.8372472524642944,0.00017823028611019254,0.003678695298731327,0.017280733212828636,0.14249590039253235,0.4413667619228363,38.9,,7.9,,92.0,,65.8,,82.0,,92.9,
L28_N3020,28,3020,random,,1.9343751668930054,0.0001923850504681468,0.0015361326513811946,0.009416081011295319,0.05393042042851448,0.29337817430496216,60.9,,41.099999999999994,,44.7,,6.4,,11.899999999999999,,48.6,
L20_N4136,20,4136,random,,1.7840837240219116,0.00018990757234860212,0.002179174218326807,0.011887824162840843,0.06270134449005127,0.3284417986869812,20.1,,22.3,,80.60000000000001,,20.4,,40.0,,75.3,
L29_N1869,29,1869,random,,1.981184482574463,0.00019432505359873176,0.0030000009573996067,0.014955644495785236,0.049026839435100555,0.27381566166877747,74.8,,61.4,,10.4,,48.3,,70.8,,28.000000000000004,
L20_N6565,20,6565,random,,1.8019438982009888,0.00018987571820616722,0.004633333068341017,0.014263368211686611,0.06531621515750885,0.31118324398994446,23.1,,21.9,,70.8,,81.3,,65.5,,77.9,
L29_N1213,29,1213,random,,1.9899098873138428,0.00019381075981073081,0.003770682495087385,0.01102385949343443,0.05283629894256592,0.27927714586257935,76.2,,56.49999999999999,,18.4,,67.9,,29.099999999999998,,44.5,
L31_N878,31,878,random,,2.2170982360839844,0.00019127351697534323,0.002150473650544882,0.009042187593877316,0.045278143137693405,0.27251043915748596,97.1,,30.2,,9.2,,19.2,,8.9,,13.4,
L23_N2444,23,2444,random,,1.7694594860076904,0.0002197742142016068,0.0036434782668948174,0.017498621717095375,0.07353538274765015,0.3315676748752594,17.599999999999998,,98.5,,82.1,,64.8,,82.8,,84.39999999999999,
L30_N4978,30,4978,random,,2.008323907852173,0.0001929469290189445,0.004640382248908281,0.015146522782742977,0.05565904453396797,0.2854255735874176,79.9,,46.9,,30.0,,81.5,,72.0,,55.50000000000001,
L20_N4066,20,4066,random,,1.8303953409194946,0.0002045865694526583,0.003491397947072983,0.013903362676501274,0.04775469750165939,0.2731238603591919,33.5,,93.10000000000001,,9.9,,61.4,,62.5,,22.6,
L20_N9143,20,9143,random,,1.7996530532836914,0.00019352028903085738,0.003536138916388154,0.013807791285216808,0.06225079670548439,0.3194322884082794,22.400000000000002,,52.7,,76.4,,62.4,,61.4,,74.3,
L29_N9933,29,9933,random,,2.0017685890197754,0.00019397551659494638,0.002791020320728421,0.01279163546860218,0.0510135255753994,0.2823089063167572,78.7,,58.4,,23.599999999999998,,40.2,,50.0,,36.3,
L30_N12955,30,12955,random,,1.8323173522949219,0.00019135448383167386,0.0023487184662371874,0.010413333773612976,0.062063705176115036,0.31220564246177673,34.699999999999996,,30.9,,72.0,,24.9,,22.0,,73.9,
L30_N3697,30,3697,random,,2.0610995292663574,0.00019214629719499499,0.0008260637405328453,0.008035216480493546,0.038280513137578964,0.2679733335971832,88.4,,39.1,,6.7,,0.2,,3.0,,3.0,
L29_N7253,29,7253,random,,1.952834129333496,0.00018928622012026608,0.0016585690900683403,0.011361036449670792,0.05604774132370949,0.3019956350326538,66.9,,19.400000000000002,,61.0,,9.0,,33.2,,57.099999999999994,
L28_N14092,28,14092,random,,1.9294787645339966,0.00019482271454762667,0.0037343529984354973,0.009820133447647095,0.05614135414361954,0.2943532168865204,58.8,,66.5,,46.5,,67.30000000000001,,16.900000000000002,,57.699999999999996,
L30_N7025,30,7025,random,,2.0442917346954346,0.0001962354581337422,0.002380304504185915,0.012930340133607388,0.041432276368141174,0.26984015107154846,85.9,,76.3,,7.3999999999999995,,26.5,,51.5,,5.3,
L28_N9316,28,9316,random,,1.9339665174484253,0.00019874585268553346,0.0014895120402798057,0.009400537237524986,0.04862281680107117,0.28325945138931274,60.5,,85.9,,25.2,,5.6000000000000005,,11.600000000000001,,25.7,
L30_N986,30,986,random,,1.7859671115875244,0.0001830214459914714,0.004887781105935574,0.020944468677043915,0.09615602344274521,0.3832775354385376,20.599999999999998,,10.7,,88.2,,83.6,,88.2,,88.8,
L30_N12125,30,12125,random,,1.8357549905776978,0.00013081599900033325,0.007554200943559408,0.32022956013679504,0.4626926779747009,0.7296274900436401,37.6,,0.5,,98.8,,93.0,,99.6,,99.1,
L20_N12496,20,12496,random,,1.697515606880188,0.00020415257313288748,0.0034099481999874115,0.011211145669221878,0.05126781761646271,0.28115448355674744,13.100000000000001,,92.80000000000001,,21.6,,60.0,,31.2,,38.2,
L23_N10248,23,10248,random,,1.8435006141662598,0.0001944849791470915,0.0021321186795830727,0.010998380370438099,0.05514092370867729,0.30137893557548523,41.6,,63.0,,60.199999999999996,,18.9,,28.7,,53.900000000000006,
L23_N4335,23,4335,random,,1.7618134021759033,0.00018657608598005027,0.0022593054454773664,0.02741890214383602,0.07985293865203857,0.35354816913604736,17.2,,13.8,,85.1,,22.3,,91.4,,85.9,
L31_N1330,31,1330,random,,1.5002821683883667,0.00019274913938716054,0.0012345182476565242,0.007849297486245632,0.03344443812966347,0.24471579492092133,6.2,,45.1,,1.9,,1.5,,2.5,,1.6,
L23_N3929,23,3929,random,,1.8270299434661865,0.00019642559345811605,0.002047422109171748,0.009363241493701935,0.04549511522054672,0.29152145981788635,32.0,,77.4,,41.3,,16.8,,10.9,,14.299999999999999,
L23_N9043,23,9043,random,,1.8197133541107178,0.000191141152754426,0.0030928957276046276,0.010489941574633121,0.052361030131578445,0.2779921293258667,28.9,,28.9,,16.0,,51.300000000000004,,22.7,,42.6,
L20_N2564,20,2564,random,,1.8121472597122192,0.00018946021737065166,0.004109214525669813,0.015597956255078316,0.06720278412103653,0.31380409002304077,25.2,,20.200000000000003,,73.3,,74.0,,75.4,,80.0,
L20_N6693,20,6693,random,,1.8190385103225708,0.00019287112809251994,0.001219657133333385,0.013170347549021244,0.05644363537430763,0.3040624260902405,28.599999999999998,,46.1,,62.8,,1.3,,55.00000000000001,,58.099999999999994,
L29_N11294,29,11294,random,,1.958372950553894,0.00019297364633530378,0.003311614505946636,0.010973917320370674,0.04191243648529053,0.2585470378398895,68.5,,47.599999999999994,,3.4000000000000004,,56.699999999999996,,28.299999999999997,,5.7,
L30_N7699,30,7699,random,,1.6250537633895874,0.00020483718253672123,0.005528575275093317,0.04017775505781174,0.11376100778579712,0.41587120294570923,10.0,,93.30000000000001,,90.5,,88.3,,94.39999999999999,,91.10000000000001,
L28_N534,28,534,random,,1.9350253343582153,0.000196994878933765,0.003855780465528369,0.009947721846401691,0.054054733365774155,0.29684242606163025,61.0,,79.7,,52.1,,69.3,,17.7,,49.2,
L23_N4720,23,4720,random,,1.8354219198226929,0.00018941219605039805,0.003932517487555742,0.014131726697087288,0.05585238337516785,0.3000822067260742,37.2,,20.0,,58.199999999999996,,70.7,,64.4,,56.39999999999999,
L31_N4632,31,4632,random,,1.682519555091858,0.0002123896119883284,0.03284062072634697,0.10044870525598526,0.2158658802509308,0.5226098895072937,12.3,,97.3,,95.0,,99.0,,97.7,,95.3,
L31_N14083,31,14083,random,,2.2502307891845703,0.00019590782176237553,0.0012919154250994325,0.008770039305090904,0.04749291390180588,0.2783215343952179,98.6,,74.3,,16.400000000000002,,1.9,,7.3,,20.9,
L29_N1166,29,1166,random,,1.9818365573883057,0.00019785370386671275,0.002849576761946082,0.012224950827658176,0.04518187791109085,0.27218860387802124,75.0,,83.2,,9.0,,42.9,,44.0,,12.6,
L31_N3824,31,3824,random,,1.9633493423461914,0.0001984753762371838,0.0008137698750942945,0.009004282765090466,0.0451960414648056,0.27698007225990295,69.5,,85.3,,14.499999999999998,,0.1,,8.6,,12.7,
L28_N12907,28,12907,random,,1.8360402584075928,0.00018245416868012398,0.0017603343585506082,0.008522670716047287,0.045991793274879456,0.29945844411849976,38.0,,10.299999999999999,,56.699999999999996,,11.0,,5.800000000000001,,15.6,
L31_N9663,31,9663,random,,1.5499365329742432,0.00016747247718740255,0.021286431699991226,0.22317062318325043,0.43619653582572937,0.7054170370101929,7.5,,4.3,,98.7,,97.89999999999999,,99.2,,98.8,
L31_N13171,31,13171,random,,2.139005661010742,0.00019053254800383002,0.0025485919322818518,0.013661189936101437,0.05679525434970856,0.292896032333374,92.5,,24.9,,44.2,,33.1,,60.3,,59.099999999999994,
L23_N6965,23,6965,random,,1.6708769798278809,0.00019820766465272754,0.0039057389367371798,0.009629655629396439,0.053355567157268524,0.2926039695739746,11.600000000000001,,84.5,,43.8,,70.3,,15.0,,46.2,
L20_N8922,20,8922,random,,1.8267714977264404,0.00019095174502581358,0.003397781401872635,0.012081880122423172,0.056084733456373215,0.294952392578125,31.8,,27.700000000000003,,47.4,,59.599999999999994,,42.0,,57.599999999999994,
L23_N10610,23,10610,random,,1.8656190633773804,0.00018918447312898934,0.0032905281987041235,0.013194611296057701,0.06075383350253105,0.30342355370521545,48.0,,19.2,,62.5,,56.3,,55.2,,70.89999999999999,
L23_N4352,23,4352,random,,1.8158100843429565,0.00019164089462719858,0.0035352616105228662,0.012646752409636974,0.05189095810055733,0.2971160113811493,26.8,,33.300000000000004,,52.7,,62.3,,49.1,,40.6,
L23_N1169,23,1169,random,,1.8334592580795288,0.0001972583559108898,0.0015859336126595736,0.014418198727071285,0.05202803015708923,0.2898237705230713,35.699999999999996,,80.9,,38.5,,7.199999999999999,,66.9,,41.199999999999996,
L20_N2718,20,2718,random,,1.8383883237838745,0.0001864335499703884,0.0054838345386087894,0.014685743488371372,0.06459462642669678,0.32228928804397583,39.4,,13.600000000000001,,78.4,,88.2,,68.89999999999999,,77.0,
L28_N9749,28,9749,random,,1.9247442483901978,0.00019194980268366635,0.002954603871330619,0.011524952948093414,0.054023902863264084,0.30030590295791626,57.49999999999999,,36.8,,58.699999999999996,,45.9,,35.4,,48.9,
L31_N13504,31,13504,random,,2.1859428882598877,0.00019105756655335426,0.0009791527409106493,0.008360201492905617,0.04542155563831329,0.2839812636375427,95.19999999999999,,28.7,,26.900000000000002,,0.5,,4.9,,13.8,
L30_N4728,30,4728,random,,2.0304245948791504,0.00019542663358151913,0.0015543189365416765,0.012244674377143383,0.044825006276369095,0.267777681350708,83.7,,71.0,,6.6000000000000005,,6.7,,44.2,,11.1,
L29_N2037,29,2037,random,,1.9661222696304321,0.00019222639093641192,0.0036778096109628677,0.009602513164281845,0.04741957038640976,0.2817040979862213,70.5,,39.900000000000006,,23.0,,65.7,,14.6,,20.7,
L29_N11283,29,11283,random,,1.9620425701141357,0.00019200274255126715,0.0033771798480302095,0.013974224217236042,0.05879722908139229,0.30764374136924744,69.3,,37.7,,67.2,,59.0,,62.9,,65.9,
L28_N11464,28,11464,random,,1.719900131225586,0.00019623061234597117,0.006564917974174023,0.014616523869335651,0.06710124760866165,0.3367598354816437,14.6,,76.2,,82.8,,91.2,,68.4,,79.7,
L29_N4460,29,4460,random,,1.6985961198806763,0.00020531588234007359,0.0025064568035304546,0.011463404633104801,0.047721978276968,0.2784700393676758,13.3,,93.7,,16.7,,31.5,,34.599999999999994,,22.2,
L30_N8847,30,8847,random,,2.0357871055603027,0.00019281351706013083,0.003725246526300907,0.015617591328918934,0.045208632946014404,0.28174254298210144,84.39999999999999,,45.5,,23.1,,67.10000000000001,,75.6,,12.8,
L29_N7172,29,7172,random,,1.9379842281341553,0.00019601704843807966,0.004403194412589073,0.014756590127944946,0.053605616092681885,0.2836788594722748,62.2,,74.9,,25.7,,78.7,,69.5,,47.099999999999994,
L20_N9798,20,9798,random,,1.8291796445846558,0.00019393811817280948,0.0039756023325026035,0.013068510219454765,0.0506005734205246,0.29418694972991943,33.0,,57.8,,46.1,,71.5,,53.5,,34.5,
L20_N7078,20,7078,random,,1.8189836740493774,0.00019410614913795143,0.004071533679962158,0.011392472311854362,0.05393020808696747,0.27601563930511475,28.499999999999996,,59.8,,13.200000000000001,,73.3,,33.800000000000004,,48.5,
L31_N5280,31,5280,random,,2.126211404800415,0.00019361347949597985,0.002370849484577775,0.011390716768801212,0.049454912543296814,0.2952905595302582,92.10000000000001,,53.800000000000004,,48.1,,26.200000000000003,,33.7,,29.9,
L30_N4102,30,4102,random,,2.0287392139434814,0.00019758626876864582,0.0024175227154046297,0.013184105046093464,0.05608036369085312,0.3068901598453522,83.2,,82.39999999999999,,66.3,,28.000000000000004,,55.1,,57.49999999999999,
L20_N1496,20,1496,random,,1.8484050035476685,0.0001992388570215553,0.003373262006789446,0.012989574111998081,0.04901571571826935,0.28387346863746643,43.8,,87.4,,26.6,,58.9,,52.1,,27.900000000000002,
L23_N11047,23,11047,random,,1.831102967262268,0.0001904830860439688,0.005072268191725016,0.015704546123743057,0.06260302662849426,0.30715835094451904,34.0,,24.7,,66.7,,85.5,,76.0,,75.2,
L30_N9619,30,9619,random,,2.0132782459259033,0.0001919274654937908,0.0020236223936080933,0.01769019104540348,0.07714797556400299,0.3556117117404938,80.9,,36.6,,85.5,,15.8,,83.2,,85.2,
L20_N12529,20,12529,random,,1.8114036321640015,0.00020959138055332005,0.003197988262400031,0.011578678153455257,0.06024922803044319,0.3054237365722656,24.9,,96.39999999999999,,64.60000000000001,,53.900000000000006,,36.0,,69.69999999999999,
L31_N13458,31,13458,random,,2.1389026641845703,0.0001936925109475851,0.003920017275959253,0.01455585565418005,0.06247058883309364,0.307966023683548,92.4,,54.6,,67.60000000000001,,70.5,,67.80000000000001,,74.8,
L28_N9441,28,9441,random,,1.919223666191101,0.00019227451412007213,0.002698272466659546,0.010145974345505238,0.052162691950798035,0.29240354895591736,55.300000000000004,,40.1,,43.2,,37.5,,19.6,,42.1,
L20_N12502,20,12502,random,,1.7010711431503296,0.0001887883263407275,0.004871265962719917,0.020383702591061592,0.08269337564706802,0.34888285398483276,13.5,,18.099999999999998,,84.39999999999999,,83.39999999999999,,87.5,,86.4,
L23_N7708,23,7708,random,,1.5320346355438232,0.00018887325131800026,0.009901762939989567,0.0314970500767231,0.12682408094406128,0.4193207621574402,7.3,,18.5,,90.8,,95.5,,92.80000000000001,,92.60000000000001,
L30_N10674,30,10674,random,,2.0868468284606934,0.00019897095626220107,0.0020292801782488823,0.011175575666129589,0.04237743467092514,0.268981397151947,90.10000000000001,,86.6,,7.3,,16.0,,30.599999999999998,,6.7,
L29_N4557,29,4557,random,,1.995940089225769,0.00020371754362713546,0.005533231422305107,0.013059682212769985,0.05386677756905556,0.2899416387081146,77.8,,92.4,,39.1,,88.4,,53.300000000000004,,48.199999999999996,
L23_N9590,23,9590,random,,1.8486928939819336,0.00018823184655047953,0.002494173590093851,0.015609359368681908,0.054678481072187424,0.3066808581352234,44.2,,16.5,,66.10000000000001,,31.1,,75.5,,52.400000000000006,
L29_N10400,29,10400,random,,1.9177683591842651,0.00019163517572451383,0.004669809713959694,0.014616887085139751,0.07659348845481873,0.3378782570362091,54.900000000000006,,33.2,,83.1,,81.8,,68.5,,85.0,
L29_N1494,29,1494,random,,1.9977108240127563,0.00020550146291498095,0.003020242555066943,0.008879167959094048,0.041173458099365234,0.26741692423820496,78.10000000000001,,93.89999999999999,,6.4,,49.1,,7.8,,4.5,
L29_N5700,29,5700,random,,1.9750114679336548,0.00019244100258219987,0.0036035727243870497,0.010243370197713375,0.045874930918216705,0.2787458896636963,72.7,,41.4,,17.2,,64.0,,20.7,,15.1,
L29_N5460,29,5460,random,,1.9237836599349976,0.00017849287542048842,0.003256638068705797,0.013605443760752678,0.10034975409507751,0.40581217408180237,57.199999999999996,,8.200000000000001,,90.2,,55.2,,59.5,,89.3,
L28_N10979,28,10979,random,,1.9231725931167603,0.00019839762535411865,0.002423448720946908,0.011618021875619888,0.06019802391529083,0.30007344484329224,56.99999999999999,,85.1,,58.099999999999994,,28.4,,36.4,,69.6,
L20_N14053,20,14053,random,,1.7056564092636108,0.00021069796639494598,0.0029685255140066147,0.01457202062010765,0.06903646141290665,0.32323509454727173,14.000000000000002,,96.6,,78.8,,46.9,,68.0,,81.5,
L23_N5403,23,5403,random,,1.8593337535858154,0.00019226896984037012,0.0028854215051978827,0.012536305002868176,0.062081221491098404,0.3145447075366974,46.9,,40.0,,74.2,,43.9,,47.4,,74.0,
L29_N11365,29,11365,random,,1.9941681623458862,0.00019396509742364287,0.002413208829239011,0.011826411820948124,0.056054532527923584,0.30165135860443115,77.3,,58.3,,60.699999999999996,,27.900000000000002,,38.7,,57.3,
L29_N4722,29,4722,random,,1.8753387928009033,0.00016719709674362093,0.004753793124109507,0.17063166201114655,0.2459709495306015,0.5317462086677551,49.4,,4.2,,95.7,,82.5,,98.8,,96.5,
L31_N6561,31,6561,random,,1.9188835620880127,0.00018710627045948058,0.003138034138828516,0.02062847837805748,0.08121412247419357,0.34572869539260864,55.1,,14.399999999999999,,83.8,,52.300000000000004,,87.9,,86.2,
L30_N601,30,601,random,,2.0785131454467773,0.00019393167167436332,0.0024760528467595577,0.008903948590159416,0.04331899434328079,0.2743815779685974,89.5,,57.699999999999996,,11.1,,30.5,,8.0,,8.1,
L29_N1442,29,1442,random,,1.9928394556045532,0.0001928092387970537,0.003115895437076688,0.011119535192847252,0.04719667509198189,0.28698474168777466,77.0,,45.4,,33.300000000000004,,51.800000000000004,,29.9,,19.8,
L28_N4135,28,4135,random,,1.9413939714431763,0.000194940876099281,0.0045219603925943375,0.012115084566175938,0.059948865324258804,0.2968563139438629,64.2,,67.4,,52.2,,80.0,,42.699999999999996,,68.8,
L28_N1899,28,1899,random,,2.001079559326172,0.0002047636517090723,0.0032813786529004574,0.01302369125187397,0.04928400367498398,0.2922944128513336,78.5,,93.2,,42.8,,55.900000000000006,,52.800000000000004,,29.299999999999997,
L29_N14170,29,14170,random,,1.9434318542480469,0.0001945351395988837,0.0033534509129822254,0.011862043291330338,0.05323408916592598,0.2865734100341797,64.7,,63.800000000000004,,32.5,,58.099999999999994,,39.4,,45.4,
L30_N13515,30,13515,random,,2.009580373764038,0.00019252316269557923,0.004566501826047897,0.013829691335558891,0.048858147114515305,0.2996576130390167,80.10000000000001,,42.4,,57.4,,80.60000000000001,,61.8,,26.900000000000002,
L20_N10775,20,10775,random,,1.8156797885894775,0.0001936989719979465,0.004529509227722883,0.011309043504297733,0.05507514625787735,0.2913304269313812,26.700000000000003,,54.900000000000006,,41.0,,80.2,,32.5,,53.6,
L30_N7569,30,7569,random,,2.019412040710449,0.00019437925948295742,0.0025452228728681803,0.010629652068018913,0.04868285357952118,0.2839323878288269,81.5,,62.0,,26.700000000000003,,32.800000000000004,,24.099999999999998,,26.0,
L29_N888,29,888,random,,1.9639517068862915,0.0001925802935147658,0.004350318107753992,0.011871001683175564,0.051276057958602905,0.29468053579330444,69.8,,43.0,,47.199999999999996,,78.10000000000001,,39.5,,38.3,
L23_N8494,23,8494,random,,1.860982894897461,0.00018954322149511427,0.007555096875876188,0.018470698967576027,0.05882195383310318,0.29755109548568726,47.4,,20.5,,53.6,,93.10000000000001,,84.89999999999999,,66.0,
L28_N10201,28,10201,random,,1.9312348365783691,0.00019599944062065333,0.0029204776510596275,0.010907741263508797,0.0524962842464447,0.28694188594818115,59.4,,74.7,,33.1,,44.9,,27.800000000000004,,43.2,
L29_N10246,29,10246,random,,2.3283469676971436,0.00016239812248386443,0.02255098894238472,0.20020881295204163,0.27173176407814026,0.5691089630126953,99.5,,3.2,,96.5,,98.1,,99.1,,97.2,
L29_N12451,29,12451,random,,1.981998085975647,0.00019450642867013812,0.0026686550118029118,0.009662794880568981,0.0356009379029274,0.2547702491283417,75.1,,63.4,,2.9000000000000004,,36.6,,15.7,,2.1,
L20_N3335,20,3335,random,,1.837147831916809,0.000191590836038813,0.006026310846209526,0.015473423525691032,0.05743778496980667,0.29955029487609863,38.800000000000004,,32.7,,56.89999999999999,,90.10000000000001,,74.7,,60.9,
L28_N8998,28,8998,random,,1.9206924438476562,0.00019745287136174738,0.003045157063752413,0.009981159120798111,0.05934210866689682,0.30019620060920715,55.7,,81.6,,58.4,,49.8,,18.099999999999998,,67.0,
L23_N4719,23,4719,random,,1.850230097770691,0.00020541211415547878,0.006665070541203022,0.01287481002509594,0.0528116449713707,0.2964092493057251,44.9,,93.8,,51.1,,91.5,,50.8,,44.3,
L29_N11440,29,11440,random,,1.9341074228286743,0.00018560446915216744,0.0043368861079216,0.018168553709983826,0.07136057317256927,0.3455105125904083,60.6,,12.8,,83.7,,77.9,,84.2,,83.39999999999999,
L29_N1989,29,1989,random,,2.0016863346099854,0.00020014052279293537,0.0027215532027184963,0.011494806967675686,0.0453544557094574,0.2640039622783661,78.60000000000001,,89.0,,4.7,,38.6,,35.0,,13.600000000000001,
L20_N10322,20,10322,random,,1.8504749536514282,0.00019620481180027127,0.004964528605341911,0.01386849395930767,0.052005793899297714,0.2865537405014038,45.1,,76.0,,32.4,,84.5,,62.2,,40.9,
L30_N13095,30,13095,random,,2.0251476764678955,0.0001909451384562999,0.002586993156000972,0.01438770443201065,0.04750422388315201,0.27574586868286133,82.69999999999999,,27.6,,12.9,,34.2,,66.5,,21.0,
L23_N11629,23,11629,random,,1.8757858276367188,0.000200051988940686,0.004127198830246925,0.014139342121779919,0.05295306444168091,0.2811757028102875,49.5,,88.7,,21.9,,74.5,,64.5,,44.9,
L23_N5091,23,5091,random,,1.8233360052108765,0.00019452224660199136,0.0025764144957065582,0.009511619806289673,0.052756763994693756,0.2882747948169708,29.799999999999997,,63.6,,35.4,,33.6,,13.5,,43.8,
L30_N224,30,224,random,,1.2578848600387573,0.00018681016808841377,0.002103159436956048,0.010494203306734562,0.06655077636241913,0.43524524569511414,1.7999999999999998,,14.099999999999998,,91.3,,17.8,,22.8,,79.0,
L30_N6684,30,6684,random,,2.053767681121826,0.00020057815709151328,0.0028037589509040117,0.01331696379929781,0.053699418902397156,0.2881608009338379,87.2,,89.5,,35.199999999999996,,40.9,,56.2,,47.4,
L20_N3681,20,3681,random,,1.8188819885253906,0.00019060847989749163,0.0012679279316216707,0.009442724287509918,0.051215145736932755,0.3219306170940399,28.4,,25.5,,78.2,,1.6,,12.5,,37.6,
L20_N7560,20,7560,random,,1.805558204650879,0.0001920255017466843,0.003346948651596904,0.01634768210351467,0.060413721948862076,0.30433034896850586,23.599999999999998,,37.8,,63.2,,57.99999999999999,,79.10000000000001,,70.0,
L20_N10612,20,10612,random,,1.86929452419281,0.00019150743901263922,0.003099750727415085,0.00807391107082367,0.0508333221077919,0.2879002094268799,48.8,,31.8,,34.8,,51.5,,3.2,,35.9,
L23_N8165,23,8165,random,,1.8305394649505615,0.00019175764464307576,0.004302519373595715,0.014854267239570618,0.05962777137756348,0.3070259988307953,33.6,,34.599999999999994,,66.4,,77.4,,70.1,,68.0,
L31_N4781,31,4781,random,,2.2308690547943115,0.00019305823661852628,0.0014740095939487219,0.008240052498877048,0.04688934609293938,0.279580682516098,97.8,,48.3,,18.7,,4.7,,4.2,,18.6,
L30_N11557,30,11557,random,,1.39792799949646,0.00019550661090761423,0.0018721360247582197,0.010677523910999298,0.05539018660783768,0.27625036239624023,4.0,,71.8,,13.600000000000001,,13.3,,25.2,,54.50000000000001,
L28_N6807,28,6807,random,,1.9393630027770996,0.00019801882444880903,0.00315567827783525,0.011754751205444336,0.058309998363256454,0.3008244037628174,63.2,,83.7,,59.599999999999994,,52.900000000000006,,38.0,,64.4,
L29_N7736,29,7736,random,,1.9770989418029785,0.00019394481205381453,0.0027925963513553143,0.011384115554392338,0.05424193665385246,0.29782044887542725,73.7,,58.199999999999996,,53.800000000000004,,40.5,,33.6,,50.1,
L23_N7483,23,7483,random,,1.8399478197097778,0.00020307215163484216,0.0014374068705365062,0.011170272715389729,0.048501837998628616,0.29247957468032837,40.0,,92.2,,43.3,,4.1000000000000005,,30.5,,24.7,
L30_N2369,30,2369,random,,1.4324852228164673,0.00015105740749277174,0.002903795102611184,0.011822201311588287,0.07133352756500244,0.520844578742981,4.7,,1.6,,94.8,,44.4,,38.6,,83.2,
L29_N3122,29,3122,random,,1.9461596012115479,0.00019453954882919788,0.0013192924670875072,0.011887911707162857,0.0467345155775547,0.280183881521225,65.8,,63.9,,19.6,,2.1,,40.1,,18.0,
L30_N8327,30,8327,random,,2.049670696258545,0.00019241965492255986,0.00248752161860466,0.009750522673130035,0.04067946597933769,0.2609454095363617,86.8,,41.3,,3.8,,30.9,,16.0,,4.2,
L31_N2236,31,2236,random,,2.238138198852539,0.00019779994909185916,0.001678745960816741,0.008715548552572727,0.04163046181201935,0.2610635757446289,98.1,,83.0,,3.9,,9.2,,7.000000000000001,,5.5,
L20_N4526,20,4526,random,,1.8485119342803955,0.0001932070153998211,0.00389858684502542,0.01669405959546566,0.060810767114162445,0.30572080612182617,44.0,,50.1,,65.10000000000001,,70.1,,80.10000000000001,,71.2,
L29_N5568,29,5568,random,,1.9529460668563843,0.00019611204334069043,0.002351270290091634,0.0087136747315526,0.04514462500810623,0.2750972807407379,67.0,,75.4,,11.899999999999999,,25.1,,6.9,,12.5,
L30_N4377,30,4377,random,,1.989989161491394,0.00019393839465919882,0.005169031210243702,0.01685924082994461,0.054001834243535995,0.29635751247406006,76.3,,57.9,,50.8,,86.5,,80.4,,48.699999999999996,
L20_N4634,20,4634,random,,1.8582133054733276,0.00019275612430647016,0.00339320907369256,0.013548143208026886,0.053343936800956726,0.2931612432003021,46.7,,45.2,,44.4,,59.5,,59.0,,45.9,
L31_N4891,31,4891,random,,2.048032283782959,0.0001877582835732028,0.005546375643461943,0.01658356934785843,0.05783025547862053,0.31500232219696045,86.5,,15.7,,74.4,,88.6,,79.4,,62.4,
L30_N9501,30,9501,random,,2.0350382328033447,0.00019636184151750058,0.004657392855733633,0.01381602417677641,0.0495123416185379,0.2876289486885071,84.2,,76.9,,34.2,,81.6,,61.6,,30.0,
L31_N8022,31,8022,random,,1.8953365087509155,0.00021792999177705497,0.003016629721969366,0.012141942046582699,0.04212428256869316,0.26380765438079834,51.1,,98.4,,4.6,,48.8,,42.9,,6.1,
L23_N7316,23,7316,random,,1.823788046836853,0.0001855729060480371,0.0021022134460508823,0.01241501234471798,0.05581287667155266,0.32988059520721436,29.9,,12.7,,81.2,,17.7,,45.9,,56.2,
L30_N7935,30,7935,random,,2.0711324214935303,0.0001735063997330144,0.022611360996961594,0.2931261360645294,0.39279425144195557,0.6656907200813293,89.1,,6.2,,98.1,,98.2,,99.5,,98.7,
L28_N5446,28,5446,random,,1.9762649536132812,0.00017420366930309683,0.002911586547270417,0.01606583036482334,0.12293484061956406,0.45819681882858276,73.3,,6.4,,92.30000000000001,,44.6,,78.0,,92.10000000000001,
L30_N12498,30,12498,random,,1.687690258026123,0.00016617728397250175,0.011716712266206741,0.034897204488515854,0.3215920925140381,0.6329286694526672,12.4,,3.9,,97.6,,96.2,,93.8,,97.7,
L30_N6180,30,6180,random,,2.079869508743286,0.0001917722256621346,0.0017735953442752361,0.009757116436958313,0.05105702206492424,0.29256677627563477,89.60000000000001,,34.9,,43.7,,11.4,,16.1,,36.5,
L29_N5272,29,5272,random,,2.1271371841430664,0.00017198792193084955,0.0698741003870964,0.13186229765415192,0.21834920346736908,0.5140723586082458,92.2,,5.5,,94.6,,99.2,,98.4,,95.6,
L23_N11427,23,11427,random,,1.8354108333587646,0.00020181383297313005,0.005007341504096985,0.014947089366614819,0.05140070617198944,0.28381726145744324,37.1,,91.0,,26.3,,85.1,,70.6,,38.800000000000004,
L23_N9368,23,9368,random,,1.8609539270401,0.00019537220941856503,0.003463141620159149,0.014042339287698269,0.061791516840457916,0.31759610772132874,47.3,,70.39999999999999,,75.8,,61.0,,63.4,,73.3,
L29_N3826,29,3826,random,,1.9047513008117676,0.00019560106738936156,0.0018545871134847403,0.009493590332567692,0.04312215372920036,0.2740965783596039,52.1,,72.89999999999999,,10.8,,12.8,,13.3,,7.7,
L29_N715,29,715,random,,1.327309012413025,0.00020492287876550108,0.0018326720455661416,0.009156263433396816,0.03499564900994301,0.24108971655368805,2.6,,93.4,,1.6,,12.2,,9.5,,2.0,
L28_N12201,28,12201,random,,1.8897043466567993,0.00018882914446294308,0.004806275479495525,0.01308991014957428,0.05946788191795349,0.30407729744911194,50.8,,18.3,,62.9,,82.8,,54.0,,67.60000000000001,
L29_N11554,29,11554,random,,1.9825184345245361,0.00019416440045461059,0.0021288564894348383,0.010663481429219246,0.04479815438389778,0.2783912122249603,75.2,,60.3,,16.6,,18.7,,24.9,,11.0,
L29_N6325,29,6325,random,,1.45421302318573,0.00019909083493985236,0.005438466556370258,0.010435337200760841,0.05126555636525154,0.3045613467693329,5.3,,87.0,,64.1,,87.9,,22.2,,38.0,
L31_N12982,31,12982,random,,1.5312352180480957,0.00013426081568468362,0.0279950350522995,0.08962525427341461,0.4643027186393738,0.7343509197235107,7.199999999999999,,0.7000000000000001,,98.9,,98.8,,97.39999999999999,,99.2,
L31_N2492,31,2492,random,,2.196808099746704,0.00019215744396205992,0.003295469330623746,0.011751151643693447,0.05037669837474823,0.2808360755443573,95.89999999999999,,39.2,,21.0,,56.49999999999999,,37.8,,33.2,
L29_N606,29,606,random,,1.9818278551101685,0.00019802268070634454,0.0017009114380925894,0.008136212825775146,0.03778672218322754,0.2583467960357666,74.9,,83.8,,3.3000000000000003,,9.9,,3.8,,2.6,
L23_N8229,23,8229,random,,1.6689012050628662,0.00018544720660429448,0.0038186630699783564,0.015448941849172115,0.06350599229335785,0.32398533821105957,11.5,,12.5,,79.10000000000001,,68.7,,74.5,,76.4,
L30_N5439,30,5439,random,,2.0236194133758545,0.0001817041338654235,0.010668234899640083,0.027818409726023674,0.11411266028881073,0.42452728748321533,82.5,,9.8,,90.9,,95.89999999999999,,91.60000000000001,,91.4,
L20_N14322,20,14322,random,,1.727465033531189,0.0001906861871248111,0.004055515397340059,0.012603001669049263,0.05753815174102783,0.3013591766357422,14.7,,26.3,,60.099999999999994,,72.89999999999999,,48.199999999999996,,61.6,
L29_N1633,29,1633,random,,1.971561312675476,0.00019545610120985657,0.002237669425085187,0.00885783415287733,0.04003747180104256,0.27314358949661255,71.7,,71.39999999999999,,10.0,,21.7,,7.7,,3.6999999999999997,
L30_N7486,30,7486,random,,1.5561425685882568,0.00019838557636830956,0.0062262071296572685,0.020816463977098465,0.06888412684202194,0.33672842383384705,7.8,,85.0,,82.69999999999999,,90.3,,88.0,,81.3,
L20_N11836,20,11836,random,,1.862985372543335,0.00019476392481010407,0.0024066634941846132,0.013801711611449718,0.047305069863796234,0.28778547048568726,47.699999999999996,,66.0,,34.5,,27.6,,61.1,,20.4,
L23_N6717,23,6717,random,,1.8405001163482666,0.00019211707694921643,0.0028016583528369665,0.014611291699111462,0.07133927196264267,0.3208806812763214,40.2,,38.6,,77.3,,40.8,,68.30000000000001,,83.3,
L31_N2529,31,2529,random,,2.0439376831054688,0.00019213612540625036,0.0038972334004938602,0.009321785531938076,0.04982103779911995,0.29588019847869873,85.8,,38.7,,49.3,,70.0,,10.6,,31.6,
L20_N7692,20,7692,random,,1.8263249397277832,0.00019316338875796646,0.002884151879698038,0.00950190331786871,0.04567883536219597,0.2828710973262787,31.7,,49.5,,24.3,,43.8,,13.4,,14.799999999999999,
L28_N5546,28,5546,random,,1.8895050287246704,0.0001938047498697415,0.0015303019899874926,0.008208229206502438,0.048873595893383026,0.2792413532733917,50.7,,56.10000000000001,,18.2,,6.1,,4.0,,27.1,
L30_N11349,30,11349,random,,1.7529819011688232,0.00019066377717535943,0.008399993181228638,0.030010469257831573,0.09707982838153839,0.3992159962654114,16.7,,26.1,,89.3,,94.39999999999999,,92.2,,89.0,
L29_N10646,29,10646,random,,1.9619797468185425,0.00020098585810046643,0.0038042133674025536,0.01120291743427515,0.0514199323952198,0.2885008156299591,69.19999999999999,,90.4,,36.199999999999996,,68.10000000000001,,31.0,,39.1,
L20_N13955,20,13955,random,,1.6665499210357666,0.00018608098616823554,0.0027031581848859787,0.012968050315976143,0.05569387599825859,0.3153398036956787,11.3,,13.4,,74.7,,37.8,,51.7,,55.7,
L28_N13964,28,13964,random,,1.9028159379959106,0.0001982442190637812,0.0014848930295556784,0.009826425462961197,0.04438681900501251,0.277197927236557,51.9,,84.6,,15.0,,5.1,,17.1,,9.8,
L31_N14079,31,14079,random,,2.2072625160217285,0.00019300717394798994,0.003015554044395685,0.012725398875772953,0.044963251799345016,0.2836510241031647,96.3,,47.8,,25.6,,48.699999999999996,,49.7,,11.5,
L30_N6226,30,6226,random,,1.9712305068969727,0.0001900173374451697,0.002798383589833975,0.008649352006614208,0.04302498325705528,0.27929598093032837,71.5,,22.7,,18.5,,40.6,,6.7,,7.6,
L28_N10269,28,10269,random,,1.8194085359573364,0.00019113783491775393,0.003846915904432535,0.0130219841375947,0.06241205707192421,0.3187302052974701,28.7,,28.799999999999997,,76.1,,69.1,,52.6,,74.7,
L31_N12442,31,12442,random,,2.258291482925415,0.00019271574274171144,0.002462539589032531,0.01192332524806261,0.05202319100499153,0.2924812436103821,99.0,,44.5,,43.4,,30.0,,40.400000000000006,,41.099999999999994,
L29_N14293,29,14293,random,,1.7430579662322998,0.00020563467114698142,0.0022804203908890486,0.018553322181105614,0.10503889620304108,0.40244224667549133,15.8,,94.19999999999999,,89.60000000000001,,23.0,,85.1,,90.3,
L30_N588,30,588,random,,2.004915952682495,0.00019525429524946958,0.0031208747532218695,0.009245799854397774,0.04508771747350693,0.26993823051452637,79.4,,69.8,,7.6,,52.0,,10.100000000000001,,12.0,
L30_N1121,30,1121,random,,2.1633107662200928,0.00018702499801293015,0.009395472705364227,0.02165483683347702,0.07140754163265228,0.35158172249794006,93.7,,14.2,,84.7,,95.1,,88.6,,83.5,
L23_N10340,23,10340,random,,1.8557918071746826,0.00019947855616919696,0.004884171299636364,0.015258340165019035,0.08546203374862671,0.35795387625694275,46.0,,87.8,,85.9,,83.5,,73.0,,87.1,
L31_N4708,31,4708,random,,2.2378668785095215,0.00019569916184991598,0.0016066818498075008,0.0062291063368320465,0.03469369560480118,0.2568597197532654,98.0,,73.6,,3.2,,8.0,,0.4,,1.9,
L23_N12235,23,12235,random,,1.8445647954940796,0.0001936347980517894,0.0040155150927603245,0.01309963408857584,0.0603848360478878,0.3088795244693756,42.0,,54.1,,68.2,,72.1,,54.2,,69.89999999999999,
L20_N7110,20,7110,random,,1.7027277946472168,0.00019929675909224898,0.002372106770053506,0.010854563675820827,0.04729263111948967,0.28909239172935486,13.8,,87.5,,37.4,,26.3,,27.200000000000003,,20.3,
L20_N12457,20,12457,random,,1.8326497077941895,0.00019746697216760367,0.0014891495229676366,0.011580374091863632,0.04940030351281166,0.2816251516342163,34.9,,81.69999999999999,,22.8,,5.5,,36.1,,29.799999999999997,
L31_N11532,31,11532,random,,2.186222791671753,0.000189703656360507,0.0019340350991114974,0.012319752015173435,0.05890993773937225,0.30886217951774597,95.3,,21.4,,68.10000000000001,,14.000000000000002,,45.0,,66.2,
L20_N7269,20,7269,random,,1.7748386859893799,0.000189571816008538,0.004110297653824091,0.01235135830938816,0.063358835875988,0.32326656579971313,18.5,,20.7,,78.9,,74.1,,45.300000000000004,,76.1,
L23_N11370,23,11370,random,,1.8261677026748657,0.0001944222894962877,0.0024004133883863688,0.013763239607214928,0.05691817030310631,0.29127126932144165,31.4,,62.5,,40.9,,27.3,,60.699999999999996,,59.3,
L28_N474,28,474,random,,1.938628911972046,0.0001918859634315595,0.002773320535197854,0.016330745071172714,0.06602248549461365,0.3087816536426544,62.5,,36.0,,68.0,,40.1,,79.0,,78.5,
L20_N5314,20,5314,random,,1.8414465188980103,0.0001937662746058777,0.003934020176529884,0.012540403753519058,0.052022527903318405,0.2878049910068512,40.699999999999996,,55.800000000000004,,34.599999999999994,,70.8,,47.599999999999994,,41.0,
L20_N4806,20,4806,random,,1.8476228713989258,0.00019368728681001812,0.00350912450812757,0.015172885730862617,0.06068561598658562,0.3110024929046631,43.3,,54.400000000000006,,70.6,,62.0,,72.2,,70.7,
L28_N6141,28,6141,random,,1.9143822193145752,0.00020666405907832086,0.004302137531340122,0.012633572332561016,0.06015973910689354,0.3054453432559967,53.900000000000006,,95.0,,64.7,,77.3,,48.6,,69.39999999999999,
L29_N2385,29,2385,random,,1.2040342092514038,0.00019351206719875336,0.0021315973717719316,0.00811100285500288,0.031227130442857742,0.2420373111963272,1.3,,52.6,,1.7000000000000002,,18.8,,3.5999999999999996,,1.0999999999999999,
L23_N8702,23,8702,random,,1.7309849262237549,0.00019273777434136719,0.003451315686106682,0.016039786860346794,0.057438090443611145,0.2959071099758148,14.899999999999999,,44.7,,49.4,,60.699999999999996,,77.7,,61.0,
L29_N9272,29,9272,random,,1.9509137868881226,0.0001929014833876863,0.0037087532691657543,0.010956755839288235,0.04463278502225876,0.27606579661369324,66.4,,46.400000000000006,,13.4,,66.3,,28.1,,10.5,
L31_N12984,31,12984,random,,1.9286139011383057,0.00016279301780741662,0.005361839663237333,0.01740097999572754,0.22332198917865753,0.5986645817756653,58.599999999999994,,3.3000000000000003,,97.3,,87.6,,82.5,,95.89999999999999,
L23_N2785,23,2785,random,,1.856705904006958,0.00019644986605271697,0.003222038270905614,0.011883063241839409,0.05051448196172714,0.28728699684143066,46.300000000000004,,77.60000000000001,,33.7,,54.400000000000006,,39.7,,34.0,
L23_N1293,23,1293,random,,1.8326972723007202,0.00019562659144867212,0.004407933913171291,0.013421465642750263,0.061451494693756104,0.3104868233203888,35.0,,73.0,,69.69999999999999,,79.10000000000001,,57.599999999999994,,72.5,
L30_N14267,30,14267,random,,2.045668363571167,0.00018881235155276954,0.0030993337277323008,0.014413537457585335,0.05289389193058014,0.297093003988266,86.4,,18.2,,52.5,,51.4,,66.8,,44.800000000000004,
L29_N10153,29,10153,random,,1.9883055686950684,0.0002020272659137845,0.0013824463821947575,0.009541982784867287,0.04869130626320839,0.2788792848587036,75.8,,91.3,,17.5,,3.5000000000000004,,13.900000000000002,,26.1,
L31_N3945,31,3945,random,,2.1136951446533203,0.0001909121492644772,0.002869328949600458,0.011397343128919601,0.0501236654818058,0.2855719327926636,91.3,,27.200000000000003,,30.2,,43.3,,34.0,,32.800000000000004,
L29_N9554,29,9554,random,,1.6767157316207886,0.0001746900234138593,0.008547620847821236,0.024051949381828308,0.10747428983449936,0.4058239758014679,12.0,,6.7,,90.3,,94.6,,90.0,,90.8,
L23_N3804,23,3804,random,,1.5868310928344727,0.0001591049222042784,0.0055488660000264645,0.01583876833319664,0.10083649307489395,0.5090721249580383,9.0,,2.6,,94.39999999999999,,88.8,,76.7,,89.8,
L29_N10451,29,10451,random,,1.7892482280731201,0.00014670767995994538,0.0027582994662225246,0.014213387854397297,0.26004576683044434,0.6774443984031677,20.9,,1.4000000000000001,,98.4,,39.900000000000006,,65.0,,96.8,
L28_N7529,28,7529,random,,1.9172351360321045,0.00019495149899739772,0.0037669602315872908,0.014038747176527977,0.05424066260457039,0.29000797867774963,54.7,,67.60000000000001,,39.2,,67.80000000000001,,63.2,,50.0,
L28_N10925,28,10925,random,,1.9360313415527344,0.00019262985733803362,0.0016030375845730305,0.009572966955602169,0.0512547641992569,0.2853076159954071,61.6,,43.5,,29.7,,7.7,,14.2,,37.9,
L20_N13183,20,13183,random,,1.8252731561660767,0.0001929701684275642,0.0033270223066210747,0.011633704416453838,0.05746784061193466,0.2945452332496643,31.1,,47.5,,46.9,,57.199999999999996,,36.7,,61.199999999999996,
L29_N4712,29,4712,random,,1.976093053817749,0.00019441111362539232,0.0016807279316708446,0.008810775354504585,0.04450307413935661,0.27435681223869324,73.1,,62.3,,10.9,,9.4,,7.5,,10.100000000000001,
L31_N8955,31,8955,random,,2.101311683654785,0.0001918095804285258,0.0019527432741597295,0.007578374817967415,0.054206594824790955,0.2988828122615814,90.7,,35.199999999999996,,55.900000000000006,,14.499999999999998,,2.0,,49.8,
L23_N1210,23,1210,random,,1.8355814218521118,0.00019152318418491632,0.0013511243741959333,0.010906917043030262,0.048428911715745926,0.27978670597076416,37.4,,32.1,,18.9,,2.7,,27.700000000000003,,24.6,
L29_N5661,29,5661,random,,1.8126087188720703,0.0002005990972975269,0.0028391361702233553,0.009378914721310139,0.05450661852955818,0.2983398139476776,25.4,,89.60000000000001,,54.7,,42.4,,11.1,,51.7,
L30_N4901,30,4901,random,,1.6908975839614868,0.00021218876645434648,0.004522399511188269,0.01365451980382204,0.05442309007048607,0.29121047258377075,12.6,,97.1,,40.8,,80.10000000000001,,60.199999999999996,,51.4,
L31_N6951,31,6951,random,,1.5097612142562866,0.00011002696555806324,0.025133788585662842,0.19827620685100555,0.620320737361908,0.8509234189987183,6.4,,0.1,,99.8,,98.6,,99.0,,99.8,
L31_N4097,31,4097,random,,1.0715962648391724,0.00020808468980249017,0.04855024442076683,0.16038121283054352,0.3338491916656494,0.6258115172386169,0.4,,95.89999999999999,,97.5,,99.1,,98.6,,98.0,
L29_N13849,29,13849,random,,2.114231586456299,0.00017300050240010023,0.009593646973371506,0.13009189069271088,0.19100774824619293,0.4909721612930298,91.4,,5.8999999999999995,,93.8,,95.3,,98.3,,94.89999999999999,
L28_N3263,28,3263,random,,1.9105697870254517,0.00019790444639511406,0.00216353265568614,0.007368233986198902,0.05002053081989288,0.26646265387535095,53.2,,83.39999999999999,,6.2,,19.8,,1.3,,32.4,
L29_N13981,29,13981,random,,1.9462965726852417,0.00019374777912162244,0.0036051631905138493,0.012992504984140396,0.06938903033733368,0.3217373788356781,65.9,,55.60000000000001,,77.9,,64.1,,52.2,,81.89999999999999,
L29_N1747,29,1747,random,,1.9786940813064575,0.00019450778199825436,0.002122004283592105,0.010638212785124779,0.04929649457335472,0.2837740480899811,74.4,,63.5,,26.0,,18.3,,24.3,,29.4,
L23_N6248,23,6248,random,,1.7774662971496582,0.00018959451699629426,0.0030892598442733288,0.010829509235918522,0.04704351723194122,0.27908939123153687,19.0,,20.8,,18.0,,50.9,,26.900000000000002,,19.0,
L30_N5881,30,5881,random,,2.0281100273132324,0.00019482936477288604,0.001208281610161066,0.01080239936709404,0.05113248527050018,0.2844143211841583,83.1,,66.7,,28.000000000000004,,1.0,,26.5,,36.9,
L30_N4847,30,4847,random,,1.8656624555587769,0.00018776950309984386,0.007119629066437483,0.03177008405327797,0.09491696208715439,0.3672395944595337,48.1,,15.9,,86.9,,92.2,,93.0,,88.7,
L31_N4837,31,4837,random,,2.1814539432525635,0.00019393111870158464,0.001719426829367876,0.010359670966863632,0.044181179255247116,0.2846444845199585,94.8,,57.599999999999994,,28.599999999999998,,10.299999999999999,,21.3,,9.6,
L20_N13599,20,13599,random,,1.8112704753875732,0.0001969837030628696,0.003370759543031454,0.014271816238760948,0.0634174644947052,0.32209229469299316,24.8,,79.60000000000001,,78.3,,58.599999999999994,,65.7,,76.2,
L31_N6484,31,6484,random,,1.0310910940170288,0.00020666893396992236,0.00455160066485405,0.013265474699437618,0.05365367233753204,0.2811545431613922,0.3,,95.1,,21.7,,80.30000000000001,,55.7,,47.199999999999996,
L28_N132,28,132,random,,1.9689831733703613,0.0001913157175295055,0.003487827256321907,0.01497705653309822,0.06075335666537285,0.30637460947036743,71.0,,30.5,,65.5,,61.199999999999996,,71.0,,70.8,
L30_N14173,30,14173,random,,1.8512614965438843,0.00019533514569047838,0.003139213426038623,0.013092823326587677,0.04857698455452919,0.2770231068134308,45.4,,70.19999999999999,,14.7,,52.400000000000006,,54.1,,25.3,
L31_N12751,31,12751,random,,2.1808221340179443,0.00019133889873046428,0.002328387228772044,0.010712053626775742,0.04527420178055763,0.2916187047958374,94.69999999999999,,30.8,,41.6,,24.2,,25.7,,13.3,
L31_N803,31,803,random,,1.5992292165756226,0.00015711541345808655,0.02054821513593197,0.09939813613891602,0.26179730892181396,0.5808358192443848,9.5,,2.4,,96.8,,97.8,,97.6,,96.89999999999999,
L30_N12208,30,12208,random,,1.8476282358169556,0.00018760838429443538,0.003272408153861761,0.011603709310293198,0.05323270335793495,0.2891647219657898,43.4,,15.299999999999999,,37.5,,55.7,,36.199999999999996,,45.300000000000004,
L29_N13645,29,13645,random,,1.9718729257583618,0.00019422532932367176,0.003117288462817669,0.010231666266918182,0.045953188091516495,0.29935455322265625,71.8,,60.6,,56.49999999999999,,51.9,,20.4,,15.4,
L28_N12709,28,12709,random,,1.9186656475067139,0.00019141158554702997,0.0024609684478491545,0.013415061868727207,0.07484627515077591,0.32918429374694824,55.00000000000001,,31.3,,80.9,,29.799999999999997,,57.49999999999999,,84.6,
L23_N9946,23,9946,random,,1.8183152675628662,0.0001913644518936053,0.0047517879866063595,0.015074742957949638,0.05832893028855324,0.3063010275363922,27.900000000000002,,31.0,,65.4,,82.39999999999999,,71.39999999999999,,64.60000000000001,
L28_N3588,28,3588,random,,1.922155737876892,0.00019334019452799112,0.0017248595831915736,0.012835540808737278,0.05335358902812004,0.2949969470500946,56.39999999999999,,51.0,,47.5,,10.5,,50.5,,46.1,
L31_N3115,31,3115,random,,1.7119938135147095,0.00014573581574950367,0.07334532588720322,0.15699350833892822,0.3804207444190979,0.6686933040618896,14.2,,1.3,,98.2,,99.3,,98.5,,98.6,
L30_N4106,30,4106,random,,2.0847725868225098,0.0001608130260137841,0.007958466187119484,0.08308204263448715,0.2599950134754181,0.5662534832954407,89.9,,2.9000000000000004,,96.3,,93.89999999999999,,97.2,,96.7,
L31_N12379,31,12379,random,,1.4373221397399902,0.00034273022902198136,0.1061989888548851,0.1965741217136383,0.3718816936016083,0.6589860320091248,4.9,,99.9,,98.0,,99.6,,98.9,,98.4,
L31_N12574,31,12574,random,,1.7051451206207275,0.0002228563098469749,0.006080518942326307,0.013876921497285366,0.04248256981372833,0.2588714361190796,13.900000000000002,,98.8,,3.5000000000000004,,90.2,,62.3,,6.800000000000001,
L31_N11155,31,11155,random,,1.4693228006362915,0.00018095094128511846,0.002857689280062914,0.011251277290284634,0.05418381094932556,0.31458780169487,5.5,,9.4,,74.3,,43.0,,31.8,,49.7,
L23_N10293,23,10293,random,,1.6546796560287476,0.00019615457858890295,0.0030213529244065285,0.00831323117017746,0.03601286932826042,0.2400512993335724,10.7,,75.7,,1.5,,49.2,,4.7,,2.1999999999999997,
L20_N10280,20,10280,random,,1.7753325700759888,0.00019183539552614093,0.004294931888580322,0.010088296607136726,0.05207972601056099,0.29911375045776367,18.6,,35.6,,56.2,,77.10000000000001,,19.2,,41.6,
L31_N645,31,645,random,,2.1043310165405273,0.00019285621237941086,0.0030747095588594675,0.010819812305271626,0.048962660133838654,0.29390910267829895,90.8,,45.9,,45.300000000000004,,50.6,,26.700000000000003,,27.500000000000004,
L28_N12920,28,12920,random,,1.9086085557937622,0.00019458006136119366,0.0034087221138179302,0.0143438670784235,0.05593336373567581,0.2888888716697693,52.800000000000004,,64.3,,37.1,,59.9,,66.2,,56.599999999999994,
L29_N546,29,546,random,,1.4954373836517334,0.00017847806157078594,0.011859167367219925,0.050739459693431854,0.18552865087985992,0.505186915397644,6.1,,8.1,,94.3,,96.39999999999999,,95.7,,94.69999999999999,
L30_N5977,30,5977,random,,1.9688746929168701,0.00017203614697791636,0.003826891304925084,0.031429387629032135,0.12635108828544617,0.44468390941619873,70.89999999999999,,5.6000000000000005,,92.10000000000001,,68.89999999999999,,92.7,,92.4,
L31_N2153,31,2153,random,,1.7699017524719238,0.00022229448950383812,0.007086427882313728,0.01784435287117958,0.050386954098939896,0.2906305193901062,17.7,,98.6,,40.2,,92.10000000000001,,83.39999999999999,,33.300000000000004,
L20_N4835,20,4835,random,,1.7742373943328857,0.00021482660667970777,0.003741007763892412,0.012826796621084213,0.04773043841123581,0.28206607699394226,18.4,,97.6,,23.400000000000002,,67.5,,50.3,,22.400000000000002,
L28_N12246,28,12246,random,,1.9686968326568604,0.0002008070587180555,0.002037476748228073,0.010431887581944466,0.059245381504297256,0.3129951059818268,70.8,,90.0,,72.8,,16.2,,22.1,,66.9,
L29_N2877,29,2877,random,,2.045501470565796,0.00017664540791884065,0.004558803979307413,0.015678925439715385,0.18720027804374695,0.48128554224967957,86.3,,7.1,,93.2,,80.5,,75.9,,94.8,
L23_N2165,23,2165,random,,1.8482016324996948,0.00019193383923266083,0.0029013301245868206,0.012280605733394623,0.04759063944220543,0.2854364514350891,43.6,,36.7,,30.099999999999998,,44.2,,44.6,,21.4,
L30_N5994,30,5994,random,,2.0559027194976807,0.00019258014799561352,0.004822012037038803,0.01432738732546568,0.051418501883745193,0.3005843758583069,87.6,,42.9,,59.099999999999994,,82.89999999999999,,65.8,,39.0,
L30_N8221,30,8221,random,,2.0741899013519287,0.00019562961824703962,0.00194440723862499,0.010519752278923988,0.0419251024723053,0.2729812562465668,89.2,,73.1,,9.6,,14.299999999999999,,23.200000000000003,,5.800000000000001,
L28_N13606,28,13606,random,,1.9546997547149658,0.0001915107131935656,0.0025474275462329388,0.01339559443295002,0.05821741372346878,0.2995702028274536,67.30000000000001,,31.900000000000002,,57.099999999999994,,33.0,,57.099999999999994,,63.800000000000004,
L23_N4210,23,4210,random,,1.8350245952606201,0.00019235993386246264,0.005347456317394972,0.012168080545961857,0.05503799021244049,0.2962125241756439,36.8,,40.8,,50.3,,87.4,,43.2,,53.400000000000006,
L29_N13213,29,13213,random,,1.8061991930007935,0.0001930716825881973,0.0036064735613763332,0.009219415485858917,0.045259274542331696,0.2784918248653412,23.9,,48.6,,16.8,,64.2,,9.9,,13.100000000000001,
L28_N12231,28,12231,random,,1.662833571434021,0.00016557544586248696,0.0078019751235842705,0.041765887290239334,0.14809301495552063,0.4705241620540619,11.200000000000001,,3.5999999999999996,,92.80000000000001,,93.7,,94.8,,93.10000000000001,
L28_N13176,28,13176,random,,1.7126379013061523,0.00020172118092887104,0.00316993216983974,0.016079843044281006,0.05160495638847351,0.28451529145240784,14.399999999999999,,90.8,,28.299999999999997,,53.300000000000004,,78.2,,39.7,
L20_N7673,20,7673,random,,1.8242501020431519,0.00019436109869275242,0.0025561025831848383,0.014175870455801487,0.05280468985438347,0.2980797290802002,30.3,,61.9,,54.300000000000004,,33.4,,64.7,,44.0,
L20_N2306,20,2306,random,,1.7488173246383667,0.00018857818213291466,0.00796512234956026,0.03613418713212013,0.08829360455274582,0.3634360134601593,16.400000000000002,,17.4,,86.4,,94.0,,93.89999999999999,,87.7,
L23_N14092,23,14092,random,,1.8287714719772339,0.00019407490617595613,0.0041375732980668545,0.012404809705913067,0.060828614979982376,0.3014695942401886,32.9,,59.4,,60.3,,74.6,,45.800000000000004,,71.3,
L31_N11865,31,11865,random,,2.171537399291992,0.00019037429592572153,0.002715121489018202,0.013339830562472343,0.05375432223081589,0.28845471143722534,94.19999999999999,,24.3,,35.9,,38.2,,56.39999999999999,,47.599999999999994,
L31_N6511,31,6511,random,,1.6451492309570312,0.000165861813002266,0.007610864005982876,0.06145197153091431,0.2567703127861023,0.5637108087539673,10.2,,3.6999999999999997,,96.2,,93.5,,96.5,,96.6,
L30_N5992,30,5992,random,,2.0489041805267334,0.00019714952213689685,0.0035688208881765604,0.011242236010730267,0.0465179942548275,0.2864876687526703,86.7,,80.2,,32.300000000000004,,63.4,,31.7,,17.1,
L20_N12954,20,12954,random,,1.7584757804870605,0.0001968071301234886,0.0024055957328528166,0.010089661926031113,0.049068860709667206,0.2753657400608063,17.0,,79.0,,12.3,,27.500000000000004,,19.3,,28.199999999999996,
L29_N228,29,228,random,,1.874589443206787,0.0001935907785082236,0.002896389225497842,0.009595050476491451,0.039282139390707016,0.25051507353782654,49.1,,53.6,,2.1999999999999997,,44.0,,14.499999999999998,,3.4000000000000004,
L28_N8791,28,8791,random,,1.2539607286453247,0.0001912391307996586,0.0024095969274640083,0.007409941870719194,0.03236028179526329,0.23799249529838562,1.7000000000000002,,29.799999999999997,,1.4000000000000001,,27.700000000000003,,1.5,,1.4000000000000001,
L20_N7451,20,7451,random,,1.8262661695480347,0.0001952844759216532,0.006552737671881914,0.02726755477488041,0.07053161412477493,0.34440886974334717,31.5,,69.89999999999999,,83.6,,91.10000000000001,,91.3,,82.6,
L28_N11023,28,11023,random,,2.2521512508392334,0.0001955330080818385,0.006898693740367889,0.023818332701921463,0.07221028208732605,0.331404447555542,98.8,,72.2,,81.89999999999999,,91.9,,89.9,,83.8,
L31_N11015,31,11015,random,,1.483721137046814,0.00013452254643198103,0.00572118628770113,0.019706355407834053,0.3470982611179352,0.7447311282157898,5.8999999999999995,,0.8999999999999999,,99.3,,89.3,,86.1,,98.1,
L28_N9577,28,9577,random,,1.9390530586242676,0.00019172458269167691,0.002353719435632229,0.008605661801993847,0.0681753158569336,0.31441184878349304,62.9,,34.2,,74.1,,25.2,,6.3,,81.0,
L29_N13474,29,13474,random,,1.986850380897522,0.00019619074009824544,0.0026615725364536047,0.009516731835901737,0.04548032581806183,0.2841235101222992,75.7,,75.9,,27.1,,35.9,,13.700000000000001,,14.000000000000002,
L31_N6086,31,6086,random,,1.1360777616500854,0.00013200499233789742,0.003724045818671584,0.02098482847213745,0.28369787335395813,0.7532656788825989,0.6,,0.6,,99.4,,66.9,,88.4,,97.39999999999999,
L20_N11056,20,11056,random,,1.8003462553024292,0.00018981787434313446,0.005245134234428406,0.015914851799607277,0.060807231813669205,0.3104178011417389,22.7,,21.7,,69.5,,86.8,,76.9,,71.1,
L23_N7724,23,7724,random,,1.8286726474761963,0.0001935321924975142,0.0031264927238225937,0.011883517727255821,0.05269194766879082,0.289288729429245,32.7,,52.800000000000004,,37.7,,52.1,,39.800000000000004,,43.7,
L20_N10150,20,10150,random,,1.8241287469863892,0.00019122520461678505,0.0028627419378608465,0.012083062902092934,0.06484732776880264,0.30797427892684937,30.0,,29.7,,67.7,,43.1,,42.199999999999996,,77.4,
L30_N5374,30,5374,random,,1.6579229831695557,0.00016339182911906391,0.007573391310870647,0.05563747510313988,0.2928241789340973,0.5907449722290039,10.9,,3.4000000000000004,,97.0,,93.2,,96.1,,97.5,
L30_N3626,30,3626,random,,1.8743042945861816,0.0001946609845617786,0.004030419979244471,0.015135674737393856,0.04967629536986351,0.28637781739234924,49.0,,64.9,,32.2,,72.39999999999999,,71.89999999999999,,31.1,
L31_N1035,31,1035,random,,2.0598251819610596,0.00019853093544952571,0.003209523158147931,0.010641088709235191,0.058410435914993286,0.30060210824012756,88.3,,85.5,,59.199999999999996,,54.2,,24.6,,65.0,
L31_N13498,31,13498,random,,2.2133750915527344,0.00019732362125068903,0.0016834494890645146,0.008941183798015118,0.04251766577363014,0.2651548981666565,96.8,,81.10000000000001,,5.3,,9.5,,8.3,,7.1,
L29_N11486,29,11486,random,,1.9566818475723267,0.0001932256855070591,0.003271035384386778,0.011270886287093163,0.0448424406349659,0.2803260385990143,67.80000000000001,,50.2,,20.1,,55.60000000000001,,32.300000000000004,,11.200000000000001,
L28_N10637,28,10637,random,,1.8110523223876953,0.00019943785446230322,0.0028763459995388985,0.011836367659270763,0.04714251682162285,0.28620320558547974,24.7,,87.6,,31.5,,43.5,,38.800000000000004,,19.5,
L29_N1911,29,1911,random,,1.9960795640945435,0.0001929912978084758,0.0025307824835181236,0.010828262194991112,0.051114145666360855,0.27451732754707336,78.0,,47.699999999999996,,11.5,,32.300000000000004,,26.8,,36.7,
L23_N742,23,742,random,,1.8336416482925415,0.0001933442836161703,0.003402283415198326,0.01208254974335432,0.054369088262319565,0.30767589807510376,35.9,,51.1,,67.30000000000001,,59.699999999999996,,42.1,,50.9,
L20_N4986,20,4986,random,,1.8295292854309082,0.00019061310740653425,0.002635914832353592,0.011737532913684845,0.06456205248832703,0.31410396099090576,33.300000000000004,,25.7,,73.6,,35.3,,37.5,,76.9,
L29_N1902,29,1902,random,,1.9443330764770508,0.00019524862000253052,0.0028298795223236084,0.010041190311312675,0.048201922327280045,0.2888067364692688,65.2,,69.69999999999999,,36.9,,41.8,,18.9,,23.599999999999998,
L20_N3846,20,3846,random,,1.83183753490448,0.0001975762570509687,0.0016527521656826138,0.013459771871566772,0.05411255359649658,0.2931675910949707,34.5,,82.3,,44.5,,8.799999999999999,,58.099999999999994,,49.5,
L30_N2222,30,2222,random,,2.0966432094573975,0.0001822227641241625,0.004303572699427605,0.014431620948016644,0.05388135462999344,0.30547571182250977,90.5,,10.100000000000001,,64.8,,77.5,,67.30000000000001,,48.4,
L29_N7432,29,7432,random,,1.9278876781463623,0.00019227807933930308,0.003554212860763073,0.010517456568777561,0.04835540056228638,0.2956874668598175,58.4,,40.2,,49.0,,63.0,,23.1,,24.2,
L28_N10985,28,10985,random,,1.9267377853393555,0.0001971524761756882,0.002260507084429264,0.011115637607872486,0.05433171987533569,0.295152872800827,57.99999999999999,,80.30000000000001,,47.9,,22.400000000000002,,29.799999999999997,,50.8,
L31_N11411,31,11411,random,,2.2180862426757812,0.00019372561655472964,0.0019152838503941894,0.009173731319606304,0.04352833703160286,0.27886128425598145,97.2,,55.2,,17.4,,13.700000000000001,,9.6,,8.6,
L30_N6866,30,6866,random,,1.6205939054489136,0.000208640267373994,0.002653286559507251,0.010387852787971497,0.04475429654121399,0.2789227068424225,9.9,,96.2,,17.599999999999998,,35.6,,21.7,,10.9,
L30_N12161,30,12161,random,,1.8416016101837158,0.0001419827895006165,0.023186810314655304,0.045024652034044266,0.3549266457557678,0.6827857494354248,40.8,,1.2,,98.5,,98.3,,95.0,,98.3,
L31_N2531,31,2531,random,,2.1514978408813477,0.0001980803208425641,0.002363030333071947,0.008310453034937382,0.04107392951846123,0.27198326587677,93.10000000000001,,84.0,,8.7,,25.8,,4.6,,4.3999999999999995,
L29_N10730,29,10730,random,,1.954669713973999,0.00020087561279069632,0.0032305014319717884,0.012326765805482864,0.052809957414865494,0.29101628065109253,67.2,,90.3,,40.6,,54.6,,45.1,,44.2,
L20_N13659,20,13659,random,,1.810112714767456,0.00019793276442214847,0.0026691905222833157,0.012217015027999878,0.045014627277851105,0.2726209759712219,24.5,,83.5,,9.3,,36.8,,43.8,,11.700000000000001,
L29_N10086,29,10086,random,,1.9958428144454956,0.00019831898680422455,0.005118684843182564,0.014600243419408798,0.04910712316632271,0.2854047417640686,77.7,,84.8,,29.9,,85.9,,68.2,,28.499999999999996,
L29_N4583,29,4583,random,,1.968156337738037,0.0001934286265168339,0.0023934422060847282,0.012047741562128067,0.0526486299932003,0.2842576801776886,70.6,,52.1,,27.3,,27.200000000000003,,41.5,,43.6,
L20_N11309,20,11309,random,,1.7464971542358398,0.000197856905288063,0.003909403923898935,0.014978683553636074,0.05822778865695,0.3029297888278961,16.2,,83.3,,62.2,,70.39999999999999,,71.1,,64.0,
L28_N3559,28,3559,random,,1.8097946643829346,0.00018126340000890195,0.004494525492191315,0.012537062168121338,0.06156622990965843,0.3210720717906952,24.4,,9.700000000000001,,77.5,,79.9,,47.5,,72.6,
L29_N7285,29,7285,random,,1.9728349447250366,0.00019442180928308517,0.0021120032761245966,0.006469120271503925,0.03764422982931137,0.2658851444721222,72.1,,62.4,,5.8999999999999995,,18.0,,0.6,,2.5,
L23_N14015,23,14015,random,,1.7964732646942139,0.0001965706906048581,0.005129748955368996,0.016703728586435318,0.05557020381093025,0.30095377564430237,21.8,,77.9,,59.699999999999996,,86.2,,80.30000000000001,,55.2,
L28_N1627,28,1627,random,,1.8461099863052368,0.0001839883771026507,0.013119075447320938,0.048890989273786545,0.22318464517593384,0.5269209146499634,42.6,,11.200000000000001,,95.3,,96.6,,95.5,,95.8,
L31_N6018,31,6018,random,,1.4342049360275269,9.313099144492298e-05,0.2321934849023819,0.577427327632904,0.7110565900802612,0.8676323294639587,4.8,,0.0,,99.9,,99.8,,99.9,,99.9,
L30_N10564,30,10564,random,,1.9699935913085938,0.00018327204452361912,0.002719032345339656,0.01574460044503212,0.06165044754743576,0.3286970257759094,71.1,,10.9,,80.80000000000001,,38.5,,76.2,,73.1,
L28_N992,28,992,random,,1.9444458484649658,0.00019176745263393968,0.0017015860648825765,0.008307108655571938,0.05242088437080383,0.2843097448348999,65.3,,34.8,,27.500000000000004,,10.0,,4.5,,42.9,
L29_N4520,29,4520,random,,1.9712716341018677,0.00018628955876920372,0.005118756089359522,0.014522937126457691,0.055586058646440506,0.3026195168495178,71.6,,13.5,,62.0,,86.0,,67.7,,55.300000000000004,
L23_N2001,23,2001,random,,1.81784188747406,0.0001924078824231401,0.004690028261393309,0.013834512792527676,0.05976996198296547,0.30229294300079346,27.500000000000004,,41.199999999999996,,61.4,,82.0,,61.9,,68.5,
L29_N1501,29,1501,random,,2.0044944286346436,0.00019153926405124366,0.002218799665570259,0.007452412974089384,0.04232626408338547,0.27874282002449036,79.3,,32.4,,17.1,,21.2,,1.6,,6.5,
L31_N3475,31,3475,random,,2.1854312419891357,0.00019165211415383965,0.002650676993653178,0.012717746198177338,0.04990255460143089,0.2807876467704773,95.1,,33.7,,20.8,,35.5,,49.6,,32.0,
L31_N10477,31,10477,random,,2.068995475769043,0.00018113285477738827,0.0023271716199815273,0.009460503235459328,0.04209468886256218,0.2902357280254364,88.9,,9.5,,39.4,,24.099999999999998,,12.9,,6.0,
L30_N349,30,349,random,,2.0528838634490967,0.00019173311011400074,0.002438914030790329,0.011346515268087387,0.053704630583524704,0.29271233081817627,87.1,,34.300000000000004,,43.9,,28.9,,32.800000000000004,,47.5,
L20_N12890,20,12890,random,,1.8660988807678223,0.00018950992671307176,0.0028465501964092255,0.015979701653122902,0.05826297402381897,0.3007168769836426,48.199999999999996,,20.4,,59.4,,42.8,,77.3,,64.2,
L28_N3990,28,3990,random,,1.9645977020263672,0.00019449062529020011,0.0028073086868971586,0.009815520606935024,0.04620369151234627,0.28514859080314636,70.1,,63.1,,29.5,,41.099999999999994,,16.8,,16.1,
L23_N12893,23,12893,random,,1.7604615688323975,0.0001901121431728825,0.0026302949991077185,0.013027573004364967,0.04897627606987953,0.27310487627983093,17.1,,23.3,,9.8,,35.199999999999996,,53.0,,27.700000000000003,
L30_N3362,30,3362,random,,1.3550506830215454,0.00020706320356111974,0.001372573897242546,0.00854632817208767,0.03809873014688492,0.2522357106208801,3.4000000000000004,,95.3,,2.5,,3.2,,6.1,,2.8000000000000003,
L20_N13595,20,13595,random,,1.8342117071151733,0.00019085108942817897,0.0029546874575316906,0.01252235658466816,0.05428013205528259,0.30735310912132263,36.3,,27.0,,66.9,,46.0,,47.199999999999996,,50.5,
L30_N3394,30,3394,random,,1.3515801429748535,0.0002078708348562941,0.001688348944298923,0.008419694378972054,0.030830245465040207,0.23542119562625885,3.3000000000000003,,95.7,,1.2,,9.700000000000001,,5.1,,1.0,
L30_N3538,30,3538,random,,2.0293867588043213,0.00019677523232530802,0.004935114178806543,0.014034387655556202,0.045096319168806076,0.2753223478794098,83.5,,78.8,,12.2,,84.2,,63.1,,12.1,
L23_N5383,23,5383,random,,1.8420865535736084,0.0001955409679794684,0.0029694847762584686,0.013933628797531128,0.056958310306072235,0.3118601143360138,40.9,,72.3,,71.6,,47.0,,62.8,,59.599999999999994,
L23_N12921,23,12921,random,,1.835249662399292,0.0001933613675646484,0.001382998307235539,0.010850467719137669,0.048790667206048965,0.2843347489833832,37.0,,51.4,,27.700000000000003,,3.5999999999999996,,27.0,,26.8,
L30_N46,30,46,random,,1.575777292251587,0.00019542367954272777,0.002694279421120882,0.01664225570857525,0.05181283876299858,0.2836139500141144,8.4,,70.89999999999999,,25.5,,37.4,,79.7,,40.300000000000004,
L28_N14064,28,14064,random,,1.9229062795639038,0.00020747221424244344,0.0027104481123387814,0.01360148936510086,0.057683929800987244,0.2897334098815918,56.89999999999999,,95.5,,38.4,,38.1,,59.4,,62.1,
L23_N2129,23,2129,random,,1.8001352548599243,0.00019579743093345314,0.002107343403622508,0.014124841429293156,0.05539590120315552,0.2815079987049103,22.6,,73.9,,22.400000000000002,,17.9,,64.2,,54.6,
L23_N1801,23,1801,random,,1.8178695440292358,0.00020102820417378098,0.0019866791553795338,0.014253883622586727,0.058121420443058014,0.3066208064556122,27.700000000000003,,90.5,,65.9,,15.1,,65.4,,63.3,
L31_N14195,31,14195,random,,2.1906182765960693,0.00019248777243774384,0.003254214534536004,0.015149843879044056,0.046488042920827866,0.28005343675613403,95.7,,41.8,,19.2,,55.1,,72.1,,16.8,
L20_N2159,20,2159,random,,1.5962790250778198,0.00018670191639102995,0.004407420754432678,0.019964126870036125,0.08801664412021637,0.3752332031726837,9.3,,14.000000000000002,,87.6,,78.9,,86.6,,87.5,
L20_N5869,20,5869,random,,1.8260036706924438,0.00018983813060913235,0.004392023663967848,0.020090186968445778,0.06489209085702896,0.32461321353912354,31.2,,21.8,,79.3,,78.60000000000001,,87.0,,77.5,
L23_N9647,23,9647,random,,1.8424298763275146,0.00019121244258712977,0.0033886381424963474,0.017140932381153107,0.0557609461247921,0.2967621982097626,41.099999999999994,,29.5,,51.800000000000004,,59.199999999999996,,81.39999999999999,,56.10000000000001,
L28_N258,28,258,random,,1.9209489822387695,0.0001953797327587381,0.002392940688878298,0.011480370536446571,0.05944349989295006,0.2974664568901062,55.900000000000006,,70.6,,53.2,,26.900000000000002,,34.9,,67.5,
L23_N4347,23,4347,random,,1.8019871711730957,0.0001935562613653019,0.0025142584927380085,0.011134848929941654,0.04869990423321724,0.2874651849269867,23.200000000000003,,53.1,,34.0,,31.900000000000002,,30.3,,26.400000000000002,
L20_N2076,20,2076,random,,1.7854468822479248,0.00017939307144843042,0.002386022126302123,0.0128893768414855,0.058495040982961655,0.35011759400367737,20.4,,8.9,,84.5,,26.8,,51.1,,65.10000000000001,
L31_N6897,31,6897,random,,1.7832461595535278,0.00018367383745498955,0.0038641863502562046,0.01852620579302311,0.06167810782790184,0.3072429299354553,20.0,,11.1,,66.8,,69.5,,85.0,,73.2,
L30_N1862,30,1862,random,,2.0749475955963135,0.00019332118972670287,0.005105083808302879,0.013084812089800835,0.052978530526161194,0.2988031506538391,89.4,,50.9,,55.60000000000001,,85.8,,53.800000000000004,,45.1,
L31_N1041,31,1041,random,,0.8416578769683838,0.00021097171702422202,0.003161427564918995,0.019923295825719833,0.05655232444405556,0.28480368852615356,0.0,,96.8,,28.9,,53.1,,86.5,,58.5,
L29_N7344,29,7344,random,,2.0055370330810547,0.000197526445845142,0.0032820466440171003,0.012068690732121468,0.05069856718182564,0.28624260425567627,79.5,,81.89999999999999,,31.8,,56.00000000000001,,41.9,,35.199999999999996,
L28_N8408,28,8408,random,,1.9076532125473022,0.00019290549971628934,0.0026562067214399576,0.009764795191586018,0.052369698882102966,0.30017971992492676,52.6,,46.5,,58.3,,35.699999999999996,,16.2,,42.699999999999996,
L30_N1786,30,1786,random,,1.7829493284225464,0.00021309644216671586,0.015119270421564579,0.03695033863186836,0.11421474069356918,0.40439659357070923,19.900000000000002,,97.39999999999999,,89.9,,96.8,,94.0,,91.5,
L29_N8254,29,8254,random,,1.9761699438095093,0.00019606106798164546,0.0019759549759328365,0.01254258118569851,0.04697582498192787,0.27615123987197876,73.2,,75.1,,13.5,,14.899999999999999,,47.699999999999996,,18.9,
L23_N10077,23,10077,random,,1.8408604860305786,0.00019742026051972061,0.004313762299716473,0.014962198212742805,0.06129271537065506,0.31114283204078674,40.300000000000004,,81.2,,70.7,,77.7,,70.89999999999999,,72.1,
L20_N11915,20,11915,random,,1.7372931241989136,0.00018854471272788942,0.004222925286740065,0.02746887505054474,0.09759126603603363,0.3774429261684418,15.2,,17.2,,88.0,,76.2,,91.5,,89.1,
L31_N8543,31,8543,random,,2.1771316528320312,0.00019363056344445795,0.0017996268579736352,0.011062981560826302,0.04383423924446106,0.27108725905418396,94.6,,54.0,,8.200000000000001,,11.899999999999999,,29.5,,9.1,
L28_N7504,28,7504,random,,1.926882028579712,0.00020249650697223842,0.0030594703275710344,0.015959808602929115,0.059688303619623184,0.3044278621673584,58.099999999999994,,91.8,,63.4,,50.0,,77.10000000000001,,68.2,
L31_N510,31,510,random,,2.2089695930480957,0.00019097283075097948,0.0022388948127627373,0.015663886442780495,0.05449856445193291,0.28564581274986267,96.39999999999999,,28.1,,30.599999999999998,,21.9,,75.8,,51.6,
L20_N7847,20,7847,random,,1.813607096672058,0.00019074560259468853,0.004975019488483667,0.01905127428472042,0.062476541846990585,0.31530752778053284,25.900000000000002,,26.6,,74.5,,84.7,,85.6,,74.9,
L29_N6984,29,6984,random,,1.9757009744644165,0.00019640444952528924,0.005078765098005533,0.015470010228455067,0.05146185681223869,0.2871699929237366,72.89999999999999,,77.2,,33.6,,85.6,,74.6,,39.300000000000004,
L31_N1768,31,1768,random,,2.228245973587036,0.0001941046502906829,0.0029502357356250286,0.009423700161278248,0.04232456535100937,0.27070772647857666,97.6,,59.699999999999996,,8.0,,45.800000000000004,,12.2,,6.4,
L29_N11671,29,11671,random,,1.9893800020217896,0.00019661651458591223,0.003090489888563752,0.009948456659913063,0.04395303875207901,0.2711012661457062,76.0,,78.2,,8.3,,51.0,,17.8,,9.2,
L29_N1204,29,1204,random,,1.9437202215194702,0.00019633409101516008,0.002531524049118161,0.01407171692699194,0.044203463941812515,0.2640185058116913,65.0,,76.6,,4.8,,32.4,,63.9,,9.700000000000001,
L20_N5277,20,5277,random,,1.826954960823059,0.00019254349172115326,0.0017270023236051202,0.010228184051811695,0.0470554418861866,0.2882017195224762,31.900000000000002,,42.699999999999996,,35.3,,10.6,,20.3,,19.3,
L30_N2430,30,2430,random,,2.042847156524658,0.00019380959565751255,0.001997159793972969,0.008557925932109356,0.051323432475328445,0.283500075340271,85.7,,56.39999999999999,,25.4,,15.5,,6.2,,38.7,
L20_N2067,20,2067,random,,1.8141521215438843,0.00018930411897599697,0.0034347500186413527,0.013249882496893406,0.06662876904010773,0.3125308156013489,26.1,,19.5,,72.2,,60.5,,55.400000000000006,,79.2,
L28_N10228,28,10228,random,,1.9374195337295532,0.00019383864128030837,0.0030226334929466248,0.011002431623637676,0.057928554713726044,0.30782559514045715,62.1,,56.99999999999999,,67.4,,49.3,,28.999999999999996,,62.6,
L31_N9590,31,9590,random,,2.18804931640625,0.00019312510266900063,0.00237003481015563,0.01057390682399273,0.051987435668706894,0.2963920533657074,95.39999999999999,,48.8,,50.9,,26.1,,23.799999999999997,,40.8,
L30_N11667,30,11667,random,,1.9959449768066406,0.00019317369151394814,0.004115190822631121,0.011338215321302414,0.04936053603887558,0.28271040320396423,77.9,,49.6,,23.9,,74.3,,32.7,,29.7,
L28_N6240,28,6240,random,,1.9335505962371826,0.00019015563884750009,0.0012796258088201284,0.012933996506035328,0.07737594097852707,0.3258282244205475,60.3,,23.400000000000002,,79.80000000000001,,1.7999999999999998,,51.6,,85.39999999999999,
L30_N8692,30,8692,random,,2.0405988693237305,0.00019369239453226328,0.0031439373269677162,0.010759600438177586,0.04864806681871414,0.2918015420436859,85.2,,54.50000000000001,,42.1,,52.7,,26.3,,25.8,
L28_N7433,28,7433,random,,1.8664485216140747,0.00012026046169921756,0.006000470835715532,0.022198369726538658,0.619667649269104,0.8325942158699036,48.4,,0.3,,99.7,,89.9,,89.1,,99.7,
L30_N9919,30,9919,random,,2.0657639503479004,0.0001940637594088912,0.0021790044847875834,0.009654290974140167,0.052147768437862396,0.29152581095695496,88.6,,59.3,,41.4,,20.3,,15.4,,42.0,
L29_N1624,29,1624,random,,1.9535508155822754,0.0001850648841354996,0.004921178799122572,0.016863107681274414,0.07113521546125412,0.4036846458911896,67.10000000000001,,12.1,,89.7,,83.89999999999999,,80.5,,82.89999999999999,
L31_N10664,31,10664,random,,2.3051939010620117,0.00019684188009705395,0.0030568719375878572,0.011133736930787563,0.04987930506467819,0.2718764543533325,99.3,,79.2,,8.6,,49.9,,30.2,,31.900000000000002,
L30_N11810,30,11810,random,,1.1731913089752197,0.00021083249885123223,0.001523990067653358,0.00696048466488719,0.03194436430931091,0.2325897216796875,0.7000000000000001,,96.7,,1.0999999999999999,,6.0,,0.8,,1.2,
L23_N7046,23,7046,random,,1.8691071271896362,0.00019596390484366566,0.0033903683070093393,0.01522791013121605,0.04833240434527397,0.28455400466918945,48.699999999999996,,74.5,,28.4,,59.3,,72.7,,24.099999999999998,
L29_N3743,29,3743,random,,1.989570140838623,0.00018798156816046685,0.0038587222807109356,0.015006580390036106,0.05810052901506424,0.3100791275501251,76.1,,16.2,,69.1,,69.39999999999999,,71.3,,63.2,
L29_N5553,29,5553,random,,1.9333428144454956,0.00019219737441744655,0.0020246198400855064,0.007827037014067173,0.043368540704250336,0.2650297284126282,60.199999999999996,,39.7,,5.2,,15.9,,2.4,,8.4,
L29_N6532,29,6532,random,,1.5444666147232056,0.00019307126058265567,0.002449125051498413,0.015135644935071468,0.04869144782423973,0.28022271394729614,7.3999999999999995,,48.5,,19.7,,29.5,,71.8,,26.200000000000003,
L29_N11953,29,11953,random,,1.978184700012207,0.00019638700177893043,0.0018337448127567768,0.00912662036716938,0.04669427126646042,0.27916815876960754,74.1,,77.0,,18.099999999999998,,12.4,,9.4,,17.7,
L20_N5120,20,5120,random,,1.8365851640701294,0.0001891741412691772,0.0028342900332063437,0.014820532873272896,0.07166227698326111,0.3335086703300476,38.4,,19.0,,82.6,,42.0,,69.8,,83.6,
L29_N5120,29,5120,random,,1.9735184907913208,0.00019214162603020668,0.0021219404879957438,0.008769876323640347,0.04511803761124611,0.2979705333709717,72.2,,39.0,,54.0,,18.2,,7.199999999999999,,12.2,
L31_N4176,31,4176,random,,2.2129263877868652,0.00019162875832989812,0.0017629662761464715,0.008615218102931976,0.04860343039035797,0.28277158737182617,96.7,,33.0,,24.099999999999998,,11.200000000000001,,6.4,,25.5,
L28_N2500,28,2500,random,,1.9406673908233643,0.00019510037964209914,0.0022166629787534475,0.014235899783670902,0.05422329530119896,0.2967962920665741,64.0,,68.4,,51.9,,21.099999999999998,,65.2,,49.9,
L31_N7770,31,7770,random,,2.145169734954834,0.00019172448082827032,0.001234244555234909,0.00957526545971632,0.04745141789317131,0.28245556354522705,92.9,,34.1,,23.799999999999997,,1.4000000000000001,,14.299999999999999,,20.8,
L20_N1494,20,1494,random,,1.8306429386138916,0.00019264628645032644,0.002498901914805174,0.01039449218660593,0.04778164252638817,0.2821095287799835,33.7,,43.6,,23.5,,31.2,,21.8,,22.7,
L20_N1527,20,1527,random,,1.8537567853927612,0.00018994626589119434,0.002067380119115114,0.01287976372987032,0.05713028088212013,0.2973721921443939,45.7,,22.5,,52.900000000000006,,17.2,,51.0,,59.8,
L29_N1582,29,1582,random,,1.8150602579116821,0.00020023791876155883,0.0021850380580872297,0.0076362742111086845,0.03855535387992859,0.2549521028995514,26.400000000000002,,89.3,,3.0,,20.5,,2.1,,3.1,
L31_N12104,31,12104,random,,1.782514214515686,0.00019921576313208789,0.008643531240522861,0.04562962055206299,0.10138755291700363,0.3742006719112396,19.8,,87.2,,87.4,,94.69999999999999,,95.1,,89.9,
L28_N13300,28,13300,random,,1.6519113779067993,0.00019955431343987584,0.00409842561930418,0.015084930695593357,0.05428934469819069,0.2963229715824127,10.6,,87.9,,50.6,,73.9,,71.6,,50.7,
L23_N9115,23,9115,random,,1.848506212234497,0.00019137603521812707,0.0032510682940483093,0.01411457359790802,0.055952075868844986,0.2964003086090088,43.9,,31.1,,51.0,,54.900000000000006,,64.1,,56.8,
L20_N9608,20,9608,random,,1.8367003202438354,0.0001960766239790246,0.0038026084657758474,0.015561463311314583,0.062480900436639786,0.3115440607070923,38.5,,75.2,,71.5,,68.0,,75.2,,75.0,
L30_N9202,30,9202,random,,1.9746042490005493,0.00019032394629903138,0.002936301287263632,0.00985771231353283,0.04468228667974472,0.2849678099155426,72.6,,24.099999999999998,,29.099999999999998,,45.7,,17.299999999999997,,10.8,
L28_N10977,28,10977,random,,1.9571036100387573,0.00018443561566527933,0.004667636007070541,0.015264082700014114,0.058615248650312424,0.312636137008667,68.2,,11.5,,72.39999999999999,,81.69999999999999,,73.1,,65.60000000000001,
L20_N6730,20,6730,random,,1.794931173324585,0.00019175626221112907,0.002033758908510208,0.009515325538814068,0.05141241103410721,0.2824288606643677,21.3,,34.5,,23.7,,16.1,,13.600000000000001,,38.9,
L28_N14313,28,14313,random,,1.9238299131393433,0.00019369357323739678,0.0022700640838593245,0.009994358755648136,0.05069125071167946,0.28937968611717224,57.3,,54.7,,37.9,,22.6,,18.2,,35.0,
L31_N12292,31,12292,random,,1.5651566982269287,0.00018272236047778279,0.0037188793066889048,0.013451630249619484,0.05069823935627937,0.2815989851951599,8.0,,10.5,,22.5,,66.60000000000001,,57.99999999999999,,35.099999999999994,
L29_N14222,29,14222,random,,1.939521074295044,0.00016135984333232045,0.004179260227829218,0.017930852249264717,0.27235323190689087,0.5912758111953735,63.4,,3.0,,97.1,,75.4,,83.7,,97.3,
L31_N842,31,842,random,,2.200533151626587,0.00019294710364192724,0.002308736089617014,0.010536110028624535,0.04529670625925064,0.27027106285095215,96.2,,47.0,,7.8,,23.400000000000002,,23.3,,13.5,
L28_N9837,28,9837,random,,1.921763300895691,0.0002020193060161546,0.004552304279059172,0.01432740781456232,0.06680373102426529,0.32189270853996277,56.2,,91.2,,78.10000000000001,,80.4,,65.9,,79.5,
L28_N5761,28,5761,random,,1.8273508548736572,0.0001908158592414111,0.0038175738882273436,0.017056917771697044,0.07130999863147736,0.3324580490589142,32.300000000000004,,26.900000000000002,,82.3,,68.60000000000001,,81.2,,83.1,
L20_N9468,20,9468,random,,1.762340784072876,0.00017908582231029868,0.004275680053979158,0.01831301674246788,0.11517143994569778,0.4190969169139862,17.299999999999997,,8.6,,90.7,,76.9,,84.39999999999999,,91.60000000000001,
L30_N3485,30,3485,random,,2.0414323806762695,0.00019184715347364545,0.0016774819232523441,0.012477096170186996,0.0462014265358448,0.2807711958885193,85.3,,35.699999999999996,,20.599999999999998,,9.1,,46.9,,16.0,
L23_N10759,23,10759,random,,1.8276090621948242,0.00019188603619113564,0.004058250226080418,0.013847324065864086,0.06258171796798706,0.3100290298461914,32.5,,36.1,,69.0,,73.0,,62.0,,75.1,
L29_N3674,29,3674,random,,1.940410852432251,0.00018855878442991525,0.0017357411561533809,0.011157184839248657,0.08835481107234955,0.4139098525047302,63.800000000000004,,17.299999999999997,,90.4,,10.8,,30.4,,87.8,
L20_N5736,20,5736,random,,1.841059923171997,0.00019757082918658853,0.005347744561731815,0.020107511430978775,0.06049046292901039,0.31635433435440063,40.5,,82.19999999999999,,75.2,,87.5,,87.1,,70.3,
L30_N6022,30,6022,random,,2.0621562004089355,0.00020222413877490908,0.004439720418304205,0.010015364736318588,0.05187845975160599,0.2980676591396332,88.5,,91.5,,54.2,,79.3,,18.4,,40.5,
L20_N12494,20,12494,random,,1.7844241857528687,0.00019717890245374292,0.002467887010425329,0.016300849616527557,0.06304392218589783,0.3098895251750946,20.200000000000003,,80.5,,68.89999999999999,,30.3,,78.8,,75.8,
L28_N9406,28,9406,random,,1.9146264791488647,0.00019958161283284426,0.0013968803687021136,0.009287834167480469,0.05051940307021141,0.27899137139320374,54.0,,88.0,,17.9,,3.8,,10.4,,34.1,
L23_N13225,23,13225,random,,1.831827998161316,0.0001954524195753038,0.00300165475346148,0.013018064200878143,0.04679742828011513,0.3002786338329315,34.4,,71.3,,58.599999999999994,,48.5,,52.5,,18.4,
L29_N13847,29,13847,random,,1.9322384595870972,0.00016899604815989733,0.0035368534736335278,0.028012191876769066,0.1408391147851944,0.5119498372077942,59.699999999999996,,4.6,,94.5,,62.5,,91.7,,92.80000000000001,
L30_N12573,30,12573,random,,1.202365756034851,0.00019742771110031754,0.0010093991877511144,0.007484382949769497,0.026899119839072227,0.21216870844364166,1.2,,81.39999999999999,,0.5,,0.8,,1.7999999999999998,,0.3,
L30_N10052,30,10052,random,,1.2775237560272217,0.00019217649241909385,0.003943087067455053,0.011851869523525238,0.05533616989850998,0.3015632629394531,2.0,,39.5,,60.4,,71.1,,39.2,,54.1,
L31_N10529,31,10529,random,,1.3824458122253418,0.00015410529158543795,0.004925766959786415,0.015338430181145668,0.10379530489444733,0.5308570265769958,3.6999999999999997,,1.9,,95.6,,84.1,,73.9,,90.2,
L30_N430,30,430,random,,2.059811592102051,0.00019907407113350928,0.0016196414362639189,0.0082006910815835,0.05348837375640869,0.2858852744102478,88.2,,86.8,,30.9,,8.3,,3.9,,46.800000000000004,
L30_N10777,30,10777,random,,1.4167243242263794,0.00019969535060226917,0.0014418417122215033,0.006625684443861246,0.02824901044368744,0.22139404714107513,4.3999999999999995,,88.2,,0.6,,4.2,,0.7000000000000001,,0.6,
L31_N4381,31,4381,random,,2.1248531341552734,0.00019230000907555223,0.003495787503197789,0.012756031937897205,0.05663328245282173,0.31584349274635315,92.0,,40.400000000000006,,75.0,,61.6,,49.9,,58.9,
L20_N2955,20,2955,random,,1.7851171493530273,0.0001963582035386935,0.0037133621517568827,0.013256631791591644,0.04441513493657112,0.26328909397125244,20.3,,76.8,,4.5,,66.4,,55.50000000000001,,9.9,
L28_N11513,28,11513,random,,1.677984595298767,0.00018859842384699732,0.0035583556164056063,0.014455443248152733,0.05257326364517212,0.2920975089073181,12.1,,17.599999999999998,,42.5,,63.2,,67.4,,43.5,
L28_N5567,28,5567,random,,1.9154528379440308,0.0001945019030245021,0.0013567450223490596,0.009625145234167576,0.05582331120967865,0.29039257764816284,54.2,,63.2,,39.800000000000004,,3.0,,14.899999999999999,,56.3,
L28_N100,28,100,random,,1.7410165071487427,0.00019374718249309808,0.0026805726811289787,0.013555394485592842,0.05288003385066986,0.2939288318157196,15.6,,55.50000000000001,,45.5,,37.1,,59.099999999999994,,44.6,
L23_N14251,23,14251,random,,1.739121675491333,0.0001960000954568386,0.004189027473330498,0.013855688273906708,0.05403224006295204,0.29003310203552246,15.4,,74.8,,39.300000000000004,,75.7,,62.1,,49.0,
L23_N9278,23,9278,random,,1.8544883728027344,0.00019731161592062563,0.0022222762927412987,0.014783252030611038,0.0589018315076828,0.29486486315727234,45.800000000000004,,81.0,,47.3,,21.3,,69.6,,66.10000000000001,
L31_N6566,31,6566,random,,1.6670770645141602,0.00017184745229315013,0.005863518919795752,0.04429689049720764,0.2179698795080185,0.5490285754203796,11.4,,5.4,,96.0,,89.60000000000001,,94.89999999999999,,95.5,
L20_N2324,20,2324,random,,1.7856619358062744,0.00018834849470295012,0.005633441731333733,0.016047945246100426,0.06200193241238594,0.32287999987602234,20.5,,16.8,,78.7,,89.0,,77.8,,73.7,
L31_N10373,31,10373,random,,1.3715708255767822,0.00014948436000850052,0.003886667313054204,0.021676525473594666,0.10557103902101517,0.5213955044746399,3.5000000000000004,,1.5,,94.89999999999999,,69.89999999999999,,88.7,,90.5,
L20_N1503,20,1503,random,,1.790279507637024,0.00019588670693337917,0.0015025211032480001,0.008445752784609795,0.0428624153137207,0.2649625539779663,21.099999999999998,,74.0,,5.1,,5.7,,5.3,,7.5,
L31_N8691,31,8691,random,,1.4275699853897095,0.00019289834017399698,0.0024273525923490524,0.009608447551727295,0.04536426067352295,0.2846285402774811,4.6,,46.300000000000004,,28.499999999999996,,28.499999999999996,,14.799999999999999,,13.700000000000001,
L23_N6163,23,6163,random,,1.818150281906128,0.0001953772152774036,0.0031958292238414288,0.00971921719610691,0.04548965021967888,0.2739773690700531,27.800000000000004,,70.5,,10.6,,53.800000000000004,,15.8,,14.099999999999998,
L28_N2578,28,2578,random,,1.938629150390625,0.0001965851552085951,0.006440357770770788,0.019810695201158524,0.06765894591808319,0.31531092524528503,62.6,,78.10000000000001,,74.6,,90.8,,86.2,,80.5,
L28_N5105,28,5105,random,,1.9308891296386719,0.00019208174489904195,0.0015776957152411342,0.011847239919006824,0.06186322867870331,0.3118862807750702,59.099999999999994,,38.3,,71.7,,7.1,,39.0,,73.5,
L31_N5314,31,5314,random,,1.9848190546035767,0.00018481421284377575,0.0025138792116194963,0.011205420829355717,0.04821818694472313,0.2962828576564789,75.5,,11.799999999999999,,50.5,,31.8,,31.1,,23.799999999999997,
L30_N9768,30,9768,random,,2.016890048980713,0.00019202959083486348,0.005053652450442314,0.019382163882255554,0.06011272966861725,0.3119380474090576,81.10000000000001,,37.9,,71.8,,85.3,,86.0,,69.19999999999999,
L20_N861,20,861,random,,1.7988812923431396,0.00019378800061531365,0.004489875864237547,0.015960127115249634,0.0667770579457283,0.32176610827445984,22.2,,55.900000000000006,,78.0,,79.80000000000001,,77.2,,79.4,
L23_N2579,23,2579,random,,1.847761631011963,0.00019294432422611862,0.0037390764337033033,0.012833483517169952,0.04956349730491638,0.2915622591972351,43.5,,46.7,,41.5,,67.4,,50.4,,30.2,
L30_N815,30,815,random,,1.763586163520813,0.00017275313439313322,0.0075807878747582436,0.045787181705236435,0.17032581567764282,0.47271817922592163,17.4,,5.7,,92.9,,93.30000000000001,,95.19999999999999,,94.0,
L31_N1336,31,1336,random,,2.0973739624023438,0.0001905975368572399,0.003541044658049941,0.009386113844811916,0.0506008043885231,0.2942213714122772,90.60000000000001,,25.3,,46.2,,62.7,,11.200000000000001,,34.599999999999994,
L28_N7259,28,7259,random,,1.9456465244293213,0.00019302540749777108,0.002489307662472129,0.009648305363953114,0.06669134646654129,0.3043922483921051,65.60000000000001,,47.9,,63.3,,31.0,,15.2,,79.3,
L31_N6947,31,6947,random,,1.8453972339630127,0.00018933226238004863,0.0025270443875342607,0.01313553936779499,0.06583800166845322,0.3265935480594635,42.3,,19.8,,80.10000000000001,,32.1,,54.50000000000001,,78.2,
L29_N9946,29,9946,random,,2.0098419189453125,0.00019168180006090552,0.002726239850744605,0.014887177385389805,0.04927264526486397,0.2798166275024414,80.2,,33.900000000000006,,19.0,,38.9,,70.3,,29.099999999999998,
L29_N6785,29,6785,random,,1.9912956953048706,0.0001990662276512012,0.0024469734635204077,0.013016968034207821,0.056051090359687805,0.29302558302879333,76.6,,86.7,,44.3,,29.4,,52.400000000000006,,57.199999999999996,
L28_N3531,28,3531,random,,1.9228121042251587,0.00019519479246810079,0.0029711832758039236,0.013799170032143593,0.051168292760849,0.283797949552536,56.8,,69.1,,26.200000000000003,,47.199999999999996,,61.0,,37.3,
L30_N1864,30,1864,random,,1.6007391214370728,0.00020892173051834106,0.004897874314337969,0.033904362469911575,0.12665006518363953,0.42818883061408997,9.6,,96.3,,91.10000000000001,,83.8,,93.5,,92.5,
L28_N7043,28,7043,random,,1.9325822591781616,0.000189249956747517,0.0017004967667162418,0.007997204549610615,0.049710050225257874,0.28437039256095886,59.9,,19.3,,27.900000000000002,,9.8,,2.8000000000000003,,31.2,
L20_N4640,20,4640,random,,1.7506715059280396,0.0001942941889865324,0.0025800829753279686,0.012922597117722034,0.05831757187843323,0.30520081520080566,16.6,,61.0,,64.3,,34.0,,51.300000000000004,,64.5,
L31_N11116,31,11116,random,,1.5245836973190308,0.00018008235201705247,0.003658149391412735,0.02340547926723957,0.08819540590047836,0.39116257429122925,6.9,,9.2,,89.0,,65.10000000000001,,89.7,,87.6,
L30_N7972,30,7972,random,,2.0308492183685303,0.00019183398399036378,0.0015061466256156564,0.010444583371281624,0.04465620219707489,0.27142834663391113,83.8,,35.5,,8.5,,5.8999999999999995,,22.400000000000002,,10.7,
L30_N10930,30,10930,random,,2.044443368911743,0.0001901996147353202,0.0020377624314278364,0.010161519050598145,0.04928038641810417,0.2986474931240082,86.0,,23.799999999999997,,55.50000000000001,,16.3,,19.900000000000002,,29.2,
L28_N744,28,744,random,,1.7778923511505127,0.00019485234224703163,0.0033305289689451456,0.012591497972607613,0.052805591374635696,0.29232218861579895,19.2,,66.9,,42.9,,57.599999999999994,,47.9,,44.1,
L23_N6475,23,6475,random,,1.8520058393478394,0.00019529361452441663,0.005134779028594494,0.01989089325070381,0.06929781287908554,0.3314506709575653,45.5,,70.0,,82.0,,86.3,,86.4,,81.69999999999999,
L30_N897,30,897,random,,2.051560878753662,0.00019059130863752216,0.003931916784495115,0.013210533186793327,0.054111722856760025,0.29392677545547485,87.0,,25.2,,45.4,,70.6,,55.300000000000004,,49.4,
L20_N3349,20,3349,random,,1.7758336067199707,0.0001955885672941804,0.002918938407674432,0.012404260225594044,0.05062456429004669,0.2800598442554474,18.7,,72.8,,19.3,,44.7,,45.7,,34.699999999999996,
L28_N3460,28,3460,random,,1.9222419261932373,0.00018597820599097759,0.002595930825918913,0.0156486164778471,0.10039485991001129,0.37619590759277344,56.599999999999994,,13.3,,87.8,,34.300000000000004,,75.7,,89.4,
L23_N12520,23,12520,random,,1.8343379497528076,0.0001909291313495487,0.0027577478904277086,0.010280311107635498,0.046228740364313126,0.2923416197299957,36.4,,27.400000000000002,,43.0,,39.800000000000004,,21.0,,16.3,
L28_N4742,28,4742,random,,1.9223899841308594,0.00019425390928518027,0.0016483345534652472,0.010632098652422428,0.05973781272768974,0.3053410053253174,56.699999999999996,,60.699999999999996,,64.5,,8.5,,24.2,,68.4,
L28_N1965,28,1965,random,,1.9343476295471191,0.00019249512115493417,0.0018669483251869678,0.010028467513620853,0.04765116050839424,0.29746726155281067,60.8,,41.9,,53.300000000000004,,13.200000000000001,,18.7,,21.9,
L20_N8149,20,8149,random,,1.773612141609192,0.00019907578825950623,0.0024782356340438128,0.010076473467051983,0.055442970246076584,0.30285578966140747,18.0,,86.9,,62.1,,30.599999999999998,,19.1,,55.00000000000001,
L31_N7055,31,7055,random,,2.2425477504730225,0.00019812317623291165,0.0027012231294065714,0.009424361400306225,0.043327752500772476,0.2701413035392761,98.3,,84.2,,7.7,,37.6,,12.3,,8.200000000000001,
L23_N2116,23,2116,random,,1.5845932960510254,0.00017924667918123305,0.010472183115780354,0.024724086746573448,0.10597648471593857,0.45289018750190735,8.9,,8.7,,92.2,,95.8,,90.4,,90.60000000000001,
L29_N8725,29,8725,random,,1.9921364784240723,0.00019542798690963537,0.004585741087794304,0.01495316717773676,0.04667823761701584,0.2772657573223114,76.8,,71.1,,15.4,,80.80000000000001,,70.7,,17.599999999999998,
L31_N3770,31,3770,random,,2.1884679794311523,0.00019072408031206578,0.0025053697172552347,0.009809201583266258,0.03730013221502304,0.26726001501083374,95.5,,26.400000000000002,,6.3,,31.4,,16.6,,2.4,
L30_N9154,30,9154,random,,2.0324909687042236,0.0001904337841551751,0.0030730506405234337,0.010373898781836033,0.05720812454819679,0.29635584354400635,84.0,,24.4,,50.7,,50.5,,21.4,,60.0,
L31_N13208,31,13208,random,,1.9458270072937012,0.0002941180136986077,0.00954166054725647,0.021975966170430183,0.06619024276733398,0.3105871379375458,65.7,,99.6,,69.89999999999999,,95.19999999999999,,89.0,,78.8,
L28_N1180,28,1180,random,,1.9336014986038208,0.0001977266074391082,0.000998938106931746,0.006993309129029512,0.04921034350991249,0.2831626832485199,60.4,,82.69999999999999,,25.0,,0.7000000000000001,,0.8999999999999999,,28.9,
L29_N14119,29,14119,random,,1.9014378786087036,0.0001734231918817386,0.005447640549391508,0.01541241817176342,0.05965639278292656,0.3327346444129944,51.6,,6.1,,82.5,,88.1,,74.4,,68.10000000000001,
L31_N693,31,693,random,,1.4072997570037842,0.00018516898853704333,0.0013326365733519197,0.005891567096114159,0.029546130448579788,0.24493882060050964,4.2,,12.2,,2.0,,2.3,,0.3,,0.7000000000000001,
L29_N307,29,307,random,,2.0171616077423096,0.00019869992684107274,0.003343171440064907,0.017428936436772346,0.0544830821454525,0.29221561551094055,81.2,,85.6,,42.6,,57.8,,82.6,,51.5,
L29_N1275,29,1275,random,,1.3319652080535889,0.00022377072309609503,0.003264945698902011,0.008333566598594189,0.026480207219719887,0.20751377940177917,2.8000000000000003,,98.9,,0.2,,55.400000000000006,,4.8,,0.2,
L28_N9433,28,9433,random,,1.9110547304153442,0.00018789990281220526,0.0021413627546280622,0.015179116278886795,0.059174057096242905,0.3056078851222992,53.300000000000004,,16.0,,64.9,,19.1,,72.39999999999999,,66.8,
L29_N9394,29,9394,random,,2.003081798553467,0.00020046421559527516,0.0022445623762905598,0.01135659497231245,0.05072633549571037,0.2842639982700348,79.0,,89.4,,27.400000000000002,,22.0,,33.1,,35.5,
L29_N11624,29,11624,random,,1.9365547895431519,0.00019380734011065215,0.0028245458379387856,0.010876605287194252,0.05221625789999962,0.28515222668647766,62.0,,56.3,,29.599999999999998,,41.5,,27.500000000000004,,42.3,
L31_N6843,31,6843,random,,2.1624293327331543,0.00018956064013764262,0.0019079449120908976,0.009406622499227524,0.05203581973910332,0.29429322481155396,93.60000000000001,,20.599999999999998,,46.400000000000006,,13.5,,11.799999999999999,,41.3,
L28_N1887,28,1887,random,,1.952735185623169,0.00020182937441859394,0.0021263554226607084,0.012472071684896946,0.04623637720942497,0.2887590527534485,66.8,,91.10000000000001,,36.7,,18.5,,46.7,,16.400000000000002,
L29_N341,29,341,random,,1.9932013750076294,0.0001918317429954186,0.0014810257125645876,0.010639556683599949,0.05939676985144615,0.3064270317554474,77.2,,35.4,,65.7,,5.0,,24.4,,67.30000000000001,
L28_N2815,28,2815,random,,1.9392825365066528,0.00019196420907974243,0.0015764147974550724,0.01023736223578453,0.058920398354530334,0.3020215928554535,63.0,,37.0,,61.1,,7.000000000000001,,20.5,,66.3,
L30_N7538,30,7538,random,,1.7818350791931152,0.00019355981203261763,0.005541134160012007,0.015545609407126904,0.07035065442323685,0.32842162251472473,19.6,,53.2,,80.5,,88.5,,75.0,,82.5,
L31_N5928,31,5928,random,,1.7713775634765625,0.0001865951926447451,0.0021978607401251793,0.010985726490616798,0.03817335516214371,0.2652314603328705,17.9,,13.900000000000002,,5.4,,20.8,,28.499999999999996,,2.9000000000000004,
L20_N7155,20,7155,random,,1.8392966985702515,0.0001882518408820033,0.0026155118830502033,0.011237909086048603,0.058365851640701294,0.310617059469223,39.800000000000004,,16.6,,70.0,,34.9,,31.5,,64.9,
L20_N3986,20,3986,random,,1.83272385597229,0.0001920972572406754,0.0025307475589215755,0.014944687485694885,0.056379083544015884,0.30451831221580505,35.099999999999994,,38.4,,63.9,,32.2,,70.5,,57.99999999999999,
L29_N9648,29,9648,random,,1.9929245710372925,0.00019252985657658428,0.004854576662182808,0.016271039843559265,0.05040658265352249,0.29540419578552246,77.10000000000001,,42.6,,48.5,,83.3,,78.5,,33.4,
L29_N8584,29,8584,random,,2.059199333190918,0.00016902196512091905,0.008886528201401234,0.033091988414525986,0.12259599566459656,0.4356260895729065,87.9,,4.7,,91.4,,94.8,,93.30000000000001,,92.0,
L20_N6484,20,6484,random,,1.8287348747253418,0.00018942516180686653,0.003966277465224266,0.013619907200336456,0.06460445374250412,0.3095185160636902,32.800000000000004,,20.1,,68.60000000000001,,71.2,,59.599999999999994,,77.10000000000001,
L28_N12219,28,12219,random,,1.6729774475097656,0.00020774667791556567,0.001314244233071804,0.010020490735769272,0.04117433726787567,0.2524544596672058,11.700000000000001,,95.6,,2.6,,2.0,,18.5,,4.6,
L28_N12765,28,12765,random,,2.0514943599700928,0.00019446262740530074,0.0020445566624403,0.011627149768173695,0.05178552865982056,0.30006644129753113,86.9,,62.8,,57.9,,16.6,,36.5,,40.2,
L23_N1251,23,1251,random,,1.827569842338562,0.00020456862694118172,0.0024190174881368876,0.013344472274184227,0.05505382642149925,0.29917943477630615,32.4,,93.0,,56.3,,28.1,,56.599999999999994,,53.5,
L30_N10374,30,10374,random,,2.010629177093506,0.00019671556947287172,0.00440757442265749,0.020294252783060074,0.0859888419508934,0.3757343888282776,80.5,,78.4,,87.7,,79.0,,87.3,,87.3,
L20_N8693,20,8693,random,,1.8160748481750488,0.0001940904330695048,0.0026640724390745163,0.012737656012177467,0.057771019637584686,0.3024487793445587,27.0,,59.599999999999994,,61.8,,36.3,,49.8,,62.2,
L30_N3176,30,3176,random,,2.029162645339966,0.00019075976160820574,0.0029807966202497482,0.009400852024555206,0.04526997730135918,0.2800408899784088,83.39999999999999,,26.700000000000003,,19.1,,47.4,,11.700000000000001,,13.200000000000001,
L28_N5752,28,5752,random,,1.9189751148223877,0.0001957343047251925,0.0037182606756687164,0.013292452320456505,0.05311797559261322,0.2984306216239929,55.2,,73.7,,55.00000000000001,,66.5,,56.00000000000001,,45.2,
L31_N13417,31,13417,random,,2.1757006645202637,0.00018961535533890128,0.001533040078356862,0.009119807742536068,0.04579288512468338,0.29992958903312683,94.39999999999999,,21.0,,57.8,,6.2,,9.3,,15.0,
L31_N13353,31,13353,random,,2.167433500289917,0.00019182254618499428,0.00448820972815156,0.015314511954784393,0.05208360776305199,0.2917778789997101,93.89999999999999,,35.3,,42.0,,79.7,,73.5,,41.699999999999996,
L23_N3871,23,3871,random,,1.8460888862609863,0.00019711791537702084,0.00246187555603683,0.00938763003796339,0.04014308378100395,0.25125089287757874,42.5,,80.0,,2.3,,29.9,,11.4,,3.8,
L20_N2399,20,2399,random,,1.8494619131088257,0.00019392439571674913,0.002667927648872137,0.018001049757003784,0.05939677357673645,0.301866739988327,44.5,,57.49999999999999,,60.8,,36.5,,84.0,,67.4,
L28_N3232,28,3232,random,,2.0203909873962402,0.00018249530694447458,0.00789729692041874,0.02634529583156109,0.08587957918643951,0.35128387808799744,81.69999999999999,,10.4,,84.6,,93.8,,91.0,,87.2,
L23_N9869,23,9869,random,,1.8130098581314087,0.00017044793639797717,0.003141525201499462,0.011987426318228245,0.10768962651491165,0.535569429397583,25.7,,5.1,,95.8,,52.5,,41.199999999999996,,90.9,
L23_N12455,23,12455,random,,1.8596047163009644,0.00019131838052999228,0.002236331347376108,0.015347147360444069,0.05766543745994568,0.3002358078956604,47.0,,30.7,,58.5,,21.6,,74.0,,61.9,
L31_N1234,31,1234,random,,2.1764259338378906,0.00019614705524872988,0.0023659190628677607,0.011378022842109203,0.050706613808870316,0.2952362895011902,94.5,,75.6,,48.0,,25.900000000000002,,33.5,,35.3,
L23_N12662,23,12662,random,,1.833499789237976,0.00019095378229394555,0.0050056795589625835,0.013027195818722248,0.06232719495892525,0.31027641892433167,35.8,,27.800000000000004,,69.39999999999999,,85.0,,52.900000000000006,,74.5,
L31_N8095,31,8095,random,,1.4658108949661255,0.00019312834774609655,0.0015601625200361013,0.005692618899047375,0.0271181371062994,0.2238743007183075,5.4,,48.9,,0.7000000000000001,,6.800000000000001,,0.1,,0.5,
L29_N12360,29,12360,random,,1.9634289741516113,0.00019889553368557245,0.0027499371208250523,0.009387608617544174,0.042352210730314255,0.2759188115596771,69.6,,86.4,,13.100000000000001,,39.6,,11.3,,6.6000000000000005,
L30_N12449,30,12449,random,,1.9302932024002075,0.0001856343587860465,0.0033719963394105434,0.01313155796378851,0.05297563225030899,0.28313520550727844,59.0,,13.100000000000001,,24.9,,58.8,,54.400000000000006,,45.0,
L30_N7354,30,7354,random,,1.9444867372512817,0.00018917745910584927,0.0042152139358222485,0.013470756821334362,0.06222479045391083,0.315386027097702,65.4,,19.1,,74.8,,76.1,,58.199999999999996,,74.2,
L31_N9248,31,9248,random,,1.6731582880020142,0.00019122085359413177,0.00234890915453434,0.010154608637094498,0.041207823902368546,0.2662370204925537,11.799999999999999,,29.599999999999998,,6.1,,25.0,,19.8,,4.8,
L31_N10408,31,10408,random,,1.5048918724060059,0.00016821835015434772,0.005061108618974686,0.07839830219745636,0.2677946090698242,0.5960016846656799,6.3,,4.3999999999999995,,97.2,,85.39999999999999,,97.0,,97.0,
L30_N5295,30,5295,random,,1.9780001640319824,0.0001898137852549553,0.0018871129723265767,0.011271413415670395,0.049187496304512024,0.29389581084251404,74.0,,21.6,,45.2,,13.4,,32.4,,28.7,
L31_N5179,31,5179,random,,2.1437575817108154,0.0001895073801279068,0.0033283664379268885,0.013794981874525547,0.0479164756834507,0.2954890727996826,92.60000000000001,,20.3,,48.699999999999996,,57.49999999999999,,60.9,,22.900000000000002,
L23_N7205,23,7205,random,,1.8390024900436401,0.00020073429914191365,0.0030918580014258623,0.016678540036082268,0.05972864478826523,0.29859939217567444,39.6,,89.8,,55.2,,51.2,,80.0,,68.30000000000001,
L20_N7682,20,7682,random,,1.8360224962234497,0.00019114302995149046,0.003257988952100277,0.015285300090909004,0.06366558372974396,0.3204781115055084,37.9,,28.999999999999996,,77.0,,55.300000000000004,,73.3,,76.5,
L29_N10344,29,10344,random,,2.0365142822265625,0.00019151985179632902,0.00366286956705153,0.012097002938389778,0.05662744119763374,0.3064691126346588,84.5,,32.0,,65.8,,65.3,,42.4,,58.8,
L28_N13047,28,13047,random,,1.913825511932373,0.0001992337201954797,0.0031847162172198296,0.014181998558342457,0.07111379504203796,0.3213198184967041,53.6,,87.3,,77.8,,53.7,,64.8,,82.8,
L28_N9689,28,9689,random,,1.9354915618896484,0.00019418330339249223,0.004581617657095194,0.014462114311754704,0.06606936454772949,0.31373077630996704,61.3,,60.5,,73.1,,80.7,,67.5,,78.60000000000001,
L20_N5766,20,5766,random,,2.105046272277832,0.00019529413839336485,0.0019709242042154074,0.01184985600411892,0.06050838157534599,0.3165152370929718,90.9,,70.1,,75.4,,14.7,,39.1,,70.39999999999999,
L30_N8539,30,8539,matched,L30_N1457,1.6437251567840576,0.0007948615239001811,0.03778083994984627,0.08879345655441284,0.2330189049243927,0.5434837937355042,10.2,,100.0,,96.0,,99.1,,97.39999999999999,,96.2,
L30_N1334,30,1334,matched,L30_N1457,1.7874205112457275,0.000193266270798631,0.004234069027006626,0.016569027677178383,0.055923495441675186,0.30622604489326477,20.8,,50.6,,65.4,,76.4,,79.4,,56.599999999999994,
L30_N5160,30,5160,matched,L30_N1457,1.9257112741470337,0.0001919335627462715,0.004941869061440229,0.026316363364458084,0.0861913338303566,0.3692409098148346,57.699999999999996,,36.7,,87.1,,84.39999999999999,,91.0,,87.4,
L30_N7716,30,7716,matched,L30_N1457,1.8975436687469482,0.0001926634431583807,0.002685311483219266,0.011810089461505413,0.05492681264877319,0.3066820502281189,51.2,,44.1,,66.2,,37.3,,38.6,,53.400000000000006,
L30_N7554,30,7554,matched,L30_N1457,1.7089647054672241,0.0001908007834572345,0.0032867821864783764,0.021220417693257332,0.07718918472528458,0.3511117100715637,14.2,,26.900000000000002,,84.6,,56.2,,88.5,,85.39999999999999,
L30_N680,30,680,matched,L30_N1457,1.743915319442749,0.0001945199037436396,0.005933758802711964,0.027845779433846474,0.1003199964761734,0.3886673152446747,15.9,,63.6,,88.8,,89.9,,91.7,,89.3,
L30_N1028,30,1028,matched,L30_N1457,1.921918272972107,0.00019044274813495576,0.0022738485131412745,0.012716962024569511,0.05918430909514427,0.29853036999702454,56.39999999999999,,24.6,,55.1,,22.7,,49.6,,66.9,
L30_N6125,30,6125,matched,L30_N1457,1.9268643856048584,0.00019137088384013623,0.004848078824579716,0.014261141419410706,0.050800152122974396,0.2892349660396576,58.099999999999994,,31.1,,37.6,,83.3,,65.5,,35.9,
L30_N4756,30,4756,matched,L30_N1457,1.9568381309509277,0.00019071242422796786,0.003196118399500847,0.015158569440245628,0.06046522781252861,0.3217586576938629,68.0,,26.400000000000002,,78.0,,53.900000000000006,,72.2,,70.1,
L30_N1378,30,1378,matched,L30_N1457,1.8999273777008057,0.00018777724471874535,0.0031034541316330433,0.015451130457222462,0.07633699476718903,0.34874919056892395,51.300000000000004,,16.0,,84.39999999999999,,51.6,,74.6,,84.89999999999999,
L30_N11058,30,11058,matched,L30_N1457,1.6790915727615356,0.00014166600885801017,0.006020836066454649,0.031715456396341324,0.25752630829811096,0.6433857679367065,12.2,,1.2,,97.89999999999999,,90.10000000000001,,93.0,,96.7,
L30_N1585,30,1585,matched,L30_N1457,1.9600046873092651,0.00019349265494383872,0.0031958650797605515,0.010866100899875164,0.05124342441558838,0.28820091485977173,68.8,,52.6,,35.3,,53.900000000000006,,27.3,,37.7,
L30_N10522,30,10522,matched,L30_N1457,1.7500818967819214,0.0001408692478435114,0.029298685491085052,0.07719472050666809,0.38533100485801697,0.6912975907325745,16.6,,1.2,,98.7,,98.9,,96.89999999999999,,98.7,
L30_N10158,30,10158,matched,L30_N1457,1.9099386930465698,0.0002217460423707962,0.0021133474074304104,0.007904428988695145,0.0331457145512104,0.23890279233455658,52.900000000000006,,98.6,,1.5,,18.099999999999998,,2.7,,1.5,
L30_N8524,30,8524,matched,L30_N1457,1.640967607498169,0.00018216278112959117,0.004052306059747934,0.017402373254299164,0.08914279192686081,0.39146336913108826,10.2,,10.100000000000001,,89.1,,72.8,,82.6,,87.9,
L30_N6388,30,6388,matched,L30_N1457,1.7898637056350708,0.00019649055320769548,0.008155948482453823,0.02567005157470703,0.0826190635561943,0.371441125869751,21.099999999999998,,77.7,,87.2,,94.19999999999999,,90.9,,86.4,
L30_N7738,30,7738,matched,L30_N1457,1.8472086191177368,0.00019262623391114175,0.008379945531487465,0.0184923242777586,0.07103291898965836,0.32643458247184753,43.2,,43.5,,80.0,,94.3,,85.0,,82.8,
L30_N9885,30,9885,matched,L30_N1457,1.865654468536377,0.00020662983297370374,0.0019766720943152905,0.01095915399491787,0.045546483248472214,0.2726612091064453,48.1,,95.0,,9.4,,15.1,,28.199999999999996,,14.399999999999999,
L30_N9319,30,9319,matched,L30_N1457,1.9042024612426758,0.00019163699471391737,0.005793735384941101,0.016399530693888664,0.05640639737248421,0.3018260598182678,52.0,,33.300000000000004,,60.8,,89.5,,79.4,,58.099999999999994,
L30_N13653,30,13653,matched,L30_N1457,1.9145523309707642,0.00019450053514447063,0.0029719225130975246,0.015413980931043625,0.05796939879655838,0.2949521541595459,54.0,,63.2,,47.4,,47.3,,74.5,,62.9,
L30_N12778,30,12778,matched,L30_N1457,1.7806814908981323,0.00021193528664298356,0.004498663824051619,0.016757899895310402,0.050710827112197876,0.2787823975086212,19.6,,97.0,,17.299999999999997,,80.0,,80.4,,35.4,
L30_N752,30,752,matched,L30_N1457,1.967379093170166,0.0001915268221637234,0.001369164208881557,0.010013241320848465,0.0464329868555069,0.28746476769447327,70.6,,32.2,,34.0,,3.2,,18.4,,16.5,
L30_N7520,30,7520,matched,L30_N1457,1.75105619430542,0.00015255548350978643,0.13417160511016846,0.20056232810020447,0.31259849667549133,0.6201114654541016,16.7,,1.7000000000000002,,97.39999999999999,,99.7,,99.2,,97.7,
L30_N13990,30,13990,matched,L30_N1457,1.8154075145721436,0.00018606979574542493,0.004483926575630903,0.015181485563516617,0.06993222236633301,0.3342113494873047,26.6,,13.4,,82.69999999999999,,79.7,,72.6,,82.19999999999999,
L30_N9670,30,9670,matched,L30_N1457,1.664589285850525,0.00018270306463818997,0.00925888679921627,0.05013023689389229,0.2367384284734726,0.5991315245628357,11.3,,10.5,,97.39999999999999,,95.1,,95.6,,96.3,
L30_N11196,30,11196,matched,L30_N1457,1.7466037273406982,0.0001630075857974589,0.0036572213284671307,0.017096174880862236,0.0866335928440094,0.40723133087158203,16.3,,3.4000000000000004,,90.4,,65.10000000000001,,81.3,,87.4,
L30_N3113,30,3113,matched,L30_N1457,1.9403321743011475,0.00019800548034254462,0.0026813496369868517,0.010249482467770576,0.04650396108627319,0.2796637713909149,63.7,,83.7,,18.9,,37.2,,20.8,,16.900000000000002,
L30_N5345,30,5345,matched,L30_N1457,1.7661490440368652,0.00017212411330547184,0.0032424675300717354,0.013728977181017399,0.13050104677677155,0.490233451128006,17.5,,5.7,,93.8,,54.800000000000004,,60.699999999999996,,92.7,
L30_N10356,30,10356,matched,L30_N1457,1.9354925155639648,0.00019661728583741933,0.003289347281679511,0.009593197144567966,0.051249679177999496,0.28321415185928345,61.4,,78.3,,25.2,,56.3,,14.499999999999998,,37.7,
L30_N7990,30,7990,matched,L30_N1457,1.6388496160507202,0.00020512970513664186,0.003399473847821355,0.009938092902302742,0.05454932898283005,0.29661324620246887,10.2,,93.7,,51.6,,59.699999999999996,,17.7,,51.9,
L30_N8449,30,8449,matched,L30_N1457,1.735825777053833,0.0001944410178111866,0.0018393450882285833,0.012014695443212986,0.060489121824502945,0.2968102693557739,15.2,,62.6,,52.0,,12.6,,41.4,,70.3,
L30_N2525,30,2525,matched,L30_N1457,1.8147642612457275,0.00019109222921542823,0.0020961593836545944,0.015246647410094738,0.06631433963775635,0.3175802230834961,26.3,,28.799999999999997,,75.8,,17.7,,72.8,,79.0,
L30_N1139,30,1139,matched,L30_N1457,1.6870019435882568,0.00020537097589112818,0.0031152493320405483,0.012729527428746223,0.054862022399902344,0.3110593259334564,12.4,,93.8,,70.7,,51.800000000000004,,49.8,,53.1,
L30_N7528,30,7528,matched,L30_N1457,1.722285270690918,0.0001858802861534059,0.004322526976466179,0.015992801636457443,0.06451369822025299,0.33247804641723633,14.7,,13.3,,82.39999999999999,,77.8,,77.5,,76.8,
L30_N1765,30,1765,matched,L30_N1457,1.9229364395141602,0.00019093342416454107,0.0013722821604460478,0.008717319928109646,0.04286755621433258,0.279325395822525,56.99999999999999,,27.500000000000004,,18.6,,3.2,,7.1,,7.6,
L30_N14000,30,14000,matched,L30_N1457,1.9101743698120117,0.00019844311464112252,0.0037647229619324207,0.010002242401242256,0.04689594358205795,0.28130072355270386,53.1,,85.2,,22.0,,67.80000000000001,,18.3,,18.7,
L30_N5724,30,5724,matched,L30_N1457,1.712184190750122,0.0001932140876306221,0.0030951304361224174,0.015273054130375385,0.054094936698675156,0.3010530173778534,14.399999999999999,,50.2,,59.9,,51.4,,73.3,,49.4,
L30_N12334,30,12334,matched,L30_N1457,1.877221941947937,0.0001964840485015884,0.004753293003886938,0.020409762859344482,0.0688641220331192,0.33501744270324707,49.7,,77.7,,82.69999999999999,,82.5,,87.6,,81.3,
L30_N1512,30,1512,matched,L30_N1457,1.8029085397720337,0.00018437282415106893,0.0045104301534593105,0.01385343074798584,0.06227966770529747,0.3290652930736542,23.3,,11.5,,80.9,,80.0,,62.1,,74.5,
L30_N8496,30,8496,matched,L30_N1457,1.9577522277832031,0.00018930068472400308,0.004471859894692898,0.013634119182825089,0.050891488790512085,0.29199114441871643,68.5,,19.5,,42.5,,79.7,,59.699999999999996,,36.199999999999996,
L30_N11082,30,11082,matched,L30_N1457,1.9481861591339111,0.0001936621411005035,0.001940991496667266,0.010264620184898376,0.05364591255784035,0.2996498644351959,66.3,,54.400000000000006,,57.4,,14.299999999999999,,20.8,,47.199999999999996,
L30_N2848,30,2848,matched,L30_N1457,1.8905118703842163,0.00020812060392927378,0.0038173224311321974,0.012566722929477692,0.050826847553253174,0.2892339527606964,50.9,,96.0,,37.6,,68.60000000000001,,47.8,,35.9,
L30_N701,30,701,matched,L30_N1457,1.618803858757019,0.00019070929556619376,0.002165985992178321,0.010568094439804554,0.07750245183706284,0.3404429256916046,9.9,,26.400000000000002,,83.5,,20.0,,23.799999999999997,,85.5,
L30_N4147,30,4147,matched,L30_N1457,1.8893358707427979,0.00020595990645233542,0.004035462625324726,0.01765197142958641,0.07274261116981506,0.33999550342559814,50.7,,94.3,,83.5,,72.6,,83.1,,84.0,
L30_N12194,30,12194,matched,L30_N1457,1.827245831489563,0.00018837314564734697,0.0032649135682731867,0.016080928966403008,0.055229805409908295,0.304683655500412,32.300000000000004,,16.900000000000002,,64.3,,55.400000000000006,,78.3,,54.0,
L30_N7280,30,7280,matched,L30_N1457,1.9553048610687256,0.00018971967801917344,0.004909874871373177,0.019821522757411003,0.06222974881529808,0.3134189546108246,67.60000000000001,,21.5,,73.1,,83.89999999999999,,86.3,,74.3,
L30_N7299,30,7299,matched,L30_N1457,1.6656302213668823,0.0002558631240390241,0.013280407525599003,0.0375114269554615,0.1917528659105301,0.5258273482322693,11.3,,99.3,,95.19999999999999,,96.7,,94.1,,95.0,
L30_N8811,30,8811,matched,L30_N1457,1.9410873651504517,0.0001942724484251812,0.0034371973015367985,0.014872458763420582,0.0506097711622715,0.28549978137016296,64.1,,60.9,,30.2,,60.6,,70.3,,34.699999999999996,
L30_N8788,30,8788,matched,L30_N1457,1.9652295112609863,0.00019299988343846053,0.0060545913875103,0.02204940840601921,0.06859879940748215,0.3198190927505493,70.39999999999999,,47.8,,76.8,,90.2,,89.1,,81.2,
L30_N10431,30,10431,matched,L30_N1457,1.9347273111343384,0.00015135781723074615,0.03174251690506935,0.0857178121805191,0.305886834859848,0.6342358589172363,61.0,,1.7000000000000002,,97.7,,99.0,,97.3,,97.7,
L29_N4392,29,4392,matched,L29_N11909,1.3869298696517944,0.00020571923232637346,0.003998531959950924,0.015182826668024063,0.04448280856013298,0.2773803174495697,3.8,,94.3,,15.6,,71.89999999999999,,72.6,,10.100000000000001,
L29_N9562,29,9562,matched,L29_N11909,1.4398225545883179,0.00020270291133783758,0.006395218428224325,0.029093731194734573,0.08200174570083618,0.34496596455574036,5.2,,92.10000000000001,,83.7,,90.8,,91.8,,86.3,
L29_N9803,29,9803,matched,L29_N11909,1.3471910953521729,0.00020360792404972017,0.002678975462913513,0.01007986068725586,0.03821893036365509,0.25500428676605225,3.0,,92.4,,3.1,,37.0,,19.2,,3.0,
L29_N7479,29,7479,matched,L29_N11909,1.262276291847229,0.00020379202032927424,0.0018817709060385823,0.007483791559934616,0.03794538974761963,0.24573880434036255,1.9,,92.5,,2.1,,13.4,,1.7999999999999998,,2.8000000000000003,
L29_N10121,29,10121,matched,L29_N11909,1.3992668390274048,0.00020938512170687318,0.003193124197423458,0.012225335463881493,0.041020385921001434,0.2497466802597046,4.1000000000000005,,96.39999999999999,,2.1999999999999997,,53.800000000000004,,44.1,,4.3999999999999995,
L29_N10665,29,10665,matched,L29_N11909,1.4858965873718262,0.0001881212810985744,0.002437303075566888,0.0067328158766031265,0.030788380652666092,0.21939116716384888,6.0,,16.400000000000002,,0.6,,28.9,,0.8,,1.0,
L29_N8909,29,8909,matched,L29_N11909,1.5374847650527954,0.00019393226830288768,0.008512569591403008,0.030322745442390442,0.10445709526538849,0.39078882336616516,7.3999999999999995,,57.8,,89.0,,94.6,,92.4,,90.3,
L29_N1613,29,1613,matched,L29_N11909,1.5006885528564453,0.00019539364438969642,0.0024842489510774612,0.00733910920098424,0.03420388326048851,0.24168960750102997,6.3,,70.7,,1.7000000000000002,,30.9,,1.2,,1.9,
L29_N8803,29,8803,matched,L29_N11909,1.49054753780365,0.0001772466639522463,0.001266897888854146,0.013811272569000721,0.0537245087325573,0.3136425018310547,6.0,,7.5,,73.1,,1.6,,61.6,,47.599999999999994,
L29_N1842,29,1842,matched,L29_N11909,1.3827742338180542,0.0001889690029202029,0.005418648011982441,0.01291129644960165,0.04712989926338196,0.2838756740093231,3.8,,18.7,,26.700000000000003,,87.9,,51.2,,19.400000000000002,
L29_N8713,29,8713,matched,L29_N11909,1.4899636507034302,0.000150299645611085,0.0015385218430310488,0.011154522188007832,0.18806028366088867,0.5900590419769287,6.0,,1.6,,97.0,,6.5,,30.4,,94.89999999999999,
L29_N2836,29,2836,matched,L29_N11909,1.5023787021636963,0.00016819463053252548,0.006252672988921404,0.016030319035053253,0.07825606316328049,0.39349082112312317,6.3,,4.3999999999999995,,89.2,,90.60000000000001,,77.7,,85.7,
L29_N14074,29,14074,matched,L29_N11909,1.3908259868621826,0.00019162324315402657,0.002300218679010868,0.010934198275208473,0.046337492763996124,0.28245192766189575,3.8,,33.0,,23.799999999999997,,23.3,,27.900000000000002,,16.5,
L29_N10119,29,10119,matched,L29_N11909,1.3924590349197388,0.00019888434326276183,0.003944992553442717,0.011694575659930706,0.05771638825535774,0.29349714517593384,3.8,,86.4,,44.800000000000004,,71.2,,37.1,,62.2,
L29_N7519,29,7519,matched,L29_N11909,1.5015065670013428,0.00018949412333313376,0.0027248875703662634,0.0101232398301363,0.04727320000529289,0.28367310762405396,6.3,,20.3,,25.7,,38.800000000000004,,19.400000000000002,,20.0,
L29_N6857,29,6857,matched,L29_N11909,1.5024386644363403,0.0001912831939989701,0.01373621542006731,0.044180117547512054,0.1338265985250473,0.42109692096710205,6.3,,30.4,,90.9,,96.7,,94.89999999999999,,92.7,
L29_N4221,29,4221,matched,L29_N11909,1.459405541419983,0.00019685435108840466,0.006545631214976311,0.04342857748270035,0.12586413323879242,0.42380475997924805,5.4,,79.3,,90.9,,91.10000000000001,,94.89999999999999,,92.4,
L29_N8753,29,8753,matched,L29_N11909,1.5316839218139648,0.00020887372375000268,0.002727472921833396,0.0115617411211133,0.041806504130363464,0.2586580812931061,7.3,,96.3,,3.5000000000000004,,39.0,,35.9,,5.7,
L29_N2583,29,2583,matched,L29_N11909,1.3157105445861816,0.00019636063370853662,0.009355539456009865,0.047990668565034866,0.15639500319957733,0.4720192849636078,2.6,,76.9,,92.9,,95.1,,95.39999999999999,,93.4,
L29_N4130,29,4130,matched,L29_N11909,1.4337900876998901,0.0001887020334834233,0.004296198952943087,0.014449345879256725,0.057922303676605225,0.31679442524909973,4.8,,17.8,,75.6,,77.2,,67.4,,62.6,
L29_N9197,29,9197,matched,L29_N11909,1.3425698280334473,0.0002343086089240387,0.0025231812614947557,0.0151454396545887,0.046202901750802994,0.2589184641838074,3.0,,99.1,,3.5999999999999996,,32.1,,72.0,,16.1,
L29_N8291,29,8291,matched,L29_N11909,1.4566650390625,0.00021338864462450147,0.0026086769066751003,0.008703259751200676,0.038128793239593506,0.25198134779930115,5.4,,97.5,,2.5,,34.699999999999996,,6.9,,2.9000000000000004,
L29_N10308,29,10308,matched,L29_N11909,1.4553744792938232,0.0001882526557892561,0.014837296679615974,0.04302295297384262,0.14478273689746857,0.4600892961025238,5.4,,16.7,,92.5,,96.8,,94.89999999999999,,93.0,
L29_N3895,29,3895,matched,L29_N11909,1.3533700704574585,0.00018064104369841516,0.0023309302050620317,0.00864946935325861,0.04179637134075165,0.2646767795085907,3.4000000000000004,,9.3,,5.0,,24.3,,6.800000000000001,,5.7,
L29_N2671,29,2671,matched,L29_N11909,1.4049407243728638,0.0002033524215221405,0.004358893260359764,0.012906121090054512,0.04979328811168671,0.27483391761779785,4.2,,92.30000000000001,,11.799999999999999,,78.3,,51.2,,31.6,
L29_N14108,29,14108,matched,L29_N11909,1.2710260152816772,0.00020351116836536676,0.0027869248297065496,0.010282211005687714,0.03762749582529068,0.25463131070137024,1.9,,92.30000000000001,,2.9000000000000004,,40.2,,21.2,,2.5,
L29_N9929,29,9929,matched,L29_N11909,1.3790820837020874,0.00016800506273284554,0.011762702837586403,0.06158970668911934,0.20374134182929993,0.5356904864311218,3.6999999999999997,,4.3999999999999995,,95.89999999999999,,96.3,,96.7,,95.1,
L29_N8710,29,8710,matched,L29_N11909,1.4181102514266968,0.0002027353912126273,0.0022353220265358686,0.015507440082728863,0.048905741423368454,0.2791602611541748,4.5,,92.10000000000001,,18.099999999999998,,21.6,,74.8,,27.200000000000003,
L29_N3813,29,3813,matched,L29_N11909,1.533271074295044,0.00019432438421063125,0.002777604851871729,0.015223998576402664,0.08059181272983551,0.3642149269580841,7.3999999999999995,,61.4,,86.6,,40.2,,72.7,,86.1,
L29_N13358,29,13358,matched,L29_N11909,1.5005394220352173,0.00018789000750984997,0.005035254172980785,0.02645636349916458,0.10413133352994919,0.388978511095047,6.3,,16.0,,88.9,,85.3,,91.10000000000001,,90.3,
L29_N2833,29,2833,matched,L29_N11909,1.5191497802734375,0.00022981938673183322,0.005828383844345808,0.028335805982351303,0.10067638009786606,0.3815813958644867,6.6000000000000005,,99.1,,88.2,,89.5,,91.8,,89.7,
L29_N10906,29,10906,matched,L29_N11909,1.4839248657226562,0.00019811834499705583,0.011836233548820019,0.03537921607494354,0.10057457536458969,0.37213847041130066,6.0,,84.2,,87.2,,96.39999999999999,,93.89999999999999,,89.7,
L29_N12880,29,12880,matched,L29_N11909,1.4878336191177368,0.00020649957878049463,0.002478664740920067,0.009531578980386257,0.038018133491277695,0.24819062650203705,6.0,,94.69999999999999,,2.1,,30.7,,13.8,,2.8000000000000003,
L29_N9513,29,9513,matched,L29_N11909,1.2712650299072266,0.00019515454187057912,0.0017102592391893268,0.007687317673116922,0.031220311298966408,0.23110826313495636,1.9,,69.0,,0.8999999999999999,,10.2,,2.4,,1.0999999999999999,
L29_N715,29,715,matched,L29_N11909,1.327309012413025,0.00020492287876550108,0.0018326720455661416,0.009156263433396816,0.03499564900994301,0.24108971655368805,2.6,,93.4,,1.6,,12.2,,9.5,,2.0,
L29_N9523,29,9523,matched,L29_N11909,1.396262526512146,0.00019123956735711545,0.0022897874005138874,0.009152599610388279,0.04048885032534599,0.2633667290210724,4.0,,29.9,,4.6,,23.3,,9.5,,4.1000000000000005,
L29_N8265,29,8265,matched,L29_N11909,1.37985098361969,0.00019232748309150338,0.005114871077239513,0.0232489462941885,0.09830799698829651,0.40223264694213867,3.6999999999999997,,40.6,,89.60000000000001,,85.9,,89.7,,89.2,
L29_N5011,29,5011,matched,L29_N11909,1.5378868579864502,0.00019912539573851973,0.004194203298538923,0.008846177719533443,0.0424138568341732,0.2697494328022003,7.3999999999999995,,87.1,,7.3999999999999995,,75.8,,7.7,,6.800000000000001,
L29_N5983,29,5983,matched,L29_N11909,1.2619024515151978,0.00019762928423006088,0.003220020793378353,0.009896599687635899,0.032437000423669815,0.24378155171871185,1.9,,82.6,,1.9,,54.400000000000006,,17.599999999999998,,1.5,
L29_N8969,29,8969,matched,L29_N11909,1.4965107440948486,0.000140490461490117,0.001991140889003873,0.013138997368514538,0.33468109369277954,0.7265655398368835,6.2,,1.2,,98.8,,15.299999999999999,,54.7,,98.1,
L29_N12303,29,12303,matched,L29_N11909,1.3084603548049927,0.00018686693510971963,0.0011136140674352646,0.006851745303720236,0.03418831527233124,0.26461637020111084,2.6,,14.2,,5.0,,1.0,,0.8,,1.9,
L29_N5343,29,5343,matched,L29_N11909,1.3004404306411743,0.00020226556807756424,0.0037631234154105186,0.009406684897840023,0.02486930973827839,0.21275649964809418,2.4,,91.60000000000001,,0.6,,67.80000000000001,,11.899999999999999,,0.1,
L29_N6244,29,6244,matched,L29_N11909,1.5401804447174072,0.0002048954920610413,0.00267403875477612,0.009028722532093525,0.03341658040881157,0.22830460965633392,7.3999999999999995,,93.4,,0.8,,37.0,,8.799999999999999,,1.6,
L29_N4037,29,4037,matched,L29_N11909,1.2686175107955933,0.0001943112292792648,0.0013934456510469317,0.012311800383031368,0.03584811091423035,0.23242537677288055,1.9,,61.199999999999996,,1.0999999999999999,,3.8,,44.9,,2.1999999999999997,
L29_N4284,29,4284,matched,L29_N11909,1.4891226291656494,0.00019212898041587323,0.00558846490457654,0.024702534079551697,0.09199646860361099,0.38894063234329224,6.0,,38.7,,88.9,,89.0,,90.4,,88.2,
L29_N2422,29,2422,matched,L29_N11909,1.2902332544326782,0.00019228749442845583,0.0023330231197178364,0.010658669285476208,0.03897056356072426,0.24082794785499573,2.1999999999999997,,40.300000000000004,,1.6,,24.4,,24.9,,3.3000000000000003,
L29_N7794,29,7794,matched,L29_N11909,1.523949384689331,0.00018585845828056335,0.0019909299444407225,0.011649937368929386,0.042392898350954056,0.26450833678245544,6.9,,13.3,,5.0,,15.299999999999999,,36.8,,6.800000000000001,
L29_N3115,29,3115,matched,L29_N11909,1.4864333868026733,0.00016470946138724685,0.004316175822168589,0.0184780340641737,0.0743943378329277,0.38434624671936035,6.0,,3.5000000000000004,,88.4,,77.8,,85.0,,84.5,
L29_N12858,29,12858,matched,L29_N11909,1.2694188356399536,0.00020630014478228986,0.014224310405552387,0.03379341959953308,0.12484583258628845,0.44854122400283813,1.9,,94.6,,92.2,,96.7,,93.5,,92.4,
L29_N13690,29,13690,matched,L29_N11909,1.3606398105621338,0.00018625447410158813,0.0031660660170018673,0.018519768491387367,0.0892801582813263,0.3544326722621918,3.5000000000000004,,13.5,,85.39999999999999,,53.300000000000004,,85.0,,87.9,
L29_N14198,29,14198,matched,L29_N13925,1.9243192672729492,0.0001917152403621003,0.002860645530745387,0.009076469577848911,0.046721216291189194,0.29695338010787964,57.49999999999999,,34.1,,52.400000000000006,,43.1,,9.1,,17.9,
L29_N12733,29,12733,matched,L29_N13925,1.7929997444152832,0.0001862142962636426,0.006027224473655224,0.032666198909282684,0.10095129162073135,0.4000481069087982,21.2,,13.5,,89.4,,90.2,,93.2,,89.9,
L29_N8983,29,8983,matched,L29_N13925,1.7937251329421997,0.0001922283845487982,0.002843245165422559,0.012949053198099136,0.06605417281389236,0.3187832832336426,21.2,,40.0,,76.2,,42.6,,51.7,,78.60000000000001,
L29_N558,29,558,matched,L29_N13925,1.7771763801574707,0.0001391233818139881,0.003224016632884741,0.3783716559410095,0.4537802040576935,0.7042706608772278,18.9,,1.2,,98.7,,54.50000000000001,,99.8,,99.1,
L29_N11376,29,11376,matched,L29_N13925,1.9060488939285278,0.00018655580061022192,0.0017485376447439194,0.012444856576621532,0.05083537846803665,0.31043916940689087,52.2,,13.8,,69.69999999999999,,10.9,,46.400000000000006,,36.0,
L29_N5722,29,5722,matched,L29_N13925,1.8236554861068726,0.0002240682952105999,0.0033314183820039034,0.018456947058439255,0.05270560830831528,0.29767122864723206,29.9,,99.0,,53.800000000000004,,57.699999999999996,,84.8,,43.8,
L29_N13196,29,13196,matched,L29_N13925,1.8443232774734497,0.00018589614774100482,0.003438322339206934,0.018007244914770126,0.05743354558944702,0.30996638536453247,42.0,,13.3,,69.0,,60.6,,84.1,,60.9,
L29_N10572,29,10572,matched,L29_N13925,1.8917402029037476,0.00018327293219044805,0.005916519556194544,0.01897391863167286,0.08010384440422058,0.35769009590148926,50.9,,11.0,,85.8,,89.9,,85.5,,86.1,
L29_N2176,29,2176,matched,L29_N13925,1.8758211135864258,0.00018846170860342681,0.004816963337361813,0.015249796211719513,0.056829456239938736,0.3308582603931427,49.6,,16.900000000000002,,81.8,,82.89999999999999,,72.8,,59.3,
L29_N10290,29,10290,matched,L29_N13925,1.8705195188522339,0.00016875464643817395,0.021876027807593346,0.14002761244773865,0.2005208134651184,0.4853444993495941,48.9,,4.5,,93.5,,98.1,,98.5,,95.0,
L29_N6453,29,6453,matched,L29_N13925,1.8512089252471924,0.00017543078865855932,0.0025544902309775352,0.011565697379410267,0.047700364142656326,0.2954057455062866,45.4,,7.000000000000001,,48.6,,33.4,,36.0,,22.2,
L29_N2615,29,2615,matched,L29_N13925,1.8735638856887817,0.00019414648704696447,0.002465099561959505,0.011833282187581062,0.04913035035133362,0.27674800157546997,49.0,,60.3,,14.2,,30.3,,38.800000000000004,,28.599999999999998,
L29_N2818,29,2818,matched,L29_N13925,1.7297691106796265,0.0002000447129830718,0.0011877811048179865,0.010752256959676743,0.03939947485923767,0.250297874212265,14.899999999999999,,88.7,,2.1999999999999997,,1.0,,26.200000000000003,,3.5999999999999996,
L29_N3093,29,3093,matched,L29_N13925,1.7511816024780273,0.00020440935622900724,0.00265262252651155,0.0118118179962039,0.03385334089398384,0.25624558329582214,16.7,,92.9,,3.1,,35.6,,38.6,,1.7000000000000002,
L29_N14138,29,14138,matched,L29_N13925,1.773862600326538,0.0001285027974518016,0.008293971419334412,0.04074559360742569,0.5609149932861328,0.7709811925888062,18.2,,0.4,,99.5,,94.3,,94.69999999999999,,99.5,
L29_N11878,29,11878,matched,L29_N13925,1.8405168056488037,0.00015538674779236317,0.0029018218629062176,0.013759247027337551,0.16719558835029602,0.5700752139091492,40.300000000000004,,2.0,,96.6,,44.3,,60.699999999999996,,93.89999999999999,
L29_N13260,29,13260,matched,L29_N13925,1.9285863637924194,0.00019216339569538832,0.006492919754236937,0.016925347968935966,0.058583661913871765,0.3066355586051941,58.599999999999994,,39.300000000000004,,66.10000000000001,,91.0,,80.80000000000001,,65.3,
L29_N10687,29,10687,matched,L29_N13925,1.8038121461868286,0.0001971527235582471,0.001158712082542479,0.010898950509727001,0.0491378977894783,0.28275787830352783,23.400000000000002,,80.4,,24.0,,1.0,,27.700000000000003,,28.599999999999998,
L29_N13807,29,13807,matched,L29_N13925,1.8158634901046753,0.00019324332242831588,0.0033379066735506058,0.010414980351924896,0.04874500632286072,0.28386446833610535,26.900000000000002,,50.5,,26.6,,57.8,,22.1,,26.700000000000003,
L29_N2852,29,2852,matched,L29_N13925,1.841942310333252,0.00019509988487698138,0.004283398389816284,0.011383891105651855,0.04416594281792641,0.2610577344894409,40.9,,68.4,,3.9,,77.10000000000001,,33.6,,9.6,
L29_N12428,29,12428,matched,L29_N13925,1.6355924606323242,0.0001878993061836809,0.004735534079372883,0.016765136271715164,0.0719452053308487,0.3215557038784027,10.2,,16.0,,77.9,,82.3,,80.4,,83.8,
L29_N7414,29,7414,matched,L29_N13925,1.5926077365875244,0.00020479645172599703,0.001747471746057272,0.007677488960325718,0.025611568242311478,0.21194720268249512,9.2,,93.30000000000001,,0.5,,10.9,,2.3,,0.1,
L29_N655,29,655,matched,L29_N13925,1.6977860927581787,0.00019105139654129744,0.002102646743878722,0.01061119232326746,0.04632553085684776,0.2892594635486603,13.200000000000001,,28.7,,37.7,,17.8,,24.099999999999998,,16.5,
L29_N7002,29,7002,matched,L29_N13925,1.902801275253296,0.00019581467495299876,0.0024294829927384853,0.01164006907492876,0.048918403685092926,0.29044029116630554,51.9,,74.0,,39.900000000000006,,28.7,,36.8,,27.3,
L29_N6225,29,6225,matched,L29_N13925,1.9321688413619995,0.00017197169654536992,0.01632513664662838,0.06519453972578049,0.18482032418251038,0.4988124370574951,59.699999999999996,,5.5,,94.1,,97.1,,96.7,,94.6,
L29_N11611,29,11611,matched,L29_N13925,1.9033750295639038,0.0001916165929287672,0.004172447137534618,0.013070575892925262,0.051604460924863815,0.2893916666507721,52.0,,33.0,,38.0,,75.2,,53.6,,39.7,
L29_N12394,29,12394,matched,L29_N13925,1.929674506187439,0.0001953668106580153,0.002912254771217704,0.01135987974703312,0.04850194975733757,0.27134475111961365,59.0,,70.39999999999999,,8.5,,44.7,,33.2,,24.8,
L29_N4115,29,4115,matched,L29_N13925,1.8921153545379639,0.00018102428293786943,0.009247096255421638,0.03227997198700905,0.13285668194293976,0.473462849855423,50.9,,9.5,,93.0,,95.1,,93.10000000000001,,92.7,
L29_N7527,29,7527,matched,L29_N13925,1.6783547401428223,0.00017433484026696533,0.009705490432679653,0.03637749329209328,0.1302492320537567,0.46986889839172363,12.2,,6.5,,92.7,,95.5,,94.0,,92.7,
L29_N10483,29,10483,matched,L29_N13925,1.7396928071975708,0.00017887511057779193,0.004835974890738726,0.02181418240070343,0.08848899602890015,0.3822753429412842,15.5,,8.5,,88.2,,83.1,,89.0,,87.9,
L29_N4860,29,4860,matched,L29_N13925,1.8602919578552246,0.00019962353690061718,0.00237269327044487,0.009350951761007309,0.0431322418153286,0.2719586193561554,47.199999999999996,,88.1,,8.7,,26.400000000000002,,10.9,,7.8,
L29_N12951,29,12951,matched,L29_N13925,1.907967448234558,0.0001935891923494637,0.004524256102740765,0.013742649927735329,0.05639396980404854,0.30778372287750244,52.800000000000004,,53.6,,67.4,,80.2,,60.699999999999996,,58.099999999999994,
L29_N12895,29,12895,matched,L29_N13925,1.617715835571289,0.000207911100005731,0.003704478731378913,0.01182605978101492,0.05128401890397072,0.29253196716308594,9.9,,95.8,,43.7,,66.3,,38.7,,38.4,
L29_N13405,29,13405,matched,L29_N13925,1.7278618812561035,0.00019056099699810147,0.001771954819560051,0.011881883256137371,0.04328018054366112,0.25776875019073486,14.799999999999999,,25.1,,3.3000000000000003,,11.4,,39.7,,7.9,
L29_N7595,29,7595,matched,L29_N13925,1.9185314178466797,0.00018522726895753294,0.004422299563884735,0.029215224087238312,0.08373900502920151,0.36757513880729675,55.00000000000001,,12.4,,87.0,,79.3,,92.0,,86.7,
L29_N4054,29,4054,matched,L29_N13925,1.9002472162246704,0.00017618649872019887,0.02643834613263607,0.055861856788396835,0.13233830034732819,0.4246689975261688,51.4,,7.1,,91.0,,98.7,,96.2,,92.7,
L29_N9101,29,9101,matched,L29_N13925,1.6588208675384521,0.0001839772885432467,0.0032708949875086546,0.011039387434720993,0.05535329505801201,0.33659130334854126,11.0,,11.200000000000001,,82.69999999999999,,55.60000000000001,,29.2,,54.2,
L29_N4143,29,4143,matched,L29_N13925,1.9325345754623413,0.00019197372603230178,0.001966599142178893,0.012234683148562908,0.048580605536699295,0.29058849811553955,59.9,,37.3,,40.1,,14.7,,44.1,,25.4,
L29_N5299,29,5299,matched,L29_N13925,1.930519700050354,0.00019565178081393242,0.0025006092619150877,0.0115576246753335,0.047748927026987076,0.27512601017951965,59.099999999999994,,73.2,,12.1,,31.4,,35.8,,22.6,
L29_N13800,29,13800,matched,L29_N13925,1.9219328165054321,0.0001945510448422283,0.0016250303015112877,0.010721741244196892,0.04988415539264679,0.2860245406627655,56.39999999999999,,64.0,,31.3,,8.4,,25.900000000000002,,32.0,
L29_N13408,29,13408,matched,L29_N13925,1.9148674011230469,0.0001886872050818056,0.003309393534436822,0.013439293950796127,0.05681181699037552,0.31062939763069153,54.1,,17.8,,70.1,,56.699999999999996,,57.699999999999996,,59.199999999999996,
L29_N7944,29,7944,matched,L29_N13925,1.8170571327209473,0.00019048464309889823,0.006601670291274786,0.022528262808918953,0.07975506782531738,0.3635765314102173,27.200000000000003,,24.8,,86.5,,91.4,,89.3,,85.9,
L29_N3377,29,3377,matched,L29_N13925,1.9207439422607422,0.00018963514594361186,0.0025567898992449045,0.009962868876755238,0.0519888773560524,0.29318568110466003,55.800000000000004,,21.099999999999998,,44.6,,33.6,,18.0,,40.9,
L29_N6278,29,6278,matched,L29_N13925,1.9076801538467407,0.00017639840370975435,0.004015086218714714,0.014015713706612587,0.10690989345312119,0.4462462067604065,52.7,,7.1,,92.2,,72.1,,63.1,,90.8,
L29_N11633,29,11633,matched,L29_N13925,1.784531831741333,0.0001975874329218641,0.002502382965758443,0.014779931865632534,0.05053866282105446,0.2997013032436371,20.3,,82.5,,57.49999999999999,,31.4,,69.6,,34.300000000000004,
L29_N9768,29,9768,matched,L29_N13925,1.7786166667938232,0.00015927347703836858,0.018157944083213806,0.04936081916093826,0.2110246866941452,0.5635530352592468,19.3,,2.7,,96.2,,97.6,,95.6,,95.3,
L29_N7474,29,7474,matched,L29_N13925,1.8604283332824707,0.00020083782146684825,0.003136642277240753,0.015729406848549843,0.07698944956064224,0.3553309142589569,47.199999999999996,,90.2,,85.39999999999999,,52.300000000000004,,76.1,,85.2,
L29_N7799,29,7799,matched,L29_N13925,1.7367088794708252,0.00020290585234761238,0.0028023202903568745,0.010280980728566647,0.05143911391496658,0.2826438546180725,15.2,,92.10000000000001,,23.9,,40.9,,21.099999999999998,,39.2,
L29_N13234,29,13234,matched,L29_N13925,1.7817261219024658,0.00015005934983491898,0.005816996097564697,0.02744160033762455,0.3876279890537262,0.6611981987953186,19.6,,1.6,,98.1,,89.5,,91.5,,98.7,
L29_N4827,29,4827,matched,L29_N13925,1.6681073904037476,0.00019317986152600497,0.00333096063695848,0.013258444145321846,0.053315650671720505,0.31072932481765747,11.5,,49.8,,70.3,,57.699999999999996,,55.60000000000001,,45.800000000000004,
L30_N9725,30,9725,matched,L30_N1777,1.285262942314148,0.00019288883777335286,0.002191517036408186,0.009097250178456306,0.030065888538956642,0.22422654926776886,2.1999999999999997,,46.2,,0.8,,20.599999999999998,,9.2,,0.8999999999999999,
L30_N12584,30,12584,matched,L30_N1777,1.285266399383545,0.00021964880579616874,0.002504090778529644,0.01348385401070118,0.04744093120098114,0.2668102979660034,2.1999999999999997,,98.5,,6.3,,31.4,,58.5,,20.8,
L30_N13201,30,13201,matched,L30_N1777,1.297054648399353,0.00019992691522929817,0.004181826487183571,0.015861012041568756,0.059765081852674484,0.3266114890575409,2.3,,88.6,,80.30000000000001,,75.5,,76.8,,68.5,
L30_N10638,30,10638,matched,L30_N1777,1.3083322048187256,0.00016286753816530108,0.002897376660257578,0.016043655574321747,0.13695533573627472,0.5196608901023865,2.6,,3.4000000000000004,,94.8,,44.1,,77.8,,92.7,
L30_N4211,30,4211,matched,L30_N1777,1.279266119003296,0.00019709688785951585,0.0013236966915428638,0.008951294235885143,0.04043982923030853,0.25493505597114563,2.1999999999999997,,80.0,,3.0,,2.3,,8.4,,4.1000000000000005,
L30_N5187,30,5187,matched,L30_N1777,1.4975684881210327,0.0001965121045941487,0.006740951910614967,0.04107283428311348,0.12818634510040283,0.4248291552066803,6.2,,77.7,,91.0,,91.60000000000001,,94.69999999999999,,92.7,
L30_N3708,30,3708,matched,L30_N1777,1.4078439474105835,0.0002763576339930296,0.015347857028245926,0.09661168605089188,0.2133963406085968,0.5288714170455933,4.3,,99.6,,95.39999999999999,,97.0,,97.6,,95.3,
L30_N6300,30,6300,matched,L30_N1777,1.5291365385055542,0.0002215705462731421,0.010529638268053532,0.03029129095375538,0.12685738503932953,0.4259687066078186,7.000000000000001,,98.6,,91.10000000000001,,95.89999999999999,,92.4,,92.7,
L30_N1381,30,1381,matched,L30_N1777,1.3300224542617798,0.00020031668827868998,0.004035573452711105,0.013811483047902584,0.05390946939587593,0.3059862554073334,2.7,,89.4,,65.2,,72.6,,61.6,,48.5,
L30_N12144,30,12144,matched,L30_N1777,1.2836912870407104,0.00020885012054350227,0.003968678880482912,0.012130209244787693,0.036961961537599564,0.24071359634399414,2.1999999999999997,,96.3,,1.6,,71.3,,42.9,,2.4,
L30_N9451,30,9451,matched,L30_N1777,1.3110836744308472,0.00020587864855770022,0.0027036438696086407,0.008530166931450367,0.03457879275083542,0.2409098893404007,2.6,,94.3,,1.6,,37.9,,6.1,,1.9,
L30_N13922,30,13922,matched,L30_N1777,1.2941192388534546,0.00021101742458995432,0.005561451427638531,0.013651402667164803,0.04959115386009216,0.2737881541252136,2.1999999999999997,,96.89999999999999,,10.299999999999999,,88.9,,59.8,,30.5,
L30_N2677,30,2677,matched,L30_N1777,1.3586130142211914,0.00019171531312167645,0.0020676986314356327,0.008350196294486523,0.03170542046427727,0.24602772295475006,3.5000000000000004,,34.1,,2.1,,17.299999999999997,,4.9,,1.2,
L30_N12939,30,12939,matched,L30_N1777,1.3543983697891235,0.00017674255650490522,0.0030118857976049185,0.0070261722430586815,0.04220188409090042,0.2751735746860504,3.4000000000000004,,7.3,,12.1,,48.699999999999996,,1.0,,6.3,
L30_N3346,30,3346,matched,L30_N1777,1.3631740808486938,0.0001834896975196898,0.006955423858016729,0.03990368917584419,0.10829134285449982,0.40487080812454224,3.5000000000000004,,11.1,,90.0,,92.0,,94.3,,91.0,
L30_N7247,30,7247,matched,L30_N1777,1.4785568714141846,0.00015933363465592265,0.0032915943302214146,0.021460868418216705,0.426977276802063,0.6886892318725586,5.800000000000001,,2.7,,98.7,,56.39999999999999,,88.5,,98.8,
L30_N2205,30,2205,matched,L30_N1777,1.3802952766418457,0.0002027864393312484,0.006309878081083298,0.023539649322628975,0.08910531550645828,0.3430195450782776,3.6999999999999997,,92.10000000000001,,83.6,,90.60000000000001,,89.9,,87.9,
L30_N4195,30,4195,matched,L30_N1777,1.3385326862335205,0.0002022483677137643,0.02979382686316967,0.11434710770845413,0.2499978393316269,0.556106686592102,2.9000000000000004,,91.60000000000001,,96.1,,98.9,,98.2,,96.6,
L30_N6899,30,6899,matched,L30_N1777,1.3828233480453491,0.0001791645190678537,0.007813085801899433,0.020269250497221947,0.09237662702798843,0.3806379437446594,3.8,,8.7,,88.2,,93.8,,87.3,,88.3,
L30_N11436,30,11436,matched,L30_N1777,1.398725986480713,0.00020278668671380728,0.012421363033354282,0.04219455644488335,0.12877312302589417,0.43443456292152405,4.1000000000000005,,92.10000000000001,,91.3,,96.6,,94.89999999999999,,92.7,
L30_N12878,30,12878,matched,L30_N1777,1.4078972339630127,0.0002041878178715706,0.0011731353588402271,0.00718724587932229,0.035064004361629486,0.23121611773967743,4.3,,92.9,,0.8999999999999999,,1.0,,1.2,,2.1,
L30_N3905,30,3905,matched,L30_N1777,1.5113102197647095,0.0001950193545781076,0.0034123545046895742,0.013946463353931904,0.06531459838151932,0.3164377510547638,6.5,,68.10000000000001,,75.4,,60.199999999999996,,62.9,,77.9,
L30_N11169,30,11169,matched,L30_N1777,1.3067808151245117,0.00019849446834996343,0.0017898817313835025,0.0067415665835142136,0.029947824776172638,0.2202950268983841,2.6,,85.39999999999999,,0.6,,11.700000000000001,,0.8,,0.8999999999999999,
L30_N2405,30,2405,matched,L30_N1777,1.4680185317993164,0.00020670385856647044,0.0019344527972862124,0.005342651624232531,0.028004556894302368,0.21036426723003387,5.5,,95.19999999999999,,0.4,,14.099999999999998,,0.1,,0.6,
L30_N5713,30,5713,matched,L30_N1777,1.2708982229232788,0.00020720450265798718,0.000962975958827883,0.009800218045711517,0.04077577218413353,0.24546897411346436,1.9,,95.39999999999999,,2.1,,0.5,,16.6,,4.3999999999999995,
L30_N11463,30,11463,matched,L30_N1777,1.3484481573104858,0.00021266279509291053,0.0024351603351533413,0.009324860759079456,0.032022103667259216,0.23426969349384308,3.2,,97.39999999999999,,1.2,,28.9,,10.7,,1.3,
L30_N8978,30,8978,matched,L30_N1777,1.490493655204773,0.00022492629068437964,0.003429938107728958,0.017453238368034363,0.05767225846648216,0.30365097522735596,6.0,,99.1,,62.7,,60.3,,82.8,,62.1,
L30_N801,30,801,matched,L30_N1777,1.3226349353790283,0.00017904919513966888,0.006224998738616705,0.021995270624756813,0.11566120386123657,0.45287829637527466,2.6,,8.6,,92.2,,90.3,,89.1,,91.7,
L30_N10476,30,10476,matched,L30_N1777,1.488876223564148,0.00025401051971130073,0.009294174611568451,0.03555810824036598,0.10377654433250427,0.3958093523979187,6.0,,99.3,,89.2,,95.1,,93.89999999999999,,90.2,
L30_N1418,30,1418,matched,L30_N1777,1.4979195594787598,0.00018886227917391807,0.0022769293282181025,0.008924719877541065,0.04868879169225693,0.28933849930763245,6.2,,18.5,,37.9,,22.900000000000002,,8.200000000000001,,26.1,
L30_N10032,30,10032,matched,L30_N1777,1.5155673027038574,0.00042501927237026393,0.018265394493937492,0.04848637804389,0.12862171232700348,0.4387703537940979,6.5,,100.0,,91.8,,97.7,,95.5,,92.7,
L30_N12582,30,12582,matched,L30_N1777,1.3901546001434326,0.00020927959121763706,0.011748440563678741,0.041562799364328384,0.11733386665582657,0.42165592312812805,3.8,,96.39999999999999,,90.9,,96.3,,94.8,,91.8,
L30_N9544,30,9544,matched,L30_N1777,1.4917579889297485,0.00015926336345728487,0.15210911631584167,0.2294563204050064,0.3675444722175598,0.6516882181167603,6.0,,2.7,,98.0,,99.7,,99.4,,98.4,
L30_N6006,30,6006,matched,L30_N1777,1.5091108083724976,0.00019015812722500414,0.0016471585258841515,0.007037141360342503,0.03255258873105049,0.2390667349100113,6.4,,23.599999999999998,,1.5,,8.5,,1.0,,1.5,
L30_N9788,30,9788,matched,L30_N1777,1.4864726066589355,0.0001687895564828068,0.01471056416630745,0.1145482063293457,0.2527179419994354,0.5618340969085693,6.0,,4.5,,96.2,,96.8,,98.2,,96.6,
L30_N2173,30,2173,matched,L30_N1777,1.4749999046325684,0.00019905199587810785,0.004160755313932896,0.015053593553602695,0.04985417425632477,0.28440725803375244,5.7,,86.7,,28.000000000000004,,74.8,,71.39999999999999,,31.7,
L30_N9572,30,9572,matched,L30_N1777,1.2783458232879639,0.0001970060693565756,0.003144975984469056,0.009851356036961079,0.04635415971279144,0.2732107639312744,2.1,,79.80000000000001,,10.2,,52.800000000000004,,17.299999999999997,,16.5,
L30_N5752,30,5752,matched,L30_N1777,1.365423321723938,0.00016355502884835005,0.01714775152504444,0.05359101668000221,0.2438470423221588,0.5736945271492004,3.5000000000000004,,3.5000000000000004,,96.7,,97.39999999999999,,96.1,,96.5,
L30_N857,30,857,matched,L30_N1777,1.2636197805404663,0.00017964250582735986,0.002913611475378275,0.010650220327079296,0.046369802206754684,0.29147669672966003,1.9,,9.0,,41.3,,44.7,,24.9,,16.5,
L30_N8084,30,8084,matched,L30_N1777,1.37953782081604,0.00016663190035615116,0.0020567839965224266,0.014886313118040562,0.06483713537454605,0.3410193622112274,3.6999999999999997,,4.2,,83.5,,17.0,,70.3,,77.4,
L30_N2538,30,2538,matched,L30_N1777,1.3589493036270142,0.00023307971423491836,0.0032177376560866833,0.011798674240708351,0.03439435735344887,0.2310725599527359,3.5000000000000004,,99.1,,0.8999999999999999,,54.400000000000006,,38.5,,1.9,
L30_N8426,30,8426,matched,L30_N1777,1.5089726448059082,0.0002502633724361658,0.008694968186318874,0.057096969336271286,0.16437366604804993,0.462715208530426,6.4,,99.3,,92.5,,94.8,,96.3,,93.8,
L30_N3878,30,3878,matched,L30_N1777,1.4368438720703125,0.00020236914861015975,0.0038999177049845457,0.009808050468564034,0.04002523422241211,0.256595253944397,4.9,,91.8,,3.2,,70.19999999999999,,16.6,,3.6999999999999997,
L30_N3683,30,3683,matched,L30_N1777,1.375687837600708,0.00020668159413617104,0.003972412087023258,0.014859581366181374,0.051054611802101135,0.28522729873657227,3.5999999999999996,,95.19999999999999,,29.7,,71.39999999999999,,70.19999999999999,,36.5,
L30_N1047,30,1047,matched,L30_N1777,1.4059109687805176,0.00019697572861332446,0.0036713925655931234,0.010522005148231983,0.03516070172190666,0.2539922893047333,4.2,,79.60000000000001,,2.7,,65.4,,23.3,,2.1,
L30_N7356,30,7356,matched,L30_N1777,1.393944263458252,0.00019053014693781734,0.00296492176130414,0.011488919146358967,0.04922620579600334,0.28100699186325073,3.8,,24.9,,21.4,,46.800000000000004,,35.0,,28.999999999999996,
L30_N11898,30,11898,matched,L30_N1777,1.2542411088943481,0.00018684539827518165,0.002916873898357153,0.009135332889854908,0.03150589019060135,0.23440074920654297,1.7999999999999998,,14.2,,1.2,,44.7,,9.5,,1.2,
L30_N3724,30,3724,matched,L30_N1777,1.2586230039596558,0.00020076082728337497,0.0022406550124287605,0.00647966330870986,0.02540559135377407,0.20357535779476166,1.9,,90.0,,0.1,,22.0,,0.7000000000000001,,0.1,
L30_N11842,30,11842,matched,L30_N1777,1.3926646709442139,0.00020482631225604564,0.0015884286258369684,0.01060357503592968,0.034449104219675064,0.23082654178142548,3.8,,93.30000000000001,,0.8999999999999999,,7.3,,24.099999999999998,,1.9,
L30_N11415,30,11415,matched,L30_N1777,1.5087541341781616,0.00023611205688212067,0.0017798246117308736,0.0069082737900316715,0.025641435757279396,0.21025815606117249,6.4,,99.1,,0.4,,11.600000000000001,,0.8,,0.1,
L23_N9406,23,9406,matched,L23_N12855,1.4311332702636719,0.00018783194536808878,0.001559232478030026,0.007220452651381493,0.037467971444129944,0.25658589601516724,4.7,,16.0,,3.2,,6.800000000000001,,1.2,,2.5,
L23_N190,23,190,matched,L23_N12855,1.5790175199508667,0.00016489044355694205,0.005032847169786692,0.08049675822257996,0.19405055046081543,0.48884379863739014,8.7,,3.5000000000000004,,93.60000000000001,,85.3,,97.1,,95.0,
L23_N13503,23,13503,matched,L23_N12855,1.6560454368591309,0.00015358680684585124,0.006189597770571709,0.1287490427494049,0.37564730644226074,0.6433650255203247,10.8,,1.9,,97.89999999999999,,90.3,,98.3,,98.5,
L23_N1658,23,1658,matched,L23_N12855,1.4607374668121338,0.0002018973755184561,0.0036217488814145327,0.018872855231165886,0.07305299490690231,0.3327817916870117,5.4,,91.2,,82.6,,64.60000000000001,,85.3,,84.3,
L23_N537,23,537,matched,L23_N12855,1.542506456375122,0.00020049893646501005,0.0032317894510924816,0.0179078858345747,0.06592904776334763,0.31667599081993103,7.3999999999999995,,89.5,,75.5,,54.7,,83.7,,78.4,
L23_N4368,23,4368,matched,L23_N12855,1.5286526679992676,0.00019293361401651055,0.008172684349119663,0.02830386906862259,0.09677495062351227,0.38514670729637146,7.000000000000001,,46.7,,88.5,,94.19999999999999,,91.8,,89.0,
L23_N3817,23,3817,matched,L23_N12855,1.6290866136550903,0.00019838327716570348,0.0038419479969888926,0.013539673760533333,0.07053857296705246,0.3375542163848877,10.2,,85.0,,83.1,,69.1,,58.9,,82.69999999999999,
L23_N12236,23,12236,matched,L23_N12855,1.6457293033599854,0.00019806409545708448,0.003140341490507126,0.010263212956488132,0.04331545531749725,0.27021554112434387,10.299999999999999,,84.0,,7.8,,52.5,,20.8,,8.0,
L23_N2908,23,2908,matched,L23_N12855,1.5912483930587769,0.0001825180952437222,0.011989565566182137,0.08640836924314499,0.1741553246974945,0.47979825735092163,9.2,,10.5,,93.10000000000001,,96.5,,97.3,,94.1,
L23_N8198,23,8198,matched,L23_N12855,1.641983985900879,0.00019829817756544799,0.005842076148837805,0.01753544807434082,0.08038387447595596,0.34729909896850586,10.2,,84.8,,84.2,,89.5,,82.89999999999999,,86.1,
L23_N13946,23,13946,matched,L23_N12855,1.6657518148422241,0.00018861278658732772,0.003906772006303072,0.017617234960198402,0.07460325211286545,0.34434977173805237,11.3,,17.8,,83.6,,70.39999999999999,,83.1,,84.6,
L23_N10551,23,10551,matched,L23_N12855,1.5315912961959839,0.00020473005133681,0.0023691507522016764,0.009933460503816605,0.03543372079730034,0.24102553725242615,7.3,,93.2,,1.6,,26.1,,17.7,,2.1,
L23_N9321,23,9321,matched,L23_N12855,1.5788377523422241,0.0001828997046686709,0.0036677648313343525,0.02599433809518814,0.10706137865781784,0.4121358096599579,8.7,,10.7,,90.4,,65.4,,91.0,,90.8,
L23_N8074,23,8074,matched,L23_N12855,1.4640569686889648,0.00018517751595936716,0.008746277540922165,0.035437580198049545,0.17774489521980286,0.5198103785514832,5.4,,12.3,,94.8,,94.8,,93.89999999999999,,94.1,
L23_N6520,23,6520,matched,L23_N12855,1.5838959217071533,0.00019378178694751114,0.0034325590822845697,0.011146445758640766,0.0434754304587841,0.27380478382110596,8.9,,55.900000000000006,,10.4,,60.4,,30.4,,8.6,
L23_N2350,23,2350,matched,L23_N12855,1.646943211555481,0.00016407987277489156,0.00434110127389431,0.019593622535467148,0.2995356619358063,0.5959756374359131,10.4,,3.5000000000000004,,97.2,,78.0,,86.1,,97.6,
L23_N11288,23,11288,matched,L23_N12855,1.6000382900238037,0.00017443539400119334,0.0031137927435338497,0.0422016941010952,0.11759268492460251,0.41914284229278564,9.6,,6.5,,90.8,,51.800000000000004,,94.89999999999999,,91.8,
L23_N4811,23,4811,matched,L23_N12855,1.5245366096496582,0.00018803469720296562,0.0030393602792173624,0.02324310876429081,0.22255633771419525,0.5223364233970642,6.9,,16.3,,95.0,,49.7,,89.7,,95.7,
L23_N4145,23,4145,matched,L23_N12855,1.6592717170715332,0.00015786162111908197,0.0037524390500038862,0.24871647357940674,0.3626004159450531,0.6311041712760925,11.0,,2.5,,97.6,,67.7,,99.4,,98.4,
L23_N4980,23,4980,matched,L23_N12855,1.6327208280563354,0.00019195106870029122,0.0042488896287977695,0.023283299058675766,0.08125916868448257,0.36175549030303955,10.2,,36.9,,86.2,,76.4,,89.7,,86.3,
L23_N2461,23,2461,matched,L23_N12855,1.6405335664749146,0.00020482549734879285,0.004491906613111496,0.020442074164748192,0.06982717663049698,0.325751930475235,10.2,,93.30000000000001,,79.80000000000001,,79.9,,87.7,,82.19999999999999,
L23_N1219,23,1219,matched,L23_N12855,1.5559355020523071,0.0001970505982171744,0.0028190158773213625,0.01792895793914795,0.08467285335063934,0.36595064401626587,7.8,,79.80000000000001,,86.9,,41.3,,83.7,,87.0,
L23_N4157,23,4157,matched,L23_N12855,1.5817495584487915,0.0001848503015935421,0.0014434837503358722,0.008739104494452477,0.05014754831790924,0.29330629110336304,8.799999999999999,,11.899999999999999,,44.7,,4.3,,7.1,,32.9,
L23_N6509,23,6509,matched,L23_N12855,1.4169632196426392,0.00017866412235889584,0.0034980003256350756,0.028910065069794655,0.11168058961629868,0.3986380100250244,4.5,,8.3,,89.3,,61.7,,91.8,,91.10000000000001,
L23_N9696,23,9696,matched,L23_N12855,1.6200947761535645,0.00019796054402831942,0.0029399346094578505,0.01158829778432846,0.03988124057650566,0.24921123683452606,9.9,,83.7,,2.1,,45.800000000000004,,36.199999999999996,,3.5999999999999996,
L23_N11623,23,11623,matched,L23_N12855,1.6358082294464111,0.00018085689225699753,0.006073544733226299,0.02782454341650009,0.08729460090398788,0.37021657824516296,10.2,,9.4,,87.1,,90.2,,91.7,,87.5,
L23_N9457,23,9457,matched,L23_N12855,1.6357371807098389,0.00019634424825198948,0.0022015925496816635,0.010806526988744736,0.0456661656498909,0.2673147916793823,10.2,,76.7,,6.4,,20.9,,26.700000000000003,,14.799999999999999,
L23_N6955,23,6955,matched,L23_N12855,1.590838074684143,0.0001794130221242085,0.007823764346539974,0.031568143516778946,0.11485929787158966,0.4246947467327118,9.2,,9.0,,91.0,,93.8,,92.9,,91.60000000000001,
L23_N1371,23,1371,matched,L23_N12855,1.6495115756988525,0.00018413631187286228,0.0098741315305233,0.041630081832408905,0.13590356707572937,0.4528469443321228,10.6,,11.4,,92.2,,95.5,,94.8,,92.7,
L23_N12238,23,12238,matched,L23_N12855,1.6380527019500732,0.0001264490419998765,0.00552260410040617,0.12464485317468643,0.5560522079467773,0.7714118361473083,10.2,,0.4,,99.5,,88.3,,98.2,,99.5,
L23_N7708,23,7708,matched,L23_N12855,1.5320346355438232,0.00018887325131800026,0.009901762939989567,0.0314970500767231,0.12682408094406128,0.4193207621574402,7.3,,18.5,,90.8,,95.5,,92.80000000000001,,92.60000000000001,
L23_N9140,23,9140,matched,L23_N12855,1.6024683713912964,0.00017787843535188586,0.009409069083631039,0.03344224765896797,0.10753843933343887,0.4052375257015228,9.700000000000001,,7.7,,90.10000000000001,,95.19999999999999,,93.5,,90.9,
L23_N8110,23,8110,matched,L23_N12855,1.4714492559432983,0.00018541979079600424,0.0032946388237178326,0.02432829514145851,0.0818668082356453,0.3656107783317566,5.7,,12.5,,86.9,,56.49999999999999,,90.2,,86.3,
L23_N522,23,522,matched,L23_N12855,1.6218469142913818,0.00018839890253730118,0.0026573119685053825,0.01016760803759098,0.04564214497804642,0.27624809741973877,10.0,,16.900000000000002,,13.600000000000001,,35.9,,20.0,,14.7,
L23_N9634,23,9634,matched,L23_N12855,1.64302659034729,0.0001990753080463037,0.004671185277402401,0.028714273124933243,0.08709293603897095,0.35360342264175415,10.2,,86.9,,85.2,,81.89999999999999,,91.8,,87.4,
L23_N7942,23,7942,matched,L23_N12855,1.4671096801757812,0.00018567850929684937,0.0037884125486016273,0.01537720113992691,0.07466193288564682,0.3417753577232361,5.5,,13.3,,83.5,,68.0,,74.1,,84.6,
L23_N8714,23,8714,matched,L23_N12855,1.6530282497406006,0.0002004968118853867,0.004786830861121416,0.018800662830471992,0.08158052712678909,0.36298975348472595,10.7,,89.5,,86.4,,82.8,,85.3,,86.3,
L23_N4198,23,4198,matched,L23_N12855,1.6614972352981567,0.0001830281544243917,0.0032353103160858154,0.030480144545435905,0.08391992002725601,0.3605819046497345,11.200000000000001,,10.8,,86.1,,54.7,,92.5,,86.7,
L23_N10490,23,10490,matched,L23_N12855,1.5391578674316406,0.0001929857098730281,0.0031707165762782097,0.012138315476477146,0.05012144148349762,0.28031063079833984,7.3999999999999995,,47.699999999999996,,20.0,,53.400000000000006,,42.9,,32.800000000000004,
L23_N2840,23,2840,matched,L23_N12855,1.495115876197815,0.0002063147840090096,0.005053184926509857,0.021950285881757736,0.08331707119941711,0.3478713035583496,6.0,,94.6,,84.2,,85.3,,89.0,,86.7,
L23_N4869,23,4869,matched,L23_N12855,1.5543320178985596,0.00016210992180276662,0.011935163289308548,0.05711245909333229,0.24400191009044647,0.550876259803772,7.8,,3.2,,96.1,,96.5,,96.3,,96.5,
L23_N6578,23,6578,matched,L23_N12855,1.641527533531189,0.00018782330153044313,0.002429941203445196,0.012187729589641094,0.04635420814156532,0.2756373882293701,10.2,,16.0,,12.8,,28.799999999999997,,43.6,,16.5,
L23_N64,23,64,matched,L23_N12855,1.6611485481262207,0.00016586203128099442,0.005806826986372471,0.03126544877886772,0.2536523938179016,0.5594024062156677,11.200000000000001,,3.8,,96.2,,89.5,,92.7,,96.6,
L23_N9380,23,9380,matched,L23_N12855,1.664233684539795,0.00017504706920590252,0.002682917984202504,0.012575519271194935,0.20425806939601898,0.5516818165779114,11.3,,6.9,,96.1,,37.3,,47.8,,95.19999999999999,
L23_N5719,23,5719,matched,L23_N12855,1.6363493204116821,0.00017772686260286719,0.006142815575003624,0.035268429666757584,0.1296062469482422,0.4486548602581024,10.2,,7.6,,92.2,,90.3,,93.89999999999999,,92.7,
L23_N8652,23,8652,matched,L23_N12855,1.6557891368865967,0.00018785808060783893,0.006354165729135275,0.024323469027876854,0.08377010375261307,0.3544429540634155,10.8,,16.0,,85.39999999999999,,90.7,,90.2,,86.7,
L23_N6400,23,6400,matched,L23_N12855,1.3855409622192383,0.00017028786533046514,0.009015068411827087,0.13642805814743042,0.20597505569458008,0.5073134303092957,3.8,,5.1,,94.39999999999999,,95.0,,98.5,,95.19999999999999,
L23_N3426,23,3426,matched,L23_N12855,1.5351476669311523,0.00017695924907457083,0.002657146891579032,0.012489036656916142,0.07866305112838745,0.3838832974433899,7.3999999999999995,,7.3999999999999995,,88.4,,35.9,,47.199999999999996,,85.7,
L23_N9995,23,9995,matched,L23_N12855,1.6549714803695679,0.00018054309475701302,0.007110724225640297,0.026274438947439194,0.10473456233739853,0.3956242501735687,10.8,,9.3,,89.2,,92.2,,91.0,,90.3,
L23_N10015,23,10015,matched,L23_N12855,1.6445271968841553,0.00014746523811481893,0.0031353128142654896,0.02104949578642845,0.3898599147796631,0.6760994791984558,10.2,,1.5,,98.4,,52.300000000000004,,88.5,,98.7,
L30_N2194,30,2194,matched,L30_N13647,1.4646592140197754,0.00019905164663214236,0.002541276626288891,0.017166288569569588,0.04504448175430298,0.2533072829246521,5.4,,86.7,,2.7,,32.7,,81.6,,11.899999999999999,
L30_N12728,30,12728,matched,L30_N13647,1.2837226390838623,0.000201260088942945,0.0017083341954275966,0.008209342136979103,0.03569551557302475,0.24195446074008942,2.1999999999999997,,90.7,,1.7000000000000002,,10.2,,4.1000000000000005,,2.1999999999999997,
L30_N8960,30,8960,matched,L30_N13647,1.3646843433380127,0.0002053424104815349,0.008609980344772339,0.03672437369823456,0.14532557129859924,0.43547219038009644,3.5000000000000004,,93.8,,91.4,,94.69999999999999,,94.0,,93.10000000000001,
L30_N1812,30,1812,matched,L30_N13647,1.3643454313278198,0.0001421880442649126,0.22087600827217102,0.3124314546585083,0.4273959696292877,0.7005175352096558,3.5000000000000004,,1.3,,98.7,,99.8,,99.6,,98.8,
L30_N12814,30,12814,matched,L30_N13647,1.3623597621917725,0.0002061369887087494,0.000752499676309526,0.006072242744266987,0.02587253414094448,0.21723128855228424,3.5000000000000004,,94.5,,0.6,,0.1,,0.4,,0.2,
L30_N13245,30,13245,matched,L30_N13647,1.5265785455703735,0.00020202169253025204,0.014233061112463474,0.04721517488360405,0.13500040769577026,0.4440705180168152,7.000000000000001,,91.3,,92.10000000000001,,96.7,,95.39999999999999,,92.7,
L30_N12358,30,12358,matched,L30_N13647,1.3034495115280151,0.00021166887017898262,0.0051327114924788475,0.016108492389321327,0.06250786036252975,0.32306167483329773,2.5,,97.0,,78.8,,86.3,,78.4,,75.1,
L30_N13422,30,13422,matched,L30_N13647,1.4909114837646484,0.00019382892060093582,0.004648769740015268,0.04243668168783188,0.13067026436328888,0.4385043978691101,6.0,,56.8,,91.8,,81.6,,94.89999999999999,,92.7,
L30_N520,30,520,matched,L30_N13647,1.4890934228897095,0.00017241663590539247,0.007644455414265394,0.045240409672260284,0.17306716740131378,0.49716198444366455,6.0,,5.7,,94.1,,93.60000000000001,,95.1,,94.1,
L30_N9642,30,9642,matched,L30_N13647,1.357176661491394,0.0001720388390822336,0.00464356504380703,0.01415468379855156,0.056254032999277115,0.3801741898059845,3.5000000000000004,,5.7,,88.2,,81.6,,64.7,,57.8,
L30_N11504,30,11504,matched,L30_N13647,1.4887864589691162,0.00021793546329718083,0.005497385747730732,0.030440568923950195,0.10197530686855316,0.38820669054985046,6.0,,98.5,,88.8,,88.3,,92.5,,90.0,
L30_N1077,30,1077,matched,L30_N13647,1.4485554695129395,0.00019747705664485693,0.0014450824819505215,0.008696550503373146,0.03972747549414635,0.27649354934692383,5.3,,81.8,,14.000000000000002,,4.3,,6.9,,3.5999999999999996,
L30_N9576,30,9576,matched,L30_N13647,1.3795208930969238,0.00018192827701568604,0.0037750655319541693,0.01571829989552498,0.09474357217550278,0.3828716576099396,3.6999999999999997,,10.0,,88.2,,68.0,,76.1,,88.7,
L30_N9287,30,9287,matched,L30_N13647,1.364619255065918,0.00017528470198158175,0.003360446309670806,0.017616745084524155,0.12453224509954453,0.43781086802482605,3.5000000000000004,,7.000000000000001,,91.8,,58.4,,83.1,,92.30000000000001,
L30_N6298,30,6298,matched,L30_N13647,1.4416559934616089,0.00019139003416057676,0.0028395659755915403,0.017058342695236206,0.062241777777671814,0.3350861370563507,5.2,,31.2,,82.69999999999999,,42.5,,81.3,,74.3,
L30_N367,30,367,matched,L30_N13647,1.3692102432250977,0.0001997265062527731,0.0011466381838545203,0.007019063923507929,0.03222205862402916,0.2303599715232849,3.5000000000000004,,88.3,,0.8999999999999999,,1.0,,1.0,,1.4000000000000001,
L30_N8832,30,8832,matched,L30_N13647,1.46853506565094,0.0001515850017312914,0.046266552060842514,0.06456120312213898,0.19017760455608368,0.5460153222084045,5.5,,1.7000000000000002,,96.0,,99.1,,96.7,,94.89999999999999,
L30_N8426,30,8426,matched,L30_N13647,1.5089726448059082,0.0002502633724361658,0.008694968186318874,0.057096969336271286,0.16437366604804993,0.462715208530426,6.4,,99.3,,92.5,,94.8,,96.3,,93.8,
L30_N6031,30,6031,matched,L30_N13647,1.3347349166870117,0.0001868753315648064,0.004246334079653025,0.01616017520427704,0.07311975210905075,0.33430713415145874,2.9000000000000004,,14.2,,82.69999999999999,,76.4,,78.5,,84.3,
L30_N2638,30,2638,matched,L30_N13647,1.3512972593307495,0.0002089506306219846,0.01549381110817194,0.06352266669273376,0.14900946617126465,0.4511711597442627,3.3000000000000003,,96.39999999999999,,92.2,,97.0,,96.7,,93.30000000000001,
L30_N14158,30,14158,matched,L30_N13647,1.3094242811203003,0.0002138358395313844,0.00154296203982085,0.007067292928695679,0.02630392089486122,0.2125968635082245,2.6,,97.6,,0.6,,6.5,,1.0,,0.2,
L30_N8161,30,8161,matched,L30_N13647,1.3821922540664673,0.00018727178394328803,0.0024808512534946203,0.010251661762595177,0.05236096680164337,0.28324729204177856,3.6999999999999997,,14.899999999999999,,25.2,,30.8,,20.8,,42.6,
L30_N3413,30,3413,matched,L30_N13647,1.3166948556900024,0.00021757911599706858,0.0014426481211557984,0.00798897072672844,0.03154474124312401,0.2176617830991745,2.6,,98.2,,0.6,,4.3,,2.8000000000000003,,1.2,
L30_N1094,30,1094,matched,L30_N13647,1.4068940877914429,0.00020942681294400245,0.002912558149546385,0.011747489683330059,0.04141334816813469,0.25136637687683105,4.2,,96.39999999999999,,2.4,,44.7,,37.7,,5.3,
L30_N8700,30,8700,matched,L30_N13647,1.3349756002426147,0.00021678685152437538,0.005900223273783922,0.022138230502605438,0.08685790002346039,0.3803904056549072,2.9000000000000004,,97.89999999999999,,88.2,,89.9,,89.1,,87.4,
L30_N13289,30,13289,matched,L30_N13647,1.4684122800827026,0.0001975886698346585,0.004018455743789673,0.012609805911779404,0.054515864700078964,0.30922791361808777,5.5,,82.5,,68.4,,72.3,,48.3,,51.9,
L30_N8288,30,8288,matched,L30_N13647,1.353273630142212,0.00022201296815183014,0.002310986863449216,0.008734455332159996,0.029129089787602425,0.216511532664299,3.4000000000000004,,98.6,,0.6,,23.599999999999998,,7.1,,0.7000000000000001,
L30_N4425,30,4425,matched,L30_N13647,1.304699182510376,0.00020046955614816397,0.0050241174176335335,0.023673228919506073,0.08425832539796829,0.36408761143684387,2.6,,89.5,,86.6,,85.3,,89.9,,86.9,
L30_N11415,30,11415,matched,L30_N13647,1.5087541341781616,0.00023611205688212067,0.0017798246117308736,0.0069082737900316715,0.025641435757279396,0.21025815606117249,6.4,,99.1,,0.4,,11.600000000000001,,0.8,,0.1,
L30_N11652,30,11652,matched,L30_N13647,1.4962878227233887,0.00019460181647446007,0.0027511832304298878,0.014587345533072948,0.055223144590854645,0.3053649365901947,6.2,,64.4,,64.60000000000001,,39.800000000000004,,68.2,,54.0,
L30_N4553,30,4553,matched,L30_N13647,1.52141535282135,0.00015731467283330858,0.00406971899792552,0.02274487353861332,0.36678194999694824,0.65263432264328,6.800000000000001,,2.5,,98.0,,73.3,,89.3,,98.4,
L30_N3423,30,3423,matched,L30_N13647,1.5354186296463013,0.00019651418551802635,0.007827251218259335,0.03648477792739868,0.11905866116285324,0.4138695001602173,7.3999999999999995,,77.7,,90.4,,93.8,,94.0,,91.8,
L30_N1609,30,1609,matched,L30_N13647,1.2969635725021362,0.00018344036652706563,0.0013776518171653152,0.008955433964729309,0.06208716705441475,0.31292110681533813,2.3,,11.1,,72.6,,3.3000000000000003,,8.4,,74.1,
L30_N11269,30,11269,matched,L30_N13647,1.3044053316116333,0.00015697896014899015,0.002572784200310707,0.06663568317890167,0.16869999468326569,0.5421780943870544,2.6,,2.3,,96.0,,33.6,,96.7,,93.89999999999999,
L30_N966,30,966,matched,L30_N13647,1.484510064125061,0.00021034128440078348,0.0027533224783837795,0.01376623660326004,0.06013061851263046,0.32626232504844666,6.0,,96.6,,80.0,,39.800000000000004,,60.8,,69.39999999999999,
L30_N7253,30,7253,matched,L30_N13647,1.4306329488754272,0.0001363689952995628,0.005466539412736893,0.019809359684586525,0.3782752454280853,0.7516078352928162,4.7,,1.2,,99.4,,88.2,,86.2,,98.6,
L30_N5117,30,5117,matched,L30_N13647,1.494672417640686,0.00020098424283787608,0.0024345158599317074,0.008686239831149578,0.04000493511557579,0.24791264533996582,6.0,,90.4,,2.1,,28.9,,6.9,,3.6999999999999997,
L30_N5043,30,5043,matched,L30_N13647,1.47287917137146,0.00015849446936044842,0.0019401651807129383,0.01106565073132515,0.07955561578273773,0.44399431347846985,5.7,,2.6,,92.10000000000001,,14.299999999999999,,29.599999999999998,,85.8,
L30_N1047,30,1047,matched,L30_N13647,1.4059109687805176,0.00019697572861332446,0.0036713925655931234,0.010522005148231983,0.03516070172190666,0.2539922893047333,4.2,,79.60000000000001,,2.7,,65.4,,23.3,,2.1,
L30_N7779,30,7779,matched,L30_N13647,1.317938208580017,0.00019698507094290107,0.0018566165817901492,0.007944885641336441,0.039139263331890106,0.2593441307544708,2.6,,79.7,,3.5999999999999996,,13.0,,2.7,,3.3000000000000003,
L30_N7676,30,7676,matched,L30_N13647,1.4765523672103882,0.00018399226246401668,0.002246091840788722,0.010432490147650242,0.045611631125211716,0.2935013473033905,5.7,,11.3,,44.800000000000004,,22.1,,22.2,,14.6,
L30_N12522,30,12522,matched,L30_N13647,1.3475749492645264,0.000193940955796279,0.001019013812765479,0.00637792656198144,0.034653715789318085,0.2517702281475067,3.0,,58.199999999999996,,2.5,,0.8999999999999999,,0.5,,1.9,
L30_N9780,30,9780,matched,L30_N13647,1.4676274061203003,0.00014099707186687738,0.0035140884574502707,0.020420009270310402,0.22096721827983856,0.6633424162864685,5.5,,1.2,,98.1,,62.1,,87.6,,95.7,
L30_N13205,30,13205,matched,L30_N13647,1.4122236967086792,0.00018896989058703184,0.0022336943075060844,0.012441903352737427,0.05346354842185974,0.28643298149108887,4.3999999999999995,,18.7,,32.300000000000004,,21.6,,46.400000000000006,,46.6,
L30_N11536,30,11536,matched,L30_N13647,1.5412631034851074,0.00022377836285158992,0.00846980419009924,0.03187400847673416,0.10207459330558777,0.39910924434661865,7.3999999999999995,,99.0,,89.3,,94.6,,93.10000000000001,,90.0,
L30_N6286,30,6286,matched,L30_N13647,1.5324828624725342,0.00012713370961137116,0.0914526879787445,0.3979879915714264,0.5650461316108704,0.7909641265869141,7.3999999999999995,,0.4,,99.5,,99.6,,99.8,,99.5,
L30_N962,30,962,matched,L30_N13647,1.5348187685012817,0.00018492488015908748,0.004220766481012106,0.026734955608844757,0.1200900450348854,0.43428313732147217,7.3999999999999995,,12.0,,91.3,,76.2,,91.10000000000001,,91.9,
L30_N4800,30,4800,matched,L30_N13647,1.3212692737579346,0.00016883296484593302,0.0017994462978094816,0.008208643645048141,0.042801324278116226,0.28495895862579346,2.6,,4.5,,29.099999999999998,,11.899999999999999,,4.1000000000000005,,7.3999999999999995,
L30_N7037,30,7037,matched,L30_N13647,1.4779149293899536,0.00019474781583994627,0.002200540155172348,0.009349457919597626,0.03801514208316803,0.24416829645633698,5.7,,65.9,,1.9,,20.9,,10.9,,2.8000000000000003,
L30_N1125,30,1125,matched,L30_N13647,1.5214111804962158,0.00019372378301341087,0.0032359128817915916,0.016731489449739456,0.07872721552848816,0.3561103641986847,6.800000000000001,,55.2,,85.6,,54.7,,80.4,,85.7,
L20_N12581,20,12581,matched,L20_N12894,1.421043872833252,0.00019171695748809725,0.005482456646859646,0.017229516059160233,0.07203519344329834,0.3318496644496918,4.5,,34.1,,82.19999999999999,,88.2,,81.69999999999999,,83.8,
L20_N9660,20,9660,matched,L20_N12894,1.443824291229248,0.0001675188832450658,0.0025947343092411757,0.14723967015743256,0.2934667766094208,0.5785152912139893,5.3,,4.3999999999999995,,96.8,,34.300000000000004,,98.5,,97.6,
L20_N4652,20,4652,matched,L20_N12894,1.608764886856079,0.00017682589532341808,0.005656352266669273,0.021051820367574692,0.08279167860746384,0.3809238076210022,9.8,,7.3,,88.2,,89.2,,88.5,,86.6,
L20_N3555,20,3555,matched,L20_N12894,1.6101857423782349,0.00019032412092201412,0.0034722613636404276,0.018361816182732582,0.06165379285812378,0.31805840134620667,9.8,,24.2,,76.0,,61.1,,84.6,,73.2,
L20_N1665,20,1665,matched,L20_N12894,1.5739898681640625,0.0001918575871968642,0.005048500839620829,0.023368606343865395,0.09423425793647766,0.4088185727596283,8.3,,35.8,,90.4,,85.3,,89.7,,88.6,
L20_N11744,20,11744,matched,L20_N12894,1.4569897651672363,0.00019276000966783613,0.004253479652106762,0.020803894847631454,0.06791529059410095,0.33084312081336975,5.4,,45.300000000000004,,81.8,,76.5,,88.0,,80.80000000000001,
L20_N5212,20,5212,matched,L20_N12894,1.4451916217803955,0.00019107345724478364,0.00834178738296032,0.02750352956354618,0.09692098200321198,0.36996227502822876,5.3,,28.799999999999997,,87.1,,94.3,,91.60000000000001,,89.0,
L20_N6347,20,6347,matched,L20_N12894,1.5773941278457642,0.00022128493583295494,0.007766718044877052,0.03299076110124588,0.0996822714805603,0.39429473876953125,8.6,,98.6,,89.2,,93.7,,93.2,,89.2,
L20_N12891,20,12891,matched,L20_N12894,1.3650104999542236,0.00019582276581786573,0.0026574451476335526,0.012331907637417316,0.06127316877245903,0.3117920160293579,3.5000000000000004,,74.0,,71.6,,35.9,,45.2,,72.1,
L20_N5487,20,5487,matched,L20_N12894,1.3853923082351685,0.00018521875608712435,0.00482826866209507,0.027953384444117546,0.08939483016729355,0.36646410822868347,3.8,,12.3,,86.9,,83.1,,91.7,,87.9,
L20_N11069,20,11069,matched,L20_N12894,1.5757137537002563,0.00019765763136092573,0.0029990640468895435,0.01863211579620838,0.05964163318276405,0.3062373399734497,8.4,,82.69999999999999,,65.4,,48.3,,85.2,,68.10000000000001,
L20_N6427,20,6427,matched,L20_N12894,1.5864588022232056,0.00020574190421029925,0.0014759412733837962,0.009357060305774212,0.05419004335999489,0.3108987510204315,9.0,,94.3,,70.3,,4.8,,10.9,,49.8,
L20_N12966,20,12966,matched,L20_N12894,1.5307365655899048,0.00019890416297130287,0.003862509038299322,0.012684520334005356,0.048189856112003326,0.2839794456958771,7.1,,86.5,,26.900000000000002,,69.5,,49.2,,23.5,
L20_N13796,20,13796,matched,L20_N12894,1.591306209564209,0.000192987296031788,0.004775061737746,0.012722273357212543,0.07857636362314224,0.36387312412261963,9.2,,47.699999999999996,,86.6,,82.8,,49.7,,85.7,
L20_N5377,20,5377,matched,L20_N12894,1.6110509634017944,0.00019322021398693323,0.0024551027454435825,0.016405275091528893,0.05507776141166687,0.29534947872161865,9.8,,50.2,,48.4,,29.599999999999998,,79.4,,53.7,
L20_N4761,20,4761,matched,L20_N12894,1.4915084838867188,0.00017905308050103486,0.00600987346842885,0.024177346378564835,0.08549801260232925,0.37826114892959595,6.0,,8.6,,88.1,,90.0,,90.2,,87.2,
L20_N14138,20,14138,matched,L20_N12894,1.6182061433792114,0.00019324084860272706,0.0036138775758445263,0.012712049297988415,0.05297044664621353,0.2916267514228821,9.9,,50.5,,41.8,,64.5,,49.5,,45.0,
L20_N2731,20,2731,matched,L20_N12894,1.4764670133590698,0.00018893902597483248,0.003563701407983899,0.016075456514954567,0.0722808763384819,0.33793848752975464,5.7,,18.6,,83.2,,63.3,,78.2,,84.0,
L20_N7315,20,7315,matched,L20_N12894,1.5659682750701904,0.00018820996046997607,0.0044534653425216675,0.016725465655326843,0.06844423711299896,0.34121671319007874,8.1,,16.400000000000002,,83.5,,79.4,,80.4,,81.2,
L20_N10321,20,10321,matched,L20_N12894,1.6025429964065552,0.00018052116502076387,0.013570797629654408,0.042391955852508545,0.1204957515001297,0.4165526032447815,9.700000000000001,,9.3,,90.60000000000001,,96.7,,94.89999999999999,,91.9,
L20_N13330,20,13330,matched,L20_N12894,1.607771396636963,0.00019068518304266036,0.008774005807936192,0.02585054747760296,0.08099815994501114,0.3655087649822235,9.700000000000001,,26.3,,86.9,,94.8,,90.9,,86.2,
L20_N11704,20,11704,matched,L20_N12894,1.5518492460250854,0.00021720706718042493,0.004912865813821554,0.017659178003668785,0.0949685275554657,0.3837360441684723,7.8,,98.1,,88.4,,83.89999999999999,,83.1,,88.8,
L20_N7546,20,7546,matched,L20_N12894,1.5966670513153076,0.00019327143672853708,0.002659541554749012,0.010031608864665031,0.05609593912959099,0.3042367100715637,9.4,,50.6,,63.1,,35.9,,18.8,,57.699999999999996,
L20_N3525,20,3525,matched,L20_N12894,1.5994559526443481,0.00019056376186199486,0.0030709318816661835,0.0140411127358675,0.05369783565402031,0.30189836025238037,9.6,,25.1,,61.0,,50.5,,63.3,,47.4,
L20_N11754,20,11754,matched,L20_N12894,1.6097394227981567,0.0001864147197920829,0.012417533434927464,0.02852644957602024,0.12057458609342575,0.44294360280036926,9.8,,13.600000000000001,,92.10000000000001,,96.6,,91.8,,91.9,
L20_N1151,20,1151,matched,L20_N12894,1.5013115406036377,0.0001915084576467052,0.006867140997201204,0.026610739529132843,0.08679515868425369,0.36501628160476685,6.3,,31.900000000000002,,86.7,,91.9,,91.10000000000001,,87.4,
L20_N10783,20,10783,matched,L20_N12894,1.4976192712783813,0.00018417603860143572,0.008657721802592278,0.025686021894216537,0.08727855980396271,0.36796629428863525,6.2,,11.4,,87.1,,94.8,,90.9,,87.5,
L20_N5982,20,5982,matched,L20_N12894,1.5740630626678467,0.0001903876691358164,0.004501491319388151,0.015911346301436424,0.07338085025548935,0.3500024080276489,8.3,,24.4,,84.5,,80.0,,76.9,,84.3,
L20_N1131,20,1131,matched,L20_N12894,1.5258044004440308,0.0001708384370431304,0.004054094199091196,0.011979316361248493,0.15631993114948273,0.5037438273429871,7.000000000000001,,5.3,,94.3,,72.8,,41.099999999999994,,93.4,
L20_N6241,20,6241,matched,L20_N12894,1.5422565937042236,0.00016454565047752112,0.009820347651839256,0.039538830518722534,0.23599542677402496,0.5432693362236023,7.3999999999999995,,3.5000000000000004,,96.0,,95.5,,94.3,,96.2,
L20_N8921,20,8921,matched,L20_N12894,1.4926981925964355,0.00021268127602525055,0.002144912723451853,0.012780776247382164,0.04991846904158592,0.2806500196456909,6.0,,97.39999999999999,,20.4,,19.2,,50.0,,32.300000000000004,
L20_N11980,20,11980,matched,L20_N12894,1.4632880687713623,0.0001858188770711422,0.003996910527348518,0.017292819917201996,0.08335958421230316,0.36967504024505615,5.4,,13.3,,87.1,,71.89999999999999,,82.19999999999999,,86.7,
L20_N2662,20,2662,matched,L20_N12894,1.3401392698287964,0.00018981478933710605,0.005889358464628458,0.029675157740712166,0.09237392246723175,0.38528189063072205,3.0,,21.7,,88.5,,89.9,,92.2,,88.3,
L20_N8007,20,8007,matched,L20_N12894,1.6251178979873657,0.000192167135537602,0.003727462375536561,0.020474152639508247,0.07862600684165955,0.34585273265838623,10.100000000000001,,39.300000000000004,,83.89999999999999,,67.2,,87.7,,85.7,
L20_N3952,20,3952,matched,L20_N12894,1.6090373992919922,0.0001684914022916928,0.0022783041931688786,0.010891719721257687,0.06939749419689178,0.3940088748931885,9.8,,4.5,,89.2,,22.900000000000002,,27.6,,82.0,
L20_N4493,20,4493,matched,L20_N12894,1.538728952407837,0.0001987227296922356,0.006666856352239847,0.03709178417921066,0.12149972468614578,0.39953136444091797,7.3999999999999995,,85.8,,89.4,,91.60000000000001,,94.1,,91.9,
L20_N1372,20,1372,matched,L20_N12894,1.586997389793396,0.00018859565898310393,0.005535827483981848,0.0197985228151083,0.07549082487821579,0.33670860528945923,9.1,,17.599999999999998,,82.69999999999999,,88.5,,86.2,,84.7,
L20_N4608,20,4608,matched,L20_N12894,1.5539239645004272,0.00019601942040026188,0.004343677312135696,0.0191792044788599,0.0663335993885994,0.33294904232025146,7.8,,75.1,,82.6,,78.0,,86.0,,79.0,
L20_N9734,20,9734,matched,L20_N12894,1.5729173421859741,0.0001831129047786817,0.009242248721420765,0.023729143664240837,0.09381861984729767,0.3800370693206787,8.200000000000001,,10.8,,88.2,,95.1,,89.9,,88.6,
L20_N4059,20,4059,matched,L20_N12894,1.3470630645751953,0.00020183870219625533,0.0040247393772006035,0.021840529516339302,0.0701863020658493,0.33702749013900757,3.0,,91.2,,83.1,,72.39999999999999,,89.0,,82.3,
L20_N4247,20,4247,matched,L20_N12894,1.4653337001800537,0.00019921379862353206,0.003917991183698177,0.016211392357945442,0.06615766137838364,0.3102649450302124,5.4,,87.2,,69.39999999999999,,70.5,,78.5,,78.7,
L20_N6517,20,6517,matched,L20_N12894,1.5628416538238525,0.00017181709699798375,0.003986444789916277,0.013041225261986256,0.11153797805309296,0.5059985518455505,7.9,,5.4,,94.39999999999999,,71.8,,53.1,,91.10000000000001,
L20_N10611,20,10611,matched,L20_N12894,1.5827524662017822,0.0001831854897318408,0.005065179895609617,0.02106165699660778,0.06891261041164398,0.33917275071144104,8.9,,10.9,,83.2,,85.5,,88.5,,81.39999999999999,
L20_N6140,20,6140,matched,L20_N12894,1.5068962574005127,0.00020785638480447233,0.002497694455087185,0.018005888909101486,0.0644984021782875,0.31940820813179016,6.4,,95.7,,76.4,,31.2,,84.1,,76.8,
L20_N2526,20,2526,matched,L20_N12894,1.516487956047058,0.00018604598881211132,0.01499488390982151,0.04259461164474487,0.11953433603048325,0.42972472310066223,6.6000000000000005,,13.4,,91.2,,96.8,,94.89999999999999,,91.8,
L20_N10279,20,10279,matched,L20_N12894,1.5599310398101807,0.000184899807209149,0.005206912290304899,0.016486402601003647,0.06886269152164459,0.32570576667785645,7.9,,11.899999999999999,,79.80000000000001,,86.7,,79.4,,81.3,
L20_N6457,20,6457,matched,L20_N12894,1.3465689420700073,0.0001702245936030522,0.006196882110089064,0.024851473048329353,0.11118979007005692,0.44323214888572693,3.0,,5.0,,92.10000000000001,,90.3,,90.60000000000001,,91.10000000000001,
L20_N4928,20,4928,matched,L20_N12894,1.621867299079895,0.00019531611178535968,0.002055181423202157,0.012530140578746796,0.05269273743033409,0.27849912643432617,10.0,,70.19999999999999,,16.900000000000002,,17.0,,47.4,,43.8,
L20_N607,20,607,matched,L20_N12894,1.4272372722625732,0.00019487424287945032,0.004146538209170103,0.01753951981663704,0.06355113536119461,0.3310094177722931,4.6,,67.10000000000001,,81.8,,74.8,,82.89999999999999,,76.5,
L20_N12611,20,12611,matched,L20_N12894,1.4491631984710693,0.0001977424108190462,0.0040115369483828545,0.01633037067949772,0.061039071530103683,0.3108169138431549,5.3,,82.89999999999999,,70.3,,72.0,,79.0,,71.8,
L20_N6036,20,6036,matched,L20_N1399,1.8328266143798828,0.00019853348203469068,0.004769718740135431,0.013774140737950802,0.05741847679018974,0.3071728050708771,35.199999999999996,,85.6,,66.8,,82.6,,60.8,,60.9,
L20_N10496,20,10496,matched,L20_N1399,1.8424479961395264,0.00019618705846369267,0.004939559381455183,0.014935841783881187,0.054025325924158096,0.2962424159049988,41.199999999999996,,75.9,,50.5,,84.3,,70.5,,49.0,
L20_N7436,20,7436,matched,L20_N1399,1.8213869333267212,0.00018590230320114642,0.003506730543449521,0.011656203307211399,0.04972134903073311,0.28740251064300537,29.4,,13.3,,34.0,,61.9,,36.8,,31.3,
L20_N4698,20,4698,matched,L20_N1399,1.8186465501785278,0.00019248377066105604,0.003759808372706175,0.013817270286381245,0.05543054640293121,0.29720649123191833,28.199999999999996,,41.8,,52.800000000000004,,67.7,,61.7,,54.800000000000004,
L20_N10912,20,10912,matched,L20_N1399,1.843671441078186,0.00019305958994664252,0.002032036194577813,0.012221396900713444,0.05984005704522133,0.3111189901828766,41.699999999999996,,48.4,,70.7,,16.1,,44.0,,68.7,
L20_N13521,20,13521,matched,L20_N1399,1.8599662780761719,0.00019241169502492994,0.004129046108573675,0.015603532083332539,0.06019965186715126,0.30791759490966797,47.199999999999996,,41.3,,67.5,,74.6,,75.5,,69.69999999999999,
L20_N977,20,977,matched,L20_N1399,1.8343287706375122,0.0001931436127051711,0.0026099213864654303,0.01593288965523243,0.05695277079939842,0.2948845326900482,36.4,,49.2,,47.4,,34.699999999999996,,77.0,,59.599999999999994,
L20_N1287,20,1287,matched,L20_N1399,1.8204059600830078,0.00019302882719784975,0.005543963052332401,0.0194036103785038,0.05753287672996521,0.3055642545223236,29.2,,48.1,,64.9,,88.6,,86.1,,61.6,
L20_N11462,20,11462,matched,L20_N1399,1.8209353685379028,0.00019313684606458992,0.004615730606019497,0.01582060568034649,0.05823911353945732,0.3062049448490143,29.2,,49.1,,65.4,,81.2,,76.7,,64.1,
L20_N10880,20,10880,matched,L20_N1399,1.652504324913025,0.0001862956996774301,0.004744852427393198,0.019051052629947662,0.0909961611032486,0.36705273389816284,10.7,,13.600000000000001,,86.9,,82.3,,85.6,,88.1,
L20_N6947,20,6947,matched,L20_N1399,1.7273176908493042,0.000193405692698434,0.006371621508151293,0.01388587336987257,0.05212291702628136,0.29926514625549316,14.7,,51.9,,56.39999999999999,,90.7,,62.4,,41.8,
L20_N6215,20,6215,matched,L20_N1399,1.7700446844100952,0.0001869497646111995,0.0066747041419148445,0.017158297821879387,0.06961221992969513,0.35573631525039673,17.8,,14.2,,85.6,,91.60000000000001,,81.5,,82.19999999999999,
L20_N8762,20,8762,matched,L20_N1399,1.8234381675720215,0.00018237889162264764,0.0038376301527023315,0.02142641320824623,0.08950378000736237,0.3774626553058624,29.9,,10.2,,88.1,,69.0,,88.5,,87.9,
L20_N13685,20,13685,matched,L20_N1399,1.8350163698196411,0.00019020224863197654,0.0023512179031968117,0.013401074334979057,0.06061951443552971,0.3108491003513336,36.8,,23.9,,70.3,,25.1,,57.4,,70.7,
L20_N12807,20,12807,matched,L20_N1399,1.8290538787841797,0.00019298361439723521,0.0036333794705569744,0.017573976889252663,0.05858074501156807,0.3158256411552429,33.0,,47.699999999999996,,75.0,,64.7,,83.1,,65.3,
L20_N11604,20,11604,matched,L20_N1399,1.8450289964675903,0.0001952044403878972,0.0084612425416708,0.019234828650951385,0.06591468304395676,0.33978337049484253,42.3,,69.3,,83.39999999999999,,94.6,,86.0,,78.4,
L20_N2736,20,2736,matched,L20_N1399,1.8090121746063232,0.00019450622494332492,0.004616839345544577,0.012297522276639938,0.0492909774184227,0.2764064073562622,24.4,,63.3,,14.000000000000002,,81.2,,44.800000000000004,,29.4,
L20_N532,20,532,matched,L20_N1399,1.6689189672470093,0.0001895623281598091,0.005713174119591713,0.017091508954763412,0.06623666733503342,0.31829190254211426,11.600000000000001,,20.7,,76.0,,89.2,,81.3,,78.9,
L20_N2439,20,2439,matched,L20_N1399,1.818294644355774,0.00019766742479987442,0.003117944812402129,0.015994872897863388,0.05268828198313713,0.2837936282157898,27.900000000000002,,82.69999999999999,,26.1,,52.0,,77.5,,43.7,
L20_N10371,20,10371,matched,L20_N1399,1.8423044681549072,0.0001969432196347043,0.0026017872150987387,0.01497745979577303,0.06139087677001953,0.32546353340148926,41.0,,79.60000000000001,,79.80000000000001,,34.599999999999994,,71.1,,72.3,
L20_N11582,20,11582,matched,L20_N1399,1.8661967515945435,0.0001893931912491098,0.0021517823915928602,0.015419361181557178,0.0645490437746048,0.3147454857826233,48.3,,20.0,,74.4,,19.3,,74.5,,76.9,
L20_N13350,20,13350,matched,L20_N1399,1.7837605476379395,0.00018466226174496114,0.003704361617565155,0.018985282629728317,0.09302385151386261,0.356262743473053,20.1,,11.600000000000001,,85.7,,66.3,,85.5,,88.5,
L20_N7493,20,7493,matched,L20_N1399,1.804692268371582,0.00019063994113821536,0.004414046183228493,0.015006061643362045,0.058444179594516754,0.31694841384887695,23.599999999999998,,26.0,,75.7,,79.3,,71.3,,65.10000000000001,
L20_N593,20,593,matched,L20_N1399,1.7792423963546753,0.00018784638086799532,0.0029756471049040556,0.011600549332797527,0.05563165992498398,0.30145561695098877,19.400000000000002,,16.0,,60.3,,47.4,,36.199999999999996,,55.50000000000001,
L20_N2160,20,2160,matched,L20_N1399,1.8176491260528564,0.00018795310461428016,0.0012244906974956393,0.011485246941447258,0.05745841935276985,0.30323055386543274,27.3,,16.2,,62.4,,1.4000000000000001,,35.0,,61.199999999999996,
L20_N1148,20,1148,matched,L20_N1399,1.8093427419662476,0.00019409562810324132,0.006126664113253355,0.014559890143573284,0.05151471123099327,0.2901623547077179,24.4,,59.699999999999996,,39.4,,90.3,,68.0,,39.5,
L20_N4046,20,4046,matched,L20_N1399,1.8193659782409668,0.00019331723160576075,0.005226637236773968,0.014617440290749073,0.06046389788389206,0.302873820066452,28.7,,50.9,,62.2,,86.7,,68.60000000000001,,70.1,
L20_N13300,20,13300,matched,L20_N1399,1.7980847358703613,0.00019299064297229052,0.00400704238563776,0.016062013804912567,0.05675303190946579,0.3001739978790283,22.1,,47.699999999999996,,58.3,,71.89999999999999,,78.0,,59.099999999999994,
L20_N11012,20,11012,matched,L20_N1399,1.8479018211364746,0.000190021499292925,0.0034750390332192183,0.013205735012888908,0.06677193194627762,0.3169795274734497,43.6,,22.8,,75.7,,61.1,,55.300000000000004,,79.4,
L20_N6265,20,6265,matched,L20_N1399,1.7800894975662231,0.00018877726688515395,0.0025653429329395294,0.013610017485916615,0.046126190572977066,0.2740575671195984,19.5,,18.099999999999998,,10.8,,33.6,,59.599999999999994,,16.0,
L20_N6196,20,6196,matched,L20_N1399,1.827288031578064,0.0001888362894533202,0.003563312580808997,0.017542386427521706,0.07051611691713333,0.32171472907066345,32.300000000000004,,18.4,,77.9,,63.3,,83.1,,82.6,
L20_N6548,20,6548,matched,L20_N1399,1.7752488851547241,0.00019453730783425272,0.002416357398033142,0.01274736039340496,0.06218963861465454,0.30606240034103394,18.6,,63.9,,65.3,,28.000000000000004,,49.9,,74.1,
L20_N9691,20,9691,matched,L20_N1399,1.8089096546173096,0.00019523513037711382,0.003582586767151952,0.012146667577326298,0.05902698263525963,0.3014841377735138,24.4,,69.39999999999999,,60.4,,63.7,,43.0,,66.60000000000001,
L20_N552,20,552,matched,L20_N1399,1.82413911819458,0.00019839896413031965,0.0029554530046880245,0.01220849622040987,0.05885189026594162,0.2975189685821533,30.099999999999998,,85.2,,53.5,,46.300000000000004,,43.8,,66.10000000000001,
L20_N10329,20,10329,matched,L20_N1399,1.832546353340149,0.00018920058209914714,0.005389275029301643,0.011214440688490868,0.05190141871571541,0.28312647342681885,34.8,,19.3,,24.9,,87.8,,31.3,,40.699999999999996,
L20_N2622,20,2622,matched,L20_N1399,1.7717318534851074,0.00019880244508385658,0.005647709127515554,0.012965724803507328,0.05407845601439476,0.29507485032081604,18.0,,86.2,,47.9,,89.2,,51.7,,49.3,
L20_N11598,20,11598,matched,L20_N1399,1.8534033298492432,0.00019285337475594133,0.005164573900401592,0.013575015589594841,0.04855475202202797,0.2821415364742279,45.7,,45.9,,23.599999999999998,,86.5,,59.3,,25.0,
L20_N7694,20,7694,matched,L20_N1399,1.7368708848953247,0.00017858318460639566,0.0034781142603605986,0.015105390921235085,0.07845598459243774,0.4039943218231201,15.2,,8.3,,89.8,,61.1,,71.7,,85.7,
L20_N6345,20,6345,matched,L20_N1399,1.7798601388931274,0.00018913988606072962,0.0035565674770623446,0.019971931353211403,0.07707325369119644,0.3329669237136841,19.5,,19.0,,82.6,,63.2,,86.7,,85.2,
L20_N6364,20,6364,matched,L20_N1399,1.8103584051132202,0.0001905403914861381,0.005174865480512381,0.016218552365899086,0.0628919005393982,0.32140612602233887,24.7,,25.0,,77.9,,86.6,,78.5,,75.6,
L20_N7592,20,7592,matched,L20_N1399,1.8282153606414795,0.00019152963068336248,0.0022691390477120876,0.010127054527401924,0.050116777420043945,0.2858901917934418,32.7,,32.4,,31.0,,22.6,,19.5,,32.800000000000004,
L20_N13035,20,13035,matched,L20_N1399,1.831341028213501,0.00019077028264291584,0.006585926748812199,0.018132826313376427,0.058120373636484146,0.301426500082016,34.300000000000004,,26.900000000000002,,60.3,,91.4,,84.2,,63.3,
L20_N1319,20,1319,matched,L20_N1399,1.7947112321853638,0.00019508965488057584,0.002774900058284402,0.010357462801039219,0.04988643527030945,0.30070212483406067,21.2,,68.4,,59.4,,40.2,,21.3,,32.0,
L20_N9804,20,9804,matched,L20_N1399,1.7940646409988403,0.00019589457951951772,0.0018427502363920212,0.011280565522611141,0.05459914356470108,0.296939879655838,21.2,,74.2,,52.400000000000006,,12.7,,32.5,,52.1,
L20_N2353,20,2353,matched,L20_N1399,1.840286135673523,0.00018718373030424118,0.0016349105862900615,0.012639245949685574,0.06857464462518692,0.3220694363117218,40.1,,14.6,,78.3,,8.5,,48.9,,81.2,
L20_N9045,20,9045,matched,L20_N1399,1.7771680355072021,0.00019726397295016795,0.0029208597261458635,0.010946283116936684,0.04161953181028366,0.2709636986255646,18.9,,81.0,,8.200000000000001,,45.0,,27.900000000000002,,5.4,
L20_N6277,20,6277,matched,L20_N1399,1.842034935951233,0.00019484752556309104,0.00319108203984797,0.014126762747764587,0.05860398709774017,0.3078290522098541,40.9,,66.9,,67.5,,53.800000000000004,,64.4,,65.5,
L20_N6809,20,6809,matched,L20_N1399,1.8196384906768799,0.00019053021969739348,0.001813256531022489,0.013892242684960365,0.05342330411076546,0.2936885356903076,28.9,,24.9,,45.0,,12.1,,62.4,,46.6,
L20_N5385,20,5385,matched,L20_N1399,1.8398337364196777,0.00018992427794728428,0.002591822063550353,0.015480502508580685,0.056220583617687225,0.3053099513053894,40.0,,22.5,,64.5,,34.300000000000004,,74.8,,57.8,
L20_N11086,20,11086,matched,L20_N1399,1.8404972553253174,0.00019847595831379294,0.004996221046894789,0.014753269962966442,0.05846423655748367,0.2985491156578064,40.2,,85.39999999999999,,55.1,,84.89999999999999,,69.5,,65.10000000000001,
L28_N5136,28,5136,matched,L28_N11622,1.9470010995864868,0.000200200971448794,0.0017253054538741708,0.00901611614972353,0.04865126311779022,0.28852447867393494,66.0,,89.2,,36.3,,10.6,,8.7,,25.900000000000002,
L28_N4596,28,4596,matched,L28_N11622,1.8928269147872925,0.0001953975879587233,0.0037102741189301014,0.01133400946855545,0.0474008284509182,0.28642675280570984,50.9,,70.7,,32.300000000000004,,66.4,,32.7,,20.7,
L28_N2088,28,2088,matched,L28_N11622,1.906503677368164,0.00019697565585374832,0.004658738616853952,0.013066139072179794,0.05587463080883026,0.30556920170783997,52.400000000000006,,79.60000000000001,,64.9,,81.69999999999999,,53.5,,56.49999999999999,
L28_N473,28,473,matched,L28_N11622,1.9425392150878906,0.0001985210838029161,0.002213419182226062,0.011905370280146599,0.05144320800900459,0.2949713170528412,64.4,,85.5,,47.5,,21.099999999999998,,40.2,,39.2,
L28_N13633,28,13633,matched,L28_N11622,1.941747784614563,0.00019189725571777672,0.005208012647926807,0.013588800095021725,0.059182144701480865,0.30378785729408264,64.3,,36.3,,62.8,,86.7,,59.4,,66.9,
L28_N3425,28,3425,matched,L28_N11622,1.9152743816375732,0.00019327604968566447,0.003142351983115077,0.010274221189320087,0.0514179952442646,0.28926727175712585,54.2,,50.6,,37.7,,52.6,,20.9,,39.0,
L28_N9222,28,9222,matched,L28_N11622,1.9388444423675537,0.0002010529424296692,0.0016995436744764447,0.011257125064730644,0.05015227198600769,0.2889745235443115,62.9,,90.60000000000001,,37.4,,9.8,,32.2,,32.9,
L28_N9563,28,9563,matched,L28_N11622,1.802673578262329,0.00015993419219739735,0.027742478996515274,0.07442039251327515,0.301044762134552,0.5969523191452026,23.3,,2.9000000000000004,,97.3,,98.8,,96.7,,97.7,
L28_N7146,28,7146,matched,L28_N11622,1.8352807760238647,0.00019074996816925704,0.0024224361404776573,0.008438965305685997,0.058579836040735245,0.29723137617111206,37.1,,26.700000000000003,,52.800000000000004,,28.299999999999997,,5.2,,65.3,
L28_N10370,28,10370,matched,L28_N11622,1.8962732553482056,0.00019606357091106474,0.004489109851419926,0.01349952258169651,0.055524107068777084,0.2936401069164276,51.2,,75.2,,45.0,,79.80000000000001,,58.5,,55.2,
L28_N2169,28,2169,matched,L28_N11622,1.9205772876739502,0.00019186198187526315,0.0019509231206029654,0.013540634885430336,0.056329041719436646,0.3032359182834625,55.60000000000001,,35.9,,62.4,,14.399999999999999,,58.9,,57.99999999999999,
L28_N4824,28,4824,matched,L28_N11622,1.9447722434997559,0.00019727875769603997,0.0023455016780644655,0.008041083812713623,0.04875752702355385,0.28703445196151733,65.5,,81.0,,33.4,,24.7,,3.1,,26.700000000000003,
L28_N4794,28,4794,matched,L28_N11622,1.7625513076782227,0.00018885461031459272,0.003619183087721467,0.013265670277178288,0.051077812910079956,0.3048480749130249,17.4,,18.4,,64.3,,64.5,,55.800000000000004,,36.6,
L28_N13036,28,13036,matched,L28_N11622,1.7247188091278076,0.00018857658142223954,0.0021749285515397787,0.010226322337985039,0.05179101973772049,0.2967405319213867,14.7,,17.4,,51.800000000000004,,20.3,,20.3,,40.300000000000004,
L28_N8231,28,8231,matched,L28_N11622,1.934320330619812,0.00020919035887345672,0.002326851710677147,0.01341536920517683,0.05523395165801048,0.29910701513290405,60.8,,96.39999999999999,,56.2,,24.099999999999998,,57.599999999999994,,54.0,
L28_N3944,28,3944,matched,L28_N11622,1.9010632038116455,0.00019173239707015455,0.0017867598216980696,0.012091511860489845,0.054423026740550995,0.2907262444496155,51.6,,34.300000000000004,,40.300000000000004,,11.600000000000001,,42.3,,51.4,
L28_N11307,28,11307,matched,L28_N11622,1.923230767250061,0.00019086663087364286,0.0029695662669837475,0.013455592095851898,0.06589918583631516,0.3124690055847168,57.099999999999994,,27.1,,72.2,,47.099999999999994,,58.099999999999994,,78.3,
L28_N5267,28,5267,matched,L28_N11622,1.6879093647003174,0.0001865859521785751,0.002760132774710655,0.011411363258957863,0.059152211993932724,0.3291890621185303,12.5,,13.900000000000002,,81.0,,40.0,,34.2,,66.7,
L28_N12849,28,12849,matched,L28_N11622,1.908773422241211,0.0001865997473942116,0.006319412030279636,0.02827063575387001,0.09873401373624802,0.4099021852016449,52.900000000000006,,14.000000000000002,,90.4,,90.7,,91.8,,89.2,
L28_N9075,28,9075,matched,L28_N11622,1.916089653968811,0.0001902698422782123,0.001016009133309126,0.009656031616032124,0.04771150276064873,0.2864254415035248,54.50000000000001,,23.9,,32.300000000000004,,0.8999999999999999,,15.5,,22.2,
L28_N3677,28,3677,matched,L28_N11622,1.9303685426712036,0.00019493207219056785,0.002467864193022251,0.010082772001624107,0.046978339552879333,0.2865441143512726,59.099999999999994,,67.4,,32.4,,30.3,,19.2,,19.0,
L28_N2260,28,2260,matched,L28_N11622,1.9232425689697266,0.00019679131219163537,0.0026937315706163645,0.011465534567832947,0.04743743687868118,0.27602168917655945,57.099999999999994,,79.0,,13.3,,37.4,,34.8,,20.8,
L28_N2504,28,2504,matched,L28_N11622,1.8816310167312622,0.00019003071065526456,0.0032457252964377403,0.01939016580581665,0.07903511822223663,0.338193416595459,50.1,,22.8,,83.2,,54.900000000000006,,86.1,,85.7,
L28_N1364,28,1364,matched,L28_N11622,1.9433865547180176,0.00019442201300989836,0.003458574181422591,0.015446939505636692,0.057341303676366806,0.29269838333129883,64.7,,62.5,,43.9,,60.9,,74.5,,60.8,
L28_N8342,28,8342,matched,L28_N11622,1.728686809539795,0.00018265123071614653,0.004905933514237404,0.014057564549148083,0.06108138710260391,0.3177051544189453,14.899999999999999,,10.5,,75.9,,83.89999999999999,,63.800000000000004,,71.8,
L28_N3181,28,3181,matched,L28_N11622,1.9333456754684448,0.00019564850663300604,0.004334570840001106,0.011510202661156654,0.056973014026880264,0.3065703511238098,60.3,,73.2,,65.9,,77.9,,35.199999999999996,,59.699999999999996,
L28_N13210,28,13210,matched,L28_N11622,1.9143023490905762,0.00019313670054543763,0.003953208681195974,0.013382465578615665,0.061483681201934814,0.3084861934185028,53.900000000000006,,49.1,,68.0,,71.2,,56.99999999999999,,72.6,
L28_N8211,28,8211,matched,L28_N11622,1.6568968296051025,0.00018594085122458637,0.008164106868207455,0.029468577355146408,0.09921728074550629,0.3859545588493347,10.9,,13.3,,88.5,,94.19999999999999,,92.10000000000001,,89.2,
L28_N1607,28,1607,matched,L28_N11622,1.938287377357483,0.0001942175586009398,0.002800279762595892,0.010622581467032433,0.05483872443437576,0.27576687932014465,62.4,,60.6,,13.0,,40.8,,24.099999999999998,,53.0,
L28_N12617,28,12617,matched,L28_N11622,1.933383584022522,0.0001917353511089459,0.004298861604183912,0.015820637345314026,0.06440296024084091,0.2975693345069885,60.3,,34.4,,53.7,,77.3,,76.7,,76.8,
L28_N5897,28,5897,matched,L28_N11622,1.9224969148635864,0.00019309314666315913,0.00318995863199234,0.009694471023976803,0.06364892423152924,0.31105151772499084,56.8,,48.699999999999996,,70.7,,53.800000000000004,,15.8,,76.5,
L28_N12362,28,12362,matched,L28_N11622,1.9533332586288452,0.00019309105118736625,0.002384547609835863,0.014509136788547039,0.07570400089025497,0.3367546796798706,67.10000000000001,,48.699999999999996,,82.8,,26.8,,67.60000000000001,,84.7,
L28_N6413,28,6413,matched,L28_N11622,1.907842993736267,0.0002005095884669572,0.002041348023340106,0.00905194878578186,0.042710721492767334,0.2748299539089203,52.800000000000004,,89.5,,11.799999999999999,,16.5,,9.1,,7.3,
L28_N13140,28,13140,matched,L28_N11622,1.8950625658035278,0.00019658960809465498,0.0026202367153018713,0.010718747973442078,0.05719948559999466,0.2905741333961487,51.0,,78.2,,40.1,,35.099999999999994,,25.900000000000002,,60.0,
L28_N1195,28,1195,matched,L28_N11622,1.7246859073638916,0.00015743392577860504,0.005510593298822641,0.0187651589512825,0.19809047877788544,0.596751868724823,14.7,,2.5,,97.3,,88.3,,85.2,,95.0,
L28_N10156,28,10156,matched,L28_N11622,1.8205628395080566,0.00019967264961451292,0.005279661156237125,0.014567559584975243,0.05168098956346512,0.27839896082878113,29.2,,88.2,,16.7,,87.2,,68.0,,39.900000000000006,
L28_N10012,28,10012,matched,L28_N11622,1.9349418878555298,0.00019485857046674937,0.0022254246287047863,0.010841142386198044,0.05702058970928192,0.2931252419948578,61.0,,67.0,,44.4,,21.6,,27.0,,59.699999999999996,
L28_N5352,28,5352,matched,L28_N11622,1.9511185884475708,0.00018934585386887193,0.0043080635368824005,0.011372635141015053,0.05309778079390526,0.2964666485786438,66.5,,19.900000000000002,,51.4,,77.7,,33.4,,45.2,
L28_N5529,28,5529,matched,L28_N11622,1.9139854907989502,0.0001907392288558185,0.005248818546533585,0.01326021645218134,0.0643104612827301,0.30446523427963257,53.7,,26.5,,63.6,,86.9,,55.60000000000001,,76.7,
L28_N2905,28,2905,matched,L28_N11622,1.8361262083053589,0.00019541889196261764,0.00429588882252574,0.010832760483026505,0.06101265922188759,0.31546154618263245,38.1,,70.8,,74.9,,77.2,,27.0,,71.7,
L28_N13182,28,13182,matched,L28_N11622,1.9083219766616821,0.00020400040375534445,0.003864743746817112,0.01588900201022625,0.061949796974658966,0.3002816140651703,52.800000000000004,,92.60000000000001,,58.699999999999996,,69.6,,76.8,,73.7,
L28_N12969,28,12969,matched,L28_N11622,1.8624027967453003,0.00020048396254424006,0.00429879454895854,0.0126464469358325,0.05458514019846916,0.30920425057411194,47.699999999999996,,89.5,,68.4,,77.3,,49.1,,52.1,
L28_N11794,28,11794,matched,L28_N11622,1.7336310148239136,0.00021866043971385807,0.0020383165683597326,0.008093258365988731,0.043265361338853836,0.2584172189235687,15.1,,98.5,,3.4000000000000004,,16.400000000000002,,3.3000000000000003,,7.9,
L28_N3210,28,3210,matched,L28_N11622,1.788269281387329,0.0001787033979780972,0.002359597245231271,0.07358554750680923,0.14639659225940704,0.4238548278808594,20.9,,8.4,,90.9,,25.6,,96.7,,93.10000000000001,
L28_N6672,28,6672,matched,L28_N11622,1.933694839477539,0.00019594455079641193,0.001996837556362152,0.008416752330958843,0.05165637657046318,0.28403204679489136,60.5,,74.5,,27.1,,15.5,,5.1,,39.900000000000006,
L28_N9397,28,9397,matched,L28_N11622,1.935780644416809,0.00019475141016300768,0.002277396386489272,0.00861788634210825,0.056033905595541,0.29209381341934204,61.5,,66.0,,42.5,,22.900000000000002,,6.5,,57.099999999999994,
L28_N4127,28,4127,matched,L28_N11622,1.9497308731079102,0.00020553654758259654,0.004545018542557955,0.014463681727647781,0.05881960317492485,0.29293346405029297,66.4,,94.0,,44.3,,80.30000000000001,,67.60000000000001,,66.0,
L28_N2237,28,2237,matched,L28_N11622,1.9096591472625732,0.00019533748854883015,0.002824030350893736,0.010859719477593899,0.0504576675593853,0.2819916903972626,52.900000000000006,,70.39999999999999,,23.400000000000002,,41.5,,27.3,,33.800000000000004,
L28_N3690,28,3690,matched,L28_N11622,1.9260903596878052,0.0001929784775711596,0.002491734456270933,0.010239249095320702,0.055045295506715775,0.2988331615924835,57.8,,47.699999999999996,,55.7,,31.1,,20.599999999999998,,53.5,
L28_N2563,28,2563,matched,L28_N11622,1.8650901317596436,0.00019288425392005593,0.0031955507583916187,0.011590476147830486,0.05134359002113342,0.2912411689758301,47.9,,46.2,,40.9,,53.800000000000004,,36.199999999999996,,38.800000000000004,
L31_N6113,31,6113,matched,L31_N6772,1.8072803020477295,0.00016125153342727572,0.00458193477243185,0.06858748197555542,0.32261040806770325,0.6133877038955688,24.099999999999998,,3.0,,97.39999999999999,,80.80000000000001,,96.7,,97.8,
L31_N12764,31,12764,matched,L31_N6772,1.756665825843811,0.00012130799586884677,0.3469354212284088,0.4392092525959015,0.5186145305633545,0.7403792142868042,16.8,,0.4,,99.1,,100.0,,99.9,,99.5,
L31_N753,31,753,matched,L31_N6772,1.8742603063583374,0.00019574050384107977,0.0027710299473255873,0.012662125751376152,0.06992105394601822,0.319357693195343,49.0,,73.8,,76.4,,40.1,,49.2,,82.19999999999999,
L31_N9208,31,9208,matched,L31_N6772,1.6249343156814575,0.00021116627613082528,0.0009585796506144106,0.00744908070191741,0.028006723150610924,0.21671585738658905,10.0,,97.0,,0.6,,0.5,,1.6,,0.6,
L31_N9400,31,9400,matched,L31_N6772,1.6398992538452148,0.00019264155707787722,0.012456303462386131,0.03971605375409126,0.1052338108420372,0.4019012153148651,10.2,,43.6,,89.60000000000001,,96.6,,94.3,,90.4,
L31_N12095,31,12095,matched,L31_N6772,1.909167766571045,0.00018498415010981262,0.003493393072858453,0.017585210502147675,0.07611747831106186,0.34775882959365845,52.900000000000006,,12.0,,84.2,,61.6,,83.1,,84.89999999999999,
L31_N3392,31,3392,matched,L31_N6772,1.8962197303771973,0.00015502235328312963,0.01361097302287817,0.14416971802711487,0.2537069618701935,0.558738112449646,51.2,,2.0,,96.2,,96.7,,98.5,,96.6,
L31_N2271,31,2271,matched,L31_N6772,1.9096218347549438,0.00018400118278805166,0.006822061259299517,0.028301019221544266,0.08358848839998245,0.34657466411590576,52.900000000000006,,11.3,,84.1,,91.8,,91.8,,86.7,
L31_N1788,31,1788,matched,L31_N6772,1.7393211126327515,0.00018041105067823082,0.007217835169285536,0.04099826142191887,0.11697100102901459,0.39893630146980286,15.5,,9.3,,89.3,,92.4,,94.69999999999999,,91.8,
L31_N7965,31,7965,matched,L31_N6772,1.9311307668685913,0.00022973795421421528,0.0030669127590954304,0.015878554433584213,0.0485319085419178,0.2764541506767273,59.4,,99.1,,14.000000000000002,,50.5,,76.8,,24.9,
L31_N10217,31,10217,matched,L31_N6772,1.878381609916687,0.00017205906624440104,0.0077387006022036076,0.07508108764886856,0.22212636470794678,0.5257188677787781,49.8,,5.7,,95.19999999999999,,93.7,,96.7,,95.7,
L31_N12363,31,12363,matched,L31_N6772,1.7555015087127686,0.00019335832621436566,0.009441195987164974,0.03243632614612579,0.12619562447071075,0.4230315387248993,16.8,,51.300000000000004,,90.9,,95.19999999999999,,93.10000000000001,,92.4,
L31_N13653,31,13653,matched,L31_N6772,1.7947304248809814,0.00019069391419179738,0.0037984761875122786,0.01583133451640606,0.06827517598867416,0.32278919219970703,21.2,,26.400000000000002,,78.7,,68.0,,76.7,,81.10000000000001,
L31_N10500,31,10500,matched,L31_N6772,1.768097996711731,0.00019484215590637177,0.0020113259088248014,0.011201382614672184,0.06423141062259674,0.3080081045627594,17.5,,66.8,,67.80000000000001,,15.8,,31.0,,76.6,
L31_N10479,31,10479,matched,L31_N6772,1.7965878248214722,0.00018604390788823366,0.0049941265024244785,0.03973015770316124,0.09791159629821777,0.36910954117774963,21.9,,13.4,,87.1,,84.89999999999999,,94.3,,89.2,
L31_N1957,31,1957,matched,L31_N6772,1.7704752683639526,0.00017894928168971092,0.005031794775277376,0.032505057752132416,0.10248256474733353,0.3859245777130127,17.9,,8.6,,88.5,,85.3,,93.2,,90.10000000000001,
L31_N3285,31,3285,matched,L31_N6772,1.7363020181655884,0.00023503403645008802,0.016501128673553467,0.0420321486890316,0.10075127333402634,0.37908676266670227,15.2,,99.1,,88.1,,97.1,,94.89999999999999,,89.7,
L31_N8140,31,8140,matched,L31_N6772,1.922856330871582,0.00019111328583676368,0.003596282098442316,0.01104295440018177,0.058794014155864716,0.3060477674007416,56.89999999999999,,28.799999999999997,,65.3,,64.0,,29.299999999999997,,65.8,
L31_N1961,31,1961,matched,L31_N6772,1.7768102884292603,0.0002547894837334752,0.0014031227910891175,0.005310746841132641,0.022875778377056122,0.18615302443504333,18.9,,99.3,,0.0,,3.9,,0.1,,0.0,
L31_N11626,31,11626,matched,L31_N6772,1.748349905014038,0.00022839810117147863,0.0009185236413031816,0.004760929383337498,0.02104814350605011,0.18789508938789368,16.400000000000002,,99.1,,0.0,,0.3,,0.1,,0.0,
L31_N12066,31,12066,matched,L31_N6772,1.8114519119262695,0.000198222667677328,0.0022037141025066376,0.012105804868042469,0.044739723205566406,0.2615208923816681,25.0,,84.6,,4.0,,21.0,,42.6,,10.9,
L31_N13413,31,13413,matched,L31_N6772,1.6757625341415405,0.0001840292097767815,0.004002443049103022,0.016558146104216576,0.059633176773786545,0.31059038639068604,12.0,,11.3,,70.0,,71.89999999999999,,79.4,,68.10000000000001,
L31_N8794,31,8794,matched,L31_N6772,1.7324239015579224,0.0002464352292008698,0.002570589305832982,0.006866139359772205,0.02275261841714382,0.19488033652305603,15.1,,99.2,,0.0,,33.6,,0.8,,0.0,
L31_N3357,31,3357,matched,L31_N6772,1.711415410041809,0.00019660056568682194,0.0044927895069122314,0.04230940341949463,0.13898205757141113,0.43535315990448,14.2,,78.2,,91.4,,79.9,,94.89999999999999,,92.7,
L31_N4785,31,4785,matched,L31_N6772,1.7917324304580688,0.00018849721527658403,0.005093574523925781,0.022009756416082382,0.08580008894205093,0.35553544759750366,21.2,,17.0,,85.5,,85.8,,89.1,,87.2,
L31_N3371,31,3371,matched,L31_N6772,1.9001750946044922,0.0003792047209572047,0.018187779933214188,0.06063498929142952,0.14167830348014832,0.4315297603607178,51.4,,100.0,,91.3,,97.7,,96.39999999999999,,92.9,
L31_N11145,31,11145,matched,L31_N6772,1.8752728700637817,0.00019591569434851408,0.003212466835975647,0.018668632954359055,0.06676256656646729,0.33280742168426514,49.4,,74.4,,82.6,,54.300000000000004,,85.2,,79.4,
L31_N13014,31,13014,matched,L31_N6772,1.936847448348999,0.00020470535673666745,0.003522448241710663,0.012391002848744392,0.05327478051185608,0.2910043001174927,62.1,,93.2,,40.5,,62.3,,45.7,,45.6,
L31_N1511,31,1511,matched,L31_N6772,1.8070836067199707,0.00019136781338602304,0.11024826020002365,0.18425679206848145,0.29103171825408936,0.5820369124412537,24.0,,31.1,,96.89999999999999,,99.7,,98.9,,97.5,
L31_N3255,31,3255,matched,L31_N6772,1.9090237617492676,0.00018905248725786805,0.004627161659300327,0.021110285073518753,0.08380379527807236,0.3528115749359131,52.900000000000006,,18.9,,85.0,,81.3,,88.5,,86.7,
L31_N13445,31,13445,matched,L31_N6772,1.8196520805358887,0.0001894082233775407,0.0028830613009631634,0.01604239083826542,0.05847685784101486,0.2949947118759155,28.9,,20.0,,47.5,,43.8,,77.8,,65.10000000000001,
L31_N4042,31,4042,matched,L31_N6772,1.880923867225647,0.00022465683287009597,0.001838339027017355,0.012863846495747566,0.0460207462310791,0.26967379450798035,49.9,,99.1,,7.3999999999999995,,12.5,,50.7,,15.8,
L31_N7833,31,7833,matched,L31_N6772,1.6715905666351318,0.00024197787570301443,0.0018963867332786322,0.007248781155794859,0.023557240143418312,0.19273310899734497,11.700000000000001,,99.2,,0.0,,13.5,,1.2,,0.1,
L31_N4369,31,4369,matched,L31_N6772,1.7838431596755981,0.00020379331544972956,0.005279640667140484,0.025386760011315346,0.11119573563337326,0.4019361138343811,20.1,,92.5,,89.60000000000001,,87.2,,90.7,,91.10000000000001,
L31_N4270,31,4270,matched,L31_N6772,1.591204047203064,0.0001770972303347662,0.0046362364664673805,0.023251952603459358,0.09187962114810944,0.38945603370666504,9.2,,7.3999999999999995,,88.9,,81.39999999999999,,89.7,,88.2,
L31_N8316,31,8316,matched,L31_N6772,1.723328948020935,0.00011002678365912288,0.08434096723794937,0.3980273902416229,0.6228814125061035,0.8156917691230774,14.7,,0.1,,99.7,,99.5,,99.8,,99.9,
L31_N5825,31,5825,matched,L31_N6772,1.7007267475128174,0.00021229288540780544,0.0025563600938767195,0.010945090092718601,0.036816325038671494,0.23663412034511566,13.4,,97.3,,1.3,,33.5,,27.900000000000002,,2.4,
L31_N8841,31,8841,matched,L31_N6772,1.8671730756759644,0.000178372923983261,0.002836176659911871,0.015366189181804657,0.06942964345216751,0.3436059355735779,48.5,,8.0,,83.6,,42.3,,74.1,,82.0,
L31_N13467,31,13467,matched,L31_N6772,1.6904364824295044,0.00021259924687910825,0.004396739415824413,0.013917656615376472,0.052826154977083206,0.28916457295417786,12.6,,97.39999999999999,,37.5,,78.7,,62.7,,44.4,
L31_N7279,31,7279,matched,L31_N6772,1.8552855253219604,0.00020117429085075855,0.04832601919770241,0.07520674914121628,0.16945727169513702,0.4730879068374634,45.9,,90.60000000000001,,93.0,,99.1,,96.7,,94.0,
L31_N2113,31,2113,matched,L31_N6772,1.6707158088684082,0.00018158405146095902,0.004171142354607582,0.038495827466249466,0.10308726876974106,0.3887634575366974,11.600000000000001,,9.8,,88.8,,75.0,,94.1,,90.2,
L31_N6448,31,6448,matched,L31_N6772,1.633946180343628,0.00020255139679647982,0.00085752725135535,0.006184028461575508,0.03969661891460419,0.2622241675853729,10.2,,91.9,,4.1000000000000005,,0.3,,0.4,,3.5999999999999996,
L31_N5066,31,5066,matched,L31_N6772,1.6679258346557617,0.0002148492931155488,0.0030165857169777155,0.013855778612196445,0.039451904594898224,0.24150215089321136,11.5,,97.7,,1.7000000000000002,,48.8,,62.2,,3.5999999999999996,
L31_N7073,31,7073,matched,L31_N6772,1.7379704713821411,0.00019303183944430202,0.0024201073683798313,0.019273869693279266,0.09340282529592514,0.3824859857559204,15.4,,48.1,,88.2,,28.299999999999997,,86.0,,88.5,
L31_N3274,31,3274,matched,L31_N6772,1.895982265472412,0.00019061182683799416,0.0027740332297980785,0.01310896035283804,0.06044663116335869,0.3131868541240692,51.2,,25.6,,72.89999999999999,,40.2,,54.300000000000004,,70.1,
L31_N7791,31,7791,matched,L31_N6772,1.7442092895507812,0.00017472323088441044,0.008101686835289001,0.0558398999273777,0.13567794859409332,0.44302335381507874,15.9,,6.800000000000001,,92.10000000000001,,94.1,,96.2,,92.7,
L31_N13807,31,13807,matched,L31_N6772,1.8959450721740723,0.0001717566337902099,0.002901148982346058,0.017348645254969597,0.13408002257347107,0.48115140199661255,51.2,,5.4,,93.2,,44.2,,82.39999999999999,,92.7,
L31_N2483,31,2483,matched,L31_N6772,1.6571919918060303,0.00021740185911767185,0.0007523503736592829,0.008374710567295551,0.03177992254495621,0.22871941328048706,10.9,,98.2,,0.8,,0.1,,5.0,,1.2,
L31_N13010,31,13010,matched,L31_N6772,1.6577390432357788,0.0001803799532353878,0.0042868079617619514,0.01581849902868271,0.06905703246593475,0.341057687997818,10.9,,9.3,,83.5,,77.10000000000001,,76.7,,81.6,
L31_N4459,31,4459,matched,L31_N6772,1.7813441753387451,0.00018679654749576002,0.004901120904833078,0.023536441847682,0.08258253335952759,0.35277584195137024,19.6,,14.099999999999998,,85.0,,83.89999999999999,,89.9,,86.4,
L20_N10249,20,10249,matched,L20_N2742,1.852508783340454,0.0001956925552804023,0.007615190930664539,0.017312007024884224,0.0582660473883152,0.29657289385795593,45.6,,73.6,,51.5,,93.60000000000001,,82.19999999999999,,64.3,
L20_N10056,20,10056,matched,L20_N2742,1.7257227897644043,0.00019308904302306473,0.0013259745901450515,0.012225155718624592,0.05484803766012192,0.29356080293655396,14.7,,48.699999999999996,,44.9,,2.3,,44.1,,53.0,
L20_N2661,20,2661,matched,L20_N2742,1.839380145072937,0.00019011535914614797,0.0025283293798565865,0.010563177987933159,0.05619649961590767,0.30457890033721924,39.900000000000006,,23.400000000000002,,64.2,,32.2,,23.799999999999997,,57.8,
L20_N2964,20,2964,matched,L20_N2742,1.8269504308700562,0.00019141058146487921,0.00194155378267169,0.011492468416690826,0.057620059698820114,0.3122785985469818,31.900000000000002,,31.3,,72.2,,14.299999999999999,,35.0,,61.8,
L20_N11418,20,11418,matched,L20_N2742,1.8154605627059937,0.00019297192920930684,0.0026600449346005917,0.010053294710814953,0.05489801988005638,0.2970176339149475,26.6,,47.599999999999994,,52.5,,35.9,,19.1,,53.400000000000006,
L20_N10816,20,10816,matched,L20_N2742,1.7726463079452515,0.000191743703908287,0.0025579319335520267,0.01897946186363697,0.06416106224060059,0.3070591390132904,18.0,,34.4,,66.5,,33.6,,85.5,,76.6,
L20_N12483,20,12483,matched,L20_N2742,1.823042392730713,0.00019046409579459578,0.0034043663181364536,0.013917744159698486,0.06011197715997696,0.3031401038169861,29.7,,24.6,,62.4,,59.8,,62.7,,69.19999999999999,
L20_N10481,20,10481,matched,L20_N2742,1.8567759990692139,0.00019220866670366377,0.004792291671037674,0.01747550256550312,0.060224808752536774,0.2988246977329254,46.400000000000006,,39.900000000000006,,55.7,,82.8,,82.8,,69.69999999999999,
L20_N5868,20,5868,matched,L20_N2742,1.8416939973831177,0.0001902053045341745,0.003444115398451686,0.012307981960475445,0.059968456625938416,0.30686065554618835,40.9,,23.9,,66.2,,60.699999999999996,,44.9,,69.0,
L20_N9763,20,9763,matched,L20_N2742,1.8271065950393677,0.00019193877233192325,0.004711657762527466,0.013885939493775368,0.0581214465200901,0.2946123480796814,32.2,,36.8,,47.199999999999996,,82.1,,62.4,,63.4,
L20_N711,20,711,matched,L20_N2742,1.8204076290130615,0.00019514003361109644,0.0027863685972988605,0.015389145351946354,0.058529213070869446,0.3020574152469635,29.2,,68.89999999999999,,61.3,,40.2,,74.3,,65.2,
L20_N14297,20,14297,matched,L20_N2742,1.819439172744751,0.00019114003225695342,0.00258291675709188,0.015476757660508156,0.052855439484119415,0.2894074618816376,28.799999999999997,,28.9,,38.1,,34.1,,74.8,,44.6,
L20_N492,20,492,matched,L20_N2742,1.839402675628662,0.00019103191152680665,0.0027817480731755495,0.014017531648278236,0.06125237047672272,0.3076571822166443,39.900000000000006,,28.499999999999996,,67.30000000000001,,40.2,,63.1,,72.1,
L20_N1407,20,1407,matched,L20_N2742,1.7123855352401733,0.0001952583552338183,0.0017547111492604017,0.010250991210341454,0.044433679431676865,0.2799226641654968,14.399999999999999,,69.89999999999999,,19.1,,10.9,,20.8,,10.100000000000001,
L20_N783,20,783,matched,L20_N2742,1.8002947568893433,0.0001894088345579803,0.003342278068885207,0.012556899338960648,0.056066159158945084,0.3085852265357971,22.7,,20.0,,68.0,,57.8,,47.8,,57.49999999999999,
L20_N11111,20,11111,matched,L20_N2742,1.7681539058685303,0.0001910292630782351,0.002910501090809703,0.011934441514313221,0.054007381200790405,0.28834283351898193,17.5,,28.4,,35.6,,44.6,,40.699999999999996,,48.8,
L20_N13364,20,13364,matched,L20_N2742,1.8476370573043823,0.00019231178157497197,0.0021256012842059135,0.010306170210242271,0.05027489736676216,0.3066408336162567,43.5,,40.5,,66.10000000000001,,18.5,,21.2,,32.9,
L20_N9988,20,9988,matched,L20_N2742,1.6662054061889648,0.0001897731563076377,0.003539070952683687,0.019579483196139336,0.07347829639911652,0.3368438184261322,11.3,,21.6,,82.89999999999999,,62.7,,86.1,,84.39999999999999,
L20_N4592,20,4592,matched,L20_N2742,1.8100621700286865,0.00018915004329755902,0.005975732114166021,0.015143025666475296,0.06769131869077682,0.32592344284057617,24.5,,19.0,,80.0,,89.9,,72.0,,80.60000000000001,
L20_N11282,20,11282,matched,L20_N2742,1.8195436000823975,0.00019918613543268293,0.004210981540381908,0.012222937308251858,0.06035943701863289,0.2995963394641876,28.9,,87.2,,57.4,,76.0,,44.0,,69.8,
L20_N3655,20,3655,matched,L20_N2742,1.8075950145721436,0.00020207578199915588,0.002495883032679558,0.014764958061277866,0.05839446187019348,0.3115461766719818,24.2,,91.4,,71.6,,31.2,,69.6,,65.0,
L20_N13290,20,13290,matched,L20_N2742,1.83378005027771,0.0001925363758346066,0.0032524263951927423,0.016869893297553062,0.06367500126361847,0.30556607246398926,36.0,,42.699999999999996,,64.9,,55.00000000000001,,80.60000000000001,,76.6,
L20_N9909,20,9909,matched,L20_N2742,1.8228685855865479,0.0001938078348757699,0.004796582739800215,0.011451570317149162,0.06057359278202057,0.3069879412651062,29.7,,56.39999999999999,,66.4,,82.8,,34.599999999999994,,70.7,
L20_N7225,20,7225,matched,L20_N2742,1.9090888500213623,0.00019221975526306778,0.0039934152737259865,0.015010733157396317,0.05302957072854042,0.2826979458332062,52.900000000000006,,39.900000000000006,,23.9,,71.8,,71.39999999999999,,45.2,
L20_N10710,20,10710,matched,L20_N2742,1.8203619718551636,0.0002034195204032585,0.003148029325529933,0.012865162454545498,0.05751722678542137,0.3028489947319031,29.2,,92.30000000000001,,62.1,,52.900000000000006,,50.7,,61.6,
L20_N11066,20,11066,matched,L20_N2742,1.8936909437179565,0.00019451268599368632,0.002555263927206397,0.012942631728947163,0.053658343851566315,0.29875674843788147,50.9,,63.6,,55.60000000000001,,33.4,,51.7,,47.3,
L20_N526,20,526,matched,L20_N2742,1.8190735578536987,0.00018792062473949045,0.002944552805274725,0.015040429309010506,0.06357744336128235,0.32055535912513733,28.7,,16.1,,77.10000000000001,,45.800000000000004,,71.39999999999999,,76.5,
L20_N8620,20,8620,matched,L20_N2742,1.7887418270111084,0.00018669044948183,0.00740910554304719,0.024502450600266457,0.09304798394441605,0.36715638637542725,20.9,,14.000000000000002,,86.9,,92.60000000000001,,90.3,,88.5,
L20_N10862,20,10862,matched,L20_N2742,1.840955376625061,0.00018897908739745617,0.002370934234932065,0.01242348738014698,0.06430139392614365,0.30348190665245056,40.400000000000006,,18.7,,62.6,,26.3,,46.2,,76.7,
L20_N9452,20,9452,matched,L20_N2742,1.8434760570526123,0.000189572325325571,0.004360581282526255,0.01281880121678114,0.0538264624774456,0.3009878993034363,41.6,,20.8,,59.8,,78.3,,50.3,,47.9,
L20_N5028,20,5028,matched,L20_N2742,1.7999743223190308,0.00019510956190060824,0.0021837332751601934,0.009585808031260967,0.04428789019584656,0.2776110768318176,22.6,,68.60000000000001,,15.7,,20.5,,14.499999999999998,,9.8,
L20_N11119,20,11119,matched,L20_N2742,1.8028746843338013,0.00019088687258772552,0.002186569618061185,0.011703620664775372,0.06601240485906601,0.3308713138103485,23.3,,27.1,,81.8,,20.599999999999998,,37.1,,78.5,
L20_N5248,20,5248,matched,L20_N2742,1.8451796770095825,0.00019188768055755645,0.005258873570710421,0.017897699028253555,0.07033299654722214,0.35386815667152405,42.3,,36.199999999999996,,85.3,,87.0,,83.6,,82.5,
L20_N8364,20,8364,matched,L20_N2742,1.8391313552856445,0.00019288301700726151,0.00393948657438159,0.01580001227557659,0.060561493039131165,0.31040096282958984,39.7,,46.2,,69.5,,71.1,,76.5,,70.7,
L20_N4246,20,4246,matched,L20_N2742,1.8131263256072998,0.00018823031859938055,0.005951615050435066,0.01323410402983427,0.04900585114955902,0.29708465933799744,25.8,,16.5,,52.5,,89.9,,55.400000000000006,,27.900000000000002,
L20_N13937,20,13937,matched,L20_N2742,1.8112350702285767,0.00019853512640111148,0.001152973622083664,0.010803883895277977,0.05296493321657181,0.28784626722335815,24.8,,85.6,,34.8,,1.0,,26.6,,45.0,
L20_N13980,20,13980,matched,L20_N2742,1.810498833656311,0.00019272979989182204,0.004248298238962889,0.01538016926497221,0.057076603174209595,0.3009975254535675,24.7,,44.7,,59.8,,76.4,,74.1,,59.8,
L20_N11868,20,11868,matched,L20_N2742,1.8360601663589478,0.00018930014630313963,0.0020128574687987566,0.015612272545695305,0.06908848881721497,0.3343633711338043,38.1,,19.5,,82.69999999999999,,15.8,,75.6,,81.6,
L20_N7044,20,7044,matched,L20_N2742,1.8171899318695068,0.0001920485810842365,0.004623763728886843,0.01590687967836857,0.057615093886852264,0.29580023884773254,27.200000000000003,,38.2,,49.2,,81.3,,76.8,,61.8,
L20_N5166,20,5166,matched,L20_N2742,1.8137531280517578,0.00019056171004194766,0.003651205450296402,0.018053922802209854,0.058513205498456955,0.2992575168609619,26.0,,25.1,,56.39999999999999,,65.0,,84.2,,65.2,
L20_N7859,20,7859,matched,L20_N2742,1.7577818632125854,0.0001875243178801611,0.0034666555002331734,0.03191752731800079,0.09234114736318588,0.3710589110851288,16.8,,15.2,,87.2,,61.1,,93.10000000000001,,88.3,
L20_N1267,20,1267,matched,L20_N2742,1.8765649795532227,0.00019161251839250326,0.006594907026737928,0.01814676821231842,0.05710922181606293,0.3214106261730194,49.7,,33.0,,77.9,,91.4,,84.2,,59.8,
L20_N11930,20,11930,matched,L20_N2742,1.8338712453842163,0.0001975144405150786,0.002847902709618211,0.014370341785252094,0.06132951378822327,0.3138468265533447,36.1,,81.8,,73.4,,42.9,,66.4,,72.2,
L20_N1033,20,1033,matched,L20_N2742,1.8329261541366577,0.0001891190913738683,0.0027037577237933874,0.013921174220740795,0.0540081188082695,0.3057485818862915,35.3,,19.0,,65.2,,37.9,,62.8,,48.8,
L20_N2728,20,2728,matched,L20_N2742,1.8172227144241333,0.00019588337454479188,0.005687459371984005,0.014097243547439575,0.05670083314180374,0.29091185331344604,27.200000000000003,,74.0,,40.5,,89.2,,64.1,,59.099999999999994,
L20_N7624,20,7624,matched,L20_N2742,1.8003686666488647,0.00019132507441099733,0.005082161631435156,0.014216836541891098,0.0597551129758358,0.30691760778427124,22.8,,30.8,,66.4,,85.8,,65.10000000000001,,68.5,
L20_N7209,20,7209,matched,L20_N2742,1.802961826324463,0.0002016497019212693,0.0016700945561751723,0.013058505021035671,0.05923859402537346,0.3062654435634613,23.3,,90.7,,65.4,,9.1,,53.300000000000004,,66.9,
L20_N8386,20,8386,matched,L20_N2742,1.817594051361084,0.00019801329472102225,0.0019491920247673988,0.01081476453691721,0.05607602372765541,0.3006305396556854,27.3,,83.7,,59.4,,14.399999999999999,,26.700000000000003,,57.49999999999999,
L20_N8048,20,8048,matched,L20_N2742,1.7895861864089966,0.0001907253172248602,0.0016748482594266534,0.011510677635669708,0.0529635027050972,0.29429396986961365,21.0,,26.5,,46.5,,9.1,,35.199999999999996,,45.0,
L20_N3538,20,3538,matched,L20_N2742,1.8181120157241821,0.0001878568873507902,0.0017190836369991302,0.010317223146557808,0.06825492531061172,0.3195028007030487,27.800000000000004,,16.0,,76.6,,10.299999999999999,,21.2,,81.10000000000001,
L31_N9304,31,9304,matched,L31_N3330,1.5378154516220093,0.0001817464508349076,0.013767753727734089,0.05027293786406517,0.1356622874736786,0.47604724764823914,7.3999999999999995,,9.9,,93.0,,96.7,,95.6,,92.7,
L31_N3914,31,3914,matched,L31_N3330,1.3683522939682007,0.00016586737183388323,0.018932539969682693,0.14911703765392303,0.29143932461738586,0.5977481603622437,3.5000000000000004,,3.8,,97.3,,97.7,,98.5,,97.5,
L31_N8479,31,8479,matched,L31_N3330,1.3579590320587158,0.0001735682599246502,0.004891969263553619,0.013933316804468632,0.06779029220342636,0.33255335688591003,3.5000000000000004,,6.3,,82.39999999999999,,83.8,,62.8,,80.60000000000001,
L31_N8699,31,8699,matched,L31_N3330,1.4353227615356445,0.00020427860727068037,0.0020901644602417946,0.00930234044790268,0.043185342103242874,0.25815311074256897,4.9,,92.9,,3.3000000000000003,,17.5,,10.6,,7.8,
L31_N9463,31,9463,matched,L31_N3330,1.4323855638504028,0.0002152998058591038,0.0035350590478628874,0.00914247240871191,0.032791804522275925,0.22930440306663513,4.7,,97.89999999999999,,0.8999999999999999,,62.3,,9.5,,1.5,
L31_N11033,31,11033,matched,L31_N3330,1.4329737424850464,0.00011170132347615436,0.007350185886025429,0.10798420011997223,0.6702298521995544,0.8499156832695007,4.8,,0.2,,99.8,,92.5,,97.89999999999999,,99.9,
L31_N3575,31,3575,matched,L31_N3330,1.5274773836135864,0.00015224877279251814,0.0030148422811180353,0.07348307222127914,0.2980387806892395,0.6221731305122375,7.000000000000001,,1.7000000000000002,,97.39999999999999,,48.699999999999996,,96.7,,97.6,
L31_N10210,31,10210,matched,L31_N3330,1.5340067148208618,0.0001854530710261315,0.01211465336382389,0.1284949630498886,0.3752923905849457,0.6860752105712891,7.3999999999999995,,12.6,,98.7,,96.5,,98.3,,98.5,
L31_N14293,31,14293,matched,L31_N3330,1.3372594118118286,0.00021303318499121815,0.0034407505299896,0.007013463880866766,0.029804952442646027,0.2158142328262329,2.9000000000000004,,97.39999999999999,,0.6,,60.6,,1.0,,0.8999999999999999,
L31_N2874,31,2874,matched,L31_N3330,1.5280853509902954,0.00011046412691939622,0.019312120974063873,0.23491324484348297,0.6687687635421753,0.8388581871986389,7.000000000000001,,0.2,,99.8,,97.7,,99.4,,99.9,
L31_N6610,31,6610,matched,L31_N3330,1.3522425889968872,0.00017319820472039282,0.0017087034648284316,0.008683785796165466,0.04397256672382355,0.29248929023742676,3.4000000000000004,,6.0,,43.5,,10.2,,6.9,,9.3,
L31_N12950,31,12950,matched,L31_N3330,1.5137746334075928,0.00016367383068427444,0.028721626847982407,0.09382107853889465,0.3579714000225067,0.6808871030807495,6.5,,3.5000000000000004,,98.5,,98.9,,97.6,,98.4,
L31_N3382,31,3382,matched,L31_N3330,1.3673832416534424,0.0001948088756762445,0.0018747979775071144,0.011795930564403534,0.05749484524130821,0.2996215522289276,3.5000000000000004,,66.4,,57.4,,13.4,,38.5,,61.4,
L31_N7327,31,7327,matched,L31_N3330,1.4808748960494995,0.00011426376295275986,0.08428457379341125,0.26146143674850464,0.5897374749183655,0.8234460949897766,5.8999999999999995,,0.2,,99.7,,99.5,,99.5,,99.6,
L31_N12417,31,12417,matched,L31_N3330,1.405357837677002,0.0004446152306627482,0.061832502484321594,0.10868897289037704,0.2320517748594284,0.5178527235984802,4.2,,100.0,,94.69999999999999,,99.2,,98.1,,96.2,
L31_N6729,31,6729,matched,L31_N3330,1.5283747911453247,0.00016644907009322196,0.002260367153212428,0.010446195490658283,0.061919257044792175,0.3475799262523651,7.000000000000001,,4.0,,84.2,,22.400000000000002,,22.6,,73.7,
L31_N3837,31,3837,matched,L31_N3330,1.5188813209533691,0.00016047256940510124,0.0068301670253276825,0.02485370822250843,0.16193579137325287,0.535071611404419,6.6000000000000005,,2.9000000000000004,,95.8,,91.8,,90.60000000000001,,93.60000000000001,
L31_N2577,31,2577,matched,L31_N3330,1.5522342920303345,0.00019394716946408153,0.004598342813551426,0.02903083898127079,0.09282132238149643,0.3586269021034241,7.8,,58.3,,86.0,,80.9,,91.8,,88.4,
L31_N1298,31,1298,matched,L31_N3330,1.5015172958374023,0.00019781634910032153,0.004213964566588402,0.012234043329954147,0.04646635055541992,0.27142712473869324,6.3,,83.2,,8.5,,76.1,,44.1,,16.7,
L31_N7936,31,7936,matched,L31_N3330,1.5251941680908203,0.00010604817362036556,0.4319901168346405,0.5484691858291626,0.6516624093055725,0.8257155418395996,7.000000000000001,,0.1,,99.7,,100.0,,99.9,,99.9,
L31_N10588,31,10588,matched,L31_N3330,1.4073519706726074,0.00019754935055971146,0.003416323335841298,0.009799309074878693,0.04069816693663597,0.25068846344947815,4.3,,82.19999999999999,,2.3,,60.199999999999996,,16.6,,4.3,
L31_N11543,31,11543,matched,L31_N3330,1.5066120624542236,0.00017649457731749862,0.022606708109378815,0.1292676031589508,0.35437315702438354,0.6406881213188171,6.4,,7.1,,97.8,,98.2,,98.3,,98.3,
L31_N6746,31,6746,matched,L31_N3330,1.5187965631484985,0.00016046728705987334,0.031217068433761597,0.12001098692417145,0.31302914023399353,0.6270734667778015,6.6000000000000005,,2.9000000000000004,,97.6,,99.0,,98.2,,97.7,
L31_N4298,31,4298,matched,L31_N3330,1.5094388723373413,0.00017686228966340423,0.009343013167381287,0.10328307002782822,0.2922770380973816,0.5862290263175964,6.4,,7.3,,96.89999999999999,,95.1,,97.89999999999999,,97.5,
L31_N8987,31,8987,matched,L31_N3330,1.396038293838501,0.00012747170694638044,0.007023557089269161,0.04669644311070442,0.38432279229164124,0.7574580311775208,3.9,,0.4,,99.5,,92.10000000000001,,95.39999999999999,,98.7,
L31_N5145,31,5145,matched,L31_N3330,1.4076961278915405,0.00016894405416678637,0.027610210701823235,0.09341065585613251,0.22083625197410583,0.5380102396011353,4.3,,4.5,,95.89999999999999,,98.8,,97.6,,95.7,
L31_N4286,31,4286,matched,L31_N3330,1.5147024393081665,0.00019001017790287733,0.008459257893264294,0.020010825246572495,0.05628509819507599,0.29759231209754944,6.5,,22.7,,53.800000000000004,,94.6,,86.7,,57.9,
L31_N13834,31,13834,matched,L31_N3330,1.3883591890335083,0.00018981657922267914,0.0025194790214300156,0.007742547430098057,0.03707720711827278,0.25884711742401123,3.8,,21.7,,3.5000000000000004,,32.1,,2.4,,2.4,
L31_N14288,31,14288,matched,L31_N3330,1.5819934606552124,0.0001537283242214471,0.0034311991184949875,0.012454076670110226,0.21496693789958954,0.5598139762878418,8.799999999999999,,1.9,,96.2,,60.4,,46.6,,95.3,
L31_N12982,31,12982,matched,L31_N3330,1.5312352180480957,0.00013426081568468362,0.0279950350522995,0.08962525427341461,0.4643027186393738,0.7343509197235107,7.199999999999999,,0.7000000000000001,,98.9,,98.8,,97.39999999999999,,99.2,
L31_N13847,31,13847,matched,L31_N3330,1.362387776374817,0.00014557324175257236,0.0018954506376758218,0.024688471108675003,0.17356157302856445,0.5312001705169678,3.5000000000000004,,1.3,,95.7,,13.5,,90.4,,94.1,
L31_N8382,31,8382,matched,L31_N3330,1.5440398454666138,0.00015712871390860528,0.023689117282629013,0.08680342137813568,0.33587679266929626,0.6657103300094604,7.3999999999999995,,2.5,,98.2,,98.4,,97.39999999999999,,98.1,
L31_N13823,31,13823,matched,L31_N3330,1.5306360721588135,0.00013482426584232599,0.002184698125347495,0.014441444538533688,0.3515428304672241,0.7462334036827087,7.000000000000001,,1.0,,99.4,,20.5,,67.4,,98.3,
L31_N539,31,539,matched,L31_N3330,1.5526500940322876,0.0002010555035667494,0.0022859766613692045,0.00947471521794796,0.04765060544013977,0.28346019983291626,7.8,,90.60000000000001,,25.4,,23.3,,13.200000000000001,,21.9,
L31_N2352,31,2352,matched,L31_N3330,1.5106931924819946,0.0001937978231580928,0.0016346119809895754,0.007766270078718662,0.04242537543177605,0.2594539225101471,6.5,,56.00000000000001,,3.5999999999999996,,8.5,,2.4,,6.800000000000001,
L31_N10910,31,10910,matched,L31_N3330,1.5655289888381958,0.0001991690369322896,0.002517922315746546,0.014043246395885944,0.054795462638139725,0.2878723442554474,8.1,,87.1,,34.8,,32.1,,63.5,,52.900000000000006,
L31_N14058,31,14058,matched,L31_N3330,1.5300891399383545,0.00019347293709870428,0.004890208598226309,0.020262787118554115,0.07346295565366745,0.34537258744239807,7.000000000000001,,52.5,,83.7,,83.8,,87.3,,84.39999999999999,
L31_N12661,31,12661,matched,L31_N3330,1.3697683811187744,0.00017478108929935843,0.0051458426751196384,0.01978657953441143,0.09739739447832108,0.39727985858917236,3.5000000000000004,,6.800000000000001,,89.3,,86.5,,86.2,,89.1,
L31_N6599,31,6599,matched,L31_N3330,1.5552458763122559,0.00017129367915913463,0.005698732100427151,0.031986527144908905,0.11151787638664246,0.41794419288635254,7.8,,5.4,,90.7,,89.2,,93.10000000000001,,91.10000000000001,
L31_N5847,31,5847,matched,L31_N3330,1.5477957725524902,0.0002022319531533867,0.0025066640228033066,0.012824737466871738,0.062100864946842194,0.30142438411712646,7.5,,91.60000000000001,,60.3,,31.6,,50.3,,74.1,
L31_N9678,31,9678,matched,L31_N3330,1.3992900848388672,0.0002755902532953769,0.07650534063577652,0.3547358214855194,0.5339359641075134,0.7632668018341064,4.1000000000000005,,99.5,,99.5,,99.4,,99.8,,99.5,
L31_N1244,31,1244,matched,L31_N3330,1.5663741827011108,0.00021226730314083397,0.015911251306533813,0.06310465931892395,0.13835398852825165,0.4387151896953583,8.1,,97.3,,91.8,,97.1,,96.7,,92.7,
L31_N7710,31,7710,matched,L31_N3330,1.4086480140686035,0.00019206159049645066,0.002868321258574724,0.009087256155908108,0.03764944523572922,0.25094854831695557,4.3,,38.2,,2.3,,43.3,,9.2,,2.6,
L31_N13762,31,13762,matched,L31_N3330,1.3376787900924683,0.00013936996401753277,0.004596560727804899,0.021846788004040718,0.17654338479042053,0.5845001339912415,2.9000000000000004,,1.2,,96.89999999999999,,80.9,,89.0,,94.1,
L31_N13081,31,13081,matched,L31_N3330,1.3381165266036987,0.00016929660341702402,0.002818463370203972,0.015019960701465607,0.06562922894954681,0.3586139976978302,2.9000000000000004,,4.9,,86.0,,41.3,,71.39999999999999,,78.0,
L31_N7847,31,7847,matched,L31_N3330,1.428088665008545,0.00020054039487149566,0.02269253507256508,0.09593143314123154,0.21079151332378387,0.5005059838294983,4.7,,89.5,,94.3,,98.3,,97.6,,95.3,
L31_N218,31,218,matched,L31_N3330,1.4642343521118164,0.00015387465828098357,0.013376671820878983,0.09387199580669403,0.40307432413101196,0.7086591720581055,5.4,,1.9,,98.8,,96.7,,97.6,,98.8,
L31_N2927,31,2927,matched,L31_N3330,1.4129914045333862,0.00015483915922231972,0.002298106672242284,0.010010046884417534,0.08764363825321198,0.4344730079174042,4.3999999999999995,,2.0,,91.3,,23.3,,18.4,,87.5,
L31_N11886,31,11886,matched,L31_N3330,1.3692482709884644,0.00018729847215581685,0.0011707617668434978,0.013339576311409473,0.06642218679189682,0.3405141830444336,3.5000000000000004,,14.899999999999999,,83.5,,1.0,,56.39999999999999,,79.0,
L31_N3688,31,3688,matched,L31_N3330,1.370876669883728,0.0001536953350296244,0.002479434246197343,0.013053911738097668,0.08903298527002335,0.40622496604919434,3.5000000000000004,,1.9,,90.4,,30.8,,53.300000000000004,,87.9,
L20_N7141,20,7141,matched,L20_N1001,1.305580496788025,0.0001950373116414994,0.005659354384988546,0.012996062636375427,0.06077369302511215,0.29582804441452026,2.6,,68.10000000000001,,49.3,,89.2,,52.300000000000004,,71.0,
L20_N10094,20,10094,matched,L20_N1001,1.5119383335113525,0.0002035653596976772,0.0024840226396918297,0.015528525225818157,0.057276226580142975,0.30571088194847107,6.5,,92.4,,65.10000000000001,,30.9,,74.9,,60.5,
L20_N11125,20,11125,matched,L20_N1001,1.5569775104522705,0.00017336703604087234,0.0043768128380179405,0.04058030992746353,0.17492520809173584,0.4722590148448944,7.9,,6.1,,92.9,,78.3,,94.69999999999999,,94.1,
L20_N14269,20,14269,matched,L20_N1001,1.5495002269744873,0.0001801771140890196,0.003107433207333088,0.022591939195990562,0.11383673548698425,0.39867204427719116,7.5,,9.3,,89.3,,51.6,,89.3,,91.2,
L20_N1131,20,1131,matched,L20_N1001,1.5258044004440308,0.0001708384370431304,0.004054094199091196,0.011979316361248493,0.15631993114948273,0.5037438273429871,7.000000000000001,,5.3,,94.3,,72.8,,41.099999999999994,,93.4,
L20_N11078,20,11078,matched,L20_N1001,1.4331892728805542,0.00019174830231349915,0.0030249636620283127,0.018511001020669937,0.08549552410840988,0.35740551352500916,4.8,,34.4,,85.7,,49.4,,85.0,,87.2,
L20_N1234,20,1234,matched,L20_N1001,1.5094854831695557,0.00020391910220496356,0.003454234916716814,0.015851039439439774,0.054819781333208084,0.2882266640663147,6.4,,92.60000000000001,,35.4,,60.8,,76.8,,52.900000000000006,
L20_N5067,20,5067,matched,L20_N1001,1.447596788406372,0.00018326836288906634,0.004097971599549055,0.011664765886962414,0.0688738003373146,0.32673734426498413,5.3,,10.9,,80.30000000000001,,73.9,,36.8,,81.3,
L20_N9962,20,9962,matched,L20_N1001,1.4972524642944336,0.00019739878189284354,0.0028780868742614985,0.016919780522584915,0.06430324912071228,0.3173758089542389,6.2,,81.2,,75.8,,43.8,,80.7,,76.7,
L20_N7631,20,7631,matched,L20_N1001,1.407044529914856,0.00020114540529903024,0.002572647063061595,0.017696941271424294,0.07388541847467422,0.32895180583000183,4.2,,90.60000000000001,,80.9,,33.6,,83.3,,84.5,
L20_N1940,20,1940,matched,L20_N1001,1.345179796218872,0.0001841393968788907,0.0036120517179369926,0.021799182519316673,0.0831579715013504,0.3603520095348358,3.0,,11.4,,86.0,,64.5,,88.9,,86.7,
L20_N10551,20,10551,matched,L20_N1001,1.3677524328231812,0.00019010856340173632,0.0052567655220627785,0.017595821991562843,0.06736386567354202,0.33472707867622375,3.5000000000000004,,23.200000000000003,,82.69999999999999,,87.0,,83.1,,80.2,
L20_N13587,20,13587,matched,L20_N1001,1.434126853942871,0.00018877480761148036,0.004646857734769583,0.01389247365295887,0.055658698081970215,0.3007109761238098,4.8,,18.099999999999998,,59.4,,81.6,,62.4,,55.50000000000001,
L20_N12531,20,12531,matched,L20_N1001,1.5458893775939941,0.00019120857177767903,0.012212060391902924,0.03375893086194992,0.101267971098423,0.3987531065940857,7.5,,29.5,,89.3,,96.5,,93.5,,89.9,
L20_N7482,20,7482,matched,L20_N1001,1.5510663986206055,0.0001871930289780721,0.0026421314105391502,0.015092665329575539,0.07018889486789703,0.3304886221885681,7.7,,14.6,,81.69999999999999,,35.5,,71.7,,82.3,
L20_N2888,20,2888,matched,L20_N1001,1.427350640296936,0.0002908864989876747,0.006702332757413387,0.01997186429798603,0.08567308634519577,0.3706303834915161,4.6,,99.6,,87.2,,91.60000000000001,,86.7,,87.2,
L20_N3033,20,3033,matched,L20_N1001,1.5537387132644653,0.00019841389439534396,0.003821727354079485,0.01395339798182249,0.058358192443847656,0.2960648238658905,7.8,,85.2,,49.8,,68.8,,62.9,,64.9,
L20_N2571,20,2571,matched,L20_N1001,1.4192957878112793,0.00017491083417553455,0.00446684705093503,0.20934469997882843,0.31153494119644165,0.5874159932136536,4.5,,6.800000000000001,,96.89999999999999,,79.60000000000001,,99.2,,97.7,
L20_N5091,20,5091,matched,L20_N1001,1.553134560585022,0.00019848690135404468,0.005996842868626118,0.016102701425552368,0.0523371547460556,0.285906583070755,7.8,,85.39999999999999,,31.0,,89.9,,78.4,,42.6,
L20_N4872,20,4872,matched,L20_N1001,1.4417084455490112,0.00017789234698284417,0.05750706419348717,0.0853421539068222,0.17682935297489166,0.4827388525009155,5.2,,7.7,,93.30000000000001,,99.2,,97.3,,94.1,
L20_N10954,20,10954,matched,L20_N1001,1.543004035949707,0.00019805171177722514,0.002257423708215356,0.01713278889656067,0.057885490357875824,0.3132517635822296,7.3999999999999995,,84.0,,72.89999999999999,,22.3,,81.39999999999999,,62.6,
L20_N4247,20,4247,matched,L20_N1001,1.4653337001800537,0.00019921379862353206,0.003917991183698177,0.016211392357945442,0.06615766137838364,0.3102649450302124,5.4,,87.2,,69.39999999999999,,70.5,,78.5,,78.7,
L20_N7459,20,7459,matched,L20_N1001,1.4887560606002808,0.00019063122454099357,0.004734843969345093,0.017068713903427124,0.08261702954769135,0.3581050932407379,6.0,,26.0,,86.0,,82.3,,81.3,,86.4,
L20_N12911,20,12911,matched,L20_N1001,1.530347466468811,0.00019624619744718075,0.006548748351633549,0.0234175156801939,0.08592335879802704,0.3861801326274872,7.000000000000001,,76.4,,88.5,,91.10000000000001,,89.8,,87.3,
L20_N4761,20,4761,matched,L20_N1001,1.4915084838867188,0.00017905308050103486,0.00600987346842885,0.024177346378564835,0.08549801260232925,0.37826114892959595,6.0,,8.6,,88.1,,90.0,,90.2,,87.2,
L20_N10382,20,10382,matched,L20_N1001,1.4162813425064087,0.00019531826546881348,0.004878089763224125,0.017881780862808228,0.06713546067476273,0.3201408386230469,4.3999999999999995,,70.19999999999999,,77.0,,83.5,,83.6,,79.80000000000001,
L20_N1936,20,1936,matched,L20_N1001,1.476576566696167,0.00019284288282506168,0.006680595222860575,0.02185816690325737,0.08423537015914917,0.35804688930511475,5.7,,45.9,,86.0,,91.60000000000001,,89.0,,86.9,
L20_N2662,20,2662,matched,L20_N1001,1.3401392698287964,0.00018981478933710605,0.005889358464628458,0.029675157740712166,0.09237392246723175,0.38528189063072205,3.0,,21.7,,88.5,,89.9,,92.2,,88.3,
L20_N8001,20,8001,matched,L20_N1001,1.4364255666732788,0.00015802489360794425,0.002772544976323843,0.01703379675745964,0.1869211047887802,0.5801821947097778,4.9,,2.5,,96.8,,40.1,,81.2,,94.8,
L20_N6586,20,6586,matched,L20_N1001,1.3190584182739258,0.00018743814143817872,0.005917131435126066,0.0168559942394495,0.11076492816209793,0.4344016909599304,2.6,,15.2,,91.3,,89.9,,80.4,,91.10000000000001,
L20_N5131,20,5131,matched,L20_N1001,1.3998191356658936,0.0002175218251068145,0.004688713233917952,0.019336853176355362,0.07167153060436249,0.33326560258865356,4.1000000000000005,,98.2,,82.6,,82.0,,86.0,,83.8,
L20_N6457,20,6457,matched,L20_N1001,1.3465689420700073,0.0001702245936030522,0.006196882110089064,0.024851473048329353,0.11118979007005692,0.44323214888572693,3.0,,5.0,,92.10000000000001,,90.3,,90.60000000000001,,91.10000000000001,
L20_N607,20,607,matched,L20_N1001,1.4272372722625732,0.00019487424287945032,0.004146538209170103,0.01753951981663704,0.06355113536119461,0.3310094177722931,4.6,,67.10000000000001,,81.8,,74.8,,82.89999999999999,,76.5,
L20_N666,20,666,matched,L20_N1001,1.3063770532608032,0.00019885362416971475,0.008137700147926807,0.027942966669797897,0.08983688801527023,0.35528871417045593,2.6,,86.3,,85.39999999999999,,94.1,,91.7,,88.0,
L20_N597,20,597,matched,L20_N1001,1.3498883247375488,0.00018397389794699848,0.002620914950966835,0.01740238629281521,0.10499056428670883,0.39329391717910767,3.3000000000000003,,11.200000000000001,,89.2,,35.099999999999994,,82.6,,90.3,
L20_N1731,20,1731,matched,L20_N1001,1.5572755336761475,0.00019658567907754332,0.0032124256249517202,0.015622099861502647,0.06343118101358414,0.3037274181842804,7.9,,78.2,,62.7,,54.300000000000004,,75.7,,76.3,
L20_N9812,20,9812,matched,L20_N1001,1.4976825714111328,0.00020205120381433517,0.0023093880154192448,0.01563079282641411,0.05572333559393883,0.2983340620994568,6.2,,91.4,,54.7,,23.599999999999998,,75.7,,56.00000000000001,
L20_N4127,20,4127,matched,L20_N1001,1.4098563194274902,0.00019811419770121574,0.00430575804784894,0.020202182233333588,0.07940620929002762,0.35409554839134216,4.3,,84.2,,85.3,,77.7,,87.3,,85.8,
L20_N14222,20,14222,matched,L20_N1001,1.5204532146453857,0.00019634971977211535,0.0040589976124465466,0.014531007036566734,0.052362386137247086,0.3001485764980316,6.6000000000000005,,76.7,,58.3,,73.2,,67.80000000000001,,42.699999999999996,
L20_N6140,20,6140,matched,L20_N1001,1.5068962574005127,0.00020785638480447233,0.002497694455087185,0.018005888909101486,0.0644984021782875,0.31940820813179016,6.4,,95.7,,76.4,,31.2,,84.1,,76.8,
L20_N6763,20,6763,matched,L20_N1001,1.3642327785491943,0.00019553570018615574,0.0032895971089601517,0.014064054936170578,0.045381829142570496,0.26248037815093994,3.5000000000000004,,72.3,,4.1000000000000005,,56.3,,63.9,,13.8,
L20_N5603,20,5603,matched,L20_N1001,1.3993490934371948,0.0001763731415849179,0.007826099172234535,0.03927502781152725,0.14530342817306519,0.45193159580230713,4.1000000000000005,,7.1,,92.2,,93.8,,94.3,,93.10000000000001,
L20_N1972,20,1972,matched,L20_N1001,1.5012034177780151,0.00018934538820758462,0.0024594184942543507,0.009246697649359703,0.04017263650894165,0.2593463659286499,6.3,,19.900000000000002,,3.5999999999999996,,29.599999999999998,,10.2,,3.9,
L20_N8076,20,8076,matched,L20_N1001,1.5280406475067139,0.00020291635883040726,0.0024265283718705177,0.009718084707856178,0.04815873131155968,0.2684081792831421,7.000000000000001,,92.10000000000001,,7.000000000000001,,28.499999999999996,,15.8,,23.5,
L20_N12213,20,12213,matched,L20_N1001,1.5614293813705444,0.000202083436306566,0.0037061444018036127,0.012332659214735031,0.05110086128115654,0.2884572446346283,7.9,,91.4,,36.0,,66.3,,45.2,,36.6,
L20_N6742,20,6742,matched,L20_N1001,1.347984790802002,0.0002067402529064566,0.003907118458300829,0.01512053981423378,0.052089788019657135,0.2931067943572998,3.1,,95.19999999999999,,44.4,,70.39999999999999,,71.7,,41.8,
L20_N12805,20,12805,matched,L20_N1001,1.4547299146652222,0.0001965140108950436,0.004953023511916399,0.016684899106621742,0.06677284836769104,0.3232381045818329,5.4,,77.7,,78.9,,84.39999999999999,,80.10000000000001,,79.4,
L20_N4110,20,4110,matched,L20_N1001,1.4777857065200806,0.00020444521214812994,0.0020191289950162172,0.013794331811368465,0.057449743151664734,0.3009520471096039,5.7,,92.9,,59.699999999999996,,15.8,,60.9,,61.199999999999996,
L20_N8083,20,8083,matched,L20_N1001,1.5022170543670654,0.00019761752628255635,0.010066116228699684,0.03245490789413452,0.10575174540281296,0.40155842900276184,6.3,,82.5,,89.5,,95.6,,93.10000000000001,,90.60000000000001,
L20_N4059,20,4059,matched,L20_N1001,1.3470630645751953,0.00020183870219625533,0.0040247393772006035,0.021840529516339302,0.0701863020658493,0.33702749013900757,3.0,,91.2,,83.1,,72.39999999999999,,89.0,,82.3,
L20_N2767,20,2767,matched,L20_N4769,1.8342574834823608,0.00019022928609047085,0.00238216994330287,0.013629402965307236,0.05604754015803337,0.3046551048755646,36.4,,23.9,,64.3,,26.8,,59.699999999999996,,57.099999999999994,
L20_N6666,20,6666,matched,L20_N4769,1.80453622341156,0.00019400188466534019,0.003559236414730549,0.014624632894992828,0.05776720121502876,0.30005359649658203,23.599999999999998,,58.8,,57.9,,63.3,,68.60000000000001,,62.2,
L20_N10433,20,10433,matched,L20_N4769,1.8291592597961426,0.00020281462639104575,0.0055628577247262,0.017191369086503983,0.06609233468770981,0.3266299366950989,33.0,,92.10000000000001,,80.30000000000001,,89.0,,81.69999999999999,,78.7,
L20_N12502,20,12502,matched,L20_N4769,1.7010711431503296,0.0001887883263407275,0.004871265962719917,0.020383702591061592,0.08269337564706802,0.34888285398483276,13.5,,18.099999999999998,,84.39999999999999,,83.39999999999999,,87.5,,86.4,
L20_N14256,20,14256,matched,L20_N4769,1.769829511642456,0.00019911582057829946,0.0012704655528068542,0.013296494260430336,0.06011489778757095,0.30938369035720825,17.7,,87.1,,68.5,,1.7000000000000002,,56.2,,69.3,
L20_N5080,20,5080,matched,L20_N4769,1.7220516204833984,0.0002038842940237373,0.008084229193627834,0.015202689915895462,0.05318429321050644,0.2956036925315857,14.7,,92.5,,48.8,,94.1,,72.6,,45.300000000000004,
L20_N10049,20,10049,matched,L20_N4769,1.8272407054901123,0.00020085267897229642,0.0033233407884836197,0.014920786023139954,0.06372310221195221,0.3129079341888428,32.300000000000004,,90.2,,72.6,,57.099999999999994,,70.5,,76.6,
L20_N5712,20,5712,matched,L20_N4769,1.806214451789856,0.00019188282021787018,0.003398765344172716,0.01355201005935669,0.054941680282354355,0.29459357261657715,24.0,,36.0,,47.199999999999996,,59.699999999999996,,59.099999999999994,,53.400000000000006,
L20_N8587,20,8587,matched,L20_N4769,1.829115629196167,0.0001902762451209128,0.0037805717438459396,0.014343304559588432,0.05184556916356087,0.29100412130355835,33.0,,23.9,,40.5,,68.0,,66.10000000000001,,40.400000000000006,
L20_N14009,20,14009,matched,L20_N4769,1.78333580493927,0.00019841821631416678,0.0023726667277514935,0.012193789705634117,0.051831815391778946,0.2897697985172272,20.1,,85.2,,38.5,,26.400000000000002,,43.7,,40.400000000000006,
L20_N8628,20,8628,matched,L20_N4769,1.8158491849899292,0.00019662149134092033,0.004354346077889204,0.014651891775429249,0.05681074783205986,0.2958756983280182,26.900000000000002,,78.3,,49.3,,78.2,,68.8,,59.199999999999996,
L20_N9010,20,9010,matched,L20_N4769,1.8413257598876953,0.00019295138190500438,0.0030944880563765764,0.011210301890969276,0.055604103952646255,0.2909172773361206,40.6,,47.199999999999996,,40.5,,51.4,,31.2,,55.50000000000001,
L20_N8297,20,8297,matched,L20_N4769,1.772821307182312,0.00019988743588328362,0.002827916294336319,0.011644836515188217,0.04284794256091118,0.27525022625923157,18.0,,88.5,,12.1,,41.8,,36.8,,7.5,
L20_N11989,20,11989,matched,L20_N4769,1.8132824897766113,0.00019268097821623087,0.0031407622154802084,0.011784957721829414,0.05794290080666542,0.3077239692211151,25.900000000000002,,44.3,,67.4,,52.5,,38.4,,62.7,
L20_N9529,20,9529,matched,L20_N4769,1.6668548583984375,0.0001793407427612692,0.00416167126968503,0.015445724129676819,0.05566560849547386,0.3112155497074127,11.4,,8.9,,71.1,,74.8,,74.5,,55.7,
L20_N5089,20,5089,matched,L20_N4769,1.8256007432937622,0.00019487296231091022,0.0020400574430823326,0.011246810667216778,0.05594538152217865,0.2981228530406952,31.2,,67.10000000000001,,54.50000000000001,,16.5,,31.8,,56.8,
L20_N8047,20,8047,matched,L20_N4769,1.8491703271865845,0.00019099522614851594,0.002850660588592291,0.011692505329847336,0.05471721291542053,0.2985759973526001,44.3,,28.299999999999997,,55.2,,43.0,,37.0,,52.800000000000004,
L20_N13799,20,13799,matched,L20_N4769,1.8632819652557373,0.00018228123371955007,0.006065217312425375,0.01674654707312584,0.07425560057163239,0.371441125869751,47.8,,10.2,,87.2,,90.2,,80.4,,84.5,
L20_N282,20,282,matched,L20_N4769,1.8353346586227417,0.00019139758660458028,0.003813557792454958,0.01115323230624199,0.05654631182551384,0.2959659695625305,37.1,,31.3,,49.6,,68.5,,30.4,,58.5,
L20_N6250,20,6250,matched,L20_N4769,1.835969090461731,0.0001968302094610408,0.0029772918205708265,0.013510191813111305,0.05382134020328522,0.294889360666275,37.9,,79.2,,47.4,,47.4,,58.599999999999994,,47.9,
L20_N5628,20,5628,matched,L20_N4769,1.819060206413269,0.00019228464225307107,0.004184279125183821,0.011907089501619339,0.049713533371686935,0.29184308648109436,28.7,,40.300000000000004,,42.4,,75.5,,40.2,,31.3,
L20_N11401,20,11401,matched,L20_N4769,1.8397655487060547,0.00020084154675714672,0.0032251933589577675,0.014438181184232235,0.05325712636113167,0.3051794171333313,40.0,,90.2,,64.3,,54.50000000000001,,67.4,,45.5,
L20_N1873,20,1873,matched,L20_N4769,1.7996543645858765,0.00019150743901263922,0.0031068078242242336,0.015054195187985897,0.06095664203166962,0.317773699760437,22.5,,31.8,,75.9,,51.6,,71.39999999999999,,71.6,
L20_N7060,20,7060,matched,L20_N4769,1.8509178161621094,0.00019116709881927818,0.0014352573780342937,0.014377716928720474,0.06185990944504738,0.31301045417785645,45.300000000000004,,29.299999999999997,,72.89999999999999,,4.0,,66.4,,73.5,
L20_N9882,20,9882,matched,L20_N4769,1.8285202980041504,0.0001951009180629626,0.0017952893394976854,0.00966421514749527,0.05189676210284233,0.28660356998443604,32.7,,68.5,,32.6,,11.899999999999999,,15.8,,40.699999999999996,
L20_N5226,20,5226,matched,L20_N4769,1.8222908973693848,0.00019354285905137658,0.002620386192575097,0.01022117119282484,0.047967053949832916,0.28010398149490356,29.599999999999998,,52.900000000000006,,19.400000000000002,,35.099999999999994,,20.3,,23.1,
L20_N13482,20,13482,matched,L20_N4769,1.8264694213867188,0.0001910721475724131,0.002726149745285511,0.010511153377592564,0.05729121342301369,0.30481669306755066,31.8,,28.799999999999997,,64.3,,38.9,,23.0,,60.5,
L20_N12267,20,12267,matched,L20_N4769,1.8227585554122925,0.0001930161815835163,0.0020101265981793404,0.012451528571546078,0.047859132289886475,0.28430742025375366,29.7,,47.9,,27.500000000000004,,15.8,,46.6,,22.900000000000002,
L20_N11638,20,11638,matched,L20_N4769,1.6744260787963867,0.00020205161126796156,0.005575426854193211,0.01837109960615635,0.06609702110290527,0.31841182708740234,12.0,,91.4,,76.0,,89.0,,84.6,,78.7,
L20_N10649,20,10649,matched,L20_N4769,1.7943804264068604,0.0001866530510596931,0.0030919199343770742,0.017129717394709587,0.059852324426174164,0.31865590810775757,21.2,,14.000000000000002,,76.1,,51.300000000000004,,81.39999999999999,,68.7,
L20_N453,20,453,matched,L20_N4769,1.894223690032959,0.0001913385494844988,0.001958488719537854,0.011868431232869625,0.05046674981713295,0.29738906025886536,50.9,,30.8,,53.1,,14.6,,39.5,,33.900000000000006,
L20_N10102,20,10102,matched,L20_N4769,1.822343111038208,0.00019298409461043775,0.0028429951053112745,0.014978697523474693,0.051524825394153595,0.2876042425632477,29.599999999999998,,47.699999999999996,,34.2,,42.6,,71.2,,39.6,
L20_N8042,20,8042,matched,L20_N4769,1.7869908809661865,0.0001890599960461259,0.002127684885635972,0.011548823677003384,0.054765485227108,0.2914321720600128,20.8,,18.9,,41.099999999999994,,18.6,,35.8,,52.900000000000006,
L20_N4514,20,4514,matched,L20_N4769,1.757182240486145,0.00019414360576774925,0.0037375090178102255,0.009768757037818432,0.04271939396858215,0.2748362123966217,16.8,,60.199999999999996,,11.799999999999999,,67.4,,16.3,,7.3,
L20_N11092,20,11092,matched,L20_N4769,1.7831244468688965,0.0001872994180303067,0.0037523629143834114,0.013248881325125694,0.05463312938809395,0.32797771692276,20.0,,14.899999999999999,,80.4,,67.7,,55.400000000000006,,52.300000000000004,
L20_N13251,20,13251,matched,L20_N4769,1.8358612060546875,0.000192859151866287,0.002934235380962491,0.012472986243665218,0.05354960635304451,0.3017323613166809,37.8,,46.0,,60.8,,45.5,,46.800000000000004,,47.0,
L20_N13135,20,13135,matched,L20_N4769,1.798912763595581,0.0001948111894307658,0.003672298276796937,0.013876187615096569,0.05816921591758728,0.29688215255737305,22.3,,66.4,,52.300000000000004,,65.4,,62.3,,63.7,
L20_N9794,20,9794,matched,L20_N4769,1.8381943702697754,0.00019750199862755835,0.0018151317490264773,0.011887680739164352,0.055102359503507614,0.29676124453544617,39.300000000000004,,81.8,,51.800000000000004,,12.1,,40.0,,53.800000000000004,
L20_N9780,20,9780,matched,L20_N4769,1.7662713527679443,0.00019290785712655634,0.002559186890721321,0.014687281101942062,0.05238984152674675,0.29815778136253357,17.5,,46.6,,54.50000000000001,,33.6,,69.0,,42.9,
L20_N3875,20,3875,matched,L20_N4769,1.8372724056243896,0.00019562403031159192,0.004734492860734463,0.01451738178730011,0.04946235194802284,0.29371967911720276,39.0,,73.0,,45.0,,82.3,,67.60000000000001,,30.0,
L20_N12202,20,12202,matched,L20_N4769,1.823134422302246,0.0001934107713168487,0.0015847919275984168,0.009085220284759998,0.043737489730119705,0.27487456798553467,29.799999999999997,,51.9,,11.799999999999999,,7.199999999999999,,9.2,,8.799999999999999,
L20_N874,20,874,matched,L20_N4769,1.8377916812896729,0.0001903191878227517,0.005020867567509413,0.019584663212299347,0.07116969674825668,0.32731249928474426,39.0,,24.099999999999998,,80.30000000000001,,85.3,,86.1,,83.1,
L20_N9879,20,9879,matched,L20_N4769,1.8203984498977661,0.00019530233112163842,0.0034420557785779238,0.015898913145065308,0.05547391623258591,0.3000512719154358,29.2,,70.19999999999999,,57.9,,60.699999999999996,,76.8,,55.1,
L20_N8141,20,8141,matched,L20_N4769,1.8266440629959106,0.00019259935652371496,0.0047919671051204205,0.016806932166218758,0.05498892441391945,0.2938207983970642,31.8,,43.3,,45.2,,82.8,,80.4,,53.400000000000006,
L20_N2907,20,2907,matched,L20_N4769,1.8279207944869995,0.0001907629775814712,0.002112040761858225,0.009958331473171711,0.05272949859499931,0.29390445351600647,32.6,,26.8,,45.300000000000004,,18.099999999999998,,17.9,,43.8,
L20_N8871,20,8871,matched,L20_N4769,1.823063850402832,0.00019225415599066764,0.003188204951584339,0.013196802698075771,0.05740346014499664,0.30119588971138,29.7,,40.0,,60.099999999999994,,53.800000000000004,,55.300000000000004,,60.9,
L20_N10645,20,10645,matched,L20_N4769,1.7618083953857422,0.00019793296814896166,0.003932596184313297,0.012201178818941116,0.05524751543998718,0.2903527021408081,17.2,,83.6,,39.7,,70.8,,43.8,,54.0,
L20_N12198,20,12198,matched,L20_N4769,1.841785192489624,0.00019229474128223956,0.0017884575063362718,0.011109988205134869,0.055144600570201874,0.29499661922454834,40.9,,40.300000000000004,,47.5,,11.600000000000001,,29.799999999999997,,54.0,
L20_N10487,20,10487,matched,L20_N4769,1.893512487411499,0.0001873048604466021,0.00445923488587141,0.0182852391153574,0.07742330431938171,0.3426790237426758,50.9,,15.0,,83.5,,79.5,,84.39999999999999,,85.5,
L20_N13109,20,13109,matched,L20_N4769,1.826185703277588,0.00018937753338832408,0.002018685219809413,0.011386509984731674,0.05905422195792198,0.30267614126205444,31.5,,20.0,,62.1,,15.8,,33.7,,66.7,
L30_N13882,30,13882,matched,L30_N13098,1.7751144170761108,0.00015721103409305215,0.011321770027279854,0.08084706217050552,0.2941463589668274,0.5947074294090271,18.6,,2.5,,97.2,,96.1,,97.1,,97.6,
L30_N6094,30,6094,matched,L30_N13098,1.769639253616333,0.0002037060185102746,0.005477880593389273,0.025093162432312965,0.09593631327152252,0.38495662808418274,17.7,,92.4,,88.4,,88.2,,90.60000000000001,,88.8,
L30_N2408,30,2408,matched,L30_N13098,1.7467327117919922,0.00017333007417619228,0.007478051818907261,0.03409162536263466,0.1308775544166565,0.4729408025741577,16.3,,6.1,,93.0,,92.9,,93.60000000000001,,92.7,
L30_N13562,30,13562,matched,L30_N13098,1.8797187805175781,0.00019641968538053334,0.0053193760104477406,0.02946990169584751,0.17207136750221252,0.4712880551815033,49.9,,77.3,,92.9,,87.3,,92.10000000000001,,94.1,
L30_N11193,30,11193,matched,L30_N13098,1.6584683656692505,0.00020899376249872148,0.005731402430683374,0.025692623108625412,0.0747261568903923,0.35603418946266174,11.0,,96.39999999999999,,85.6,,89.4,,90.9,,84.6,
L30_N3853,30,3853,matched,L30_N13098,1.971350073814392,0.0001875651942100376,0.009526155889034271,0.032837506383657455,0.09872079640626907,0.3876470625400543,71.7,,15.299999999999999,,88.7,,95.19999999999999,,93.2,,89.2,
L30_N541,30,541,matched,L30_N13098,1.9715842008590698,0.00019482553761918098,0.006060346029698849,0.01828344725072384,0.05068535730242729,0.2789894640445709,71.8,,66.60000000000001,,17.9,,90.2,,84.39999999999999,,35.0,
L30_N9211,30,9211,matched,L30_N13098,1.837334156036377,0.00018736351921688765,0.004911120515316725,0.028119726106524467,0.10225261002779007,0.4094802439212799,39.0,,15.1,,90.4,,83.89999999999999,,91.8,,90.0,
L30_N11560,30,11560,matched,L30_N13098,1.852595567703247,0.00021488139464054257,0.0024617493618279696,0.009898407384753227,0.04252361133694649,0.24629034101963043,45.7,,97.7,,2.1,,29.9,,17.599999999999998,,7.199999999999999,
L30_N1799,30,1799,matched,L30_N13098,1.7010232210159302,0.00018463570449966937,0.004739211406558752,0.020803624764084816,0.07505054026842117,0.35706189274787903,13.5,,11.600000000000001,,85.7,,82.3,,88.0,,84.7,
L30_N3040,30,3040,matched,L30_N13098,1.7595593929290771,0.00017767299141269177,0.008247786201536655,0.03862515464425087,0.11855462193489075,0.4405202865600586,17.1,,7.6,,91.8,,94.19999999999999,,94.1,,91.8,
L30_N324,30,324,matched,L30_N13098,1.6794718503952026,0.0001549066073494032,0.017563022673130035,0.09874708205461502,0.2983732521533966,0.6119796633720398,12.2,,2.0,,97.39999999999999,,97.39999999999999,,97.6,,97.6,
L30_N7028,30,7028,matched,L30_N13098,1.8786900043487549,0.0001959489454748109,0.0029384323861449957,0.011154873296618462,0.04846624284982681,0.29897037148475647,49.8,,74.5,,56.00000000000001,,45.800000000000004,,30.4,,24.7,
L30_N5028,30,5028,matched,L30_N13098,1.8243300914764404,0.00018708451534621418,0.004376932047307491,0.019789431244134903,0.06990911811590195,0.33855924010276794,30.599999999999998,,14.399999999999999,,83.2,,78.3,,86.2,,82.19999999999999,
L30_N6662,30,6662,matched,L30_N13098,1.9450507164001465,0.00019112587324343622,0.001916194916702807,0.009883695282042027,0.05159851908683777,0.30573776364326477,65.60000000000001,,28.799999999999997,,65.2,,13.8,,17.4,,39.7,
L30_N2468,30,2468,matched,L30_N13098,1.8800904750823975,0.0001772487594280392,0.0021819877438247204,0.012974667362868786,0.07521546632051468,0.39522188901901245,49.9,,7.5,,89.2,,20.5,,51.800000000000004,,84.7,
L30_N6597,30,6597,matched,L30_N13098,1.8330252170562744,0.00019051272829528898,0.0029475647024810314,0.014255950227379799,0.06370801478624344,0.3274354338645935,35.3,,24.9,,80.4,,45.800000000000004,,65.5,,76.6,
L30_N11346,30,11346,matched,L30_N13098,1.801485300064087,0.00019391144451219589,0.0022441321052610874,0.012031487189233303,0.0491919219493866,0.2954535484313965,23.0,,57.3,,48.699999999999996,,22.0,,41.4,,28.799999999999997,
L30_N3258,30,3258,matched,L30_N13098,1.9393059015274048,0.00017329296679235995,0.0051438347436487675,0.02464814856648445,0.23986156284809113,0.5302916169166565,63.1,,6.0,,95.5,,86.4,,90.3,,96.3,
L30_N6556,30,6556,matched,L30_N13098,1.867911696434021,0.00017705569916870445,0.015221994370222092,0.08424638211727142,0.16288815438747406,0.4573330581188202,48.699999999999996,,7.3999999999999995,,92.30000000000001,,97.0,,97.3,,93.8,
L30_N8086,30,8086,matched,L30_N13098,1.822995901107788,0.00013606065476778895,0.011163237504661083,0.11476762592792511,0.4589444100856781,0.7294909358024597,29.7,,1.0999999999999999,,98.8,,96.1,,98.2,,99.1,
L30_N12825,30,12825,matched,L30_N13098,1.9688578844070435,0.00018858775729313493,0.0033286111429333687,0.014756557531654835,0.05508933961391449,0.3088984489440918,70.89999999999999,,17.5,,68.30000000000001,,57.599999999999994,,69.5,,53.7,
L30_N9971,30,9971,matched,L30_N13098,1.9694467782974243,0.0001905474200611934,0.00212872214615345,0.010279015637934208,0.049847088754177094,0.28935930132865906,71.1,,25.0,,37.9,,18.6,,21.0,,31.7,
L30_N7542,30,7542,matched,L30_N13098,1.855107307434082,0.00015812308993190527,0.025705821812152863,0.44210904836654663,0.5481182932853699,0.7718589305877686,45.9,,2.6,,99.5,,98.7,,99.9,,99.5,
L30_N14016,30,14016,matched,L30_N13098,1.9264243841171265,0.00017133753863163292,0.01509968750178814,0.04197636991739273,0.11929119378328323,0.43980181217193604,57.9,,5.4,,91.8,,96.8,,94.89999999999999,,91.8,
L30_N12151,30,12151,matched,L30_N13098,1.9762771129608154,0.00019107024127151817,0.003887919243425131,0.01238756999373436,0.04729929938912392,0.30288034677505493,73.5,,28.799999999999997,,62.2,,70.0,,45.7,,20.4,
L30_N12033,30,12033,matched,L30_N13098,1.8601229190826416,0.00019814778352156281,0.0029195924289524555,0.014896842651069164,0.048473063856363297,0.28983989357948303,47.199999999999996,,84.39999999999999,,38.7,,44.800000000000004,,70.39999999999999,,24.7,
L30_N1124,30,1124,matched,L30_N13098,1.7173397541046143,0.0002068759931717068,0.006704096682369709,0.021191660314798355,0.08745720237493515,0.3637467920780182,14.6,,95.19999999999999,,86.5,,91.60000000000001,,88.5,,87.5,
L30_N11636,30,11636,matched,L30_N13098,1.9412583112716675,0.00019095779862254858,0.003184226807206869,0.011027524247765541,0.04941777512431145,0.28876250982284546,64.1,,27.900000000000002,,36.8,,53.7,,29.2,,29.9,
L30_N2257,30,2257,matched,L30_N13098,1.9800326824188232,0.00019137687922921032,0.002327315043658018,0.012283454649150372,0.05183037370443344,0.2974468767642975,74.6,,31.2,,53.2,,24.2,,44.7,,40.400000000000006,
L30_N8382,30,8382,matched,L30_N13098,1.7490723133087158,0.00022315898968372494,0.00825650803744793,0.02973935753107071,0.10235194861888885,0.40292516350746155,16.5,,98.9,,89.7,,94.19999999999999,,92.2,,90.0,
L30_N3317,30,3317,matched,L30_N13098,1.8316062688827515,0.00019106687977910042,0.004607049282640219,0.024184709414839745,0.08239857852458954,0.3471408188343048,34.4,,28.799999999999997,,84.2,,80.9,,90.2,,86.3,
L30_N9033,30,9033,matched,L30_N13098,1.8538578748703003,0.00019968098786193877,0.0024628019891679287,0.013333065435290337,0.051999859511852264,0.2849348783493042,45.800000000000004,,88.2,,29.099999999999998,,30.099999999999998,,56.39999999999999,,40.9,
L30_N5193,30,5193,matched,L30_N13098,1.7937349081039429,0.00019839049491565675,0.0048871515318751335,0.02116839773952961,0.09133090078830719,0.3732337951660156,21.2,,85.1,,87.3,,83.6,,88.5,,88.1,
L30_N10855,30,10855,matched,L30_N13098,1.9247437715530396,0.0001830898254411295,0.006644472945481539,0.03801260143518448,0.1789282113313675,0.48549512028694153,57.49999999999999,,10.8,,93.5,,91.5,,94.1,,94.3,
L30_N7678,30,7678,matched,L30_N13098,1.9644218683242798,0.00019303194130770862,0.003342921379953623,0.016729719936847687,0.06086999922990799,0.32246237993240356,70.0,,48.1,,78.5,,57.8,,80.4,,71.5,
L30_N8476,30,8476,matched,L30_N13098,1.6415555477142334,0.0002010345197049901,0.00198161113075912,0.00838440004736185,0.046551864594221115,0.2749823033809662,10.2,,90.60000000000001,,11.799999999999999,,15.1,,5.0,,17.5,
L30_N6049,30,6049,matched,L30_N13098,1.703033447265625,0.0001725127804093063,0.007760328706353903,0.04315789416432381,0.15517714619636536,0.4749968647956848,13.900000000000002,,5.7,,93.0,,93.7,,94.89999999999999,,93.4,
L30_N5031,30,5031,matched,L30_N13098,1.9718718528747559,0.0001931308361236006,0.005615608766674995,0.014842161908745766,0.048501528799533844,0.29740479588508606,71.8,,49.1,,53.2,,89.0,,70.0,,24.7,
L30_N2775,30,2775,matched,L30_N13098,1.863696575164795,0.00014719188038725406,0.002585406880825758,0.01300820056349039,0.39592862129211426,0.6621728539466858,47.8,,1.5,,98.1,,34.2,,52.400000000000006,,98.8,
L30_N7324,30,7324,matched,L30_N13098,1.8116217851638794,0.00019800361769739538,0.0030911166686564684,0.015846505761146545,0.05092589557170868,0.2857050895690918,25.0,,83.7,,30.8,,51.2,,76.8,,36.3,
L30_N8587,30,8587,matched,L30_N13098,1.8220800161361694,0.00020950954058207572,0.0032969298772513866,0.019935330376029015,0.070551797747612,0.3319116532802582,29.599999999999998,,96.39999999999999,,82.19999999999999,,56.599999999999994,,86.6,,82.69999999999999,
L30_N5508,30,5508,matched,L30_N13098,1.8763188123703003,0.000194868232938461,0.003303157165646553,0.01256310660392046,0.04531632363796234,0.28155457973480225,49.6,,67.0,,22.5,,56.699999999999996,,47.8,,13.600000000000001,
L30_N8792,30,8792,matched,L30_N13098,1.9685719013214111,0.00018699924112297595,0.0022278851829469204,0.009365782141685486,0.04798736050724983,0.28012263774871826,70.8,,14.2,,19.5,,21.6,,11.0,,23.1,
L30_N5666,30,5666,matched,L30_N13098,1.9374611377716064,0.00019100953068118542,0.0013104373356327415,0.011363820172846317,0.04565756022930145,0.28810441493988037,62.2,,28.4,,35.099999999999994,,2.0,,33.300000000000004,,14.799999999999999,
L30_N11093,30,11093,matched,L30_N13098,1.733804702758789,0.00019447735394351184,0.004033980425447226,0.021228693425655365,0.08474346250295639,0.365877628326416,15.1,,62.9,,86.9,,72.6,,88.5,,87.0,
L30_N12786,30,12786,matched,L30_N13098,1.8772910833358765,0.000200843540369533,0.006384471897035837,0.01888427697122097,0.09569769352674484,0.3689599335193634,49.7,,90.2,,87.1,,90.7,,85.3,,88.8,
L30_N11951,30,11951,matched,L30_N13098,1.7148985862731934,0.00021551671670749784,0.012349841184914112,0.025440895929932594,0.0941832885146141,0.36707785725593567,14.499999999999998,,97.89999999999999,,86.9,,96.6,,90.8,,88.6,
L30_N10522,30,10522,matched,L30_N13098,1.7500818967819214,0.0001408692478435114,0.029298685491085052,0.07719472050666809,0.38533100485801697,0.6912975907325745,16.6,,1.2,,98.7,,98.9,,96.89999999999999,,98.7,
L30_N13286,30,13286,matched,L30_N13098,1.8463084697723389,0.0002004864509217441,0.0020839301869273186,0.006914115976542234,0.036015648394823074,0.25234633684158325,42.699999999999996,,89.5,,2.6,,17.4,,0.8,,2.3,
L30_N13730,30,13730,matched,L30_N10312,1.4515578746795654,0.0001427895185770467,0.0028214871417731047,0.012444110587239265,0.36798086762428284,0.7229503989219666,5.3,,1.3,,98.8,,41.5,,46.400000000000006,,98.4,
L30_N5051,30,5051,matched,L30_N10312,1.5632424354553223,0.0002315406163688749,0.0061509087681770325,0.038063183426856995,0.10637480765581131,0.39402565360069275,7.9,,99.1,,89.2,,90.3,,94.1,,90.8,
L30_N11911,30,11911,matched,L30_N10312,1.561427354812622,0.00016306251927744597,0.12548932433128357,0.21928051114082336,0.32592490315437317,0.6128669381141663,7.9,,3.4000000000000004,,97.39999999999999,,99.7,,99.2,,97.89999999999999,
L30_N9412,30,9412,matched,L30_N10312,1.540452241897583,0.00018236451433040202,0.00457949610427022,0.023967484012246132,0.09154308587312698,0.3751174211502075,7.3999999999999995,,10.2,,87.6,,80.7,,90.0,,88.2,
L30_N3708,30,3708,matched,L30_N10312,1.4078439474105835,0.0002763576339930296,0.015347857028245926,0.09661168605089188,0.2133963406085968,0.5288714170455933,4.3,,99.6,,95.39999999999999,,97.0,,97.6,,95.3,
L30_N4719,30,4719,matched,L30_N10312,1.4651737213134766,0.00015533716941718012,0.023632386699318886,0.05864715948700905,0.28709831833839417,0.5968751311302185,5.4,,2.0,,97.3,,98.4,,96.3,,97.5,
L30_N5311,30,5311,matched,L30_N10312,1.4811303615570068,0.00020647251221816987,0.0010693550575524569,0.007565625011920929,0.046218231320381165,0.27005821466445923,5.8999999999999995,,94.69999999999999,,7.7,,0.8999999999999999,,2.0,,16.2,
L30_N10919,30,10919,matched,L30_N10312,1.535151481628418,0.00020453969773370773,0.0025439357850700617,0.016786569729447365,0.06612278521060944,0.3019542694091797,7.3999999999999995,,93.0,,61.0,,32.7,,80.4,,78.7,
L30_N5733,30,5733,matched,L30_N10312,1.513743281364441,0.00021455503883771598,0.004027726594358683,0.01664951629936695,0.06012963876128197,0.30792245268821716,6.5,,97.6,,67.60000000000001,,72.39999999999999,,79.9,,69.39999999999999,
L30_N4361,30,4361,matched,L30_N10312,1.4138233661651611,0.00018566376820672303,0.003949050325900316,0.022312939167022705,0.09226524829864502,0.37450748682022095,4.3999999999999995,,13.200000000000001,,87.5,,71.2,,89.3,,88.3,
L30_N5699,30,5699,matched,L30_N10312,1.4822626113891602,0.0001743904867907986,0.003005426377058029,0.012573891319334507,0.05077018588781357,0.30219101905822754,5.8999999999999995,,6.5,,61.3,,48.699999999999996,,47.8,,35.8,
L30_N5538,30,5538,matched,L30_N10312,1.4106669425964355,0.00019614862685557455,0.0027871790807694197,0.010153635405004025,0.03917761519551277,0.26631349325180054,4.3999999999999995,,75.7,,6.2,,40.2,,19.8,,3.3000000000000003,
L30_N13973,30,13973,matched,L30_N10312,1.4355615377426147,0.00019291807257104665,0.0020804277155548334,0.01011138316243887,0.05013245344161987,0.3051624596118927,4.9,,46.6,,64.3,,17.4,,19.400000000000002,,32.9,
L30_N4003,30,4003,matched,L30_N10312,1.4502021074295044,0.00019177389913238585,0.0022089313715696335,0.01323026418685913,0.10039564222097397,0.3758755326271057,5.3,,35.0,,87.8,,21.099999999999998,,55.400000000000006,,89.5,
L30_N13661,30,13661,matched,L30_N10312,1.61046302318573,0.00020986044546589255,0.0017862843815237284,0.008860006928443909,0.0407959409058094,0.24995537102222443,9.8,,96.5,,2.1999999999999997,,11.600000000000001,,7.8,,4.3999999999999995,
L30_N9503,30,9503,matched,L30_N10312,1.578427791595459,0.00018393091158941388,0.003642811207100749,0.021023431792855263,0.10763110965490341,0.4220581650733948,8.6,,11.200000000000001,,90.9,,64.8,,88.5,,90.9,
L30_N6036,30,6036,matched,L30_N10312,1.5045759677886963,0.00019259557302575558,0.0036521402653306723,0.014220599085092545,0.07405216246843338,0.36067309975624084,6.3,,43.3,,86.1,,65.0,,65.2,,84.5,
L30_N9329,30,9329,matched,L30_N10312,1.6403257846832275,0.00018306239508092403,0.006460888776928186,0.024261893704533577,0.12536194920539856,0.4116445779800415,10.2,,10.8,,90.4,,90.9,,90.2,,92.4,
L30_N6725,30,6725,matched,L30_N10312,1.5018701553344727,0.00019187951693311334,0.0159049890935421,0.04011884704232216,0.12103071063756943,0.41693592071533203,6.3,,36.0,,90.7,,97.1,,94.3,,91.9,
L30_N10974,30,10974,matched,L30_N10312,1.3697595596313477,0.00019000122847501189,0.001776086981408298,0.026825107634067535,0.11495815962553024,0.4015193581581116,3.5000000000000004,,22.7,,89.5,,11.5,,91.2,,91.60000000000001,
L30_N14321,30,14321,matched,L30_N10312,1.5824000835418701,0.000182392614078708,0.004168092738837004,0.017272785305976868,0.0840390995144844,0.37438488006591797,8.9,,10.2,,87.5,,74.9,,82.0,,86.9,
L30_N5215,30,5215,matched,L30_N10312,1.6305105686187744,0.0002179966977564618,0.007220499217510223,0.026390865445137024,0.09342380613088608,0.3869858980178833,10.2,,98.5,,88.5,,92.4,,91.10000000000001,,88.5,
L30_N5528,30,5528,matched,L30_N10312,1.4335086345672607,0.00021291170560289174,0.0006467524799518287,0.00542064243927598,0.029125716537237167,0.22428974509239197,4.8,,97.39999999999999,,0.8,,0.1,,0.1,,0.7000000000000001,
L30_N2318,30,2318,matched,L30_N10312,1.5586819648742676,0.0001854673319030553,0.0032404351513832808,0.01144222542643547,0.10521022975444794,0.3740632236003876,7.9,,12.6,,87.4,,54.7,,34.599999999999994,,90.4,
L30_N11264,30,11264,matched,L30_N10312,1.522560954093933,0.00020779698388651013,0.0027401577681303024,0.014880800619721413,0.06601765006780624,0.3167712986469269,6.800000000000001,,95.7,,75.6,,39.2,,70.3,,78.5,
L30_N13332,30,13332,matched,L30_N10312,1.5969867706298828,0.0001778138248482719,0.00577359227463603,0.01797098107635975,0.08104276657104492,0.41074028611183167,9.4,,7.6,,90.4,,89.5,,83.89999999999999,,86.2,
L30_N10562,30,10562,matched,L30_N10312,1.5343890190124512,0.00020203209714964032,0.043445784598588943,0.09279132634401321,0.2027454376220703,0.5184122920036316,7.3999999999999995,,91.4,,94.69999999999999,,99.1,,97.6,,95.1,
L30_N7445,30,7445,matched,L30_N10312,1.6649513244628906,0.00016887935635168105,0.011026586405932903,0.03128957375884056,0.15724939107894897,0.5290670990943909,11.3,,4.5,,95.39999999999999,,96.1,,92.7,,93.5,
L30_N7699,30,7699,matched,L30_N10312,1.6250537633895874,0.00020483718253672123,0.005528575275093317,0.04017775505781174,0.11376100778579712,0.41587120294570923,10.0,,93.30000000000001,,90.5,,88.3,,94.39999999999999,,91.10000000000001,
L30_N6640,30,6640,matched,L30_N10312,1.503016471862793,0.00019434854038991034,0.00113456672988832,0.005527722183614969,0.029880167916417122,0.2207448035478592,6.3,,61.8,,0.6,,1.0,,0.1,,0.8999999999999999,
L30_N2777,30,2777,matched,L30_N10312,1.529034972190857,0.00018768437439575791,0.006608855444937944,0.01856325753033161,0.06253413110971451,0.32104581594467163,7.000000000000001,,15.6,,77.5,,91.4,,85.2,,75.1,
L30_N5547,30,5547,matched,L30_N10312,1.6014482975006104,0.0002039340470219031,0.014227209612727165,0.057444944977760315,0.17002029716968536,0.47112879157066345,9.700000000000001,,92.60000000000001,,92.9,,96.7,,96.3,,94.0,
L30_N779,30,779,matched,L30_N10312,1.445851445198059,0.00018945240299217403,0.011489592492580414,0.05199756100773811,0.1339608132839203,0.41536635160446167,5.3,,20.200000000000003,,90.5,,96.2,,96.1,,92.7,
L30_N14169,30,14169,matched,L30_N10312,1.4609401226043701,0.00021295037004165351,0.0007657880778424442,0.009878689423203468,0.04618649184703827,0.26895830035209656,5.4,,97.39999999999999,,7.3,,0.1,,17.4,,16.0,
L30_N1418,30,1418,matched,L30_N10312,1.4979195594787598,0.00018886227917391807,0.0022769293282181025,0.008924719877541065,0.04868879169225693,0.28933849930763245,6.2,,18.5,,37.9,,22.900000000000002,,8.200000000000001,,26.1,
L30_N6651,30,6651,matched,L30_N10312,1.4322181940078735,0.0001799182646209374,0.0031288699246942997,0.017930738627910614,0.1956736445426941,0.49292004108428955,4.7,,9.1,,94.1,,52.2,,83.7,,95.0,
L30_N8500,30,8500,matched,L30_N10312,1.5780298709869385,0.0002012859476963058,0.002431710483506322,0.008432173170149326,0.04047582298517227,0.25346094369888306,8.6,,90.7,,2.7,,28.9,,5.2,,4.1000000000000005,
L30_N12878,30,12878,matched,L30_N10312,1.4078972339630127,0.0002041878178715706,0.0011731353588402271,0.00718724587932229,0.035064004361629486,0.23121611773967743,4.3,,92.9,,0.8999999999999999,,1.0,,1.2,,2.1,
L30_N4893,30,4893,matched,L30_N10312,1.4054161310195923,0.00029374114819802344,0.009251317009329796,0.05592929571866989,0.16560184955596924,0.4694245755672455,4.2,,99.6,,92.7,,95.1,,96.2,,93.89999999999999,
L30_N9325,30,9325,matched,L30_N10312,1.6128309965133667,0.00019292208889964968,0.0033119197469204664,0.012333758175373077,0.05004680156707764,0.30576780438423157,9.9,,46.6,,65.2,,56.89999999999999,,45.2,,32.5,
L30_N4117,30,4117,matched,L30_N10312,1.604894995689392,0.0001896371686598286,0.002257961081340909,0.014563634060323238,0.05874736234545708,0.3130188286304474,9.700000000000001,,21.099999999999998,,72.89999999999999,,22.3,,68.0,,65.8,
L30_N3903,30,3903,matched,L30_N10312,1.6501853466033936,0.00020807601686101407,0.012975283898413181,0.08038157224655151,0.21264879405498505,0.5330215096473694,10.6,,95.89999999999999,,95.8,,96.6,,97.1,,95.3,
L30_N10485,30,10485,matched,L30_N10312,1.543869972229004,0.00019366148626431823,0.0046649775467813015,0.019073639065027237,0.06261509656906128,0.3387514650821686,7.3999999999999995,,54.400000000000006,,83.2,,81.69999999999999,,85.8,,75.3,
L30_N5190,30,5190,matched,L30_N10312,1.6623691320419312,0.00018350967729929835,0.010692466981709003,0.03218407183885574,0.11481773108243942,0.3981746733188629,11.200000000000001,,11.1,,89.3,,96.0,,93.10000000000001,,91.60000000000001,
L30_N11022,30,11022,matched,L30_N10312,1.4091888666152954,0.00012553365377243608,0.18854519724845886,0.3577127754688263,0.4957508146762848,0.7358747124671936,4.3,,0.4,,99.0,,99.8,,99.8,,99.4,
L30_N13818,30,13818,matched,L30_N10312,1.483147382736206,0.00017904466949403286,0.035843707621097565,0.07790493965148926,0.18245579302310944,0.49623188376426697,5.8999999999999995,,8.6,,94.1,,99.1,,97.0,,94.5,
L30_N5194,30,5194,matched,L30_N10312,1.6246047019958496,0.00014985070447437465,0.006476504262536764,0.055297479033470154,0.29154619574546814,0.6053159236907959,10.0,,1.6,,97.39999999999999,,91.0,,96.1,,97.5,
L30_N2547,30,2547,matched,L30_N10312,1.4165594577789307,0.00018976574938278645,0.002086418215185404,0.009914012625813484,0.055434901267290115,0.31333842873573303,4.3999999999999995,,21.6,,72.89999999999999,,17.4,,17.599999999999998,,54.900000000000006,
L30_N2046,30,2046,matched,L30_N10312,1.6551378965377808,0.0001976543280761689,0.002051349962130189,0.01438633631914854,0.061864711344242096,0.3134596645832062,10.8,,82.69999999999999,,73.1,,17.0,,66.4,,73.6,
L30_N11992,30,11992,matched,L30_N10312,1.39469313621521,0.0002047091256827116,0.0015423480654135346,0.009566574357450008,0.03650052100419998,0.24381661415100098,3.9,,93.2,,1.9,,6.5,,14.2,,2.4,
L20_N12536,20,12536,matched,L20_N5595,1.4719629287719727,0.00018896468100138009,0.002846500836312771,0.0160933006554842,0.07396739721298218,0.34227582812309265,5.7,,18.7,,83.5,,42.8,,78.4,,84.5,
L20_N4643,20,4643,matched,L20_N5595,1.4727058410644531,0.0002066260640276596,0.0023409004788845778,0.013991732150316238,0.053506504744291306,0.28497904539108276,5.7,,95.0,,29.2,,24.6,,63.0,,46.9,
L20_N4761,20,4761,matched,L20_N5595,1.4915084838867188,0.00017905308050103486,0.00600987346842885,0.024177346378564835,0.08549801260232925,0.37826114892959595,6.0,,8.6,,88.1,,90.0,,90.2,,87.2,
L20_N911,20,911,matched,L20_N5595,1.3954733610153198,0.00020227429922670126,0.0021619226317852736,0.015051458962261677,0.07597947865724564,0.33357954025268555,3.9,,91.60000000000001,,82.69999999999999,,19.7,,71.39999999999999,,84.8,
L20_N14108,20,14108,matched,L20_N5595,1.4785317182540894,0.00019061274360865355,0.005290791857987642,0.02042357251048088,0.07696132361888885,0.3428505063056946,5.7,,25.6,,83.5,,87.2,,87.6,,85.1,
L20_N11258,20,11258,matched,L20_N5595,1.5665113925933838,0.00019904405053239316,0.00313384085893631,0.011297808028757572,0.051681552082300186,0.2850540578365326,8.1,,86.7,,29.4,,52.300000000000004,,32.5,,39.900000000000006,
L20_N4127,20,4127,matched,L20_N5595,1.4098563194274902,0.00019811419770121574,0.00430575804784894,0.020202182233333588,0.07940620929002762,0.35409554839134216,4.3,,84.2,,85.3,,77.7,,87.3,,85.8,
L20_N13242,20,13242,matched,L20_N5595,1.575618028640747,0.00019319570856168866,0.003107952419668436,0.011663883924484253,0.04938287287950516,0.2811490595340729,8.4,,50.1,,21.6,,51.6,,36.8,,29.799999999999997,
L20_N4458,20,4458,matched,L20_N5595,1.484723448753357,0.00020533203496597707,0.00805685669183731,0.024615032598376274,0.09209897369146347,0.37422335147857666,6.0,,93.8,,87.5,,94.1,,90.3,,88.2,
L20_N1007,20,1007,matched,L20_N5595,1.5804152488708496,0.00019178872753400356,0.002922939835116267,0.017083831131458282,0.06417576223611832,0.31180012226104736,8.7,,35.099999999999994,,71.6,,45.0,,81.3,,76.6,
L20_N1724,20,1724,matched,L20_N5595,1.5677902698516846,0.00019260781118646264,0.0034713868517428637,0.015873685479164124,0.06828443706035614,0.3274076581001282,8.1,,43.4,,80.4,,61.1,,76.8,,81.10000000000001,
L20_N8923,20,8923,matched,L20_N5595,1.5608699321746826,0.0001984925620490685,0.0011035375064238906,0.009868424385786057,0.034922316670417786,0.24678757786750793,7.9,,85.39999999999999,,2.1,,1.0,,17.4,,2.0,
L20_N6742,20,6742,matched,L20_N5595,1.347984790802002,0.0002067402529064566,0.003907118458300829,0.01512053981423378,0.052089788019657135,0.2931067943572998,3.1,,95.19999999999999,,44.4,,70.39999999999999,,71.7,,41.8,
L20_N10106,20,10106,matched,L20_N5595,1.4013092517852783,0.00019733639783225954,0.004495761822909117,0.016897108405828476,0.061457037925720215,0.3183760344982147,4.1000000000000005,,81.2,,76.0,,80.0,,80.7,,72.6,
L20_N14245,20,14245,matched,L20_N5595,1.444138526916504,0.00018134561832994223,0.003001403296366334,0.016491884365677834,0.06863382458686829,0.34643709659576416,5.3,,9.8,,84.1,,48.5,,79.4,,81.2,
L20_N2662,20,2662,matched,L20_N5595,1.3401392698287964,0.00018981478933710605,0.005889358464628458,0.029675157740712166,0.09237392246723175,0.38528189063072205,3.0,,21.7,,88.5,,89.9,,92.2,,88.3,
L20_N152,20,152,matched,L20_N5595,1.5639978647232056,0.00018963722686748952,0.007703596260398626,0.030400652438402176,0.09473498165607452,0.40516963601112366,7.9,,21.099999999999998,,90.0,,93.60000000000001,,92.4,,88.6,
L20_N11802,20,11802,matched,L20_N5595,1.511286973953247,0.0001568285806570202,0.0022093369625508785,0.012796564027667046,0.1624298393726349,0.6049661040306091,6.5,,2.1999999999999997,,97.39999999999999,,21.099999999999998,,50.2,,93.60000000000001,
L20_N2836,20,2836,matched,L20_N5595,1.4732471704483032,0.00016363721806555986,0.0026880516670644283,0.012838072143495083,0.1874096840620041,0.5325168967247009,5.7,,3.5000000000000004,,95.8,,37.3,,50.6,,94.89999999999999,
L20_N8869,20,8869,matched,L20_N5595,1.4940016269683838,0.00019663847342599183,0.003981659188866615,0.011655570939183235,0.053025126457214355,0.2973966598510742,6.0,,78.3,,53.1,,71.6,,36.8,,45.2,
L20_N13582,20,13582,matched,L20_N5595,1.4859857559204102,0.00019407211220823228,0.004896774888038635,0.019655806943774223,0.07366133481264114,0.3386034071445465,6.0,,59.4,,83.2,,83.8,,86.1,,84.5,
L20_N10275,20,10275,matched,L20_N5595,1.5361145734786987,0.0001892062573460862,0.006622514687478542,0.02128978818655014,0.07808038592338562,0.3591281771659851,7.3999999999999995,,19.3,,86.0,,91.5,,88.5,,85.7,
L20_N10279,20,10279,matched,L20_N5595,1.5599310398101807,0.000184899807209149,0.005206912290304899,0.016486402601003647,0.06886269152164459,0.32570576667785645,7.9,,11.899999999999999,,79.80000000000001,,86.7,,79.4,,81.3,
L20_N13528,20,13528,matched,L20_N5595,1.357303500175476,0.00018740374071057886,0.00649191252887249,0.024069400504231453,0.09168460965156555,0.3879128098487854,3.5000000000000004,,15.2,,88.8,,91.0,,90.10000000000001,,88.2,
L20_N3507,20,3507,matched,L20_N5595,1.547621726989746,0.00019629830785561353,0.0027300678193569183,0.018651999533176422,0.06037600338459015,0.3210572898387909,7.5,,76.5,,77.5,,39.0,,85.2,,69.89999999999999,
L20_N5500,20,5500,matched,L20_N5595,1.5103871822357178,0.0001909339480334893,0.015390465036034584,0.028191350400447845,0.09370313584804535,0.38398364186286926,6.5,,27.500000000000004,,88.4,,97.0,,91.8,,88.6,
L20_N6517,20,6517,matched,L20_N5595,1.5628416538238525,0.00017181709699798375,0.003986444789916277,0.013041225261986256,0.11153797805309296,0.5059985518455505,7.9,,5.4,,94.39999999999999,,71.8,,53.1,,91.10000000000001,
L20_N5487,20,5487,matched,L20_N5595,1.3853923082351685,0.00018521875608712435,0.00482826866209507,0.027953384444117546,0.08939483016729355,0.36646410822868347,3.8,,12.3,,86.9,,83.1,,91.7,,87.9,
L20_N13362,20,13362,matched,L20_N5595,1.5667967796325684,0.00017943467537406832,0.001708087045699358,0.01104675605893135,0.07079343497753143,0.3524487316608429,8.1,,9.0,,85.0,,10.2,,29.4,,82.69999999999999,
L20_N1057,20,1057,matched,L20_N5595,1.5176531076431274,0.000190652470337227,0.003330325009301305,0.028918152675032616,0.08944815397262573,0.380850613117218,6.6000000000000005,,26.1,,88.2,,57.599999999999994,,91.8,,87.9,
L20_N1538,20,1538,matched,L20_N5595,1.5571115016937256,0.00019674513896461576,0.0029027436394244432,0.013922295533120632,0.05153479427099228,0.2845536768436432,7.9,,78.7,,28.4,,44.4,,62.8,,39.6,
L20_N12114,20,12114,matched,L20_N5595,1.488897442817688,0.0001888511178549379,0.0054178438149392605,0.024939890950918198,0.07464651018381119,0.3461954593658447,6.0,,18.4,,84.0,,87.9,,90.60000000000001,,84.6,
L20_N4376,20,4376,matched,L20_N5595,1.4406547546386719,0.00018982475739903748,0.004135588649660349,0.01795373484492302,0.07495865225791931,0.33064162731170654,5.2,,21.8,,81.8,,74.6,,83.8,,84.7,
L20_N11337,20,11337,matched,L20_N5595,1.5767706632614136,0.00018072495004162192,0.018505750223994255,0.04131057858467102,0.13915492594242096,0.4309338331222534,8.5,,9.3,,91.2,,97.7,,94.69999999999999,,92.7,
L20_N832,20,832,matched,L20_N5595,1.5860300064086914,0.0001922190422192216,0.002941240556538105,0.011546527966856956,0.05854478478431702,0.31003665924072266,9.0,,39.900000000000006,,69.1,,45.800000000000004,,35.8,,65.2,
L20_N3067,20,3067,matched,L20_N5595,1.5408897399902344,0.00019543207599781454,0.005798121448606253,0.02434958517551422,0.07194927334785461,0.3473752737045288,7.3999999999999995,,71.2,,84.2,,89.5,,90.2,,83.8,
L20_N8972,20,8972,matched,L20_N5595,1.5803951025009155,0.00018076352716889232,0.007519329432398081,0.031675439327955246,0.14256712794303894,0.44962823390960693,8.7,,9.3,,92.2,,93.0,,93.0,,93.0,
L20_N3109,20,3109,matched,L20_N5595,1.5761041641235352,0.00019524326489772648,0.003198198275640607,0.013046789914369583,0.06145791709423065,0.3031756579875946,8.5,,69.6,,62.4,,54.0,,53.1,,72.6,
L20_N747,20,747,matched,L20_N5595,1.5745683908462524,0.000182422882062383,0.007263889070600271,0.02153679169714451,0.0905400738120079,0.3735893964767456,8.3,,10.299999999999999,,87.4,,92.4,,88.5,,88.1,
L20_N8388,20,8388,matched,L20_N5595,1.4013853073120117,0.00018200644990429282,0.005911464802920818,0.02159302495419979,0.08816254138946533,0.3724867105484009,4.1000000000000005,,10.100000000000001,,87.3,,89.9,,88.6,,87.6,
L20_N10551,20,10551,matched,L20_N5595,1.3677524328231812,0.00019010856340173632,0.0052567655220627785,0.017595821991562843,0.06736386567354202,0.33472707867622375,3.5000000000000004,,23.200000000000003,,82.69999999999999,,87.0,,83.1,,80.2,
L20_N3336,20,3336,matched,L20_N5595,1.570991039276123,0.00019470450934022665,0.0023541224654763937,0.01144889835268259,0.0622309111058712,0.30758076906204224,8.200000000000001,,65.7,,67.10000000000001,,25.4,,34.599999999999994,,74.3,
L20_N5603,20,5603,matched,L20_N5595,1.3993490934371948,0.0001763731415849179,0.007826099172234535,0.03927502781152725,0.14530342817306519,0.45193159580230713,4.1000000000000005,,7.1,,92.2,,93.8,,94.3,,93.10000000000001,
L20_N248,20,248,matched,L20_N5595,1.5763968229293823,0.0001815452123992145,0.007141456473618746,0.0251346156001091,0.09557335078716278,0.3935200870037079,8.5,,9.8,,89.2,,92.30000000000001,,90.60000000000001,,88.8,
L20_N5852,20,5852,matched,L20_N5595,1.5410875082015991,0.00020156176469754428,0.0034252561163157225,0.014081080444157124,0.05873088911175728,0.3034732937812805,7.3999999999999995,,90.7,,62.6,,60.3,,64.0,,65.8,
L20_N11985,20,11985,matched,L20_N5595,1.5039782524108887,0.0001864527876023203,0.0050859348848462105,0.023472115397453308,0.08803058415651321,0.38160058856010437,6.3,,13.8,,88.2,,85.8,,89.9,,87.6,
L20_N12805,20,12805,matched,L20_N5595,1.4547299146652222,0.0001965140108950436,0.004953023511916399,0.016684899106621742,0.06677284836769104,0.3232381045818329,5.4,,77.7,,78.9,,84.39999999999999,,80.10000000000001,,79.4,
L20_N1940,20,1940,matched,L20_N5595,1.345179796218872,0.0001841393968788907,0.0036120517179369926,0.021799182519316673,0.0831579715013504,0.3603520095348358,3.0,,11.4,,86.0,,64.5,,88.9,,86.7,
L20_N7007,20,7007,matched,L20_N5595,1.5662027597427368,0.00017911844770424068,0.005768962670117617,0.02276460826396942,0.09562268853187561,0.40761423110961914,8.1,,8.7,,90.4,,89.5,,89.3,,88.8,
L20_N5435,20,5435,matched,L20_N5595,1.5255094766616821,0.00021129054948687553,0.005435699597001076,0.016809171065688133,0.06639378517866135,0.3076644539833069,7.000000000000001,,97.0,,67.30000000000001,,87.9,,80.4,,79.0,
