neuron_id,layer,neuron_idx,category,prompt_id,orig_entropy,ablated_entropy,entropy_shift,orig_top1_prob,ablated_top1_prob,direct_effect_score,split,is_control,orig_activation,mean_val,mean_source,precision
L31_N11541,31,11541,ambiguity,amb_0000,2.131409168243408,2.170854091644287,0.039444923400878906,0.3043592870235443,0.3168156147003174,0.09356154501438141,working,False,-4.9375,0.15563819521949404,pooled_controls,bf16
L31_N11541,31,11541,ambiguity,amb_0001,4.559041500091553,4.559088230133057,4.673004150390625e-05,0.1691441833972931,0.16868451237678528,0.09356154501438141,working,False,1.7265625,0.15563819521949404,pooled_controls,bf16
L31_N11541,31,11541,ambiguity,amb_0002,0.5591363906860352,0.5555456280708313,-0.0035907626152038574,0.7746531963348389,0.7750663757324219,0.09356154501438141,working,False,-6.15625,0.15563819521949404,pooled_controls,bf16
L31_N11541,31,11541,ambiguity,amb_0003,0.7737653255462646,0.7682884335517883,-0.005476891994476318,0.8860874176025391,0.886944055557251,0.09356154501438141,working,False,-2.78125,0.15563819521949404,pooled_controls,bf16
L31_N11541,31,11541,ambiguity,amb_0004,3.214151620864868,3.1553897857666016,-0.0587618350982666,0.3810039460659027,0.395158052444458,0.09356154501438141,working,False,1.2734375,0.15563819521949404,pooled_controls,bf16
L31_N11541,31,11541,ambiguity,amb_0005,0.40345656871795654,0.43939852714538574,0.0359419584274292,0.9331170916557312,0.9258034825325012,0.09356154501438141,working,False,-3.921875,0.15563819521949404,pooled_controls,bf16
L31_N11541,31,11541,ambiguity,amb_0006,2.6447858810424805,2.645526885986328,0.0007410049438476562,0.3364722430706024,0.3344328701496124,0.09356154501438141,working,False,4.3125,0.15563819521949404,pooled_controls,bf16
L31_N11541,31,11541,ambiguity,amb_0007,2.73992919921875,2.737605571746826,-0.002323627471923828,0.3336516320705414,0.33403337001800537,0.09356154501438141,working,False,0.7890625,0.15563819521949404,pooled_controls,bf16
L31_N11541,31,11541,ambiguity,amb_0008,3.0731167793273926,3.08070707321167,0.007590293884277344,0.321990430355072,0.3259439468383789,0.09356154501438141,working,False,6.03125,0.15563819521949404,pooled_controls,bf16
L31_N11541,31,11541,ambiguity,amb_0009,2.3017964363098145,2.3028721809387207,0.00107574462890625,0.3590010106563568,0.3589414954185486,0.09356154501438141,working,False,-1.59375,0.15563819521949404,pooled_controls,bf16
L31_N11541,31,11541,ambiguity,amb_0010,3.0725746154785156,3.11074161529541,0.03816699981689453,0.32308200001716614,0.3106774091720581,0.09356154501438141,working,False,1.1875,0.15563819521949404,pooled_controls,bf16
L31_N11541,31,11541,ambiguity,amb_0011,0.1853773295879364,0.18725824356079102,0.0018809139728546143,0.9783462882041931,0.9780442118644714,0.09356154501438141,working,False,0.8671875,0.15563819521949404,pooled_controls,bf16
L31_N11541,31,11541,ambiguity,amb_0012,0.2827058434486389,0.27378714084625244,-0.008918702602386475,0.9530503153800964,0.9549910426139832,0.09356154501438141,working,False,-4.6875,0.15563819521949404,pooled_controls,bf16
L31_N11541,31,11541,ambiguity,amb_0013,2.846848487854004,2.8479866981506348,0.0011382102966308594,0.23987779021263123,0.23954468965530396,0.09356154501438141,working,False,-0.2333984375,0.15563819521949404,pooled_controls,bf16
L31_N11541,31,11541,ambiguity,amb_0014,1.7274397611618042,1.7281582355499268,0.0007184743881225586,0.6531180739402771,0.6530434489250183,0.09356154501438141,working,False,-0.828125,0.15563819521949404,pooled_controls,bf16
L31_N11541,31,11541,ambiguity,amb_0015,2.646392345428467,2.6475884914398193,0.001196146011352539,0.2669826149940491,0.2668914496898651,0.09356154501438141,working,False,0.234375,0.15563819521949404,pooled_controls,bf16
L31_N11541,31,11541,ambiguity,amb_0016,2.1020545959472656,2.0998470783233643,-0.002207517623901367,0.356288343667984,0.35607659816741943,0.09356154501438141,working,False,3.953125,0.15563819521949404,pooled_controls,bf16
L31_N11541,31,11541,ambiguity,amb_0017,2.545952796936035,2.5763633251190186,0.0304105281829834,0.3178497850894928,0.2860665023326874,0.09356154501438141,working,False,2.234375,0.15563819521949404,pooled_controls,bf16
L31_N11541,31,11541,ambiguity,amb_0018,2.6739742755889893,2.6755025386810303,0.0015282630920410156,0.5581860542297363,0.5538252592086792,0.09356154501438141,working,False,0.7890625,0.15563819521949404,pooled_controls,bf16
L31_N11541,31,11541,ambiguity,amb_0019,3.003119945526123,2.9872024059295654,-0.015917539596557617,0.26456767320632935,0.27026358246803284,0.09356154501438141,working,False,5.4375,0.15563819521949404,pooled_controls,bf16
L31_N11541,31,11541,ambiguity,amb_0020,3.019925832748413,3.069697856903076,0.049772024154663086,0.2309427112340927,0.21084098517894745,0.09356154501438141,working,False,1.625,0.15563819521949404,pooled_controls,bf16
L31_N11541,31,11541,ambiguity,amb_0021,0.8744735717773438,0.8048403859138489,-0.06963318586349487,0.78462815284729,0.8070611953735352,0.09356154501438141,working,False,-2.34375,0.15563819521949404,pooled_controls,bf16
L31_N11541,31,11541,ambiguity,amb_0022,1.4463167190551758,1.4545412063598633,0.0082244873046875,0.6989033222198486,0.6969199180603027,0.09356154501438141,working,False,1.40625,0.15563819521949404,pooled_controls,bf16
L31_N11541,31,11541,ambiguity,amb_0023,2.3588614463806152,2.3571414947509766,-0.0017199516296386719,0.3514297902584076,0.3515377640724182,0.09356154501438141,working,False,-0.75390625,0.15563819521949404,pooled_controls,bf16
L31_N11541,31,11541,ambiguity,amb_0024,2.423225164413452,2.4233827590942383,0.0001575946807861328,0.163632333278656,0.16732580959796906,0.09356154501438141,working,False,-1.0859375,0.15563819521949404,pooled_controls,bf16
L31_N11541,31,11541,ambiguity,amb_0025,2.3594460487365723,2.356815814971924,-0.0026302337646484375,0.38730406761169434,0.38792312145233154,0.09356154501438141,working,False,1.703125,0.15563819521949404,pooled_controls,bf16
L31_N11541,31,11541,ambiguity,amb_0026,3.7028703689575195,3.710718870162964,0.007848501205444336,0.3228043019771576,0.32336944341659546,0.09356154501438141,working,False,2.265625,0.15563819521949404,pooled_controls,bf16
L31_N11541,31,11541,ambiguity,amb_0027,1.8813252449035645,1.873796820640564,-0.007528424263000488,0.6477286219596863,0.6503636837005615,0.09356154501438141,working,False,-0.62109375,0.15563819521949404,pooled_controls,bf16
L31_N11541,31,11541,ambiguity,amb_0028,2.591080665588379,2.58958101272583,-0.0014996528625488281,0.5235283970832825,0.5250588655471802,0.09356154501438141,working,False,-0.10107421875,0.15563819521949404,pooled_controls,bf16
L31_N11541,31,11541,ambiguity,amb_0029,2.0469510555267334,2.047398328781128,0.00044727325439453125,0.5000725388526917,0.5000256299972534,0.09356154501438141,working,False,0.609375,0.15563819521949404,pooled_controls,bf16
L31_N11541,31,11541,ambiguity,amb_0030,1.3423449993133545,1.393296480178833,0.050951480865478516,0.5465922355651855,0.5152323246002197,0.09356154501438141,working,False,-0.75,0.15563819521949404,pooled_controls,bf16
L31_N11541,31,11541,ambiguity,amb_0031,2.5924174785614014,2.576033353805542,-0.016384124755859375,0.2651655673980713,0.26782792806625366,0.09356154501438141,working,False,4.21875,0.15563819521949404,pooled_controls,bf16
L31_N11541,31,11541,ambiguity,amb_0032,0.7734093070030212,0.7063355445861816,-0.0670737624168396,0.7512880563735962,0.7879384160041809,0.09356154501438141,working,False,-3.8125,0.15563819521949404,pooled_controls,bf16
L31_N11541,31,11541,ambiguity,amb_0033,0.3125807046890259,0.3077106475830078,-0.004870057106018066,0.9496376514434814,0.9505248665809631,0.09356154501438141,working,False,-2.609375,0.15563819521949404,pooled_controls,bf16
L31_N11541,31,11541,ambiguity,amb_0034,0.06319817155599594,0.0629953071475029,-0.000202864408493042,0.9920816421508789,0.9921024441719055,0.09356154501438141,working,False,-2.03125,0.15563819521949404,pooled_controls,bf16
L31_N11541,31,11541,ambiguity,amb_0035,3.2133400440216064,3.212203025817871,-0.0011370182037353516,0.14269918203353882,0.14286568760871887,0.09356154501438141,working,False,-0.111328125,0.15563819521949404,pooled_controls,bf16
L31_N11541,31,11541,ambiguity,amb_0036,0.27980995178222656,0.27793067693710327,-0.001879274845123291,0.956149697303772,0.9564395546913147,0.09356154501438141,working,False,-1.3671875,0.15563819521949404,pooled_controls,bf16
L31_N11541,31,11541,ambiguity,amb_0037,2.2706377506256104,2.269120931625366,-0.0015168190002441406,0.2931281328201294,0.2926168739795685,0.09356154501438141,working,False,2.53125,0.15563819521949404,pooled_controls,bf16
L31_N11541,31,11541,ambiguity,amb_0038,1.907806158065796,1.9074985980987549,-0.0003075599670410156,0.5503026843070984,0.5572888851165771,0.09356154501438141,working,False,4.0,0.15563819521949404,pooled_controls,bf16
L31_N11541,31,11541,ambiguity,amb_0039,0.4548197090625763,0.45181363821029663,-0.003006070852279663,0.8976051807403564,0.8979963660240173,0.09356154501438141,working,False,-4.65625,0.15563819521949404,pooled_controls,bf16
L31_N11541,31,11541,ambiguity,amb_0040,2.049222946166992,1.988276481628418,-0.06094646453857422,0.47096139192581177,0.4881919324398041,0.09356154501438141,working,False,2.09375,0.15563819521949404,pooled_controls,bf16
L31_N11541,31,11541,ambiguity,amb_0041,0.4766418933868408,0.3743790090084076,-0.10226288437843323,0.9048458933830261,0.9310043454170227,0.09356154501438141,working,False,-3.25,0.15563819521949404,pooled_controls,bf16
L31_N11541,31,11541,ambiguity,amb_0042,3.4453678131103516,3.4565038681030273,0.011136054992675781,0.12374655902385712,0.12420282512903214,0.09356154501438141,working,False,-1.125,0.15563819521949404,pooled_controls,bf16
L31_N11541,31,11541,ambiguity,amb_0043,2.176589012145996,2.172600269317627,-0.003988742828369141,0.3841998279094696,0.38516679406166077,0.09356154501438141,working,False,1.8359375,0.15563819521949404,pooled_controls,bf16
L31_N11541,31,11541,ambiguity,amb_0044,2.562283515930176,2.561403274536133,-0.0008802413940429688,0.3696751594543457,0.3643374443054199,0.09356154501438141,working,False,1.640625,0.15563819521949404,pooled_controls,bf16
L31_N11541,31,11541,ambiguity,amb_0045,2.8056182861328125,2.810197353363037,0.004579067230224609,0.22283335030078888,0.22277095913887024,0.09356154501438141,working,False,-0.89453125,0.15563819521949404,pooled_controls,bf16
L31_N11541,31,11541,ambiguity,amb_0046,1.8792414665222168,1.8552560806274414,-0.02398538589477539,0.43458327651023865,0.4461367130279541,0.09356154501438141,working,False,-3.5,0.15563819521949404,pooled_controls,bf16
L31_N11541,31,11541,ambiguity,amb_0047,3.5664448738098145,3.566535711288452,9.083747863769531e-05,0.1757456362247467,0.17500436305999756,0.09356154501438141,working,False,0.73828125,0.15563819521949404,pooled_controls,bf16
L31_N11541,31,11541,ambiguity,amb_0048,2.5035877227783203,2.50942325592041,0.005835533142089844,0.38110023736953735,0.37576937675476074,0.09356154501438141,working,False,1.328125,0.15563819521949404,pooled_controls,bf16
L31_N11541,31,11541,ambiguity,amb_0049,4.102269172668457,4.112232208251953,0.009963035583496094,0.16889438033103943,0.17043901979923248,0.09356154501438141,working,False,1.5234375,0.15563819521949404,pooled_controls,bf16
L31_N11541,31,11541,ambiguity,amb_0050,0.5448554754257202,0.5452646017074585,0.00040912628173828125,0.9203320145606995,0.9202722311019897,0.09356154501438141,working,False,0.2060546875,0.15563819521949404,pooled_controls,bf16
L31_N11541,31,11541,ambiguity,amb_0051,2.2842979431152344,2.2824597358703613,-0.0018382072448730469,0.3175898790359497,0.31823545694351196,0.09356154501438141,working,False,1.71875,0.15563819521949404,pooled_controls,bf16
L31_N11541,31,11541,ambiguity,amb_0052,2.544663667678833,2.5401394367218018,-0.00452423095703125,0.3059062957763672,0.30879369378089905,0.09356154501438141,working,False,-0.4453125,0.15563819521949404,pooled_controls,bf16
L31_N11541,31,11541,ambiguity,amb_0053,0.26553624868392944,0.25947150588035583,-0.006064742803573608,0.9484477639198303,0.9497956037521362,0.09356154501438141,working,False,-1.359375,0.15563819521949404,pooled_controls,bf16
L31_N11541,31,11541,ambiguity,amb_0054,3.3073582649230957,3.3136212825775146,0.006263017654418945,0.20128417015075684,0.1958429217338562,0.09356154501438141,working,False,4.375,0.15563819521949404,pooled_controls,bf16
L31_N11541,31,11541,ambiguity,amb_0055,2.3507449626922607,2.29142427444458,-0.059320688247680664,0.3764025568962097,0.3972015678882599,0.09356154501438141,working,False,2.078125,0.15563819521949404,pooled_controls,bf16
L31_N11541,31,11541,ambiguity,amb_0056,2.9696860313415527,2.960927724838257,-0.008758306503295898,0.3324529230594635,0.3293485641479492,0.09356154501438141,working,False,2.8125,0.15563819521949404,pooled_controls,bf16
L31_N11541,31,11541,ambiguity,amb_0057,3.6951136589050293,3.735257387161255,0.040143728256225586,0.2154395580291748,0.21410934627056122,0.09356154501438141,working,False,-4.625,0.15563819521949404,pooled_controls,bf16
L31_N11541,31,11541,ambiguity,amb_0058,0.6380835771560669,0.6491777300834656,0.011094152927398682,0.8878673315048218,0.8851978182792664,0.09356154501438141,working,False,0.9765625,0.15563819521949404,pooled_controls,bf16
L31_N11541,31,11541,ambiguity,amb_0059,1.6167001724243164,1.5609533786773682,-0.05574679374694824,0.4122750759124756,0.3977654278278351,0.09356154501438141,working,False,3.140625,0.15563819521949404,pooled_controls,bf16
L31_N11541,31,11541,ambiguity,amb_0060,2.2315759658813477,2.238363265991211,0.006787300109863281,0.4630894958972931,0.471241295337677,0.09356154501438141,working,False,1.7734375,0.15563819521949404,pooled_controls,bf16
L31_N11541,31,11541,ambiguity,amb_0061,2.1432714462280273,2.1514534950256348,0.008182048797607422,0.34881308674812317,0.346108078956604,0.09356154501438141,working,False,1.0546875,0.15563819521949404,pooled_controls,bf16
L31_N11541,31,11541,ambiguity,amb_0062,0.42451727390289307,0.42047393321990967,-0.0040433406829833984,0.9445533156394958,0.9453416466712952,0.09356154501438141,working,False,-1.453125,0.15563819521949404,pooled_controls,bf16
L31_N11541,31,11541,ambiguity,amb_0063,3.6907150745391846,3.697251081466675,0.006536006927490234,0.31620991230010986,0.31506749987602234,0.09356154501438141,working,False,1.7578125,0.15563819521949404,pooled_controls,bf16
L31_N11541,31,11541,ambiguity,amb_0064,2.0356671810150146,2.0641984939575195,0.028531312942504883,0.33568695187568665,0.3496147394180298,0.09356154501438141,working,False,2.953125,0.15563819521949404,pooled_controls,bf16
L31_N11541,31,11541,ambiguity,amb_0065,0.09549930691719055,0.09500434994697571,-0.0004949569702148438,0.9887312054634094,0.9888136982917786,0.09356154501438141,working,False,-1.9140625,0.15563819521949404,pooled_controls,bf16
L31_N11541,31,11541,ambiguity,amb_0066,2.0707223415374756,2.077136278152466,0.006413936614990234,0.32435888051986694,0.314983993768692,0.09356154501438141,working,False,1.6484375,0.15563819521949404,pooled_controls,bf16
L31_N11541,31,11541,ambiguity,amb_0067,3.4030425548553467,3.408571243286133,0.005528688430786133,0.2503643333911896,0.2547415792942047,0.09356154501438141,working,False,-2.71875,0.15563819521949404,pooled_controls,bf16
L31_N11541,31,11541,ambiguity,amb_0068,0.27864107489585876,0.27134984731674194,-0.007291227579116821,0.9491060376167297,0.9505760073661804,0.09356154501438141,working,False,-2.453125,0.15563819521949404,pooled_controls,bf16
L31_N11541,31,11541,ambiguity,amb_0069,3.569601058959961,3.54176664352417,-0.027834415435791016,0.23654481768608093,0.2459937185049057,0.09356154501438141,working,False,4.65625,0.15563819521949404,pooled_controls,bf16
L31_N11541,31,11541,ambiguity,amb_0070,1.2353311777114868,1.2277337312698364,-0.007597446441650391,0.7235127687454224,0.7269755005836487,0.09356154501438141,working,False,0.6015625,0.15563819521949404,pooled_controls,bf16
L31_N11541,31,11541,ambiguity,amb_0071,0.5878744125366211,0.5384110808372498,-0.04946333169937134,0.9036218523979187,0.9132373929023743,0.09356154501438141,working,False,-2.03125,0.15563819521949404,pooled_controls,bf16
L31_N11541,31,11541,ambiguity,amb_0072,1.4870750904083252,1.4879529476165771,0.0008778572082519531,0.7113951444625854,0.7111544013023376,0.09356154501438141,working,False,1.1953125,0.15563819521949404,pooled_controls,bf16
L31_N11541,31,11541,ambiguity,amb_0073,2.011209487915039,2.0106401443481445,-0.0005693435668945312,0.25993621349334717,0.25988638401031494,0.09356154501438141,working,False,1.3828125,0.15563819521949404,pooled_controls,bf16
L31_N11541,31,11541,ambiguity,amb_0074,1.8976142406463623,1.9001330137252808,0.002518773078918457,0.5668606758117676,0.565068781375885,0.09356154501438141,working,False,0.9765625,0.15563819521949404,pooled_controls,bf16
L31_N11541,31,11541,ambiguity,amb_0075,2.3578433990478516,2.3605639934539795,0.0027205944061279297,0.483648419380188,0.48355263471603394,0.09356154501438141,working,False,0.6171875,0.15563819521949404,pooled_controls,bf16
L31_N11541,31,11541,ambiguity,amb_0076,2.618499994277954,2.620204448699951,0.0017044544219970703,0.2548840641975403,0.25490355491638184,0.09356154501438141,working,False,2.515625,0.15563819521949404,pooled_controls,bf16
L31_N11541,31,11541,ambiguity,amb_0077,2.4425735473632812,2.4452807903289795,0.002707242965698242,0.5396357774734497,0.5391777157783508,0.09356154501438141,working,False,-0.1513671875,0.15563819521949404,pooled_controls,bf16
L31_N11541,31,11541,ambiguity,amb_0078,1.1666830778121948,1.2463881969451904,0.0797051191329956,0.7637596130371094,0.7419044375419617,0.09356154501438141,working,False,0.78125,0.15563819521949404,pooled_controls,bf16
L31_N11541,31,11541,ambiguity,amb_0079,2.033189535140991,2.0314955711364746,-0.0016939640045166016,0.3496057987213135,0.3425465226173401,0.09356154501438141,working,False,1.765625,0.15563819521949404,pooled_controls,bf16
L31_N11541,31,11541,ambiguity,amb_0080,2.0369515419006348,2.033198833465576,-0.0037527084350585938,0.4895094633102417,0.4899505078792572,0.09356154501438141,working,False,0.92578125,0.15563819521949404,pooled_controls,bf16
L31_N11541,31,11541,ambiguity,amb_0081,3.092586040496826,3.176495313644409,0.08390927314758301,0.5298091173171997,0.5136982202529907,0.09356154501438141,working,False,2.5625,0.15563819521949404,pooled_controls,bf16
L31_N11541,31,11541,ambiguity,amb_0082,1.6431922912597656,1.646212100982666,0.0030198097229003906,0.7570251226425171,0.7565190196037292,0.09356154501438141,working,False,0.32421875,0.15563819521949404,pooled_controls,bf16
L31_N11541,31,11541,ambiguity,amb_0083,5.554958343505859,5.552414894104004,-0.0025434494018554688,0.07461758702993393,0.07452253997325897,0.09356154501438141,working,False,0.95703125,0.15563819521949404,pooled_controls,bf16
L31_N11541,31,11541,ambiguity,amb_0084,2.906287670135498,2.9034934043884277,-0.0027942657470703125,0.4053276777267456,0.40597987174987793,0.09356154501438141,held_out,False,0.1767578125,0.15563819521949404,pooled_controls,bf16
L31_N11541,31,11541,ambiguity,amb_0085,3.2369580268859863,3.138144016265869,-0.09881401062011719,0.4754219353199005,0.4973217844963074,0.09356154501438141,held_out,False,-2.484375,0.15563819521949404,pooled_controls,bf16
L31_N11541,31,11541,ambiguity,amb_0086,3.4680352210998535,3.458505630493164,-0.009529590606689453,0.16339129209518433,0.1605471968650818,0.09356154501438141,held_out,False,1.8515625,0.15563819521949404,pooled_controls,bf16
L31_N11541,31,11541,ambiguity,amb_0087,0.21132242679595947,0.20750313997268677,-0.003819286823272705,0.9734991192817688,0.97403484582901,0.09356154501438141,held_out,False,-2.21875,0.15563819521949404,pooled_controls,bf16
L31_N11541,31,11541,ambiguity,amb_0088,3.366471767425537,3.366220712661743,-0.0002510547637939453,0.26610100269317627,0.2661140561103821,0.09356154501438141,held_out,False,0.1318359375,0.15563819521949404,pooled_controls,bf16
L31_N11541,31,11541,ambiguity,amb_0089,3.781087636947632,3.845179557800293,0.06409192085266113,0.3369584083557129,0.32500532269477844,0.09356154501438141,held_out,False,-0.640625,0.15563819521949404,pooled_controls,bf16
L31_N11541,31,11541,ambiguity,amb_0090,0.8448827266693115,0.8365104794502258,-0.008372247219085693,0.7932525873184204,0.7958787083625793,0.09356154501438141,held_out,False,-2.296875,0.15563819521949404,pooled_controls,bf16
L31_N11541,31,11541,ambiguity,amb_0091,1.8923972845077515,1.897711157798767,0.005313873291015625,0.5461603403091431,0.5441187024116516,0.09356154501438141,held_out,False,-1.109375,0.15563819521949404,pooled_controls,bf16
L31_N11541,31,11541,ambiguity,amb_0092,1.6362665891647339,1.621833324432373,-0.01443326473236084,0.7017658948898315,0.7059054970741272,0.09356154501438141,held_out,False,-0.67578125,0.15563819521949404,pooled_controls,bf16
L31_N11541,31,11541,ambiguity,amb_0093,0.8634747862815857,0.8598107099533081,-0.003664076328277588,0.8298888802528381,0.8304554224014282,0.09356154501438141,held_out,False,0.37890625,0.15563819521949404,pooled_controls,bf16
L31_N11541,31,11541,ambiguity,amb_0094,1.7390378713607788,1.7502703666687012,0.011232495307922363,0.4728764593601227,0.4898008108139038,0.09356154501438141,held_out,False,1.7421875,0.15563819521949404,pooled_controls,bf16
L31_N11541,31,11541,ambiguity,amb_0095,0.821681022644043,0.821692705154419,1.1682510375976562e-05,0.8072279691696167,0.8072354197502136,0.09356154501438141,held_out,False,-1.6953125,0.15563819521949404,pooled_controls,bf16
L31_N11541,31,11541,ambiguity,amb_0096,2.501300573348999,2.453303337097168,-0.047997236251831055,0.2968878149986267,0.32272419333457947,0.09356154501438141,held_out,False,1.734375,0.15563819521949404,pooled_controls,bf16
L31_N11541,31,11541,ambiguity,amb_0097,2.996896743774414,2.9684104919433594,-0.028486251831054688,0.2316855490207672,0.2288636714220047,0.09356154501438141,held_out,False,-2.484375,0.15563819521949404,pooled_controls,bf16
L31_N11541,31,11541,ambiguity,amb_0098,2.3167881965637207,2.330448627471924,0.013660430908203125,0.26292508840560913,0.26806432008743286,0.09356154501438141,held_out,False,-1.453125,0.15563819521949404,pooled_controls,bf16
L31_N11541,31,11541,ambiguity,amb_0099,2.436516284942627,2.442612648010254,0.006096363067626953,0.35596418380737305,0.36271002888679504,0.09356154501438141,held_out,False,-1.5703125,0.15563819521949404,pooled_controls,bf16
L31_N11541,31,11541,ambiguity,amb_0100,1.7052080631256104,1.68196439743042,-0.02324366569519043,0.5621854066848755,0.5777958035469055,0.09356154501438141,held_out,False,-2.78125,0.15563819521949404,pooled_controls,bf16
L31_N11541,31,11541,ambiguity,amb_0101,2.0023765563964844,1.9997960329055786,-0.0025805234909057617,0.4655653238296509,0.4640204906463623,0.09356154501438141,held_out,False,2.578125,0.15563819521949404,pooled_controls,bf16
L31_N11541,31,11541,ambiguity,amb_0102,2.005124568939209,1.9867793321609497,-0.018345236778259277,0.29406610131263733,0.3034020662307739,0.09356154501438141,held_out,False,2.625,0.15563819521949404,pooled_controls,bf16
L31_N11541,31,11541,ambiguity,amb_0103,4.778031349182129,4.793018341064453,0.014986991882324219,0.10608897358179092,0.10687455534934998,0.09356154501438141,held_out,False,-0.625,0.15563819521949404,pooled_controls,bf16
L31_N11541,31,11541,ambiguity,amb_0104,1.1206187009811401,1.1164381504058838,-0.004180550575256348,0.7675607800483704,0.7692387700080872,0.09356154501438141,held_out,False,-1.59375,0.15563819521949404,pooled_controls,bf16
L31_N11541,31,11541,ambiguity,amb_0105,2.1002590656280518,2.0977797508239746,-0.0024793148040771484,0.5084797739982605,0.51344233751297,0.09356154501438141,held_out,False,1.3828125,0.15563819521949404,pooled_controls,bf16
L31_N11541,31,11541,ambiguity,amb_0106,0.5232242941856384,0.5121831297874451,-0.01104116439819336,0.9280524849891663,0.9301601052284241,0.09356154501438141,held_out,False,-2.90625,0.15563819521949404,pooled_controls,bf16
L31_N11541,31,11541,ambiguity,amb_0107,2.999772548675537,2.994528293609619,-0.005244255065917969,0.1862751543521881,0.19794712960720062,0.09356154501438141,held_out,False,2.0625,0.15563819521949404,pooled_controls,bf16
L31_N11541,31,11541,ambiguity,amb_0108,2.6803855895996094,2.6752994060516357,-0.005086183547973633,0.1892421841621399,0.18650749325752258,0.09356154501438141,held_out,False,-2.984375,0.15563819521949404,pooled_controls,bf16
L31_N11541,31,11541,ambiguity,amb_0109,0.34986984729766846,0.34975749254226685,-0.00011235475540161133,0.9464108347892761,0.9464216232299805,0.09356154501438141,held_out,False,0.302734375,0.15563819521949404,pooled_controls,bf16
L31_N11541,31,11541,ambiguity,amb_0110,1.9645905494689941,1.957340955734253,-0.007249593734741211,0.4899759590625763,0.49211615324020386,0.09356154501438141,held_out,False,2.0,0.15563819521949404,pooled_controls,bf16
L31_N11541,31,11541,ambiguity,amb_0111,3.8684067726135254,3.860300064086914,-0.008106708526611328,0.20527321100234985,0.20466281473636627,0.09356154501438141,held_out,False,1.875,0.15563819521949404,pooled_controls,bf16
L31_N11541,31,11541,ambiguity,amb_0112,2.176384449005127,2.175870895385742,-0.0005135536193847656,0.3407977223396301,0.3408639132976532,0.09356154501438141,held_out,False,0.58203125,0.15563819521949404,pooled_controls,bf16
L31_N11541,31,11541,ambiguity,amb_0113,0.9256861805915833,0.9035338163375854,-0.022152364253997803,0.8043229579925537,0.8116002678871155,0.09356154501438141,held_out,False,3.25,0.15563819521949404,pooled_controls,bf16
L31_N11541,31,11541,ambiguity,amb_0114,0.7204865217208862,0.7254766821861267,0.0049901604652404785,0.8451882004737854,0.8397083282470703,0.09356154501438141,held_out,False,-4.28125,0.15563819521949404,pooled_controls,bf16
L31_N11541,31,11541,ambiguity,amb_0115,2.9680774211883545,2.9668469429016113,-0.001230478286743164,0.34782540798187256,0.3479793667793274,0.09356154501438141,held_out,False,-0.034423828125,0.15563819521949404,pooled_controls,bf16
L31_N11541,31,11541,ambiguity,amb_0116,1.9323124885559082,1.9159024953842163,-0.016409993171691895,0.5209304094314575,0.5314508676528931,0.09356154501438141,held_out,False,-0.478515625,0.15563819521949404,pooled_controls,bf16
L31_N11541,31,11541,ambiguity,amb_0117,0.41895708441734314,0.4012952744960785,-0.01766180992126465,0.9367285370826721,0.9404221773147583,0.09356154501438141,held_out,False,-3.25,0.15563819521949404,pooled_controls,bf16
L31_N11541,31,11541,ambiguity,amb_0118,2.198213577270508,2.2007930278778076,0.0025794506072998047,0.43398311734199524,0.42303192615509033,0.09356154501438141,held_out,False,3.921875,0.15563819521949404,pooled_controls,bf16
L31_N11541,31,11541,ambiguity,amb_0119,2.812081813812256,2.821899890899658,0.009818077087402344,0.23698896169662476,0.2347598522901535,0.09356154501438141,held_out,False,2.171875,0.15563819521949404,pooled_controls,bf16
L31_N11541,31,11541,ambiguity,amb_ctrl_0000,0.7766406536102295,0.772318959236145,-0.004321694374084473,0.8515368700027466,0.8520538210868835,0.09356154501438141,working,True,-2.046875,0.15563819521949404,pooled_controls,bf16
L31_N11541,31,11541,ambiguity,amb_ctrl_0001,0.09729471802711487,0.1143425926566124,0.017047874629497528,0.9864110350608826,0.9836719632148743,0.09356154501438141,working,True,-8.375,0.15563819521949404,pooled_controls,bf16
L31_N11541,31,11541,ambiguity,amb_ctrl_0002,1.1501094102859497,1.150311827659607,0.00020241737365722656,0.5672774314880371,0.5672592520713806,0.09356154501438141,working,True,0.0908203125,0.15563819521949404,pooled_controls,bf16
L31_N11541,31,11541,ambiguity,amb_ctrl_0003,2.734994411468506,2.727358818054199,-0.007635593414306641,0.21374362707138062,0.21220877766609192,0.09356154501438141,working,True,2.3125,0.15563819521949404,pooled_controls,bf16
L31_N11541,31,11541,ambiguity,amb_ctrl_0004,1.2866910696029663,1.2860255241394043,-0.0006655454635620117,0.5674577355384827,0.5888246893882751,0.09356154501438141,working,True,-0.84375,0.15563819521949404,pooled_controls,bf16
L31_N11541,31,11541,ambiguity,amb_ctrl_0005,2.6738407611846924,2.6827750205993652,0.008934259414672852,0.4896385371685028,0.4894365668296814,0.09356154501438141,working,True,1.75,0.15563819521949404,pooled_controls,bf16
L31_N11541,31,11541,ambiguity,amb_ctrl_0006,0.201217919588089,0.1920025497674942,-0.009215369820594788,0.9678196907043457,0.9699661731719971,0.09356154501438141,working,True,-3.953125,0.15563819521949404,pooled_controls,bf16
L31_N11541,31,11541,ambiguity,amb_ctrl_0007,0.2947760224342346,0.27820885181427,-0.0165671706199646,0.949904203414917,0.9538171291351318,0.09356154501438141,working,True,-3.4375,0.15563819521949404,pooled_controls,bf16
L31_N11541,31,11541,ambiguity,amb_ctrl_0008,1.9313079118728638,1.9529268741607666,0.021618962287902832,0.36000311374664307,0.3749653697013855,0.09356154501438141,working,True,-1.9765625,0.15563819521949404,pooled_controls,bf16
L31_N11541,31,11541,ambiguity,amb_ctrl_0009,0.604310154914856,0.6509937047958374,0.046683549880981445,0.8772097826004028,0.8641263246536255,0.09356154501438141,working,True,-2.296875,0.15563819521949404,pooled_controls,bf16
L31_N11541,31,11541,ambiguity,amb_ctrl_0010,0.12707942724227905,0.127034530043602,-4.489719867706299e-05,0.9798086285591125,0.979812741279602,0.09356154501438141,working,True,-0.296875,0.15563819521949404,pooled_controls,bf16
L31_N11541,31,11541,ambiguity,amb_ctrl_0011,4.238875389099121,4.239087104797363,0.0002117156982421875,0.10977223515510559,0.11061397194862366,0.09356154501438141,working,True,-0.71484375,0.15563819521949404,pooled_controls,bf16
L31_N11541,31,11541,ambiguity,amb_ctrl_0012,2.522399425506592,2.548248052597046,0.0258486270904541,0.2560243010520935,0.2632509768009186,0.09356154501438141,working,True,-0.2080078125,0.15563819521949404,pooled_controls,bf16
L31_N11541,31,11541,ambiguity,amb_ctrl_0013,5.372662544250488,5.264279842376709,-0.1083827018737793,0.10198619961738586,0.09586337953805923,0.09356154501438141,working,True,7.96875,0.15563819521949404,pooled_controls,bf16
L31_N11541,31,11541,ambiguity,amb_ctrl_0014,0.5423544645309448,0.523699939250946,-0.01865452527999878,0.9037502408027649,0.908526599407196,0.09356154501438141,working,True,-1.640625,0.15563819521949404,pooled_controls,bf16
L31_N11541,31,11541,ambiguity,amb_ctrl_0015,4.3377366065979,4.334041595458984,-0.0036950111389160156,0.2934378981590271,0.2828845679759979,0.09356154501438141,working,True,3.171875,0.15563819521949404,pooled_controls,bf16
L31_N11541,31,11541,ambiguity,amb_ctrl_0016,2.8179564476013184,2.8228087425231934,0.004852294921875,0.24184849858283997,0.2389904260635376,0.09356154501438141,working,True,1.59375,0.15563819521949404,pooled_controls,bf16
L31_N11541,31,11541,ambiguity,amb_ctrl_0017,1.3171398639678955,1.3192514181137085,0.0021115541458129883,0.773847758769989,0.7735905051231384,0.09356154501438141,working,True,0.58203125,0.15563819521949404,pooled_controls,bf16
L31_N11541,31,11541,ambiguity,amb_ctrl_0018,2.9222288131713867,2.9074907302856445,-0.014738082885742188,0.24335934221744537,0.2377317100763321,0.09356154501438141,working,True,-2.546875,0.15563819521949404,pooled_controls,bf16
L31_N11541,31,11541,ambiguity,amb_ctrl_0019,5.361654281616211,5.359474182128906,-0.0021800994873046875,0.09632216393947601,0.0961865559220314,0.09356154501438141,working,True,0.171875,0.15563819521949404,pooled_controls,bf16
L31_N11541,31,11541,ambiguity,amb_ctrl_0020,4.601905822753906,4.649256706237793,0.04735088348388672,0.2898511588573456,0.27213406562805176,0.09356154501438141,working,True,2.703125,0.15563819521949404,pooled_controls,bf16
L31_N11541,31,11541,ambiguity,amb_ctrl_0021,2.9766604900360107,2.9608240127563477,-0.015836477279663086,0.27002450823783875,0.2718166708946228,0.09356154501438141,working,True,-2.4375,0.15563819521949404,pooled_controls,bf16
L31_N11541,31,11541,ambiguity,amb_ctrl_0022,2.5405263900756836,2.5479354858398438,0.007409095764160156,0.5305885672569275,0.5288194417953491,0.09356154501438141,working,True,1.078125,0.15563819521949404,pooled_controls,bf16
L31_N11541,31,11541,ambiguity,amb_ctrl_0023,2.682981014251709,2.724689245223999,0.04170823097229004,0.25725501775741577,0.23409786820411682,0.09356154501438141,working,True,-0.458984375,0.15563819521949404,pooled_controls,bf16
L31_N11541,31,11541,ambiguity,amb_ctrl_0024,2.4536571502685547,2.393507957458496,-0.060149192810058594,0.5255476832389832,0.539955198764801,0.09356154501438141,working,True,-0.609375,0.15563819521949404,pooled_controls,bf16
L31_N11541,31,11541,ambiguity,amb_ctrl_0025,1.1939071416854858,1.1935372352600098,-0.0003699064254760742,0.7682332992553711,0.7682719826698303,0.09356154501438141,working,True,0.1875,0.15563819521949404,pooled_controls,bf16
L31_N11541,31,11541,ambiguity,amb_ctrl_0026,0.9327545166015625,0.9147472381591797,-0.018007278442382812,0.7439746260643005,0.7505395412445068,0.09356154501438141,working,True,1.734375,0.15563819521949404,pooled_controls,bf16
L31_N11541,31,11541,ambiguity,amb_ctrl_0027,1.6260687112808228,1.617339849472046,-0.008728861808776855,0.53364098072052,0.5371943116188049,0.09356154501438141,working,True,-0.9609375,0.15563819521949404,pooled_controls,bf16
L31_N11541,31,11541,ambiguity,amb_ctrl_0028,1.9965972900390625,1.9926010370254517,-0.00399625301361084,0.6128343939781189,0.613826334476471,0.09356154501438141,working,True,-0.0263671875,0.15563819521949404,pooled_controls,bf16
L31_N11541,31,11541,ambiguity,amb_ctrl_0029,1.5382331609725952,1.5213170051574707,-0.01691615581512451,0.38559937477111816,0.39517390727996826,0.09356154501438141,working,True,-4.75,0.15563819521949404,pooled_controls,bf16
L31_N11541,31,11541,ambiguity,amb_ctrl_0030,1.825148344039917,1.809601068496704,-0.01554727554321289,0.5318348407745361,0.5396606922149658,0.09356154501438141,working,True,-1.375,0.15563819521949404,pooled_controls,bf16
L31_N11541,31,11541,ambiguity,amb_ctrl_0031,3.056546926498413,3.049746036529541,-0.00680088996887207,0.17859788239002228,0.1766188144683838,0.09356154501438141,working,True,2.484375,0.15563819521949404,pooled_controls,bf16
L31_N11541,31,11541,ambiguity,amb_ctrl_0032,2.7289576530456543,2.681410789489746,-0.0475468635559082,0.24979281425476074,0.26300764083862305,0.09356154501438141,working,True,-1.8984375,0.15563819521949404,pooled_controls,bf16
L31_N11541,31,11541,ambiguity,amb_ctrl_0033,0.5639548897743225,0.5603034496307373,-0.003651440143585205,0.8955055475234985,0.8963492512702942,0.09356154501438141,working,True,-2.390625,0.15563819521949404,pooled_controls,bf16
L31_N11541,31,11541,ambiguity,amb_ctrl_0034,0.46364283561706543,0.5093623399734497,0.04571950435638428,0.9274066090583801,0.9187687039375305,0.09356154501438141,working,True,-2.875,0.15563819521949404,pooled_controls,bf16
L31_N11541,31,11541,ambiguity,amb_ctrl_0035,4.913356781005859,4.923818588256836,0.010461807250976562,0.07138054817914963,0.0717543289065361,0.09356154501438141,working,True,1.625,0.15563819521949404,pooled_controls,bf16
L31_N11541,31,11541,ambiguity,amb_ctrl_0036,2.8000435829162598,2.8003523349761963,0.00030875205993652344,0.42631012201309204,0.4263897240161896,0.09356154501438141,working,True,0.1875,0.15563819521949404,pooled_controls,bf16
L31_N11541,31,11541,ambiguity,amb_ctrl_0037,2.7010412216186523,2.6980347633361816,-0.003006458282470703,0.38632428646087646,0.3758549690246582,0.09356154501438141,working,True,2.453125,0.15563819521949404,pooled_controls,bf16
L31_N11541,31,11541,ambiguity,amb_ctrl_0038,3.2420296669006348,3.2421069145202637,7.724761962890625e-05,0.1702917218208313,0.17030209302902222,0.09356154501438141,working,True,0.287109375,0.15563819521949404,pooled_controls,bf16
L31_N11541,31,11541,ambiguity,amb_ctrl_0039,0.3799930214881897,0.3799738883972168,-1.913309097290039e-05,0.9415091276168823,0.9415112137794495,0.09356154501438141,working,True,0.296875,0.15563819521949404,pooled_controls,bf16
L31_N11541,31,11541,ambiguity,amb_ctrl_0040,2.988630533218384,3.0266575813293457,0.038027048110961914,0.30050066113471985,0.2599317729473114,0.09356154501438141,working,True,5.25,0.15563819521949404,pooled_controls,bf16
L31_N11541,31,11541,ambiguity,amb_ctrl_0041,1.9082388877868652,1.890043020248413,-0.01819586753845215,0.5990794897079468,0.6052185297012329,0.09356154501438141,working,True,-2.109375,0.15563819521949404,pooled_controls,bf16
L31_N11541,31,11541,ambiguity,amb_ctrl_0042,3.304969549179077,3.304565906524658,-0.0004036426544189453,0.3426487445831299,0.3450055420398712,0.09356154501438141,working,True,-0.240234375,0.15563819521949404,pooled_controls,bf16
L31_N11541,31,11541,ambiguity,amb_ctrl_0043,0.3423001766204834,0.370743066072464,0.02844288945198059,0.9096891283988953,0.8989331722259521,0.09356154501438141,working,True,-1.828125,0.15563819521949404,pooled_controls,bf16
L31_N11541,31,11541,ambiguity,amb_ctrl_0044,5.378116607666016,5.374941825866699,-0.0031747817993164062,0.1182311624288559,0.1169663518667221,0.09356154501438141,working,True,1.8828125,0.15563819521949404,pooled_controls,bf16
L31_N11541,31,11541,ambiguity,amb_ctrl_0045,2.304725170135498,2.3234472274780273,0.018722057342529297,0.26542025804519653,0.234945610165596,0.09356154501438141,working,True,-1.8046875,0.15563819521949404,pooled_controls,bf16
L31_N11541,31,11541,ambiguity,amb_ctrl_0046,3.76407527923584,3.7228333950042725,-0.04124188423156738,0.13274690508842468,0.1332193911075592,0.09356154501438141,working,True,4.59375,0.15563819521949404,pooled_controls,bf16
L31_N11541,31,11541,ambiguity,amb_ctrl_0047,3.065524101257324,3.0670979022979736,0.001573801040649414,0.3836395740509033,0.3773510754108429,0.09356154501438141,working,True,1.0703125,0.15563819521949404,pooled_controls,bf16
L31_N11541,31,11541,ambiguity,amb_ctrl_0048,5.083179473876953,5.060602188110352,-0.022577285766601562,0.18745993077754974,0.17895255982875824,0.09356154501438141,working,True,4.8125,0.15563819521949404,pooled_controls,bf16
L31_N11541,31,11541,ambiguity,amb_ctrl_0049,1.2665965557098389,1.2453937530517578,-0.021202802658081055,0.7476392984390259,0.751875638961792,0.09356154501438141,working,True,-5.59375,0.15563819521949404,pooled_controls,bf16
L31_N11541,31,11541,ambiguity,amb_ctrl_0050,3.729827642440796,3.7277398109436035,-0.002087831497192383,0.26900753378868103,0.26853737235069275,0.09356154501438141,working,True,0.271484375,0.15563819521949404,pooled_controls,bf16
L31_N11541,31,11541,ambiguity,amb_ctrl_0051,2.2200121879577637,2.2196083068847656,-0.0004038810729980469,0.5213475823402405,0.521408200263977,0.09356154501438141,working,True,0.031982421875,0.15563819521949404,pooled_controls,bf16
L31_N11541,31,11541,ambiguity,amb_ctrl_0052,3.310584545135498,3.31402587890625,0.003441333770751953,0.14980924129486084,0.15043529868125916,0.09356154501438141,working,True,-0.74609375,0.15563819521949404,pooled_controls,bf16
L31_N11541,31,11541,ambiguity,amb_ctrl_0053,2.4620916843414307,2.4258742332458496,-0.036217451095581055,0.3166545331478119,0.3331388235092163,0.09356154501438141,working,True,-2.140625,0.15563819521949404,pooled_controls,bf16
L31_N11541,31,11541,ambiguity,amb_ctrl_0054,4.114995956420898,4.155271530151367,0.04027557373046875,0.2303536981344223,0.219917893409729,0.09356154501438141,working,True,3.609375,0.15563819521949404,pooled_controls,bf16
L31_N11541,31,11541,ambiguity,amb_ctrl_0055,2.642899990081787,2.639052391052246,-0.0038475990295410156,0.32313698530197144,0.328188955783844,0.09356154501438141,working,True,-1.4921875,0.15563819521949404,pooled_controls,bf16
L31_N11541,31,11541,ambiguity,amb_ctrl_0056,4.992990493774414,4.832032203674316,-0.16095829010009766,0.13981656730175018,0.13856305181980133,0.09356154501438141,working,True,7.96875,0.15563819521949404,pooled_controls,bf16
L31_N11541,31,11541,ambiguity,amb_ctrl_0057,0.72358238697052,0.7217249870300293,-0.0018573999404907227,0.6951943039894104,0.6954681873321533,0.09356154501438141,working,True,-2.359375,0.15563819521949404,pooled_controls,bf16
L31_N11541,31,11541,ambiguity,amb_ctrl_0058,3.0716848373413086,3.0911152362823486,0.01943039894104004,0.17631740868091583,0.1797333061695099,0.09356154501438141,working,True,0.33984375,0.15563819521949404,pooled_controls,bf16
L31_N11541,31,11541,ambiguity,amb_ctrl_0059,2.4294238090515137,2.425042152404785,-0.004381656646728516,0.5226604342460632,0.5234147310256958,0.09356154501438141,working,True,-0.625,0.15563819521949404,pooled_controls,bf16
L31_N11541,31,11541,ambiguity,amb_ctrl_0060,1.0038834810256958,0.9906567931175232,-0.013226687908172607,0.8310943841934204,0.8347497582435608,0.09356154501438141,working,True,-0.8671875,0.15563819521949404,pooled_controls,bf16
L31_N11541,31,11541,ambiguity,amb_ctrl_0061,3.0814852714538574,3.1356966495513916,0.05421137809753418,0.42257410287857056,0.4139389991760254,0.09356154501438141,working,True,-3.703125,0.15563819521949404,pooled_controls,bf16
L31_N11541,31,11541,ambiguity,amb_ctrl_0062,6.099908351898193,6.114512920379639,0.014604568481445312,0.0454409196972847,0.042502909898757935,0.09356154501438141,working,True,1.265625,0.15563819521949404,pooled_controls,bf16
L31_N11541,31,11541,ambiguity,amb_ctrl_0063,3.982426166534424,3.9811811447143555,-0.0012450218200683594,0.19488677382469177,0.19542577862739563,0.09356154501438141,working,True,-0.12451171875,0.15563819521949404,pooled_controls,bf16
L31_N11541,31,11541,ambiguity,amb_ctrl_0064,1.2800276279449463,1.2711468935012817,-0.00888073444366455,0.7049450278282166,0.7070853114128113,0.09356154501438141,working,True,-1.7734375,0.15563819521949404,pooled_controls,bf16
L31_N11541,31,11541,ambiguity,amb_ctrl_0065,1.728804349899292,1.7282769680023193,-0.0005273818969726562,0.5687795877456665,0.5688555836677551,0.09356154501438141,working,True,-0.228515625,0.15563819521949404,pooled_controls,bf16
L31_N11541,31,11541,ambiguity,amb_ctrl_0066,2.0725255012512207,2.081753730773926,0.009228229522705078,0.38031232357025146,0.3787964880466461,0.09356154501438141,working,True,1.78125,0.15563819521949404,pooled_controls,bf16
L31_N11541,31,11541,ambiguity,amb_ctrl_0067,3.082766532897949,3.075850486755371,-0.006916046142578125,0.21626727283000946,0.21263311803340912,0.09356154501438141,working,True,3.328125,0.15563819521949404,pooled_controls,bf16
L31_N11541,31,11541,ambiguity,amb_ctrl_0068,2.5241587162017822,2.5349836349487305,0.010824918746948242,0.29160362482070923,0.2888787090778351,0.09356154501438141,working,True,1.484375,0.15563819521949404,pooled_controls,bf16
L31_N11541,31,11541,ambiguity,amb_ctrl_0069,1.3749003410339355,1.2792131900787354,-0.0956871509552002,0.7211427688598633,0.746156632900238,0.09356154501438141,working,True,-2.984375,0.15563819521949404,pooled_controls,bf16
L31_N11541,31,11541,ambiguity,amb_ctrl_0070,1.204169511795044,1.206300973892212,0.0021314620971679688,0.7618666887283325,0.7613131999969482,0.09356154501438141,working,True,-1.671875,0.15563819521949404,pooled_controls,bf16
L31_N11541,31,11541,ambiguity,amb_ctrl_0071,2.7363505363464355,2.7373557090759277,0.0010051727294921875,0.2670269310474396,0.26691755652427673,0.09356154501438141,working,True,-0.1103515625,0.15563819521949404,pooled_controls,bf16
L31_N11541,31,11541,ambiguity,amb_ctrl_0072,0.3991299271583557,0.3974011540412903,-0.0017287731170654297,0.9259452819824219,0.9261979460716248,0.09356154501438141,working,True,-0.392578125,0.15563819521949404,pooled_controls,bf16
L31_N11541,31,11541,ambiguity,amb_ctrl_0073,2.7911183834075928,2.7184741497039795,-0.07264423370361328,0.31099262833595276,0.34045177698135376,0.09356154501438141,working,True,-3.1875,0.15563819521949404,pooled_controls,bf16
L31_N11541,31,11541,ambiguity,amb_ctrl_0074,2.8901166915893555,2.8352279663085938,-0.05488872528076172,0.2257860153913498,0.2148984670639038,0.09356154501438141,working,True,5.34375,0.15563819521949404,pooled_controls,bf16
L31_N11541,31,11541,ambiguity,amb_ctrl_0075,2.611227512359619,2.611423969268799,0.0001964569091796875,0.5451282262802124,0.5448595285415649,0.09356154501438141,working,True,-0.75390625,0.15563819521949404,pooled_controls,bf16
L31_N11541,31,11541,ambiguity,amb_ctrl_0076,3.449631690979004,3.439146041870117,-0.010485649108886719,0.2657425105571747,0.2680450677871704,0.09356154501438141,working,True,-2.796875,0.15563819521949404,pooled_controls,bf16
L31_N11541,31,11541,ambiguity,amb_ctrl_0077,1.4236340522766113,1.4916443824768066,0.06801033020019531,0.6163606643676758,0.5831880569458008,0.09356154501438141,working,True,-2.703125,0.15563819521949404,pooled_controls,bf16
L31_N11541,31,11541,ambiguity,amb_ctrl_0078,2.2226996421813965,2.218395471572876,-0.004304170608520508,0.41798335313796997,0.4214842915534973,0.09356154501438141,working,True,1.1796875,0.15563819521949404,pooled_controls,bf16
L31_N11541,31,11541,ambiguity,amb_ctrl_0079,2.553337574005127,2.551105499267578,-0.002232074737548828,0.43941590189933777,0.43973612785339355,0.09356154501438141,working,True,4.59375,0.15563819521949404,pooled_controls,bf16
L31_N11541,31,11541,ambiguity,amb_ctrl_0080,2.430419445037842,2.4205024242401123,-0.009917020797729492,0.27730607986450195,0.2718583941459656,0.09356154501438141,working,True,0.80078125,0.15563819521949404,pooled_controls,bf16
L31_N11541,31,11541,ambiguity,amb_ctrl_0081,1.4725465774536133,1.462831974029541,-0.009714603424072266,0.5391753315925598,0.5191572904586792,0.09356154501438141,working,True,0.123046875,0.15563819521949404,pooled_controls,bf16
L31_N11541,31,11541,ambiguity,amb_ctrl_0082,2.0238261222839355,2.024120330810547,0.0002942085266113281,0.4524519741535187,0.45604804158210754,0.09356154501438141,working,True,4.1875,0.15563819521949404,pooled_controls,bf16
L31_N11541,31,11541,ambiguity,amb_ctrl_0083,1.331174373626709,1.3677104711532593,0.03653609752655029,0.5272114872932434,0.4973812401294708,0.09356154501438141,working,True,-0.90234375,0.15563819521949404,pooled_controls,bf16
L31_N11541,31,11541,ambiguity,amb_ctrl_0084,3.23014760017395,3.214742660522461,-0.015404939651489258,0.43897515535354614,0.4418317675590515,0.09356154501438141,held_out,True,-1.3671875,0.15563819521949404,pooled_controls,bf16
L31_N11541,31,11541,ambiguity,amb_ctrl_0085,2.178281784057617,2.1740081310272217,-0.004273653030395508,0.3071621358394623,0.3076796531677246,0.09356154501438141,held_out,True,0.8046875,0.15563819521949404,pooled_controls,bf16
L31_N11541,31,11541,ambiguity,amb_ctrl_0086,1.1892834901809692,1.2394107580184937,0.050127267837524414,0.6098666191101074,0.5798987150192261,0.09356154501438141,held_out,True,-0.54296875,0.15563819521949404,pooled_controls,bf16
L31_N11541,31,11541,ambiguity,amb_ctrl_0087,4.720757007598877,4.721790313720703,0.0010333061218261719,0.18051175773143768,0.18076300621032715,0.09356154501438141,held_out,True,0.33984375,0.15563819521949404,pooled_controls,bf16
L31_N11541,31,11541,ambiguity,amb_ctrl_0088,1.8164480924606323,1.814874291419983,-0.001573801040649414,0.3447813093662262,0.34508028626441956,0.09356154501438141,held_out,True,-1.7734375,0.15563819521949404,pooled_controls,bf16
L31_N11541,31,11541,ambiguity,amb_ctrl_0089,0.8166414499282837,0.8115609884262085,-0.005080461502075195,0.8653537631034851,0.8652975559234619,0.09356154501438141,held_out,True,-1.6171875,0.15563819521949404,pooled_controls,bf16
L31_N11541,31,11541,ambiguity,amb_ctrl_0090,0.7313582897186279,0.7050748467445374,-0.026283442974090576,0.8488500714302063,0.858000636100769,0.09356154501438141,held_out,True,-3.75,0.15563819521949404,pooled_controls,bf16
L31_N11541,31,11541,ambiguity,amb_ctrl_0091,0.7912845611572266,0.7645330429077148,-0.02675151824951172,0.8505407571792603,0.8573923707008362,0.09356154501438141,held_out,True,-3.796875,0.15563819521949404,pooled_controls,bf16
L31_N11541,31,11541,ambiguity,amb_ctrl_0092,0.20004436373710632,0.1998920440673828,-0.00015231966972351074,0.9656380414962769,0.9656528830528259,0.09356154501438141,held_out,True,-1.25,0.15563819521949404,pooled_controls,bf16
L31_N11541,31,11541,ambiguity,amb_ctrl_0093,0.8184689283370972,0.8257549405097961,0.007286012172698975,0.7807179093360901,0.7678885459899902,0.09356154501438141,held_out,True,-5.84375,0.15563819521949404,pooled_controls,bf16
L31_N11541,31,11541,ambiguity,amb_ctrl_0094,1.9382219314575195,1.925847053527832,-0.0123748779296875,0.47598159313201904,0.48335641622543335,0.09356154501438141,held_out,True,-1.9453125,0.15563819521949404,pooled_controls,bf16
L31_N11541,31,11541,ambiguity,amb_ctrl_0095,0.1967904269695282,0.2140236794948578,0.01723325252532959,0.9730347990989685,0.9703817963600159,0.09356154501438141,held_out,True,-3.34375,0.15563819521949404,pooled_controls,bf16
L31_N11541,31,11541,ambiguity,amb_ctrl_0096,0.27954334020614624,0.2692800760269165,-0.010263264179229736,0.9592352509498596,0.9614154100418091,0.09356154501438141,held_out,True,-1.171875,0.15563819521949404,pooled_controls,bf16
L31_N11541,31,11541,ambiguity,amb_ctrl_0097,4.615304946899414,4.6106085777282715,-0.004696369171142578,0.2903858721256256,0.28645583987236023,0.09356154501438141,held_out,True,2.53125,0.15563819521949404,pooled_controls,bf16
L31_N11541,31,11541,ambiguity,amb_ctrl_0098,1.0526940822601318,1.0485987663269043,-0.004095315933227539,0.7801284193992615,0.7810981869697571,0.09356154501438141,held_out,True,-0.37109375,0.15563819521949404,pooled_controls,bf16
L31_N11541,31,11541,ambiguity,amb_ctrl_0099,2.617166519165039,2.6160740852355957,-0.0010924339294433594,0.35361507534980774,0.3537074625492096,0.09356154501438141,held_out,True,0.30078125,0.15563819521949404,pooled_controls,bf16
L31_N11541,31,11541,ambiguity,amb_ctrl_0100,3.230755090713501,3.2285268306732178,-0.002228260040283203,0.21227960288524628,0.21329587697982788,0.09356154501438141,held_out,True,-0.412109375,0.15563819521949404,pooled_controls,bf16
L31_N11541,31,11541,ambiguity,amb_ctrl_0101,2.5137133598327637,2.5131754875183105,-0.000537872314453125,0.3411417007446289,0.34122753143310547,0.09356154501438141,held_out,True,-0.408203125,0.15563819521949404,pooled_controls,bf16
L31_N11541,31,11541,ambiguity,amb_ctrl_0102,3.382952928543091,3.393035411834717,0.010082483291625977,0.4389851689338684,0.4396866261959076,0.09356154501438141,held_out,True,1.4375,0.15563819521949404,pooled_controls,bf16
L31_N11541,31,11541,ambiguity,amb_ctrl_0103,1.2881443500518799,1.284313440322876,-0.0038309097290039062,0.6099465489387512,0.6286443471908569,0.09356154501438141,held_out,True,2.859375,0.15563819521949404,pooled_controls,bf16
L31_N11541,31,11541,ambiguity,amb_ctrl_0104,1.2201045751571655,1.2200406789779663,-6.389617919921875e-05,0.6614540815353394,0.6614591479301453,0.09356154501438141,held_out,True,0.158203125,0.15563819521949404,pooled_controls,bf16
L31_N11541,31,11541,ambiguity,amb_ctrl_0105,1.7128682136535645,1.752032995223999,0.03916478157043457,0.42329180240631104,0.4009075164794922,0.09356154501438141,held_out,True,-1.96875,0.15563819521949404,pooled_controls,bf16
L31_N11541,31,11541,ambiguity,amb_ctrl_0106,4.290400505065918,4.2255754470825195,-0.06482505798339844,0.12830117344856262,0.13123191893100739,0.09356154501438141,held_out,True,3.78125,0.15563819521949404,pooled_controls,bf16
L31_N11541,31,11541,ambiguity,amb_ctrl_0107,1.973547339439392,1.9596505165100098,-0.013896822929382324,0.5560788512229919,0.5591242909431458,0.09356154501438141,held_out,True,2.734375,0.15563819521949404,pooled_controls,bf16
L31_N11541,31,11541,ambiguity,amb_ctrl_0108,5.345915794372559,5.399610996246338,0.0536952018737793,0.19730085134506226,0.18407094478607178,0.09356154501438141,held_out,True,4.5625,0.15563819521949404,pooled_controls,bf16
L31_N11541,31,11541,ambiguity,amb_ctrl_0109,2.405097723007202,2.272475242614746,-0.13262248039245605,0.5640195608139038,0.595499575138092,0.09356154501438141,held_out,True,1.6171875,0.15563819521949404,pooled_controls,bf16
L31_N11541,31,11541,ambiguity,amb_ctrl_0110,2.2092509269714355,2.209151268005371,-9.965896606445312e-05,0.2498709261417389,0.24987506866455078,0.09356154501438141,held_out,True,0.150390625,0.15563819521949404,pooled_controls,bf16
L31_N11541,31,11541,ambiguity,amb_ctrl_0111,2.009219169616699,1.9598796367645264,-0.04933953285217285,0.44997212290763855,0.4758208394050598,0.09356154501438141,held_out,True,4.78125,0.15563819521949404,pooled_controls,bf16
L31_N11541,31,11541,ambiguity,amb_ctrl_0112,1.7968382835388184,1.7814998626708984,-0.015338420867919922,0.5710203051567078,0.5741220116615295,0.09356154501438141,held_out,True,-3.28125,0.15563819521949404,pooled_controls,bf16
L31_N11541,31,11541,ambiguity,amb_ctrl_0113,4.333885192871094,4.440176010131836,0.10629081726074219,0.34712934494018555,0.32186487317085266,0.09356154501438141,held_out,True,4.0625,0.15563819521949404,pooled_controls,bf16
L31_N11541,31,11541,ambiguity,amb_ctrl_0114,1.9962888956069946,1.9870091676712036,-0.009279727935791016,0.3115333616733551,0.3200286626815796,0.09356154501438141,held_out,True,-1.3828125,0.15563819521949404,pooled_controls,bf16
L31_N11541,31,11541,ambiguity,amb_ctrl_0115,2.317293643951416,2.307774543762207,-0.009519100189208984,0.4041188955307007,0.41257375478744507,0.09356154501438141,held_out,True,-2.5,0.15563819521949404,pooled_controls,bf16
L31_N11541,31,11541,ambiguity,amb_ctrl_0116,2.3295745849609375,2.334270715713501,0.0046961307525634766,0.3391643166542053,0.33597293496131897,0.09356154501438141,held_out,True,1.75,0.15563819521949404,pooled_controls,bf16
L31_N11541,31,11541,ambiguity,amb_ctrl_0117,1.5883352756500244,1.5563304424285889,-0.03200483322143555,0.574742317199707,0.5932778120040894,0.09356154501438141,held_out,True,-0.5078125,0.15563819521949404,pooled_controls,bf16
L31_N11541,31,11541,ambiguity,amb_ctrl_0118,2.7129154205322266,2.7185935974121094,0.0056781768798828125,0.21529023349285126,0.21491722762584686,0.09356154501438141,held_out,True,1.8984375,0.15563819521949404,pooled_controls,bf16
L31_N11541,31,11541,ambiguity,amb_ctrl_0119,3.844236135482788,3.86698055267334,0.022744417190551758,0.126031756401062,0.1269073188304901,0.09356154501438141,held_out,True,-5.03125,0.15563819521949404,pooled_controls,bf16
L31_N6772,31,6772,ambiguity,amb_0000,2.131409168243408,2.1315367221832275,0.00012755393981933594,0.3043592870235443,0.3043549954891205,0.28306323289871216,working,False,-0.1015625,-0.05197097006298247,pooled_controls,bf16
L31_N6772,31,6772,ambiguity,amb_0001,4.559041500091553,4.563206672668457,0.004165172576904297,0.1691441833972931,0.169485405087471,0.28306323289871216,working,False,-0.244140625,-0.05197097006298247,pooled_controls,bf16
L31_N6772,31,6772,ambiguity,amb_0002,0.5591363906860352,0.5592547059059143,0.00011831521987915039,0.7746531963348389,0.774642825126648,0.28306323289871216,working,False,-0.1474609375,-0.05197097006298247,pooled_controls,bf16
L31_N6772,31,6772,ambiguity,amb_0003,0.7737653255462646,0.779309868812561,0.005544543266296387,0.8860874176025391,0.8848530054092407,0.28306323289871216,working,False,-0.19921875,-0.05197097006298247,pooled_controls,bf16
L31_N6772,31,6772,ambiguity,amb_0004,3.214151620864868,3.216762065887451,0.002610445022583008,0.3810039460659027,0.3805978000164032,0.28306323289871216,working,False,-0.11181640625,-0.05197097006298247,pooled_controls,bf16
L31_N6772,31,6772,ambiguity,amb_0005,0.40345656871795654,0.40356016159057617,0.0001035928726196289,0.9331170916557312,0.9331089854240417,0.28306323289871216,working,False,-0.1533203125,-0.05197097006298247,pooled_controls,bf16
L31_N6772,31,6772,ambiguity,amb_0006,2.6447858810424805,2.6468982696533203,0.0021123886108398438,0.3364722430706024,0.3403528928756714,0.28306323289871216,working,False,0.0269775390625,-0.05197097006298247,pooled_controls,bf16
L31_N6772,31,6772,ambiguity,amb_0007,2.73992919921875,2.7321717739105225,-0.007757425308227539,0.3336516320705414,0.33487173914909363,0.28306323289871216,working,False,0.015625,-0.05197097006298247,pooled_controls,bf16
L31_N6772,31,6772,ambiguity,amb_0008,3.0731167793273926,3.071166515350342,-0.0019502639770507812,0.321990430355072,0.3222510516643524,0.28306323289871216,working,False,0.039306640625,-0.05197097006298247,pooled_controls,bf16
L31_N6772,31,6772,ambiguity,amb_0009,2.3017964363098145,2.305786371231079,0.0039899349212646484,0.3590010106563568,0.3583414852619171,0.28306323289871216,working,False,-0.12451171875,-0.05197097006298247,pooled_controls,bf16
L31_N6772,31,6772,ambiguity,amb_0010,3.0725746154785156,3.072949171066284,0.0003745555877685547,0.32308200001716614,0.32304808497428894,0.28306323289871216,working,False,-0.054443359375,-0.05197097006298247,pooled_controls,bf16
L31_N6772,31,6772,ambiguity,amb_0011,0.1853773295879364,0.18640486896038055,0.0010275393724441528,0.9783462882041931,0.9782116413116455,0.28306323289871216,working,False,-0.150390625,-0.05197097006298247,pooled_controls,bf16
L31_N6772,31,6772,ambiguity,amb_0012,0.2827058434486389,0.27430611848831177,-0.008399724960327148,0.9530503153800964,0.9550943374633789,0.28306323289871216,working,False,-0.2333984375,-0.05197097006298247,pooled_controls,bf16
L31_N6772,31,6772,ambiguity,amb_0013,2.846848487854004,2.848820447921753,0.0019719600677490234,0.23987779021263123,0.23978212475776672,0.28306323289871216,working,False,-0.16796875,-0.05197097006298247,pooled_controls,bf16
L31_N6772,31,6772,ambiguity,amb_0014,1.7274397611618042,1.7239995002746582,-0.003440260887145996,0.6531180739402771,0.653734564781189,0.28306323289871216,working,False,0.0224609375,-0.05197097006298247,pooled_controls,bf16
L31_N6772,31,6772,ambiguity,amb_0015,2.646392345428467,2.6469974517822266,0.0006051063537597656,0.2669826149940491,0.26693984866142273,0.28306323289871216,working,False,-0.0267333984375,-0.05197097006298247,pooled_controls,bf16
L31_N6772,31,6772,ambiguity,amb_0016,2.1020545959472656,2.1000585556030273,-0.0019960403442382812,0.356288343667984,0.35652679204940796,0.28306323289871216,working,False,0.0216064453125,-0.05197097006298247,pooled_controls,bf16
L31_N6772,31,6772,ambiguity,amb_0017,2.545952796936035,2.5969927310943604,0.051039934158325195,0.3178497850894928,0.29147231578826904,0.28306323289871216,working,False,-0.0257568359375,-0.05197097006298247,pooled_controls,bf16
L31_N6772,31,6772,ambiguity,amb_0018,2.6739742755889893,2.666750907897949,-0.007223367691040039,0.5581860542297363,0.5594741106033325,0.28306323289871216,working,False,0.2734375,-0.05197097006298247,pooled_controls,bf16
L31_N6772,31,6772,ambiguity,amb_0019,3.003119945526123,2.9914028644561768,-0.011717081069946289,0.26456767320632935,0.2590793967247009,0.28306323289871216,working,False,-0.1689453125,-0.05197097006298247,pooled_controls,bf16
L31_N6772,31,6772,ambiguity,amb_0020,3.019925832748413,3.019338369369507,-0.00058746337890625,0.2309427112340927,0.23096825182437897,0.28306323289871216,working,False,-0.034423828125,-0.05197097006298247,pooled_controls,bf16
L31_N6772,31,6772,ambiguity,amb_0021,0.8744735717773438,0.875965416431427,0.001491844654083252,0.78462815284729,0.7844317555427551,0.28306323289871216,working,False,-0.1591796875,-0.05197097006298247,pooled_controls,bf16
L31_N6772,31,6772,ambiguity,amb_0022,1.4463167190551758,1.4469901323318481,0.0006734132766723633,0.6989033222198486,0.6980034708976746,0.28306323289871216,working,False,0.51953125,-0.05197097006298247,pooled_controls,bf16
L31_N6772,31,6772,ambiguity,amb_0023,2.3588614463806152,2.363257884979248,0.0043964385986328125,0.3514297902584076,0.3504389822483063,0.28306323289871216,working,False,-0.1923828125,-0.05197097006298247,pooled_controls,bf16
L31_N6772,31,6772,ambiguity,amb_0024,2.423225164413452,2.4232358932495117,1.0728836059570312e-05,0.163632333278656,0.1636320948600769,0.28306323289871216,working,False,-0.06005859375,-0.05197097006298247,pooled_controls,bf16
L31_N6772,31,6772,ambiguity,amb_0025,2.3594460487365723,2.359311103820801,-0.00013494491577148438,0.38730406761169434,0.3873118758201599,0.28306323289871216,working,False,-0.07470703125,-0.05197097006298247,pooled_controls,bf16
L31_N6772,31,6772,ambiguity,amb_0026,3.7028703689575195,3.7070651054382324,0.004194736480712891,0.3228043019771576,0.3222191333770752,0.28306323289871216,working,False,-0.126953125,-0.05197097006298247,pooled_controls,bf16
L31_N6772,31,6772,ambiguity,amb_0027,1.8813252449035645,1.889836311340332,0.008511066436767578,0.6477286219596863,0.6455710530281067,0.28306323289871216,working,False,-0.2392578125,-0.05197097006298247,pooled_controls,bf16
L31_N6772,31,6772,ambiguity,amb_0028,2.591080665588379,2.595263719558716,0.004183053970336914,0.5235283970832825,0.5246913433074951,0.28306323289871216,working,False,-0.283203125,-0.05197097006298247,pooled_controls,bf16
L31_N6772,31,6772,ambiguity,amb_0029,2.0469510555267334,2.0467441082000732,-0.00020694732666015625,0.5000725388526917,0.5000845193862915,0.28306323289871216,working,False,-0.0174560546875,-0.05197097006298247,pooled_controls,bf16
L31_N6772,31,6772,ambiguity,amb_0030,1.3423449993133545,1.3324283361434937,-0.00991666316986084,0.5465922355651855,0.5542731881141663,0.28306323289871216,working,False,-0.125,-0.05197097006298247,pooled_controls,bf16
L31_N6772,31,6772,ambiguity,amb_0031,2.5924174785614014,2.5967068672180176,0.004289388656616211,0.2651655673980713,0.2694036662578583,0.28306323289871216,working,False,-0.0294189453125,-0.05197097006298247,pooled_controls,bf16
L31_N6772,31,6772,ambiguity,amb_0032,0.7734093070030212,0.7734863758087158,7.706880569458008e-05,0.7512880563735962,0.751282274723053,0.28306323289871216,working,False,-0.173828125,-0.05197097006298247,pooled_controls,bf16
L31_N6772,31,6772,ambiguity,amb_0033,0.3125807046890259,0.3122796416282654,-0.00030106306076049805,0.9496376514434814,0.9496861100196838,0.28306323289871216,working,False,-0.1181640625,-0.05197097006298247,pooled_controls,bf16
L31_N6772,31,6772,ambiguity,amb_0034,0.06319817155599594,0.056732285767793655,-0.006465885788202286,0.9920816421508789,0.9930025935173035,0.28306323289871216,working,False,-0.1181640625,-0.05197097006298247,pooled_controls,bf16
L31_N6772,31,6772,ambiguity,amb_0035,3.2133400440216064,3.20902681350708,-0.004313230514526367,0.14269918203353882,0.14173009991645813,0.28306323289871216,working,False,-0.09326171875,-0.05197097006298247,pooled_controls,bf16
L31_N6772,31,6772,ambiguity,amb_0036,0.27980995178222656,0.2803676724433899,0.0005577206611633301,0.956149697303772,0.9560830593109131,0.28306323289871216,working,False,-0.181640625,-0.05197097006298247,pooled_controls,bf16
L31_N6772,31,6772,ambiguity,amb_0037,2.2706377506256104,2.270867347717285,0.0002295970916748047,0.2931281328201294,0.293116956949234,0.28306323289871216,working,False,-0.07177734375,-0.05197097006298247,pooled_controls,bf16
L31_N6772,31,6772,ambiguity,amb_0038,1.907806158065796,1.9072117805480957,-0.0005943775177001953,0.5503026843070984,0.541938066482544,0.28306323289871216,working,False,0.042724609375,-0.05197097006298247,pooled_controls,bf16
L31_N6772,31,6772,ambiguity,amb_0039,0.4548197090625763,0.4551299810409546,0.0003102719783782959,0.8976051807403564,0.8975779414176941,0.28306323289871216,working,False,-0.142578125,-0.05197097006298247,pooled_controls,bf16
L31_N6772,31,6772,ambiguity,amb_0040,2.049222946166992,2.0487167835235596,-0.0005061626434326172,0.47096139192581177,0.47101184725761414,0.28306323289871216,working,False,-0.0242919921875,-0.05197097006298247,pooled_controls,bf16
L31_N6772,31,6772,ambiguity,amb_0041,0.4766418933868408,0.4774826765060425,0.0008407831192016602,0.9048458933830261,0.9047431349754333,0.28306323289871216,working,False,-0.1220703125,-0.05197097006298247,pooled_controls,bf16
L31_N6772,31,6772,ambiguity,amb_0042,3.4453678131103516,3.4457621574401855,0.0003943443298339844,0.12374655902385712,0.12365832924842834,0.28306323289871216,working,False,-0.1005859375,-0.05197097006298247,pooled_controls,bf16
L31_N6772,31,6772,ambiguity,amb_0043,2.176589012145996,2.177151918411255,0.0005629062652587891,0.3841998279094696,0.3841523826122284,0.28306323289871216,working,False,-0.00408935546875,-0.05197097006298247,pooled_controls,bf16
L31_N6772,31,6772,ambiguity,amb_0044,2.562283515930176,2.566380500793457,0.00409698486328125,0.3696751594543457,0.36876630783081055,0.28306323289871216,working,False,-0.1259765625,-0.05197097006298247,pooled_controls,bf16
L31_N6772,31,6772,ambiguity,amb_0045,2.8056182861328125,2.8148446083068848,0.009226322174072266,0.22283335030078888,0.22180414199829102,0.28306323289871216,working,False,-0.267578125,-0.05197097006298247,pooled_controls,bf16
L31_N6772,31,6772,ambiguity,amb_0046,1.8792414665222168,1.8807497024536133,0.0015082359313964844,0.43458327651023865,0.4344395399093628,0.28306323289871216,working,False,-0.10498046875,-0.05197097006298247,pooled_controls,bf16
L31_N6772,31,6772,ambiguity,amb_0047,3.5664448738098145,3.5640296936035156,-0.002415180206298828,0.1757456362247467,0.17347675561904907,0.28306323289871216,working,False,-0.1845703125,-0.05197097006298247,pooled_controls,bf16
L31_N6772,31,6772,ambiguity,amb_0048,2.5035877227783203,2.502274990081787,-0.0013127326965332031,0.38110023736953735,0.38137710094451904,0.28306323289871216,working,False,-0.10205078125,-0.05197097006298247,pooled_controls,bf16
L31_N6772,31,6772,ambiguity,amb_0049,4.102269172668457,4.104155540466309,0.0018863677978515625,0.16889438033103943,0.1682955026626587,0.28306323289871216,working,False,-0.2255859375,-0.05197097006298247,pooled_controls,bf16
L31_N6772,31,6772,ambiguity,amb_0050,0.5448554754257202,0.5442155599594116,-0.0006399154663085938,0.9203320145606995,0.9205049872398376,0.28306323289871216,working,False,-0.1279296875,-0.05197097006298247,pooled_controls,bf16
L31_N6772,31,6772,ambiguity,amb_0051,2.2842979431152344,2.279268264770508,-0.0050296783447265625,0.3175898790359497,0.3192669153213501,0.28306323289871216,working,False,0.0184326171875,-0.05197097006298247,pooled_controls,bf16
L31_N6772,31,6772,ambiguity,amb_0052,2.544663667678833,2.5456759929656982,0.0010123252868652344,0.3059062957763672,0.30580568313598633,0.28306323289871216,working,False,-0.058837890625,-0.05197097006298247,pooled_controls,bf16
L31_N6772,31,6772,ambiguity,amb_0053,0.26553624868392944,0.26550427079200745,-3.197789192199707e-05,0.9484477639198303,0.9484509825706482,0.28306323289871216,working,False,-0.05419921875,-0.05197097006298247,pooled_controls,bf16
L31_N6772,31,6772,ambiguity,amb_0054,3.3073582649230957,3.3050038814544678,-0.0023543834686279297,0.20128417015075684,0.20164616405963898,0.28306323289871216,working,False,-0.000850677490234375,-0.05197097006298247,pooled_controls,bf16
L31_N6772,31,6772,ambiguity,amb_0055,2.3507449626922607,2.34735369682312,-0.003391265869140625,0.3764025568962097,0.376712828874588,0.28306323289871216,working,False,0.037353515625,-0.05197097006298247,pooled_controls,bf16
L31_N6772,31,6772,ambiguity,amb_0056,2.9696860313415527,2.9703848361968994,0.0006988048553466797,0.3324529230594635,0.3323623538017273,0.28306323289871216,working,False,-0.0140380859375,-0.05197097006298247,pooled_controls,bf16
L31_N6772,31,6772,ambiguity,amb_0057,3.6951136589050293,3.6920361518859863,-0.0030775070190429688,0.2154395580291748,0.21618503332138062,0.28306323289871216,working,False,0.2392578125,-0.05197097006298247,pooled_controls,bf16
L31_N6772,31,6772,ambiguity,amb_0058,0.6380835771560669,0.6377896070480347,-0.00029397010803222656,0.8878673315048218,0.8879039883613586,0.28306323289871216,working,False,-0.0078125,-0.05197097006298247,pooled_controls,bf16
L31_N6772,31,6772,ambiguity,amb_0059,1.6167001724243164,1.6167001724243164,0.0,0.4122750759124756,0.4122750759124756,0.28306323289871216,working,False,-0.05517578125,-0.05197097006298247,pooled_controls,bf16
L31_N6772,31,6772,ambiguity,amb_0060,2.2315759658813477,2.236316680908203,0.004740715026855469,0.4630894958972931,0.46096017956733704,0.28306323289871216,working,False,-0.162109375,-0.05197097006298247,pooled_controls,bf16
L31_N6772,31,6772,ambiguity,amb_0061,2.1432714462280273,2.1375186443328857,-0.0057528018951416016,0.34881308674812317,0.34981289505958557,0.28306323289871216,working,False,0.0067138671875,-0.05197097006298247,pooled_controls,bf16
L31_N6772,31,6772,ambiguity,amb_0062,0.42451727390289307,0.42875105142593384,0.0042337775230407715,0.9445533156394958,0.9439613819122314,0.28306323289871216,working,False,-0.19921875,-0.05197097006298247,pooled_controls,bf16
L31_N6772,31,6772,ambiguity,amb_0063,3.6907150745391846,3.692171573638916,0.0014564990997314453,0.31620991230010986,0.3158992826938629,0.28306323289871216,working,False,-0.08544921875,-0.05197097006298247,pooled_controls,bf16
L31_N6772,31,6772,ambiguity,amb_0064,2.0356671810150146,2.072742462158203,0.03707528114318848,0.33568695187568665,0.34944605827331543,0.28306323289871216,working,False,0.0133056640625,-0.05197097006298247,pooled_controls,bf16
L31_N6772,31,6772,ambiguity,amb_0065,0.09549930691719055,0.09557802975177765,7.872283458709717e-05,0.9887312054634094,0.9887399077415466,0.28306323289871216,working,False,-0.212890625,-0.05197097006298247,pooled_controls,bf16
L31_N6772,31,6772,ambiguity,amb_0066,2.0707223415374756,2.0716896057128906,0.0009672641754150391,0.32435888051986694,0.32426247000694275,0.28306323289871216,working,False,-0.048583984375,-0.05197097006298247,pooled_controls,bf16
L31_N6772,31,6772,ambiguity,amb_0067,3.4030425548553467,3.405683755874634,0.0026412010192871094,0.2503643333911896,0.25004422664642334,0.28306323289871216,working,False,-0.158203125,-0.05197097006298247,pooled_controls,bf16
L31_N6772,31,6772,ambiguity,amb_0068,0.27864107489585876,0.27886727452278137,0.00022619962692260742,0.9491060376167297,0.9490806460380554,0.28306323289871216,working,False,-0.18359375,-0.05197097006298247,pooled_controls,bf16
L31_N6772,31,6772,ambiguity,amb_0069,3.569601058959961,3.568641185760498,-0.0009598731994628906,0.23654481768608093,0.23673978447914124,0.28306323289871216,working,False,-0.08935546875,-0.05197097006298247,pooled_controls,bf16
L31_N6772,31,6772,ambiguity,amb_0070,1.2353311777114868,1.2275331020355225,-0.0077980756759643555,0.7235127687454224,0.7269963622093201,0.28306323289871216,working,False,-0.01556396484375,-0.05197097006298247,pooled_controls,bf16
L31_N6772,31,6772,ambiguity,amb_0071,0.5878744125366211,0.5878623723983765,-1.2040138244628906e-05,0.9036218523979187,0.9036226272583008,0.28306323289871216,working,False,-0.051513671875,-0.05197097006298247,pooled_controls,bf16
L31_N6772,31,6772,ambiguity,amb_0072,1.4870750904083252,1.4842872619628906,-0.0027878284454345703,0.7113951444625854,0.7118324637413025,0.28306323289871216,working,False,0.029541015625,-0.05197097006298247,pooled_controls,bf16
L31_N6772,31,6772,ambiguity,amb_0073,2.011209487915039,2.007638454437256,-0.003571033477783203,0.25993621349334717,0.26019012928009033,0.28306323289871216,working,False,0.0302734375,-0.05197097006298247,pooled_controls,bf16
L31_N6772,31,6772,ambiguity,amb_0074,1.8976142406463623,1.8980003595352173,0.00038611888885498047,0.5668606758117676,0.5668214559555054,0.28306323289871216,working,False,-0.12158203125,-0.05197097006298247,pooled_controls,bf16
L31_N6772,31,6772,ambiguity,amb_0075,2.3578433990478516,2.36627459526062,0.008431196212768555,0.483648419380188,0.4785468280315399,0.28306323289871216,working,False,-0.23828125,-0.05197097006298247,pooled_controls,bf16
L31_N6772,31,6772,ambiguity,amb_0076,2.618499994277954,2.6176137924194336,-0.0008862018585205078,0.2548840641975403,0.2549630105495453,0.28306323289871216,working,False,-0.0172119140625,-0.05197097006298247,pooled_controls,bf16
L31_N6772,31,6772,ambiguity,amb_0077,2.4425735473632812,2.4439806938171387,0.0014071464538574219,0.5396357774734497,0.5393977165222168,0.28306323289871216,working,False,-0.0810546875,-0.05197097006298247,pooled_controls,bf16
L31_N6772,31,6772,ambiguity,amb_0078,1.1666830778121948,1.2523422241210938,0.08565914630889893,0.7637596130371094,0.7406162619590759,0.28306323289871216,working,False,0.00262451171875,-0.05197097006298247,pooled_controls,bf16
L31_N6772,31,6772,ambiguity,amb_0079,2.033189535140991,2.0307400226593018,-0.002449512481689453,0.3496057987213135,0.3428221642971039,0.28306323289871216,working,False,0.0198974609375,-0.05197097006298247,pooled_controls,bf16
L31_N6772,31,6772,ambiguity,amb_0080,2.0369515419006348,2.0361154079437256,-0.0008361339569091797,0.4895094633102417,0.48957669734954834,0.28306323289871216,working,False,0.03955078125,-0.05197097006298247,pooled_controls,bf16
L31_N6772,31,6772,ambiguity,amb_0081,3.092586040496826,3.1097793579101562,0.017193317413330078,0.5298091173171997,0.5268661975860596,0.28306323289871216,working,False,-0.5,-0.05197097006298247,pooled_controls,bf16
L31_N6772,31,6772,ambiguity,amb_0082,1.6431922912597656,1.6372132301330566,-0.005979061126708984,0.7570251226425171,0.7588011622428894,0.28306323289871216,working,False,-0.0004749298095703125,-0.05197097006298247,pooled_controls,bf16
L31_N6772,31,6772,ambiguity,amb_0083,5.554958343505859,5.567540168762207,0.012581825256347656,0.07461758702993393,0.07515358179807663,0.28306323289871216,working,False,0.041015625,-0.05197097006298247,pooled_controls,bf16
L31_N6772,31,6772,ambiguity,amb_0084,2.906287670135498,2.90693998336792,0.000652313232421875,0.4053276777267456,0.40506842732429504,0.28306323289871216,held_out,False,-0.107421875,-0.05197097006298247,pooled_controls,bf16
L31_N6772,31,6772,ambiguity,amb_0085,3.2369580268859863,3.165135383605957,-0.0718226432800293,0.4754219353199005,0.4908808469772339,0.28306323289871216,held_out,False,-0.294921875,-0.05197097006298247,pooled_controls,bf16
L31_N6772,31,6772,ambiguity,amb_0086,3.4680352210998535,3.4691529273986816,0.001117706298828125,0.16339129209518433,0.16333191096782684,0.28306323289871216,held_out,False,-0.08203125,-0.05197097006298247,pooled_controls,bf16
L31_N6772,31,6772,ambiguity,amb_0087,0.21132242679595947,0.21085989475250244,-0.00046253204345703125,0.9734991192817688,0.9735620617866516,0.28306323289871216,held_out,False,0.10205078125,-0.05197097006298247,pooled_controls,bf16
L31_N6772,31,6772,ambiguity,amb_0088,3.366471767425537,3.3688786029815674,0.0024068355560302734,0.26610100269317627,0.26555052399635315,0.28306323289871216,held_out,False,-0.1181640625,-0.05197097006298247,pooled_controls,bf16
L31_N6772,31,6772,ambiguity,amb_0089,3.781087636947632,3.783167839050293,0.002080202102661133,0.3369584083557129,0.33608388900756836,0.28306323289871216,held_out,False,-0.06494140625,-0.05197097006298247,pooled_controls,bf16
L31_N6772,31,6772,ambiguity,amb_0090,0.8448827266693115,0.844799816608429,-8.291006088256836e-05,0.7932525873184204,0.7932619452476501,0.28306323289871216,held_out,False,-0.08935546875,-0.05197097006298247,pooled_controls,bf16
L31_N6772,31,6772,ambiguity,amb_0091,1.8923972845077515,1.8927780389785767,0.0003807544708251953,0.5461603403091431,0.5461148619651794,0.28306323289871216,held_out,False,-0.08740234375,-0.05197097006298247,pooled_controls,bf16
L31_N6772,31,6772,ambiguity,amb_0092,1.6362665891647339,1.634908676147461,-0.0013579130172729492,0.7017658948898315,0.7022327184677124,0.28306323289871216,held_out,False,-0.10546875,-0.05197097006298247,pooled_controls,bf16
L31_N6772,31,6772,ambiguity,amb_0093,0.8634747862815857,0.8600796461105347,-0.0033951401710510254,0.8298888802528381,0.8303957581520081,0.28306323289871216,held_out,False,0.0390625,-0.05197097006298247,pooled_controls,bf16
L31_N6772,31,6772,ambiguity,amb_0094,1.7390378713607788,1.7364678382873535,-0.002570033073425293,0.4728764593601227,0.47314414381980896,0.28306323289871216,held_out,False,0.03173828125,-0.05197097006298247,pooled_controls,bf16
L31_N6772,31,6772,ambiguity,amb_0095,0.821681022644043,0.821785569190979,0.00010454654693603516,0.8072279691696167,0.8072159886360168,0.28306323289871216,held_out,False,-0.08740234375,-0.05197097006298247,pooled_controls,bf16
L31_N6772,31,6772,ambiguity,amb_0096,2.501300573348999,2.495990753173828,-0.0053098201751708984,0.2968878149986267,0.29756826162338257,0.28306323289871216,held_out,False,0.036376953125,-0.05197097006298247,pooled_controls,bf16
L31_N6772,31,6772,ambiguity,amb_0097,2.996896743774414,2.931004285812378,-0.06589245796203613,0.2316855490207672,0.24877779185771942,0.28306323289871216,held_out,False,-0.0986328125,-0.05197097006298247,pooled_controls,bf16
L31_N6772,31,6772,ambiguity,amb_0098,2.3167881965637207,2.3208842277526855,0.004096031188964844,0.26292508840560913,0.2623874247074127,0.28306323289871216,held_out,False,-0.14453125,-0.05197097006298247,pooled_controls,bf16
L31_N6772,31,6772,ambiguity,amb_0099,2.436516284942627,2.4412832260131836,0.004766941070556641,0.35596418380737305,0.3554691970348358,0.28306323289871216,held_out,False,-0.166015625,-0.05197097006298247,pooled_controls,bf16
L31_N6772,31,6772,ambiguity,amb_0100,1.7052080631256104,1.631941795349121,-0.07326626777648926,0.5621854066848755,0.5917732119560242,0.28306323289871216,held_out,False,-0.310546875,-0.05197097006298247,pooled_controls,bf16
L31_N6772,31,6772,ambiguity,amb_0101,2.0023765563964844,2.0011463165283203,-0.0012302398681640625,0.4655653238296509,0.46559664607048035,0.28306323289871216,held_out,False,0.0322265625,-0.05197097006298247,pooled_controls,bf16
L31_N6772,31,6772,ambiguity,amb_0102,2.005124568939209,2.0018672943115234,-0.003257274627685547,0.29406610131263733,0.29427897930145264,0.28306323289871216,held_out,False,0.04736328125,-0.05197097006298247,pooled_controls,bf16
L31_N6772,31,6772,ambiguity,amb_0103,4.778031349182129,4.759050369262695,-0.018980979919433594,0.10608897358179092,0.11062362045049667,0.28306323289871216,held_out,False,-0.31640625,-0.05197097006298247,pooled_controls,bf16
L31_N6772,31,6772,ambiguity,amb_0104,1.1206187009811401,1.1202466487884521,-0.0003720521926879883,0.7675607800483704,0.767607569694519,0.28306323289871216,held_out,False,-0.037353515625,-0.05197097006298247,pooled_controls,bf16
L31_N6772,31,6772,ambiguity,amb_0105,2.1002590656280518,2.099515914916992,-0.0007431507110595703,0.5084797739982605,0.5085408091545105,0.28306323289871216,held_out,False,0.0224609375,-0.05197097006298247,pooled_controls,bf16
L31_N6772,31,6772,ambiguity,amb_0106,0.5232242941856384,0.5208218097686768,-0.00240248441696167,0.9280524849891663,0.9283733367919922,0.28306323289871216,held_out,False,0.2099609375,-0.05197097006298247,pooled_controls,bf16
L31_N6772,31,6772,ambiguity,amb_0107,2.999772548675537,3.006991147994995,0.007218599319458008,0.1862751543521881,0.18817882239818573,0.28306323289871216,held_out,False,-0.0281982421875,-0.05197097006298247,pooled_controls,bf16
L31_N6772,31,6772,ambiguity,amb_0108,2.6803855895996094,2.6763997077941895,-0.003985881805419922,0.1892421841621399,0.18952074646949768,0.28306323289871216,held_out,False,0.006195068359375,-0.05197097006298247,pooled_controls,bf16
L31_N6772,31,6772,ambiguity,amb_0109,0.34986984729766846,0.34992116689682007,5.131959915161133e-05,0.9464108347892761,0.9464066624641418,0.28306323289871216,held_out,False,-0.0908203125,-0.05197097006298247,pooled_controls,bf16
L31_N6772,31,6772,ambiguity,amb_0110,1.9645905494689941,1.9642980098724365,-0.0002925395965576172,0.4899759590625763,0.4899870753288269,0.28306323289871216,held_out,False,0.01080322265625,-0.05197097006298247,pooled_controls,bf16
L31_N6772,31,6772,ambiguity,amb_0111,3.8684067726135254,3.870412826538086,0.002006053924560547,0.20527321100234985,0.20606942474842072,0.28306323289871216,held_out,False,0.036376953125,-0.05197097006298247,pooled_controls,bf16
L31_N6772,31,6772,ambiguity,amb_0112,2.176384449005127,2.1757278442382812,-0.0006566047668457031,0.3407977223396301,0.34083473682403564,0.28306323289871216,held_out,False,0.00982666015625,-0.05197097006298247,pooled_controls,bf16
L31_N6772,31,6772,ambiguity,amb_0113,0.9256861805915833,0.9260208606719971,0.00033468008041381836,0.8043229579925537,0.804265022277832,0.28306323289871216,held_out,False,0.0213623046875,-0.05197097006298247,pooled_controls,bf16
L31_N6772,31,6772,ambiguity,amb_0114,0.7204865217208862,0.7816463112831116,0.06115978956222534,0.8451882004737854,0.8279451727867126,0.28306323289871216,held_out,False,-0.16015625,-0.05197097006298247,pooled_controls,bf16
L31_N6772,31,6772,ambiguity,amb_0115,2.9680774211883545,2.9733355045318604,0.005258083343505859,0.34782540798187256,0.34709271788597107,0.28306323289871216,held_out,False,-0.1748046875,-0.05197097006298247,pooled_controls,bf16
L31_N6772,31,6772,ambiguity,amb_0116,1.9323124885559082,1.932755947113037,0.00044345855712890625,0.5209304094314575,0.5208909511566162,0.28306323289871216,held_out,False,-0.08935546875,-0.05197097006298247,pooled_controls,bf16
L31_N6772,31,6772,ambiguity,amb_0117,0.41895708441734314,0.4151933789253235,-0.0037637054920196533,0.9367285370826721,0.9375834465026855,0.28306323289871216,held_out,False,0.04736328125,-0.05197097006298247,pooled_controls,bf16
L31_N6772,31,6772,ambiguity,amb_0118,2.198213577270508,2.1960196495056152,-0.002193927764892578,0.43398311734199524,0.4341908097267151,0.28306323289871216,held_out,False,0.04296875,-0.05197097006298247,pooled_controls,bf16
L31_N6772,31,6772,ambiguity,amb_0119,2.812081813812256,2.8165395259857178,0.004457712173461914,0.23698896169662476,0.23640941083431244,0.28306323289871216,held_out,False,-0.1005859375,-0.05197097006298247,pooled_controls,bf16
L31_N6772,31,6772,ambiguity,amb_ctrl_0000,0.7766406536102295,0.7710468173027039,-0.005593836307525635,0.8515368700027466,0.852218747138977,0.28306323289871216,working,True,0.34375,-0.05197097006298247,pooled_controls,bf16
L31_N6772,31,6772,ambiguity,amb_ctrl_0001,0.09729471802711487,0.09713182598352432,-0.00016289204359054565,0.9864110350608826,0.9864271283149719,0.28306323289871216,working,True,0.208984375,-0.05197097006298247,pooled_controls,bf16
L31_N6772,31,6772,ambiguity,amb_ctrl_0002,1.1501094102859497,1.149444818496704,-0.0006645917892456055,0.5672774314880371,0.5673273801803589,0.28306323289871216,working,True,0.28125,-0.05197097006298247,pooled_controls,bf16
L31_N6772,31,6772,ambiguity,amb_ctrl_0003,2.734994411468506,2.734550952911377,-0.00044345855712890625,0.21374362707138062,0.21287602186203003,0.28306323289871216,working,True,0.03466796875,-0.05197097006298247,pooled_controls,bf16
L31_N6772,31,6772,ambiguity,amb_ctrl_0004,1.2866910696029663,1.2793786525726318,-0.007312417030334473,0.5674577355384827,0.5691292881965637,0.28306323289871216,working,True,-0.03662109375,-0.05197097006298247,pooled_controls,bf16
L31_N6772,31,6772,ambiguity,amb_ctrl_0005,2.6738407611846924,2.7444257736206055,0.07058501243591309,0.4896385371685028,0.47148337960243225,0.28306323289871216,working,True,-0.2158203125,-0.05197097006298247,pooled_controls,bf16
L31_N6772,31,6772,ambiguity,amb_ctrl_0006,0.201217919588089,0.20083482563495636,-0.0003830939531326294,0.9678196907043457,0.9678622484207153,0.28306323289871216,working,True,0.05517578125,-0.05197097006298247,pooled_controls,bf16
L31_N6772,31,6772,ambiguity,amb_ctrl_0007,0.2947760224342346,0.2847386300563812,-0.010037392377853394,0.949904203414917,0.9527136087417603,0.28306323289871216,working,True,-0.1240234375,-0.05197097006298247,pooled_controls,bf16
L31_N6772,31,6772,ambiguity,amb_ctrl_0008,1.9313079118728638,1.9312679767608643,-3.993511199951172e-05,0.36000311374664307,0.36000558733940125,0.28306323289871216,working,True,-0.057861328125,-0.05197097006298247,pooled_controls,bf16
L31_N6772,31,6772,ambiguity,amb_ctrl_0009,0.604310154914856,0.6047983169555664,0.0004881620407104492,0.8772097826004028,0.8771447539329529,0.28306323289871216,working,True,-0.0106201171875,-0.05197097006298247,pooled_controls,bf16
L31_N6772,31,6772,ambiguity,amb_ctrl_0010,0.12707942724227905,0.12706626951694489,-1.315772533416748e-05,0.9798086285591125,0.9798098802566528,0.28306323289871216,working,True,-0.091796875,-0.05197097006298247,pooled_controls,bf16
L31_N6772,31,6772,ambiguity,amb_ctrl_0011,4.238875389099121,4.238529205322266,-0.00034618377685546875,0.10977223515510559,0.11035080999135971,0.28306323289871216,working,True,0.14453125,-0.05197097006298247,pooled_controls,bf16
L31_N6772,31,6772,ambiguity,amb_ctrl_0012,2.522399425506592,2.519639730453491,-0.002759695053100586,0.2560243010520935,0.2542576789855957,0.28306323289871216,working,True,-0.16796875,-0.05197097006298247,pooled_controls,bf16
L31_N6772,31,6772,ambiguity,amb_ctrl_0013,5.372662544250488,5.383588790893555,0.010926246643066406,0.10198619961738586,0.10200649499893188,0.28306323289871216,working,True,-0.2392578125,-0.05197097006298247,pooled_controls,bf16
L31_N6772,31,6772,ambiguity,amb_ctrl_0014,0.5423544645309448,0.5423980951309204,4.363059997558594e-05,0.9037502408027649,0.9037468433380127,0.28306323289871216,working,True,-0.0771484375,-0.05197097006298247,pooled_controls,bf16
L31_N6772,31,6772,ambiguity,amb_ctrl_0015,4.3377366065979,4.276888847351074,-0.06084775924682617,0.2934378981590271,0.30388084053993225,0.28306323289871216,working,True,-0.2431640625,-0.05197097006298247,pooled_controls,bf16
L31_N6772,31,6772,ambiguity,amb_ctrl_0016,2.8179564476013184,2.816434383392334,-0.001522064208984375,0.24184849858283997,0.24054580926895142,0.28306323289871216,working,True,-0.087890625,-0.05197097006298247,pooled_controls,bf16
L31_N6772,31,6772,ambiguity,amb_ctrl_0017,1.3171398639678955,1.4185771942138672,0.10143733024597168,0.773847758769989,0.7517319917678833,0.28306323289871216,working,True,0.048095703125,-0.05197097006298247,pooled_controls,bf16
L31_N6772,31,6772,ambiguity,amb_ctrl_0018,2.9222288131713867,2.92696475982666,0.0047359466552734375,0.24335934221744537,0.2424536645412445,0.28306323289871216,working,True,-0.166015625,-0.05197097006298247,pooled_controls,bf16
L31_N6772,31,6772,ambiguity,amb_ctrl_0019,5.361654281616211,5.358999252319336,-0.002655029296875,0.09632216393947601,0.09614492952823639,0.28306323289871216,working,True,-0.028564453125,-0.05197097006298247,pooled_controls,bf16
L31_N6772,31,6772,ambiguity,amb_ctrl_0020,4.601905822753906,4.613859176635742,0.011953353881835938,0.2898511588573456,0.29086005687713623,0.28306323289871216,working,True,-0.400390625,-0.05197097006298247,pooled_controls,bf16
L31_N6772,31,6772,ambiguity,amb_ctrl_0021,2.9766604900360107,2.9797215461730957,0.003061056137084961,0.27002450823783875,0.26983577013015747,0.28306323289871216,working,True,-0.185546875,-0.05197097006298247,pooled_controls,bf16
L31_N6772,31,6772,ambiguity,amb_ctrl_0022,2.5405263900756836,2.5417139530181885,0.0011875629425048828,0.5305885672569275,0.5304059982299805,0.28306323289871216,working,True,-0.064453125,-0.05197097006298247,pooled_controls,bf16
L31_N6772,31,6772,ambiguity,amb_ctrl_0023,2.682981014251709,2.7230138778686523,0.04003286361694336,0.25725501775741577,0.23407430946826935,0.28306323289871216,working,True,-0.01043701171875,-0.05197097006298247,pooled_controls,bf16
L31_N6772,31,6772,ambiguity,amb_ctrl_0024,2.4536571502685547,2.4509830474853516,-0.002674102783203125,0.5255476832389832,0.5261971354484558,0.28306323289871216,working,True,-0.1201171875,-0.05197097006298247,pooled_controls,bf16
L31_N6772,31,6772,ambiguity,amb_ctrl_0025,1.1939071416854858,1.1940580606460571,0.00015091896057128906,0.7682332992553711,0.7684423327445984,0.28306323289871216,working,True,-0.2177734375,-0.05197097006298247,pooled_controls,bf16
L31_N6772,31,6772,ambiguity,amb_ctrl_0026,0.9327545166015625,0.9176265001296997,-0.015128016471862793,0.7439746260643005,0.7501125931739807,0.28306323289871216,working,True,0.03271484375,-0.05197097006298247,pooled_controls,bf16
L31_N6772,31,6772,ambiguity,amb_ctrl_0027,1.6260687112808228,1.6273590326309204,0.0012903213500976562,0.53364098072052,0.5335210561752319,0.28306323289871216,working,True,-0.1875,-0.05197097006298247,pooled_controls,bf16
L31_N6772,31,6772,ambiguity,amb_ctrl_0028,1.9965972900390625,1.9826936721801758,-0.013903617858886719,0.6128343939781189,0.610950231552124,0.28306323289871216,working,True,0.5234375,-0.05197097006298247,pooled_controls,bf16
L31_N6772,31,6772,ambiguity,amb_ctrl_0029,1.5382331609725952,1.5409977436065674,0.002764582633972168,0.38559937477111816,0.3854292631149292,0.28306323289871216,working,True,-0.2431640625,-0.05197097006298247,pooled_controls,bf16
L31_N6772,31,6772,ambiguity,amb_ctrl_0030,1.825148344039917,1.8120299577713013,-0.013118386268615723,0.5318348407745361,0.5358111262321472,0.28306323289871216,working,True,0.0703125,-0.05197097006298247,pooled_controls,bf16
L31_N6772,31,6772,ambiguity,amb_ctrl_0031,3.056546926498413,3.0592334270477295,0.0026865005493164062,0.17859788239002228,0.17815211415290833,0.28306323289871216,working,True,-0.109375,-0.05197097006298247,pooled_controls,bf16
L31_N6772,31,6772,ambiguity,amb_ctrl_0032,2.7289576530456543,2.7033538818359375,-0.025603771209716797,0.24979281425476074,0.24636833369731903,0.28306323289871216,working,True,0.306640625,-0.05197097006298247,pooled_controls,bf16
L31_N6772,31,6772,ambiguity,amb_ctrl_0033,0.5639548897743225,0.5638755559921265,-7.933378219604492e-05,0.8955055475234985,0.8955097794532776,0.28306323289871216,working,True,0.00408935546875,-0.05197097006298247,pooled_controls,bf16
L31_N6772,31,6772,ambiguity,amb_ctrl_0034,0.46364283561706543,0.47684961557388306,0.013206779956817627,0.9274066090583801,0.9243043065071106,0.28306323289871216,working,True,-0.25,-0.05197097006298247,pooled_controls,bf16
L31_N6772,31,6772,ambiguity,amb_ctrl_0035,4.913356781005859,4.915506362915039,0.0021495819091796875,0.07138054817914963,0.07571427524089813,0.28306323289871216,working,True,-0.25,-0.05197097006298247,pooled_controls,bf16
L31_N6772,31,6772,ambiguity,amb_ctrl_0036,2.8000435829162598,2.8013110160827637,0.0012674331665039062,0.42631012201309204,0.42588597536087036,0.28306323289871216,working,True,0.07275390625,-0.05197097006298247,pooled_controls,bf16
L31_N6772,31,6772,ambiguity,amb_ctrl_0037,2.7010412216186523,2.696165084838867,-0.004876136779785156,0.38632428646087646,0.38565951585769653,0.28306323289871216,working,True,0.1044921875,-0.05197097006298247,pooled_controls,bf16
L31_N6772,31,6772,ambiguity,amb_ctrl_0038,3.2420296669006348,3.2442948818206787,0.0022652149200439453,0.1702917218208313,0.17097553610801697,0.28306323289871216,working,True,-0.0673828125,-0.05197097006298247,pooled_controls,bf16
L31_N6772,31,6772,ambiguity,amb_ctrl_0039,0.3799930214881897,0.3799082040786743,-8.481740951538086e-05,0.9415091276168823,0.9415185451507568,0.28306323289871216,working,True,-0.0322265625,-0.05197097006298247,pooled_controls,bf16
L31_N6772,31,6772,ambiguity,amb_ctrl_0040,2.988630533218384,2.9922640323638916,0.0036334991455078125,0.30050066113471985,0.30012452602386475,0.28306323289871216,working,True,-0.15234375,-0.05197097006298247,pooled_controls,bf16
L31_N6772,31,6772,ambiguity,amb_ctrl_0041,1.9082388877868652,1.9083372354507446,9.834766387939453e-05,0.5990794897079468,0.5990706086158752,0.28306323289871216,working,True,-0.0537109375,-0.05197097006298247,pooled_controls,bf16
L31_N6772,31,6772,ambiguity,amb_ctrl_0042,3.304969549179077,3.303279399871826,-0.0016901493072509766,0.3426487445831299,0.34284642338752747,0.28306323289871216,working,True,0.00665283203125,-0.05197097006298247,pooled_controls,bf16
L31_N6772,31,6772,ambiguity,amb_ctrl_0043,0.3423001766204834,0.3430652618408203,0.0007650852203369141,0.9096891283988953,0.9096004962921143,0.28306323289871216,working,True,-0.359375,-0.05197097006298247,pooled_controls,bf16
L31_N6772,31,6772,ambiguity,amb_ctrl_0044,5.378116607666016,5.356501579284668,-0.021615028381347656,0.1182311624288559,0.12501245737075806,0.28306323289871216,working,True,-0.337890625,-0.05197097006298247,pooled_controls,bf16
L31_N6772,31,6772,ambiguity,amb_ctrl_0045,2.304725170135498,2.3046228885650635,-0.00010228157043457031,0.26542025804519653,0.2654246389865875,0.28306323289871216,working,True,-0.055908203125,-0.05197097006298247,pooled_controls,bf16
L31_N6772,31,6772,ambiguity,amb_ctrl_0046,3.76407527923584,3.7499587535858154,-0.014116525650024414,0.13274690508842468,0.12994800508022308,0.28306323289871216,working,True,-0.291015625,-0.05197097006298247,pooled_controls,bf16
L31_N6772,31,6772,ambiguity,amb_ctrl_0047,3.065524101257324,3.0604546070098877,-0.0050694942474365234,0.3836395740509033,0.3848751187324524,0.28306323289871216,working,True,0.1484375,-0.05197097006298247,pooled_controls,bf16
L31_N6772,31,6772,ambiguity,amb_ctrl_0048,5.083179473876953,5.04367733001709,-0.03950214385986328,0.18745993077754974,0.1969616413116455,0.28306323289871216,working,True,-0.09619140625,-0.05197097006298247,pooled_controls,bf16
L31_N6772,31,6772,ambiguity,amb_ctrl_0049,1.2665965557098389,1.2666261196136475,2.956390380859375e-05,0.7476392984390259,0.7476367950439453,0.28306323289871216,working,True,-0.06005859375,-0.05197097006298247,pooled_controls,bf16
L31_N6772,31,6772,ambiguity,amb_ctrl_0050,3.729827642440796,3.7327980995178223,0.002970457077026367,0.26900753378868103,0.26980283856391907,0.28306323289871216,working,True,-0.11572265625,-0.05197097006298247,pooled_controls,bf16
L31_N6772,31,6772,ambiguity,amb_ctrl_0051,2.2200121879577637,2.206820011138916,-0.013192176818847656,0.5213475823402405,0.5200902223587036,0.28306323289871216,working,True,0.6875,-0.05197097006298247,pooled_controls,bf16
L31_N6772,31,6772,ambiguity,amb_ctrl_0052,3.310584545135498,3.311081886291504,0.0004973411560058594,0.14980924129486084,0.1502668708562851,0.28306323289871216,working,True,-0.083984375,-0.05197097006298247,pooled_controls,bf16
L31_N6772,31,6772,ambiguity,amb_ctrl_0053,2.4620916843414307,2.460767984390259,-0.001323699951171875,0.3166545331478119,0.31557008624076843,0.28306323289871216,working,True,0.1279296875,-0.05197097006298247,pooled_controls,bf16
L31_N6772,31,6772,ambiguity,amb_ctrl_0054,4.114995956420898,4.119136810302734,0.0041408538818359375,0.2303536981344223,0.22987107932567596,0.28306323289871216,working,True,-0.1904296875,-0.05197097006298247,pooled_controls,bf16
L31_N6772,31,6772,ambiguity,amb_ctrl_0055,2.642899990081787,2.6441075801849365,0.001207590103149414,0.32313698530197144,0.32308509945869446,0.28306323289871216,working,True,-0.142578125,-0.05197097006298247,pooled_controls,bf16
L31_N6772,31,6772,ambiguity,amb_ctrl_0056,4.992990493774414,4.9916229248046875,-0.0013675689697265625,0.13981656730175018,0.13912832736968994,0.28306323289871216,working,True,-0.1259765625,-0.05197097006298247,pooled_controls,bf16
L31_N6772,31,6772,ambiguity,amb_ctrl_0057,0.72358238697052,0.723113477230072,-0.00046890974044799805,0.6951943039894104,0.6952391266822815,0.28306323289871216,working,True,0.010498046875,-0.05197097006298247,pooled_controls,bf16
L31_N6772,31,6772,ambiguity,amb_ctrl_0058,3.0716848373413086,3.103282928466797,0.03159809112548828,0.17631740868091583,0.18351519107818604,0.28306323289871216,working,True,0.130859375,-0.05197097006298247,pooled_controls,bf16
L31_N6772,31,6772,ambiguity,amb_ctrl_0059,2.4294238090515137,2.425553321838379,-0.0038704872131347656,0.5226604342460632,0.5190888047218323,0.28306323289871216,working,True,0.04736328125,-0.05197097006298247,pooled_controls,bf16
L31_N6772,31,6772,ambiguity,amb_ctrl_0060,1.0038834810256958,1.0045249462127686,0.0006414651870727539,0.8310943841934204,0.8309990763664246,0.28306323289871216,working,True,-0.08447265625,-0.05197097006298247,pooled_controls,bf16
L31_N6772,31,6772,ambiguity,amb_ctrl_0061,3.0814852714538574,3.0635716915130615,-0.0179135799407959,0.42257410287857056,0.4229063391685486,0.28306323289871216,working,True,0.62890625,-0.05197097006298247,pooled_controls,bf16
L31_N6772,31,6772,ambiguity,amb_ctrl_0062,6.099908351898193,6.099905967712402,-2.384185791015625e-06,0.0454409196972847,0.04538373276591301,0.28306323289871216,working,True,-0.09716796875,-0.05197097006298247,pooled_controls,bf16
L31_N6772,31,6772,ambiguity,amb_ctrl_0063,3.982426166534424,3.987250804901123,0.004824638366699219,0.19488677382469177,0.19475704431533813,0.28306323289871216,working,True,-0.138671875,-0.05197097006298247,pooled_controls,bf16
L31_N6772,31,6772,ambiguity,amb_ctrl_0064,1.2800276279449463,1.2808866500854492,0.0008590221405029297,0.7049450278282166,0.7048605680465698,0.28306323289871216,working,True,-0.1103515625,-0.05197097006298247,pooled_controls,bf16
L31_N6772,31,6772,ambiguity,amb_ctrl_0065,1.728804349899292,1.7182586193084717,-0.010545730590820312,0.5687795877456665,0.5731160044670105,0.28306323289871216,working,True,0.05029296875,-0.05197097006298247,pooled_controls,bf16
L31_N6772,31,6772,ambiguity,amb_ctrl_0066,2.0725255012512207,2.0726699829101562,0.00014448165893554688,0.38031232357025146,0.3803195059299469,0.28306323289871216,working,True,-0.0284423828125,-0.05197097006298247,pooled_controls,bf16
L31_N6772,31,6772,ambiguity,amb_ctrl_0067,3.082766532897949,3.0890064239501953,0.006239891052246094,0.21626727283000946,0.21480144560337067,0.28306323289871216,working,True,-0.26171875,-0.05197097006298247,pooled_controls,bf16
L31_N6772,31,6772,ambiguity,amb_ctrl_0068,2.5241587162017822,2.525815963745117,0.001657247543334961,0.29160362482070923,0.291498601436615,0.28306323289871216,working,True,-0.1650390625,-0.05197097006298247,pooled_controls,bf16
L31_N6772,31,6772,ambiguity,amb_ctrl_0069,1.3749003410339355,1.3926401138305664,0.01773977279663086,0.7211427688598633,0.7153007388114929,0.28306323289871216,working,True,-0.15234375,-0.05197097006298247,pooled_controls,bf16
L31_N6772,31,6772,ambiguity,amb_ctrl_0070,1.204169511795044,1.2071903944015503,0.0030208826065063477,0.7618666887283325,0.7614144682884216,0.28306323289871216,working,True,-0.181640625,-0.05197097006298247,pooled_controls,bf16
L31_N6772,31,6772,ambiguity,amb_ctrl_0071,2.7363505363464355,2.7427310943603516,0.006380558013916016,0.2670269310474396,0.2740029990673065,0.28306323289871216,working,True,0.06494140625,-0.05197097006298247,pooled_controls,bf16
L31_N6772,31,6772,ambiguity,amb_ctrl_0072,0.3991299271583557,0.39962369203567505,0.0004937648773193359,0.9259452819824219,0.9257735013961792,0.28306323289871216,working,True,0.09228515625,-0.05197097006298247,pooled_controls,bf16
L31_N6772,31,6772,ambiguity,amb_ctrl_0073,2.7911183834075928,2.7915198802948,0.00040149688720703125,0.31099262833595276,0.3123055398464203,0.28306323289871216,working,True,-0.05224609375,-0.05197097006298247,pooled_controls,bf16
L31_N6772,31,6772,ambiguity,amb_ctrl_0074,2.8901166915893555,2.888192653656006,-0.0019240379333496094,0.2257860153913498,0.22571417689323425,0.28306323289871216,working,True,-0.017822265625,-0.05197097006298247,pooled_controls,bf16
L31_N6772,31,6772,ambiguity,amb_ctrl_0075,2.611227512359619,2.6122114658355713,0.0009839534759521484,0.5451282262802124,0.5445981621742249,0.28306323289871216,working,True,0.041748046875,-0.05197097006298247,pooled_controls,bf16
L31_N6772,31,6772,ambiguity,amb_ctrl_0076,3.449631690979004,3.454331636428833,0.0046999454498291016,0.2657425105571747,0.26257243752479553,0.28306323289871216,working,True,-0.263671875,-0.05197097006298247,pooled_controls,bf16
L31_N6772,31,6772,ambiguity,amb_ctrl_0077,1.4236340522766113,1.4173061847686768,-0.00632786750793457,0.6163606643676758,0.6184535026550293,0.28306323289871216,working,True,-0.1611328125,-0.05197097006298247,pooled_controls,bf16
L31_N6772,31,6772,ambiguity,amb_ctrl_0078,2.2226996421813965,2.220522880554199,-0.0021767616271972656,0.41798335313796997,0.41831108927726746,0.28306323289871216,working,True,0.00823974609375,-0.05197097006298247,pooled_controls,bf16
L31_N6772,31,6772,ambiguity,amb_ctrl_0079,2.553337574005127,2.6398377418518066,0.08650016784667969,0.43941590189933777,0.418447881937027,0.28306323289871216,working,True,0.080078125,-0.05197097006298247,pooled_controls,bf16
L31_N6772,31,6772,ambiguity,amb_ctrl_0080,2.430419445037842,2.411400318145752,-0.019019126892089844,0.27730607986450195,0.2703625559806824,0.28306323289871216,working,True,-0.0947265625,-0.05197097006298247,pooled_controls,bf16
L31_N6772,31,6772,ambiguity,amb_ctrl_0081,1.4725465774536133,1.4591187238693237,-0.01342785358428955,0.5391753315925598,0.5195837616920471,0.28306323289871216,working,True,0.3671875,-0.05197097006298247,pooled_controls,bf16
L31_N6772,31,6772,ambiguity,amb_ctrl_0082,2.0238261222839355,2.021024703979492,-0.0028014183044433594,0.4524519741535187,0.4528866708278656,0.28306323289871216,working,True,0.01513671875,-0.05197097006298247,pooled_controls,bf16
L31_N6772,31,6772,ambiguity,amb_ctrl_0083,1.331174373626709,1.3275505304336548,-0.0036238431930541992,0.5272114872932434,0.5274404287338257,0.28306323289871216,working,True,0.546875,-0.05197097006298247,pooled_controls,bf16
L31_N6772,31,6772,ambiguity,amb_ctrl_0084,3.23014760017395,3.2223193645477295,-0.007828235626220703,0.43897515535354614,0.440138578414917,0.28306323289871216,held_out,True,0.1181640625,-0.05197097006298247,pooled_controls,bf16
L31_N6772,31,6772,ambiguity,amb_ctrl_0085,2.178281784057617,2.178431272506714,0.0001494884490966797,0.3071621358394623,0.3071555197238922,0.28306323289871216,held_out,True,-0.06787109375,-0.05197097006298247,pooled_controls,bf16
L31_N6772,31,6772,ambiguity,amb_ctrl_0086,1.1892834901809692,1.1879905462265015,-0.0012929439544677734,0.6098666191101074,0.6099542379379272,0.28306323289871216,held_out,True,0.388671875,-0.05197097006298247,pooled_controls,bf16
L31_N6772,31,6772,ambiguity,amb_ctrl_0087,4.720757007598877,4.721301555633545,0.0005445480346679688,0.18051175773143768,0.18110446631908417,0.28306323289871216,held_out,True,0.02392578125,-0.05197097006298247,pooled_controls,bf16
L31_N6772,31,6772,ambiguity,amb_ctrl_0088,1.8164480924606323,1.8166272640228271,0.00017917156219482422,0.3447813093662262,0.34475937485694885,0.28306323289871216,held_out,True,-0.02197265625,-0.05197097006298247,pooled_controls,bf16
L31_N6772,31,6772,ambiguity,amb_ctrl_0089,0.8166414499282837,0.8142136931419373,-0.0024277567863464355,0.8653537631034851,0.8656572103500366,0.28306323289871216,held_out,True,0.15625,-0.05197097006298247,pooled_controls,bf16
L31_N6772,31,6772,ambiguity,amb_ctrl_0090,0.7313582897186279,0.7324545979499817,0.0010963082313537598,0.8488500714302063,0.848717212677002,0.28306323289871216,held_out,True,-0.189453125,-0.05197097006298247,pooled_controls,bf16
L31_N6772,31,6772,ambiguity,amb_ctrl_0091,0.7912845611572266,0.7951810359954834,0.003896474838256836,0.8505407571792603,0.8499914407730103,0.28306323289871216,held_out,True,-0.25390625,-0.05197097006298247,pooled_controls,bf16
L31_N6772,31,6772,ambiguity,amb_ctrl_0092,0.20004436373710632,0.1999852955341339,-5.906820297241211e-05,0.9656380414962769,0.9656445384025574,0.28306323289871216,held_out,True,-0.080078125,-0.05197097006298247,pooled_controls,bf16
L31_N6772,31,6772,ambiguity,amb_ctrl_0093,0.8184689283370972,0.8182756304740906,-0.0001932978630065918,0.7807179093360901,0.7807440161705017,0.28306323289871216,held_out,True,-0.0272216796875,-0.05197097006298247,pooled_controls,bf16
L31_N6772,31,6772,ambiguity,amb_ctrl_0094,1.9382219314575195,1.9368479251861572,-0.0013740062713623047,0.47598159313201904,0.4794688820838928,0.28306323289871216,held_out,True,-0.06591796875,-0.05197097006298247,pooled_controls,bf16
L31_N6772,31,6772,ambiguity,amb_ctrl_0095,0.1967904269695282,0.19624757766723633,-0.0005428493022918701,0.9730347990989685,0.9731022119522095,0.28306323289871216,held_out,True,0.15625,-0.05197097006298247,pooled_controls,bf16
L31_N6772,31,6772,ambiguity,amb_ctrl_0096,0.27954334020614624,0.2790490984916687,-0.0004942417144775391,0.9592352509498596,0.9593049883842468,0.28306323289871216,held_out,True,-0.08154296875,-0.05197097006298247,pooled_controls,bf16
L31_N6772,31,6772,ambiguity,amb_ctrl_0097,4.615304946899414,4.554337978363037,-0.06096696853637695,0.2903858721256256,0.301469087600708,0.28306323289871216,held_out,True,-0.3125,-0.05197097006298247,pooled_controls,bf16
L31_N6772,31,6772,ambiguity,amb_ctrl_0098,1.0526940822601318,1.0525755882263184,-0.00011849403381347656,0.7801284193992615,0.7801393270492554,0.28306323289871216,held_out,True,0.004638671875,-0.05197097006298247,pooled_controls,bf16
L31_N6772,31,6772,ambiguity,amb_ctrl_0099,2.617166519165039,2.6089982986450195,-0.008168220520019531,0.35361507534980774,0.3543001711368561,0.28306323289871216,held_out,True,0.1875,-0.05197097006298247,pooled_controls,bf16
L31_N6772,31,6772,ambiguity,amb_ctrl_0100,3.230755090713501,3.229740858078003,-0.0010142326354980469,0.21227960288524628,0.21237654983997345,0.28306323289871216,held_out,True,-0.09130859375,-0.05197097006298247,pooled_controls,bf16
L31_N6772,31,6772,ambiguity,amb_ctrl_0101,2.5137133598327637,2.4525768756866455,-0.061136484146118164,0.3411417007446289,0.36943602561950684,0.28306323289871216,held_out,True,-0.09423828125,-0.05197097006298247,pooled_controls,bf16
L31_N6772,31,6772,ambiguity,amb_ctrl_0102,3.382952928543091,3.389427661895752,0.006474733352661133,0.4389851689338684,0.44272199273109436,0.28306323289871216,held_out,True,-0.189453125,-0.05197097006298247,pooled_controls,bf16
L31_N6772,31,6772,ambiguity,amb_ctrl_0103,1.2881443500518799,1.2844518423080444,-0.0036925077438354492,0.6099465489387512,0.6104546189308167,0.28306323289871216,held_out,True,0.053955078125,-0.05197097006298247,pooled_controls,bf16
L31_N6772,31,6772,ambiguity,amb_ctrl_0104,1.2201045751571655,1.2181916236877441,-0.0019129514694213867,0.6614540815353394,0.6616273522377014,0.28306323289871216,held_out,True,0.1142578125,-0.05197097006298247,pooled_controls,bf16
L31_N6772,31,6772,ambiguity,amb_ctrl_0105,1.7128682136535645,1.7154282331466675,0.0025600194931030273,0.42329180240631104,0.42261070013046265,0.28306323289871216,held_out,True,0.058349609375,-0.05197097006298247,pooled_controls,bf16
L31_N6772,31,6772,ambiguity,amb_ctrl_0106,4.290400505065918,4.2946577072143555,0.0042572021484375,0.12830117344856262,0.12781813740730286,0.28306323289871216,held_out,True,-0.205078125,-0.05197097006298247,pooled_controls,bf16
L31_N6772,31,6772,ambiguity,amb_ctrl_0107,1.973547339439392,1.973612666130066,6.532669067382812e-05,0.5560788512229919,0.5560743808746338,0.28306323289871216,held_out,True,-0.0230712890625,-0.05197097006298247,pooled_controls,bf16
L31_N6772,31,6772,ambiguity,amb_ctrl_0108,5.345915794372559,5.300477027893066,-0.04543876647949219,0.19730085134506226,0.20681527256965637,0.28306323289871216,held_out,True,-0.220703125,-0.05197097006298247,pooled_controls,bf16
L31_N6772,31,6772,ambiguity,amb_ctrl_0109,2.405097723007202,2.4020371437072754,-0.003060579299926758,0.5640195608139038,0.5643144845962524,0.28306323289871216,held_out,True,0.1728515625,-0.05197097006298247,pooled_controls,bf16
L31_N6772,31,6772,ambiguity,amb_ctrl_0110,2.2092509269714355,2.2095043659210205,0.00025343894958496094,0.2498709261417389,0.24985376000404358,0.28306323289871216,held_out,True,0.006591796875,-0.05197097006298247,pooled_controls,bf16
L31_N6772,31,6772,ambiguity,amb_ctrl_0111,2.009219169616699,2.010486602783203,0.0012674331665039062,0.44997212290763855,0.4498429298400879,0.28306323289871216,held_out,True,-0.0634765625,-0.05197097006298247,pooled_controls,bf16
L31_N6772,31,6772,ambiguity,amb_ctrl_0112,1.7968382835388184,1.7899572849273682,-0.006880998611450195,0.5710203051567078,0.5726882219314575,0.28306323289871216,held_out,True,0.0233154296875,-0.05197097006298247,pooled_controls,bf16
L31_N6772,31,6772,ambiguity,amb_ctrl_0113,4.333885192871094,4.335543155670166,0.0016579627990722656,0.34712934494018555,0.34694528579711914,0.28306323289871216,held_out,True,-0.1240234375,-0.05197097006298247,pooled_controls,bf16
L31_N6772,31,6772,ambiguity,amb_ctrl_0114,1.9962888956069946,1.9960848093032837,-0.0002040863037109375,0.3115333616733551,0.3115514814853668,0.28306323289871216,held_out,True,-0.03271484375,-0.05197097006298247,pooled_controls,bf16
L31_N6772,31,6772,ambiguity,amb_ctrl_0115,2.317293643951416,2.3203673362731934,0.0030736923217773438,0.4041188955307007,0.40383681654930115,0.28306323289871216,held_out,True,-0.1796875,-0.05197097006298247,pooled_controls,bf16
L31_N6772,31,6772,ambiguity,amb_ctrl_0116,2.3295745849609375,2.3133721351623535,-0.016202449798583984,0.3391643166542053,0.33512961864471436,0.28306323289871216,held_out,True,0.044921875,-0.05197097006298247,pooled_controls,bf16
L31_N6772,31,6772,ambiguity,amb_ctrl_0117,1.5883352756500244,1.588354468345642,1.919269561767578e-05,0.574742317199707,0.5747411251068115,0.28306323289871216,held_out,True,-0.056640625,-0.05197097006298247,pooled_controls,bf16
L31_N6772,31,6772,ambiguity,amb_ctrl_0118,2.7129154205322266,2.7150824069976807,0.0021669864654541016,0.21529023349285126,0.21516384184360504,0.28306323289871216,held_out,True,-0.078125,-0.05197097006298247,pooled_controls,bf16
L31_N6772,31,6772,ambiguity,amb_ctrl_0119,3.844236135482788,3.861032485961914,0.016796350479125977,0.126031756401062,0.11905556172132492,0.28306323289871216,held_out,True,-0.1923828125,-0.05197097006298247,pooled_controls,bf16
L20_N5595,20,5595,ambiguity,amb_0000,2.131409168243408,2.131063461303711,-0.0003457069396972656,0.3043592870235443,0.312610000371933,0.13408824801445007,working,False,0.416015625,0.37332734607514884,pooled_controls,bf16
L20_N5595,20,5595,ambiguity,amb_0001,4.559041500091553,4.564805030822754,0.005763530731201172,0.1691441833972931,0.16151517629623413,0.13408824801445007,working,False,0.359375,0.37332734607514884,pooled_controls,bf16
L20_N5595,20,5595,ambiguity,amb_0002,0.5591363906860352,0.5585564970970154,-0.0005798935890197754,0.7746531963348389,0.7747250199317932,0.13408824801445007,working,False,0.322265625,0.37332734607514884,pooled_controls,bf16
L20_N5595,20,5595,ambiguity,amb_0003,0.7737653255462646,0.7786662578582764,0.004900932312011719,0.8860874176025391,0.8848730325698853,0.13408824801445007,working,False,0.30078125,0.37332734607514884,pooled_controls,bf16
L20_N5595,20,5595,ambiguity,amb_0004,3.214151620864868,3.165531635284424,-0.048619985580444336,0.3810039460659027,0.39514589309692383,0.13408824801445007,working,False,0.4296875,0.37332734607514884,pooled_controls,bf16
L20_N5595,20,5595,ambiguity,amb_0005,0.40345656871795654,0.4023674726486206,-0.0010890960693359375,0.9331170916557312,0.9332980513572693,0.13408824801445007,working,False,0.40625,0.37332734607514884,pooled_controls,bf16
L20_N5595,20,5595,ambiguity,amb_0006,2.6447858810424805,2.6496596336364746,0.004873752593994141,0.3364722430706024,0.33415743708610535,0.13408824801445007,working,False,0.546875,0.37332734607514884,pooled_controls,bf16
L20_N5595,20,5595,ambiguity,amb_0007,2.73992919921875,2.712006092071533,-0.027923107147216797,0.3336516320705414,0.3388639986515045,0.13408824801445007,working,False,0.474609375,0.37332734607514884,pooled_controls,bf16
L20_N5595,20,5595,ambiguity,amb_0008,3.0731167793273926,3.1444039344787598,0.07128715515136719,0.321990430355072,0.29518187046051025,0.13408824801445007,working,False,0.5859375,0.37332734607514884,pooled_controls,bf16
L20_N5595,20,5595,ambiguity,amb_0009,2.3017964363098145,2.2976949214935303,-0.00410151481628418,0.3590010106563568,0.3596530556678772,0.13408824801445007,working,False,0.484375,0.37332734607514884,pooled_controls,bf16
L20_N5595,20,5595,ambiguity,amb_0010,3.0725746154785156,3.070066213607788,-0.002508401870727539,0.32308200001716614,0.3219648003578186,0.13408824801445007,working,False,0.140625,0.37332734607514884,pooled_controls,bf16
L20_N5595,20,5595,ambiguity,amb_0011,0.1853773295879364,0.180165633559227,-0.005211696028709412,0.9783462882041931,0.9792851209640503,0.13408824801445007,working,False,0.1787109375,0.37332734607514884,pooled_controls,bf16
L20_N5595,20,5595,ambiguity,amb_0012,0.2827058434486389,0.2742256224155426,-0.008480221033096313,0.9530503153800964,0.9550997614860535,0.13408824801445007,working,False,0.33984375,0.37332734607514884,pooled_controls,bf16
L20_N5595,20,5595,ambiguity,amb_0013,2.846848487854004,2.8493709564208984,0.0025224685668945312,0.23987779021263123,0.24010789394378662,0.13408824801445007,working,False,0.458984375,0.37332734607514884,pooled_controls,bf16
L20_N5595,20,5595,ambiguity,amb_0014,1.7274397611618042,1.7189983129501343,-0.008441448211669922,0.6531180739402771,0.6549786925315857,0.13408824801445007,working,False,0.5390625,0.37332734607514884,pooled_controls,bf16
L20_N5595,20,5595,ambiguity,amb_0015,2.646392345428467,2.6589536666870117,0.012561321258544922,0.2669826149940491,0.2654900550842285,0.13408824801445007,working,False,0.5078125,0.37332734607514884,pooled_controls,bf16
L20_N5595,20,5595,ambiguity,amb_0016,2.1020545959472656,2.1064274311065674,0.004372835159301758,0.356288343667984,0.3553043603897095,0.13408824801445007,working,False,0.66015625,0.37332734607514884,pooled_controls,bf16
L20_N5595,20,5595,ambiguity,amb_0017,2.545952796936035,2.5360491275787354,-0.009903669357299805,0.3178497850894928,0.31178176403045654,0.13408824801445007,working,False,0.498046875,0.37332734607514884,pooled_controls,bf16
L20_N5595,20,5595,ambiguity,amb_0018,2.6739742755889893,2.665121555328369,-0.008852720260620117,0.5581860542297363,0.5641196370124817,0.13408824801445007,working,False,0.154296875,0.37332734607514884,pooled_controls,bf16
L20_N5595,20,5595,ambiguity,amb_0019,3.003119945526123,3.009192705154419,0.0060727596282958984,0.26456767320632935,0.2617449462413788,0.13408824801445007,working,False,0.53125,0.37332734607514884,pooled_controls,bf16
L20_N5595,20,5595,ambiguity,amb_0020,3.019925832748413,3.031830072402954,0.011904239654541016,0.2309427112340927,0.23209871351718903,0.13408824801445007,working,False,0.439453125,0.37332734607514884,pooled_controls,bf16
L20_N5595,20,5595,ambiguity,amb_0021,0.8744735717773438,0.877532958984375,0.00305938720703125,0.78462815284729,0.7841400504112244,0.13408824801445007,working,False,0.314453125,0.37332734607514884,pooled_controls,bf16
L20_N5595,20,5595,ambiguity,amb_0022,1.4463167190551758,1.447280764579773,0.000964045524597168,0.6989033222198486,0.6990243792533875,0.13408824801445007,working,False,0.189453125,0.37332734607514884,pooled_controls,bf16
L20_N5595,20,5595,ambiguity,amb_0023,2.3588614463806152,2.3560729026794434,-0.002788543701171875,0.3514297902584076,0.3433986008167267,0.13408824801445007,working,False,0.408203125,0.37332734607514884,pooled_controls,bf16
L20_N5595,20,5595,ambiguity,amb_0024,2.423225164413452,2.4161176681518555,-0.00710749626159668,0.163632333278656,0.17116707563400269,0.13408824801445007,working,False,0.333984375,0.37332734607514884,pooled_controls,bf16
L20_N5595,20,5595,ambiguity,amb_0025,2.3594460487365723,2.4273898601531982,0.06794381141662598,0.38730406761169434,0.3573583662509918,0.13408824801445007,working,False,0.435546875,0.37332734607514884,pooled_controls,bf16
L20_N5595,20,5595,ambiguity,amb_0026,3.7028703689575195,3.755159378051758,0.05228900909423828,0.3228043019771576,0.30462101101875305,0.13408824801445007,working,False,0.31640625,0.37332734607514884,pooled_controls,bf16
L20_N5595,20,5595,ambiguity,amb_0027,1.8813252449035645,1.8866413831710815,0.00531613826751709,0.6477286219596863,0.64680415391922,0.13408824801445007,working,False,0.39453125,0.37332734607514884,pooled_controls,bf16
L20_N5595,20,5595,ambiguity,amb_0028,2.591080665588379,2.5906057357788086,-0.0004749298095703125,0.5235283970832825,0.5294283032417297,0.13408824801445007,working,False,0.275390625,0.37332734607514884,pooled_controls,bf16
L20_N5595,20,5595,ambiguity,amb_0029,2.0469510555267334,2.0569710731506348,0.010020017623901367,0.5000725388526917,0.4944547116756439,0.13408824801445007,working,False,0.431640625,0.37332734607514884,pooled_controls,bf16
L20_N5595,20,5595,ambiguity,amb_0030,1.3423449993133545,1.3801875114440918,0.037842512130737305,0.5465922355651855,0.5414467453956604,0.13408824801445007,working,False,0.4921875,0.37332734607514884,pooled_controls,bf16
L20_N5595,20,5595,ambiguity,amb_0031,2.5924174785614014,2.5858802795410156,-0.006537199020385742,0.2651655673980713,0.26777392625808716,0.13408824801445007,working,False,0.55859375,0.37332734607514884,pooled_controls,bf16
L20_N5595,20,5595,ambiguity,amb_0032,0.7734093070030212,0.7695602774620056,-0.003849029541015625,0.7512880563735962,0.7518585920333862,0.13408824801445007,working,False,0.408203125,0.37332734607514884,pooled_controls,bf16
L20_N5595,20,5595,ambiguity,amb_0033,0.3125807046890259,0.3062710165977478,-0.006309688091278076,0.9496376514434814,0.9508728384971619,0.13408824801445007,working,False,0.333984375,0.37332734607514884,pooled_controls,bf16
L20_N5595,20,5595,ambiguity,amb_0034,0.06319817155599594,0.0606977641582489,-0.00250040739774704,0.9920816421508789,0.9925119876861572,0.13408824801445007,working,False,0.3125,0.37332734607514884,pooled_controls,bf16
L20_N5595,20,5595,ambiguity,amb_0035,3.2133400440216064,3.20556640625,-0.007773637771606445,0.14269918203353882,0.14280067384243011,0.13408824801445007,working,False,0.4453125,0.37332734607514884,pooled_controls,bf16
L20_N5595,20,5595,ambiguity,amb_0036,0.27980995178222656,0.3178589940071106,0.03804904222488403,0.956149697303772,0.9487002491950989,0.13408824801445007,working,False,0.220703125,0.37332734607514884,pooled_controls,bf16
L20_N5595,20,5595,ambiguity,amb_0037,2.2706377506256104,2.2665579319000244,-0.0040798187255859375,0.2931281328201294,0.29033228754997253,0.13408824801445007,working,False,0.53515625,0.37332734607514884,pooled_controls,bf16
L20_N5595,20,5595,ambiguity,amb_0038,1.907806158065796,1.927655577659607,0.019849419593811035,0.5503026843070984,0.5454501509666443,0.13408824801445007,working,False,0.59375,0.37332734607514884,pooled_controls,bf16
L20_N5595,20,5595,ambiguity,amb_0039,0.4548197090625763,0.45184460282325745,-0.0029751062393188477,0.8976051807403564,0.8979993462562561,0.13408824801445007,working,False,0.19921875,0.37332734607514884,pooled_controls,bf16
L20_N5595,20,5595,ambiguity,amb_0040,2.049222946166992,2.051290512084961,0.00206756591796875,0.47096139192581177,0.46678978204727173,0.13408824801445007,working,False,0.447265625,0.37332734607514884,pooled_controls,bf16
L20_N5595,20,5595,ambiguity,amb_0041,0.4766418933868408,0.47562864422798157,-0.001013249158859253,0.9048458933830261,0.9050716757774353,0.13408824801445007,working,False,0.2890625,0.37332734607514884,pooled_controls,bf16
L20_N5595,20,5595,ambiguity,amb_0042,3.4453678131103516,3.4431819915771484,-0.002185821533203125,0.12374655902385712,0.12491869181394577,0.13408824801445007,working,False,0.5546875,0.37332734607514884,pooled_controls,bf16
L20_N5595,20,5595,ambiguity,amb_0043,2.176589012145996,2.172865152359009,-0.0037238597869873047,0.3841998279094696,0.38471248745918274,0.13408824801445007,working,False,0.458984375,0.37332734607514884,pooled_controls,bf16
L20_N5595,20,5595,ambiguity,amb_0044,2.562283515930176,2.573411703109741,0.01112818717956543,0.3696751594543457,0.3703244626522064,0.13408824801445007,working,False,0.392578125,0.37332734607514884,pooled_controls,bf16
L20_N5595,20,5595,ambiguity,amb_0045,2.8056182861328125,2.8120687007904053,0.0064504146575927734,0.22283335030078888,0.22278596460819244,0.13408824801445007,working,False,0.39453125,0.37332734607514884,pooled_controls,bf16
L20_N5595,20,5595,ambiguity,amb_0046,1.8792414665222168,1.879273533821106,3.2067298889160156e-05,0.43458327651023865,0.44981440901756287,0.13408824801445007,working,False,0.376953125,0.37332734607514884,pooled_controls,bf16
L20_N5595,20,5595,ambiguity,amb_0047,3.5664448738098145,3.573590040206909,0.0071451663970947266,0.1757456362247467,0.18015626072883606,0.13408824801445007,working,False,0.56640625,0.37332734607514884,pooled_controls,bf16
L20_N5595,20,5595,ambiguity,amb_0048,2.5035877227783203,2.510260581970215,0.006672859191894531,0.38110023736953735,0.37565216422080994,0.13408824801445007,working,False,0.48828125,0.37332734607514884,pooled_controls,bf16
L20_N5595,20,5595,ambiguity,amb_0049,4.102269172668457,4.102492809295654,0.00022363662719726562,0.16889438033103943,0.16860534250736237,0.13408824801445007,working,False,0.392578125,0.37332734607514884,pooled_controls,bf16
L20_N5595,20,5595,ambiguity,amb_0050,0.5448554754257202,0.5517023801803589,0.006846904754638672,0.9203320145606995,0.9186497330665588,0.13408824801445007,working,False,0.2275390625,0.37332734607514884,pooled_controls,bf16
L20_N5595,20,5595,ambiguity,amb_0051,2.2842979431152344,2.283712863922119,-0.0005850791931152344,0.3175898790359497,0.318714439868927,0.13408824801445007,working,False,0.51171875,0.37332734607514884,pooled_controls,bf16
L20_N5595,20,5595,ambiguity,amb_0052,2.544663667678833,2.5389251708984375,-0.005738496780395508,0.3059062957763672,0.30889692902565,0.13408824801445007,working,False,0.392578125,0.37332734607514884,pooled_controls,bf16
L20_N5595,20,5595,ambiguity,amb_0053,0.26553624868392944,0.2632918655872345,-0.0022443830966949463,0.9484477639198303,0.9487833380699158,0.13408824801445007,working,False,0.359375,0.37332734607514884,pooled_controls,bf16
L20_N5595,20,5595,ambiguity,amb_0054,3.3073582649230957,3.304673671722412,-0.0026845932006835938,0.20128417015075684,0.20163503289222717,0.13408824801445007,working,False,0.458984375,0.37332734607514884,pooled_controls,bf16
L20_N5595,20,5595,ambiguity,amb_0055,2.3507449626922607,2.3016982078552246,-0.04904675483703613,0.3764025568962097,0.3960990607738495,0.13408824801445007,working,False,0.43359375,0.37332734607514884,pooled_controls,bf16
L20_N5595,20,5595,ambiguity,amb_0056,2.9696860313415527,2.978327751159668,0.008641719818115234,0.3324529230594635,0.3222893178462982,0.13408824801445007,working,False,0.48828125,0.37332734607514884,pooled_controls,bf16
L20_N5595,20,5595,ambiguity,amb_0057,3.6951136589050293,3.7174935340881348,0.02237987518310547,0.2154395580291748,0.2045087367296219,0.13408824801445007,working,False,0.185546875,0.37332734607514884,pooled_controls,bf16
L20_N5595,20,5595,ambiguity,amb_0058,0.6380835771560669,0.6462742686271667,0.008190691471099854,0.8878673315048218,0.885639488697052,0.13408824801445007,working,False,0.50390625,0.37332734607514884,pooled_controls,bf16
L20_N5595,20,5595,ambiguity,amb_0059,1.6167001724243164,1.620195746421814,0.0034955739974975586,0.4122750759124756,0.41171160340309143,0.13408824801445007,working,False,0.64453125,0.37332734607514884,pooled_controls,bf16
L20_N5595,20,5595,ambiguity,amb_0060,2.2315759658813477,2.228605031967163,-0.0029709339141845703,0.4630894958972931,0.47284314036369324,0.13408824801445007,working,False,0.515625,0.37332734607514884,pooled_controls,bf16
L20_N5595,20,5595,ambiguity,amb_0061,2.1432714462280273,2.157369613647461,0.014098167419433594,0.34881308674812317,0.3450806438922882,0.13408824801445007,working,False,0.59765625,0.37332734607514884,pooled_controls,bf16
L20_N5595,20,5595,ambiguity,amb_0062,0.42451727390289307,0.3916740417480469,-0.03284323215484619,0.9445533156394958,0.9493519067764282,0.13408824801445007,working,False,0.1923828125,0.37332734607514884,pooled_controls,bf16
L20_N5595,20,5595,ambiguity,amb_0063,3.6907150745391846,3.69779109954834,0.0070760250091552734,0.31620991230010986,0.31631985306739807,0.13408824801445007,working,False,0.349609375,0.37332734607514884,pooled_controls,bf16
L20_N5595,20,5595,ambiguity,amb_0064,2.0356671810150146,2.0384910106658936,0.0028238296508789062,0.33568695187568665,0.3352331817150116,0.13408824801445007,working,False,0.55078125,0.37332734607514884,pooled_controls,bf16
L20_N5595,20,5595,ambiguity,amb_0065,0.09549930691719055,0.09542164206504822,-7.766485214233398e-05,0.9887312054634094,0.9887513518333435,0.13408824801445007,working,False,0.34375,0.37332734607514884,pooled_controls,bf16
L20_N5595,20,5595,ambiguity,amb_0066,2.0707223415374756,2.062016487121582,-0.008705854415893555,0.32435888051986694,0.32496359944343567,0.13408824801445007,working,False,0.484375,0.37332734607514884,pooled_controls,bf16
L20_N5595,20,5595,ambiguity,amb_0067,3.4030425548553467,3.3748161792755127,-0.028226375579833984,0.2503643333911896,0.26044782996177673,0.13408824801445007,working,False,0.40234375,0.37332734607514884,pooled_controls,bf16
L20_N5595,20,5595,ambiguity,amb_0068,0.27864107489585876,0.2811671495437622,0.0025260746479034424,0.9491060376167297,0.9486673474311829,0.13408824801445007,working,False,0.3671875,0.37332734607514884,pooled_controls,bf16
L20_N5595,20,5595,ambiguity,amb_0069,3.569601058959961,3.5721254348754883,0.0025243759155273438,0.23654481768608093,0.23794302344322205,0.13408824801445007,working,False,0.578125,0.37332734607514884,pooled_controls,bf16
L20_N5595,20,5595,ambiguity,amb_0070,1.2353311777114868,1.2112195491790771,-0.024111628532409668,0.7235127687454224,0.7360078692436218,0.13408824801445007,working,False,0.5234375,0.37332734607514884,pooled_controls,bf16
L20_N5595,20,5595,ambiguity,amb_0071,0.5878744125366211,0.5895580053329468,0.0016835927963256836,0.9036218523979187,0.9032151699066162,0.13408824801445007,working,False,0.3515625,0.37332734607514884,pooled_controls,bf16
L20_N5595,20,5595,ambiguity,amb_0072,1.4870750904083252,1.4954948425292969,0.00841975212097168,0.7113951444625854,0.7074299454689026,0.13408824801445007,working,False,0.53125,0.37332734607514884,pooled_controls,bf16
L20_N5595,20,5595,ambiguity,amb_0073,2.011209487915039,2.0148801803588867,0.0036706924438476562,0.25993621349334717,0.2578408718109131,0.13408824801445007,working,False,0.46484375,0.37332734607514884,pooled_controls,bf16
L20_N5595,20,5595,ambiguity,amb_0074,1.8976142406463623,1.8976142406463623,0.0,0.5668606758117676,0.5668606758117676,0.13408824801445007,working,False,0.373046875,0.37332734607514884,pooled_controls,bf16
L20_N5595,20,5595,ambiguity,amb_0075,2.3578433990478516,2.3641209602355957,0.006277561187744141,0.483648419380188,0.48285606503486633,0.13408824801445007,working,False,0.283203125,0.37332734607514884,pooled_controls,bf16
L20_N5595,20,5595,ambiguity,amb_0076,2.618499994277954,2.615492343902588,-0.003007650375366211,0.2548840641975403,0.2551037073135376,0.13408824801445007,working,False,0.439453125,0.37332734607514884,pooled_controls,bf16
L20_N5595,20,5595,ambiguity,amb_0077,2.4425735473632812,2.4345626831054688,-0.0080108642578125,0.5396357774734497,0.5404384732246399,0.13408824801445007,working,False,0.5,0.37332734607514884,pooled_controls,bf16
L20_N5595,20,5595,ambiguity,amb_0078,1.1666830778121948,1.2352675199508667,0.06858444213867188,0.7637596130371094,0.7450694441795349,0.13408824801445007,working,False,0.46484375,0.37332734607514884,pooled_controls,bf16
L20_N5595,20,5595,ambiguity,amb_0079,2.033189535140991,2.036430835723877,0.003241300582885742,0.3496057987213135,0.3411206603050232,0.13408824801445007,working,False,0.419921875,0.37332734607514884,pooled_controls,bf16
L20_N5595,20,5595,ambiguity,amb_0080,2.0369515419006348,1.979871153831482,-0.05708038806915283,0.4895094633102417,0.508513867855072,0.13408824801445007,working,False,0.51953125,0.37332734607514884,pooled_controls,bf16
L20_N5595,20,5595,ambiguity,amb_0081,3.092586040496826,3.0019168853759766,-0.09066915512084961,0.5298091173171997,0.5509456992149353,0.13408824801445007,working,False,0.30859375,0.37332734607514884,pooled_controls,bf16
L20_N5595,20,5595,ambiguity,amb_0082,1.6431922912597656,1.6508172750473022,0.007624983787536621,0.7570251226425171,0.7553241848945618,0.13408824801445007,working,False,0.2734375,0.37332734607514884,pooled_controls,bf16
L20_N5595,20,5595,ambiguity,amb_0083,5.554958343505859,5.52244758605957,-0.03251075744628906,0.07461758702993393,0.08364470303058624,0.13408824801445007,working,False,0.15234375,0.37332734607514884,pooled_controls,bf16
L20_N5595,20,5595,ambiguity,amb_0084,2.906287670135498,3.0007572174072266,0.09446954727172852,0.4053276777267456,0.37433820962905884,0.13408824801445007,held_out,False,0.5625,0.37332734607514884,pooled_controls,bf16
L20_N5595,20,5595,ambiguity,amb_0085,3.2369580268859863,3.235290050506592,-0.0016679763793945312,0.4754219353199005,0.4765675663948059,0.13408824801445007,held_out,False,0.390625,0.37332734607514884,pooled_controls,bf16
L20_N5595,20,5595,ambiguity,amb_0086,3.4680352210998535,3.471173048019409,0.003137826919555664,0.16339129209518433,0.1624315232038498,0.13408824801445007,held_out,False,0.453125,0.37332734607514884,pooled_controls,bf16
L20_N5595,20,5595,ambiguity,amb_0087,0.21132242679595947,0.21308493614196777,0.0017625093460083008,0.9734991192817688,0.9731466770172119,0.13408824801445007,held_out,False,0.21484375,0.37332734607514884,pooled_controls,bf16
L20_N5595,20,5595,ambiguity,amb_0088,3.366471767425537,3.4000091552734375,0.03353738784790039,0.26610100269317627,0.2519114911556244,0.13408824801445007,held_out,False,0.27734375,0.37332734607514884,pooled_controls,bf16
L20_N5595,20,5595,ambiguity,amb_0089,3.781087636947632,3.8269858360290527,0.0458981990814209,0.3369584083557129,0.3165305256843567,0.13408824801445007,held_out,False,0.043701171875,0.37332734607514884,pooled_controls,bf16
L20_N5595,20,5595,ambiguity,amb_0090,0.8448827266693115,0.8267555236816406,-0.0181272029876709,0.7932525873184204,0.800483226776123,0.13408824801445007,held_out,False,0.322265625,0.37332734607514884,pooled_controls,bf16
L20_N5595,20,5595,ambiguity,amb_0091,1.8923972845077515,1.8849031925201416,-0.007494091987609863,0.5461603403091431,0.547250509262085,0.13408824801445007,held_out,False,0.58203125,0.37332734607514884,pooled_controls,bf16
L20_N5595,20,5595,ambiguity,amb_0092,1.6362665891647339,1.6132149696350098,-0.02305161952972412,0.7017658948898315,0.710387647151947,0.13408824801445007,held_out,False,0.173828125,0.37332734607514884,pooled_controls,bf16
L20_N5595,20,5595,ambiguity,amb_0093,0.8634747862815857,0.8751225471496582,0.01164776086807251,0.8298888802528381,0.8272845149040222,0.13408824801445007,held_out,False,0.455078125,0.37332734607514884,pooled_controls,bf16
L20_N5595,20,5595,ambiguity,amb_0094,1.7390378713607788,1.7271616458892822,-0.011876225471496582,0.4728764593601227,0.47532087564468384,0.13408824801445007,held_out,False,0.5859375,0.37332734607514884,pooled_controls,bf16
L20_N5595,20,5595,ambiguity,amb_0095,0.821681022644043,0.8294214606285095,0.007740437984466553,0.8072279691696167,0.8050894141197205,0.13408824801445007,held_out,False,0.474609375,0.37332734607514884,pooled_controls,bf16
L20_N5595,20,5595,ambiguity,amb_0096,2.501300573348999,2.421570301055908,-0.07973027229309082,0.2968878149986267,0.31115204095840454,0.13408824801445007,held_out,False,0.5078125,0.37332734607514884,pooled_controls,bf16
L20_N5595,20,5595,ambiguity,amb_0097,2.996896743774414,2.93178129196167,-0.06511545181274414,0.2316855490207672,0.2490920126438141,0.13408824801445007,held_out,False,0.53125,0.37332734607514884,pooled_controls,bf16
L20_N5595,20,5595,ambiguity,amb_0098,2.3167881965637207,2.321902275085449,0.005114078521728516,0.26292508840560913,0.2695310711860657,0.13408824801445007,held_out,False,0.4921875,0.37332734607514884,pooled_controls,bf16
L20_N5595,20,5595,ambiguity,amb_0099,2.436516284942627,2.438342571258545,0.0018262863159179688,0.35596418380737305,0.3565261662006378,0.13408824801445007,held_out,False,0.353515625,0.37332734607514884,pooled_controls,bf16
L20_N5595,20,5595,ambiguity,amb_0100,1.7052080631256104,1.6947245597839355,-0.010483503341674805,0.5621854066848755,0.5648021697998047,0.13408824801445007,held_out,False,0.30078125,0.37332734607514884,pooled_controls,bf16
L20_N5595,20,5595,ambiguity,amb_0101,2.0023765563964844,2.0169477462768555,0.014571189880371094,0.4655653238296509,0.46177059412002563,0.13408824801445007,held_out,False,0.51953125,0.37332734607514884,pooled_controls,bf16
L20_N5595,20,5595,ambiguity,amb_0102,2.005124568939209,1.993427038192749,-0.011697530746459961,0.29406610131263733,0.2967442274093628,0.13408824801445007,held_out,False,0.5859375,0.37332734607514884,pooled_controls,bf16
L20_N5595,20,5595,ambiguity,amb_0103,4.778031349182129,4.799009799957275,0.020978450775146484,0.10608897358179092,0.10827191174030304,0.13408824801445007,held_out,False,0.193359375,0.37332734607514884,pooled_controls,bf16
L20_N5595,20,5595,ambiguity,amb_0104,1.1206187009811401,1.1422368288040161,0.021618127822875977,0.7675607800483704,0.7604829668998718,0.13408824801445007,held_out,False,0.396484375,0.37332734607514884,pooled_controls,bf16
L20_N5595,20,5595,ambiguity,amb_0105,2.1002590656280518,2.0856239795684814,-0.014635086059570312,0.5084797739982605,0.5241802930831909,0.13408824801445007,held_out,False,0.4375,0.37332734607514884,pooled_controls,bf16
L20_N5595,20,5595,ambiguity,amb_0106,0.5232242941856384,0.4775322377681732,-0.04569205641746521,0.9280524849891663,0.9352616667747498,0.13408824801445007,held_out,False,0.12109375,0.37332734607514884,pooled_controls,bf16
L20_N5595,20,5595,ambiguity,amb_0107,2.999772548675537,3.0080695152282715,0.008296966552734375,0.1862751543521881,0.18685641884803772,0.13408824801445007,held_out,False,0.58203125,0.37332734607514884,pooled_controls,bf16
L20_N5595,20,5595,ambiguity,amb_0108,2.6803855895996094,2.6557798385620117,-0.024605751037597656,0.1892421841621399,0.17838098108768463,0.13408824801445007,held_out,False,0.5078125,0.37332734607514884,pooled_controls,bf16
L20_N5595,20,5595,ambiguity,amb_0109,0.34986984729766846,0.34756359457969666,-0.0023062527179718018,0.9464108347892761,0.9467595815658569,0.13408824801445007,held_out,False,0.2099609375,0.37332734607514884,pooled_controls,bf16
L20_N5595,20,5595,ambiguity,amb_0110,1.9645905494689941,1.882765531539917,-0.08182501792907715,0.4899759590625763,0.5215402245521545,0.13408824801445007,held_out,False,0.55078125,0.37332734607514884,pooled_controls,bf16
L20_N5595,20,5595,ambiguity,amb_0111,3.8684067726135254,3.8432974815368652,-0.025109291076660156,0.20527321100234985,0.2033631056547165,0.13408824801445007,held_out,False,0.46875,0.37332734607514884,pooled_controls,bf16
L20_N5595,20,5595,ambiguity,amb_0112,2.176384449005127,2.175808906555176,-0.0005755424499511719,0.3407977223396301,0.3407120108604431,0.13408824801445007,held_out,False,0.48828125,0.37332734607514884,pooled_controls,bf16
L20_N5595,20,5595,ambiguity,amb_0113,0.9256861805915833,0.9215105772018433,-0.00417560338973999,0.8043229579925537,0.8052442073822021,0.13408824801445007,held_out,False,0.58984375,0.37332734607514884,pooled_controls,bf16
L20_N5595,20,5595,ambiguity,amb_0114,0.7204865217208862,0.7198247909545898,-0.0006617307662963867,0.8451882004737854,0.8452857136726379,0.13408824801445007,held_out,False,0.400390625,0.37332734607514884,pooled_controls,bf16
L20_N5595,20,5595,ambiguity,amb_0115,2.9680774211883545,2.967581272125244,-0.0004961490631103516,0.34782540798187256,0.34826934337615967,0.13408824801445007,held_out,False,0.408203125,0.37332734607514884,pooled_controls,bf16
L20_N5595,20,5595,ambiguity,amb_0116,1.9323124885559082,1.9161019325256348,-0.016210556030273438,0.5209304094314575,0.5254890322685242,0.13408824801445007,held_out,False,0.5234375,0.37332734607514884,pooled_controls,bf16
L20_N5595,20,5595,ambiguity,amb_0117,0.41895708441734314,0.45453065633773804,0.0355735719203949,0.9367285370826721,0.9306368827819824,0.13408824801445007,held_out,False,0.0137939453125,0.37332734607514884,pooled_controls,bf16
L20_N5595,20,5595,ambiguity,amb_0118,2.198213577270508,2.1984596252441406,0.0002460479736328125,0.43398311734199524,0.43398886919021606,0.13408824801445007,held_out,False,0.4921875,0.37332734607514884,pooled_controls,bf16
L20_N5595,20,5595,ambiguity,amb_0119,2.812081813812256,2.8162262439727783,0.004144430160522461,0.23698896169662476,0.23618097603321075,0.13408824801445007,held_out,False,0.498046875,0.37332734607514884,pooled_controls,bf16
L20_N5595,20,5595,ambiguity,amb_ctrl_0000,0.7766406536102295,0.780046820640564,0.0034061670303344727,0.8515368700027466,0.8508482575416565,0.13408824801445007,working,True,0.11865234375,0.37332734607514884,pooled_controls,bf16
L20_N5595,20,5595,ambiguity,amb_ctrl_0001,0.09729471802711487,0.09696787595748901,-0.0003268420696258545,0.9864110350608826,0.9864452481269836,0.13408824801445007,working,True,0.310546875,0.37332734607514884,pooled_controls,bf16
L20_N5595,20,5595,ambiguity,amb_ctrl_0002,1.1501094102859497,1.1501094102859497,0.0,0.5672774314880371,0.5672774314880371,0.13408824801445007,working,True,0.373046875,0.37332734607514884,pooled_controls,bf16
L20_N5595,20,5595,ambiguity,amb_ctrl_0003,2.734994411468506,2.7377843856811523,0.0027899742126464844,0.21374362707138062,0.21265515685081482,0.13408824801445007,working,True,0.55859375,0.37332734607514884,pooled_controls,bf16
L20_N5595,20,5595,ambiguity,amb_ctrl_0004,1.2866910696029663,1.2819039821624756,-0.004787087440490723,0.5674577355384827,0.5686368346214294,0.13408824801445007,working,True,0.431640625,0.37332734607514884,pooled_controls,bf16
L20_N5595,20,5595,ambiguity,amb_ctrl_0005,2.6738407611846924,2.7466564178466797,0.0728156566619873,0.4896385371685028,0.47484222054481506,0.13408824801445007,working,True,0.169921875,0.37332734607514884,pooled_controls,bf16
L20_N5595,20,5595,ambiguity,amb_ctrl_0006,0.201217919588089,0.1930280178785324,-0.00818990170955658,0.9678196907043457,0.9698506593704224,0.13408824801445007,working,True,0.318359375,0.37332734607514884,pooled_controls,bf16
L20_N5595,20,5595,ambiguity,amb_ctrl_0007,0.2947760224342346,0.28378579020500183,-0.010990232229232788,0.949904203414917,0.9528171420097351,0.13408824801445007,working,True,0.376953125,0.37332734607514884,pooled_controls,bf16
L20_N5595,20,5595,ambiguity,amb_ctrl_0008,1.9313079118728638,1.9399406909942627,0.008632779121398926,0.36000311374664307,0.35825276374816895,0.13408824801445007,working,True,0.3359375,0.37332734607514884,pooled_controls,bf16
L20_N5595,20,5595,ambiguity,amb_ctrl_0009,0.604310154914856,0.6054980158805847,0.0011878609657287598,0.8772097826004028,0.8771454095840454,0.13408824801445007,working,True,0.1259765625,0.37332734607514884,pooled_controls,bf16
L20_N5595,20,5595,ambiguity,amb_ctrl_0010,0.12707942724227905,0.12689045071601868,-0.00018897652626037598,0.9798086285591125,0.9798293113708496,0.13408824801445007,working,True,0.314453125,0.37332734607514884,pooled_controls,bf16
L20_N5595,20,5595,ambiguity,amb_ctrl_0011,4.238875389099121,4.213932037353516,-0.02494335174560547,0.10977223515510559,0.10897188633680344,0.13408824801445007,working,True,0.271484375,0.37332734607514884,pooled_controls,bf16
L20_N5595,20,5595,ambiguity,amb_ctrl_0012,2.522399425506592,2.5222558975219727,-0.00014352798461914062,0.2560243010520935,0.25662723183631897,0.13408824801445007,working,True,0.474609375,0.37332734607514884,pooled_controls,bf16
L20_N5595,20,5595,ambiguity,amb_ctrl_0013,5.372662544250488,5.362706661224365,-0.009955883026123047,0.10198619961738586,0.10194703936576843,0.13408824801445007,working,True,0.431640625,0.37332734607514884,pooled_controls,bf16
L20_N5595,20,5595,ambiguity,amb_ctrl_0014,0.5423544645309448,0.5421336889266968,-0.00022077560424804688,0.9037502408027649,0.9038041234016418,0.13408824801445007,working,True,0.380859375,0.37332734607514884,pooled_controls,bf16
L20_N5595,20,5595,ambiguity,amb_ctrl_0015,4.3377366065979,4.330730438232422,-0.007006168365478516,0.2934378981590271,0.2901221811771393,0.13408824801445007,working,True,0.396484375,0.37332734607514884,pooled_controls,bf16
L20_N5595,20,5595,ambiguity,amb_ctrl_0016,2.8179564476013184,2.82797908782959,0.010022640228271484,0.24184849858283997,0.23680783808231354,0.13408824801445007,working,True,0.47265625,0.37332734607514884,pooled_controls,bf16
L20_N5595,20,5595,ambiguity,amb_ctrl_0017,1.3171398639678955,1.2922556400299072,-0.02488422393798828,0.773847758769989,0.780097246170044,0.13408824801445007,working,True,0.080078125,0.37332734607514884,pooled_controls,bf16
L20_N5595,20,5595,ambiguity,amb_ctrl_0018,2.9222288131713867,2.9247524738311768,0.002523660659790039,0.24335934221744537,0.2431837022304535,0.13408824801445007,working,True,0.48828125,0.37332734607514884,pooled_controls,bf16
L20_N5595,20,5595,ambiguity,amb_ctrl_0019,5.361654281616211,5.311464309692383,-0.050189971923828125,0.09632216393947601,0.10539202392101288,0.13408824801445007,working,True,0.078125,0.37332734607514884,pooled_controls,bf16
L20_N5595,20,5595,ambiguity,amb_ctrl_0020,4.601905822753906,4.599963665008545,-0.0019421577453613281,0.2898511588573456,0.2912578284740448,0.13408824801445007,working,True,0.330078125,0.37332734607514884,pooled_controls,bf16
L20_N5595,20,5595,ambiguity,amb_ctrl_0021,2.9766604900360107,2.975975513458252,-0.0006849765777587891,0.27002450823783875,0.26976731419563293,0.13408824801445007,working,True,0.41796875,0.37332734607514884,pooled_controls,bf16
L20_N5595,20,5595,ambiguity,amb_ctrl_0022,2.5405263900756836,2.542149305343628,0.001622915267944336,0.5305885672569275,0.5277217030525208,0.13408824801445007,working,True,0.048583984375,0.37332734607514884,pooled_controls,bf16
L20_N5595,20,5595,ambiguity,amb_ctrl_0023,2.682981014251709,2.728257417678833,0.04527640342712402,0.25725501775741577,0.23364484310150146,0.13408824801445007,working,True,0.484375,0.37332734607514884,pooled_controls,bf16
L20_N5595,20,5595,ambiguity,amb_ctrl_0024,2.4536571502685547,2.3835818767547607,-0.07007527351379395,0.5255476832389832,0.5456786751747131,0.13408824801445007,working,True,0.1376953125,0.37332734607514884,pooled_controls,bf16
L20_N5595,20,5595,ambiguity,amb_ctrl_0025,1.1939071416854858,1.1885614395141602,-0.005345702171325684,0.7682332992553711,0.7692618370056152,0.13408824801445007,working,True,0.35546875,0.37332734607514884,pooled_controls,bf16
L20_N5595,20,5595,ambiguity,amb_ctrl_0026,0.9327545166015625,0.9417072534561157,0.008952736854553223,0.7439746260643005,0.7423877120018005,0.13408824801445007,working,True,0.55078125,0.37332734607514884,pooled_controls,bf16
L20_N5595,20,5595,ambiguity,amb_ctrl_0027,1.6260687112808228,1.6829516887664795,0.05688297748565674,0.53364098072052,0.5048154592514038,0.13408824801445007,working,True,0.302734375,0.37332734607514884,pooled_controls,bf16
L20_N5595,20,5595,ambiguity,amb_ctrl_0028,1.9965972900390625,2.0689496994018555,0.07235240936279297,0.6128343939781189,0.5927156805992126,0.13408824801445007,working,True,0.1015625,0.37332734607514884,pooled_controls,bf16
L20_N5595,20,5595,ambiguity,amb_ctrl_0029,1.5382331609725952,1.5498874187469482,0.011654257774353027,0.38559937477111816,0.40977931022644043,0.13408824801445007,working,True,0.32421875,0.37332734607514884,pooled_controls,bf16
L20_N5595,20,5595,ambiguity,amb_ctrl_0030,1.825148344039917,1.828829050064087,0.003680706024169922,0.5318348407745361,0.5273723006248474,0.13408824801445007,working,True,0.390625,0.37332734607514884,pooled_controls,bf16
L20_N5595,20,5595,ambiguity,amb_ctrl_0031,3.056546926498413,3.0461158752441406,-0.010431051254272461,0.17859788239002228,0.17436830699443817,0.13408824801445007,working,True,0.48828125,0.37332734607514884,pooled_controls,bf16
L20_N5595,20,5595,ambiguity,amb_ctrl_0032,2.7289576530456543,2.7108025550842285,-0.01815509796142578,0.24979281425476074,0.2508631646633148,0.13408824801445007,working,True,0.0849609375,0.37332734607514884,pooled_controls,bf16
L20_N5595,20,5595,ambiguity,amb_ctrl_0033,0.5639548897743225,0.5585125088691711,-0.005442380905151367,0.8955055475234985,0.8965409398078918,0.13408824801445007,working,True,0.40625,0.37332734607514884,pooled_controls,bf16
L20_N5595,20,5595,ambiguity,amb_ctrl_0034,0.46364283561706543,0.4646316468715668,0.0009888112545013428,0.9274066090583801,0.9272373914718628,0.13408824801445007,working,True,0.44921875,0.37332734607514884,pooled_controls,bf16
L20_N5595,20,5595,ambiguity,amb_ctrl_0035,4.913356781005859,4.918257713317871,0.004900932312011719,0.07138054817914963,0.07165245711803436,0.13408824801445007,working,True,0.3046875,0.37332734607514884,pooled_controls,bf16
L20_N5595,20,5595,ambiguity,amb_ctrl_0036,2.8000435829162598,2.7830467224121094,-0.01699686050415039,0.42631012201309204,0.42434605956077576,0.13408824801445007,working,True,0.1708984375,0.37332734607514884,pooled_controls,bf16
L20_N5595,20,5595,ambiguity,amb_ctrl_0037,2.7010412216186523,2.7115447521209717,0.010503530502319336,0.38632428646087646,0.3792673647403717,0.13408824801445007,working,True,0.431640625,0.37332734607514884,pooled_controls,bf16
L20_N5595,20,5595,ambiguity,amb_ctrl_0038,3.2420296669006348,3.2333908081054688,-0.008638858795166016,0.1702917218208313,0.16847769916057587,0.13408824801445007,working,True,0.5234375,0.37332734607514884,pooled_controls,bf16
L20_N5595,20,5595,ambiguity,amb_ctrl_0039,0.3799930214881897,0.3772478401660919,-0.0027451813220977783,0.9415091276168823,0.9419567584991455,0.13408824801445007,working,True,0.43359375,0.37332734607514884,pooled_controls,bf16
L20_N5595,20,5595,ambiguity,amb_ctrl_0040,2.988630533218384,2.989992618560791,0.0013620853424072266,0.30050066113471985,0.30048733949661255,0.13408824801445007,working,True,0.353515625,0.37332734607514884,pooled_controls,bf16
L20_N5595,20,5595,ambiguity,amb_ctrl_0041,1.9082388877868652,1.9224443435668945,0.014205455780029297,0.5990794897079468,0.5934327244758606,0.13408824801445007,working,True,0.466796875,0.37332734607514884,pooled_controls,bf16
L20_N5595,20,5595,ambiguity,amb_ctrl_0042,3.304969549179077,3.312251567840576,0.0072820186614990234,0.3426487445831299,0.3441801965236664,0.13408824801445007,working,True,0.2314453125,0.37332734607514884,pooled_controls,bf16
L20_N5595,20,5595,ambiguity,amb_ctrl_0043,0.3423001766204834,0.3425004482269287,0.0002002716064453125,0.9096891283988953,0.9096682667732239,0.13408824801445007,working,True,0.28515625,0.37332734607514884,pooled_controls,bf16
L20_N5595,20,5595,ambiguity,amb_ctrl_0044,5.378116607666016,5.334077835083008,-0.04403877258300781,0.1182311624288559,0.12458742409944534,0.13408824801445007,working,True,0.328125,0.37332734607514884,pooled_controls,bf16
L20_N5595,20,5595,ambiguity,amb_ctrl_0045,2.304725170135498,2.3414220809936523,0.0366969108581543,0.26542025804519653,0.2408449351787567,0.13408824801445007,working,True,0.2275390625,0.37332734607514884,pooled_controls,bf16
L20_N5595,20,5595,ambiguity,amb_ctrl_0046,3.76407527923584,3.7687745094299316,0.004699230194091797,0.13274690508842468,0.1334328055381775,0.13408824801445007,working,True,0.396484375,0.37332734607514884,pooled_controls,bf16
L20_N5595,20,5595,ambiguity,amb_ctrl_0047,3.065524101257324,3.1166930198669434,0.05116891860961914,0.3836395740509033,0.36278215050697327,0.13408824801445007,working,True,0.1474609375,0.37332734607514884,pooled_controls,bf16
L20_N5595,20,5595,ambiguity,amb_ctrl_0048,5.083179473876953,5.0880537033081055,0.004874229431152344,0.18745993077754974,0.18903927505016327,0.13408824801445007,working,True,0.392578125,0.37332734607514884,pooled_controls,bf16
L20_N5595,20,5595,ambiguity,amb_ctrl_0049,1.2665965557098389,1.2718641757965088,0.005267620086669922,0.7476392984390259,0.746772050857544,0.13408824801445007,working,True,0.2294921875,0.37332734607514884,pooled_controls,bf16
L20_N5595,20,5595,ambiguity,amb_ctrl_0050,3.729827642440796,3.7382683753967285,0.008440732955932617,0.26900753378868103,0.2681821286678314,0.13408824801445007,working,True,0.2294921875,0.37332734607514884,pooled_controls,bf16
L20_N5595,20,5595,ambiguity,amb_ctrl_0051,2.2200121879577637,2.2220540046691895,0.0020418167114257812,0.5213475823402405,0.5221601128578186,0.13408824801445007,working,True,0.1171875,0.37332734607514884,pooled_controls,bf16
L20_N5595,20,5595,ambiguity,amb_ctrl_0052,3.310584545135498,3.2883334159851074,-0.022251129150390625,0.14980924129486084,0.15541182458400726,0.13408824801445007,working,True,0.56640625,0.37332734607514884,pooled_controls,bf16
L20_N5595,20,5595,ambiguity,amb_ctrl_0053,2.4620916843414307,2.4523444175720215,-0.00974726676940918,0.3166545331478119,0.29937395453453064,0.13408824801445007,working,True,0.078125,0.37332734607514884,pooled_controls,bf16
L20_N5595,20,5595,ambiguity,amb_ctrl_0054,4.114995956420898,4.107947826385498,-0.007048130035400391,0.2303536981344223,0.23124383389949799,0.13408824801445007,working,True,0.408203125,0.37332734607514884,pooled_controls,bf16
L20_N5595,20,5595,ambiguity,amb_ctrl_0055,2.642899990081787,2.636359214782715,-0.006540775299072266,0.32313698530197144,0.32615435123443604,0.13408824801445007,working,True,0.349609375,0.37332734607514884,pooled_controls,bf16
L20_N5595,20,5595,ambiguity,amb_ctrl_0056,4.992990493774414,4.990748405456543,-0.0022420883178710938,0.13981656730175018,0.13888441026210785,0.13408824801445007,working,True,0.421875,0.37332734607514884,pooled_controls,bf16
L20_N5595,20,5595,ambiguity,amb_ctrl_0057,0.72358238697052,0.7513740062713623,0.027791619300842285,0.6951943039894104,0.6683128476142883,0.13408824801445007,working,True,0.1767578125,0.37332734607514884,pooled_controls,bf16
L20_N5595,20,5595,ambiguity,amb_ctrl_0058,3.0716848373413086,3.089183807373047,0.01749897003173828,0.17631740868091583,0.17954471707344055,0.13408824801445007,working,True,0.54296875,0.37332734607514884,pooled_controls,bf16
L20_N5595,20,5595,ambiguity,amb_ctrl_0059,2.4294238090515137,2.5283665657043457,0.09894275665283203,0.5226604342460632,0.5006069540977478,0.13408824801445007,working,True,0.107421875,0.37332734607514884,pooled_controls,bf16
L20_N5595,20,5595,ambiguity,amb_ctrl_0060,1.0038834810256958,1.0133024454116821,0.009418964385986328,0.8310943841934204,0.8294233679771423,0.13408824801445007,working,True,0.388671875,0.37332734607514884,pooled_controls,bf16
L20_N5595,20,5595,ambiguity,amb_ctrl_0061,3.0814852714538574,3.086261749267578,0.004776477813720703,0.42257410287857056,0.4189811646938324,0.13408824801445007,working,True,0.1669921875,0.37332734607514884,pooled_controls,bf16
L20_N5595,20,5595,ambiguity,amb_ctrl_0062,6.099908351898193,6.117319107055664,0.017410755157470703,0.0454409196972847,0.04260675236582756,0.13408824801445007,working,True,0.0634765625,0.37332734607514884,pooled_controls,bf16
L20_N5595,20,5595,ambiguity,amb_ctrl_0063,3.982426166534424,4.096293926239014,0.11386775970458984,0.19488677382469177,0.18471211194992065,0.13408824801445007,working,True,0.1376953125,0.37332734607514884,pooled_controls,bf16
L20_N5595,20,5595,ambiguity,amb_ctrl_0064,1.2800276279449463,1.2761015892028809,-0.00392603874206543,0.7049450278282166,0.7059385180473328,0.13408824801445007,working,True,0.4453125,0.37332734607514884,pooled_controls,bf16
L20_N5595,20,5595,ambiguity,amb_ctrl_0065,1.728804349899292,1.7213075160980225,-0.007496833801269531,0.5687795877456665,0.5717125535011292,0.13408824801445007,working,True,0.4296875,0.37332734607514884,pooled_controls,bf16
L20_N5595,20,5595,ambiguity,amb_ctrl_0066,2.0725255012512207,2.095317840576172,0.022792339324951172,0.38031232357025146,0.39794084429740906,0.13408824801445007,working,True,0.5703125,0.37332734607514884,pooled_controls,bf16
L20_N5595,20,5595,ambiguity,amb_ctrl_0067,3.082766532897949,3.0817246437072754,-0.0010418891906738281,0.21626727283000946,0.2172243446111679,0.13408824801445007,working,True,0.427734375,0.37332734607514884,pooled_controls,bf16
L20_N5595,20,5595,ambiguity,amb_ctrl_0068,2.5241587162017822,2.52638578414917,0.0022270679473876953,0.29160362482070923,0.2907068133354187,0.13408824801445007,working,True,0.486328125,0.37332734607514884,pooled_controls,bf16
L20_N5595,20,5595,ambiguity,amb_ctrl_0069,1.3749003410339355,1.388293743133545,0.013393402099609375,0.7211427688598633,0.7181974649429321,0.13408824801445007,working,True,0.341796875,0.37332734607514884,pooled_controls,bf16
L20_N5595,20,5595,ambiguity,amb_ctrl_0070,1.204169511795044,1.204169511795044,0.0,0.7618666887283325,0.7618666887283325,0.13408824801445007,working,True,0.373046875,0.37332734607514884,pooled_controls,bf16
L20_N5595,20,5595,ambiguity,amb_ctrl_0071,2.7363505363464355,2.7345380783081055,-0.0018124580383300781,0.2670269310474396,0.2654169201850891,0.13408824801445007,working,True,0.53515625,0.37332734607514884,pooled_controls,bf16
L20_N5595,20,5595,ambiguity,amb_ctrl_0072,0.3991299271583557,0.3980603814125061,-0.0010695457458496094,0.9259452819824219,0.9261009693145752,0.13408824801445007,working,True,0.244140625,0.37332734607514884,pooled_controls,bf16
L20_N5595,20,5595,ambiguity,amb_ctrl_0073,2.7911183834075928,2.721353530883789,-0.06976485252380371,0.31099262833595276,0.3323768973350525,0.13408824801445007,working,True,0.435546875,0.37332734607514884,pooled_controls,bf16
L20_N5595,20,5595,ambiguity,amb_ctrl_0074,2.8901166915893555,2.882828950881958,-0.007287740707397461,0.2257860153913498,0.22498707473278046,0.13408824801445007,working,True,0.51171875,0.37332734607514884,pooled_controls,bf16
L20_N5595,20,5595,ambiguity,amb_ctrl_0075,2.611227512359619,2.606743812561035,-0.004483699798583984,0.5451282262802124,0.5437160730361938,0.13408824801445007,working,True,0.1884765625,0.37332734607514884,pooled_controls,bf16
L20_N5595,20,5595,ambiguity,amb_ctrl_0076,3.449631690979004,3.4657020568847656,0.01607036590576172,0.2657425105571747,0.2516908347606659,0.13408824801445007,working,True,0.42578125,0.37332734607514884,pooled_controls,bf16
L20_N5595,20,5595,ambiguity,amb_ctrl_0077,1.4236340522766113,1.4259394407272339,0.0023053884506225586,0.6163606643676758,0.6016184687614441,0.13408824801445007,working,True,0.28125,0.37332734607514884,pooled_controls,bf16
L20_N5595,20,5595,ambiguity,amb_ctrl_0078,2.2226996421813965,2.240265130996704,0.017565488815307617,0.41798335313796997,0.4076550006866455,0.13408824801445007,working,True,0.478515625,0.37332734607514884,pooled_controls,bf16
L20_N5595,20,5595,ambiguity,amb_ctrl_0079,2.553337574005127,2.639343500137329,0.08600592613220215,0.43941590189933777,0.4149736166000366,0.13408824801445007,working,True,0.5078125,0.37332734607514884,pooled_controls,bf16
L20_N5595,20,5595,ambiguity,amb_ctrl_0080,2.430419445037842,2.430551052093506,0.0001316070556640625,0.27730607986450195,0.2772769033908844,0.13408824801445007,working,True,0.427734375,0.37332734607514884,pooled_controls,bf16
L20_N5595,20,5595,ambiguity,amb_ctrl_0081,1.4725465774536133,1.468280553817749,-0.004266023635864258,0.5391753315925598,0.5416210889816284,0.13408824801445007,working,True,0.1982421875,0.37332734607514884,pooled_controls,bf16
L20_N5595,20,5595,ambiguity,amb_ctrl_0082,2.0238261222839355,2.044313430786133,0.020487308502197266,0.4524519741535187,0.44448381662368774,0.13408824801445007,working,True,0.59375,0.37332734607514884,pooled_controls,bf16
L20_N5595,20,5595,ambiguity,amb_ctrl_0083,1.331174373626709,1.3684203624725342,0.037245988845825195,0.5272114872932434,0.49742376804351807,0.13408824801445007,working,True,0.2294921875,0.37332734607514884,pooled_controls,bf16
L20_N5595,20,5595,ambiguity,amb_ctrl_0084,3.23014760017395,3.359224796295166,0.12907719612121582,0.43897515535354614,0.4076935648918152,0.13408824801445007,held_out,True,0.1015625,0.37332734607514884,pooled_controls,bf16
L20_N5595,20,5595,ambiguity,amb_ctrl_0085,2.178281784057617,2.171713352203369,-0.006568431854248047,0.3071621358394623,0.3079800307750702,0.13408824801445007,held_out,True,0.435546875,0.37332734607514884,pooled_controls,bf16
L20_N5595,20,5595,ambiguity,amb_ctrl_0086,1.1892834901809692,1.2253621816635132,0.036078691482543945,0.6098666191101074,0.5870544910430908,0.13408824801445007,held_out,True,0.173828125,0.37332734607514884,pooled_controls,bf16
L20_N5595,20,5595,ambiguity,amb_ctrl_0087,4.720757007598877,4.7155609130859375,-0.005196094512939453,0.18051175773143768,0.17901331186294556,0.13408824801445007,held_out,True,0.0966796875,0.37332734607514884,pooled_controls,bf16
L20_N5595,20,5595,ambiguity,amb_ctrl_0088,1.8164480924606323,1.8091448545455933,-0.0073032379150390625,0.3447813093662262,0.34555068612098694,0.13408824801445007,held_out,True,0.197265625,0.37332734607514884,pooled_controls,bf16
L20_N5595,20,5595,ambiguity,amb_ctrl_0089,0.8166414499282837,0.8115222454071045,-0.005119204521179199,0.8653537631034851,0.8663787245750427,0.13408824801445007,held_out,True,0.036865234375,0.37332734607514884,pooled_controls,bf16
L20_N5595,20,5595,ambiguity,amb_ctrl_0090,0.7313582897186279,0.7302747368812561,-0.0010835528373718262,0.8488500714302063,0.8490160703659058,0.13408824801445007,held_out,True,0.345703125,0.37332734607514884,pooled_controls,bf16
L20_N5595,20,5595,ambiguity,amb_ctrl_0091,0.7912845611572266,0.7932101488113403,0.0019255876541137695,0.8505407571792603,0.8502417206764221,0.13408824801445007,held_out,True,0.310546875,0.37332734607514884,pooled_controls,bf16
L20_N5595,20,5595,ambiguity,amb_ctrl_0092,0.20004436373710632,0.21134723722934723,0.011302873492240906,0.9656380414962769,0.9628186821937561,0.13408824801445007,held_out,True,0.328125,0.37332734607514884,pooled_controls,bf16
L20_N5595,20,5595,ambiguity,amb_ctrl_0093,0.8184689283370972,0.8176031708717346,-0.0008657574653625488,0.7807179093360901,0.7808319330215454,0.13408824801445007,held_out,True,0.275390625,0.37332734607514884,pooled_controls,bf16
L20_N5595,20,5595,ambiguity,amb_ctrl_0094,1.9382219314575195,1.9326581954956055,-0.0055637359619140625,0.47598159313201904,0.4807600975036621,0.13408824801445007,held_out,True,0.328125,0.37332734607514884,pooled_controls,bf16
L20_N5595,20,5595,ambiguity,amb_ctrl_0095,0.1967904269695282,0.19669538736343384,-9.503960609436035e-05,0.9730347990989685,0.9730432629585266,0.13408824801445007,held_out,True,0.294921875,0.37332734607514884,pooled_controls,bf16
L20_N5595,20,5595,ambiguity,amb_ctrl_0096,0.27954334020614624,0.27735790610313416,-0.002185434103012085,0.9592352509498596,0.9596033692359924,0.13408824801445007,held_out,True,0.275390625,0.37332734607514884,pooled_controls,bf16
L20_N5595,20,5595,ambiguity,amb_ctrl_0097,4.615304946899414,4.543891906738281,-0.07141304016113281,0.2903858721256256,0.306571900844574,0.13408824801445007,held_out,True,0.212890625,0.37332734607514884,pooled_controls,bf16
L20_N5595,20,5595,ambiguity,amb_ctrl_0098,1.0526940822601318,1.0453002452850342,-0.007393836975097656,0.7801284193992615,0.782241940498352,0.13408824801445007,held_out,True,0.423828125,0.37332734607514884,pooled_controls,bf16
L20_N5595,20,5595,ambiguity,amb_ctrl_0099,2.617166519165039,2.6686010360717773,0.05143451690673828,0.35361507534980774,0.34301507472991943,0.13408824801445007,held_out,True,0.045654296875,0.37332734607514884,pooled_controls,bf16
L20_N5595,20,5595,ambiguity,amb_ctrl_0100,3.230755090713501,3.236025810241699,0.005270719528198242,0.21227960288524628,0.2121879905462265,0.13408824801445007,held_out,True,0.265625,0.37332734607514884,pooled_controls,bf16
L20_N5595,20,5595,ambiguity,amb_ctrl_0101,2.5137133598327637,2.4532406330108643,-0.060472726821899414,0.3411417007446289,0.36786016821861267,0.13408824801445007,held_out,True,0.43359375,0.37332734607514884,pooled_controls,bf16
L20_N5595,20,5595,ambiguity,amb_ctrl_0102,3.382952928543091,3.399386167526245,0.016433238983154297,0.4389851689338684,0.4410010278224945,0.13408824801445007,held_out,True,0.431640625,0.37332734607514884,pooled_controls,bf16
L20_N5595,20,5595,ambiguity,amb_ctrl_0103,1.2881443500518799,1.315751075744629,0.027606725692749023,0.6099465489387512,0.6031210422515869,0.13408824801445007,held_out,True,0.5859375,0.37332734607514884,pooled_controls,bf16
L20_N5595,20,5595,ambiguity,amb_ctrl_0104,1.2201045751571655,1.2001383304595947,-0.0199662446975708,0.6614540815353394,0.6995126605033875,0.13408824801445007,held_out,True,0.15234375,0.37332734607514884,pooled_controls,bf16
L20_N5595,20,5595,ambiguity,amb_ctrl_0105,1.7128682136535645,1.755711555480957,0.04284334182739258,0.42329180240631104,0.4000914692878723,0.13408824801445007,held_out,True,0.380859375,0.37332734607514884,pooled_controls,bf16
L20_N5595,20,5595,ambiguity,amb_ctrl_0106,4.290400505065918,4.264132499694824,-0.02626800537109375,0.12830117344856262,0.13622000813484192,0.13408824801445007,held_out,True,0.31640625,0.37332734607514884,pooled_controls,bf16
L20_N5595,20,5595,ambiguity,amb_ctrl_0107,1.973547339439392,1.9554343223571777,-0.018113017082214355,0.5560788512229919,0.5611744523048401,0.13408824801445007,held_out,True,0.498046875,0.37332734607514884,pooled_controls,bf16
L20_N5595,20,5595,ambiguity,amb_ctrl_0108,5.345915794372559,5.344043731689453,-0.0018720626831054688,0.19730085134506226,0.19692450761795044,0.13408824801445007,held_out,True,0.359375,0.37332734607514884,pooled_controls,bf16
L20_N5595,20,5595,ambiguity,amb_ctrl_0109,2.405097723007202,2.4077656269073486,0.0026679039001464844,0.5640195608139038,0.5646334886550903,0.13408824801445007,held_out,True,0.126953125,0.37332734607514884,pooled_controls,bf16
L20_N5595,20,5595,ambiguity,amb_ctrl_0110,2.2092509269714355,2.2200207710266113,0.010769844055175781,0.2498709261417389,0.2485784888267517,0.13408824801445007,held_out,True,0.5625,0.37332734607514884,pooled_controls,bf16
L20_N5595,20,5595,ambiguity,amb_ctrl_0111,2.009219169616699,2.009450912475586,0.00023174285888671875,0.44997212290763855,0.45000380277633667,0.13408824801445007,held_out,True,0.546875,0.37332734607514884,pooled_controls,bf16
L20_N5595,20,5595,ambiguity,amb_ctrl_0112,1.7968382835388184,1.8730106353759766,0.0761723518371582,0.5710203051567078,0.5424790978431702,0.13408824801445007,held_out,True,0.37890625,0.37332734607514884,pooled_controls,bf16
L20_N5595,20,5595,ambiguity,amb_ctrl_0113,4.333885192871094,4.260640621185303,-0.07324457168579102,0.34712934494018555,0.3660103678703308,0.13408824801445007,held_out,True,0.2216796875,0.37332734607514884,pooled_controls,bf16
L20_N5595,20,5595,ambiguity,amb_ctrl_0114,1.9962888956069946,1.9928112030029297,-0.0034776926040649414,0.3115333616733551,0.31771814823150635,0.13408824801445007,held_out,True,0.294921875,0.37332734607514884,pooled_controls,bf16
L20_N5595,20,5595,ambiguity,amb_ctrl_0115,2.317293643951416,2.316840171813965,-0.0004534721374511719,0.4041188955307007,0.4052192270755768,0.13408824801445007,held_out,True,0.478515625,0.37332734607514884,pooled_controls,bf16
L20_N5595,20,5595,ambiguity,amb_ctrl_0116,2.3295745849609375,2.3550941944122314,0.025519609451293945,0.3391643166542053,0.3316515386104584,0.13408824801445007,held_out,True,0.51953125,0.37332734607514884,pooled_controls,bf16
L20_N5595,20,5595,ambiguity,amb_ctrl_0117,1.5883352756500244,1.564307451248169,-0.02402782440185547,0.574742317199707,0.5893646478652954,0.13408824801445007,held_out,True,0.400390625,0.37332734607514884,pooled_controls,bf16
L20_N5595,20,5595,ambiguity,amb_ctrl_0118,2.7129154205322266,2.7149670124053955,0.0020515918731689453,0.21529023349285126,0.21513614058494568,0.13408824801445007,held_out,True,0.44140625,0.37332734607514884,pooled_controls,bf16
L20_N5595,20,5595,ambiguity,amb_ctrl_0119,3.844236135482788,3.841562032699585,-0.002674102783203125,0.126031756401062,0.1247134804725647,0.13408824801445007,held_out,True,0.51953125,0.37332734607514884,pooled_controls,bf16
L31_N2477,31,2477,ambiguity,amb_0000,2.131409168243408,2.1343417167663574,0.0029325485229492188,0.3043592870235443,0.3040827214717865,0.07150837779045105,working,False,-2.46875,-0.9732913062686012,pooled_controls,bf16
L31_N2477,31,2477,ambiguity,amb_0001,4.559041500091553,4.535327911376953,-0.02371358871459961,0.1691441833972931,0.16791516542434692,0.07150837779045105,working,False,0.91796875,-0.9732913062686012,pooled_controls,bf16
L31_N2477,31,2477,ambiguity,amb_0002,0.5591363906860352,0.5591120719909668,-2.4318695068359375e-05,0.7746531963348389,0.774655282497406,0.07150837779045105,working,False,-1.2734375,-0.9732913062686012,pooled_controls,bf16
L31_N2477,31,2477,ambiguity,amb_0003,0.7737653255462646,0.7680800557136536,-0.005685269832611084,0.8860874176025391,0.8871039748191833,0.07150837779045105,working,False,-0.2734375,-0.9732913062686012,pooled_controls,bf16
L31_N2477,31,2477,ambiguity,amb_0004,3.214151620864868,3.2168078422546387,0.002656221389770508,0.3810039460659027,0.382582426071167,0.07150837779045105,working,False,-0.65625,-0.9732913062686012,pooled_controls,bf16
L31_N2477,31,2477,ambiguity,amb_0005,0.40345656871795654,0.40380582213401794,0.00034925341606140137,0.9331170916557312,0.9330759048461914,0.07150837779045105,working,False,-1.3515625,-0.9732913062686012,pooled_controls,bf16
L31_N2477,31,2477,ambiguity,amb_0006,2.6447858810424805,2.652994155883789,0.008208274841308594,0.3364722430706024,0.3348252773284912,0.07150837779045105,working,False,-3.0625,-0.9732913062686012,pooled_controls,bf16
L31_N2477,31,2477,ambiguity,amb_0007,2.73992919921875,2.742910623550415,0.002981424331665039,0.3336516320705414,0.3337884247303009,0.07150837779045105,working,False,-3.203125,-0.9732913062686012,pooled_controls,bf16
L31_N2477,31,2477,ambiguity,amb_0008,3.0731167793273926,3.1384592056274414,0.06534242630004883,0.321990430355072,0.29983896017074585,0.07150837779045105,working,False,-2.65625,-0.9732913062686012,pooled_controls,bf16
L31_N2477,31,2477,ambiguity,amb_0009,2.3017964363098145,2.3087353706359863,0.006938934326171875,0.3590010106563568,0.3579799234867096,0.07150837779045105,working,False,-1.5078125,-0.9732913062686012,pooled_controls,bf16
L31_N2477,31,2477,ambiguity,amb_0010,3.0725746154785156,3.052680015563965,-0.01989459991455078,0.32308200001716614,0.3210222125053406,0.07150837779045105,working,False,-0.625,-0.9732913062686012,pooled_controls,bf16
L31_N2477,31,2477,ambiguity,amb_0011,0.1853773295879364,0.1859074831008911,0.0005301535129547119,0.9783462882041931,0.9782625436782837,0.07150837779045105,working,False,-0.76953125,-0.9732913062686012,pooled_controls,bf16
L31_N2477,31,2477,ambiguity,amb_0012,0.2827058434486389,0.3021741509437561,0.019468307495117188,0.9530503153800964,0.9494901895523071,0.07150837779045105,working,False,-3.671875,-0.9732913062686012,pooled_controls,bf16
L31_N2477,31,2477,ambiguity,amb_0013,2.846848487854004,2.851374864578247,0.004526376724243164,0.23987779021263123,0.24316619336605072,0.07150837779045105,working,False,-0.384765625,-0.9732913062686012,pooled_controls,bf16
L31_N2477,31,2477,ambiguity,amb_0014,1.7274397611618042,1.7242597341537476,-0.0031800270080566406,0.6531180739402771,0.6536489725112915,0.07150837779045105,working,False,-0.60546875,-0.9732913062686012,pooled_controls,bf16
L31_N2477,31,2477,ambiguity,amb_0015,2.646392345428467,2.652620792388916,0.006228446960449219,0.2669826149940491,0.2660568058490753,0.07150837779045105,working,False,-2.3125,-0.9732913062686012,pooled_controls,bf16
L31_N2477,31,2477,ambiguity,amb_0016,2.1020545959472656,2.1256632804870605,0.023608684539794922,0.356288343667984,0.36856609582901,0.07150837779045105,working,False,-1.015625,-0.9732913062686012,pooled_controls,bf16
L31_N2477,31,2477,ambiguity,amb_0017,2.545952796936035,2.5340006351470947,-0.01195216178894043,0.3178497850894928,0.31142565608024597,0.07150837779045105,working,False,-0.67578125,-0.9732913062686012,pooled_controls,bf16
L31_N2477,31,2477,ambiguity,amb_0018,2.6739742755889893,2.5916380882263184,-0.0823361873626709,0.5581860542297363,0.5761325359344482,0.07150837779045105,working,False,0.045654296875,-0.9732913062686012,pooled_controls,bf16
L31_N2477,31,2477,ambiguity,amb_0019,3.003119945526123,3.007690906524658,0.004570960998535156,0.26456767320632935,0.26420149207115173,0.07150837779045105,working,False,-1.796875,-0.9732913062686012,pooled_controls,bf16
L31_N2477,31,2477,ambiguity,amb_0020,3.019925832748413,3.064129114151001,0.04420328140258789,0.2309427112340927,0.21487900614738464,0.07150837779045105,working,False,-2.796875,-0.9732913062686012,pooled_controls,bf16
L31_N2477,31,2477,ambiguity,amb_0021,0.8744735717773438,0.8857437372207642,0.01127016544342041,0.78462815284729,0.7817769050598145,0.07150837779045105,working,False,0.25,-0.9732913062686012,pooled_controls,bf16
L31_N2477,31,2477,ambiguity,amb_0022,1.4463167190551758,1.4386613368988037,-0.00765538215637207,0.6989033222198486,0.6999797821044922,0.07150837779045105,working,False,0.423828125,-0.9732913062686012,pooled_controls,bf16
L31_N2477,31,2477,ambiguity,amb_0023,2.3588614463806152,2.3580422401428223,-0.0008192062377929688,0.3514297902584076,0.3515353500843048,0.07150837779045105,working,False,-1.03125,-0.9732913062686012,pooled_controls,bf16
L31_N2477,31,2477,ambiguity,amb_0024,2.423225164413452,2.419572114944458,-0.0036530494689941406,0.163632333278656,0.16876843571662903,0.07150837779045105,working,False,-1.3671875,-0.9732913062686012,pooled_controls,bf16
L31_N2477,31,2477,ambiguity,amb_0025,2.3594460487365723,2.3586912155151367,-0.0007548332214355469,0.38730406761169434,0.3873782455921173,0.07150837779045105,working,False,-1.3515625,-0.9732913062686012,pooled_controls,bf16
L31_N2477,31,2477,ambiguity,amb_0026,3.7028703689575195,3.702956199645996,8.58306884765625e-05,0.3228043019771576,0.3227899968624115,0.07150837779045105,working,False,-0.95703125,-0.9732913062686012,pooled_controls,bf16
L31_N2477,31,2477,ambiguity,amb_0027,1.8813252449035645,1.8807693719863892,-0.000555872917175293,0.6477286219596863,0.6467795372009277,0.07150837779045105,working,False,0.251953125,-0.9732913062686012,pooled_controls,bf16
L31_N2477,31,2477,ambiguity,amb_0028,2.591080665588379,2.583298683166504,-0.007781982421875,0.5235283970832825,0.5262224078178406,0.07150837779045105,working,False,-0.09228515625,-0.9732913062686012,pooled_controls,bf16
L31_N2477,31,2477,ambiguity,amb_0029,2.0469510555267334,2.039839744567871,-0.007111310958862305,0.5000725388526917,0.5014493465423584,0.07150837779045105,working,False,-2.109375,-0.9732913062686012,pooled_controls,bf16
L31_N2477,31,2477,ambiguity,amb_0030,1.3423449993133545,1.3288662433624268,-0.013478755950927734,0.5465922355651855,0.5546757578849792,0.07150837779045105,working,False,-0.375,-0.9732913062686012,pooled_controls,bf16
L31_N2477,31,2477,ambiguity,amb_0031,2.5924174785614014,2.5980300903320312,0.005612611770629883,0.2651655673980713,0.2721313238143921,0.07150837779045105,working,False,-1.4765625,-0.9732913062686012,pooled_controls,bf16
L31_N2477,31,2477,ambiguity,amb_0032,0.7734093070030212,0.7463924288749695,-0.027016878128051758,0.7512880563735962,0.7671414613723755,0.07150837779045105,working,False,-4.0,-0.9732913062686012,pooled_controls,bf16
L31_N2477,31,2477,ambiguity,amb_0033,0.3125807046890259,0.3125836253166199,2.9206275939941406e-06,0.9496376514434814,0.9496372938156128,0.07150837779045105,working,False,-1.0,-0.9732913062686012,pooled_controls,bf16
L31_N2477,31,2477,ambiguity,amb_0034,0.06319817155599594,0.06319524347782135,-2.9280781745910645e-06,0.9920816421508789,0.9920816421508789,0.07150837779045105,working,False,-0.83984375,-0.9732913062686012,pooled_controls,bf16
L31_N2477,31,2477,ambiguity,amb_0035,3.2133400440216064,3.204240322113037,-0.009099721908569336,0.14269918203353882,0.14224690198898315,0.07150837779045105,working,False,0.1181640625,-0.9732913062686012,pooled_controls,bf16
L31_N2477,31,2477,ambiguity,amb_0036,0.27980995178222656,0.28018736839294434,0.00037741661071777344,0.956149697303772,0.9561030268669128,0.07150837779045105,working,False,-0.9921875,-0.9732913062686012,pooled_controls,bf16
L31_N2477,31,2477,ambiguity,amb_0037,2.2706377506256104,2.268460273742676,-0.0021774768829345703,0.2931281328201294,0.29336586594581604,0.07150837779045105,working,False,-1.578125,-0.9732913062686012,pooled_controls,bf16
L31_N2477,31,2477,ambiguity,amb_0038,1.907806158065796,1.9154778718948364,0.007671713829040527,0.5503026843070984,0.5489442348480225,0.07150837779045105,working,False,-2.1875,-0.9732913062686012,pooled_controls,bf16
L31_N2477,31,2477,ambiguity,amb_0039,0.4548197090625763,0.45470038056373596,-0.00011932849884033203,0.8976051807403564,0.8975967764854431,0.07150837779045105,working,False,2.078125,-0.9732913062686012,pooled_controls,bf16
L31_N2477,31,2477,ambiguity,amb_0040,2.049222946166992,2.0509281158447266,0.001705169677734375,0.47096139192581177,0.47085660696029663,0.07150837779045105,working,False,-2.09375,-0.9732913062686012,pooled_controls,bf16
L31_N2477,31,2477,ambiguity,amb_0041,0.4766418933868408,0.47840267419815063,0.0017607808113098145,0.9048458933830261,0.9046282768249512,0.07150837779045105,working,False,-2.03125,-0.9732913062686012,pooled_controls,bf16
L31_N2477,31,2477,ambiguity,amb_0042,3.4453678131103516,3.4615468978881836,0.01617908477783203,0.12374655902385712,0.12553441524505615,0.07150837779045105,working,False,-1.6875,-0.9732913062686012,pooled_controls,bf16
L31_N2477,31,2477,ambiguity,amb_0043,2.176589012145996,2.1766581535339355,6.914138793945312e-05,0.3841998279094696,0.3842989206314087,0.07150837779045105,working,False,-2.21875,-0.9732913062686012,pooled_controls,bf16
L31_N2477,31,2477,ambiguity,amb_0044,2.562283515930176,2.5679471492767334,0.005663633346557617,0.3696751594543457,0.3686511516571045,0.07150837779045105,working,False,-1.5625,-0.9732913062686012,pooled_controls,bf16
L31_N2477,31,2477,ambiguity,amb_0045,2.8056182861328125,2.8024377822875977,-0.0031805038452148438,0.22283335030078888,0.22393351793289185,0.07150837779045105,working,False,-0.2353515625,-0.9732913062686012,pooled_controls,bf16
L31_N2477,31,2477,ambiguity,amb_0046,1.8792414665222168,1.8813694715499878,0.002128005027770996,0.43458327651023865,0.4338603913784027,0.07150837779045105,working,False,-0.010009765625,-0.9732913062686012,pooled_controls,bf16
L31_N2477,31,2477,ambiguity,amb_0047,3.5664448738098145,3.5666263103485107,0.00018143653869628906,0.1757456362247467,0.1757461428642273,0.07150837779045105,working,False,-0.53515625,-0.9732913062686012,pooled_controls,bf16
L31_N2477,31,2477,ambiguity,amb_0048,2.5035877227783203,2.569713592529297,0.06612586975097656,0.38110023736953735,0.3529289662837982,0.07150837779045105,working,False,-2.828125,-0.9732913062686012,pooled_controls,bf16
L31_N2477,31,2477,ambiguity,amb_0049,4.102269172668457,4.117927551269531,0.01565837860107422,0.16889438033103943,0.16085690259933472,0.07150837779045105,working,False,0.26953125,-0.9732913062686012,pooled_controls,bf16
L31_N2477,31,2477,ambiguity,amb_0050,0.5448554754257202,0.541513979434967,-0.003341495990753174,0.9203320145606995,0.9208799004554749,0.07150837779045105,working,False,-0.515625,-0.9732913062686012,pooled_controls,bf16
L31_N2477,31,2477,ambiguity,amb_0051,2.2842979431152344,2.2874553203582764,0.003157377243041992,0.3175898790359497,0.31737565994262695,0.07150837779045105,working,False,-2.09375,-0.9732913062686012,pooled_controls,bf16
L31_N2477,31,2477,ambiguity,amb_0052,2.544663667678833,2.5465755462646484,0.0019118785858154297,0.3059062957763672,0.31357550621032715,0.07150837779045105,working,False,-2.40625,-0.9732913062686012,pooled_controls,bf16
L31_N2477,31,2477,ambiguity,amb_0053,0.26553624868392944,0.2653282880783081,-0.0002079606056213379,0.9484477639198303,0.9484736323356628,0.07150837779045105,working,False,-1.2421875,-0.9732913062686012,pooled_controls,bf16
L31_N2477,31,2477,ambiguity,amb_0054,3.3073582649230957,3.3185009956359863,0.011142730712890625,0.20128417015075684,0.20027044415473938,0.07150837779045105,working,False,-2.53125,-0.9732913062686012,pooled_controls,bf16
L31_N2477,31,2477,ambiguity,amb_0055,2.3507449626922607,2.2831528186798096,-0.06759214401245117,0.3764025568962097,0.40621161460876465,0.07150837779045105,working,False,-2.0,-0.9732913062686012,pooled_controls,bf16
L31_N2477,31,2477,ambiguity,amb_0056,2.9696860313415527,2.9706573486328125,0.0009713172912597656,0.3324529230594635,0.3323585093021393,0.07150837779045105,working,False,-0.671875,-0.9732913062686012,pooled_controls,bf16
L31_N2477,31,2477,ambiguity,amb_0057,3.6951136589050293,3.720768690109253,0.025655031204223633,0.2154395580291748,0.20618952810764313,0.07150837779045105,working,False,-0.4375,-0.9732913062686012,pooled_controls,bf16
L31_N2477,31,2477,ambiguity,amb_0058,0.6380835771560669,0.6484214067459106,0.01033782958984375,0.8878673315048218,0.8852185606956482,0.07150837779045105,working,False,-3.671875,-0.9732913062686012,pooled_controls,bf16
L31_N2477,31,2477,ambiguity,amb_0059,1.6167001724243164,1.6247780323028564,0.008077859878540039,0.4122750759124756,0.4113446772098541,0.07150837779045105,working,False,-3.671875,-0.9732913062686012,pooled_controls,bf16
L31_N2477,31,2477,ambiguity,amb_0060,2.2315759658813477,2.2394351959228516,0.007859230041503906,0.4630894958972931,0.4604344367980957,0.07150837779045105,working,False,-1.625,-0.9732913062686012,pooled_controls,bf16
L31_N2477,31,2477,ambiguity,amb_0061,2.1432714462280273,2.141519546508789,-0.0017518997192382812,0.34881308674812317,0.3491056561470032,0.07150837779045105,working,False,-2.265625,-0.9732913062686012,pooled_controls,bf16
L31_N2477,31,2477,ambiguity,amb_0062,0.42451727390289307,0.4257085919380188,0.0011913180351257324,0.9445533156394958,0.9443373084068298,0.07150837779045105,working,False,-0.416015625,-0.9732913062686012,pooled_controls,bf16
L31_N2477,31,2477,ambiguity,amb_0063,3.6907150745391846,3.693474769592285,0.002759695053100586,0.31620991230010986,0.31564560532569885,0.07150837779045105,working,False,-1.125,-0.9732913062686012,pooled_controls,bf16
L31_N2477,31,2477,ambiguity,amb_0064,2.0356671810150146,2.0740041732788086,0.038336992263793945,0.33568695187568665,0.34940066933631897,0.07150837779045105,working,False,-2.578125,-0.9732913062686012,pooled_controls,bf16
L31_N2477,31,2477,ambiguity,amb_0065,0.09549930691719055,0.0958140641450882,0.00031475722789764404,0.9887312054634094,0.9887085556983948,0.07150837779045105,working,False,-2.4375,-0.9732913062686012,pooled_controls,bf16
L31_N2477,31,2477,ambiguity,amb_0066,2.0707223415374756,2.0751843452453613,0.004462003707885742,0.32435888051986694,0.32379621267318726,0.07150837779045105,working,False,-1.296875,-0.9732913062686012,pooled_controls,bf16
L31_N2477,31,2477,ambiguity,amb_0067,3.4030425548553467,3.3993756771087646,-0.0036668777465820312,0.2503643333911896,0.2506398558616638,0.07150837779045105,working,False,-0.5390625,-0.9732913062686012,pooled_controls,bf16
L31_N2477,31,2477,ambiguity,amb_0068,0.27864107489585876,0.28666847944259644,0.008027404546737671,0.9491060376167297,0.9479464888572693,0.07150837779045105,working,False,-1.8984375,-0.9732913062686012,pooled_controls,bf16
L31_N2477,31,2477,ambiguity,amb_0069,3.569601058959961,3.574525833129883,0.004924774169921875,0.23654481768608093,0.23340339958667755,0.07150837779045105,working,False,0.57421875,-0.9732913062686012,pooled_controls,bf16
L31_N2477,31,2477,ambiguity,amb_0070,1.2353311777114868,1.237025260925293,0.0016940832138061523,0.7235127687454224,0.7233434915542603,0.07150837779045105,working,False,-2.65625,-0.9732913062686012,pooled_controls,bf16
L31_N2477,31,2477,ambiguity,amb_0071,0.5878744125366211,0.5863123536109924,-0.0015620589256286621,0.9036218523979187,0.9038823843002319,0.07150837779045105,working,False,-0.80859375,-0.9732913062686012,pooled_controls,bf16
L31_N2477,31,2477,ambiguity,amb_0072,1.4870750904083252,1.5896130800247192,0.10253798961639404,0.7113951444625854,0.6851597428321838,0.07150837779045105,working,False,-2.25,-0.9732913062686012,pooled_controls,bf16
L31_N2477,31,2477,ambiguity,amb_0073,2.011209487915039,2.0137887001037598,0.002579212188720703,0.25993621349334717,0.25972652435302734,0.07150837779045105,working,False,-1.7734375,-0.9732913062686012,pooled_controls,bf16
L31_N2477,31,2477,ambiguity,amb_0074,1.8976142406463623,1.8903309106826782,-0.007283329963684082,0.5668606758117676,0.571464478969574,0.07150837779045105,working,False,-0.99609375,-0.9732913062686012,pooled_controls,bf16
L31_N2477,31,2477,ambiguity,amb_0075,2.3578433990478516,2.3524351119995117,-0.005408287048339844,0.483648419380188,0.48956429958343506,0.07150837779045105,working,False,0.48046875,-0.9732913062686012,pooled_controls,bf16
L31_N2477,31,2477,ambiguity,amb_0076,2.618499994277954,2.620577335357666,0.002077341079711914,0.2548840641975403,0.2547786831855774,0.07150837779045105,working,False,-1.9609375,-0.9732913062686012,pooled_controls,bf16
L31_N2477,31,2477,ambiguity,amb_0077,2.4425735473632812,2.4501872062683105,0.007613658905029297,0.5396357774734497,0.5376839637756348,0.07150837779045105,working,False,-0.06494140625,-0.9732913062686012,pooled_controls,bf16
L31_N2477,31,2477,ambiguity,amb_0078,1.1666830778121948,1.1624605655670166,-0.004222512245178223,0.7637596130371094,0.7651385068893433,0.07150837779045105,working,False,-2.65625,-0.9732913062686012,pooled_controls,bf16
L31_N2477,31,2477,ambiguity,amb_0079,2.033189535140991,2.022778034210205,-0.010411500930786133,0.3496057987213135,0.33970731496810913,0.07150837779045105,working,False,-2.109375,-0.9732913062686012,pooled_controls,bf16
L31_N2477,31,2477,ambiguity,amb_0080,2.0369515419006348,2.0411629676818848,0.00421142578125,0.4895094633102417,0.48896539211273193,0.07150837779045105,working,False,-2.390625,-0.9732913062686012,pooled_controls,bf16
L31_N2477,31,2477,ambiguity,amb_0081,3.092586040496826,3.087053060531616,-0.005532979965209961,0.5298091173171997,0.5309293270111084,0.07150837779045105,working,False,-0.033203125,-0.9732913062686012,pooled_controls,bf16
L31_N2477,31,2477,ambiguity,amb_0082,1.6431922912597656,1.6403379440307617,-0.0028543472290039062,0.7570251226425171,0.7573065757751465,0.07150837779045105,working,False,-0.44921875,-0.9732913062686012,pooled_controls,bf16
L31_N2477,31,2477,ambiguity,amb_0083,5.554958343505859,5.571295738220215,0.01633739471435547,0.07461758702993393,0.07559628784656525,0.07150837779045105,working,False,-0.087890625,-0.9732913062686012,pooled_controls,bf16
L31_N2477,31,2477,ambiguity,amb_0084,2.906287670135498,2.90264630317688,-0.003641366958618164,0.4053276777267456,0.4061342477798462,0.07150837779045105,held_out,False,-0.94140625,-0.9732913062686012,pooled_controls,bf16
L31_N2477,31,2477,ambiguity,amb_0085,3.2369580268859863,3.2361907958984375,-0.0007672309875488281,0.4754219353199005,0.4764321744441986,0.07150837779045105,held_out,False,-1.2734375,-0.9732913062686012,pooled_controls,bf16
L31_N2477,31,2477,ambiguity,amb_0086,3.4680352210998535,3.4699454307556152,0.0019102096557617188,0.16339129209518433,0.1629670262336731,0.07150837779045105,held_out,False,-2.046875,-0.9732913062686012,pooled_controls,bf16
L31_N2477,31,2477,ambiguity,amb_0087,0.21132242679595947,0.21029072999954224,-0.0010316967964172363,0.9734991192817688,0.9736289381980896,0.07150837779045105,held_out,False,-0.052978515625,-0.9732913062686012,pooled_controls,bf16
L31_N2477,31,2477,ambiguity,amb_0088,3.366471767425537,3.365314483642578,-0.0011572837829589844,0.26610100269317627,0.2661900818347931,0.07150837779045105,held_out,False,-0.7109375,-0.9732913062686012,pooled_controls,bf16
L31_N2477,31,2477,ambiguity,amb_0089,3.781087636947632,3.8438644409179688,0.06277680397033691,0.3369584083557129,0.32621920108795166,0.07150837779045105,held_out,False,-0.2890625,-0.9732913062686012,pooled_controls,bf16
L31_N2477,31,2477,ambiguity,amb_0090,0.8448827266693115,0.844186007976532,-0.000696718692779541,0.7932525873184204,0.7940371632575989,0.07150837779045105,held_out,False,-2.125,-0.9732913062686012,pooled_controls,bf16
L31_N2477,31,2477,ambiguity,amb_0091,1.8923972845077515,1.8924751281738281,7.784366607666016e-05,0.5461603403091431,0.5460702180862427,0.07150837779045105,held_out,False,-2.203125,-0.9732913062686012,pooled_controls,bf16
L31_N2477,31,2477,ambiguity,amb_0092,1.6362665891647339,1.631712555885315,-0.004554033279418945,0.7017658948898315,0.7032991051673889,0.07150837779045105,held_out,False,-0.09130859375,-0.9732913062686012,pooled_controls,bf16
L31_N2477,31,2477,ambiguity,amb_0093,0.8634747862815857,0.8620812892913818,-0.0013934969902038574,0.8298888802528381,0.830111026763916,0.07150837779045105,held_out,False,-2.265625,-0.9732913062686012,pooled_controls,bf16
L31_N2477,31,2477,ambiguity,amb_0094,1.7390378713607788,1.7448335886001587,0.005795717239379883,0.4728764593601227,0.4720749258995056,0.07150837779045105,held_out,False,-3.875,-0.9732913062686012,pooled_controls,bf16
L31_N2477,31,2477,ambiguity,amb_0095,0.821681022644043,0.8216742277145386,-6.794929504394531e-06,0.8072279691696167,0.8072354793548584,0.07150837779045105,held_out,False,-3.03125,-0.9732913062686012,pooled_controls,bf16
L31_N2477,31,2477,ambiguity,amb_0096,2.501300573348999,2.501095771789551,-0.0002048015594482422,0.2968878149986267,0.2968973219394684,0.07150837779045105,held_out,False,-0.89453125,-0.9732913062686012,pooled_controls,bf16
L31_N2477,31,2477,ambiguity,amb_0097,2.996896743774414,2.9292163848876953,-0.06768035888671875,0.2316855490207672,0.24914291501045227,0.07150837779045105,held_out,False,-0.82421875,-0.9732913062686012,pooled_controls,bf16
L31_N2477,31,2477,ambiguity,amb_0098,2.3167881965637207,2.3172049522399902,0.00041675567626953125,0.26292508840560913,0.26289838552474976,0.07150837779045105,held_out,False,-1.03125,-0.9732913062686012,pooled_controls,bf16
L31_N2477,31,2477,ambiguity,amb_0099,2.436516284942627,2.441967487335205,0.005451202392578125,0.35596418380737305,0.36339452862739563,0.07150837779045105,held_out,False,-0.031982421875,-0.9732913062686012,pooled_controls,bf16
L31_N2477,31,2477,ambiguity,amb_0100,1.7052080631256104,1.6215219497680664,-0.08368611335754395,0.5621854066848755,0.5930972099304199,0.07150837779045105,held_out,False,0.055908203125,-0.9732913062686012,pooled_controls,bf16
L31_N2477,31,2477,ambiguity,amb_0101,2.0023765563964844,1.9972494840621948,-0.005127072334289551,0.4655653238296509,0.4664272964000702,0.07150837779045105,held_out,False,-2.34375,-0.9732913062686012,pooled_controls,bf16
L31_N2477,31,2477,ambiguity,amb_0102,2.005124568939209,2.003800630569458,-0.0013239383697509766,0.29406610131263733,0.29419490694999695,0.07150837779045105,held_out,False,-2.578125,-0.9732913062686012,pooled_controls,bf16
L31_N2477,31,2477,ambiguity,amb_0103,4.778031349182129,4.777126312255859,-0.0009050369262695312,0.10608897358179092,0.10693299770355225,0.07150837779045105,held_out,False,0.421875,-0.9732913062686012,pooled_controls,bf16
L31_N2477,31,2477,ambiguity,amb_0104,1.1206187009811401,1.1313120126724243,0.01069331169128418,0.7675607800483704,0.7640221118927002,0.07150837779045105,held_out,False,-1.6171875,-0.9732913062686012,pooled_controls,bf16
L31_N2477,31,2477,ambiguity,amb_0105,2.1002590656280518,2.099177360534668,-0.001081705093383789,0.5084797739982605,0.5159346461296082,0.07150837779045105,held_out,False,-3.03125,-0.9732913062686012,pooled_controls,bf16
L31_N2477,31,2477,ambiguity,amb_0106,0.5232242941856384,0.5227034687995911,-0.0005208253860473633,0.9280524849891663,0.9281090497970581,0.07150837779045105,held_out,False,0.06396484375,-0.9732913062686012,pooled_controls,bf16
L31_N2477,31,2477,ambiguity,amb_0107,2.999772548675537,2.999748468399048,-2.4080276489257812e-05,0.1862751543521881,0.18545284867286682,0.07150837779045105,held_out,False,-1.1796875,-0.9732913062686012,pooled_controls,bf16
L31_N2477,31,2477,ambiguity,amb_0108,2.6803855895996094,2.70497989654541,0.02459430694580078,0.1892421841621399,0.17061708867549896,0.07150837779045105,held_out,False,-2.421875,-0.9732913062686012,pooled_controls,bf16
L31_N2477,31,2477,ambiguity,amb_0109,0.34986984729766846,0.348119854927063,-0.0017499923706054688,0.9464108347892761,0.946658194065094,0.07150837779045105,held_out,False,0.06591796875,-0.9732913062686012,pooled_controls,bf16
L31_N2477,31,2477,ambiguity,amb_0110,1.9645905494689941,1.9674007892608643,0.002810239791870117,0.4899759590625763,0.4896196126937866,0.07150837779045105,held_out,False,-2.734375,-0.9732913062686012,pooled_controls,bf16
L31_N2477,31,2477,ambiguity,amb_0111,3.8684067726135254,3.873638153076172,0.005231380462646484,0.20527321100234985,0.20735250413417816,0.07150837779045105,held_out,False,-0.69140625,-0.9732913062686012,pooled_controls,bf16
L31_N2477,31,2477,ambiguity,amb_0112,2.176384449005127,2.176515579223633,0.00013113021850585938,0.3407977223396301,0.34074923396110535,0.07150837779045105,held_out,False,-2.03125,-0.9732913062686012,pooled_controls,bf16
L31_N2477,31,2477,ambiguity,amb_0113,0.9256861805915833,0.9261279106140137,0.0004417300224304199,0.8043229579925537,0.804535984992981,0.07150837779045105,held_out,False,-3.484375,-0.9732913062686012,pooled_controls,bf16
L31_N2477,31,2477,ambiguity,amb_0114,0.7204865217208862,0.7802493572235107,0.05976283550262451,0.8451882004737854,0.828123927116394,0.07150837779045105,held_out,False,-2.15625,-0.9732913062686012,pooled_controls,bf16
L31_N2477,31,2477,ambiguity,amb_0115,2.9680774211883545,2.9625988006591797,-0.005478620529174805,0.34782540798187256,0.348789781332016,0.07150837779045105,held_out,False,-0.279296875,-0.9732913062686012,pooled_controls,bf16
L31_N2477,31,2477,ambiguity,amb_0116,1.9323124885559082,1.931052565574646,-0.001259922981262207,0.5209304094314575,0.5222097635269165,0.07150837779045105,held_out,False,-1.2890625,-0.9732913062686012,pooled_controls,bf16
L31_N2477,31,2477,ambiguity,amb_0117,0.41895708441734314,0.41062620282173157,-0.008330881595611572,0.9367285370826721,0.9388002157211304,0.07150837779045105,held_out,False,0.53125,-0.9732913062686012,pooled_controls,bf16
L31_N2477,31,2477,ambiguity,amb_0118,2.198213577270508,2.192349433898926,-0.005864143371582031,0.43398311734199524,0.43713515996932983,0.07150837779045105,held_out,False,-2.921875,-0.9732913062686012,pooled_controls,bf16
L31_N2477,31,2477,ambiguity,amb_0119,2.812081813812256,2.8169734477996826,0.004891633987426758,0.23698896169662476,0.23670616745948792,0.07150837779045105,held_out,False,-2.171875,-0.9732913062686012,pooled_controls,bf16
L31_N2477,31,2477,ambiguity,amb_ctrl_0000,0.7766406536102295,0.7726802825927734,-0.003960371017456055,0.8515368700027466,0.8519972562789917,0.07150837779045105,working,True,0.96875,-0.9732913062686012,pooled_controls,bf16
L31_N2477,31,2477,ambiguity,amb_ctrl_0001,0.09729471802711487,0.10779507458209991,0.010500356554985046,0.9864110350608826,0.9846665859222412,0.07150837779045105,working,True,-2.625,-0.9732913062686012,pooled_controls,bf16
L31_N2477,31,2477,ambiguity,amb_ctrl_0002,1.1501094102859497,1.1507734060287476,0.0006639957427978516,0.5672774314880371,0.5672263503074646,0.07150837779045105,working,True,-3.03125,-0.9732913062686012,pooled_controls,bf16
L31_N2477,31,2477,ambiguity,amb_ctrl_0003,2.734994411468506,2.7401375770568848,0.005143165588378906,0.21374362707138062,0.21166163682937622,0.07150837779045105,working,True,-2.8125,-0.9732913062686012,pooled_controls,bf16
L31_N2477,31,2477,ambiguity,amb_ctrl_0004,1.2866910696029663,1.3326787948608398,0.045987725257873535,0.5674577355384827,0.5601028203964233,0.07150837779045105,working,True,-2.984375,-0.9732913062686012,pooled_controls,bf16
L31_N2477,31,2477,ambiguity,amb_ctrl_0005,2.6738407611846924,2.7290525436401367,0.055211782455444336,0.4896385371685028,0.48087766766548157,0.07150837779045105,working,True,0.4296875,-0.9732913062686012,pooled_controls,bf16
L31_N2477,31,2477,ambiguity,amb_ctrl_0006,0.201217919588089,0.2034822404384613,0.0022643208503723145,0.9678196907043457,0.9674590229988098,0.07150837779045105,working,True,0.298828125,-0.9732913062686012,pooled_controls,bf16
L31_N2477,31,2477,ambiguity,amb_ctrl_0007,0.2947760224342346,0.2986331582069397,0.003857135772705078,0.949904203414917,0.9491955637931824,0.07150837779045105,working,True,-2.203125,-0.9732913062686012,pooled_controls,bf16
L31_N2477,31,2477,ambiguity,amb_ctrl_0008,1.9313079118728638,1.9305262565612793,-0.0007816553115844727,0.36000311374664307,0.36007434129714966,0.07150837779045105,working,True,-1.4296875,-0.9732913062686012,pooled_controls,bf16
L31_N2477,31,2477,ambiguity,amb_ctrl_0009,0.604310154914856,0.654571533203125,0.05026137828826904,0.8772097826004028,0.8636564016342163,0.07150837779045105,working,True,0.06005859375,-0.9732913062686012,pooled_controls,bf16
L31_N2477,31,2477,ambiguity,amb_ctrl_0010,0.12707942724227905,0.12704241275787354,-3.701448440551758e-05,0.9798086285591125,0.97981196641922,0.07150837779045105,working,True,-2.046875,-0.9732913062686012,pooled_controls,bf16
L31_N2477,31,2477,ambiguity,amb_ctrl_0011,4.238875389099121,4.235833644866943,-0.0030417442321777344,0.10977223515510559,0.10993210226297379,0.07150837779045105,working,True,-0.44921875,-0.9732913062686012,pooled_controls,bf16
L31_N2477,31,2477,ambiguity,amb_ctrl_0012,2.522399425506592,2.5201258659362793,-0.0022735595703125,0.2560243010520935,0.25627949833869934,0.07150837779045105,working,True,-0.28515625,-0.9732913062686012,pooled_controls,bf16
L31_N2477,31,2477,ambiguity,amb_ctrl_0013,5.372662544250488,5.351930618286133,-0.02073192596435547,0.10198619961738586,0.09946820139884949,0.07150837779045105,working,True,0.98046875,-0.9732913062686012,pooled_controls,bf16
L31_N2477,31,2477,ambiguity,amb_ctrl_0014,0.5423544645309448,0.5661919116973877,0.02383744716644287,0.9037502408027649,0.8995879292488098,0.07150837779045105,working,True,-3.046875,-0.9732913062686012,pooled_controls,bf16
L31_N2477,31,2477,ambiguity,amb_ctrl_0015,4.3377366065979,4.2773118019104,-0.0604248046875,0.2934378981590271,0.29950007796287537,0.07150837779045105,working,True,1.65625,-0.9732913062686012,pooled_controls,bf16
L31_N2477,31,2477,ambiguity,amb_ctrl_0016,2.8179564476013184,2.8175954818725586,-0.0003609657287597656,0.24184849858283997,0.24043671786785126,0.07150837779045105,working,True,-0.953125,-0.9732913062686012,pooled_controls,bf16
L31_N2477,31,2477,ambiguity,amb_ctrl_0017,1.3171398639678955,1.313457727432251,-0.0036821365356445312,0.773847758769989,0.7744637727737427,0.07150837779045105,working,True,-0.166015625,-0.9732913062686012,pooled_controls,bf16
L31_N2477,31,2477,ambiguity,amb_ctrl_0018,2.9222288131713867,2.9254841804504395,0.0032553672790527344,0.24335934221744537,0.24309636652469635,0.07150837779045105,working,True,-1.3828125,-0.9732913062686012,pooled_controls,bf16
L31_N2477,31,2477,ambiguity,amb_ctrl_0019,5.361654281616211,5.3781046867370605,0.01645040512084961,0.09632216393947601,0.09172838926315308,0.07150837779045105,working,True,0.2275390625,-0.9732913062686012,pooled_controls,bf16
L31_N2477,31,2477,ambiguity,amb_ctrl_0020,4.601905822753906,4.6027984619140625,0.00089263916015625,0.2898511588573456,0.2872040867805481,0.07150837779045105,working,True,2.0,-0.9732913062686012,pooled_controls,bf16
L31_N2477,31,2477,ambiguity,amb_ctrl_0021,2.9766604900360107,2.968477249145508,-0.00818324089050293,0.27002450823783875,0.26420679688453674,0.07150837779045105,working,True,0.267578125,-0.9732913062686012,pooled_controls,bf16
L31_N2477,31,2477,ambiguity,amb_ctrl_0022,2.5405263900756836,2.5275075435638428,-0.01301884651184082,0.5305885672569275,0.532800018787384,0.07150837779045105,working,True,0.427734375,-0.9732913062686012,pooled_controls,bf16
L31_N2477,31,2477,ambiguity,amb_ctrl_0023,2.682981014251709,2.6937403678894043,0.010759353637695312,0.25725501775741577,0.2515071630477905,0.07150837779045105,working,True,1.1875,-0.9732913062686012,pooled_controls,bf16
L31_N2477,31,2477,ambiguity,amb_ctrl_0024,2.4536571502685547,2.4430203437805176,-0.01063680648803711,0.5255476832389832,0.52734375,0.07150837779045105,working,True,0.11669921875,-0.9732913062686012,pooled_controls,bf16
L31_N2477,31,2477,ambiguity,amb_ctrl_0025,1.1939071416854858,1.1037101745605469,-0.09019696712493896,0.7682332992553711,0.790027916431427,0.07150837779045105,working,True,-0.4453125,-0.9732913062686012,pooled_controls,bf16
L31_N2477,31,2477,ambiguity,amb_ctrl_0026,0.9327545166015625,0.9351704120635986,0.002415895462036133,0.7439746260643005,0.743736743927002,0.07150837779045105,working,True,-3.90625,-0.9732913062686012,pooled_controls,bf16
L31_N2477,31,2477,ambiguity,amb_ctrl_0027,1.6260687112808228,1.6341211795806885,0.008052468299865723,0.53364098072052,0.5309064984321594,0.07150837779045105,working,True,-1.0390625,-0.9732913062686012,pooled_controls,bf16
L31_N2477,31,2477,ambiguity,amb_ctrl_0028,1.9965972900390625,1.98447585105896,-0.012121438980102539,0.6128343939781189,0.6106658577919006,0.07150837779045105,working,True,0.0888671875,-0.9732913062686012,pooled_controls,bf16
L31_N2477,31,2477,ambiguity,amb_ctrl_0029,1.5382331609725952,1.540099859237671,0.0018666982650756836,0.38559937477111816,0.3854742646217346,0.07150837779045105,working,True,-1.4375,-0.9732913062686012,pooled_controls,bf16
L31_N2477,31,2477,ambiguity,amb_ctrl_0030,1.825148344039917,1.8847798109054565,0.05963146686553955,0.5318348407745361,0.5108134746551514,0.07150837779045105,working,True,-1.890625,-0.9732913062686012,pooled_controls,bf16
L31_N2477,31,2477,ambiguity,amb_ctrl_0031,3.056546926498413,3.057088851928711,0.0005419254302978516,0.17859788239002228,0.1785728484392166,0.07150837779045105,working,True,-0.70703125,-0.9732913062686012,pooled_controls,bf16
L31_N2477,31,2477,ambiguity,amb_ctrl_0032,2.7289576530456543,2.726238250732422,-0.002719402313232422,0.24979281425476074,0.25258564949035645,0.07150837779045105,working,True,-0.0185546875,-0.9732913062686012,pooled_controls,bf16
L31_N2477,31,2477,ambiguity,amb_ctrl_0033,0.5639548897743225,0.5154480934143066,-0.04850679636001587,0.8955055475234985,0.9065804481506348,0.07150837779045105,working,True,-1.4140625,-0.9732913062686012,pooled_controls,bf16
L31_N2477,31,2477,ambiguity,amb_ctrl_0034,0.46364283561706543,0.47362565994262695,0.009982824325561523,0.9274066090583801,0.9247684478759766,0.07150837779045105,working,True,0.65625,-0.9732913062686012,pooled_controls,bf16
L31_N2477,31,2477,ambiguity,amb_ctrl_0035,4.913356781005859,4.913283348083496,-7.343292236328125e-05,0.07138054817914963,0.07179342210292816,0.07150837779045105,working,True,0.07080078125,-0.9732913062686012,pooled_controls,bf16
L31_N2477,31,2477,ambiguity,amb_ctrl_0036,2.8000435829162598,2.7919716835021973,-0.0080718994140625,0.42631012201309204,0.4358188807964325,0.07150837779045105,working,True,0.41796875,-0.9732913062686012,pooled_controls,bf16
L31_N2477,31,2477,ambiguity,amb_ctrl_0037,2.7010412216186523,2.711670398712158,0.01062917709350586,0.38632428646087646,0.3794950842857361,0.07150837779045105,working,True,-2.203125,-0.9732913062686012,pooled_controls,bf16
L31_N2477,31,2477,ambiguity,amb_ctrl_0038,3.2420296669006348,3.227062702178955,-0.014966964721679688,0.1702917218208313,0.17921794950962067,0.07150837779045105,working,True,-0.2099609375,-0.9732913062686012,pooled_controls,bf16
L31_N2477,31,2477,ambiguity,amb_ctrl_0039,0.3799930214881897,0.3760896623134613,-0.0039033591747283936,0.9415091276168823,0.9421499371528625,0.07150837779045105,working,True,-1.703125,-0.9732913062686012,pooled_controls,bf16
L31_N2477,31,2477,ambiguity,amb_ctrl_0040,2.988630533218384,2.9914703369140625,0.002839803695678711,0.30050066113471985,0.3022570312023163,0.07150837779045105,working,True,-2.40625,-0.9732913062686012,pooled_controls,bf16
L31_N2477,31,2477,ambiguity,amb_ctrl_0041,1.9082388877868652,1.901334524154663,-0.0069043636322021484,0.5990794897079468,0.6004757881164551,0.07150837779045105,working,True,-0.55859375,-0.9732913062686012,pooled_controls,bf16
L31_N2477,31,2477,ambiguity,amb_ctrl_0042,3.304969549179077,3.299215793609619,-0.005753755569458008,0.3426487445831299,0.34295594692230225,0.07150837779045105,working,True,-0.07666015625,-0.9732913062686012,pooled_controls,bf16
L31_N2477,31,2477,ambiguity,amb_ctrl_0043,0.3423001766204834,0.34215235710144043,-0.00014781951904296875,0.9096891283988953,0.9097028970718384,0.07150837779045105,working,True,-0.291015625,-0.9732913062686012,pooled_controls,bf16
L31_N2477,31,2477,ambiguity,amb_ctrl_0044,5.378116607666016,5.361710071563721,-0.016406536102294922,0.1182311624288559,0.11701034009456635,0.07150837779045105,working,True,2.140625,-0.9732913062686012,pooled_controls,bf16
L31_N2477,31,2477,ambiguity,amb_ctrl_0045,2.304725170135498,2.306647300720215,0.0019221305847167969,0.26542025804519653,0.2652037441730499,0.07150837779045105,working,True,-0.69140625,-0.9732913062686012,pooled_controls,bf16
L31_N2477,31,2477,ambiguity,amb_ctrl_0046,3.76407527923584,3.7359118461608887,-0.028163433074951172,0.13274690508842468,0.1371612548828125,0.07150837779045105,working,True,1.0390625,-0.9732913062686012,pooled_controls,bf16
L31_N2477,31,2477,ambiguity,amb_ctrl_0047,3.065524101257324,3.0538346767425537,-0.011689424514770508,0.3836395740509033,0.38626304268836975,0.07150837779045105,working,True,0.3828125,-0.9732913062686012,pooled_controls,bf16
L31_N2477,31,2477,ambiguity,amb_ctrl_0048,5.083179473876953,5.049985408782959,-0.03319406509399414,0.18745993077754974,0.19394870102405548,0.07150837779045105,working,True,1.78125,-0.9732913062686012,pooled_controls,bf16
L31_N2477,31,2477,ambiguity,amb_ctrl_0049,1.2665965557098389,1.3542473316192627,0.08765077590942383,0.7476392984390259,0.7241695523262024,0.07150837779045105,working,True,-1.6015625,-0.9732913062686012,pooled_controls,bf16
L31_N2477,31,2477,ambiguity,amb_ctrl_0050,3.729827642440796,3.722656488418579,-0.007171154022216797,0.26900753378868103,0.2713603675365448,0.07150837779045105,working,True,0.055908203125,-0.9732913062686012,pooled_controls,bf16
L31_N2477,31,2477,ambiguity,amb_ctrl_0051,2.2200121879577637,2.212310791015625,-0.007701396942138672,0.5213475823402405,0.526035487651825,0.07150837779045105,working,True,-0.1513671875,-0.9732913062686012,pooled_controls,bf16
L31_N2477,31,2477,ambiguity,amb_ctrl_0052,3.310584545135498,3.3098206520080566,-0.0007638931274414062,0.14980924129486084,0.1498958319425583,0.07150837779045105,working,True,-0.1611328125,-0.9732913062686012,pooled_controls,bf16
L31_N2477,31,2477,ambiguity,amb_ctrl_0053,2.4620916843414307,2.4515960216522217,-0.010495662689208984,0.3166545331478119,0.3191332519054413,0.07150837779045105,working,True,0.279296875,-0.9732913062686012,pooled_controls,bf16
L31_N2477,31,2477,ambiguity,amb_ctrl_0054,4.114995956420898,4.109816551208496,-0.005179405212402344,0.2303536981344223,0.23118066787719727,0.07150837779045105,working,True,0.328125,-0.9732913062686012,pooled_controls,bf16
L31_N2477,31,2477,ambiguity,amb_ctrl_0055,2.642899990081787,2.625873327255249,-0.017026662826538086,0.32313698530197144,0.31941914558410645,0.07150837779045105,working,True,1.9296875,-0.9732913062686012,pooled_controls,bf16
L31_N2477,31,2477,ambiguity,amb_ctrl_0056,4.992990493774414,4.990878105163574,-0.0021123886108398438,0.13981656730175018,0.13856413960456848,0.07150837779045105,working,True,-0.2578125,-0.9732913062686012,pooled_controls,bf16
L31_N2477,31,2477,ambiguity,amb_ctrl_0057,0.72358238697052,0.7216978073120117,-0.0018845796585083008,0.6951943039894104,0.6954259872436523,0.07150837779045105,working,True,0.034912109375,-0.9732913062686012,pooled_controls,bf16
L31_N2477,31,2477,ambiguity,amb_ctrl_0058,3.0716848373413086,3.071032762527466,-0.0006520748138427734,0.17631740868091583,0.17634865641593933,0.07150837779045105,working,True,-0.9765625,-0.9732913062686012,pooled_controls,bf16
L31_N2477,31,2477,ambiguity,amb_ctrl_0059,2.4294238090515137,2.422966480255127,-0.006457328796386719,0.5226604342460632,0.5233571529388428,0.07150837779045105,working,True,-0.07177734375,-0.9732913062686012,pooled_controls,bf16
L31_N2477,31,2477,ambiguity,amb_ctrl_0060,1.0038834810256958,1.003653883934021,-0.0002295970916748047,0.8310943841934204,0.8311423063278198,0.07150837779045105,working,True,-2.625,-0.9732913062686012,pooled_controls,bf16
L31_N2477,31,2477,ambiguity,amb_ctrl_0061,3.0814852714538574,3.0911383628845215,0.009653091430664062,0.42257410287857056,0.4193275272846222,0.07150837779045105,working,True,-1.859375,-0.9732913062686012,pooled_controls,bf16
L31_N2477,31,2477,ambiguity,amb_ctrl_0062,6.099908351898193,6.11485481262207,0.014946460723876953,0.0454409196972847,0.04338190332055092,0.07150837779045105,working,True,0.306640625,-0.9732913062686012,pooled_controls,bf16
L31_N2477,31,2477,ambiguity,amb_ctrl_0063,3.982426166534424,3.9840030670166016,0.0015769004821777344,0.19488677382469177,0.1970990151166916,0.07150837779045105,working,True,0.08251953125,-0.9732913062686012,pooled_controls,bf16
L31_N2477,31,2477,ambiguity,amb_ctrl_0064,1.2800276279449463,1.2807395458221436,0.0007119178771972656,0.7049450278282166,0.7048731446266174,0.07150837779045105,working,True,-0.58203125,-0.9732913062686012,pooled_controls,bf16
L31_N2477,31,2477,ambiguity,amb_ctrl_0065,1.728804349899292,1.7188552618026733,-0.009949088096618652,0.5687795877456665,0.5730608701705933,0.07150837779045105,working,True,-1.2734375,-0.9732913062686012,pooled_controls,bf16
L31_N2477,31,2477,ambiguity,amb_ctrl_0066,2.0725255012512207,2.0768821239471436,0.0043566226959228516,0.38031232357025146,0.3798326253890991,0.07150837779045105,working,True,-2.109375,-0.9732913062686012,pooled_controls,bf16
L31_N2477,31,2477,ambiguity,amb_ctrl_0067,3.082766532897949,3.1044983863830566,0.021731853485107422,0.21626727283000946,0.206321582198143,0.07150837779045105,working,True,-1.8671875,-0.9732913062686012,pooled_controls,bf16
L31_N2477,31,2477,ambiguity,amb_ctrl_0068,2.5241587162017822,2.524149179458618,-9.5367431640625e-06,0.29160362482070923,0.29160383343696594,0.07150837779045105,working,True,-0.984375,-0.9732913062686012,pooled_controls,bf16
L31_N2477,31,2477,ambiguity,amb_ctrl_0069,1.3749003410339355,1.3832836151123047,0.00838327407836914,0.7211427688598633,0.7192644476890564,0.07150837779045105,working,True,-1.421875,-0.9732913062686012,pooled_controls,bf16
L31_N2477,31,2477,ambiguity,amb_ctrl_0070,1.204169511795044,1.1995213031768799,-0.0046482086181640625,0.7618666887283325,0.7639604806900024,0.07150837779045105,working,True,0.06494140625,-0.9732913062686012,pooled_controls,bf16
L31_N2477,31,2477,ambiguity,amb_ctrl_0071,2.7363505363464355,2.7309114933013916,-0.005439043045043945,0.2670269310474396,0.26766687631607056,0.07150837779045105,working,True,-0.61328125,-0.9732913062686012,pooled_controls,bf16
L31_N2477,31,2477,ambiguity,amb_ctrl_0072,0.3991299271583557,0.39878049492836,-0.00034943222999572754,0.9259452819824219,0.9259377717971802,0.07150837779045105,working,True,0.251953125,-0.9732913062686012,pooled_controls,bf16
L31_N2477,31,2477,ambiguity,amb_ctrl_0073,2.7911183834075928,2.725816488265991,-0.06530189514160156,0.31099262833595276,0.3368005156517029,0.07150837779045105,working,True,-0.88671875,-0.9732913062686012,pooled_controls,bf16
L31_N2477,31,2477,ambiguity,amb_ctrl_0074,2.8901166915893555,2.886435031890869,-0.003681659698486328,0.2257860153913498,0.22671754658222198,0.07150837779045105,working,True,-2.484375,-0.9732913062686012,pooled_controls,bf16
L31_N2477,31,2477,ambiguity,amb_ctrl_0075,2.611227512359619,2.611283302307129,5.5789947509765625e-05,0.5451282262802124,0.5445063710212708,0.07150837779045105,working,True,0.1572265625,-0.9732913062686012,pooled_controls,bf16
L31_N2477,31,2477,ambiguity,amb_ctrl_0076,3.449631690979004,3.437748908996582,-0.011882781982421875,0.2657425105571747,0.26850754022598267,0.07150837779045105,working,True,1.421875,-0.9732913062686012,pooled_controls,bf16
L31_N2477,31,2477,ambiguity,amb_ctrl_0077,1.4236340522766113,1.4284759759902954,0.004841923713684082,0.6163606643676758,0.6156953573226929,0.07150837779045105,working,True,0.031982421875,-0.9732913062686012,pooled_controls,bf16
L31_N2477,31,2477,ambiguity,amb_ctrl_0078,2.2226996421813965,2.222114086151123,-0.0005855560302734375,0.41798335313796997,0.41805773973464966,0.07150837779045105,working,True,-2.21875,-0.9732913062686012,pooled_controls,bf16
L31_N2477,31,2477,ambiguity,amb_ctrl_0079,2.553337574005127,2.6497950553894043,0.09645748138427734,0.43941590189933777,0.40834546089172363,0.07150837779045105,working,True,-3.109375,-0.9732913062686012,pooled_controls,bf16
L31_N2477,31,2477,ambiguity,amb_ctrl_0080,2.430419445037842,2.4129559993743896,-0.01746344566345215,0.27730607986450195,0.2702004611492157,0.07150837779045105,working,True,-3.890625,-0.9732913062686012,pooled_controls,bf16
L31_N2477,31,2477,ambiguity,amb_ctrl_0081,1.4725465774536133,1.4699671268463135,-0.0025794506072998047,0.5391753315925598,0.5395205020904541,0.07150837779045105,working,True,-0.58984375,-0.9732913062686012,pooled_controls,bf16
L31_N2477,31,2477,ambiguity,amb_ctrl_0082,2.0238261222839355,2.088346481323242,0.06452035903930664,0.4524519741535187,0.42221057415008545,0.07150837779045105,working,True,-1.609375,-0.9732913062686012,pooled_controls,bf16
L31_N2477,31,2477,ambiguity,amb_ctrl_0083,1.331174373626709,1.3289872407913208,-0.0021871328353881836,0.5272114872932434,0.5273752212524414,0.07150837779045105,working,True,0.021484375,-0.9732913062686012,pooled_controls,bf16
L31_N2477,31,2477,ambiguity,amb_ctrl_0084,3.23014760017395,3.213613748550415,-0.016533851623535156,0.43897515535354614,0.44278407096862793,0.07150837779045105,held_out,True,0.265625,-0.9732913062686012,pooled_controls,bf16
L31_N2477,31,2477,ambiguity,amb_ctrl_0085,2.178281784057617,2.177098035812378,-0.0011837482452392578,0.3071621358394623,0.307363897562027,0.07150837779045105,held_out,True,-1.5078125,-0.9732913062686012,pooled_controls,bf16
L31_N2477,31,2477,ambiguity,amb_ctrl_0086,1.1892834901809692,1.187635064125061,-0.0016484260559082031,0.6098666191101074,0.6099951267242432,0.07150837779045105,held_out,True,0.1875,-0.9732913062686012,pooled_controls,bf16
L31_N2477,31,2477,ambiguity,amb_ctrl_0087,4.720757007598877,4.72182559967041,0.0010685920715332031,0.18051175773143768,0.1814783364534378,0.07150837779045105,held_out,True,-0.703125,-0.9732913062686012,pooled_controls,bf16
L31_N2477,31,2477,ambiguity,amb_ctrl_0088,1.8164480924606323,1.8136048316955566,-0.0028432607650756836,0.3447813093662262,0.3349473178386688,0.07150837779045105,held_out,True,-3.3125,-0.9732913062686012,pooled_controls,bf16
L31_N2477,31,2477,ambiguity,amb_ctrl_0089,0.8166414499282837,0.8119693994522095,-0.004672050476074219,0.8653537631034851,0.8660652041435242,0.07150837779045105,held_out,True,0.1005859375,-0.9732913062686012,pooled_controls,bf16
L31_N2477,31,2477,ambiguity,amb_ctrl_0090,0.7313582897186279,0.7323055267333984,0.0009472370147705078,0.8488500714302063,0.8487219214439392,0.07150837779045105,held_out,True,-0.6015625,-0.9732913062686012,pooled_controls,bf16
L31_N2477,31,2477,ambiguity,amb_ctrl_0091,0.7912845611572266,0.8099033832550049,0.01861882209777832,0.8505407571792603,0.844927191734314,0.07150837779045105,held_out,True,0.8203125,-0.9732913062686012,pooled_controls,bf16
L31_N2477,31,2477,ambiguity,amb_ctrl_0092,0.20004436373710632,0.20002496242523193,-1.940131187438965e-05,0.9656380414962769,0.9656399488449097,0.07150837779045105,held_out,True,-1.0859375,-0.9732913062686012,pooled_controls,bf16
L31_N2477,31,2477,ambiguity,amb_ctrl_0093,0.8184689283370972,0.8221350908279419,0.0036661624908447266,0.7807179093360901,0.7801494598388672,0.07150837779045105,held_out,True,-3.46875,-0.9732913062686012,pooled_controls,bf16
L31_N2477,31,2477,ambiguity,amb_ctrl_0094,1.9382219314575195,1.9384040832519531,0.00018215179443359375,0.47598159313201904,0.4759752154350281,0.07150837779045105,held_out,True,-1.1796875,-0.9732913062686012,pooled_controls,bf16
L31_N2477,31,2477,ambiguity,amb_ctrl_0095,0.1967904269695282,0.19669635593891144,-9.407103061676025e-05,0.9730347990989685,0.9730435013771057,0.07150837779045105,held_out,True,-1.265625,-0.9732913062686012,pooled_controls,bf16
L31_N2477,31,2477,ambiguity,amb_ctrl_0096,0.27954334020614624,0.2794889509677887,-5.4389238357543945e-05,0.9592352509498596,0.9592589139938354,0.07150837779045105,held_out,True,-2.203125,-0.9732913062686012,pooled_controls,bf16
L31_N2477,31,2477,ambiguity,amb_ctrl_0097,4.615304946899414,4.605541706085205,-0.009763240814208984,0.2903858721256256,0.28977686166763306,0.07150837779045105,held_out,True,0.1708984375,-0.9732913062686012,pooled_controls,bf16
L31_N2477,31,2477,ambiguity,amb_ctrl_0098,1.0526940822601318,1.0533812046051025,0.0006871223449707031,0.7801284193992615,0.7800589203834534,0.07150837779045105,held_out,True,-2.078125,-0.9732913062686012,pooled_controls,bf16
L31_N2477,31,2477,ambiguity,amb_ctrl_0099,2.617166519165039,2.601877212524414,-0.015289306640625,0.35361507534980774,0.3492536246776581,0.07150837779045105,held_out,True,0.84765625,-0.9732913062686012,pooled_controls,bf16
L31_N2477,31,2477,ambiguity,amb_ctrl_0100,3.230755090713501,3.2294726371765137,-0.0012824535369873047,0.21227960288524628,0.21240505576133728,0.07150837779045105,held_out,True,-1.125,-0.9732913062686012,pooled_controls,bf16
L31_N2477,31,2477,ambiguity,amb_ctrl_0101,2.5137133598327637,2.510861873626709,-0.0028514862060546875,0.3411417007446289,0.3414224088191986,0.07150837779045105,held_out,True,-2.390625,-0.9732913062686012,pooled_controls,bf16
L31_N2477,31,2477,ambiguity,amb_ctrl_0102,3.382952928543091,3.390038013458252,0.007085084915161133,0.4389851689338684,0.43796607851982117,0.07150837779045105,held_out,True,0.05615234375,-0.9732913062686012,pooled_controls,bf16
L31_N2477,31,2477,ambiguity,amb_ctrl_0103,1.2881443500518799,1.2997829914093018,0.011638641357421875,0.6099465489387512,0.6069260835647583,0.07150837779045105,held_out,True,-3.796875,-0.9732913062686012,pooled_controls,bf16
L31_N2477,31,2477,ambiguity,amb_ctrl_0104,1.2201045751571655,1.207170009613037,-0.012934565544128418,0.6614540815353394,0.663525402545929,0.07150837779045105,held_out,True,0.2265625,-0.9732913062686012,pooled_controls,bf16
L31_N2477,31,2477,ambiguity,amb_ctrl_0105,1.7128682136535645,1.697998285293579,-0.014869928359985352,0.42329180240631104,0.40672460198402405,0.07150837779045105,held_out,True,-1.6875,-0.9732913062686012,pooled_controls,bf16
L31_N2477,31,2477,ambiguity,amb_ctrl_0106,4.290400505065918,4.2909369468688965,0.0005364418029785156,0.12830117344856262,0.12806394696235657,0.07150837779045105,held_out,True,-1.6171875,-0.9732913062686012,pooled_controls,bf16
L31_N2477,31,2477,ambiguity,amb_ctrl_0107,1.973547339439392,1.9752339124679565,0.0016865730285644531,0.5560788512229919,0.5559053421020508,0.07150837779045105,held_out,True,-1.3828125,-0.9732913062686012,pooled_controls,bf16
L31_N2477,31,2477,ambiguity,amb_ctrl_0108,5.345915794372559,5.298587322235107,-0.04732847213745117,0.19730085134506226,0.20445622503757477,0.07150837779045105,held_out,True,0.9140625,-0.9732913062686012,pooled_controls,bf16
L31_N2477,31,2477,ambiguity,amb_ctrl_0109,2.405097723007202,2.393887996673584,-0.011209726333618164,0.5640195608139038,0.5663058161735535,0.07150837779045105,held_out,True,-0.0263671875,-0.9732913062686012,pooled_controls,bf16
L31_N2477,31,2477,ambiguity,amb_ctrl_0110,2.2092509269714355,2.208503246307373,-0.0007476806640625,0.2498709261417389,0.24991807341575623,0.07150837779045105,held_out,True,-1.859375,-0.9732913062686012,pooled_controls,bf16
L31_N2477,31,2477,ambiguity,amb_ctrl_0111,2.009219169616699,2.020423173904419,0.011204004287719727,0.44997212290763855,0.4439278841018677,0.07150837779045105,held_out,True,-1.9453125,-0.9732913062686012,pooled_controls,bf16
L31_N2477,31,2477,ambiguity,amb_ctrl_0112,1.7968382835388184,1.8015512228012085,0.004712939262390137,0.5710203051567078,0.5700478553771973,0.07150837779045105,held_out,True,0.040283203125,-0.9732913062686012,pooled_controls,bf16
L31_N2477,31,2477,ambiguity,amb_ctrl_0113,4.333885192871094,4.336399078369141,0.002513885498046875,0.34712934494018555,0.34716296195983887,0.07150837779045105,held_out,True,-0.71484375,-0.9732913062686012,pooled_controls,bf16
L31_N2477,31,2477,ambiguity,amb_ctrl_0114,1.9962888956069946,1.9874142408370972,-0.008874654769897461,0.3115333616733551,0.32003653049468994,0.07150837779045105,held_out,True,-1.703125,-0.9732913062686012,pooled_controls,bf16
L31_N2477,31,2477,ambiguity,amb_ctrl_0115,2.317293643951416,2.320499897003174,0.0032062530517578125,0.4041188955307007,0.40343984961509705,0.07150837779045105,held_out,True,0.2431640625,-0.9732913062686012,pooled_controls,bf16
L31_N2477,31,2477,ambiguity,amb_ctrl_0116,2.3295745849609375,2.33687162399292,0.007297039031982422,0.3391643166542053,0.3384256362915039,0.07150837779045105,held_out,True,-2.234375,-0.9732913062686012,pooled_controls,bf16
L31_N2477,31,2477,ambiguity,amb_ctrl_0117,1.5883352756500244,1.5557247400283813,-0.032610535621643066,0.574742317199707,0.5933802127838135,0.07150837779045105,held_out,True,-1.8671875,-0.9732913062686012,pooled_controls,bf16
L31_N2477,31,2477,ambiguity,amb_ctrl_0118,2.7129154205322266,2.703709363937378,-0.009206056594848633,0.21529023349285126,0.21758367121219635,0.07150837779045105,held_out,True,-1.4765625,-0.9732913062686012,pooled_controls,bf16
L31_N2477,31,2477,ambiguity,amb_ctrl_0119,3.844236135482788,3.8393123149871826,-0.004923820495605469,0.126031756401062,0.1261543333530426,0.07150837779045105,held_out,True,0.59375,-0.9732913062686012,pooled_controls,bf16
L29_N13925,29,13925,ambiguity,amb_0000,2.131409168243408,2.1273276805877686,-0.0040814876556396484,0.3043592870235443,0.3080456852912903,0.16004468500614166,working,False,-0.0380859375,0.009785652160644531,pooled_controls,bf16
L29_N13925,29,13925,ambiguity,amb_0001,4.559041500091553,4.568535804748535,0.009494304656982422,0.1691441833972931,0.16912108659744263,0.16004468500614166,working,False,0.1318359375,0.009785652160644531,pooled_controls,bf16
L29_N13925,29,13925,ambiguity,amb_0002,0.5591363906860352,0.5561109185218811,-0.0030254721641540527,0.7746531963348389,0.774965226650238,0.16004468500614166,working,False,-0.052001953125,0.009785652160644531,pooled_controls,bf16
L29_N13925,29,13925,ambiguity,amb_0003,0.7737653255462646,0.7811434268951416,0.007378101348876953,0.8860874176025391,0.8844702839851379,0.16004468500614166,working,False,0.1103515625,0.009785652160644531,pooled_controls,bf16
L29_N13925,29,13925,ambiguity,amb_0004,3.214151620864868,3.1560654640197754,-0.05808615684509277,0.3810039460659027,0.39676812291145325,0.16004468500614166,working,False,-0.02685546875,0.009785652160644531,pooled_controls,bf16
L29_N13925,29,13925,ambiguity,amb_0005,0.40345656871795654,0.40276122093200684,-0.000695347785949707,0.9331170916557312,0.933210551738739,0.16004468500614166,working,False,-0.045654296875,0.009785652160644531,pooled_controls,bf16
L29_N13925,29,13925,ambiguity,amb_0006,2.6447858810424805,2.645416259765625,0.0006303787231445312,0.3364722430706024,0.3362065255641937,0.16004468500614166,working,False,-0.022705078125,0.009785652160644531,pooled_controls,bf16
L29_N13925,29,13925,ambiguity,amb_0007,2.73992919921875,2.7327075004577637,-0.007221698760986328,0.3336516320705414,0.33507028222084045,0.16004468500614166,working,False,0.064453125,0.009785652160644531,pooled_controls,bf16
L29_N13925,29,13925,ambiguity,amb_0008,3.0731167793273926,3.142707347869873,0.06959056854248047,0.321990430355072,0.29625943303108215,0.16004468500614166,working,False,0.051513671875,0.009785652160644531,pooled_controls,bf16
L29_N13925,29,13925,ambiguity,amb_0009,2.3017964363098145,2.2967700958251953,-0.005026340484619141,0.3590010106563568,0.3597185015678406,0.16004468500614166,working,False,0.049072265625,0.009785652160644531,pooled_controls,bf16
L29_N13925,29,13925,ambiguity,amb_0010,3.0725746154785156,3.062344789505005,-0.010229825973510742,0.32308200001716614,0.3196794092655182,0.16004468500614166,working,False,0.05029296875,0.009785652160644531,pooled_controls,bf16
L29_N13925,29,13925,ambiguity,amb_0011,0.1853773295879364,0.1857764720916748,0.0003991425037384033,0.9783462882041931,0.9782745242118835,0.16004468500614166,working,False,0.00408935546875,0.009785652160644531,pooled_controls,bf16
L29_N13925,29,13925,ambiguity,amb_0012,0.2827058434486389,0.28253862261772156,-0.0001672208309173584,0.9530503153800964,0.9530632495880127,0.16004468500614166,working,False,-0.048583984375,0.009785652160644531,pooled_controls,bf16
L29_N13925,29,13925,ambiguity,amb_0013,2.846848487854004,2.8519105911254883,0.005062103271484375,0.23987779021263123,0.23910798132419586,0.16004468500614166,working,False,0.1474609375,0.009785652160644531,pooled_controls,bf16
L29_N13925,29,13925,ambiguity,amb_0014,1.7274397611618042,1.7235939502716064,-0.003845810890197754,0.6531180739402771,0.6542330980300903,0.16004468500614166,working,False,-0.0162353515625,0.009785652160644531,pooled_controls,bf16
L29_N13925,29,13925,ambiguity,amb_0015,2.646392345428467,2.64923095703125,0.002838611602783203,0.2669826149940491,0.2667969763278961,0.16004468500614166,working,False,0.052734375,0.009785652160644531,pooled_controls,bf16
L29_N13925,29,13925,ambiguity,amb_0016,2.1020545959472656,2.102677345275879,0.0006227493286132812,0.356288343667984,0.3563306927680969,0.16004468500614166,working,False,0.11279296875,0.009785652160644531,pooled_controls,bf16
L29_N13925,29,13925,ambiguity,amb_0017,2.545952796936035,2.5493199825286865,0.003367185592651367,0.3178497850894928,0.3173408508300781,0.16004468500614166,working,False,0.037841796875,0.009785652160644531,pooled_controls,bf16
L29_N13925,29,13925,ambiguity,amb_0018,2.6739742755889893,2.675060272216797,0.0010859966278076172,0.5581860542297363,0.558591365814209,0.16004468500614166,working,False,0.1259765625,0.009785652160644531,pooled_controls,bf16
L29_N13925,29,13925,ambiguity,amb_0019,3.003119945526123,3.0097944736480713,0.006674528121948242,0.26456767320632935,0.2636236846446991,0.16004468500614166,working,False,0.0303955078125,0.009785652160644531,pooled_controls,bf16
L29_N13925,29,13925,ambiguity,amb_0020,3.019925832748413,3.0669803619384766,0.04705452919006348,0.2309427112340927,0.21178241074085236,0.16004468500614166,working,False,-0.0091552734375,0.009785652160644531,pooled_controls,bf16
L29_N13925,29,13925,ambiguity,amb_0021,0.8744735717773438,0.8759191632270813,0.0014455914497375488,0.78462815284729,0.7844377756118774,0.16004468500614166,working,False,-0.04736328125,0.009785652160644531,pooled_controls,bf16
L29_N13925,29,13925,ambiguity,amb_0022,1.4463167190551758,1.4445717334747314,-0.001744985580444336,0.6989033222198486,0.699092447757721,0.16004468500614166,working,False,-0.1328125,0.009785652160644531,pooled_controls,bf16
L29_N13925,29,13925,ambiguity,amb_0023,2.3588614463806152,2.344928503036499,-0.013932943344116211,0.3514297902584076,0.353742778301239,0.16004468500614166,working,False,-0.04296875,0.009785652160644531,pooled_controls,bf16
L29_N13925,29,13925,ambiguity,amb_0024,2.423225164413452,2.4225211143493652,-0.0007040500640869141,0.163632333278656,0.1673697978258133,0.16004468500614166,working,False,-0.0595703125,0.009785652160644531,pooled_controls,bf16
L29_N13925,29,13925,ambiguity,amb_0025,2.3594460487365723,2.4227004051208496,0.06325435638427734,0.38730406761169434,0.35843855142593384,0.16004468500614166,working,False,0.054931640625,0.009785652160644531,pooled_controls,bf16
L29_N13925,29,13925,ambiguity,amb_0026,3.7028703689575195,3.703274965286255,0.00040459632873535156,0.3228043019771576,0.32182055711746216,0.16004468500614166,working,False,0.00946044921875,0.009785652160644531,pooled_controls,bf16
L29_N13925,29,13925,ambiguity,amb_0027,1.8813252449035645,1.8901770114898682,0.008851766586303711,0.6477286219596863,0.6423413753509521,0.16004468500614166,working,False,-0.0308837890625,0.009785652160644531,pooled_controls,bf16
L29_N13925,29,13925,ambiguity,amb_0028,2.591080665588379,2.583425521850586,-0.007655143737792969,0.5235283970832825,0.526138186454773,0.16004468500614166,working,False,0.050048828125,0.009785652160644531,pooled_controls,bf16
L29_N13925,29,13925,ambiguity,amb_0029,2.0469510555267334,2.0459485054016113,-0.0010025501251220703,0.5000725388526917,0.5001624226570129,0.16004468500614166,working,False,-0.02587890625,0.009785652160644531,pooled_controls,bf16
L29_N13925,29,13925,ambiguity,amb_0030,1.3423449993133545,1.3478995561599731,0.005554556846618652,0.5465922355651855,0.5454437136650085,0.16004468500614166,working,False,0.024169921875,0.009785652160644531,pooled_controls,bf16
L29_N13925,29,13925,ambiguity,amb_0031,2.5924174785614014,2.544480562210083,-0.04793691635131836,0.2651655673980713,0.29058435559272766,0.16004468500614166,working,False,-0.01422119140625,0.009785652160644531,pooled_controls,bf16
L29_N13925,29,13925,ambiguity,amb_0032,0.7734093070030212,0.7732117176055908,-0.00019758939743041992,0.7512880563735962,0.751305878162384,0.16004468500614166,working,False,-0.06005859375,0.009785652160644531,pooled_controls,bf16
L29_N13925,29,13925,ambiguity,amb_0033,0.3125807046890259,0.31142333149909973,-0.0011573731899261475,0.9496376514434814,0.9497936367988586,0.16004468500614166,working,False,-0.0732421875,0.009785652160644531,pooled_controls,bf16
L29_N13925,29,13925,ambiguity,amb_0034,0.06319817155599594,0.060676127672195435,-0.0025220438838005066,0.9920816421508789,0.9925132393836975,0.16004468500614166,working,False,-0.05419921875,0.009785652160644531,pooled_controls,bf16
L29_N13925,29,13925,ambiguity,amb_0035,3.2133400440216064,3.208218812942505,-0.0051212310791015625,0.14269918203353882,0.14204183220863342,0.16004468500614166,working,False,0.068359375,0.009785652160644531,pooled_controls,bf16
L29_N13925,29,13925,ambiguity,amb_0036,0.27980995178222656,0.2799537777900696,0.00014382600784301758,0.956149697303772,0.9561301469802856,0.16004468500614166,working,False,-0.0771484375,0.009785652160644531,pooled_controls,bf16
L29_N13925,29,13925,ambiguity,amb_0037,2.2706377506256104,2.2680134773254395,-0.0026242733001708984,0.2931281328201294,0.29338762164115906,0.16004468500614166,working,False,0.0228271484375,0.009785652160644531,pooled_controls,bf16
L29_N13925,29,13925,ambiguity,amb_0038,1.907806158065796,1.9034390449523926,-0.00436711311340332,0.5503026843070984,0.5509776473045349,0.16004468500614166,working,False,0.05517578125,0.009785652160644531,pooled_controls,bf16
L29_N13925,29,13925,ambiguity,amb_0039,0.4548197090625763,0.4535265862941742,-0.0012931227684020996,0.8976051807403564,0.8977581262588501,0.16004468500614166,working,False,-0.1044921875,0.009785652160644531,pooled_controls,bf16
L29_N13925,29,13925,ambiguity,amb_0040,2.049222946166992,2.0462961196899414,-0.0029268264770507812,0.47096139192581177,0.4712430536746979,0.16004468500614166,working,False,-0.04833984375,0.009785652160644531,pooled_controls,bf16
L29_N13925,29,13925,ambiguity,amb_0041,0.4766418933868408,0.47473782300949097,-0.0019040703773498535,0.9048458933830261,0.9050770401954651,0.16004468500614166,working,False,-0.158203125,0.009785652160644531,pooled_controls,bf16
L29_N13925,29,13925,ambiguity,amb_0042,3.4453678131103516,3.4600741863250732,0.01470637321472168,0.12374655902385712,0.12554678320884705,0.16004468500614166,working,False,0.058837890625,0.009785652160644531,pooled_controls,bf16
L29_N13925,29,13925,ambiguity,amb_0043,2.176589012145996,2.1843466758728027,0.007757663726806641,0.3841998279094696,0.38285866379737854,0.16004468500614166,working,False,0.10009765625,0.009785652160644531,pooled_controls,bf16
L29_N13925,29,13925,ambiguity,amb_0044,2.562283515930176,2.5665221214294434,0.004238605499267578,0.3696751594543457,0.3693276345729828,0.16004468500614166,working,False,0.0166015625,0.009785652160644531,pooled_controls,bf16
L29_N13925,29,13925,ambiguity,amb_0045,2.8056182861328125,2.812039852142334,0.006421566009521484,0.22283335030078888,0.22207926213741302,0.16004468500614166,working,False,0.010009765625,0.009785652160644531,pooled_controls,bf16
L29_N13925,29,13925,ambiguity,amb_0046,1.8792414665222168,1.8704642057418823,-0.008777260780334473,0.43458327651023865,0.4374171197414398,0.16004468500614166,working,False,-0.01055908203125,0.009785652160644531,pooled_controls,bf16
L29_N13925,29,13925,ambiguity,amb_0047,3.5664448738098145,3.5669105052948,0.00046563148498535156,0.1757456362247467,0.17566382884979248,0.16004468500614166,working,False,-0.0103759765625,0.009785652160644531,pooled_controls,bf16
L29_N13925,29,13925,ambiguity,amb_0048,2.5035877227783203,2.5020742416381836,-0.0015134811401367188,0.38110023736953735,0.3813874125480652,0.16004468500614166,working,False,0.0194091796875,0.009785652160644531,pooled_controls,bf16
L29_N13925,29,13925,ambiguity,amb_0049,4.102269172668457,4.102005958557129,-0.000263214111328125,0.16889438033103943,0.1689063012599945,0.16004468500614166,working,False,-0.00250244140625,0.009785652160644531,pooled_controls,bf16
L29_N13925,29,13925,ambiguity,amb_0050,0.5448554754257202,0.5439460277557373,-0.0009094476699829102,0.9203320145606995,0.9204306602478027,0.16004468500614166,working,False,-0.0299072265625,0.009785652160644531,pooled_controls,bf16
L29_N13925,29,13925,ambiguity,amb_0051,2.2842979431152344,2.284987688064575,0.0006897449493408203,0.3175898790359497,0.3175509572029114,0.16004468500614166,working,False,0.07080078125,0.009785652160644531,pooled_controls,bf16
L29_N13925,29,13925,ambiguity,amb_0052,2.544663667678833,2.5436630249023438,-0.0010006427764892578,0.3059062957763672,0.30832740664482117,0.16004468500614166,working,False,0.0211181640625,0.009785652160644531,pooled_controls,bf16
L29_N13925,29,13925,ambiguity,amb_0053,0.26553624868392944,0.2654811441898346,-5.510449409484863e-05,0.9484477639198303,0.9484521746635437,0.16004468500614166,working,False,-0.054443359375,0.009785652160644531,pooled_controls,bf16
L29_N13925,29,13925,ambiguity,amb_0054,3.3073582649230957,3.312985420227051,0.005627155303955078,0.20128417015075684,0.2004440575838089,0.16004468500614166,working,False,0.14453125,0.009785652160644531,pooled_controls,bf16
L29_N13925,29,13925,ambiguity,amb_0055,2.3507449626922607,2.2849578857421875,-0.06578707695007324,0.3764025568962097,0.4060012698173523,0.16004468500614166,working,False,-0.0108642578125,0.009785652160644531,pooled_controls,bf16
L29_N13925,29,13925,ambiguity,amb_0056,2.9696860313415527,2.9689583778381348,-0.0007276535034179688,0.3324529230594635,0.33258378505706787,0.16004468500614166,working,False,-0.00653076171875,0.009785652160644531,pooled_controls,bf16
L29_N13925,29,13925,ambiguity,amb_0057,3.6951136589050293,3.6980135440826416,0.0028998851776123047,0.2154395580291748,0.21601128578186035,0.16004468500614166,working,False,0.017578125,0.009785652160644531,pooled_controls,bf16
L29_N13925,29,13925,ambiguity,amb_0058,0.6380835771560669,0.6453995704650879,0.007315993309020996,0.8878673315048218,0.8857749104499817,0.16004468500614166,working,False,-0.0693359375,0.009785652160644531,pooled_controls,bf16
L29_N13925,29,13925,ambiguity,amb_0059,1.6167001724243164,1.6092315912246704,-0.007468581199645996,0.4122750759124756,0.41334447264671326,0.16004468500614166,working,False,-0.0040283203125,0.009785652160644531,pooled_controls,bf16
L29_N13925,29,13925,ambiguity,amb_0060,2.2315759658813477,2.233673095703125,0.0020971298217773438,0.4630894958972931,0.462364137172699,0.16004468500614166,working,False,0.059814453125,0.009785652160644531,pooled_controls,bf16
L29_N13925,29,13925,ambiguity,amb_0061,2.1432714462280273,2.150442123413086,0.007170677185058594,0.34881308674812317,0.34747380018234253,0.16004468500614166,working,False,0.0291748046875,0.009785652160644531,pooled_controls,bf16
L29_N13925,29,13925,ambiguity,amb_0062,0.42451727390289307,0.3871721923351288,-0.03734508156776428,0.9445533156394958,0.9501346945762634,0.16004468500614166,working,False,0.0439453125,0.009785652160644531,pooled_controls,bf16
L29_N13925,29,13925,ambiguity,amb_0063,3.6907150745391846,3.6910924911499023,0.00037741661071777344,0.31620991230010986,0.315975159406662,0.16004468500614166,working,False,-0.0234375,0.009785652160644531,pooled_controls,bf16
L29_N13925,29,13925,ambiguity,amb_0064,2.0356671810150146,2.072298049926758,0.036630868911743164,0.33568695187568665,0.3494942784309387,0.16004468500614166,working,False,0.03515625,0.009785652160644531,pooled_controls,bf16
L29_N13925,29,13925,ambiguity,amb_0065,0.09549930691719055,0.09507324546575546,-0.0004260614514350891,0.9887312054634094,0.9887943863868713,0.16004468500614166,working,False,-0.0634765625,0.009785652160644531,pooled_controls,bf16
L29_N13925,29,13925,ambiguity,amb_0066,2.0707223415374756,2.068641185760498,-0.002081155776977539,0.32435888051986694,0.3245064914226532,0.16004468500614166,working,False,0.04833984375,0.009785652160644531,pooled_controls,bf16
L29_N13925,29,13925,ambiguity,amb_0067,3.4030425548553467,3.393317937850952,-0.009724617004394531,0.2503643333911896,0.24798724055290222,0.16004468500614166,working,False,0.032958984375,0.009785652160644531,pooled_controls,bf16
L29_N13925,29,13925,ambiguity,amb_0068,0.27864107489585876,0.2788965106010437,0.0002554357051849365,0.9491060376167297,0.9490734934806824,0.16004468500614166,working,False,-0.0830078125,0.009785652160644531,pooled_controls,bf16
L29_N13925,29,13925,ambiguity,amb_0069,3.569601058959961,3.5731077194213867,0.0035066604614257812,0.23654481768608093,0.2360922247171402,0.16004468500614166,working,False,0.10888671875,0.009785652160644531,pooled_controls,bf16
L29_N13925,29,13925,ambiguity,amb_0070,1.2353311777114868,1.2274482250213623,-0.007882952690124512,0.7235127687454224,0.7270023226737976,0.16004468500614166,working,False,-0.0155029296875,0.009785652160644531,pooled_controls,bf16
L29_N13925,29,13925,ambiguity,amb_0071,0.5878744125366211,0.5915521383285522,0.0036777257919311523,0.9036218523979187,0.9029210805892944,0.16004468500614166,working,False,0.004608154296875,0.009785652160644531,pooled_controls,bf16
L29_N13925,29,13925,ambiguity,amb_0072,1.4870750904083252,1.5946800708770752,0.10760498046875,0.7113951444625854,0.6818639636039734,0.16004468500614166,working,False,0.015869140625,0.009785652160644531,pooled_controls,bf16
L29_N13925,29,13925,ambiguity,amb_0073,2.011209487915039,2.0134737491607666,0.002264261245727539,0.25993621349334717,0.2597404718399048,0.16004468500614166,working,False,0.03564453125,0.009785652160644531,pooled_controls,bf16
L29_N13925,29,13925,ambiguity,amb_0074,1.8976142406463623,1.9657739400863647,0.06815969944000244,0.5668606758117676,0.5458754301071167,0.16004468500614166,working,False,-0.1513671875,0.009785652160644531,pooled_controls,bf16
L29_N13925,29,13925,ambiguity,amb_0075,2.3578433990478516,2.3610167503356934,0.003173351287841797,0.483648419380188,0.4832555651664734,0.16004468500614166,working,False,0.01287841796875,0.009785652160644531,pooled_controls,bf16
L29_N13925,29,13925,ambiguity,amb_0076,2.618499994277954,2.616154432296753,-0.002345561981201172,0.2548840641975403,0.25505414605140686,0.16004468500614166,working,False,-0.020263671875,0.009785652160644531,pooled_controls,bf16
L29_N13925,29,13925,ambiguity,amb_0077,2.4425735473632812,2.447723627090454,0.0051500797271728516,0.5396357774734497,0.5353248715400696,0.16004468500614166,working,False,0.07177734375,0.009785652160644531,pooled_controls,bf16
L29_N13925,29,13925,ambiguity,amb_0078,1.1666830778121948,1.2484073638916016,0.08172428607940674,0.7637596130371094,0.7416527271270752,0.16004468500614166,working,False,0.050537109375,0.009785652160644531,pooled_controls,bf16
L29_N13925,29,13925,ambiguity,amb_0079,2.033189535140991,2.0235159397125244,-0.009673595428466797,0.3496057987213135,0.33298617601394653,0.16004468500614166,working,False,0.024169921875,0.009785652160644531,pooled_controls,bf16
L29_N13925,29,13925,ambiguity,amb_0080,2.0369515419006348,2.033223867416382,-0.0037276744842529297,0.4895094633102417,0.4900205433368683,0.16004468500614166,working,False,-0.0152587890625,0.009785652160644531,pooled_controls,bf16
L29_N13925,29,13925,ambiguity,amb_0081,3.092586040496826,3.0865020751953125,-0.006083965301513672,0.5298091173171997,0.5316853523254395,0.16004468500614166,working,False,0.049560546875,0.009785652160644531,pooled_controls,bf16
L29_N13925,29,13925,ambiguity,amb_0082,1.6431922912597656,1.6531493663787842,0.009957075119018555,0.7570251226425171,0.7545204758644104,0.16004468500614166,working,False,0.041259765625,0.009785652160644531,pooled_controls,bf16
L29_N13925,29,13925,ambiguity,amb_0083,5.554958343505859,5.559842109680176,0.004883766174316406,0.07461758702993393,0.07439230382442474,0.16004468500614166,working,False,0.1455078125,0.009785652160644531,pooled_controls,bf16
L29_N13925,29,13925,ambiguity,amb_0084,2.906287670135498,2.99570894241333,0.08942127227783203,0.4053276777267456,0.3777771592140198,0.16004468500614166,held_out,False,0.013427734375,0.009785652160644531,pooled_controls,bf16
L29_N13925,29,13925,ambiguity,amb_0085,3.2369580268859863,3.2450075149536133,0.008049488067626953,0.4754219353199005,0.4745067358016968,0.16004468500614166,held_out,False,0.0576171875,0.009785652160644531,pooled_controls,bf16
L29_N13925,29,13925,ambiguity,amb_0086,3.4680352210998535,3.4715073108673096,0.0034720897674560547,0.16339129209518433,0.16377955675125122,0.16004468500614166,held_out,False,0.0247802734375,0.009785652160644531,pooled_controls,bf16
L29_N13925,29,13925,ambiguity,amb_0087,0.21132242679595947,0.2132449895143509,0.0019225627183914185,0.9734991192817688,0.9731644988059998,0.16004468500614166,held_out,False,0.036865234375,0.009785652160644531,pooled_controls,bf16
L29_N13925,29,13925,ambiguity,amb_0088,3.366471767425537,3.367232322692871,0.0007605552673339844,0.26610100269317627,0.2647320628166199,0.16004468500614166,held_out,False,-0.058837890625,0.009785652160644531,pooled_controls,bf16
L29_N13925,29,13925,ambiguity,amb_0089,3.781087636947632,3.7868704795837402,0.0057828426361083984,0.3369584083557129,0.3323020040988922,0.16004468500614166,held_out,False,0.125,0.009785652160644531,pooled_controls,bf16
L29_N13925,29,13925,ambiguity,amb_0090,0.8448827266693115,0.84327632188797,-0.0016064047813415527,0.7932525873184204,0.7934777140617371,0.16004468500614166,held_out,False,-0.06884765625,0.009785652160644531,pooled_controls,bf16
L29_N13925,29,13925,ambiguity,amb_0091,1.8923972845077515,1.8933403491973877,0.0009430646896362305,0.5461603403091431,0.546065628528595,0.16004468500614166,held_out,False,-0.006591796875,0.009785652160644531,pooled_controls,bf16
L29_N13925,29,13925,ambiguity,amb_0092,1.6362665891647339,1.6351099014282227,-0.0011566877365112305,0.7017658948898315,0.7023294568061829,0.16004468500614166,held_out,False,-0.016357421875,0.009785652160644531,pooled_controls,bf16
L29_N13925,29,13925,ambiguity,amb_0093,0.8634747862815857,0.8645743131637573,0.0010995268821716309,0.8298888802528381,0.8293891549110413,0.16004468500614166,held_out,False,-0.162109375,0.009785652160644531,pooled_controls,bf16
L29_N13925,29,13925,ambiguity,amb_0094,1.7390378713607788,1.7398393154144287,0.0008014440536499023,0.4728764593601227,0.4727768898010254,0.16004468500614166,held_out,False,-0.01611328125,0.009785652160644531,pooled_controls,bf16
L29_N13925,29,13925,ambiguity,amb_0095,0.821681022644043,0.8231596946716309,0.0014786720275878906,0.8072279691696167,0.8069698214530945,0.16004468500614166,held_out,False,0.00238037109375,0.009785652160644531,pooled_controls,bf16
L29_N13925,29,13925,ambiguity,amb_0096,2.501300573348999,2.4987401962280273,-0.0025603771209716797,0.2968878149986267,0.29961445927619934,0.16004468500614166,held_out,False,-0.025390625,0.009785652160644531,pooled_controls,bf16
L29_N13925,29,13925,ambiguity,amb_0097,2.996896743774414,2.9486660957336426,-0.048230648040771484,0.2316855490207672,0.25515133142471313,0.16004468500614166,held_out,False,0.125,0.009785652160644531,pooled_controls,bf16
L29_N13925,29,13925,ambiguity,amb_0098,2.3167881965637207,2.317951202392578,0.0011630058288574219,0.26292508840560913,0.2628886103630066,0.16004468500614166,held_out,False,-0.054931640625,0.009785652160644531,pooled_controls,bf16
L29_N13925,29,13925,ambiguity,amb_0099,2.436516284942627,2.4355669021606445,-0.0009493827819824219,0.35596418380737305,0.3571261763572693,0.16004468500614166,held_out,False,0.043212890625,0.009785652160644531,pooled_controls,bf16
L29_N13925,29,13925,ambiguity,amb_0100,1.7052080631256104,1.701859712600708,-0.0033483505249023438,0.5621854066848755,0.562637209892273,0.16004468500614166,held_out,False,-0.04931640625,0.009785652160644531,pooled_controls,bf16
L29_N13925,29,13925,ambiguity,amb_0101,2.0023765563964844,1.9942307472229004,-0.008145809173583984,0.4655653238296509,0.4666430652141571,0.16004468500614166,held_out,False,-0.0703125,0.009785652160644531,pooled_controls,bf16
L29_N13925,29,13925,ambiguity,amb_0102,2.005124568939209,2.000722885131836,-0.004401683807373047,0.29406610131263733,0.2943301498889923,0.16004468500614166,held_out,False,-0.0771484375,0.009785652160644531,pooled_controls,bf16
L29_N13925,29,13925,ambiguity,amb_0103,4.778031349182129,4.789344787597656,0.011313438415527344,0.10608897358179092,0.10701342672109604,0.16004468500614166,held_out,False,0.0022735595703125,0.009785652160644531,pooled_controls,bf16
L29_N13925,29,13925,ambiguity,amb_0104,1.1206187009811401,1.1296741962432861,0.009055495262145996,0.7675607800483704,0.7642030715942383,0.16004468500614166,held_out,False,-0.0703125,0.009785652160644531,pooled_controls,bf16
L29_N13925,29,13925,ambiguity,amb_0105,2.1002590656280518,2.10078501701355,0.0005259513854980469,0.5084797739982605,0.5084412097930908,0.16004468500614166,held_out,False,0.1005859375,0.009785652160644531,pooled_controls,bf16
L29_N13925,29,13925,ambiguity,amb_0106,0.5232242941856384,0.5275131464004517,0.004288852214813232,0.9280524849891663,0.9271805882453918,0.16004468500614166,held_out,False,0.0966796875,0.009785652160644531,pooled_controls,bf16
L29_N13925,29,13925,ambiguity,amb_0107,2.999772548675537,3.0076515674591064,0.007879018783569336,0.1862751543521881,0.18717440962791443,0.16004468500614166,held_out,False,0.007354736328125,0.009785652160644531,pooled_controls,bf16
L29_N13925,29,13925,ambiguity,amb_0108,2.6803855895996094,2.676250457763672,-0.0041351318359375,0.1892421841621399,0.18591997027397156,0.16004468500614166,held_out,False,-0.05810546875,0.009785652160644531,pooled_controls,bf16
L29_N13925,29,13925,ambiguity,amb_0109,0.34986984729766846,0.34485480189323425,-0.005015045404434204,0.9464108347892761,0.9476501941680908,0.16004468500614166,held_out,False,-0.036376953125,0.009785652160644531,pooled_controls,bf16
L29_N13925,29,13925,ambiguity,amb_0110,1.9645905494689941,1.9631836414337158,-0.0014069080352783203,0.4899759590625763,0.49010220170021057,0.16004468500614166,held_out,False,-0.0439453125,0.009785652160644531,pooled_controls,bf16
L29_N13925,29,13925,ambiguity,amb_0111,3.8684067726135254,3.8746604919433594,0.006253719329833984,0.20527321100234985,0.2070397138595581,0.16004468500614166,held_out,False,-0.0079345703125,0.009785652160644531,pooled_controls,bf16
L29_N13925,29,13925,ambiguity,amb_0112,2.176384449005127,2.174851894378662,-0.0015325546264648438,0.3407977223396301,0.3409137725830078,0.16004468500614166,held_out,False,0.03955078125,0.009785652160644531,pooled_controls,bf16
L29_N13925,29,13925,ambiguity,amb_0113,0.9256861805915833,0.9259733557701111,0.00028717517852783203,0.8043229579925537,0.8043031096458435,0.16004468500614166,held_out,False,-0.06640625,0.009785652160644531,pooled_controls,bf16
L29_N13925,29,13925,ambiguity,amb_0114,0.7204865217208862,0.776961624622345,0.05647510290145874,0.8451882004737854,0.8286247253417969,0.16004468500614166,held_out,False,-0.054443359375,0.009785652160644531,pooled_controls,bf16
L29_N13925,29,13925,ambiguity,amb_0115,2.9680774211883545,2.96794056892395,-0.00013685226440429688,0.34782540798187256,0.34783199429512024,0.16004468500614166,held_out,False,-0.026611328125,0.009785652160644531,pooled_controls,bf16
L29_N13925,29,13925,ambiguity,amb_0116,1.9323124885559082,1.922340750694275,-0.0099717378616333,0.5209304094314575,0.5233694911003113,0.16004468500614166,held_out,False,-0.06494140625,0.009785652160644531,pooled_controls,bf16
L29_N13925,29,13925,ambiguity,amb_0117,0.41895708441734314,0.45426687598228455,0.035309791564941406,0.9367285370826721,0.931079089641571,0.16004468500614166,held_out,False,-0.1083984375,0.009785652160644531,pooled_controls,bf16
L29_N13925,29,13925,ambiguity,amb_0118,2.198213577270508,2.191751003265381,-0.006462574005126953,0.43398311734199524,0.4349810481071472,0.16004468500614166,held_out,False,-0.06982421875,0.009785652160644531,pooled_controls,bf16
L29_N13925,29,13925,ambiguity,amb_0119,2.812081813812256,2.8108577728271484,-0.0012240409851074219,0.23698896169662476,0.23431803286075592,0.16004468500614166,held_out,False,0.08544921875,0.009785652160644531,pooled_controls,bf16
L29_N13925,29,13925,ambiguity,amb_ctrl_0000,0.7766406536102295,0.7747988104820251,-0.0018418431282043457,0.8515368700027466,0.8516046404838562,0.16004468500614166,working,True,-0.041748046875,0.009785652160644531,pooled_controls,bf16
L29_N13925,29,13925,ambiguity,amb_ctrl_0001,0.09729471802711487,0.09708729386329651,-0.00020742416381835938,0.9864110350608826,0.9864332675933838,0.16004468500614166,working,True,-0.171875,0.009785652160644531,pooled_controls,bf16
L29_N13925,29,13925,ambiguity,amb_ctrl_0002,1.1501094102859497,1.1467678546905518,-0.0033415555953979492,0.5672774314880371,0.588284969329834,0.16004468500614166,working,True,0.033935546875,0.009785652160644531,pooled_controls,bf16
L29_N13925,29,13925,ambiguity,amb_ctrl_0003,2.734994411468506,2.7367420196533203,0.0017476081848144531,0.21374362707138062,0.21357853710651398,0.16004468500614166,working,True,0.0169677734375,0.009785652160644531,pooled_controls,bf16
L29_N13925,29,13925,ambiguity,amb_ctrl_0004,1.2866910696029663,1.2852740287780762,-0.0014170408248901367,0.5674577355384827,0.5888767838478088,0.16004468500614166,working,True,-0.212890625,0.009785652160644531,pooled_controls,bf16
L29_N13925,29,13925,ambiguity,amb_ctrl_0005,2.6738407611846924,2.690171718597412,0.016330957412719727,0.4896385371685028,0.49112147092819214,0.16004468500614166,working,True,0.1044921875,0.009785652160644531,pooled_controls,bf16
L29_N13925,29,13925,ambiguity,amb_ctrl_0006,0.201217919588089,0.2015606164932251,0.0003426969051361084,0.9678196907043457,0.9677804708480835,0.16004468500614166,working,True,-0.05712890625,0.009785652160644531,pooled_controls,bf16
L29_N13925,29,13925,ambiguity,amb_ctrl_0007,0.2947760224342346,0.2847886383533478,-0.00998738408088684,0.949904203414917,0.9526915550231934,0.16004468500614166,working,True,-0.06640625,0.009785652160644531,pooled_controls,bf16
L29_N13925,29,13925,ambiguity,amb_ctrl_0008,1.9313079118728638,1.9368971586227417,0.00558924674987793,0.36000311374664307,0.3588925898075104,0.16004468500614166,working,True,-0.0546875,0.009785652160644531,pooled_controls,bf16
L29_N13925,29,13925,ambiguity,amb_ctrl_0009,0.604310154914856,0.6042903661727905,-1.9788742065429688e-05,0.8772097826004028,0.8772163987159729,0.16004468500614166,working,True,-0.0208740234375,0.009785652160644531,pooled_controls,bf16
L29_N13925,29,13925,ambiguity,amb_ctrl_0010,0.12707942724227905,0.12706142663955688,-1.800060272216797e-05,0.9798086285591125,0.9798105955123901,0.16004468500614166,working,True,-0.06103515625,0.009785652160644531,pooled_controls,bf16
L29_N13925,29,13925,ambiguity,amb_ctrl_0011,4.238875389099121,4.2381486892700195,-0.0007266998291015625,0.10977223515510559,0.10982587933540344,0.16004468500614166,working,True,0.08740234375,0.009785652160644531,pooled_controls,bf16
L29_N13925,29,13925,ambiguity,amb_ctrl_0012,2.522399425506592,2.519623041152954,-0.0027763843536376953,0.2560243010520935,0.2543955147266388,0.16004468500614166,working,True,0.06787109375,0.009785652160644531,pooled_controls,bf16
L29_N13925,29,13925,ambiguity,amb_ctrl_0013,5.372662544250488,5.381871223449707,0.00920867919921875,0.10198619961738586,0.10249027609825134,0.16004468500614166,working,True,0.0771484375,0.009785652160644531,pooled_controls,bf16
L29_N13925,29,13925,ambiguity,amb_ctrl_0014,0.5423544645309448,0.5429134368896484,0.0005589723587036133,0.9037502408027649,0.9036882519721985,0.16004468500614166,working,True,-0.16015625,0.009785652160644531,pooled_controls,bf16
L29_N13925,29,13925,ambiguity,amb_ctrl_0015,4.3377366065979,4.3362226486206055,-0.0015139579772949219,0.2934378981590271,0.28957220911979675,0.16004468500614166,working,True,0.1455078125,0.009785652160644531,pooled_controls,bf16
L29_N13925,29,13925,ambiguity,amb_ctrl_0016,2.8179564476013184,2.8216185569763184,0.003662109375,0.24184849858283997,0.23955364525318146,0.16004468500614166,working,True,0.08740234375,0.009785652160644531,pooled_controls,bf16
L29_N13925,29,13925,ambiguity,amb_ctrl_0017,1.3171398639678955,1.3154990673065186,-0.0016407966613769531,0.773847758769989,0.7748737931251526,0.16004468500614166,working,True,0.045654296875,0.009785652160644531,pooled_controls,bf16
L29_N13925,29,13925,ambiguity,amb_ctrl_0018,2.9222288131713867,2.9180679321289062,-0.004160881042480469,0.24335934221744537,0.24380618333816528,0.16004468500614166,working,True,-0.06591796875,0.009785652160644531,pooled_controls,bf16
L29_N13925,29,13925,ambiguity,amb_ctrl_0019,5.361654281616211,5.3558855056762695,-0.005768775939941406,0.09632216393947601,0.09624268859624863,0.16004468500614166,working,True,0.11865234375,0.009785652160644531,pooled_controls,bf16
L29_N13925,29,13925,ambiguity,amb_ctrl_0020,4.601905822753906,4.663304328918457,0.06139850616455078,0.2898511588573456,0.27425041794776917,0.16004468500614166,working,True,0.12109375,0.009785652160644531,pooled_controls,bf16
L29_N13925,29,13925,ambiguity,amb_ctrl_0021,2.9766604900360107,2.977682113647461,0.0010216236114501953,0.27002450823783875,0.27088215947151184,0.16004468500614166,working,True,0.087890625,0.009785652160644531,pooled_controls,bf16
L29_N13925,29,13925,ambiguity,amb_ctrl_0022,2.5405263900756836,2.5407180786132812,0.00019168853759765625,0.5305885672569275,0.5279472470283508,0.16004468500614166,working,True,0.00714111328125,0.009785652160644531,pooled_controls,bf16
L29_N13925,29,13925,ambiguity,amb_ctrl_0023,2.682981014251709,2.747724771499634,0.0647437572479248,0.25725501775741577,0.24523022770881653,0.16004468500614166,working,True,0.1005859375,0.009785652160644531,pooled_controls,bf16
L29_N13925,29,13925,ambiguity,amb_ctrl_0024,2.4536571502685547,2.455080509185791,0.0014233589172363281,0.5255476832389832,0.5240656137466431,0.16004468500614166,working,True,-0.036376953125,0.009785652160644531,pooled_controls,bf16
L29_N13925,29,13925,ambiguity,amb_ctrl_0025,1.1939071416854858,1.1865906715393066,-0.007316470146179199,0.7682332992553711,0.769558846950531,0.16004468500614166,working,True,0.0712890625,0.009785652160644531,pooled_controls,bf16
L29_N13925,29,13925,ambiguity,amb_ctrl_0026,0.9327545166015625,0.9330049157142639,0.000250399112701416,0.7439746260643005,0.7439404726028442,0.16004468500614166,working,True,-0.0169677734375,0.009785652160644531,pooled_controls,bf16
L29_N13925,29,13925,ambiguity,amb_ctrl_0027,1.6260687112808228,1.625452995300293,-0.0006157159805297852,0.53364098072052,0.5333107113838196,0.16004468500614166,working,True,-0.1240234375,0.009785652160644531,pooled_controls,bf16
L29_N13925,29,13925,ambiguity,amb_ctrl_0028,1.9965972900390625,1.951441764831543,-0.04515552520751953,0.6128343939781189,0.6209820508956909,0.16004468500614166,working,True,0.07763671875,0.009785652160644531,pooled_controls,bf16
L29_N13925,29,13925,ambiguity,amb_ctrl_0029,1.5382331609725952,1.5407497882843018,0.002516627311706543,0.38559937477111816,0.3854326903820038,0.16004468500614166,working,True,-0.07666015625,0.009785652160644531,pooled_controls,bf16
L29_N13925,29,13925,ambiguity,amb_ctrl_0030,1.825148344039917,1.8983101844787598,0.07316184043884277,0.5318348407745361,0.501311719417572,0.16004468500614166,working,True,-0.037353515625,0.009785652160644531,pooled_controls,bf16
L29_N13925,29,13925,ambiguity,amb_ctrl_0031,3.056546926498413,3.0588488578796387,0.002301931381225586,0.17859788239002228,0.1781906634569168,0.16004468500614166,working,True,0.07275390625,0.009785652160644531,pooled_controls,bf16
L29_N13925,29,13925,ambiguity,amb_ctrl_0032,2.7289576530456543,2.682331085205078,-0.04662656784057617,0.24979281425476074,0.2586303651332855,0.16004468500614166,working,True,-0.007476806640625,0.009785652160644531,pooled_controls,bf16
L29_N13925,29,13925,ambiguity,amb_ctrl_0033,0.5639548897743225,0.5591595768928528,-0.0047953128814697266,0.8955055475234985,0.8964742422103882,0.16004468500614166,working,True,-0.09765625,0.009785652160644531,pooled_controls,bf16
L29_N13925,29,13925,ambiguity,amb_ctrl_0034,0.46364283561706543,0.4657917022705078,0.002148866653442383,0.9274066090583801,0.927035927772522,0.16004468500614166,working,True,-0.0224609375,0.009785652160644531,pooled_controls,bf16
L29_N13925,29,13925,ambiguity,amb_ctrl_0035,4.913356781005859,4.911548614501953,-0.00180816650390625,0.07138054817914963,0.07127727568149567,0.16004468500614166,working,True,0.09765625,0.009785652160644531,pooled_controls,bf16
L29_N13925,29,13925,ambiguity,amb_ctrl_0036,2.8000435829162598,2.800401210784912,0.00035762786865234375,0.42631012201309204,0.42644616961479187,0.16004468500614166,working,True,0.050537109375,0.009785652160644531,pooled_controls,bf16
L29_N13925,29,13925,ambiguity,amb_ctrl_0037,2.7010412216186523,2.70660662651062,0.0055654048919677734,0.38632428646087646,0.38011083006858826,0.16004468500614166,working,True,-0.022216796875,0.009785652160644531,pooled_controls,bf16
L29_N13925,29,13925,ambiguity,amb_ctrl_0038,3.2420296669006348,3.227184534072876,-0.014845132827758789,0.1702917218208313,0.1792300045490265,0.16004468500614166,working,True,0.1357421875,0.009785652160644531,pooled_controls,bf16
L29_N13925,29,13925,ambiguity,amb_ctrl_0039,0.3799930214881897,0.3779294490814209,-0.002063572406768799,0.9415091276168823,0.9418066740036011,0.16004468500614166,working,True,-0.09228515625,0.009785652160644531,pooled_controls,bf16
L29_N13925,29,13925,ambiguity,amb_ctrl_0040,2.988630533218384,2.9880146980285645,-0.0006158351898193359,0.30050066113471985,0.3012832999229431,0.16004468500614166,working,True,0.03369140625,0.009785652160644531,pooled_controls,bf16
L29_N13925,29,13925,ambiguity,amb_ctrl_0041,1.9082388877868652,1.9046517610549927,-0.0035871267318725586,0.5990794897079468,0.5998221039772034,0.16004468500614166,working,True,-0.0242919921875,0.009785652160644531,pooled_controls,bf16
L29_N13925,29,13925,ambiguity,amb_ctrl_0042,3.304969549179077,3.307159185409546,0.00218963623046875,0.3426487445831299,0.3429330289363861,0.16004468500614166,working,True,-0.0174560546875,0.009785652160644531,pooled_controls,bf16
L29_N13925,29,13925,ambiguity,amb_ctrl_0043,0.3423001766204834,0.34265565872192383,0.0003554821014404297,0.9096891283988953,0.9096501469612122,0.16004468500614166,working,True,0.06103515625,0.009785652160644531,pooled_controls,bf16
L29_N13925,29,13925,ambiguity,amb_ctrl_0044,5.378116607666016,5.380856990814209,0.0027403831481933594,0.1182311624288559,0.11794860661029816,0.16004468500614166,working,True,0.09619140625,0.009785652160644531,pooled_controls,bf16
L29_N13925,29,13925,ambiguity,amb_ctrl_0045,2.304725170135498,2.31005597114563,0.005330801010131836,0.26542025804519653,0.2647820711135864,0.16004468500614166,working,True,0.018310546875,0.009785652160644531,pooled_controls,bf16
L29_N13925,29,13925,ambiguity,amb_ctrl_0046,3.76407527923584,3.765212059020996,0.00113677978515625,0.13274690508842468,0.1332530677318573,0.16004468500614166,working,True,0.049072265625,0.009785652160644531,pooled_controls,bf16
L29_N13925,29,13925,ambiguity,amb_ctrl_0047,3.065524101257324,3.0684268474578857,0.0029027462005615234,0.3836395740509033,0.373728483915329,0.16004468500614166,working,True,0.1025390625,0.009785652160644531,pooled_controls,bf16
L29_N13925,29,13925,ambiguity,amb_ctrl_0048,5.083179473876953,5.074421405792236,-0.008758068084716797,0.18745993077754974,0.18702904880046844,0.16004468500614166,working,True,0.04296875,0.009785652160644531,pooled_controls,bf16
L29_N13925,29,13925,ambiguity,amb_ctrl_0049,1.2665965557098389,1.2687112092971802,0.0021146535873413086,0.7476392984390259,0.7473212480545044,0.16004468500614166,working,True,-0.07470703125,0.009785652160644531,pooled_controls,bf16
L29_N13925,29,13925,ambiguity,amb_ctrl_0050,3.729827642440796,3.7308242321014404,0.0009965896606445312,0.26900753378868103,0.27052634954452515,0.16004468500614166,working,True,-0.0017852783203125,0.009785652160644531,pooled_controls,bf16
L29_N13925,29,13925,ambiguity,amb_ctrl_0051,2.2200121879577637,2.2243947982788086,0.004382610321044922,0.5213475823402405,0.518656313419342,0.16004468500614166,working,True,0.0615234375,0.009785652160644531,pooled_controls,bf16
L29_N13925,29,13925,ambiguity,amb_ctrl_0052,3.310584545135498,3.3068339824676514,-0.0037505626678466797,0.14980924129486084,0.14872363209724426,0.16004468500614166,working,True,0.043212890625,0.009785652160644531,pooled_controls,bf16
L29_N13925,29,13925,ambiguity,amb_ctrl_0053,2.4620916843414307,2.443911075592041,-0.01818060874938965,0.3166545331478119,0.3093988001346588,0.16004468500614166,working,True,0.0205078125,0.009785652160644531,pooled_controls,bf16
L29_N13925,29,13925,ambiguity,amb_ctrl_0054,4.114995956420898,4.114579200744629,-0.00041675567626953125,0.2303536981344223,0.23050157725811005,0.16004468500614166,working,True,-0.02880859375,0.009785652160644531,pooled_controls,bf16
L29_N13925,29,13925,ambiguity,amb_ctrl_0055,2.642899990081787,2.631673574447632,-0.011226415634155273,0.32313698530197144,0.3185224235057831,0.16004468500614166,working,True,-0.00165557861328125,0.009785652160644531,pooled_controls,bf16
L29_N13925,29,13925,ambiguity,amb_ctrl_0056,4.992990493774414,4.98933219909668,-0.003658294677734375,0.13981656730175018,0.13869594037532806,0.16004468500614166,working,True,0.080078125,0.009785652160644531,pooled_controls,bf16
L29_N13925,29,13925,ambiguity,amb_ctrl_0057,0.72358238697052,0.7213776111602783,-0.0022047758102416992,0.6951943039894104,0.6954562664031982,0.16004468500614166,working,True,-0.06787109375,0.009785652160644531,pooled_controls,bf16
L29_N13925,29,13925,ambiguity,amb_ctrl_0058,3.0716848373413086,3.0859622955322266,0.014277458190917969,0.17631740868091583,0.17936588823795319,0.16004468500614166,working,True,0.047607421875,0.009785652160644531,pooled_controls,bf16
L29_N13925,29,13925,ambiguity,amb_ctrl_0059,2.4294238090515137,2.429677963256836,0.0002541542053222656,0.5226604342460632,0.5184741020202637,0.16004468500614166,working,True,0.032958984375,0.009785652160644531,pooled_controls,bf16
L29_N13925,29,13925,ambiguity,amb_ctrl_0060,1.0038834810256958,1.0098825693130493,0.005999088287353516,0.8310943841934204,0.8298497796058655,0.16004468500614166,working,True,-0.189453125,0.009785652160644531,pooled_controls,bf16
L29_N13925,29,13925,ambiguity,amb_ctrl_0061,3.0814852714538574,3.072948455810547,-0.008536815643310547,0.42257410287857056,0.42211297154426575,0.16004468500614166,working,True,0.0062255859375,0.009785652160644531,pooled_controls,bf16
L29_N13925,29,13925,ambiguity,amb_ctrl_0062,6.099908351898193,6.099364280700684,-0.0005440711975097656,0.0454409196972847,0.04500596970319748,0.16004468500614166,working,True,0.1552734375,0.009785652160644531,pooled_controls,bf16
L29_N13925,29,13925,ambiguity,amb_ctrl_0063,3.982426166534424,3.9758379459381104,-0.0065882205963134766,0.19488677382469177,0.19455088675022125,0.16004468500614166,working,True,0.004730224609375,0.009785652160644531,pooled_controls,bf16
L29_N13925,29,13925,ambiguity,amb_ctrl_0064,1.2800276279449463,1.280858039855957,0.0008304119110107422,0.7049450278282166,0.7048701643943787,0.16004468500614166,working,True,0.05126953125,0.009785652160644531,pooled_controls,bf16
L29_N13925,29,13925,ambiguity,amb_ctrl_0065,1.728804349899292,1.7153626680374146,-0.013441681861877441,0.5687795877456665,0.5735083818435669,0.16004468500614166,working,True,-0.13671875,0.009785652160644531,pooled_controls,bf16
L29_N13925,29,13925,ambiguity,amb_ctrl_0066,2.0725255012512207,2.0702035427093506,-0.002321958541870117,0.38031232357025146,0.3806666433811188,0.16004468500614166,working,True,-0.0341796875,0.009785652160644531,pooled_controls,bf16
L29_N13925,29,13925,ambiguity,amb_ctrl_0067,3.082766532897949,3.0850143432617188,0.0022478103637695312,0.21626727283000946,0.21578671038150787,0.16004468500614166,working,True,0.03955078125,0.009785652160644531,pooled_controls,bf16
L29_N13925,29,13925,ambiguity,amb_ctrl_0068,2.5241587162017822,2.5328402519226074,0.008681535720825195,0.29160362482070923,0.2902480959892273,0.16004468500614166,working,True,0.09423828125,0.009785652160644531,pooled_controls,bf16
L29_N13925,29,13925,ambiguity,amb_ctrl_0069,1.3749003410339355,1.37850022315979,0.003599882125854492,0.7211427688598633,0.719964325428009,0.16004468500614166,working,True,-0.2255859375,0.009785652160644531,pooled_controls,bf16
L29_N13925,29,13925,ambiguity,amb_ctrl_0070,1.204169511795044,1.1963582038879395,-0.007811307907104492,0.7618666887283325,0.764942467212677,0.16004468500614166,working,True,-0.048583984375,0.009785652160644531,pooled_controls,bf16
L29_N13925,29,13925,ambiguity,amb_ctrl_0071,2.7363505363464355,2.738149404525757,0.001798868179321289,0.2670269310474396,0.2668549716472626,0.16004468500614166,working,True,0.08349609375,0.009785652160644531,pooled_controls,bf16
L29_N13925,29,13925,ambiguity,amb_ctrl_0072,0.3991299271583557,0.4009040892124176,0.0017741620540618896,0.9259452819824219,0.925625205039978,0.16004468500614166,working,True,-0.009765625,0.009785652160644531,pooled_controls,bf16
L29_N13925,29,13925,ambiguity,amb_ctrl_0073,2.7911183834075928,2.7261579036712646,-0.06496047973632812,0.31099262833595276,0.3395979404449463,0.16004468500614166,working,True,0.053466796875,0.009785652160644531,pooled_controls,bf16
L29_N13925,29,13925,ambiguity,amb_ctrl_0074,2.8901166915893555,2.888274669647217,-0.0018420219421386719,0.2257860153913498,0.22575199604034424,0.16004468500614166,working,True,0.037841796875,0.009785652160644531,pooled_controls,bf16
L29_N13925,29,13925,ambiguity,amb_ctrl_0075,2.611227512359619,2.615421772003174,0.0041942596435546875,0.5451282262802124,0.5438927412033081,0.16004468500614166,working,True,-0.045654296875,0.009785652160644531,pooled_controls,bf16
L29_N13925,29,13925,ambiguity,amb_ctrl_0076,3.449631690979004,3.451977252960205,0.002345561981201172,0.2657425105571747,0.2655750513076782,0.16004468500614166,working,True,0.04736328125,0.009785652160644531,pooled_controls,bf16
L29_N13925,29,13925,ambiguity,amb_ctrl_0077,1.4236340522766113,1.494966745376587,0.07133269309997559,0.6163606643676758,0.5864108800888062,0.16004468500614166,working,True,-0.09033203125,0.009785652160644531,pooled_controls,bf16
L29_N13925,29,13925,ambiguity,amb_ctrl_0078,2.2226996421813965,2.220066785812378,-0.0026328563690185547,0.41798335313796997,0.4183463752269745,0.16004468500614166,working,True,0.01043701171875,0.009785652160644531,pooled_controls,bf16
L29_N13925,29,13925,ambiguity,amb_ctrl_0079,2.553337574005127,2.644477367401123,0.0911397933959961,0.43941590189933777,0.4139442443847656,0.16004468500614166,working,True,0.07470703125,0.009785652160644531,pooled_controls,bf16
L29_N13925,29,13925,ambiguity,amb_ctrl_0080,2.430419445037842,2.4279727935791016,-0.0024466514587402344,0.27730607986450195,0.27757641673088074,0.16004468500614166,working,True,0.03662109375,0.009785652160644531,pooled_controls,bf16
L29_N13925,29,13925,ambiguity,amb_ctrl_0081,1.4725465774536133,1.4844565391540527,0.011909961700439453,0.5391753315925598,0.5370765924453735,0.16004468500614166,working,True,0.126953125,0.009785652160644531,pooled_controls,bf16
L29_N13925,29,13925,ambiguity,amb_ctrl_0082,2.0238261222839355,2.0249974727630615,0.0011713504791259766,0.4524519741535187,0.4523622691631317,0.16004468500614166,working,True,0.0159912109375,0.009785652160644531,pooled_controls,bf16
L29_N13925,29,13925,ambiguity,amb_ctrl_0083,1.331174373626709,1.3751193284988403,0.04394495487213135,0.5272114872932434,0.49596351385116577,0.16004468500614166,working,True,0.1884765625,0.009785652160644531,pooled_controls,bf16
L29_N13925,29,13925,ambiguity,amb_ctrl_0084,3.23014760017395,3.238152503967285,0.008004903793334961,0.43897515535354614,0.43670597672462463,0.16004468500614166,held_out,True,0.07958984375,0.009785652160644531,pooled_controls,bf16
L29_N13925,29,13925,ambiguity,amb_ctrl_0085,2.178281784057617,2.181122064590454,0.002840280532836914,0.3071621358394623,0.30417096614837646,0.16004468500614166,held_out,True,0.004638671875,0.009785652160644531,pooled_controls,bf16
L29_N13925,29,13925,ambiguity,amb_ctrl_0086,1.1892834901809692,1.1894582509994507,0.0001747608184814453,0.6098666191101074,0.6099295616149902,0.16004468500614166,held_out,True,0.2021484375,0.009785652160644531,pooled_controls,bf16
L29_N13925,29,13925,ambiguity,amb_ctrl_0087,4.720757007598877,4.716274261474609,-0.004482746124267578,0.18051175773143768,0.18040671944618225,0.16004468500614166,held_out,True,-0.05810546875,0.009785652160644531,pooled_controls,bf16
L29_N13925,29,13925,ambiguity,amb_ctrl_0088,1.8164480924606323,1.825150966644287,0.008702874183654785,0.3447813093662262,0.3439350128173828,0.16004468500614166,held_out,True,0.1005859375,0.009785652160644531,pooled_controls,bf16
L29_N13925,29,13925,ambiguity,amb_ctrl_0089,0.8166414499282837,0.8229280114173889,0.006286561489105225,0.8653537631034851,0.8630319237709045,0.16004468500614166,held_out,True,0.043701171875,0.009785652160644531,pooled_controls,bf16
L29_N13925,29,13925,ambiguity,amb_ctrl_0090,0.7313582897186279,0.7305434942245483,-0.0008147954940795898,0.8488500714302063,0.8489823937416077,0.16004468500614166,held_out,True,-0.10791015625,0.009785652160644531,pooled_controls,bf16
L29_N13925,29,13925,ambiguity,amb_ctrl_0091,0.7912845611572266,0.7925118207931519,0.001227259635925293,0.8505407571792603,0.8502947092056274,0.16004468500614166,held_out,True,-0.09619140625,0.009785652160644531,pooled_controls,bf16
L29_N13925,29,13925,ambiguity,amb_ctrl_0092,0.20004436373710632,0.20002833008766174,-1.6033649444580078e-05,0.9656380414962769,0.9656399488449097,0.16004468500614166,held_out,True,-0.072265625,0.009785652160644531,pooled_controls,bf16
L29_N13925,29,13925,ambiguity,amb_ctrl_0093,0.8184689283370972,0.8389924764633179,0.020523548126220703,0.7807179093360901,0.7650063037872314,0.16004468500614166,held_out,True,0.0020599365234375,0.009785652160644531,pooled_controls,bf16
L29_N13925,29,13925,ambiguity,amb_ctrl_0094,1.9382219314575195,1.93907630443573,0.0008543729782104492,0.47598159313201904,0.47599515318870544,0.16004468500614166,held_out,True,0.11572265625,0.009785652160644531,pooled_controls,bf16
L29_N13925,29,13925,ambiguity,amb_ctrl_0095,0.1967904269695282,0.19671308994293213,-7.733702659606934e-05,0.9730347990989685,0.9730427265167236,0.16004468500614166,held_out,True,-0.0185546875,0.009785652160644531,pooled_controls,bf16
L29_N13925,29,13925,ambiguity,amb_ctrl_0096,0.27954334020614624,0.27597278356552124,-0.003570556640625,0.9592352509498596,0.9598522782325745,0.16004468500614166,held_out,True,-0.0107421875,0.009785652160644531,pooled_controls,bf16
L29_N13925,29,13925,ambiguity,amb_ctrl_0097,4.615304946899414,4.615431785583496,0.00012683868408203125,0.2903858721256256,0.29043760895729065,0.16004468500614166,held_out,True,0.06494140625,0.009785652160644531,pooled_controls,bf16
L29_N13925,29,13925,ambiguity,amb_ctrl_0098,1.0526940822601318,1.0523860454559326,-0.00030803680419921875,0.7801284193992615,0.7801693677902222,0.16004468500614166,held_out,True,-0.1318359375,0.009785652160644531,pooled_controls,bf16
L29_N13925,29,13925,ambiguity,amb_ctrl_0099,2.617166519165039,2.619168758392334,0.002002239227294922,0.35361507534980774,0.35340264439582825,0.16004468500614166,held_out,True,0.01519775390625,0.009785652160644531,pooled_controls,bf16
L29_N13925,29,13925,ambiguity,amb_ctrl_0100,3.230755090713501,3.225917100906372,-0.004837989807128906,0.21227960288524628,0.21347370743751526,0.16004468500614166,held_out,True,-0.0703125,0.009785652160644531,pooled_controls,bf16
L29_N13925,29,13925,ambiguity,amb_ctrl_0101,2.5137133598327637,2.457080841064453,-0.05663251876831055,0.3411417007446289,0.367136687040329,0.16004468500614166,held_out,True,-0.0245361328125,0.009785652160644531,pooled_controls,bf16
L29_N13925,29,13925,ambiguity,amb_ctrl_0102,3.382952928543091,3.384270429611206,0.0013175010681152344,0.4389851689338684,0.4420921206474304,0.16004468500614166,held_out,True,0.0263671875,0.009785652160644531,pooled_controls,bf16
L29_N13925,29,13925,ambiguity,amb_ctrl_0103,1.2881443500518799,1.290987491607666,0.002843141555786133,0.6099465489387512,0.6094041466712952,0.16004468500614166,held_out,True,0.034912109375,0.009785652160644531,pooled_controls,bf16
L29_N13925,29,13925,ambiguity,amb_ctrl_0104,1.2201045751571655,1.2141622304916382,-0.005942344665527344,0.6614540815353394,0.6624734401702881,0.16004468500614166,held_out,True,-0.020751953125,0.009785652160644531,pooled_controls,bf16
L29_N13925,29,13925,ambiguity,amb_ctrl_0105,1.7128682136535645,1.7551555633544922,0.042287349700927734,0.42329180240631104,0.39273592829704285,0.16004468500614166,held_out,True,-0.0732421875,0.009785652160644531,pooled_controls,bf16
L29_N13925,29,13925,ambiguity,amb_ctrl_0106,4.290400505065918,4.286309242248535,-0.0040912628173828125,0.12830117344856262,0.1281302124261856,0.16004468500614166,held_out,True,-0.049560546875,0.009785652160644531,pooled_controls,bf16
L29_N13925,29,13925,ambiguity,amb_ctrl_0107,1.973547339439392,1.9752094745635986,0.001662135124206543,0.5560788512229919,0.5566530823707581,0.16004468500614166,held_out,True,0.1025390625,0.009785652160644531,pooled_controls,bf16
L29_N13925,29,13925,ambiguity,amb_ctrl_0108,5.345915794372559,5.348424911499023,0.0025091171264648438,0.19730085134506226,0.19755423069000244,0.16004468500614166,held_out,True,0.08154296875,0.009785652160644531,pooled_controls,bf16
L29_N13925,29,13925,ambiguity,amb_ctrl_0109,2.405097723007202,2.4093551635742188,0.0042574405670166016,0.5640195608139038,0.5639213919639587,0.16004468500614166,held_out,True,0.0830078125,0.009785652160644531,pooled_controls,bf16
L29_N13925,29,13925,ambiguity,amb_ctrl_0110,2.2092509269714355,2.208103656768799,-0.0011472702026367188,0.2498709261417389,0.2500079870223999,0.16004468500614166,held_out,True,0.0380859375,0.009785652160644531,pooled_controls,bf16
L29_N13925,29,13925,ambiguity,amb_ctrl_0111,2.009219169616699,2.0130043029785156,0.0037851333618164062,0.44997212290763855,0.46040424704551697,0.16004468500614166,held_out,True,-0.0233154296875,0.009785652160644531,pooled_controls,bf16
L29_N13925,29,13925,ambiguity,amb_ctrl_0112,1.7968382835388184,1.8711575269699097,0.07431924343109131,0.5710203051567078,0.5474400520324707,0.16004468500614166,held_out,True,-0.1396484375,0.009785652160644531,pooled_controls,bf16
L29_N13925,29,13925,ambiguity,amb_ctrl_0113,4.333885192871094,4.3238420486450195,-0.010043144226074219,0.34712934494018555,0.3491967022418976,0.16004468500614166,held_out,True,0.0257568359375,0.009785652160644531,pooled_controls,bf16
L29_N13925,29,13925,ambiguity,amb_ctrl_0114,1.9962888956069946,1.9980897903442383,0.0018008947372436523,0.3115333616733551,0.3169020712375641,0.16004468500614166,held_out,True,-0.0101318359375,0.009785652160644531,pooled_controls,bf16
L29_N13925,29,13925,ambiguity,amb_ctrl_0115,2.317293643951416,2.311185121536255,-0.006108522415161133,0.4041188955307007,0.40659815073013306,0.16004468500614166,held_out,True,-0.0018310546875,0.009785652160644531,pooled_controls,bf16
L29_N13925,29,13925,ambiguity,amb_ctrl_0116,2.3295745849609375,2.329843521118164,0.0002689361572265625,0.3391643166542053,0.33911263942718506,0.16004468500614166,held_out,True,-0.043701171875,0.009785652160644531,pooled_controls,bf16
L29_N13925,29,13925,ambiguity,amb_ctrl_0117,1.5883352756500244,1.6306995153427124,0.04236423969268799,0.574742317199707,0.5613342523574829,0.16004468500614166,held_out,True,-0.003692626953125,0.009785652160644531,pooled_controls,bf16
L29_N13925,29,13925,ambiguity,amb_ctrl_0118,2.7129154205322266,2.6813321113586426,-0.031583309173583984,0.21529023349285126,0.2369525134563446,0.16004468500614166,held_out,True,0.05712890625,0.009785652160644531,pooled_controls,bf16
L29_N13925,29,13925,ambiguity,amb_ctrl_0119,3.844236135482788,3.8528153896331787,0.008579254150390625,0.126031756401062,0.11866467446088791,0.16004468500614166,held_out,True,0.054931640625,0.009785652160644531,pooled_controls,bf16
L30_N13098,30,13098,ambiguity,amb_0000,2.131409168243408,2.1300671100616455,-0.0013420581817626953,0.3043592870235443,0.30778586864471436,0.12122531980276108,working,False,-0.048095703125,0.0008686695780072894,pooled_controls,bf16
L30_N13098,30,13098,ambiguity,amb_0001,4.559041500091553,4.566463470458984,0.007421970367431641,0.1691441833972931,0.16904985904693604,0.12122531980276108,working,False,-0.220703125,0.0008686695780072894,pooled_controls,bf16
L30_N13098,30,13098,ambiguity,amb_0002,0.5591363906860352,0.5850127339363098,0.025876343250274658,0.7746531963348389,0.7524074912071228,0.12122531980276108,working,False,0.1591796875,0.0008686695780072894,pooled_controls,bf16
L30_N13098,30,13098,ambiguity,amb_0003,0.7737653255462646,0.779832124710083,0.006066799163818359,0.8860874176025391,0.8846855759620667,0.12122531980276108,working,False,0.005584716796875,0.0008686695780072894,pooled_controls,bf16
L30_N13098,30,13098,ambiguity,amb_0004,3.214151620864868,3.159210443496704,-0.05494117736816406,0.3810039460659027,0.3962259292602539,0.12122531980276108,working,False,0.0869140625,0.0008686695780072894,pooled_controls,bf16
L30_N13098,30,13098,ambiguity,amb_0005,0.40345656871795654,0.3959559202194214,-0.007500648498535156,0.9331170916557312,0.9346598982810974,0.12122531980276108,working,False,0.341796875,0.0008686695780072894,pooled_controls,bf16
L30_N13098,30,13098,ambiguity,amb_0006,2.6447858810424805,2.646778106689453,0.0019922256469726562,0.3364722430706024,0.3361671268939972,0.12122531980276108,working,False,-0.047119140625,0.0008686695780072894,pooled_controls,bf16
L30_N13098,30,13098,ambiguity,amb_0007,2.73992919921875,2.739701271057129,-0.00022792816162109375,0.3336516320705414,0.3340039849281311,0.12122531980276108,working,False,-0.0107421875,0.0008686695780072894,pooled_controls,bf16
L30_N13098,30,13098,ambiguity,amb_0008,3.0731167793273926,3.157266139984131,0.08414936065673828,0.321990430355072,0.3010976314544678,0.12122531980276108,working,False,-0.05029296875,0.0008686695780072894,pooled_controls,bf16
L30_N13098,30,13098,ambiguity,amb_0009,2.3017964363098145,2.3016788959503174,-0.00011754035949707031,0.3590010106563568,0.3590051531791687,0.12122531980276108,working,False,0.05712890625,0.0008686695780072894,pooled_controls,bf16
L30_N13098,30,13098,ambiguity,amb_0010,3.0725746154785156,3.0736513137817383,0.0010766983032226562,0.32308200001716614,0.3236486315727234,0.12122531980276108,working,False,-0.055419921875,0.0008686695780072894,pooled_controls,bf16
L30_N13098,30,13098,ambiguity,amb_0011,0.1853773295879364,0.18671758472919464,0.0013402551412582397,0.9783462882041931,0.9781648516654968,0.12122531980276108,working,False,0.007110595703125,0.0008686695780072894,pooled_controls,bf16
L30_N13098,30,13098,ambiguity,amb_0012,0.2827058434486389,0.2828519344329834,0.00014609098434448242,0.9530503153800964,0.9530287981033325,0.12122531980276108,working,False,0.12109375,0.0008686695780072894,pooled_controls,bf16
L30_N13098,30,13098,ambiguity,amb_0013,2.846848487854004,2.848353862762451,0.0015053749084472656,0.23987779021263123,0.2403625249862671,0.12122531980276108,working,False,0.03759765625,0.0008686695780072894,pooled_controls,bf16
L30_N13098,30,13098,ambiguity,amb_0014,1.7274397611618042,1.7275149822235107,7.522106170654297e-05,0.6531180739402771,0.6531141996383667,0.12122531980276108,working,False,-0.033203125,0.0008686695780072894,pooled_controls,bf16
L30_N13098,30,13098,ambiguity,amb_0015,2.646392345428467,2.6456692218780518,-0.0007231235504150391,0.2669826149940491,0.2671346962451935,0.12122531980276108,working,False,-0.1328125,0.0008686695780072894,pooled_controls,bf16
L30_N13098,30,13098,ambiguity,amb_0016,2.1020545959472656,2.133078098297119,0.031023502349853516,0.356288343667984,0.3671553134918213,0.12122531980276108,working,False,-0.06005859375,0.0008686695780072894,pooled_controls,bf16
L30_N13098,30,13098,ambiguity,amb_0017,2.545952796936035,2.5352654457092285,-0.01068735122680664,0.3178497850894928,0.3113330900669098,0.12122531980276108,working,False,-0.0213623046875,0.0008686695780072894,pooled_controls,bf16
L30_N13098,30,13098,ambiguity,amb_0018,2.6739742755889893,2.671373128890991,-0.002601146697998047,0.5581860542297363,0.5598545670509338,0.12122531980276108,working,False,0.142578125,0.0008686695780072894,pooled_controls,bf16
L30_N13098,30,13098,ambiguity,amb_0019,3.003119945526123,3.0069098472595215,0.0037899017333984375,0.26456767320632935,0.2635805606842041,0.12122531980276108,working,False,-0.140625,0.0008686695780072894,pooled_controls,bf16
L30_N13098,30,13098,ambiguity,amb_0020,3.019925832748413,3.062770366668701,0.042844533920288086,0.2309427112340927,0.2149595022201538,0.12122531980276108,working,False,-0.10986328125,0.0008686695780072894,pooled_controls,bf16
L30_N13098,30,13098,ambiguity,amb_0021,0.8744735717773438,0.8155550956726074,-0.05891847610473633,0.78462815284729,0.8047247529029846,0.12122531980276108,working,False,-0.0185546875,0.0008686695780072894,pooled_controls,bf16
L30_N13098,30,13098,ambiguity,amb_0022,1.4463167190551758,1.4453173875808716,-0.0009993314743041992,0.6989033222198486,0.6990330815315247,0.12122531980276108,working,False,0.0302734375,0.0008686695780072894,pooled_controls,bf16
L30_N13098,30,13098,ambiguity,amb_0023,2.3588614463806152,2.3559694290161133,-0.002892017364501953,0.3514297902584076,0.35166385769844055,0.12122531980276108,working,False,-0.0010528564453125,0.0008686695780072894,pooled_controls,bf16
L30_N13098,30,13098,ambiguity,amb_0024,2.423225164413452,2.4105300903320312,-0.012695074081420898,0.163632333278656,0.1803441345691681,0.12122531980276108,working,False,-0.05517578125,0.0008686695780072894,pooled_controls,bf16
L30_N13098,30,13098,ambiguity,amb_0025,2.3594460487365723,2.357612371444702,-0.0018336772918701172,0.38730406761169434,0.38745996356010437,0.12122531980276108,working,False,-0.045654296875,0.0008686695780072894,pooled_controls,bf16
L30_N13098,30,13098,ambiguity,amb_0026,3.7028703689575195,3.699679374694824,-0.0031909942626953125,0.3228043019771576,0.32201436161994934,0.12122531980276108,working,False,0.0810546875,0.0008686695780072894,pooled_controls,bf16
L30_N13098,30,13098,ambiguity,amb_0027,1.8813252449035645,1.8842952251434326,0.002969980239868164,0.6477286219596863,0.6463684439659119,0.12122531980276108,working,False,-0.01275634765625,0.0008686695780072894,pooled_controls,bf16
L30_N13098,30,13098,ambiguity,amb_0028,2.591080665588379,2.5867743492126465,-0.004306316375732422,0.5235283970832825,0.525542140007019,0.12122531980276108,working,False,0.057861328125,0.0008686695780072894,pooled_controls,bf16
L30_N13098,30,13098,ambiguity,amb_0029,2.0469510555267334,2.045966148376465,-0.0009849071502685547,0.5000725388526917,0.5001663565635681,0.12122531980276108,working,False,-0.057373046875,0.0008686695780072894,pooled_controls,bf16
L30_N13098,30,13098,ambiguity,amb_0030,1.3423449993133545,1.3917255401611328,0.04938054084777832,0.5465922355651855,0.5153954029083252,0.12122531980276108,working,False,0.056396484375,0.0008686695780072894,pooled_controls,bf16
L30_N13098,30,13098,ambiguity,amb_0031,2.5924174785614014,2.5919852256774902,-0.0004322528839111328,0.2651655673980713,0.268001914024353,0.12122531980276108,working,False,-0.051025390625,0.0008686695780072894,pooled_controls,bf16
L30_N13098,30,13098,ambiguity,amb_0032,0.7734093070030212,0.7734228372573853,1.3530254364013672e-05,0.7512880563735962,0.7512871026992798,0.12122531980276108,working,False,-0.048095703125,0.0008686695780072894,pooled_controls,bf16
L30_N13098,30,13098,ambiguity,amb_0033,0.3125807046890259,0.313030481338501,0.00044977664947509766,0.9496376514434814,0.9495658278465271,0.12122531980276108,working,False,0.11767578125,0.0008686695780072894,pooled_controls,bf16
L30_N13098,30,13098,ambiguity,amb_0034,0.06319817155599594,0.05649558827280998,-0.006702583283185959,0.9920816421508789,0.9930277466773987,0.12122531980276108,working,False,0.240234375,0.0008686695780072894,pooled_controls,bf16
L30_N13098,30,13098,ambiguity,amb_0035,3.2133400440216064,3.2074146270751953,-0.005925416946411133,0.14269918203353882,0.14124681055545807,0.12122531980276108,working,False,0.00010204315185546875,0.0008686695780072894,pooled_controls,bf16
L30_N13098,30,13098,ambiguity,amb_0036,0.27980995178222656,0.28516218066215515,0.005352228879928589,0.956149697303772,0.9549621343612671,0.12122531980276108,working,False,0.04345703125,0.0008686695780072894,pooled_controls,bf16
L30_N13098,30,13098,ambiguity,amb_0037,2.2706377506256104,2.270526885986328,-0.00011086463928222656,0.2931281328201294,0.2931387424468994,0.12122531980276108,working,False,-0.005523681640625,0.0008686695780072894,pooled_controls,bf16
L30_N13098,30,13098,ambiguity,amb_0038,1.907806158065796,1.910468578338623,0.0026624202728271484,0.5503026843070984,0.5498760342597961,0.12122531980276108,working,False,-0.052490234375,0.0008686695780072894,pooled_controls,bf16
L30_N13098,30,13098,ambiguity,amb_0039,0.4548197090625763,0.4543364346027374,-0.0004832744598388672,0.8976051807403564,0.8976726531982422,0.12122531980276108,working,False,0.0225830078125,0.0008686695780072894,pooled_controls,bf16
L30_N13098,30,13098,ambiguity,amb_0040,2.049222946166992,2.0485754013061523,-0.0006475448608398438,0.47096139192581177,0.47102561593055725,0.12122531980276108,working,False,-0.031494140625,0.0008686695780072894,pooled_controls,bf16
L30_N13098,30,13098,ambiguity,amb_0041,0.4766418933868408,0.4757995307445526,-0.000842362642288208,0.9048458933830261,0.9049579501152039,0.12122531980276108,working,False,0.1591796875,0.0008686695780072894,pooled_controls,bf16
L30_N13098,30,13098,ambiguity,amb_0042,3.4453678131103516,3.460322380065918,0.014954566955566406,0.12374655902385712,0.12566642463207245,0.12122531980276108,working,False,-0.0341796875,0.0008686695780072894,pooled_controls,bf16
L30_N13098,30,13098,ambiguity,amb_0043,2.176589012145996,2.1770217418670654,0.00043272972106933594,0.3841998279094696,0.38417574763298035,0.12122531980276108,working,False,-0.004791259765625,0.0008686695780072894,pooled_controls,bf16
L30_N13098,30,13098,ambiguity,amb_0044,2.562283515930176,2.564509153366089,0.002225637435913086,0.3696751594543457,0.3719596862792969,0.12122531980276108,working,False,-0.1455078125,0.0008686695780072894,pooled_controls,bf16
L30_N13098,30,13098,ambiguity,amb_0045,2.8056182861328125,2.807936429977417,0.002318143844604492,0.22283335030078888,0.2225656509399414,0.12122531980276108,working,False,-0.00011587142944335938,0.0008686695780072894,pooled_controls,bf16
L30_N13098,30,13098,ambiguity,amb_0046,1.8792414665222168,1.880045771598816,0.0008043050765991211,0.43458327651023865,0.43448832631111145,0.12122531980276108,working,False,-0.0206298828125,0.0008686695780072894,pooled_controls,bf16
L30_N13098,30,13098,ambiguity,amb_0047,3.5664448738098145,3.5665764808654785,0.0001316070556640625,0.1757456362247467,0.17587445676326752,0.12122531980276108,working,False,-0.044677734375,0.0008686695780072894,pooled_controls,bf16
L30_N13098,30,13098,ambiguity,amb_0048,2.5035877227783203,2.5038957595825195,0.00030803680419921875,0.38110023736953735,0.38105279207229614,0.12122531980276108,working,False,-0.0712890625,0.0008686695780072894,pooled_controls,bf16
L30_N13098,30,13098,ambiguity,amb_0049,4.102269172668457,4.101533889770508,-0.0007352828979492188,0.16889438033103943,0.16890376806259155,0.12122531980276108,working,False,-0.005126953125,0.0008686695780072894,pooled_controls,bf16
L30_N13098,30,13098,ambiguity,amb_0050,0.5448554754257202,0.5446674227714539,-0.00018805265426635742,0.9203320145606995,0.9203423857688904,0.12122531980276108,working,False,0.12353515625,0.0008686695780072894,pooled_controls,bf16
L30_N13098,30,13098,ambiguity,amb_0051,2.2842979431152344,2.280172824859619,-0.004125118255615234,0.3175898790359497,0.31904515624046326,0.12122531980276108,working,False,0.000518798828125,0.0008686695780072894,pooled_controls,bf16
L30_N13098,30,13098,ambiguity,amb_0052,2.544663667678833,2.5451221466064453,0.0004584789276123047,0.3059062957763672,0.30586639046669006,0.12122531980276108,working,False,-0.0517578125,0.0008686695780072894,pooled_controls,bf16
L30_N13098,30,13098,ambiguity,amb_0053,0.26553624868392944,0.26550814509391785,-2.810359001159668e-05,0.9484477639198303,0.9484501481056213,0.12122531980276108,working,False,0.25390625,0.0008686695780072894,pooled_controls,bf16
L30_N13098,30,13098,ambiguity,amb_0054,3.3073582649230957,3.3077409267425537,0.0003826618194580078,0.20128417015075684,0.20089437067508698,0.12122531980276108,working,False,-0.08349609375,0.0008686695780072894,pooled_controls,bf16
L30_N13098,30,13098,ambiguity,amb_0055,2.3507449626922607,2.2857608795166016,-0.06498408317565918,0.3764025568962097,0.4058628976345062,0.12122531980276108,working,False,-0.1201171875,0.0008686695780072894,pooled_controls,bf16
L30_N13098,30,13098,ambiguity,amb_0056,2.9696860313415527,2.969632625579834,-5.340576171875e-05,0.3324529230594635,0.3327540159225464,0.12122531980276108,working,False,-0.0233154296875,0.0008686695780072894,pooled_controls,bf16
L30_N13098,30,13098,ambiguity,amb_0057,3.6951136589050293,3.7245631217956543,0.029449462890625,0.2154395580291748,0.2057226598262787,0.12122531980276108,working,False,-0.015625,0.0008686695780072894,pooled_controls,bf16
L30_N13098,30,13098,ambiguity,amb_0058,0.6380835771560669,0.6610597372055054,0.022976160049438477,0.8878673315048218,0.8820484280586243,0.12122531980276108,working,False,-0.0172119140625,0.0008686695780072894,pooled_controls,bf16
L30_N13098,30,13098,ambiguity,amb_0059,1.6167001724243164,1.6086676120758057,-0.008032560348510742,0.4122750759124756,0.4133906662464142,0.12122531980276108,working,False,-0.025146484375,0.0008686695780072894,pooled_controls,bf16
L30_N13098,30,13098,ambiguity,amb_0060,2.2315759658813477,2.232938528060913,0.0013625621795654297,0.4630894958972931,0.46218180656433105,0.12122531980276108,working,False,-0.041015625,0.0008686695780072894,pooled_controls,bf16
L30_N13098,30,13098,ambiguity,amb_0061,2.1432714462280273,2.1456446647644043,0.002373218536376953,0.34881308674812317,0.34840625524520874,0.12122531980276108,working,False,-0.03369140625,0.0008686695780072894,pooled_controls,bf16
L30_N13098,30,13098,ambiguity,amb_0062,0.42451727390289307,0.42697733640670776,0.0024600625038146973,0.9445533156394958,0.9441584348678589,0.12122531980276108,working,False,0.0830078125,0.0008686695780072894,pooled_controls,bf16
L30_N13098,30,13098,ambiguity,amb_0063,3.6907150745391846,3.6921682357788086,0.0014531612396240234,0.31620991230010986,0.3159656822681427,0.12122531980276108,working,False,0.02392578125,0.0008686695780072894,pooled_controls,bf16
L30_N13098,30,13098,ambiguity,amb_0064,2.0356671810150146,2.0357367992401123,6.961822509765625e-05,0.33568695187568665,0.3356606364250183,0.12122531980276108,working,False,-0.00885009765625,0.0008686695780072894,pooled_controls,bf16
L30_N13098,30,13098,ambiguity,amb_0065,0.09549930691719055,0.0943257212638855,-0.0011735856533050537,0.9887312054634094,0.9888901710510254,0.12122531980276108,working,False,0.2060546875,0.0008686695780072894,pooled_controls,bf16
L30_N13098,30,13098,ambiguity,amb_0066,2.0707223415374756,2.0710959434509277,0.00037360191345214844,0.32435888051986694,0.32413554191589355,0.12122531980276108,working,False,-0.032470703125,0.0008686695780072894,pooled_controls,bf16
L30_N13098,30,13098,ambiguity,amb_0067,3.4030425548553467,3.3921520709991455,-0.010890483856201172,0.2503643333911896,0.24788852035999298,0.12122531980276108,working,False,0.07421875,0.0008686695780072894,pooled_controls,bf16
L30_N13098,30,13098,ambiguity,amb_0068,0.27864107489585876,0.2784830331802368,-0.00015804171562194824,0.9491060376167297,0.9491206407546997,0.12122531980276108,working,False,0.3125,0.0008686695780072894,pooled_controls,bf16
L30_N13098,30,13098,ambiguity,amb_0069,3.569601058959961,3.5667004585266113,-0.0029006004333496094,0.23654481768608093,0.23593665659427643,0.12122531980276108,working,False,0.0234375,0.0008686695780072894,pooled_controls,bf16
L30_N13098,30,13098,ambiguity,amb_0070,1.2353311777114868,1.228257417678833,-0.007073760032653809,0.7235127687454224,0.7269094586372375,0.12122531980276108,working,False,-0.01416015625,0.0008686695780072894,pooled_controls,bf16
L30_N13098,30,13098,ambiguity,amb_0071,0.5878744125366211,0.5874993801116943,-0.0003750324249267578,0.9036218523979187,0.9036810398101807,0.12122531980276108,working,False,0.15625,0.0008686695780072894,pooled_controls,bf16
L30_N13098,30,13098,ambiguity,amb_0072,1.4870750904083252,1.4849722385406494,-0.0021028518676757812,0.7113951444625854,0.7118539810180664,0.12122531980276108,working,False,0.00128936767578125,0.0008686695780072894,pooled_controls,bf16
L30_N13098,30,13098,ambiguity,amb_0073,2.011209487915039,2.0139732360839844,0.0027637481689453125,0.25993621349334717,0.25971055030822754,0.12122531980276108,working,False,0.00109100341796875,0.0008686695780072894,pooled_controls,bf16
L30_N13098,30,13098,ambiguity,amb_0074,1.8976142406463623,1.8734230995178223,-0.02419114112854004,0.5668606758117676,0.5764015913009644,0.12122531980276108,working,False,-0.026611328125,0.0008686695780072894,pooled_controls,bf16
L30_N13098,30,13098,ambiguity,amb_0075,2.3578433990478516,2.3553948402404785,-0.002448558807373047,0.483648419380188,0.4843553304672241,0.12122531980276108,working,False,-0.00634765625,0.0008686695780072894,pooled_controls,bf16
L30_N13098,30,13098,ambiguity,amb_0076,2.618499994277954,2.61865496635437,0.00015497207641601562,0.2548840641975403,0.2548540234565735,0.12122531980276108,working,False,-0.0458984375,0.0008686695780072894,pooled_controls,bf16
L30_N13098,30,13098,ambiguity,amb_0077,2.4425735473632812,2.445063352584839,0.002489805221557617,0.5396357774734497,0.5391855239868164,0.12122531980276108,working,False,-0.09716796875,0.0008686695780072894,pooled_controls,bf16
L30_N13098,30,13098,ambiguity,amb_0078,1.1666830778121948,1.2486777305603027,0.08199465274810791,0.7637596130371094,0.7416349053382874,0.12122531980276108,working,False,-0.00860595703125,0.0008686695780072894,pooled_controls,bf16
L30_N13098,30,13098,ambiguity,amb_0079,2.033189535140991,2.0338072776794434,0.0006177425384521484,0.3496057987213135,0.3495714068412781,0.12122531980276108,working,False,-0.021728515625,0.0008686695780072894,pooled_controls,bf16
L30_N13098,30,13098,ambiguity,amb_0080,2.0369515419006348,2.035609722137451,-0.0013418197631835938,0.4895094633102417,0.4896499216556549,0.12122531980276108,working,False,-0.076171875,0.0008686695780072894,pooled_controls,bf16
L30_N13098,30,13098,ambiguity,amb_0081,3.092586040496826,3.089745044708252,-0.0028409957885742188,0.5298091173171997,0.5301527976989746,0.12122531980276108,working,False,0.03466796875,0.0008686695780072894,pooled_controls,bf16
L30_N13098,30,13098,ambiguity,amb_0082,1.6431922912597656,1.6422183513641357,-0.0009739398956298828,0.7570251226425171,0.7571421265602112,0.12122531980276108,working,False,-0.01470947265625,0.0008686695780072894,pooled_controls,bf16
L30_N13098,30,13098,ambiguity,amb_0083,5.554958343505859,5.553906440734863,-0.0010519027709960938,0.07461758702993393,0.07432633638381958,0.12122531980276108,working,False,0.10107421875,0.0008686695780072894,pooled_controls,bf16
L30_N13098,30,13098,ambiguity,amb_0084,2.906287670135498,2.994631767272949,0.08834409713745117,0.4053276777267456,0.3780231177806854,0.12122531980276108,held_out,False,-0.1328125,0.0008686695780072894,pooled_controls,bf16
L30_N13098,30,13098,ambiguity,amb_0085,3.2369580268859863,3.1645936965942383,-0.07236433029174805,0.4754219353199005,0.4908846616744995,0.12122531980276108,held_out,False,-0.21875,0.0008686695780072894,pooled_controls,bf16
L30_N13098,30,13098,ambiguity,amb_0086,3.4680352210998535,3.4582953453063965,-0.009739875793457031,0.16339129209518433,0.16097062826156616,0.12122531980276108,held_out,False,-0.09619140625,0.0008686695780072894,pooled_controls,bf16
L30_N13098,30,13098,ambiguity,amb_0087,0.21132242679595947,0.2100842148065567,-0.001238211989402771,0.9734991192817688,0.9736523628234863,0.12122531980276108,held_out,False,0.1572265625,0.0008686695780072894,pooled_controls,bf16
L30_N13098,30,13098,ambiguity,amb_0088,3.366471767425537,3.3679685592651367,0.0014967918395996094,0.26610100269317627,0.26457926630973816,0.12122531980276108,held_out,False,0.0478515625,0.0008686695780072894,pooled_controls,bf16
L30_N13098,30,13098,ambiguity,amb_0089,3.781087636947632,3.782566547393799,0.0014789104461669922,0.3369584083557129,0.3364356458187103,0.12122531980276108,held_out,False,0.0147705078125,0.0008686695780072894,pooled_controls,bf16
L30_N13098,30,13098,ambiguity,amb_0090,0.8448827266693115,0.8601166009902954,0.015233874320983887,0.7932525873184204,0.787184476852417,0.12122531980276108,held_out,False,0.19921875,0.0008686695780072894,pooled_controls,bf16
L30_N13098,30,13098,ambiguity,amb_0091,1.8923972845077515,1.8919788599014282,-0.0004184246063232422,0.5461603403091431,0.5461973547935486,0.12122531980276108,held_out,False,-0.07763671875,0.0008686695780072894,pooled_controls,bf16
L30_N13098,30,13098,ambiguity,amb_0092,1.6362665891647339,1.6310760974884033,-0.005190491676330566,0.7017658948898315,0.702786386013031,0.12122531980276108,held_out,False,-0.0458984375,0.0008686695780072894,pooled_controls,bf16
L30_N13098,30,13098,ambiguity,amb_0093,0.8634747862815857,0.8678945899009705,0.004419803619384766,0.8298888802528381,0.8288998007774353,0.12122531980276108,held_out,False,-0.06787109375,0.0008686695780072894,pooled_controls,bf16
L30_N13098,30,13098,ambiguity,amb_0094,1.7390378713607788,1.7382911443710327,-0.0007467269897460938,0.4728764593601227,0.4729542136192322,0.12122531980276108,held_out,False,-0.026611328125,0.0008686695780072894,pooled_controls,bf16
L30_N13098,30,13098,ambiguity,amb_0095,0.821681022644043,0.8213966488838196,-0.00028437376022338867,0.8072279691696167,0.807247519493103,0.12122531980276108,held_out,False,0.1357421875,0.0008686695780072894,pooled_controls,bf16
L30_N13098,30,13098,ambiguity,amb_0096,2.501300573348999,2.5014424324035645,0.0001418590545654297,0.2968878149986267,0.2968781888484955,0.12122531980276108,held_out,False,0.005340576171875,0.0008686695780072894,pooled_controls,bf16
L30_N13098,30,13098,ambiguity,amb_0097,2.996896743774414,2.9493463039398193,-0.04755043983459473,0.2316855490207672,0.25488466024398804,0.12122531980276108,held_out,False,0.023193359375,0.0008686695780072894,pooled_controls,bf16
L30_N13098,30,13098,ambiguity,amb_0098,2.3167881965637207,2.3165171146392822,-0.00027108192443847656,0.26292508840560913,0.26303985714912415,0.12122531980276108,held_out,False,-0.0615234375,0.0008686695780072894,pooled_controls,bf16
L30_N13098,30,13098,ambiguity,amb_0099,2.436516284942627,2.434516429901123,-0.0019998550415039062,0.35596418380737305,0.35679134726524353,0.12122531980276108,held_out,False,0.1015625,0.0008686695780072894,pooled_controls,bf16
L30_N13098,30,13098,ambiguity,amb_0100,1.7052080631256104,1.7009068727493286,-0.004301190376281738,0.5621854066848755,0.5637189149856567,0.12122531980276108,held_out,False,-0.07666015625,0.0008686695780072894,pooled_controls,bf16
L30_N13098,30,13098,ambiguity,amb_0101,2.0023765563964844,2.001105308532715,-0.0012712478637695312,0.4655653238296509,0.46565037965774536,0.12122531980276108,held_out,False,-0.06787109375,0.0008686695780072894,pooled_controls,bf16
L30_N13098,30,13098,ambiguity,amb_0102,2.005124568939209,2.00437068939209,-0.0007538795471191406,0.29406610131263733,0.29410383105278015,0.12122531980276108,held_out,False,-0.0546875,0.0008686695780072894,pooled_controls,bf16
L30_N13098,30,13098,ambiguity,amb_0103,4.778031349182129,4.773075580596924,-0.004955768585205078,0.10608897358179092,0.10519428551197052,0.12122531980276108,held_out,False,-0.1318359375,0.0008686695780072894,pooled_controls,bf16
L30_N13098,30,13098,ambiguity,amb_0104,1.1206187009811401,1.1208174228668213,0.00019872188568115234,0.7675607800483704,0.7674843072891235,0.12122531980276108,held_out,False,-0.1318359375,0.0008686695780072894,pooled_controls,bf16
L30_N13098,30,13098,ambiguity,amb_0105,2.1002590656280518,2.0942015647888184,-0.0060575008392333984,0.5084797739982605,0.5208693146705627,0.12122531980276108,held_out,False,-0.01904296875,0.0008686695780072894,pooled_controls,bf16
L30_N13098,30,13098,ambiguity,amb_0106,0.5232242941856384,0.524685800075531,0.0014615058898925781,0.9280524849891663,0.927869439125061,0.12122531980276108,held_out,False,-0.1259765625,0.0008686695780072894,pooled_controls,bf16
L30_N13098,30,13098,ambiguity,amb_0107,2.999772548675537,3.0163326263427734,0.016560077667236328,0.1862751543521881,0.18993939459323883,0.12122531980276108,held_out,False,-0.00518798828125,0.0008686695780072894,pooled_controls,bf16
L30_N13098,30,13098,ambiguity,amb_0108,2.6803855895996094,2.6810221672058105,0.0006365776062011719,0.1892421841621399,0.1892118901014328,0.12122531980276108,held_out,False,-0.00811767578125,0.0008686695780072894,pooled_controls,bf16
L30_N13098,30,13098,ambiguity,amb_0109,0.34986984729766846,0.3502658009529114,0.0003959536552429199,0.9464108347892761,0.9463685750961304,0.12122531980276108,held_out,False,0.0169677734375,0.0008686695780072894,pooled_controls,bf16
L30_N13098,30,13098,ambiguity,amb_0110,1.9645905494689941,1.9559566974639893,-0.008633852005004883,0.4899759590625763,0.4923807978630066,0.12122531980276108,held_out,False,-0.09130859375,0.0008686695780072894,pooled_controls,bf16
L30_N13098,30,13098,ambiguity,amb_0111,3.8684067726135254,3.8720076084136963,0.0036008358001708984,0.20527321100234985,0.20594966411590576,0.12122531980276108,held_out,False,0.0240478515625,0.0008686695780072894,pooled_controls,bf16
L30_N13098,30,13098,ambiguity,amb_0112,2.176384449005127,2.17580509185791,-0.0005793571472167969,0.3407977223396301,0.3408622741699219,0.12122531980276108,held_out,False,0.016845703125,0.0008686695780072894,pooled_controls,bf16
L30_N13098,30,13098,ambiguity,amb_0113,0.9256861805915833,0.9249111413955688,-0.0007750391960144043,0.8043229579925537,0.8044289350509644,0.12122531980276108,held_out,False,0.031982421875,0.0008686695780072894,pooled_controls,bf16
L30_N13098,30,13098,ambiguity,amb_0114,0.7204865217208862,0.7206059694290161,0.00011944770812988281,0.8451882004737854,0.8451755046844482,0.12122531980276108,held_out,False,-0.000698089599609375,0.0008686695780072894,pooled_controls,bf16
L30_N13098,30,13098,ambiguity,amb_0115,2.9680774211883545,2.973663330078125,0.005585908889770508,0.34782540798187256,0.3465908169746399,0.12122531980276108,held_out,False,0.03662109375,0.0008686695780072894,pooled_controls,bf16
L30_N13098,30,13098,ambiguity,amb_0116,1.9323124885559082,1.9327526092529297,0.0004401206970214844,0.5209304094314575,0.5206007957458496,0.12122531980276108,held_out,False,0.0712890625,0.0008686695780072894,pooled_controls,bf16
L30_N13098,30,13098,ambiguity,amb_0117,0.41895708441734314,0.41028034687042236,-0.008676737546920776,0.9367285370826721,0.9388757348060608,0.12122531980276108,held_out,False,0.01531982421875,0.0008686695780072894,pooled_controls,bf16
L30_N13098,30,13098,ambiguity,amb_0118,2.198213577270508,2.1964499950408936,-0.0017635822296142578,0.43398311734199524,0.4341551661491394,0.12122531980276108,held_out,False,-0.053466796875,0.0008686695780072894,pooled_controls,bf16
L30_N13098,30,13098,ambiguity,amb_0119,2.812081813812256,2.809342622756958,-0.0027391910552978516,0.23698896169662476,0.2371780127286911,0.12122531980276108,held_out,False,-0.07666015625,0.0008686695780072894,pooled_controls,bf16
L30_N13098,30,13098,ambiguity,amb_ctrl_0000,0.7766406536102295,0.774436354637146,-0.002204298973083496,0.8515368700027466,0.8517874479293823,0.12122531980276108,working,True,0.111328125,0.0008686695780072894,pooled_controls,bf16
L30_N13098,30,13098,ambiguity,amb_ctrl_0001,0.09729471802711487,0.0978371649980545,0.0005424469709396362,0.9864110350608826,0.98633873462677,0.12122531980276108,working,True,0.1337890625,0.0008686695780072894,pooled_controls,bf16
L30_N13098,30,13098,ambiguity,amb_ctrl_0002,1.1501094102859497,1.1408467292785645,-0.009262681007385254,0.5672774314880371,0.5893841981887817,0.12122531980276108,working,True,0.12890625,0.0008686695780072894,pooled_controls,bf16
L30_N13098,30,13098,ambiguity,amb_ctrl_0003,2.734994411468506,2.7354581356048584,0.00046372413635253906,0.21374362707138062,0.21366026997566223,0.12122531980276108,working,True,-0.029052734375,0.0008686695780072894,pooled_controls,bf16
L30_N13098,30,13098,ambiguity,amb_ctrl_0004,1.2866910696029663,1.2795614004135132,-0.007129669189453125,0.5674577355384827,0.5691155791282654,0.12122531980276108,working,True,0.020263671875,0.0008686695780072894,pooled_controls,bf16
L30_N13098,30,13098,ambiguity,amb_ctrl_0005,2.6738407611846924,2.734938144683838,0.06109738349914551,0.4896385371685028,0.4738587737083435,0.12122531980276108,working,True,-0.007080078125,0.0008686695780072894,pooled_controls,bf16
L30_N13098,30,13098,ambiguity,amb_ctrl_0006,0.201217919588089,0.2015305906534195,0.00031267106533050537,0.9678196907043457,0.9677809476852417,0.12122531980276108,working,True,0.1318359375,0.0008686695780072894,pooled_controls,bf16
L30_N13098,30,13098,ambiguity,amb_ctrl_0007,0.2947760224342346,0.29799243807792664,0.0032164156436920166,0.949904203414917,0.9492800235748291,0.12122531980276108,working,True,0.16015625,0.0008686695780072894,pooled_controls,bf16
L30_N13098,30,13098,ambiguity,amb_ctrl_0008,1.9313079118728638,1.931877613067627,0.0005697011947631836,0.36000311374664307,0.3599546253681183,0.12122531980276108,working,True,-0.0238037109375,0.0008686695780072894,pooled_controls,bf16
L30_N13098,30,13098,ambiguity,amb_ctrl_0009,0.604310154914856,0.6065877079963684,0.002277553081512451,0.8772097826004028,0.8768699765205383,0.12122531980276108,working,True,0.045654296875,0.0008686695780072894,pooled_controls,bf16
L30_N13098,30,13098,ambiguity,amb_ctrl_0010,0.12707942724227905,0.1270674616098404,-1.1965632438659668e-05,0.9798086285591125,0.9798096418380737,0.12122531980276108,working,True,0.08740234375,0.0008686695780072894,pooled_controls,bf16
L30_N13098,30,13098,ambiguity,amb_ctrl_0011,4.238875389099121,4.227573871612549,-0.011301517486572266,0.10977223515510559,0.11584864556789398,0.12122531980276108,working,True,-0.1533203125,0.0008686695780072894,pooled_controls,bf16
L30_N13098,30,13098,ambiguity,amb_ctrl_0012,2.522399425506592,2.522240161895752,-0.00015926361083984375,0.2560243010520935,0.2560289204120636,0.12122531980276108,working,True,0.0078125,0.0008686695780072894,pooled_controls,bf16
L30_N13098,30,13098,ambiguity,amb_ctrl_0013,5.372662544250488,5.366418838500977,-0.006243705749511719,0.10198619961738586,0.10154511779546738,0.12122531980276108,working,True,-0.2314453125,0.0008686695780072894,pooled_controls,bf16
L30_N13098,30,13098,ambiguity,amb_ctrl_0014,0.5423544645309448,0.5425258278846741,0.00017136335372924805,0.9037502408027649,0.9037337899208069,0.12122531980276108,working,True,-0.09130859375,0.0008686695780072894,pooled_controls,bf16
L30_N13098,30,13098,ambiguity,amb_ctrl_0015,4.3377366065979,4.324743270874023,-0.012993335723876953,0.2934378981590271,0.2916940450668335,0.12122531980276108,working,True,-0.1669921875,0.0008686695780072894,pooled_controls,bf16
L30_N13098,30,13098,ambiguity,amb_ctrl_0016,2.8179564476013184,2.813516616821289,-0.004439830780029297,0.24184849858283997,0.24221833050251007,0.12122531980276108,working,True,-0.0595703125,0.0008686695780072894,pooled_controls,bf16
L30_N13098,30,13098,ambiguity,amb_ctrl_0017,1.3171398639678955,1.3128739595413208,-0.004265904426574707,0.773847758769989,0.7748886346817017,0.12122531980276108,working,True,0.056640625,0.0008686695780072894,pooled_controls,bf16
L30_N13098,30,13098,ambiguity,amb_ctrl_0018,2.9222288131713867,2.9182159900665283,-0.0040128231048583984,0.24335934221744537,0.24381062388420105,0.12122531980276108,working,True,0.036376953125,0.0008686695780072894,pooled_controls,bf16
L30_N13098,30,13098,ambiguity,amb_ctrl_0019,5.361654281616211,5.362166404724121,0.0005121231079101562,0.09632216393947601,0.0960460677742958,0.12122531980276108,working,True,-0.07470703125,0.0008686695780072894,pooled_controls,bf16
L30_N13098,30,13098,ambiguity,amb_ctrl_0020,4.601905822753906,4.661370277404785,0.059464454650878906,0.2898511588573456,0.2773312032222748,0.12122531980276108,working,True,-0.212890625,0.0008686695780072894,pooled_controls,bf16
L30_N13098,30,13098,ambiguity,amb_ctrl_0021,2.9766604900360107,2.977790594100952,0.0011301040649414062,0.27002450823783875,0.2697826325893402,0.12122531980276108,working,True,0.0233154296875,0.0008686695780072894,pooled_controls,bf16
L30_N13098,30,13098,ambiguity,amb_ctrl_0022,2.5405263900756836,2.5377378463745117,-0.002788543701171875,0.5305885672569275,0.5309792160987854,0.12122531980276108,working,True,-0.0159912109375,0.0008686695780072894,pooled_controls,bf16
L30_N13098,30,13098,ambiguity,amb_ctrl_0023,2.682981014251709,2.720175266265869,0.037194252014160156,0.25725501775741577,0.23503468930721283,0.12122531980276108,working,True,0.08056640625,0.0008686695780072894,pooled_controls,bf16
L30_N13098,30,13098,ambiguity,amb_ctrl_0024,2.4536571502685547,2.4502716064453125,-0.0033855438232421875,0.5255476832389832,0.5280202031135559,0.12122531980276108,working,True,0.1474609375,0.0008686695780072894,pooled_controls,bf16
L30_N13098,30,13098,ambiguity,amb_ctrl_0025,1.1939071416854858,1.121833324432373,-0.07207381725311279,0.7682332992553711,0.7798291444778442,0.12122531980276108,working,True,0.08056640625,0.0008686695780072894,pooled_controls,bf16
L30_N13098,30,13098,ambiguity,amb_ctrl_0026,0.9327545166015625,0.9327954053878784,4.088878631591797e-05,0.7439746260643005,0.7439712285995483,0.12122531980276108,working,True,-0.00653076171875,0.0008686695780072894,pooled_controls,bf16
L30_N13098,30,13098,ambiguity,amb_ctrl_0027,1.6260687112808228,1.6341325044631958,0.008063793182373047,0.53364098072052,0.5309040546417236,0.12122531980276108,working,True,0.0279541015625,0.0008686695780072894,pooled_controls,bf16
L30_N13098,30,13098,ambiguity,amb_ctrl_0028,1.9965972900390625,2.0007293224334717,0.00413203239440918,0.6128343939781189,0.6080885529518127,0.12122531980276108,working,True,-0.060791015625,0.0008686695780072894,pooled_controls,bf16
L30_N13098,30,13098,ambiguity,amb_ctrl_0029,1.5382331609725952,1.5404269695281982,0.0021938085556030273,0.38559937477111816,0.3854483962059021,0.12122531980276108,working,True,0.345703125,0.0008686695780072894,pooled_controls,bf16
L30_N13098,30,13098,ambiguity,amb_ctrl_0030,1.825148344039917,1.8325752019882202,0.007426857948303223,0.5318348407745361,0.526760458946228,0.12122531980276108,working,True,-0.08935546875,0.0008686695780072894,pooled_controls,bf16
L30_N13098,30,13098,ambiguity,amb_ctrl_0031,3.056546926498413,3.0552494525909424,-0.0012974739074707031,0.17859788239002228,0.17865286767482758,0.12122531980276108,working,True,-0.1201171875,0.0008686695780072894,pooled_controls,bf16
L30_N13098,30,13098,ambiguity,amb_ctrl_0032,2.7289576530456543,2.710430145263672,-0.018527507781982422,0.24979281425476074,0.24598820507526398,0.12122531980276108,working,True,0.005828857421875,0.0008686695780072894,pooled_controls,bf16
L30_N13098,30,13098,ambiguity,amb_ctrl_0033,0.5639548897743225,0.5595656633377075,-0.00438922643661499,0.8955055475234985,0.8964153528213501,0.12122531980276108,working,True,-0.1279296875,0.0008686695780072894,pooled_controls,bf16
L30_N13098,30,13098,ambiguity,amb_ctrl_0034,0.46364283561706543,0.46430546045303345,0.0006626248359680176,0.9274066090583801,0.927315890789032,0.12122531980276108,working,True,-0.0054931640625,0.0008686695780072894,pooled_controls,bf16
L30_N13098,30,13098,ambiguity,amb_ctrl_0035,4.913356781005859,4.917367458343506,0.004010677337646484,0.07138054817914963,0.07134834676980972,0.12122531980276108,working,True,-0.1298828125,0.0008686695780072894,pooled_controls,bf16
L30_N13098,30,13098,ambiguity,amb_ctrl_0036,2.8000435829162598,2.8008437156677246,0.0008001327514648438,0.42631012201309204,0.42624399065971375,0.12122531980276108,working,True,-0.01153564453125,0.0008686695780072894,pooled_controls,bf16
L30_N13098,30,13098,ambiguity,amb_ctrl_0037,2.7010412216186523,2.705390453338623,0.004349231719970703,0.38632428646087646,0.38024958968162537,0.12122531980276108,working,True,-0.08935546875,0.0008686695780072894,pooled_controls,bf16
L30_N13098,30,13098,ambiguity,amb_ctrl_0038,3.2420296669006348,3.241018533706665,-0.0010111331939697266,0.1702917218208313,0.17070725560188293,0.12122531980276108,working,True,-0.057373046875,0.0008686695780072894,pooled_controls,bf16
L30_N13098,30,13098,ambiguity,amb_ctrl_0039,0.3799930214881897,0.3798900246620178,-0.000102996826171875,0.9415091276168823,0.9415202140808105,0.12122531980276108,working,True,-0.1357421875,0.0008686695780072894,pooled_controls,bf16
L30_N13098,30,13098,ambiguity,amb_ctrl_0040,2.988630533218384,2.9785454273223877,-0.010085105895996094,0.30050066113471985,0.29748713970184326,0.12122531980276108,working,True,-0.048095703125,0.0008686695780072894,pooled_controls,bf16
L30_N13098,30,13098,ambiguity,amb_ctrl_0041,1.9082388877868652,1.9069199562072754,-0.0013189315795898438,0.5990794897079468,0.5992201566696167,0.12122531980276108,working,True,0.045166015625,0.0008686695780072894,pooled_controls,bf16
L30_N13098,30,13098,ambiguity,amb_ctrl_0042,3.304969549179077,3.3002591133117676,-0.00471043586730957,0.3426487445831299,0.3455331027507782,0.12122531980276108,working,True,0.171875,0.0008686695780072894,pooled_controls,bf16
L30_N13098,30,13098,ambiguity,amb_ctrl_0043,0.3423001766204834,0.3423353135585785,3.5136938095092773e-05,0.9096891283988953,0.9096828103065491,0.12122531980276108,working,True,0.08251953125,0.0008686695780072894,pooled_controls,bf16
L30_N13098,30,13098,ambiguity,amb_ctrl_0044,5.378116607666016,5.382744789123535,0.004628181457519531,0.1182311624288559,0.11858172714710236,0.12122531980276108,working,True,-0.3203125,0.0008686695780072894,pooled_controls,bf16
L30_N13098,30,13098,ambiguity,amb_ctrl_0045,2.304725170135498,2.3073720932006836,0.002646923065185547,0.26542025804519653,0.26503849029541016,0.12122531980276108,working,True,0.0439453125,0.0008686695780072894,pooled_controls,bf16
L30_N13098,30,13098,ambiguity,amb_ctrl_0046,3.76407527923584,3.7765955924987793,0.012520313262939453,0.13274690508842468,0.1340162605047226,0.12122531980276108,working,True,-0.25390625,0.0008686695780072894,pooled_controls,bf16
L30_N13098,30,13098,ambiguity,amb_ctrl_0047,3.065524101257324,3.0663583278656006,0.0008342266082763672,0.3836395740509033,0.3834387958049774,0.12122531980276108,working,True,0.07177734375,0.0008686695780072894,pooled_controls,bf16
L30_N13098,30,13098,ambiguity,amb_ctrl_0048,5.083179473876953,5.073925018310547,-0.00925445556640625,0.18745993077754974,0.1874597817659378,0.12122531980276108,working,True,-0.212890625,0.0008686695780072894,pooled_controls,bf16
L30_N13098,30,13098,ambiguity,amb_ctrl_0049,1.2665965557098389,1.274548053741455,0.007951498031616211,0.7476392984390259,0.7450956106185913,0.12122531980276108,working,True,0.04833984375,0.0008686695780072894,pooled_controls,bf16
L30_N13098,30,13098,ambiguity,amb_ctrl_0050,3.729827642440796,3.7307374477386475,0.0009098052978515625,0.26900753378868103,0.2705109119415283,0.12122531980276108,working,True,-0.0010833740234375,0.0008686695780072894,pooled_controls,bf16
L30_N13098,30,13098,ambiguity,amb_ctrl_0051,2.2200121879577637,2.2129995822906494,-0.007012605667114258,0.5213475823402405,0.522131621837616,0.12122531980276108,working,True,0.1298828125,0.0008686695780072894,pooled_controls,bf16
L30_N13098,30,13098,ambiguity,amb_ctrl_0052,3.310584545135498,3.3055219650268555,-0.005062580108642578,0.14980924129486084,0.14893777668476105,0.12122531980276108,working,True,-0.01904296875,0.0008686695780072894,pooled_controls,bf16
L30_N13098,30,13098,ambiguity,amb_ctrl_0053,2.4620916843414307,2.4819183349609375,0.019826650619506836,0.3166545331478119,0.3038642704486847,0.12122531980276108,working,True,0.05126953125,0.0008686695780072894,pooled_controls,bf16
L30_N13098,30,13098,ambiguity,amb_ctrl_0054,4.114995956420898,4.114546775817871,-0.00044918060302734375,0.2303536981344223,0.23039013147354126,0.12122531980276108,working,True,-0.08203125,0.0008686695780072894,pooled_controls,bf16
L30_N13098,30,13098,ambiguity,amb_ctrl_0055,2.642899990081787,2.643531322479248,0.0006313323974609375,0.32313698530197144,0.3251250684261322,0.12122531980276108,working,True,-0.06982421875,0.0008686695780072894,pooled_controls,bf16
L30_N13098,30,13098,ambiguity,amb_ctrl_0056,4.992990493774414,4.959469795227051,-0.03352069854736328,0.13981656730175018,0.14693132042884827,0.12122531980276108,working,True,-0.1552734375,0.0008686695780072894,pooled_controls,bf16
L30_N13098,30,13098,ambiguity,amb_ctrl_0057,0.72358238697052,0.7216745615005493,-0.0019078254699707031,0.6951943039894104,0.695428729057312,0.12122531980276108,working,True,0.1396484375,0.0008686695780072894,pooled_controls,bf16
L30_N13098,30,13098,ambiguity,amb_ctrl_0058,3.0716848373413086,3.110299587249756,0.038614749908447266,0.17631740868091583,0.1825987696647644,0.12122531980276108,working,True,-0.031494140625,0.0008686695780072894,pooled_controls,bf16
L30_N13098,30,13098,ambiguity,amb_ctrl_0059,2.4294238090515137,2.4321625232696533,0.0027387142181396484,0.5226604342460632,0.5174064040184021,0.12122531980276108,working,True,0.0079345703125,0.0008686695780072894,pooled_controls,bf16
L30_N13098,30,13098,ambiguity,amb_ctrl_0060,1.0038834810256958,1.0035302639007568,-0.00035321712493896484,0.8310943841934204,0.8311399817466736,0.12122531980276108,working,True,-0.0986328125,0.0008686695780072894,pooled_controls,bf16
L30_N13098,30,13098,ambiguity,amb_ctrl_0061,3.0814852714538574,3.074629783630371,-0.006855487823486328,0.42257410287857056,0.42270198464393616,0.12122531980276108,working,True,0.12060546875,0.0008686695780072894,pooled_controls,bf16
L30_N13098,30,13098,ambiguity,amb_ctrl_0062,6.099908351898193,6.0995635986328125,-0.0003447532653808594,0.0454409196972847,0.04526756703853607,0.12122531980276108,working,True,0.0072021484375,0.0008686695780072894,pooled_controls,bf16
L30_N13098,30,13098,ambiguity,amb_ctrl_0063,3.982426166534424,3.981126070022583,-0.0013000965118408203,0.19488677382469177,0.19460269808769226,0.12122531980276108,working,True,0.0546875,0.0008686695780072894,pooled_controls,bf16
L30_N13098,30,13098,ambiguity,amb_ctrl_0064,1.2800276279449463,1.2804585695266724,0.0004309415817260742,0.7049450278282166,0.7049242258071899,0.12122531980276108,working,True,-0.033447265625,0.0008686695780072894,pooled_controls,bf16
L30_N13098,30,13098,ambiguity,amb_ctrl_0065,1.728804349899292,1.7124948501586914,-0.016309499740600586,0.5687795877456665,0.5739537477493286,0.12122531980276108,working,True,-0.0830078125,0.0008686695780072894,pooled_controls,bf16
L30_N13098,30,13098,ambiguity,amb_ctrl_0066,2.0725255012512207,2.0742526054382324,0.0017271041870117188,0.38031232357025146,0.38009512424468994,0.12122531980276108,working,True,-0.045654296875,0.0008686695780072894,pooled_controls,bf16
L30_N13098,30,13098,ambiguity,amb_ctrl_0067,3.082766532897949,3.099313974380493,0.016547441482543945,0.21626727283000946,0.20611388981342316,0.12122531980276108,working,True,-0.036865234375,0.0008686695780072894,pooled_controls,bf16
L30_N13098,30,13098,ambiguity,amb_ctrl_0068,2.5241587162017822,2.526120185852051,0.0019614696502685547,0.29160362482070923,0.2913707494735718,0.12122531980276108,working,True,-0.0045166015625,0.0008686695780072894,pooled_controls,bf16
L30_N13098,30,13098,ambiguity,amb_ctrl_0069,1.3749003410339355,1.3992385864257812,0.024338245391845703,0.7211427688598633,0.7137119770050049,0.12122531980276108,working,True,0.197265625,0.0008686695780072894,pooled_controls,bf16
L30_N13098,30,13098,ambiguity,amb_ctrl_0070,1.204169511795044,1.1988859176635742,-0.0052835941314697266,0.7618666887283325,0.7643013000488281,0.12122531980276108,working,True,0.1640625,0.0008686695780072894,pooled_controls,bf16
L30_N13098,30,13098,ambiguity,amb_ctrl_0071,2.7363505363464355,2.7360548973083496,-0.0002956390380859375,0.2670269310474396,0.26703929901123047,0.12122531980276108,working,True,-0.0038299560546875,0.0008686695780072894,pooled_controls,bf16
L30_N13098,30,13098,ambiguity,amb_ctrl_0072,0.3991299271583557,0.4007575213909149,0.001627594232559204,0.9259452819824219,0.9256428480148315,0.12122531980276108,working,True,0.140625,0.0008686695780072894,pooled_controls,bf16
L30_N13098,30,13098,ambiguity,amb_ctrl_0073,2.7911183834075928,2.715831756591797,-0.0752866268157959,0.31099262833595276,0.3334175944328308,0.12122531980276108,working,True,-0.01953125,0.0008686695780072894,pooled_controls,bf16
L30_N13098,30,13098,ambiguity,amb_ctrl_0074,2.8901166915893555,2.8900938034057617,-2.288818359375e-05,0.2257860153913498,0.2258380502462387,0.12122531980276108,working,True,-0.02978515625,0.0008686695780072894,pooled_controls,bf16
L30_N13098,30,13098,ambiguity,amb_ctrl_0075,2.611227512359619,2.6300272941589355,0.018799781799316406,0.5451282262802124,0.541692316532135,0.12122531980276108,working,True,-0.11474609375,0.0008686695780072894,pooled_controls,bf16
L30_N13098,30,13098,ambiguity,amb_ctrl_0076,3.449631690979004,3.4502463340759277,0.0006146430969238281,0.2657425105571747,0.265629380941391,0.12122531980276108,working,True,-0.03466796875,0.0008686695780072894,pooled_controls,bf16
L30_N13098,30,13098,ambiguity,amb_ctrl_0077,1.4236340522766113,1.4924999475479126,0.06886589527130127,0.6163606643676758,0.5867669582366943,0.12122531980276108,working,True,0.00872802734375,0.0008686695780072894,pooled_controls,bf16
L30_N13098,30,13098,ambiguity,amb_ctrl_0078,2.2226996421813965,2.2269864082336426,0.004286766052246094,0.41798335313796997,0.41635504364967346,0.12122531980276108,working,True,-0.06494140625,0.0008686695780072894,pooled_controls,bf16
L30_N13098,30,13098,ambiguity,amb_ctrl_0079,2.553337574005127,2.6401774883270264,0.08683991432189941,0.43941590189933777,0.40989983081817627,0.12122531980276108,working,True,-0.0240478515625,0.0008686695780072894,pooled_controls,bf16
L30_N13098,30,13098,ambiguity,amb_ctrl_0080,2.430419445037842,2.4301886558532715,-0.0002307891845703125,0.27730607986450195,0.2773193418979645,0.12122531980276108,working,True,-0.057373046875,0.0008686695780072894,pooled_controls,bf16
L30_N13098,30,13098,ambiguity,amb_ctrl_0081,1.4725465774536133,1.4628974199295044,-0.009649157524108887,0.5391753315925598,0.519189715385437,0.12122531980276108,working,True,0.040283203125,0.0008686695780072894,pooled_controls,bf16
L30_N13098,30,13098,ambiguity,amb_ctrl_0082,2.0238261222839355,2.0257787704467773,0.0019526481628417969,0.4524519741535187,0.4522876441478729,0.12122531980276108,working,True,-0.0693359375,0.0008686695780072894,pooled_controls,bf16
L30_N13098,30,13098,ambiguity,amb_ctrl_0083,1.331174373626709,1.3265507221221924,-0.0046236515045166016,0.5272114872932434,0.5283596515655518,0.12122531980276108,working,True,0.039794921875,0.0008686695780072894,pooled_controls,bf16
L30_N13098,30,13098,ambiguity,amb_ctrl_0084,3.23014760017395,3.2279067039489746,-0.002240896224975586,0.43897515535354614,0.43909531831741333,0.12122531980276108,held_out,True,-0.0302734375,0.0008686695780072894,pooled_controls,bf16
L30_N13098,30,13098,ambiguity,amb_ctrl_0085,2.178281784057617,2.176920175552368,-0.0013616085052490234,0.3071621358394623,0.3073873221874237,0.12122531980276108,held_out,True,-0.07763671875,0.0008686695780072894,pooled_controls,bf16
L30_N13098,30,13098,ambiguity,amb_ctrl_0086,1.1892834901809692,1.2412017583847046,0.05191826820373535,0.6098666191101074,0.5797499418258667,0.12122531980276108,held_out,True,-0.07275390625,0.0008686695780072894,pooled_controls,bf16
L30_N13098,30,13098,ambiguity,amb_ctrl_0087,4.720757007598877,4.720404148101807,-0.0003528594970703125,0.18051175773143768,0.1809511035680771,0.12122531980276108,held_out,True,0.015380859375,0.0008686695780072894,pooled_controls,bf16
L30_N13098,30,13098,ambiguity,amb_ctrl_0088,1.8164480924606323,1.8151063919067383,-0.001341700553894043,0.3447813093662262,0.34487441182136536,0.12122531980276108,held_out,True,0.0118408203125,0.0008686695780072894,pooled_controls,bf16
L30_N13098,30,13098,ambiguity,amb_ctrl_0089,0.8166414499282837,0.8168140649795532,0.00017261505126953125,0.8653537631034851,0.865334689617157,0.12122531980276108,held_out,True,-0.0017852783203125,0.0008686695780072894,pooled_controls,bf16
L30_N13098,30,13098,ambiguity,amb_ctrl_0090,0.7313582897186279,0.7320003509521484,0.0006420612335205078,0.8488500714302063,0.848770022392273,0.12122531980276108,held_out,True,0.048095703125,0.0008686695780072894,pooled_controls,bf16
L30_N13098,30,13098,ambiguity,amb_ctrl_0091,0.7912845611572266,0.7806634902954102,-0.010621070861816406,0.8505407571792603,0.854200005531311,0.12122531980276108,held_out,True,0.13671875,0.0008686695780072894,pooled_controls,bf16
L30_N13098,30,13098,ambiguity,amb_ctrl_0092,0.20004436373710632,0.20004501938819885,6.556510925292969e-07,0.9656380414962769,0.965638279914856,0.12122531980276108,held_out,True,0.1298828125,0.0008686695780072894,pooled_controls,bf16
L30_N13098,30,13098,ambiguity,amb_ctrl_0093,0.8184689283370972,0.8124216794967651,-0.006047248840332031,0.7807179093360901,0.782045304775238,0.12122531980276108,held_out,True,0.208984375,0.0008686695780072894,pooled_controls,bf16
L30_N13098,30,13098,ambiguity,amb_ctrl_0094,1.9382219314575195,1.9383876323699951,0.00016570091247558594,0.47598159313201904,0.4760379195213318,0.12122531980276108,held_out,True,-0.062255859375,0.0008686695780072894,pooled_controls,bf16
L30_N13098,30,13098,ambiguity,amb_ctrl_0095,0.1967904269695282,0.19705915451049805,0.00026872754096984863,0.9730347990989685,0.972991943359375,0.12122531980276108,held_out,True,0.146484375,0.0008686695780072894,pooled_controls,bf16
L30_N13098,30,13098,ambiguity,amb_ctrl_0096,0.27954334020614624,0.30596011877059937,0.026416778564453125,0.9592352509498596,0.9547021389007568,0.12122531980276108,held_out,True,0.016357421875,0.0008686695780072894,pooled_controls,bf16
L30_N13098,30,13098,ambiguity,amb_ctrl_0097,4.615304946899414,4.606914520263672,-0.008390426635742188,0.2903858721256256,0.29143664240837097,0.12122531980276108,held_out,True,-0.04052734375,0.0008686695780072894,pooled_controls,bf16
L30_N13098,30,13098,ambiguity,amb_ctrl_0098,1.0526940822601318,1.053749918937683,0.0010558366775512695,0.7801284193992615,0.7800142765045166,0.12122531980276108,held_out,True,-0.11767578125,0.0008686695780072894,pooled_controls,bf16
L30_N13098,30,13098,ambiguity,amb_ctrl_0099,2.617166519165039,2.618638515472412,0.0014719963073730469,0.35361507534980774,0.352983683347702,0.12122531980276108,held_out,True,-0.0218505859375,0.0008686695780072894,pooled_controls,bf16
L30_N13098,30,13098,ambiguity,amb_ctrl_0100,3.230755090713501,3.2291393280029297,-0.001615762710571289,0.21227960288524628,0.2130563110113144,0.12122531980276108,held_out,True,0.0380859375,0.0008686695780072894,pooled_controls,bf16
L30_N13098,30,13098,ambiguity,amb_ctrl_0101,2.5137133598327637,2.450519561767578,-0.06319379806518555,0.3411417007446289,0.3696633577346802,0.12122531980276108,held_out,True,-0.0458984375,0.0008686695780072894,pooled_controls,bf16
L30_N13098,30,13098,ambiguity,amb_ctrl_0102,3.382952928543091,3.3820109367370605,-0.0009419918060302734,0.4389851689338684,0.44070157408714294,0.12122531980276108,held_out,True,-0.07080078125,0.0008686695780072894,pooled_controls,bf16
L30_N13098,30,13098,ambiguity,amb_ctrl_0103,1.2881443500518799,1.2879936695098877,-0.0001506805419921875,0.6099465489387512,0.6099798083305359,0.12122531980276108,held_out,True,-0.0274658203125,0.0008686695780072894,pooled_controls,bf16
L30_N13098,30,13098,ambiguity,amb_ctrl_0104,1.2201045751571655,1.2210208177566528,0.0009162425994873047,0.6614540815353394,0.6613497138023376,0.12122531980276108,held_out,True,-0.01953125,0.0008686695780072894,pooled_controls,bf16
L30_N13098,30,13098,ambiguity,amb_ctrl_0105,1.7128682136535645,1.7581466436386108,0.04527842998504639,0.42329180240631104,0.39252206683158875,0.12122531980276108,held_out,True,0.06640625,0.0008686695780072894,pooled_controls,bf16
L30_N13098,30,13098,ambiguity,amb_ctrl_0106,4.290400505065918,4.271734237670898,-0.01866626739501953,0.12830117344856262,0.13342814147472382,0.12122531980276108,held_out,True,-0.1904296875,0.0008686695780072894,pooled_controls,bf16
L30_N13098,30,13098,ambiguity,amb_ctrl_0107,1.973547339439392,1.9765506982803345,0.003003358840942383,0.5560788512229919,0.5557279586791992,0.12122531980276108,held_out,True,-0.0267333984375,0.0008686695780072894,pooled_controls,bf16
L30_N13098,30,13098,ambiguity,amb_ctrl_0108,5.345915794372559,5.344897270202637,-0.001018524169921875,0.19730085134506226,0.1969584822654724,0.12122531980276108,held_out,True,-0.123046875,0.0008686695780072894,pooled_controls,bf16
L30_N13098,30,13098,ambiguity,amb_ctrl_0109,2.405097723007202,2.3963658809661865,-0.008731842041015625,0.5640195608139038,0.5673583745956421,0.12122531980276108,held_out,True,-0.2080078125,0.0008686695780072894,pooled_controls,bf16
L30_N13098,30,13098,ambiguity,amb_ctrl_0110,2.2092509269714355,2.2059166431427,-0.0033342838287353516,0.2498709261417389,0.2502710521221161,0.12122531980276108,held_out,True,-0.03759765625,0.0008686695780072894,pooled_controls,bf16
L30_N13098,30,13098,ambiguity,amb_ctrl_0111,2.009219169616699,2.0085034370422363,-0.0007157325744628906,0.44997212290763855,0.45009589195251465,0.12122531980276108,held_out,True,-0.0185546875,0.0008686695780072894,pooled_controls,bf16
L30_N13098,30,13098,ambiguity,amb_ctrl_0112,1.7968382835388184,1.8030595779418945,0.006221294403076172,0.5710203051567078,0.5653147101402283,0.12122531980276108,held_out,True,-0.005340576171875,0.0008686695780072894,pooled_controls,bf16
L30_N13098,30,13098,ambiguity,amb_ctrl_0113,4.333885192871094,4.334612846374512,0.0007276535034179688,0.34712934494018555,0.34615007042884827,0.12122531980276108,held_out,True,-0.0712890625,0.0008686695780072894,pooled_controls,bf16
L30_N13098,30,13098,ambiguity,amb_ctrl_0114,1.9962888956069946,1.9960787296295166,-0.00021016597747802734,0.3115333616733551,0.3115409016609192,0.12122531980276108,held_out,True,0.00032806396484375,0.0008686695780072894,pooled_controls,bf16
L30_N13098,30,13098,ambiguity,amb_ctrl_0115,2.317293643951416,2.314159393310547,-0.0031342506408691406,0.4041188955307007,0.40604642033576965,0.12122531980276108,held_out,True,-0.03271484375,0.0008686695780072894,pooled_controls,bf16
L30_N13098,30,13098,ambiguity,amb_ctrl_0116,2.3295745849609375,2.3341927528381348,0.004618167877197266,0.3391643166542053,0.33768799901008606,0.12122531980276108,held_out,True,-0.041748046875,0.0008686695780072894,pooled_controls,bf16
L30_N13098,30,13098,ambiguity,amb_ctrl_0117,1.5883352756500244,1.57075035572052,-0.017584919929504395,0.574742317199707,0.5883785486221313,0.12122531980276108,held_out,True,0.03466796875,0.0008686695780072894,pooled_controls,bf16
L30_N13098,30,13098,ambiguity,amb_ctrl_0118,2.7129154205322266,2.7137880325317383,0.0008726119995117188,0.21529023349285126,0.21522831916809082,0.12122531980276108,held_out,True,-0.09765625,0.0008686695780072894,pooled_controls,bf16
L30_N13098,30,13098,ambiguity,amb_ctrl_0119,3.844236135482788,3.852412462234497,0.008176326751708984,0.126031756401062,0.1187252402305603,0.12122531980276108,held_out,True,0.048583984375,0.0008686695780072894,pooled_controls,bf16
L20_N409,20,409,ambiguity,amb_0000,2.131409168243408,2.136044502258301,0.004635334014892578,0.3043592870235443,0.3063742518424988,0.12493935972452164,working,False,-0.029541015625,-0.05060981143088568,pooled_controls,bf16
L20_N409,20,409,ambiguity,amb_0001,4.559041500091553,4.532454490661621,-0.02658700942993164,0.1691441833972931,0.16850806772708893,0.12493935972452164,working,False,0.0031280517578125,-0.05060981143088568,pooled_controls,bf16
L20_N409,20,409,ambiguity,amb_0002,0.5591363906860352,0.5850259065628052,0.02588951587677002,0.7746531963348389,0.7524072527885437,0.12493935972452164,working,False,-0.0277099609375,-0.05060981143088568,pooled_controls,bf16
L20_N409,20,409,ambiguity,amb_0003,0.7737653255462646,0.7689834833145142,-0.004781842231750488,0.8860874176025391,0.8869587182998657,0.12493935972452164,working,False,0.00469970703125,-0.05060981143088568,pooled_controls,bf16
L20_N409,20,409,ambiguity,amb_0004,3.214151620864868,3.1637516021728516,-0.0504000186920166,0.3810039460659027,0.3925086259841919,0.12493935972452164,working,False,-0.00799560546875,-0.05060981143088568,pooled_controls,bf16
L20_N409,20,409,ambiguity,amb_0005,0.40345656871795654,0.40414556860923767,0.0006889998912811279,0.9331170916557312,0.9330483675003052,0.12493935972452164,working,False,-0.05224609375,-0.05060981143088568,pooled_controls,bf16
L20_N409,20,409,ambiguity,amb_0006,2.6447858810424805,2.6340842247009277,-0.010701656341552734,0.3364722430706024,0.34460654854774475,0.12493935972452164,working,False,-0.162109375,-0.05060981143088568,pooled_controls,bf16
L20_N409,20,409,ambiguity,amb_0007,2.73992919921875,2.7245941162109375,-0.0153350830078125,0.3336516320705414,0.34030643105506897,0.12493935972452164,working,False,-0.09033203125,-0.05060981143088568,pooled_controls,bf16
L20_N409,20,409,ambiguity,amb_0008,3.0731167793273926,3.149897575378418,0.07678079605102539,0.321990430355072,0.2949981689453125,0.12493935972452164,working,False,-0.068359375,-0.05060981143088568,pooled_controls,bf16
L20_N409,20,409,ambiguity,amb_0009,2.3017964363098145,2.2946619987487793,-0.007134437561035156,0.3590010106563568,0.35995861887931824,0.12493935972452164,working,False,-0.05224609375,-0.05060981143088568,pooled_controls,bf16
L20_N409,20,409,ambiguity,amb_0010,3.0725746154785156,3.074167013168335,0.001592397689819336,0.32308200001716614,0.3206179141998291,0.12493935972452164,working,False,0.07861328125,-0.05060981143088568,pooled_controls,bf16
L20_N409,20,409,ambiguity,amb_0011,0.1853773295879364,0.18412528932094574,-0.0012520402669906616,0.9783462882041931,0.9786019325256348,0.12493935972452164,working,False,-0.001556396484375,-0.05060981143088568,pooled_controls,bf16
L20_N409,20,409,ambiguity,amb_0012,0.2827058434486389,0.2824243903160095,-0.00028145313262939453,0.9530503153800964,0.9530755877494812,0.12493935972452164,working,False,0.0019683837890625,-0.05060981143088568,pooled_controls,bf16
L20_N409,20,409,ambiguity,amb_0013,2.846848487854004,2.850433588027954,0.0035851001739501953,0.23987779021263123,0.23881450295448303,0.12493935972452164,working,False,-0.06982421875,-0.05060981143088568,pooled_controls,bf16
L20_N409,20,409,ambiguity,amb_0014,1.7274397611618042,1.7194865942001343,-0.007953166961669922,0.6531180739402771,0.6546429991722107,0.12493935972452164,working,False,-0.043701171875,-0.05060981143088568,pooled_controls,bf16
L20_N409,20,409,ambiguity,amb_0015,2.646392345428467,2.652048110961914,0.005655765533447266,0.2669826149940491,0.2662372589111328,0.12493935972452164,working,False,-0.30078125,-0.05060981143088568,pooled_controls,bf16
L20_N409,20,409,ambiguity,amb_0016,2.1020545959472656,2.128790855407715,0.02673625946044922,0.356288343667984,0.368500292301178,0.12493935972452164,working,False,-0.25,-0.05060981143088568,pooled_controls,bf16
L20_N409,20,409,ambiguity,amb_0017,2.545952796936035,2.5371885299682617,-0.008764266967773438,0.3178497850894928,0.3114597201347351,0.12493935972452164,working,False,-0.06787109375,-0.05060981143088568,pooled_controls,bf16
L20_N409,20,409,ambiguity,amb_0018,2.6739742755889893,2.6113245487213135,-0.06264972686767578,0.5581860542297363,0.5719138979911804,0.12493935972452164,working,False,-0.006805419921875,-0.05060981143088568,pooled_controls,bf16
L20_N409,20,409,ambiguity,amb_0019,3.003119945526123,3.0137367248535156,0.010616779327392578,0.26456767320632935,0.26113465428352356,0.12493935972452164,working,False,-0.04833984375,-0.05060981143088568,pooled_controls,bf16
L20_N409,20,409,ambiguity,amb_0020,3.019925832748413,3.0251314640045166,0.005205631256103516,0.2309427112340927,0.23327092826366425,0.12493935972452164,working,False,-0.08203125,-0.05060981143088568,pooled_controls,bf16
L20_N409,20,409,ambiguity,amb_0021,0.8744735717773438,0.8780478239059448,0.0035742521286010742,0.78462815284729,0.7840536236763,0.12493935972452164,working,False,-0.00604248046875,-0.05060981143088568,pooled_controls,bf16
L20_N409,20,409,ambiguity,amb_0022,1.4463167190551758,1.4687526226043701,0.022435903549194336,0.6989033222198486,0.6887813806533813,0.12493935972452164,working,False,0.06787109375,-0.05060981143088568,pooled_controls,bf16
L20_N409,20,409,ambiguity,amb_0023,2.3588614463806152,2.368194580078125,0.009333133697509766,0.3514297902584076,0.3492213487625122,0.12493935972452164,working,False,-0.0654296875,-0.05060981143088568,pooled_controls,bf16
L20_N409,20,409,ambiguity,amb_0024,2.423225164413452,2.408313512802124,-0.014911651611328125,0.163632333278656,0.1670900285243988,0.12493935972452164,working,False,-0.1376953125,-0.05060981143088568,pooled_controls,bf16
L20_N409,20,409,ambiguity,amb_0025,2.3594460487365723,2.4300577640533447,0.07061171531677246,0.38730406761169434,0.35714757442474365,0.12493935972452164,working,False,-0.2470703125,-0.05060981143088568,pooled_controls,bf16
L20_N409,20,409,ambiguity,amb_0026,3.7028703689575195,3.754380226135254,0.051509857177734375,0.3228043019771576,0.3085905909538269,0.12493935972452164,working,False,-0.03955078125,-0.05060981143088568,pooled_controls,bf16
L20_N409,20,409,ambiguity,amb_0027,1.8813252449035645,1.8884825706481934,0.007157325744628906,0.6477286219596863,0.645660936832428,0.12493935972452164,working,False,-0.045654296875,-0.05060981143088568,pooled_controls,bf16
L20_N409,20,409,ambiguity,amb_0028,2.591080665588379,2.653217315673828,0.06213665008544922,0.5235283970832825,0.5091126561164856,0.12493935972452164,working,False,0.01611328125,-0.05060981143088568,pooled_controls,bf16
L20_N409,20,409,ambiguity,amb_0029,2.0469510555267334,2.0782501697540283,0.03129911422729492,0.5000725388526917,0.48717793822288513,0.12493935972452164,working,False,-0.1103515625,-0.05060981143088568,pooled_controls,bf16
L20_N409,20,409,ambiguity,amb_0030,1.3423449993133545,1.3881900310516357,0.04584503173828125,0.5465922355651855,0.5219839811325073,0.12493935972452164,working,False,-0.02587890625,-0.05060981143088568,pooled_controls,bf16
L20_N409,20,409,ambiguity,amb_0031,2.5924174785614014,2.529923439025879,-0.06249403953552246,0.2651655673980713,0.28201737999916077,0.12493935972452164,working,False,-0.08740234375,-0.05060981143088568,pooled_controls,bf16
L20_N409,20,409,ambiguity,amb_0032,0.7734093070030212,0.7709930539131165,-0.002416253089904785,0.7512880563735962,0.7516526579856873,0.12493935972452164,working,False,0.00909423828125,-0.05060981143088568,pooled_controls,bf16
L20_N409,20,409,ambiguity,amb_0033,0.3125807046890259,0.306689977645874,-0.0058907270431518555,0.9496376514434814,0.9508190751075745,0.12493935972452164,working,False,-0.00185394287109375,-0.05060981143088568,pooled_controls,bf16
L20_N409,20,409,ambiguity,amb_0034,0.06319817155599594,0.06330396234989166,0.00010579079389572144,0.9920816421508789,0.9920709729194641,0.12493935972452164,working,False,-0.00118255615234375,-0.05060981143088568,pooled_controls,bf16
L20_N409,20,409,ambiguity,amb_0035,3.2133400440216064,3.2079734802246094,-0.00536656379699707,0.14269918203353882,0.14637188613414764,0.12493935972452164,working,False,-0.024169921875,-0.05060981143088568,pooled_controls,bf16
L20_N409,20,409,ambiguity,amb_0036,0.27980995178222656,0.3092215061187744,0.02941155433654785,0.956149697303772,0.9504764080047607,0.12493935972452164,working,False,0.013671875,-0.05060981143088568,pooled_controls,bf16
L20_N409,20,409,ambiguity,amb_0037,2.2706377506256104,2.2684884071350098,-0.002149343490600586,0.2931281328201294,0.2933255434036255,0.12493935972452164,working,False,-0.09521484375,-0.05060981143088568,pooled_controls,bf16
L20_N409,20,409,ambiguity,amb_0038,1.907806158065796,1.9171799421310425,0.009373784065246582,0.5503026843070984,0.5404598712921143,0.12493935972452164,working,False,-0.1865234375,-0.05060981143088568,pooled_controls,bf16
L20_N409,20,409,ambiguity,amb_0039,0.4548197090625763,0.41681161522865295,-0.03800809383392334,0.8976051807403564,0.9085750579833984,0.12493935972452164,working,False,0.01495361328125,-0.05060981143088568,pooled_controls,bf16
L20_N409,20,409,ambiguity,amb_0040,2.049222946166992,2.0544018745422363,0.005178928375244141,0.47096139192581177,0.4664822816848755,0.12493935972452164,working,False,-0.134765625,-0.05060981143088568,pooled_controls,bf16
L20_N409,20,409,ambiguity,amb_0041,0.4766418933868408,0.47657644748687744,-6.54458999633789e-05,0.9048458933830261,0.9048465490341187,0.12493935972452164,working,False,-0.01373291015625,-0.05060981143088568,pooled_controls,bf16
L20_N409,20,409,ambiguity,amb_0042,3.4453678131103516,3.4542670249938965,0.008899211883544922,0.12374655902385712,0.12617774307727814,0.12493935972452164,working,False,-0.0016021728515625,-0.05060981143088568,pooled_controls,bf16
L20_N409,20,409,ambiguity,amb_0043,2.176589012145996,2.1696507930755615,-0.00693821907043457,0.3841998279094696,0.39344847202301025,0.12493935972452164,working,False,-0.0869140625,-0.05060981143088568,pooled_controls,bf16
L20_N409,20,409,ambiguity,amb_0044,2.562283515930176,2.570307493209839,0.008023977279663086,0.3696751594543457,0.36103448271751404,0.12493935972452164,working,False,0.0019073486328125,-0.05060981143088568,pooled_controls,bf16
L20_N409,20,409,ambiguity,amb_0045,2.8056182861328125,2.8091800212860107,0.003561735153198242,0.22283335030078888,0.22328408062458038,0.12493935972452164,working,False,0.00011920928955078125,-0.05060981143088568,pooled_controls,bf16
L20_N409,20,409,ambiguity,amb_0046,1.8792414665222168,1.880167841911316,0.0009263753890991211,0.43458327651023865,0.4343010485172272,0.12493935972452164,working,False,0.00946044921875,-0.05060981143088568,pooled_controls,bf16
L20_N409,20,409,ambiguity,amb_0047,3.5664448738098145,3.5636343955993652,-0.0028104782104492188,0.1757456362247467,0.17637506127357483,0.12493935972452164,working,False,-0.015625,-0.05060981143088568,pooled_controls,bf16
L20_N409,20,409,ambiguity,amb_0048,2.5035877227783203,2.504852771759033,0.0012650489807128906,0.38110023736953735,0.3810768723487854,0.12493935972452164,working,False,-0.099609375,-0.05060981143088568,pooled_controls,bf16
L20_N409,20,409,ambiguity,amb_0049,4.102269172668457,4.097926139831543,-0.0043430328369140625,0.16889438033103943,0.16884015500545502,0.12493935972452164,working,False,-0.06689453125,-0.05060981143088568,pooled_controls,bf16
L20_N409,20,409,ambiguity,amb_0050,0.5448554754257202,0.5580662488937378,0.013210773468017578,0.9203320145606995,0.9171581268310547,0.12493935972452164,working,False,-0.006744384765625,-0.05060981143088568,pooled_controls,bf16
L20_N409,20,409,ambiguity,amb_0051,2.2842979431152344,2.2804174423217773,-0.0038805007934570312,0.3175898790359497,0.31901055574417114,0.12493935972452164,working,False,-0.10791015625,-0.05060981143088568,pooled_controls,bf16
L20_N409,20,409,ambiguity,amb_0052,2.544663667678833,2.540764570236206,-0.003899097442626953,0.3059062957763672,0.30639687180519104,0.12493935972452164,working,False,-0.1279296875,-0.05060981143088568,pooled_controls,bf16
L20_N409,20,409,ambiguity,amb_0053,0.26553624868392944,0.2654982805252075,-3.796815872192383e-05,0.9484477639198303,0.9484517574310303,0.12493935972452164,working,False,-0.013916015625,-0.05060981143088568,pooled_controls,bf16
L20_N409,20,409,ambiguity,amb_0054,3.3073582649230957,3.3112282752990723,0.0038700103759765625,0.20128417015075684,0.19954898953437805,0.12493935972452164,working,False,-0.326171875,-0.05060981143088568,pooled_controls,bf16
L20_N409,20,409,ambiguity,amb_0055,2.3507449626922607,2.355056047439575,0.004311084747314453,0.3764025568962097,0.371865451335907,0.12493935972452164,working,False,-0.123046875,-0.05060981143088568,pooled_controls,bf16
L20_N409,20,409,ambiguity,amb_0056,2.9696860313415527,2.9657342433929443,-0.0039517879486083984,0.3324529230594635,0.3299700915813446,0.12493935972452164,working,False,-0.16015625,-0.05060981143088568,pooled_controls,bf16
L20_N409,20,409,ambiguity,amb_0057,3.6951136589050293,3.717266321182251,0.02215266227722168,0.2154395580291748,0.2044132500886917,0.12493935972452164,working,False,0.046630859375,-0.05060981143088568,pooled_controls,bf16
L20_N409,20,409,ambiguity,amb_0058,0.6380835771560669,0.6620398163795471,0.023956239223480225,0.8878673315048218,0.8819037675857544,0.12493935972452164,working,False,-0.039794921875,-0.05060981143088568,pooled_controls,bf16
L20_N409,20,409,ambiguity,amb_0059,1.6167001724243164,1.6081963777542114,-0.00850379467010498,0.4122750759124756,0.4134608507156372,0.12493935972452164,working,False,0.07373046875,-0.05060981143088568,pooled_controls,bf16
L20_N409,20,409,ambiguity,amb_0060,2.2315759658813477,2.2243027687072754,-0.007273197174072266,0.4630894958972931,0.47315332293510437,0.12493935972452164,working,False,0.0169677734375,-0.05060981143088568,pooled_controls,bf16
L20_N409,20,409,ambiguity,amb_0061,2.1432714462280273,2.150771379470825,0.0074999332427978516,0.34881308674812317,0.34742605686187744,0.12493935972452164,working,False,-0.255859375,-0.05060981143088568,pooled_controls,bf16
L20_N409,20,409,ambiguity,amb_0062,0.42451727390289307,0.38966548442840576,-0.034851789474487305,0.9445533156394958,0.9496625065803528,0.12493935972452164,working,False,-0.0023345947265625,-0.05060981143088568,pooled_controls,bf16
L20_N409,20,409,ambiguity,amb_0063,3.6907150745391846,3.7005300521850586,0.009814977645874023,0.31620991230010986,0.31872355937957764,0.12493935972452164,working,False,0.0341796875,-0.05060981143088568,pooled_controls,bf16
L20_N409,20,409,ambiguity,amb_0064,2.0356671810150146,2.0456202030181885,0.009953022003173828,0.33568695187568665,0.3340049982070923,0.12493935972452164,working,False,-0.11865234375,-0.05060981143088568,pooled_controls,bf16
L20_N409,20,409,ambiguity,amb_0065,0.09549930691719055,0.0949566662311554,-0.0005426406860351562,0.9887312054634094,0.9888083338737488,0.12493935972452164,working,False,-0.01141357421875,-0.05060981143088568,pooled_controls,bf16
L20_N409,20,409,ambiguity,amb_0066,2.0707223415374756,2.068906307220459,-0.0018160343170166016,0.32435888051986694,0.32432299852371216,0.12493935972452164,working,False,-0.0966796875,-0.05060981143088568,pooled_controls,bf16
L20_N409,20,409,ambiguity,amb_0067,3.4030425548553467,3.396568775177002,-0.0064737796783447266,0.2503643333911896,0.25181159377098083,0.12493935972452164,working,False,-0.0002918243408203125,-0.05060981143088568,pooled_controls,bf16
L20_N409,20,409,ambiguity,amb_0068,0.27864107489585876,0.2784026265144348,-0.0002384483814239502,0.9491060376167297,0.9491294026374817,0.12493935972452164,working,False,-0.0113525390625,-0.05060981143088568,pooled_controls,bf16
L20_N409,20,409,ambiguity,amb_0069,3.569601058959961,3.597952365875244,0.028351306915283203,0.23654481768608093,0.22905845940113068,0.12493935972452164,working,False,-0.051025390625,-0.05060981143088568,pooled_controls,bf16
L20_N409,20,409,ambiguity,amb_0070,1.2353311777114868,1.2190076112747192,-0.016323566436767578,0.7235127687454224,0.733626127243042,0.12493935972452164,working,False,-0.1337890625,-0.05060981143088568,pooled_controls,bf16
L20_N409,20,409,ambiguity,amb_0071,0.5878744125366211,0.5924297571182251,0.004555344581604004,0.9036218523979187,0.9027926921844482,0.12493935972452164,working,False,0.00457763671875,-0.05060981143088568,pooled_controls,bf16
L20_N409,20,409,ambiguity,amb_0072,1.4870750904083252,1.4809741973876953,-0.006100893020629883,0.7113951444625854,0.712574303150177,0.12493935972452164,working,False,-0.09912109375,-0.05060981143088568,pooled_controls,bf16
L20_N409,20,409,ambiguity,amb_0073,2.011209487915039,2.0113887786865234,0.000179290771484375,0.25993621349334717,0.2597861588001251,0.12493935972452164,working,False,0.0228271484375,-0.05060981143088568,pooled_controls,bf16
L20_N409,20,409,ambiguity,amb_0074,1.8976142406463623,1.8833762407302856,-0.01423799991607666,0.5668606758117676,0.573788583278656,0.12493935972452164,working,False,-0.059326171875,-0.05060981143088568,pooled_controls,bf16
L20_N409,20,409,ambiguity,amb_0075,2.3578433990478516,2.370851993560791,0.013008594512939453,0.483648419380188,0.4816839098930359,0.12493935972452164,working,False,0.006591796875,-0.05060981143088568,pooled_controls,bf16
L20_N409,20,409,ambiguity,amb_0076,2.618499994277954,2.618133544921875,-0.00036644935607910156,0.2548840641975403,0.25499534606933594,0.12493935972452164,working,False,-0.2197265625,-0.05060981143088568,pooled_controls,bf16
L20_N409,20,409,ambiguity,amb_0077,2.4425735473632812,2.4575984477996826,0.015024900436401367,0.5396357774734497,0.536683976650238,0.12493935972452164,working,False,-0.181640625,-0.05060981143088568,pooled_controls,bf16
L20_N409,20,409,ambiguity,amb_0078,1.1666830778121948,1.1538952589035034,-0.012787818908691406,0.7637596130371094,0.7667232155799866,0.12493935972452164,working,False,-0.1337890625,-0.05060981143088568,pooled_controls,bf16
L20_N409,20,409,ambiguity,amb_0079,2.033189535140991,2.0382907390594482,0.005101203918457031,0.3496057987213135,0.34099462628364563,0.12493935972452164,working,False,0.01190185546875,-0.05060981143088568,pooled_controls,bf16
L20_N409,20,409,ambiguity,amb_0080,2.0369515419006348,2.042091131210327,0.005139589309692383,0.4895094633102417,0.48433417081832886,0.12493935972452164,working,False,-0.1904296875,-0.05060981143088568,pooled_controls,bf16
L20_N409,20,409,ambiguity,amb_0081,3.092586040496826,3.091519355773926,-0.0010666847229003906,0.5298091173171997,0.5315438508987427,0.12493935972452164,working,False,-0.015869140625,-0.05060981143088568,pooled_controls,bf16
L20_N409,20,409,ambiguity,amb_0082,1.6431922912597656,1.6433510780334473,0.00015878677368164062,0.7570251226425171,0.7577690482139587,0.12493935972452164,working,False,0.031494140625,-0.05060981143088568,pooled_controls,bf16
L20_N409,20,409,ambiguity,amb_0083,5.554958343505859,5.55189323425293,-0.0030651092529296875,0.07461758702993393,0.07479622960090637,0.12493935972452164,working,False,0.007415771484375,-0.05060981143088568,pooled_controls,bf16
L20_N409,20,409,ambiguity,amb_0084,2.906287670135498,2.904707908630371,-0.0015797615051269531,0.4053276777267456,0.4044347405433655,0.12493935972452164,held_out,False,-0.01806640625,-0.05060981143088568,pooled_controls,bf16
L20_N409,20,409,ambiguity,amb_0085,3.2369580268859863,3.233473777770996,-0.0034842491149902344,0.4754219353199005,0.4768136441707611,0.12493935972452164,held_out,False,-0.000370025634765625,-0.05060981143088568,pooled_controls,bf16
L20_N409,20,409,ambiguity,amb_0086,3.4680352210998535,3.4717040061950684,0.0036687850952148438,0.16339129209518433,0.1639135628938675,0.12493935972452164,held_out,False,-0.06591796875,-0.05060981143088568,pooled_controls,bf16
L20_N409,20,409,ambiguity,amb_0087,0.21132242679595947,0.2132057398557663,0.0018833130598068237,0.9734991192817688,0.9731590747833252,0.12493935972452164,held_out,False,0.0035552978515625,-0.05060981143088568,pooled_controls,bf16
L20_N409,20,409,ambiguity,amb_0088,3.366471767425537,3.376009464263916,0.009537696838378906,0.26610100269317627,0.2678920328617096,0.12493935972452164,held_out,False,0.068359375,-0.05060981143088568,pooled_controls,bf16
L20_N409,20,409,ambiguity,amb_0089,3.781087636947632,3.791043758392334,0.009956121444702148,0.3369584083557129,0.334858238697052,0.12493935972452164,held_out,False,0.057861328125,-0.05060981143088568,pooled_controls,bf16
L20_N409,20,409,ambiguity,amb_0090,0.8448827266693115,0.8434572219848633,-0.0014255046844482422,0.7932525873184204,0.7934625148773193,0.12493935972452164,held_out,False,-0.017822265625,-0.05060981143088568,pooled_controls,bf16
L20_N409,20,409,ambiguity,amb_0091,1.8923972845077515,1.8902323246002197,-0.0021649599075317383,0.5461603403091431,0.5461822748184204,0.12493935972452164,held_out,False,-0.1298828125,-0.05060981143088568,pooled_controls,bf16
L20_N409,20,409,ambiguity,amb_0092,1.6362665891647339,1.726002812385559,0.0897362232208252,0.7017658948898315,0.683262050151825,0.12493935972452164,held_out,False,-0.00970458984375,-0.05060981143088568,pooled_controls,bf16
L20_N409,20,409,ambiguity,amb_0093,0.8634747862815857,0.8642961978912354,0.0008214116096496582,0.8298888802528381,0.8291743993759155,0.12493935972452164,held_out,False,-0.0849609375,-0.05060981143088568,pooled_controls,bf16
L20_N409,20,409,ambiguity,amb_0094,1.7390378713607788,1.7241348028182983,-0.014903068542480469,0.4728764593601227,0.47471311688423157,0.12493935972452164,held_out,False,-0.1259765625,-0.05060981143088568,pooled_controls,bf16
L20_N409,20,409,ambiguity,amb_0095,0.821681022644043,0.8207701444625854,-0.0009108781814575195,0.8072279691696167,0.8073557019233704,0.12493935972452164,held_out,False,0.0037689208984375,-0.05060981143088568,pooled_controls,bf16
L20_N409,20,409,ambiguity,amb_0096,2.501300573348999,2.4236578941345215,-0.07764267921447754,0.2968878149986267,0.3110744059085846,0.12493935972452164,held_out,False,-0.158203125,-0.05060981143088568,pooled_controls,bf16
L20_N409,20,409,ambiguity,amb_0097,2.996896743774414,2.9316344261169434,-0.0652623176574707,0.2316855490207672,0.24487438797950745,0.12493935972452164,held_out,False,-0.021484375,-0.05060981143088568,pooled_controls,bf16
L20_N409,20,409,ambiguity,amb_0098,2.3167881965637207,2.317448377609253,0.0006601810455322266,0.26292508840560913,0.2626633942127228,0.12493935972452164,held_out,False,-0.11767578125,-0.05060981143088568,pooled_controls,bf16
L20_N409,20,409,ambiguity,amb_0099,2.436516284942627,2.4375710487365723,0.0010547637939453125,0.35596418380737305,0.35688140988349915,0.12493935972452164,held_out,False,-0.061767578125,-0.05060981143088568,pooled_controls,bf16
L20_N409,20,409,ambiguity,amb_0100,1.7052080631256104,1.7090928554534912,0.0038847923278808594,0.5621854066848755,0.5616288781166077,0.12493935972452164,held_out,False,0.00067138671875,-0.05060981143088568,pooled_controls,bf16
L20_N409,20,409,ambiguity,amb_0101,2.0023765563964844,2.008981943130493,0.006605386734008789,0.4655653238296509,0.46444645524024963,0.12493935972452164,held_out,False,-0.07373046875,-0.05060981143088568,pooled_controls,bf16
L20_N409,20,409,ambiguity,amb_0102,2.005124568939209,1.9936678409576416,-0.011456727981567383,0.29406610131263733,0.2967319190502167,0.12493935972452164,held_out,False,-0.052001953125,-0.05060981143088568,pooled_controls,bf16
L20_N409,20,409,ambiguity,amb_0103,4.778031349182129,4.747489929199219,-0.030541419982910156,0.10608897358179092,0.11139880120754242,0.12493935972452164,held_out,False,-0.01470947265625,-0.05060981143088568,pooled_controls,bf16
L20_N409,20,409,ambiguity,amb_0104,1.1206187009811401,1.1347602605819702,0.014141559600830078,0.7675607800483704,0.7634360194206238,0.12493935972452164,held_out,False,-0.01446533203125,-0.05060981143088568,pooled_controls,bf16
L20_N409,20,409,ambiguity,amb_0105,2.1002590656280518,2.094165325164795,-0.006093740463256836,0.5084797739982605,0.5112534165382385,0.12493935972452164,held_out,False,-0.0693359375,-0.05060981143088568,pooled_controls,bf16
L20_N409,20,409,ambiguity,amb_0106,0.5232242941856384,0.5201002359390259,-0.003124058246612549,0.9280524849891663,0.9287108778953552,0.12493935972452164,held_out,False,-0.0196533203125,-0.05060981143088568,pooled_controls,bf16
L20_N409,20,409,ambiguity,amb_0107,2.999772548675537,3.00337553024292,0.0036029815673828125,0.1862751543521881,0.18771734833717346,0.12493935972452164,held_out,False,-0.15234375,-0.05060981143088568,pooled_controls,bf16
L20_N409,20,409,ambiguity,amb_0108,2.6803855895996094,2.6853830814361572,0.0049974918365478516,0.1892421841621399,0.18768033385276794,0.12493935972452164,held_out,False,-0.294921875,-0.05060981143088568,pooled_controls,bf16
L20_N409,20,409,ambiguity,amb_0109,0.34986984729766846,0.34339141845703125,-0.006478428840637207,0.9464108347892761,0.9478933811187744,0.12493935972452164,held_out,False,-0.003082275390625,-0.05060981143088568,pooled_controls,bf16
L20_N409,20,409,ambiguity,amb_0110,1.9645905494689941,1.8778338432312012,-0.08675670623779297,0.4899759590625763,0.52353435754776,0.12493935972452164,held_out,False,0.023681640625,-0.05060981143088568,pooled_controls,bf16
L20_N409,20,409,ambiguity,amb_0111,3.8684067726135254,3.8633933067321777,-0.005013465881347656,0.20527321100234985,0.20722761750221252,0.12493935972452164,held_out,False,-0.154296875,-0.05060981143088568,pooled_controls,bf16
L20_N409,20,409,ambiguity,amb_0112,2.176384449005127,2.1767046451568604,0.00032019615173339844,0.3407977223396301,0.3405466377735138,0.12493935972452164,held_out,False,-0.1640625,-0.05060981143088568,pooled_controls,bf16
L20_N409,20,409,ambiguity,amb_0113,0.9256861805915833,0.9262491464614868,0.0005629658699035645,0.8043229579925537,0.8042618632316589,0.12493935972452164,held_out,False,-0.054443359375,-0.05060981143088568,pooled_controls,bf16
L20_N409,20,409,ambiguity,amb_0114,0.7204865217208862,0.7786753177642822,0.058188796043395996,0.8451882004737854,0.8283605575561523,0.12493935972452164,held_out,False,-0.02392578125,-0.05060981143088568,pooled_controls,bf16
L20_N409,20,409,ambiguity,amb_0115,2.9680774211883545,2.971250534057617,0.0031731128692626953,0.34782540798187256,0.3464476466178894,0.12493935972452164,held_out,False,-0.1953125,-0.05060981143088568,pooled_controls,bf16
L20_N409,20,409,ambiguity,amb_0116,1.9323124885559082,1.9381439685821533,0.005831480026245117,0.5209304094314575,0.519787609577179,0.12493935972452164,held_out,False,-0.0888671875,-0.05060981143088568,pooled_controls,bf16
L20_N409,20,409,ambiguity,amb_0117,0.41895708441734314,0.45309895277023315,0.034141868352890015,0.9367285370826721,0.9309937953948975,0.12493935972452164,held_out,False,-0.0260009765625,-0.05060981143088568,pooled_controls,bf16
L20_N409,20,409,ambiguity,amb_0118,2.198213577270508,2.1900429725646973,-0.008170604705810547,0.43398311734199524,0.4373522102832794,0.12493935972452164,held_out,False,-0.068359375,-0.05060981143088568,pooled_controls,bf16
L20_N409,20,409,ambiguity,amb_0119,2.812081813812256,2.8047871589660645,-0.007294654846191406,0.23698896169662476,0.2374209463596344,0.12493935972452164,held_out,False,-0.0830078125,-0.05060981143088568,pooled_controls,bf16
L20_N409,20,409,ambiguity,amb_ctrl_0000,0.7766406536102295,0.7044379711151123,-0.07220268249511719,0.8515368700027466,0.8703609704971313,0.12493935972452164,working,True,0.01019287109375,-0.05060981143088568,pooled_controls,bf16
L20_N409,20,409,ambiguity,amb_ctrl_0001,0.09729471802711487,0.09524007141590118,-0.002054646611213684,0.9864110350608826,0.9867786169052124,0.12493935972452164,working,True,-0.04443359375,-0.05060981143088568,pooled_controls,bf16
L20_N409,20,409,ambiguity,amb_ctrl_0002,1.1501094102859497,1.1844185590744019,0.03430914878845215,0.5672774314880371,0.5588318705558777,0.12493935972452164,working,True,-0.029541015625,-0.05060981143088568,pooled_controls,bf16
L20_N409,20,409,ambiguity,amb_ctrl_0003,2.734994411468506,2.7473373413085938,0.01234292984008789,0.21374362707138062,0.20873159170150757,0.12493935972452164,working,True,-0.12890625,-0.05060981143088568,pooled_controls,bf16
L20_N409,20,409,ambiguity,amb_ctrl_0004,1.2866910696029663,1.2771878242492676,-0.00950324535369873,0.5674577355384827,0.5694480538368225,0.12493935972452164,working,True,-0.16796875,-0.05060981143088568,pooled_controls,bf16
L20_N409,20,409,ambiguity,amb_ctrl_0005,2.6738407611846924,2.79135799407959,0.11751723289489746,0.4896385371685028,0.4589095711708069,0.12493935972452164,working,True,0.0181884765625,-0.05060981143088568,pooled_controls,bf16
L20_N409,20,409,ambiguity,amb_ctrl_0006,0.201217919588089,0.2034517228603363,0.0022338032722473145,0.9678196907043457,0.9674612879753113,0.12493935972452164,working,True,0.013427734375,-0.05060981143088568,pooled_controls,bf16
L20_N409,20,409,ambiguity,amb_ctrl_0007,0.2947760224342346,0.28641530871391296,-0.008360713720321655,0.949904203414917,0.952299177646637,0.12493935972452164,working,True,0.00238037109375,-0.05060981143088568,pooled_controls,bf16
L20_N409,20,409,ambiguity,amb_ctrl_0008,1.9313079118728638,1.925466775894165,-0.0058411359786987305,0.36000311374664307,0.36075490713119507,0.12493935972452164,working,True,-0.12060546875,-0.05060981143088568,pooled_controls,bf16
L20_N409,20,409,ambiguity,amb_ctrl_0009,0.604310154914856,0.609916090965271,0.005605936050415039,0.8772097826004028,0.8764512538909912,0.12493935972452164,working,True,-0.01171875,-0.05060981143088568,pooled_controls,bf16
L20_N409,20,409,ambiguity,amb_ctrl_0010,0.12707942724227905,0.12711144983768463,3.202259540557861e-05,0.9798086285591125,0.9798058867454529,0.12493935972452164,working,True,0.000576019287109375,-0.05060981143088568,pooled_controls,bf16
L20_N409,20,409,ambiguity,amb_ctrl_0011,4.238875389099121,4.224917888641357,-0.013957500457763672,0.10977223515510559,0.11655271053314209,0.12493935972452164,working,True,-0.002655029296875,-0.05060981143088568,pooled_controls,bf16
L20_N409,20,409,ambiguity,amb_ctrl_0012,2.522399425506592,2.526716709136963,0.004317283630371094,0.2560243010520935,0.2558356821537018,0.12493935972452164,working,True,-0.064453125,-0.05060981143088568,pooled_controls,bf16
L20_N409,20,409,ambiguity,amb_ctrl_0013,5.372662544250488,5.3865556716918945,0.01389312744140625,0.10198619961738586,0.10397256165742874,0.12493935972452164,working,True,-0.0478515625,-0.05060981143088568,pooled_controls,bf16
L20_N409,20,409,ambiguity,amb_ctrl_0014,0.5423544645309448,0.544278621673584,0.0019241571426391602,0.9037502408027649,0.9035139083862305,0.12493935972452164,working,True,-0.02099609375,-0.05060981143088568,pooled_controls,bf16
L20_N409,20,409,ambiguity,amb_ctrl_0015,4.3377366065979,4.346814155578613,0.00907754898071289,0.2934378981590271,0.28962036967277527,0.12493935972452164,working,True,-0.177734375,-0.05060981143088568,pooled_controls,bf16
L20_N409,20,409,ambiguity,amb_ctrl_0016,2.8179564476013184,2.822603940963745,0.004647493362426758,0.24184849858283997,0.23722140491008759,0.12493935972452164,working,True,-0.10888671875,-0.05060981143088568,pooled_controls,bf16
L20_N409,20,409,ambiguity,amb_ctrl_0017,1.3171398639678955,1.3094627857208252,-0.0076770782470703125,0.773847758769989,0.7752058506011963,0.12493935972452164,working,True,0.01611328125,-0.05060981143088568,pooled_controls,bf16
L20_N409,20,409,ambiguity,amb_ctrl_0018,2.9222288131713867,2.919952154159546,-0.0022766590118408203,0.24335934221744537,0.24394576251506805,0.12493935972452164,working,True,-0.1513671875,-0.05060981143088568,pooled_controls,bf16
L20_N409,20,409,ambiguity,amb_ctrl_0019,5.361654281616211,5.335724353790283,-0.025929927825927734,0.09632216393947601,0.09476040303707123,0.12493935972452164,working,True,-0.0024871826171875,-0.05060981143088568,pooled_controls,bf16
L20_N409,20,409,ambiguity,amb_ctrl_0020,4.601905822753906,4.658039093017578,0.056133270263671875,0.2898511588573456,0.2782280445098877,0.12493935972452164,working,True,-0.00125885009765625,-0.05060981143088568,pooled_controls,bf16
L20_N409,20,409,ambiguity,amb_ctrl_0021,2.9766604900360107,2.9607174396514893,-0.015943050384521484,0.27002450823783875,0.2622762620449066,0.12493935972452164,working,True,-0.0308837890625,-0.05060981143088568,pooled_controls,bf16
L20_N409,20,409,ambiguity,amb_ctrl_0022,2.5405263900756836,2.545060634613037,0.004534244537353516,0.5305885672569275,0.5268359184265137,0.12493935972452164,working,True,-0.005859375,-0.05060981143088568,pooled_controls,bf16
L20_N409,20,409,ambiguity,amb_ctrl_0023,2.682981014251709,2.7243881225585938,0.041407108306884766,0.25725501775741577,0.23397812247276306,0.12493935972452164,working,True,-0.0634765625,-0.05060981143088568,pooled_controls,bf16
L20_N409,20,409,ambiguity,amb_ctrl_0024,2.4536571502685547,2.5038018226623535,0.05014467239379883,0.5255476832389832,0.5123471617698669,0.12493935972452164,working,True,0.0093994140625,-0.05060981143088568,pooled_controls,bf16
L20_N409,20,409,ambiguity,amb_ctrl_0025,1.1939071416854858,1.1022710800170898,-0.091636061668396,0.7682332992553711,0.7904807925224304,0.12493935972452164,working,True,0.0101318359375,-0.05060981143088568,pooled_controls,bf16
L20_N409,20,409,ambiguity,amb_ctrl_0026,0.9327545166015625,0.9339348077774048,0.0011802911758422852,0.7439746260643005,0.7437363266944885,0.12493935972452164,working,True,-0.09814453125,-0.05060981143088568,pooled_controls,bf16
L20_N409,20,409,ambiguity,amb_ctrl_0027,1.6260687112808228,1.6369484663009644,0.010879755020141602,0.53364098072052,0.5306625962257385,0.12493935972452164,working,True,0.01025390625,-0.05060981143088568,pooled_controls,bf16
L20_N409,20,409,ambiguity,amb_ctrl_0028,1.9965972900390625,2.003373146057129,0.006775856018066406,0.6128343939781189,0.6087813377380371,0.12493935972452164,working,True,-0.0166015625,-0.05060981143088568,pooled_controls,bf16
L20_N409,20,409,ambiguity,amb_ctrl_0029,1.5382331609725952,1.5328035354614258,-0.005429625511169434,0.38559937477111816,0.39293181896209717,0.12493935972452164,working,True,-0.0191650390625,-0.05060981143088568,pooled_controls,bf16
L20_N409,20,409,ambiguity,amb_ctrl_0030,1.825148344039917,1.8920588493347168,0.0669105052947998,0.5318348407745361,0.5081755518913269,0.12493935972452164,working,True,0.001678466796875,-0.05060981143088568,pooled_controls,bf16
L20_N409,20,409,ambiguity,amb_ctrl_0031,3.056546926498413,3.056412935256958,-0.00013399124145507812,0.17859788239002228,0.17626892030239105,0.12493935972452164,working,True,-0.1298828125,-0.05060981143088568,pooled_controls,bf16
L20_N409,20,409,ambiguity,amb_ctrl_0032,2.7289576530456543,2.70473051071167,-0.024227142333984375,0.24979281425476074,0.2464517056941986,0.12493935972452164,working,True,0.00970458984375,-0.05060981143088568,pooled_controls,bf16
L20_N409,20,409,ambiguity,amb_ctrl_0033,0.5639548897743225,0.5597327351570129,-0.00422215461730957,0.8955055475234985,0.8963928818702698,0.12493935972452164,working,True,-0.024169921875,-0.05060981143088568,pooled_controls,bf16
L20_N409,20,409,ambiguity,amb_ctrl_0034,0.46364283561706543,0.4745968282222748,0.01095399260520935,0.9274066090583801,0.9246929287910461,0.12493935972452164,working,True,-0.004180908203125,-0.05060981143088568,pooled_controls,bf16
L20_N409,20,409,ambiguity,amb_ctrl_0035,4.913356781005859,4.907713890075684,-0.005642890930175781,0.07138054817914963,0.07113087922334671,0.12493935972452164,working,True,0.0198974609375,-0.05060981143088568,pooled_controls,bf16
L20_N409,20,409,ambiguity,amb_ctrl_0036,2.8000435829162598,2.7886245250701904,-0.011419057846069336,0.42631012201309204,0.42228278517723083,0.12493935972452164,working,True,-0.01251220703125,-0.05060981143088568,pooled_controls,bf16
L20_N409,20,409,ambiguity,amb_ctrl_0037,2.7010412216186523,2.7009384632110596,-0.00010275840759277344,0.38632428646087646,0.38614848256111145,0.12493935972452164,working,True,-0.05615234375,-0.05060981143088568,pooled_controls,bf16
L20_N409,20,409,ambiguity,amb_ctrl_0038,3.2420296669006348,3.2281203269958496,-0.013909339904785156,0.1702917218208313,0.17892533540725708,0.12493935972452164,working,True,-0.0712890625,-0.05060981143088568,pooled_controls,bf16
L20_N409,20,409,ambiguity,amb_ctrl_0039,0.3799930214881897,0.41433677077293396,0.03434374928474426,0.9415091276168823,0.9350298047065735,0.12493935972452164,working,True,-0.049072265625,-0.05060981143088568,pooled_controls,bf16
L20_N409,20,409,ambiguity,amb_ctrl_0040,2.988630533218384,2.918447494506836,-0.07018303871154785,0.30050066113471985,0.3216308355331421,0.12493935972452164,working,True,0.06103515625,-0.05060981143088568,pooled_controls,bf16
L20_N409,20,409,ambiguity,amb_ctrl_0041,1.9082388877868652,1.9123603105545044,0.00412142276763916,0.5990794897079468,0.597552478313446,0.12493935972452164,working,True,-0.0400390625,-0.05060981143088568,pooled_controls,bf16
L20_N409,20,409,ambiguity,amb_ctrl_0042,3.304969549179077,3.302733898162842,-0.0022356510162353516,0.3426487445831299,0.3455214500427246,0.12493935972452164,working,True,-0.0079345703125,-0.05060981143088568,pooled_controls,bf16
L20_N409,20,409,ambiguity,amb_ctrl_0043,0.3423001766204834,0.34174516797065735,-0.0005550086498260498,0.9096891283988953,0.909758448600769,0.12493935972452164,working,True,-0.00174713134765625,-0.05060981143088568,pooled_controls,bf16
L20_N409,20,409,ambiguity,amb_ctrl_0044,5.378116607666016,5.371614456176758,-0.0065021514892578125,0.1182311624288559,0.11882398277521133,0.12493935972452164,working,True,0.006103515625,-0.05060981143088568,pooled_controls,bf16
L20_N409,20,409,ambiguity,amb_ctrl_0045,2.304725170135498,2.3072752952575684,0.0025501251220703125,0.26542025804519653,0.2652561366558075,0.12493935972452164,working,True,-0.00140380859375,-0.05060981143088568,pooled_controls,bf16
L20_N409,20,409,ambiguity,amb_ctrl_0046,3.76407527923584,3.747170925140381,-0.016904354095458984,0.13274690508842468,0.1387854665517807,0.12493935972452164,working,True,-0.021484375,-0.05060981143088568,pooled_controls,bf16
L20_N409,20,409,ambiguity,amb_ctrl_0047,3.065524101257324,3.007826089859009,-0.05769801139831543,0.3836395740509033,0.3915081322193146,0.12493935972452164,working,True,-0.040283203125,-0.05060981143088568,pooled_controls,bf16
L20_N409,20,409,ambiguity,amb_ctrl_0048,5.083179473876953,5.087242603302002,0.004063129425048828,0.18745993077754974,0.18966788053512573,0.12493935972452164,working,True,-0.017822265625,-0.05060981143088568,pooled_controls,bf16
L20_N409,20,409,ambiguity,amb_ctrl_0049,1.2665965557098389,1.2668430805206299,0.0002465248107910156,0.7476392984390259,0.747608482837677,0.12493935972452164,working,True,-0.0120849609375,-0.05060981143088568,pooled_controls,bf16
L20_N409,20,409,ambiguity,amb_ctrl_0050,3.729827642440796,3.7301547527313232,0.00032711029052734375,0.26900753378868103,0.27078405022621155,0.12493935972452164,working,True,0.006805419921875,-0.05060981143088568,pooled_controls,bf16
L20_N409,20,409,ambiguity,amb_ctrl_0051,2.2200121879577637,2.2225089073181152,0.0024967193603515625,0.5213475823402405,0.523081362247467,0.12493935972452164,working,True,-0.07373046875,-0.05060981143088568,pooled_controls,bf16
L20_N409,20,409,ambiguity,amb_ctrl_0052,3.310584545135498,3.2974050045013428,-0.013179540634155273,0.14980924129486084,0.15656544268131256,0.12493935972452164,working,True,-0.2490234375,-0.05060981143088568,pooled_controls,bf16
L20_N409,20,409,ambiguity,amb_ctrl_0053,2.4620916843414307,2.4465229511260986,-0.015568733215332031,0.3166545331478119,0.315225213766098,0.12493935972452164,working,True,-0.061279296875,-0.05060981143088568,pooled_controls,bf16
L20_N409,20,409,ambiguity,amb_ctrl_0054,4.114995956420898,4.121449947357178,0.006453990936279297,0.2303536981344223,0.22907015681266785,0.12493935972452164,working,True,-0.044921875,-0.05060981143088568,pooled_controls,bf16
L20_N409,20,409,ambiguity,amb_ctrl_0055,2.642899990081787,2.6349828243255615,-0.007917165756225586,0.32313698530197144,0.32640406489372253,0.12493935972452164,working,True,-0.000858306884765625,-0.05060981143088568,pooled_controls,bf16
L20_N409,20,409,ambiguity,amb_ctrl_0056,4.992990493774414,4.995079040527344,0.0020885467529296875,0.13981656730175018,0.14041683077812195,0.12493935972452164,working,True,-0.1611328125,-0.05060981143088568,pooled_controls,bf16
L20_N409,20,409,ambiguity,amb_ctrl_0057,0.72358238697052,0.7232000827789307,-0.00038230419158935547,0.6951943039894104,0.6952573657035828,0.12493935972452164,working,True,0.01544189453125,-0.05060981143088568,pooled_controls,bf16
L20_N409,20,409,ambiguity,amb_ctrl_0058,3.0716848373413086,3.090134859085083,0.018450021743774414,0.17631740868091583,0.17904995381832123,0.12493935972452164,working,True,-0.07958984375,-0.05060981143088568,pooled_controls,bf16
L20_N409,20,409,ambiguity,amb_ctrl_0059,2.4294238090515137,2.4932706356048584,0.06384682655334473,0.5226604342460632,0.5062636137008667,0.12493935972452164,working,True,-0.01416015625,-0.05060981143088568,pooled_controls,bf16
L20_N409,20,409,ambiguity,amb_ctrl_0060,1.0038834810256958,1.0099624395370483,0.006078958511352539,0.8310943841934204,0.829955518245697,0.12493935972452164,working,True,-0.02001953125,-0.05060981143088568,pooled_controls,bf16
L20_N409,20,409,ambiguity,amb_ctrl_0061,3.0814852714538574,3.0827176570892334,0.0012323856353759766,0.42257410287857056,0.4188717007637024,0.12493935972452164,working,True,-0.00933837890625,-0.05060981143088568,pooled_controls,bf16
L20_N409,20,409,ambiguity,amb_ctrl_0062,6.099908351898193,6.100611686706543,0.0007033348083496094,0.0454409196972847,0.04228855296969414,0.12493935972452164,working,True,0.0074462890625,-0.05060981143088568,pooled_controls,bf16
L20_N409,20,409,ambiguity,amb_ctrl_0063,3.982426166534424,3.9997689723968506,0.017342805862426758,0.19488677382469177,0.19763843715190887,0.12493935972452164,working,True,0.004852294921875,-0.05060981143088568,pooled_controls,bf16
L20_N409,20,409,ambiguity,amb_ctrl_0064,1.2800276279449463,1.2765872478485107,-0.003440380096435547,0.7049450278282166,0.7058582901954651,0.12493935972452164,working,True,-0.05029296875,-0.05060981143088568,pooled_controls,bf16
L20_N409,20,409,ambiguity,amb_ctrl_0065,1.728804349899292,1.7169451713562012,-0.01185917854309082,0.5687795877456665,0.573319673538208,0.12493935972452164,working,True,-0.115234375,-0.05060981143088568,pooled_controls,bf16
L20_N409,20,409,ambiguity,amb_ctrl_0066,2.0725255012512207,2.081531286239624,0.00900578498840332,0.38031232357025146,0.37917470932006836,0.12493935972452164,working,True,-0.09423828125,-0.05060981143088568,pooled_controls,bf16
L20_N409,20,409,ambiguity,amb_ctrl_0067,3.082766532897949,3.0798497200012207,-0.0029168128967285156,0.21626727283000946,0.21791844069957733,0.12493935972452164,working,True,-0.04150390625,-0.05060981143088568,pooled_controls,bf16
L20_N409,20,409,ambiguity,amb_ctrl_0068,2.5241587162017822,2.477478265762329,-0.046680450439453125,0.29160362482070923,0.31702959537506104,0.12493935972452164,working,True,-0.033203125,-0.05060981143088568,pooled_controls,bf16
L20_N409,20,409,ambiguity,amb_ctrl_0069,1.3749003410339355,1.386934757232666,0.012034416198730469,0.7211427688598633,0.7184733152389526,0.12493935972452164,working,True,-0.06494140625,-0.05060981143088568,pooled_controls,bf16
L20_N409,20,409,ambiguity,amb_ctrl_0070,1.204169511795044,1.2109572887420654,0.006787776947021484,0.7618666887283325,0.7589631080627441,0.12493935972452164,working,True,0.01220703125,-0.05060981143088568,pooled_controls,bf16
L20_N409,20,409,ambiguity,amb_ctrl_0071,2.7363505363464355,2.737259864807129,0.0009093284606933594,0.2670269310474396,0.2670193612575531,0.12493935972452164,working,True,-0.1083984375,-0.05060981143088568,pooled_controls,bf16
L20_N409,20,409,ambiguity,amb_ctrl_0072,0.3991299271583557,0.39617443084716797,-0.002955496311187744,0.9259452819824219,0.9263319373130798,0.12493935972452164,working,True,-4.029273986816406e-05,-0.05060981143088568,pooled_controls,bf16
L20_N409,20,409,ambiguity,amb_ctrl_0073,2.7911183834075928,2.7228212356567383,-0.06829714775085449,0.31099262833595276,0.3385283946990967,0.12493935972452164,working,True,-0.1630859375,-0.05060981143088568,pooled_controls,bf16
L20_N409,20,409,ambiguity,amb_ctrl_0074,2.8901166915893555,2.8885111808776855,-0.0016055107116699219,0.2257860153913498,0.22815291583538055,0.12493935972452164,working,True,-0.2138671875,-0.05060981143088568,pooled_controls,bf16
L20_N409,20,409,ambiguity,amb_ctrl_0075,2.611227512359619,2.6068508625030518,-0.004376649856567383,0.5451282262802124,0.5453401803970337,0.12493935972452164,working,True,-0.0057373046875,-0.05060981143088568,pooled_controls,bf16
L20_N409,20,409,ambiguity,amb_ctrl_0076,3.449631690979004,3.44936203956604,-0.0002696514129638672,0.2657425105571747,0.265762597322464,0.12493935972452164,working,True,-0.0255126953125,-0.05060981143088568,pooled_controls,bf16
L20_N409,20,409,ambiguity,amb_ctrl_0077,1.4236340522766113,1.438072919845581,0.014438867568969727,0.6163606643676758,0.6104139089584351,0.12493935972452164,working,True,0.023681640625,-0.05060981143088568,pooled_controls,bf16
L20_N409,20,409,ambiguity,amb_ctrl_0078,2.2226996421813965,2.224048376083374,0.001348733901977539,0.41798335313796997,0.41787996888160706,0.12493935972452164,working,True,-0.197265625,-0.05060981143088568,pooled_controls,bf16
L20_N409,20,409,ambiguity,amb_ctrl_0079,2.553337574005127,2.6384568214416504,0.08511924743652344,0.43941590189933777,0.4108469486236572,0.12493935972452164,working,True,-0.1875,-0.05060981143088568,pooled_controls,bf16
L20_N409,20,409,ambiguity,amb_ctrl_0080,2.430419445037842,2.4215831756591797,-0.00883626937866211,0.27730607986450195,0.2717987596988678,0.12493935972452164,working,True,-0.041015625,-0.05060981143088568,pooled_controls,bf16
L20_N409,20,409,ambiguity,amb_ctrl_0081,1.4725465774536133,1.4769318103790283,0.004385232925415039,0.5391753315925598,0.5387351512908936,0.12493935972452164,working,True,0.024658203125,-0.05060981143088568,pooled_controls,bf16
L20_N409,20,409,ambiguity,amb_ctrl_0082,2.0238261222839355,2.042628765106201,0.018802642822265625,0.4524519741535187,0.44481831789016724,0.12493935972452164,working,True,-0.049560546875,-0.05060981143088568,pooled_controls,bf16
L20_N409,20,409,ambiguity,amb_ctrl_0083,1.331174373626709,1.3671860694885254,0.036011695861816406,0.5272114872932434,0.49801427125930786,0.12493935972452164,working,True,-0.012451171875,-0.05060981143088568,pooled_controls,bf16
L20_N409,20,409,ambiguity,amb_ctrl_0084,3.23014760017395,3.235969305038452,0.005821704864501953,0.43897515535354614,0.43554264307022095,0.12493935972452164,held_out,True,-0.0087890625,-0.05060981143088568,pooled_controls,bf16
L20_N409,20,409,ambiguity,amb_ctrl_0085,2.178281784057617,2.182584762573242,0.004302978515625,0.3071621358394623,0.30404946208000183,0.12493935972452164,held_out,True,-0.13671875,-0.05060981143088568,pooled_controls,bf16
L20_N409,20,409,ambiguity,amb_ctrl_0086,1.1892834901809692,1.239140272140503,0.04985678195953369,0.6098666191101074,0.5800623893737793,0.12493935972452164,held_out,True,-0.03564453125,-0.05060981143088568,pooled_controls,bf16
L20_N409,20,409,ambiguity,amb_ctrl_0087,4.720757007598877,4.710775375366211,-0.009981632232666016,0.18051175773143768,0.180013969540596,0.12493935972452164,held_out,True,-0.0235595703125,-0.05060981143088568,pooled_controls,bf16
L20_N409,20,409,ambiguity,amb_ctrl_0088,1.8164480924606323,1.8135054111480713,-0.002942681312561035,0.3447813093662262,0.345106840133667,0.12493935972452164,held_out,True,0.00092315673828125,-0.05060981143088568,pooled_controls,bf16
L20_N409,20,409,ambiguity,amb_ctrl_0089,0.8166414499282837,0.8194594979286194,0.0028180480003356934,0.8653537631034851,0.8636423945426941,0.12493935972452164,held_out,True,-0.008056640625,-0.05060981143088568,pooled_controls,bf16
L20_N409,20,409,ambiguity,amb_ctrl_0090,0.7313582897186279,0.7299215793609619,-0.0014367103576660156,0.8488500714302063,0.8490521311759949,0.12493935972452164,held_out,True,-0.0625,-0.05060981143088568,pooled_controls,bf16
L20_N409,20,409,ambiguity,amb_ctrl_0091,0.7912845611572266,0.7925641536712646,0.001279592514038086,0.8505407571792603,0.850294291973114,0.12493935972452164,held_out,True,-0.0458984375,-0.05060981143088568,pooled_controls,bf16
L20_N409,20,409,ambiguity,amb_ctrl_0092,0.20004436373710632,0.20017290115356445,0.00012853741645812988,0.9656380414962769,0.9656248688697815,0.12493935972452164,held_out,True,-0.056640625,-0.05060981143088568,pooled_controls,bf16
L20_N409,20,409,ambiguity,amb_ctrl_0093,0.8184689283370972,0.8388040065765381,0.020335078239440918,0.7807179093360901,0.7650150656700134,0.12493935972452164,held_out,True,0.02587890625,-0.05060981143088568,pooled_controls,bf16
L20_N409,20,409,ambiguity,amb_ctrl_0094,1.9382219314575195,1.9338914155960083,-0.0043305158615112305,0.47598159313201904,0.47981786727905273,0.12493935972452164,held_out,True,-0.003021240234375,-0.05060981143088568,pooled_controls,bf16
L20_N409,20,409,ambiguity,amb_ctrl_0095,0.1967904269695282,0.19690664112567902,0.00011621415615081787,0.9730347990989685,0.9730063676834106,0.12493935972452164,held_out,True,0.0098876953125,-0.05060981143088568,pooled_controls,bf16
L20_N409,20,409,ambiguity,amb_ctrl_0096,0.27954334020614624,0.2812960147857666,0.0017526745796203613,0.9592352509498596,0.9589564800262451,0.12493935972452164,held_out,True,0.033447265625,-0.05060981143088568,pooled_controls,bf16
L20_N409,20,409,ambiguity,amb_ctrl_0097,4.615304946899414,4.618983268737793,0.0036783218383789062,0.2903858721256256,0.2879101634025574,0.12493935972452164,held_out,True,0.013916015625,-0.05060981143088568,pooled_controls,bf16
L20_N409,20,409,ambiguity,amb_ctrl_0098,1.0526940822601318,1.1234933137893677,0.07079923152923584,0.7801284193992615,0.7603918313980103,0.12493935972452164,held_out,True,-0.040283203125,-0.05060981143088568,pooled_controls,bf16
L20_N409,20,409,ambiguity,amb_ctrl_0099,2.617166519165039,2.6315553188323975,0.014388799667358398,0.35361507534980774,0.3569284975528717,0.12493935972452164,held_out,True,0.004791259765625,-0.05060981143088568,pooled_controls,bf16
L20_N409,20,409,ambiguity,amb_ctrl_0100,3.230755090713501,3.223306179046631,-0.007448911666870117,0.21227960288524628,0.21427497267723083,0.12493935972452164,held_out,True,-0.040283203125,-0.05060981143088568,pooled_controls,bf16
L20_N409,20,409,ambiguity,amb_ctrl_0101,2.5137133598327637,2.513101100921631,-0.0006122589111328125,0.3411417007446289,0.34095337986946106,0.12493935972452164,held_out,True,-0.10693359375,-0.05060981143088568,pooled_controls,bf16
L20_N409,20,409,ambiguity,amb_ctrl_0102,3.382952928543091,3.384129285812378,0.0011763572692871094,0.4389851689338684,0.4430370032787323,0.12493935972452164,held_out,True,-0.05029296875,-0.05060981143088568,pooled_controls,bf16
L20_N409,20,409,ambiguity,amb_ctrl_0103,1.2881443500518799,1.3112094402313232,0.02306509017944336,0.6099465489387512,0.6036614179611206,0.12493935972452164,held_out,True,-0.06982421875,-0.05060981143088568,pooled_controls,bf16
L20_N409,20,409,ambiguity,amb_ctrl_0104,1.2201045751571655,1.2070034742355347,-0.01310110092163086,0.6614540815353394,0.6818234920501709,0.12493935972452164,held_out,True,-0.003173828125,-0.05060981143088568,pooled_controls,bf16
L20_N409,20,409,ambiguity,amb_ctrl_0105,1.7128682136535645,1.7481157779693604,0.0352475643157959,0.42329180240631104,0.4013146460056305,0.12493935972452164,held_out,True,-0.0888671875,-0.05060981143088568,pooled_controls,bf16
L20_N409,20,409,ambiguity,amb_ctrl_0106,4.290400505065918,4.261999130249023,-0.02840137481689453,0.12830117344856262,0.1349499523639679,0.12493935972452164,held_out,True,-0.0033416748046875,-0.05060981143088568,pooled_controls,bf16
L20_N409,20,409,ambiguity,amb_ctrl_0107,1.973547339439392,1.9554904699325562,-0.018056869506835938,0.5560788512229919,0.5612517595291138,0.12493935972452164,held_out,True,-0.17578125,-0.05060981143088568,pooled_controls,bf16
L20_N409,20,409,ambiguity,amb_ctrl_0108,5.345915794372559,5.341627597808838,-0.004288196563720703,0.19730085134506226,0.19621041417121887,0.12493935972452164,held_out,True,0.031494140625,-0.05060981143088568,pooled_controls,bf16
L20_N409,20,409,ambiguity,amb_ctrl_0109,2.405097723007202,2.4134912490844727,0.008393526077270508,0.5640195608139038,0.5596974492073059,0.12493935972452164,held_out,True,0.0040283203125,-0.05060981143088568,pooled_controls,bf16
L20_N409,20,409,ambiguity,amb_ctrl_0110,2.2092509269714355,2.216362237930298,0.007111310958862305,0.2498709261417389,0.24936868250370026,0.12493935972452164,held_out,True,-0.1748046875,-0.05060981143088568,pooled_controls,bf16
L20_N409,20,409,ambiguity,amb_ctrl_0111,2.009219169616699,2.0252749919891357,0.016055822372436523,0.44997212290763855,0.45400717854499817,0.12493935972452164,held_out,True,-0.140625,-0.05060981143088568,pooled_controls,bf16
L20_N409,20,409,ambiguity,amb_ctrl_0112,1.7968382835388184,1.8711278438568115,0.07428956031799316,0.5710203051567078,0.5471877455711365,0.12493935972452164,held_out,True,-0.035400390625,-0.05060981143088568,pooled_controls,bf16
L20_N409,20,409,ambiguity,amb_ctrl_0113,4.333885192871094,4.330265045166016,-0.003620147705078125,0.34712934494018555,0.348244845867157,0.12493935972452164,held_out,True,-0.0029754638671875,-0.05060981143088568,pooled_controls,bf16
L20_N409,20,409,ambiguity,amb_ctrl_0114,1.9962888956069946,1.9975876808166504,0.0012987852096557617,0.3115333616733551,0.31147533655166626,0.12493935972452164,held_out,True,-0.01287841796875,-0.05060981143088568,pooled_controls,bf16
L20_N409,20,409,ambiguity,amb_ctrl_0115,2.317293643951416,2.3090672492980957,-0.008226394653320312,0.4041188955307007,0.4060940742492676,0.12493935972452164,held_out,True,-0.10791015625,-0.05060981143088568,pooled_controls,bf16
L20_N409,20,409,ambiguity,amb_ctrl_0116,2.3295745849609375,2.332690477371216,0.0031158924102783203,0.3391643166542053,0.3388390839099884,0.12493935972452164,held_out,True,-0.1298828125,-0.05060981143088568,pooled_controls,bf16
L20_N409,20,409,ambiguity,amb_ctrl_0117,1.5883352756500244,1.5562186241149902,-0.03211665153503418,0.574742317199707,0.5932838320732117,0.12493935972452164,held_out,True,-0.10302734375,-0.05060981143088568,pooled_controls,bf16
L20_N409,20,409,ambiguity,amb_ctrl_0118,2.7129154205322266,2.706280469894409,-0.006634950637817383,0.21529023349285126,0.21730943024158478,0.12493935972452164,held_out,True,-0.064453125,-0.05060981143088568,pooled_controls,bf16
L20_N409,20,409,ambiguity,amb_ctrl_0119,3.844236135482788,3.85725474357605,0.013018608093261719,0.126031756401062,0.11948675662279129,0.12493935972452164,held_out,True,-0.05078125,-0.05060981143088568,pooled_controls,bf16
L30_N4012,30,4012,ambiguity,amb_0000,2.131409168243408,2.1289749145507812,-0.002434253692626953,0.3043592870235443,0.3078974187374115,1.0186338424682617,working,False,0.07861328125,0.10696392967587426,pooled_controls,bf16
L30_N4012,30,4012,ambiguity,amb_0001,4.559041500091553,4.571047782897949,0.012006282806396484,0.1691441833972931,0.1690310835838318,1.0186338424682617,working,False,0.06298828125,0.10696392967587426,pooled_controls,bf16
L30_N4012,30,4012,ambiguity,amb_0002,0.5591363906860352,0.5592575669288635,0.00012117624282836914,0.7746531963348389,0.7746423482894897,1.0186338424682617,working,False,0.10888671875,0.10696392967587426,pooled_controls,bf16
L30_N4012,30,4012,ambiguity,amb_0003,0.7737653255462646,0.7744992971420288,0.0007339715957641602,0.8860874176025391,0.8857256770133972,1.0186338424682617,working,False,0.1787109375,0.10696392967587426,pooled_controls,bf16
L30_N4012,30,4012,ambiguity,amb_0004,3.214151620864868,3.2118115425109863,-0.002340078353881836,0.3810039460659027,0.3818019926548004,1.0186338424682617,working,False,0.11474609375,0.10696392967587426,pooled_controls,bf16
L30_N4012,30,4012,ambiguity,amb_0005,0.40345656871795654,0.40348124504089355,2.467632293701172e-05,0.9331170916557312,0.9331150054931641,1.0186338424682617,working,False,0.08203125,0.10696392967587426,pooled_controls,bf16
L30_N4012,30,4012,ambiguity,amb_0006,2.6447858810424805,2.6449460983276367,0.00016021728515625,0.3364722430706024,0.33646249771118164,1.0186338424682617,working,False,0.09814453125,0.10696392967587426,pooled_controls,bf16
L30_N4012,30,4012,ambiguity,amb_0007,2.73992919921875,2.738260269165039,-0.0016689300537109375,0.3336516320705414,0.33376649022102356,1.0186338424682617,working,False,0.12060546875,0.10696392967587426,pooled_controls,bf16
L30_N4012,30,4012,ambiguity,amb_0008,3.0731167793273926,3.1438827514648438,0.07076597213745117,0.321990430355072,0.29640066623687744,1.0186338424682617,working,False,0.11865234375,0.10696392967587426,pooled_controls,bf16
L30_N4012,30,4012,ambiguity,amb_0009,2.3017964363098145,2.301267623901367,-0.0005288124084472656,0.3590010106563568,0.359048455953598,1.0186338424682617,working,False,0.181640625,0.10696392967587426,pooled_controls,bf16
L30_N4012,30,4012,ambiguity,amb_0010,3.0725746154785156,3.056730270385742,-0.015844345092773438,0.32308200001716614,0.3214368522167206,1.0186338424682617,working,False,-0.07958984375,0.10696392967587426,pooled_controls,bf16
L30_N4012,30,4012,ambiguity,amb_0011,0.1853773295879364,0.18452489376068115,-0.000852435827255249,0.9783462882041931,0.9785647988319397,1.0186338424682617,working,False,0.040283203125,0.10696392967587426,pooled_controls,bf16
L30_N4012,30,4012,ambiguity,amb_0012,0.2827058434486389,0.28260090947151184,-0.0001049339771270752,0.9530503153800964,0.953057587146759,1.0186338424682617,working,False,0.1259765625,0.10696392967587426,pooled_controls,bf16
L30_N4012,30,4012,ambiguity,amb_0013,2.846848487854004,2.8455517292022705,-0.0012967586517333984,0.23987779021263123,0.24003294110298157,1.0186338424682617,working,False,0.0634765625,0.10696392967587426,pooled_controls,bf16
L30_N4012,30,4012,ambiguity,amb_0014,1.7274397611618042,1.7237236499786377,-0.003716111183166504,0.6531180739402771,0.6540734171867371,1.0186338424682617,working,False,0.2451171875,0.10696392967587426,pooled_controls,bf16
L30_N4012,30,4012,ambiguity,amb_0015,2.646392345428467,2.6483449935913086,0.0019526481628417969,0.2669826149940491,0.266846239566803,1.0186338424682617,working,False,0.171875,0.10696392967587426,pooled_controls,bf16
L30_N4012,30,4012,ambiguity,amb_0016,2.1020545959472656,2.1268181800842285,0.02476358413696289,0.356288343667984,0.3684227168560028,1.0186338424682617,working,False,0.1513671875,0.10696392967587426,pooled_controls,bf16
L30_N4012,30,4012,ambiguity,amb_0017,2.545952796936035,2.547488212585449,0.0015354156494140625,0.3178497850894928,0.3175281882286072,1.0186338424682617,working,False,0.10400390625,0.10696392967587426,pooled_controls,bf16
L30_N4012,30,4012,ambiguity,amb_0018,2.6739742755889893,2.6751770973205566,0.0012028217315673828,0.5581860542297363,0.5575476884841919,1.0186338424682617,working,False,0.10546875,0.10696392967587426,pooled_controls,bf16
L30_N4012,30,4012,ambiguity,amb_0019,3.003119945526123,3.015071392059326,0.011951446533203125,0.26456767320632935,0.26062828302383423,1.0186338424682617,working,False,0.1962890625,0.10696392967587426,pooled_controls,bf16
L30_N4012,30,4012,ambiguity,amb_0020,3.019925832748413,3.0261154174804688,0.006189584732055664,0.2309427112340927,0.23313848674297333,1.0186338424682617,working,False,0.07421875,0.10696392967587426,pooled_controls,bf16
L30_N4012,30,4012,ambiguity,amb_0021,0.8744735717773438,0.8748367428779602,0.0003631711006164551,0.78462815284729,0.7845830321311951,1.0186338424682617,working,False,-0.0228271484375,0.10696392967587426,pooled_controls,bf16
L30_N4012,30,4012,ambiguity,amb_0022,1.4463167190551758,1.45132315158844,0.00500643253326416,0.6989033222198486,0.6977346539497375,1.0186338424682617,working,False,-0.021240234375,0.10696392967587426,pooled_controls,bf16
L30_N4012,30,4012,ambiguity,amb_0023,2.3588614463806152,2.3555397987365723,-0.0033216476440429688,0.3514297902584076,0.3525056540966034,1.0186338424682617,working,False,0.1962890625,0.10696392967587426,pooled_controls,bf16
L30_N4012,30,4012,ambiguity,amb_0024,2.423225164413452,2.421203374862671,-0.00202178955078125,0.163632333278656,0.1637543886899948,1.0186338424682617,working,False,0.037353515625,0.10696392967587426,pooled_controls,bf16
L30_N4012,30,4012,ambiguity,amb_0025,2.3594460487365723,2.359741687774658,0.0002956390380859375,0.38730406761169434,0.38727328181266785,1.0186338424682617,working,False,0.10791015625,0.10696392967587426,pooled_controls,bf16
L30_N4012,30,4012,ambiguity,amb_0026,3.7028703689575195,3.7044854164123535,0.0016150474548339844,0.3228043019771576,0.3219844102859497,1.0186338424682617,working,False,0.21484375,0.10696392967587426,pooled_controls,bf16
L30_N4012,30,4012,ambiguity,amb_0027,1.8813252449035645,1.8785381317138672,-0.0027871131896972656,0.6477286219596863,0.6481189131736755,1.0186338424682617,working,False,0.1787109375,0.10696392967587426,pooled_controls,bf16
L30_N4012,30,4012,ambiguity,amb_0028,2.591080665588379,2.5810651779174805,-0.010015487670898438,0.5235283970832825,0.5266322493553162,1.0186338424682617,working,False,0.0546875,0.10696392967587426,pooled_controls,bf16
L30_N4012,30,4012,ambiguity,amb_0029,2.0469510555267334,2.0463480949401855,-0.0006029605865478516,0.5000725388526917,0.5001278519630432,1.0186338424682617,working,False,0.1083984375,0.10696392967587426,pooled_controls,bf16
L30_N4012,30,4012,ambiguity,amb_0030,1.3423449993133545,1.3916821479797363,0.049337148666381836,0.5465922355651855,0.5153994560241699,1.0186338424682617,working,False,0.1435546875,0.10696392967587426,pooled_controls,bf16
L30_N4012,30,4012,ambiguity,amb_0031,2.5924174785614014,2.5487589836120605,-0.04365849494934082,0.2651655673980713,0.29016077518463135,1.0186338424682617,working,False,0.142578125,0.10696392967587426,pooled_controls,bf16
L30_N4012,30,4012,ambiguity,amb_0032,0.7734093070030212,0.7734375,2.8192996978759766e-05,0.7512880563735962,0.7512859106063843,1.0186338424682617,working,False,0.03173828125,0.10696392967587426,pooled_controls,bf16
L30_N4012,30,4012,ambiguity,amb_0033,0.3125807046890259,0.31271758675575256,0.00013688206672668457,0.9496376514434814,0.9496269226074219,1.0186338424682617,working,False,-0.06298828125,0.10696392967587426,pooled_controls,bf16
L30_N4012,30,4012,ambiguity,amb_0034,0.06319817155599594,0.060801900923252106,-0.0023962706327438354,0.9920816421508789,0.9925013780593872,1.0186338424682617,working,False,0.08251953125,0.10696392967587426,pooled_controls,bf16
L30_N4012,30,4012,ambiguity,amb_0035,3.2133400440216064,3.209563732147217,-0.0037763118743896484,0.14269918203353882,0.14334192872047424,1.0186338424682617,working,False,0.1357421875,0.10696392967587426,pooled_controls,bf16
L30_N4012,30,4012,ambiguity,amb_0036,0.27980995178222656,0.2854679226875305,0.005657970905303955,0.956149697303772,0.9549220204353333,1.0186338424682617,working,False,0.06201171875,0.10696392967587426,pooled_controls,bf16
L30_N4012,30,4012,ambiguity,amb_0037,2.2706377506256104,2.268033266067505,-0.0026044845581054688,0.2931281328201294,0.29339903593063354,1.0186338424682617,working,False,0.111328125,0.10696392967587426,pooled_controls,bf16
L30_N4012,30,4012,ambiguity,amb_0038,1.907806158065796,1.904517412185669,-0.003288745880126953,0.5503026843070984,0.5508465766906738,1.0186338424682617,working,False,0.1572265625,0.10696392967587426,pooled_controls,bf16
L30_N4012,30,4012,ambiguity,amb_0039,0.4548197090625763,0.4539754390716553,-0.0008442699909210205,0.8976051807403564,0.8977132439613342,1.0186338424682617,working,False,0.06591796875,0.10696392967587426,pooled_controls,bf16
L30_N4012,30,4012,ambiguity,amb_0040,2.049222946166992,2.0491647720336914,-5.817413330078125e-05,0.47096139192581177,0.470963716506958,1.0186338424682617,working,False,0.11181640625,0.10696392967587426,pooled_controls,bf16
L30_N4012,30,4012,ambiguity,amb_0041,0.4766418933868408,0.47450515627861023,-0.002136737108230591,0.9048458933830261,0.9052140712738037,1.0186338424682617,working,False,0.208984375,0.10696392967587426,pooled_controls,bf16
L30_N4012,30,4012,ambiguity,amb_0042,3.4453678131103516,3.457531452178955,0.012163639068603516,0.12374655902385712,0.12582668662071228,1.0186338424682617,working,False,0.1875,0.10696392967587426,pooled_controls,bf16
L30_N4012,30,4012,ambiguity,amb_0043,2.176589012145996,2.1819491386413574,0.005360126495361328,0.3841998279094696,0.3915984034538269,1.0186338424682617,working,False,0.1455078125,0.10696392967587426,pooled_controls,bf16
L30_N4012,30,4012,ambiguity,amb_0044,2.562283515930176,2.5653436183929443,0.0030601024627685547,0.3696751594543457,0.3694397509098053,1.0186338424682617,working,False,0.1982421875,0.10696392967587426,pooled_controls,bf16
L30_N4012,30,4012,ambiguity,amb_0045,2.8056182861328125,2.810926914215088,0.005308628082275391,0.22283335030078888,0.22207540273666382,1.0186338424682617,working,False,0.091796875,0.10696392967587426,pooled_controls,bf16
L30_N4012,30,4012,ambiguity,amb_0046,1.8792414665222168,1.8792295455932617,-1.1920928955078125e-05,0.43458327651023865,0.43458232283592224,1.0186338424682617,working,False,0.08642578125,0.10696392967587426,pooled_controls,bf16
L30_N4012,30,4012,ambiguity,amb_0047,3.5664448738098145,3.5626513957977295,-0.003793478012084961,0.1757456362247467,0.17651934921741486,1.0186338424682617,working,False,0.142578125,0.10696392967587426,pooled_controls,bf16
L30_N4012,30,4012,ambiguity,amb_0048,2.5035877227783203,2.5037403106689453,0.000152587890625,0.38110023736953735,0.3810701072216034,1.0186338424682617,working,False,0.1181640625,0.10696392967587426,pooled_controls,bf16
L30_N4012,30,4012,ambiguity,amb_0049,4.102269172668457,4.101340293884277,-0.0009288787841796875,0.16889438033103943,0.1691000610589981,1.0186338424682617,working,False,0.10595703125,0.10696392967587426,pooled_controls,bf16
L30_N4012,30,4012,ambiguity,amb_0050,0.5448554754257202,0.5455552339553833,0.0006997585296630859,0.9203320145606995,0.9202404022216797,1.0186338424682617,working,False,0.232421875,0.10696392967587426,pooled_controls,bf16
L30_N4012,30,4012,ambiguity,amb_0051,2.2842979431152344,2.2815773487091064,-0.0027205944061279297,0.3175898790359497,0.3178381323814392,1.0186338424682617,working,False,0.1904296875,0.10696392967587426,pooled_controls,bf16
L30_N4012,30,4012,ambiguity,amb_0052,2.544663667678833,2.54495906829834,0.00029540061950683594,0.3059062957763672,0.30589357018470764,1.0186338424682617,working,False,0.08251953125,0.10696392967587426,pooled_controls,bf16
L30_N4012,30,4012,ambiguity,amb_0053,0.26553624868392944,0.2652985751628876,-0.00023767352104187012,0.9484477639198303,0.9484761953353882,1.0186338424682617,working,False,0.11328125,0.10696392967587426,pooled_controls,bf16
L30_N4012,30,4012,ambiguity,amb_0054,3.3073582649230957,3.306572437286377,-0.00078582763671875,0.20128417015075684,0.20122557878494263,1.0186338424682617,working,False,0.1328125,0.10696392967587426,pooled_controls,bf16
L30_N4012,30,4012,ambiguity,amb_0055,2.3507449626922607,2.2856955528259277,-0.06504940986633301,0.3764025568962097,0.40591520071029663,1.0186338424682617,working,False,0.11767578125,0.10696392967587426,pooled_controls,bf16
L30_N4012,30,4012,ambiguity,amb_0056,2.9696860313415527,2.969996929168701,0.0003108978271484375,0.3324529230594635,0.32909390330314636,1.0186338424682617,working,False,0.1826171875,0.10696392967587426,pooled_controls,bf16
L30_N4012,30,4012,ambiguity,amb_0057,3.6951136589050293,3.692157745361328,-0.002955913543701172,0.2154395580291748,0.2145383656024933,1.0186338424682617,working,False,-0.216796875,0.10696392967587426,pooled_controls,bf16
L30_N4012,30,4012,ambiguity,amb_0058,0.6380835771560669,0.6486343145370483,0.010550737380981445,0.8878673315048218,0.8851408958435059,1.0186338424682617,working,False,0.2392578125,0.10696392967587426,pooled_controls,bf16
L30_N4012,30,4012,ambiguity,amb_0059,1.6167001724243164,1.6200180053710938,0.0033178329467773438,0.4122750759124756,0.4116998314857483,1.0186338424682617,working,False,0.2265625,0.10696392967587426,pooled_controls,bf16
L30_N4012,30,4012,ambiguity,amb_0060,2.2315759658813477,2.2311856746673584,-0.0003902912139892578,0.4630894958972931,0.46317967772483826,1.0186338424682617,working,False,0.181640625,0.10696392967587426,pooled_controls,bf16
L30_N4012,30,4012,ambiguity,amb_0061,2.1432714462280273,2.1571741104125977,0.013902664184570312,0.34881308674812317,0.34513846039772034,1.0186338424682617,working,False,0.2099609375,0.10696392967587426,pooled_controls,bf16
L30_N4012,30,4012,ambiguity,amb_0062,0.42451727390289307,0.42843276262283325,0.0039154887199401855,0.9445533156394958,0.9439818859100342,1.0186338424682617,working,False,-0.00543212890625,0.10696392967587426,pooled_controls,bf16
L30_N4012,30,4012,ambiguity,amb_0063,3.6907150745391846,3.691446304321289,0.0007312297821044922,0.31620991230010986,0.3164251148700714,1.0186338424682617,working,False,0.033203125,0.10696392967587426,pooled_controls,bf16
L30_N4012,30,4012,ambiguity,amb_0064,2.0356671810150146,2.071131467819214,0.03546428680419922,0.33568695187568665,0.34961313009262085,1.0186338424682617,working,False,0.12109375,0.10696392967587426,pooled_controls,bf16
L30_N4012,30,4012,ambiguity,amb_0065,0.09549930691719055,0.09498463571071625,-0.0005146712064743042,0.9887312054634094,0.9888005256652832,1.0186338424682617,working,False,0.177734375,0.10696392967587426,pooled_controls,bf16
L30_N4012,30,4012,ambiguity,amb_0066,2.0707223415374756,2.080042839050293,0.009320497512817383,0.32435888051986694,0.32174479961395264,1.0186338424682617,working,False,0.0498046875,0.10696392967587426,pooled_controls,bf16
L30_N4012,30,4012,ambiguity,amb_0067,3.4030425548553467,3.406527042388916,0.003484487533569336,0.2503643333911896,0.24989847838878632,1.0186338424682617,working,False,-0.01519775390625,0.10696392967587426,pooled_controls,bf16
L30_N4012,30,4012,ambiguity,amb_0068,0.27864107489585876,0.27878373861312866,0.00014266371726989746,0.9491060376167297,0.9490889310836792,1.0186338424682617,working,False,0.12255859375,0.10696392967587426,pooled_controls,bf16
L30_N4012,30,4012,ambiguity,amb_0069,3.569601058959961,3.5698585510253906,0.0002574920654296875,0.23654481768608093,0.2355884611606598,1.0186338424682617,working,False,0.09912109375,0.10696392967587426,pooled_controls,bf16
L30_N4012,30,4012,ambiguity,amb_0070,1.2353311777114868,1.2391490936279297,0.003817915916442871,0.7235127687454224,0.7229018211364746,1.0186338424682617,working,False,0.177734375,0.10696392967587426,pooled_controls,bf16
L30_N4012,30,4012,ambiguity,amb_0071,0.5878744125366211,0.5897843241691589,0.0019099116325378418,0.9036218523979187,0.9033390879631042,1.0186338424682617,working,False,-0.033935546875,0.10696392967587426,pooled_controls,bf16
L30_N4012,30,4012,ambiguity,amb_0072,1.4870750904083252,1.4965946674346924,0.009519577026367188,0.7113951444625854,0.7075228095054626,1.0186338424682617,working,False,0.15625,0.10696392967587426,pooled_controls,bf16
L30_N4012,30,4012,ambiguity,amb_0073,2.011209487915039,2.0195555686950684,0.008346080780029297,0.25993621349334717,0.25679340958595276,1.0186338424682617,working,False,0.11865234375,0.10696392967587426,pooled_controls,bf16
L30_N4012,30,4012,ambiguity,amb_0074,1.8976142406463623,1.8976935148239136,7.927417755126953e-05,0.5668606758117676,0.5668514966964722,1.0186338424682617,working,False,0.068359375,0.10696392967587426,pooled_controls,bf16
L30_N4012,30,4012,ambiguity,amb_0075,2.3578433990478516,2.3639543056488037,0.0061109066009521484,0.483648419380188,0.48257288336753845,1.0186338424682617,working,False,0.162109375,0.10696392967587426,pooled_controls,bf16
L30_N4012,30,4012,ambiguity,amb_0076,2.618499994277954,2.616976022720337,-0.0015239715576171875,0.2548840641975403,0.2549757659435272,1.0186338424682617,working,False,0.107421875,0.10696392967587426,pooled_controls,bf16
L30_N4012,30,4012,ambiguity,amb_0077,2.4425735473632812,2.4494800567626953,0.0069065093994140625,0.5396357774734497,0.537928581237793,1.0186338424682617,working,False,0.07275390625,0.10696392967587426,pooled_controls,bf16
L30_N4012,30,4012,ambiguity,amb_0078,1.1666830778121948,1.2537879943847656,0.0871049165725708,0.7637596130371094,0.7404404878616333,1.0186338424682617,working,False,0.115234375,0.10696392967587426,pooled_controls,bf16
L30_N4012,30,4012,ambiguity,amb_0079,2.033189535140991,2.0316882133483887,-0.001501321792602539,0.3496057987213135,0.3428182899951935,1.0186338424682617,working,False,0.080078125,0.10696392967587426,pooled_controls,bf16
L30_N4012,30,4012,ambiguity,amb_0080,2.0369515419006348,2.0395336151123047,0.002582073211669922,0.4895094633102417,0.4891566336154938,1.0186338424682617,working,False,0.2275390625,0.10696392967587426,pooled_controls,bf16
L30_N4012,30,4012,ambiguity,amb_0081,3.092586040496826,3.0908470153808594,-0.0017390251159667969,0.5298091173171997,0.5305080413818359,1.0186338424682617,working,False,0.006866455078125,0.10696392967587426,pooled_controls,bf16
L30_N4012,30,4012,ambiguity,amb_0082,1.6431922912597656,1.6482348442077637,0.005042552947998047,0.7570251226425171,0.7564700245857239,1.0186338424682617,working,False,-0.173828125,0.10696392967587426,pooled_controls,bf16
L30_N4012,30,4012,ambiguity,amb_0083,5.554958343505859,5.55284309387207,-0.0021152496337890625,0.07461758702993393,0.0745343416929245,1.0186338424682617,working,False,0.08203125,0.10696392967587426,pooled_controls,bf16
L30_N4012,30,4012,ambiguity,amb_0084,2.906287670135498,2.9013421535491943,-0.004945516586303711,0.4053276777267456,0.40633073449134827,1.0186338424682617,held_out,False,0.09375,0.10696392967587426,pooled_controls,bf16
L30_N4012,30,4012,ambiguity,amb_0085,3.2369580268859863,3.237598419189453,0.0006403923034667969,0.4754219353199005,0.47643211483955383,1.0186338424682617,held_out,False,-0.047607421875,0.10696392967587426,pooled_controls,bf16
L30_N4012,30,4012,ambiguity,amb_0086,3.4680352210998535,3.468909740447998,0.0008745193481445312,0.16339129209518433,0.163375124335289,1.0186338424682617,held_out,False,0.06689453125,0.10696392967587426,pooled_controls,bf16
L30_N4012,30,4012,ambiguity,amb_0087,0.21132242679595947,0.2129480391740799,0.0016256123781204224,0.9734991192817688,0.9732055068016052,1.0186338424682617,held_out,False,0.15625,0.10696392967587426,pooled_controls,bf16
L30_N4012,30,4012,ambiguity,amb_0088,3.366471767425537,3.368877410888672,0.0024056434631347656,0.26610100269317627,0.26597359776496887,1.0186338424682617,held_out,False,0.150390625,0.10696392967587426,pooled_controls,bf16
L30_N4012,30,4012,ambiguity,amb_0089,3.781087636947632,3.7800862789154053,-0.0010013580322265625,0.3369584083557129,0.3348146975040436,1.0186338424682617,held_out,False,0.0888671875,0.10696392967587426,pooled_controls,bf16
L30_N4012,30,4012,ambiguity,amb_0090,0.8448827266693115,0.8453463315963745,0.0004636049270629883,0.7932525873184204,0.7932005524635315,1.0186338424682617,held_out,False,0.00188446044921875,0.10696392967587426,pooled_controls,bf16
L30_N4012,30,4012,ambiguity,amb_0091,1.8923972845077515,1.8854016065597534,-0.006995677947998047,0.5461603403091431,0.5473230481147766,1.0186338424682617,held_out,False,0.20703125,0.10696392967587426,pooled_controls,bf16
L30_N4012,30,4012,ambiguity,amb_0092,1.6362665891647339,1.6264064311981201,-0.00986015796661377,0.7017658948898315,0.7048103213310242,1.0186338424682617,held_out,False,0.072265625,0.10696392967587426,pooled_controls,bf16
L30_N4012,30,4012,ambiguity,amb_0093,0.8634747862815857,0.8704774379730225,0.007002651691436768,0.8298888802528381,0.8284496068954468,1.0186338424682617,held_out,False,0.1767578125,0.10696392967587426,pooled_controls,bf16
L30_N4012,30,4012,ambiguity,amb_0094,1.7390378713607788,1.7315943241119385,-0.007443547248840332,0.4728764593601227,0.4748120605945587,1.0186338424682617,held_out,False,0.1962890625,0.10696392967587426,pooled_controls,bf16
L30_N4012,30,4012,ambiguity,amb_0095,0.821681022644043,0.8215633034706116,-0.00011771917343139648,0.8072279691696167,0.8072498440742493,1.0186338424682617,held_out,False,0.2021484375,0.10696392967587426,pooled_controls,bf16
L30_N4012,30,4012,ambiguity,amb_0096,2.501300573348999,2.5009543895721436,-0.00034618377685546875,0.2968878149986267,0.2969031035900116,1.0186338424682617,held_out,False,0.1572265625,0.10696392967587426,pooled_controls,bf16
L30_N4012,30,4012,ambiguity,amb_0097,2.996896743774414,2.928725481033325,-0.06817126274108887,0.2316855490207672,0.24801895022392273,1.0186338424682617,held_out,False,0.248046875,0.10696392967587426,pooled_controls,bf16
L30_N4012,30,4012,ambiguity,amb_0098,2.3167881965637207,2.317218542098999,0.0004303455352783203,0.26292508840560913,0.2630000710487366,1.0186338424682617,held_out,False,0.193359375,0.10696392967587426,pooled_controls,bf16
L30_N4012,30,4012,ambiguity,amb_0099,2.436516284942627,2.434643268585205,-0.001873016357421875,0.35596418380737305,0.35730040073394775,1.0186338424682617,held_out,False,0.08642578125,0.10696392967587426,pooled_controls,bf16
L30_N4012,30,4012,ambiguity,amb_0100,1.7052080631256104,1.6240031719207764,-0.08120489120483398,0.5621854066848755,0.5927468538284302,1.0186338424682617,held_out,False,0.068359375,0.10696392967587426,pooled_controls,bf16
L30_N4012,30,4012,ambiguity,amb_0101,2.0023765563964844,2.0065057277679443,0.004129171371459961,0.4655653238296509,0.46334072947502136,1.0186338424682617,held_out,False,0.162109375,0.10696392967587426,pooled_controls,bf16
L30_N4012,30,4012,ambiguity,amb_0102,2.005124568939209,2.0036797523498535,-0.0014448165893554688,0.29406610131263733,0.2941506505012512,1.0186338424682617,held_out,False,0.18359375,0.10696392967587426,pooled_controls,bf16
L30_N4012,30,4012,ambiguity,amb_0103,4.778031349182129,4.78351354598999,0.005482196807861328,0.10608897358179092,0.10676813125610352,1.0186338424682617,held_out,False,0.05908203125,0.10696392967587426,pooled_controls,bf16
L30_N4012,30,4012,ambiguity,amb_0104,1.1206187009811401,1.1295764446258545,0.008957743644714355,0.7675607800483704,0.7642205357551575,1.0186338424682617,held_out,False,0.22265625,0.10696392967587426,pooled_controls,bf16
L30_N4012,30,4012,ambiguity,amb_0105,2.1002590656280518,2.095534563064575,-0.0047245025634765625,0.5084797739982605,0.5207134485244751,1.0186338424682617,held_out,False,0.1259765625,0.10696392967587426,pooled_controls,bf16
L30_N4012,30,4012,ambiguity,amb_0106,0.5232242941856384,0.5284135937690735,0.005189299583435059,0.9280524849891663,0.9270058870315552,1.0186338424682617,held_out,False,0.19921875,0.10696392967587426,pooled_controls,bf16
L30_N4012,30,4012,ambiguity,amb_0107,2.999772548675537,2.9993228912353516,-0.0004496574401855469,0.1862751543521881,0.18580518662929535,1.0186338424682617,held_out,False,0.19140625,0.10696392967587426,pooled_controls,bf16
L30_N4012,30,4012,ambiguity,amb_0108,2.6803855895996094,2.657743215560913,-0.02264237403869629,0.1892421841621399,0.1819058060646057,1.0186338424682617,held_out,False,0.1767578125,0.10696392967587426,pooled_controls,bf16
L30_N4012,30,4012,ambiguity,amb_0109,0.34986984729766846,0.34988510608673096,1.52587890625e-05,0.9464108347892761,0.9464097619056702,1.0186338424682617,held_out,False,0.04541015625,0.10696392967587426,pooled_controls,bf16
L30_N4012,30,4012,ambiguity,amb_0110,1.9645905494689941,1.9696567058563232,0.0050661563873291016,0.4899759590625763,0.48801347613334656,1.0186338424682617,held_out,False,0.189453125,0.10696392967587426,pooled_controls,bf16
L30_N4012,30,4012,ambiguity,amb_0111,3.8684067726135254,3.8734145164489746,0.005007743835449219,0.20527321100234985,0.20599667727947235,1.0186338424682617,held_out,False,0.11865234375,0.10696392967587426,pooled_controls,bf16
L30_N4012,30,4012,ambiguity,amb_0112,2.176384449005127,2.175265073776245,-0.001119375228881836,0.3407977223396301,0.3408908247947693,1.0186338424682617,held_out,False,0.13671875,0.10696392967587426,pooled_controls,bf16
L30_N4012,30,4012,ambiguity,amb_0113,0.9256861805915833,0.9259984493255615,0.0003122687339782715,0.8043229579925537,0.8042736649513245,1.0186338424682617,held_out,False,0.1826171875,0.10696392967587426,pooled_controls,bf16
L30_N4012,30,4012,ambiguity,amb_0114,0.7204865217208862,0.7764509916305542,0.05596446990966797,0.8451882004737854,0.8287069797515869,1.0186338424682617,held_out,False,0.1572265625,0.10696392967587426,pooled_controls,bf16
L30_N4012,30,4012,ambiguity,amb_0115,2.9680774211883545,2.9709300994873047,0.0028526782989501953,0.34782540798187256,0.34690743684768677,1.0186338424682617,held_out,False,0.265625,0.10696392967587426,pooled_controls,bf16
L30_N4012,30,4012,ambiguity,amb_0116,1.9323124885559082,1.9272570610046387,-0.005055427551269531,0.5209304094314575,0.5224778652191162,1.0186338424682617,held_out,False,0.0693359375,0.10696392967587426,pooled_controls,bf16
L30_N4012,30,4012,ambiguity,amb_0117,0.41895708441734314,0.416506290435791,-0.002450793981552124,0.9367285370826721,0.9374183416366577,1.0186338424682617,held_out,False,-0.09033203125,0.10696392967587426,pooled_controls,bf16
L30_N4012,30,4012,ambiguity,amb_0118,2.198213577270508,2.1914515495300293,-0.006762027740478516,0.43398311734199524,0.4371844232082367,1.0186338424682617,held_out,False,0.1904296875,0.10696392967587426,pooled_controls,bf16
L30_N4012,30,4012,ambiguity,amb_0119,2.812081813812256,2.8133456707000732,0.0012638568878173828,0.23698896169662476,0.2367011159658432,1.0186338424682617,held_out,False,0.19140625,0.10696392967587426,pooled_controls,bf16
L30_N4012,30,4012,ambiguity,amb_ctrl_0000,0.7766406536102295,0.7744443416595459,-0.0021963119506835938,0.8515368700027466,0.8517945408821106,1.0186338424682617,working,True,0.07373046875,0.10696392967587426,pooled_controls,bf16
L30_N4012,30,4012,ambiguity,amb_ctrl_0001,0.09729471802711487,0.0972406268119812,-5.409121513366699e-05,0.9864110350608826,0.986416220664978,1.0186338424682617,working,True,0.2060546875,0.10696392967587426,pooled_controls,bf16
L30_N4012,30,4012,ambiguity,amb_ctrl_0002,1.1501094102859497,1.1272295713424683,-0.022879838943481445,0.5672774314880371,0.5949610471725464,1.0186338424682617,working,True,0.078125,0.10696392967587426,pooled_controls,bf16
L30_N4012,30,4012,ambiguity,amb_ctrl_0003,2.734994411468506,2.740020751953125,0.005026340484619141,0.21374362707138062,0.21143102645874023,1.0186338424682617,working,True,0.17578125,0.10696392967587426,pooled_controls,bf16
L30_N4012,30,4012,ambiguity,amb_ctrl_0004,1.2866910696029663,1.2906625270843506,0.003971457481384277,0.5674577355384827,0.5668292045593262,1.0186338424682617,working,True,0.1552734375,0.10696392967587426,pooled_controls,bf16
L30_N4012,30,4012,ambiguity,amb_ctrl_0005,2.6738407611846924,2.734224319458008,0.06038355827331543,0.4896385371685028,0.4740258455276489,1.0186338424682617,working,True,0.01446533203125,0.10696392967587426,pooled_controls,bf16
L30_N4012,30,4012,ambiguity,amb_ctrl_0006,0.201217919588089,0.2017064243555069,0.0004885047674179077,0.9678196907043457,0.9677638411521912,1.0186338424682617,working,True,0.01611328125,0.10696392967587426,pooled_controls,bf16
L30_N4012,30,4012,ambiguity,amb_ctrl_0007,0.2947760224342346,0.2948879301548004,0.0001119077205657959,0.949904203414917,0.9498943090438843,1.0186338424682617,working,True,0.189453125,0.10696392967587426,pooled_controls,bf16
L30_N4012,30,4012,ambiguity,amb_ctrl_0008,1.9313079118728638,1.9376338720321655,0.006325960159301758,0.36000311374664307,0.35884204506874084,1.0186338424682617,working,True,-0.033935546875,0.10696392967587426,pooled_controls,bf16
L30_N4012,30,4012,ambiguity,amb_ctrl_0009,0.604310154914856,0.6067115664482117,0.002401411533355713,0.8772097826004028,0.876835286617279,1.0186338424682617,working,True,0.00762939453125,0.10696392967587426,pooled_controls,bf16
L30_N4012,30,4012,ambiguity,amb_ctrl_0010,0.12707942724227905,0.12705563008785248,-2.3797154426574707e-05,0.9798086285591125,0.9798110127449036,1.0186338424682617,working,True,0.13671875,0.10696392967587426,pooled_controls,bf16
L30_N4012,30,4012,ambiguity,amb_ctrl_0011,4.238875389099121,4.240051746368408,0.0011763572692871094,0.10977223515510559,0.10982980579137802,1.0186338424682617,working,True,0.01434326171875,0.10696392967587426,pooled_controls,bf16
L30_N4012,30,4012,ambiguity,amb_ctrl_0012,2.522399425506592,2.5462474822998047,0.02384805679321289,0.2560243010520935,0.2640860676765442,1.0186338424682617,working,True,0.21875,0.10696392967587426,pooled_controls,bf16
L30_N4012,30,4012,ambiguity,amb_ctrl_0013,5.372662544250488,5.380560874938965,0.007898330688476562,0.10198619961738586,0.10245747864246368,1.0186338424682617,working,True,0.15234375,0.10696392967587426,pooled_controls,bf16
L30_N4012,30,4012,ambiguity,amb_ctrl_0014,0.5423544645309448,0.5423711538314819,1.6689300537109375e-05,0.9037502408027649,0.9037488698959351,1.0186338424682617,working,True,0.02197265625,0.10696392967587426,pooled_controls,bf16
L30_N4012,30,4012,ambiguity,amb_ctrl_0015,4.3377366065979,4.334899425506592,-0.0028371810913085938,0.2934378981590271,0.2910751402378082,1.0186338424682617,working,True,0.103515625,0.10696392967587426,pooled_controls,bf16
L30_N4012,30,4012,ambiguity,amb_ctrl_0016,2.8179564476013184,2.819143295288086,0.0011868476867675781,0.24184849858283997,0.23980337381362915,1.0186338424682617,working,True,0.07177734375,0.10696392967587426,pooled_controls,bf16
L30_N4012,30,4012,ambiguity,amb_ctrl_0017,1.3171398639678955,1.3135886192321777,-0.0035512447357177734,0.773847758769989,0.7747000455856323,1.0186338424682617,working,True,0.1923828125,0.10696392967587426,pooled_controls,bf16
L30_N4012,30,4012,ambiguity,amb_ctrl_0018,2.9222288131713867,2.9205946922302246,-0.0016341209411621094,0.24335934221744537,0.24349258840084076,1.0186338424682617,working,True,0.0859375,0.10696392967587426,pooled_controls,bf16
L30_N4012,30,4012,ambiguity,amb_ctrl_0019,5.361654281616211,5.368736267089844,0.0070819854736328125,0.09632216393947601,0.08999138325452805,1.0186338424682617,working,True,-0.150390625,0.10696392967587426,pooled_controls,bf16
L30_N4012,30,4012,ambiguity,amb_ctrl_0020,4.601905822753906,4.649369716644287,0.04746389389038086,0.2898511588573456,0.2776193618774414,1.0186338424682617,working,True,-0.043212890625,0.10696392967587426,pooled_controls,bf16
L30_N4012,30,4012,ambiguity,amb_ctrl_0021,2.9766604900360107,2.9748873710632324,-0.0017731189727783203,0.27002450823783875,0.27026575803756714,1.0186338424682617,working,True,0.10302734375,0.10696392967587426,pooled_controls,bf16
L30_N4012,30,4012,ambiguity,amb_ctrl_0022,2.5405263900756836,2.5383849143981934,-0.0021414756774902344,0.5305885672569275,0.5308828949928284,1.0186338424682617,working,True,0.19140625,0.10696392967587426,pooled_controls,bf16
L30_N4012,30,4012,ambiguity,amb_ctrl_0023,2.682981014251709,2.684201717376709,0.001220703125,0.25725501775741577,0.2571357488632202,1.0186338424682617,working,True,0.19140625,0.10696392967587426,pooled_controls,bf16
L30_N4012,30,4012,ambiguity,amb_ctrl_0024,2.4536571502685547,2.4541826248168945,0.0005254745483398438,0.5255476832389832,0.5242673754692078,1.0186338424682617,working,True,0.09912109375,0.10696392967587426,pooled_controls,bf16
L30_N4012,30,4012,ambiguity,amb_ctrl_0025,1.1939071416854858,1.2026258707046509,0.008718729019165039,0.7682332992553711,0.7587325572967529,1.0186338424682617,working,True,0.1884765625,0.10696392967587426,pooled_controls,bf16
L30_N4012,30,4012,ambiguity,amb_ctrl_0026,0.9327545166015625,0.9181398749351501,-0.014614641666412354,0.7439746260643005,0.7500512599945068,1.0186338424682617,working,True,0.2060546875,0.10696392967587426,pooled_controls,bf16
L30_N4012,30,4012,ambiguity,amb_ctrl_0027,1.6260687112808228,1.6260945796966553,2.586841583251953e-05,0.53364098072052,0.5336393117904663,1.0186338424682617,working,True,0.203125,0.10696392967587426,pooled_controls,bf16
L30_N4012,30,4012,ambiguity,amb_ctrl_0028,1.9965972900390625,1.9969810247421265,0.00038373470306396484,0.6128343939781189,0.6085013151168823,1.0186338424682617,working,True,0.1923828125,0.10696392967587426,pooled_controls,bf16
L30_N4012,30,4012,ambiguity,amb_ctrl_0029,1.5382331609725952,1.5400017499923706,0.0017685890197753906,0.38559937477111816,0.38548776507377625,1.0186338424682617,working,True,0.09130859375,0.10696392967587426,pooled_controls,bf16
L30_N4012,30,4012,ambiguity,amb_ctrl_0030,1.825148344039917,1.8995895385742188,0.07444119453430176,0.5318348407745361,0.5011745691299438,1.0186338424682617,working,True,0.2119140625,0.10696392967587426,pooled_controls,bf16
L30_N4012,30,4012,ambiguity,amb_ctrl_0031,3.056546926498413,3.0555267333984375,-0.001020193099975586,0.17859788239002228,0.18023569881916046,1.0186338424682617,working,True,0.07421875,0.10696392967587426,pooled_controls,bf16
L30_N4012,30,4012,ambiguity,amb_ctrl_0032,2.7289576530456543,2.7086081504821777,-0.020349502563476562,0.24979281425476074,0.2473277747631073,1.0186338424682617,working,True,0.08251953125,0.10696392967587426,pooled_controls,bf16
L30_N4012,30,4012,ambiguity,amb_ctrl_0033,0.5639548897743225,0.5151568055152893,-0.0487980842590332,0.8955055475234985,0.9066035747528076,1.0186338424682617,working,True,0.12060546875,0.10696392967587426,pooled_controls,bf16
L30_N4012,30,4012,ambiguity,amb_ctrl_0034,0.46364283561706543,0.4638400077819824,0.0001971721649169922,0.9274066090583801,0.9273845553398132,1.0186338424682617,working,True,0.043212890625,0.10696392967587426,pooled_controls,bf16
L30_N4012,30,4012,ambiguity,amb_ctrl_0035,4.913356781005859,4.911778450012207,-0.0015783309936523438,0.07138054817914963,0.07144471257925034,1.0186338424682617,working,True,0.09521484375,0.10696392967587426,pooled_controls,bf16
L30_N4012,30,4012,ambiguity,amb_ctrl_0036,2.8000435829162598,2.7998509407043457,-0.0001926422119140625,0.42631012201309204,0.4265511631965637,1.0186338424682617,working,True,0.1826171875,0.10696392967587426,pooled_controls,bf16
L30_N4012,30,4012,ambiguity,amb_ctrl_0037,2.7010412216186523,2.7085509300231934,0.007509708404541016,0.38632428646087646,0.3824087083339691,1.0186338424682617,working,True,0.12158203125,0.10696392967587426,pooled_controls,bf16
L30_N4012,30,4012,ambiguity,amb_ctrl_0038,3.2420296669006348,3.2518978118896484,0.009868144989013672,0.1702917218208313,0.17326568067073822,1.0186338424682617,working,True,0.1357421875,0.10696392967587426,pooled_controls,bf16
L30_N4012,30,4012,ambiguity,amb_ctrl_0039,0.3799930214881897,0.3824724555015564,0.0024794340133666992,0.9415091276168823,0.9411314725875854,1.0186338424682617,working,True,0.08837890625,0.10696392967587426,pooled_controls,bf16
L30_N4012,30,4012,ambiguity,amb_ctrl_0040,2.988630533218384,2.9868855476379395,-0.001744985580444336,0.30050066113471985,0.30139121413230896,1.0186338424682617,working,True,0.2314453125,0.10696392967587426,pooled_controls,bf16
L30_N4012,30,4012,ambiguity,amb_ctrl_0041,1.9082388877868652,1.9081528186798096,-8.606910705566406e-05,0.5990794897079468,0.5967656373977661,1.0186338424682617,working,True,0.17578125,0.10696392967587426,pooled_controls,bf16
L30_N4012,30,4012,ambiguity,amb_ctrl_0042,3.304969549179077,3.3572616577148438,0.0522921085357666,0.3426487445831299,0.3292914628982544,1.0186338424682617,working,True,-0.09912109375,0.10696392967587426,pooled_controls,bf16
L30_N4012,30,4012,ambiguity,amb_ctrl_0043,0.3423001766204834,0.3425784707069397,0.00027829408645629883,0.9096891283988953,0.9096576571464539,1.0186338424682617,working,True,0.21484375,0.10696392967587426,pooled_controls,bf16
L30_N4012,30,4012,ambiguity,amb_ctrl_0044,5.378116607666016,5.37528657913208,-0.002830028533935547,0.1182311624288559,0.11873895674943924,1.0186338424682617,working,True,-0.03125,0.10696392967587426,pooled_controls,bf16
L30_N4012,30,4012,ambiguity,amb_ctrl_0045,2.304725170135498,2.311645984649658,0.006920814514160156,0.26542025804519653,0.2643854320049286,1.0186338424682617,working,True,0.01458740234375,0.10696392967587426,pooled_controls,bf16
L30_N4012,30,4012,ambiguity,amb_ctrl_0046,3.76407527923584,3.7528910636901855,-0.011184215545654297,0.13274690508842468,0.13141389191150665,1.0186338424682617,working,True,0.1416015625,0.10696392967587426,pooled_controls,bf16
L30_N4012,30,4012,ambiguity,amb_ctrl_0047,3.065524101257324,3.0701961517333984,0.004672050476074219,0.3836395740509033,0.38455918431282043,1.0186338424682617,working,True,0.11962890625,0.10696392967587426,pooled_controls,bf16
L30_N4012,30,4012,ambiguity,amb_ctrl_0048,5.083179473876953,5.081965446472168,-0.0012140274047851562,0.18745993077754974,0.18746237456798553,1.0186338424682617,working,True,0.158203125,0.10696392967587426,pooled_controls,bf16
L30_N4012,30,4012,ambiguity,amb_ctrl_0049,1.2665965557098389,1.2662607431411743,-0.0003358125686645508,0.7476392984390259,0.7476751804351807,1.0186338424682617,working,True,0.0224609375,0.10696392967587426,pooled_controls,bf16
L30_N4012,30,4012,ambiguity,amb_ctrl_0050,3.729827642440796,3.716949939727783,-0.012877702713012695,0.26900753378868103,0.26748889684677124,1.0186338424682617,working,True,0.04541015625,0.10696392967587426,pooled_controls,bf16
L30_N4012,30,4012,ambiguity,amb_ctrl_0051,2.2200121879577637,2.220099925994873,8.7738037109375e-05,0.5213475823402405,0.5266216993331909,1.0186338424682617,working,True,-0.1552734375,0.10696392967587426,pooled_controls,bf16
L30_N4012,30,4012,ambiguity,amb_ctrl_0052,3.310584545135498,3.307945728302002,-0.0026388168334960938,0.14980924129486084,0.14880341291427612,1.0186338424682617,working,True,0.302734375,0.10696392967587426,pooled_controls,bf16
L30_N4012,30,4012,ambiguity,amb_ctrl_0053,2.4620916843414307,2.451547622680664,-0.010544061660766602,0.3166545331478119,0.312217652797699,1.0186338424682617,working,True,-0.054931640625,0.10696392967587426,pooled_controls,bf16
L30_N4012,30,4012,ambiguity,amb_ctrl_0054,4.114995956420898,4.110864162445068,-0.004131793975830078,0.2303536981344223,0.23070128262043,1.0186338424682617,working,True,0.0908203125,0.10696392967587426,pooled_controls,bf16
L30_N4012,30,4012,ambiguity,amb_ctrl_0055,2.642899990081787,2.6415038108825684,-0.00139617919921875,0.32313698530197144,0.3257051110267639,1.0186338424682617,working,True,0.048583984375,0.10696392967587426,pooled_controls,bf16
L30_N4012,30,4012,ambiguity,amb_ctrl_0056,4.992990493774414,4.992990493774414,0.0,0.13981656730175018,0.13981656730175018,1.0186338424682617,working,True,0.10693359375,0.10696392967587426,pooled_controls,bf16
L30_N4012,30,4012,ambiguity,amb_ctrl_0057,0.72358238697052,0.7235087752342224,-7.361173629760742e-05,0.6951943039894104,0.6952033042907715,1.0186338424682617,working,True,0.1279296875,0.10696392967587426,pooled_controls,bf16
L30_N4012,30,4012,ambiguity,amb_ctrl_0058,3.0716848373413086,3.0694332122802734,-0.0022516250610351562,0.17631740868091583,0.1764504611492157,1.0186338424682617,working,True,0.119140625,0.10696392967587426,pooled_controls,bf16
L30_N4012,30,4012,ambiguity,amb_ctrl_0059,2.4294238090515137,2.4297266006469727,0.0003027915954589844,0.5226604342460632,0.5149948596954346,1.0186338424682617,working,True,0.04931640625,0.10696392967587426,pooled_controls,bf16
L30_N4012,30,4012,ambiguity,amb_ctrl_0060,1.0038834810256958,1.0085580348968506,0.004674553871154785,0.8310943841934204,0.8300948143005371,1.0186338424682617,working,True,0.0478515625,0.10696392967587426,pooled_controls,bf16
L30_N4012,30,4012,ambiguity,amb_ctrl_0061,3.0814852714538574,3.0838019847869873,0.002316713333129883,0.42257410287857056,0.4207955300807953,1.0186338424682617,working,True,0.0947265625,0.10696392967587426,pooled_controls,bf16
L30_N4012,30,4012,ambiguity,amb_ctrl_0062,6.099908351898193,6.1007280349731445,0.0008196830749511719,0.0454409196972847,0.04540090262889862,1.0186338424682617,working,True,0.296875,0.10696392967587426,pooled_controls,bf16
L30_N4012,30,4012,ambiguity,amb_ctrl_0063,3.982426166534424,3.9773502349853516,-0.005075931549072266,0.19488677382469177,0.19332781434059143,1.0186338424682617,working,True,-0.01434326171875,0.10696392967587426,pooled_controls,bf16
L30_N4012,30,4012,ambiguity,amb_ctrl_0064,1.2800276279449463,1.2806975841522217,0.0006699562072753906,0.7049450278282166,0.7048797011375427,1.0186338424682617,working,True,0.162109375,0.10696392967587426,pooled_controls,bf16
L30_N4012,30,4012,ambiguity,amb_ctrl_0065,1.728804349899292,1.7165731191635132,-0.012231230735778809,0.5687795877456665,0.5733817219734192,1.0186338424682617,working,True,0.154296875,0.10696392967587426,pooled_controls,bf16
L30_N4012,30,4012,ambiguity,amb_ctrl_0066,2.0725255012512207,2.0728726387023926,0.000347137451171875,0.38031232357025146,0.38035446405410767,1.0186338424682617,working,True,0.177734375,0.10696392967587426,pooled_controls,bf16
L30_N4012,30,4012,ambiguity,amb_ctrl_0067,3.082766532897949,3.0999128818511963,0.01714634895324707,0.21626727283000946,0.20605294406414032,1.0186338424682617,working,True,0.1845703125,0.10696392967587426,pooled_controls,bf16
L30_N4012,30,4012,ambiguity,amb_ctrl_0068,2.5241587162017822,2.527076482772827,0.002917766571044922,0.29160362482070923,0.29129189252853394,1.0186338424682617,working,True,0.1630859375,0.10696392967587426,pooled_controls,bf16
L30_N4012,30,4012,ambiguity,amb_ctrl_0069,1.3749003410339355,1.3993916511535645,0.024491310119628906,0.7211427688598633,0.7136610746383667,1.0186338424682617,working,True,0.1474609375,0.10696392967587426,pooled_controls,bf16
L30_N4012,30,4012,ambiguity,amb_ctrl_0070,1.204169511795044,1.2020151615142822,-0.0021543502807617188,0.7618666887283325,0.7636802196502686,1.0186338424682617,working,True,0.248046875,0.10696392967587426,pooled_controls,bf16
L30_N4012,30,4012,ambiguity,amb_ctrl_0071,2.7363505363464355,2.732933282852173,-0.0034172534942626953,0.2670269310474396,0.267670601606369,1.0186338424682617,working,True,0.2333984375,0.10696392967587426,pooled_controls,bf16
L30_N4012,30,4012,ambiguity,amb_ctrl_0072,0.3991299271583557,0.4002910852432251,0.0011611580848693848,0.9259452819824219,0.9257107973098755,1.0186338424682617,working,True,0.035400390625,0.10696392967587426,pooled_controls,bf16
L30_N4012,30,4012,ambiguity,amb_ctrl_0073,2.7911183834075928,2.7935738563537598,0.002455472946166992,0.31099262833595276,0.31211036443710327,1.0186338424682617,working,True,0.04736328125,0.10696392967587426,pooled_controls,bf16
L30_N4012,30,4012,ambiguity,amb_ctrl_0074,2.8901166915893555,2.885545015335083,-0.004571676254272461,0.2257860153913498,0.22626596689224243,1.0186338424682617,working,True,0.1806640625,0.10696392967587426,pooled_controls,bf16
L30_N4012,30,4012,ambiguity,amb_ctrl_0075,2.611227512359619,2.6186604499816895,0.0074329376220703125,0.5451282262802124,0.5438879728317261,1.0186338424682617,working,True,0.0245361328125,0.10696392967587426,pooled_controls,bf16
L30_N4012,30,4012,ambiguity,amb_ctrl_0076,3.449631690979004,3.4494144916534424,-0.00021719932556152344,0.2657425105571747,0.2642827033996582,1.0186338424682617,working,True,0.154296875,0.10696392967587426,pooled_controls,bf16
L30_N4012,30,4012,ambiguity,amb_ctrl_0077,1.4236340522766113,1.4942479133605957,0.07061386108398438,0.6163606643676758,0.5865395069122314,1.0186338424682617,working,True,0.1875,0.10696392967587426,pooled_controls,bf16
L30_N4012,30,4012,ambiguity,amb_ctrl_0078,2.2226996421813965,2.2242212295532227,0.0015215873718261719,0.41798335313796997,0.4177199900150299,1.0186338424682617,working,True,0.263671875,0.10696392967587426,pooled_controls,bf16
L30_N4012,30,4012,ambiguity,amb_ctrl_0079,2.553337574005127,2.551999092102051,-0.0013384819030761719,0.43941590189933777,0.44425123929977417,1.0186338424682617,working,True,0.2734375,0.10696392967587426,pooled_controls,bf16
L30_N4012,30,4012,ambiguity,amb_ctrl_0080,2.430419445037842,2.4291648864746094,-0.0012545585632324219,0.27730607986450195,0.27737897634506226,1.0186338424682617,working,True,-0.010986328125,0.10696392967587426,pooled_controls,bf16
L30_N4012,30,4012,ambiguity,amb_ctrl_0081,1.4725465774536133,1.4635436534881592,-0.009002923965454102,0.5391753315925598,0.5191372632980347,1.0186338424682617,working,True,0.047607421875,0.10696392967587426,pooled_controls,bf16
L30_N4012,30,4012,ambiguity,amb_ctrl_0082,2.0238261222839355,2.0241448879241943,0.00031876564025878906,0.4524519741535187,0.4524329900741577,1.0186338424682617,working,True,0.142578125,0.10696392967587426,pooled_controls,bf16
L30_N4012,30,4012,ambiguity,amb_ctrl_0083,1.331174373626709,1.368585467338562,0.03741109371185303,0.5272114872932434,0.49728822708129883,1.0186338424682617,working,True,-0.11669921875,0.10696392967587426,pooled_controls,bf16
L30_N4012,30,4012,ambiguity,amb_ctrl_0084,3.23014760017395,3.2311716079711914,0.001024007797241211,0.43897515535354614,0.4385908544063568,1.0186338424682617,held_out,True,0.087890625,0.10696392967587426,pooled_controls,bf16
L30_N4012,30,4012,ambiguity,amb_ctrl_0085,2.178281784057617,2.1705214977264404,-0.007760286331176758,0.3071621358394623,0.3081039786338806,1.0186338424682617,held_out,True,0.392578125,0.10696392967587426,pooled_controls,bf16
L30_N4012,30,4012,ambiguity,amb_ctrl_0086,1.1892834901809692,1.190016508102417,0.0007330179214477539,0.6098666191101074,0.6098197102546692,1.0186338424682617,held_out,True,-0.08984375,0.10696392967587426,pooled_controls,bf16
L30_N4012,30,4012,ambiguity,amb_ctrl_0087,4.720757007598877,4.720841407775879,8.440017700195312e-05,0.18051175773143768,0.1795770823955536,1.0186338424682617,held_out,True,-0.00860595703125,0.10696392967587426,pooled_controls,bf16
L30_N4012,30,4012,ambiguity,amb_ctrl_0088,1.8164480924606323,1.8153648376464844,-0.0010832548141479492,0.3447813093662262,0.3450026214122772,1.0186338424682617,held_out,True,-0.0294189453125,0.10696392967587426,pooled_controls,bf16
L30_N4012,30,4012,ambiguity,amb_ctrl_0089,0.8166414499282837,0.816827654838562,0.0001862049102783203,0.8653537631034851,0.86539226770401,1.0186338424682617,held_out,True,0.0150146484375,0.10696392967587426,pooled_controls,bf16
L30_N4012,30,4012,ambiguity,amb_ctrl_0090,0.7313582897186279,0.7318957448005676,0.0005374550819396973,0.8488500714302063,0.8487786054611206,1.0186338424682617,held_out,True,0.08251953125,0.10696392967587426,pooled_controls,bf16
L30_N4012,30,4012,ambiguity,amb_ctrl_0091,0.7912845611572266,0.7940331697463989,0.0027486085891723633,0.8505407571792603,0.8501079082489014,1.0186338424682617,held_out,True,0.02197265625,0.10696392967587426,pooled_controls,bf16
L30_N4012,30,4012,ambiguity,amb_ctrl_0092,0.20004436373710632,0.2001459002494812,0.00010153651237487793,0.9656380414962769,0.9656273722648621,1.0186338424682617,held_out,True,0.134765625,0.10696392967587426,pooled_controls,bf16
L30_N4012,30,4012,ambiguity,amb_ctrl_0093,0.8184689283370972,0.8172557353973389,-0.0012131929397583008,0.7807179093360901,0.780879557132721,1.0186338424682617,held_out,True,0.0810546875,0.10696392967587426,pooled_controls,bf16
L30_N4012,30,4012,ambiguity,amb_ctrl_0094,1.9382219314575195,1.9380584955215454,-0.0001634359359741211,0.47598159313201904,0.4760586619377136,1.0186338424682617,held_out,True,0.0966796875,0.10696392967587426,pooled_controls,bf16
L30_N4012,30,4012,ambiguity,amb_ctrl_0095,0.1967904269695282,0.1967393457889557,-5.1081180572509766e-05,0.9730347990989685,0.9730390906333923,1.0186338424682617,held_out,True,0.0022430419921875,0.10696392967587426,pooled_controls,bf16
L30_N4012,30,4012,ambiguity,amb_ctrl_0096,0.27954334020614624,0.27694177627563477,-0.0026015639305114746,0.9592352509498596,0.9596610069274902,1.0186338424682617,held_out,True,0.103515625,0.10696392967587426,pooled_controls,bf16
L30_N4012,30,4012,ambiguity,amb_ctrl_0097,4.615304946899414,4.6126389503479,-0.002665996551513672,0.2903858721256256,0.29085806012153625,1.0186338424682617,held_out,True,0.05615234375,0.10696392967587426,pooled_controls,bf16
L30_N4012,30,4012,ambiguity,amb_ctrl_0098,1.0526940822601318,1.0527372360229492,4.315376281738281e-05,0.7801284193992615,0.7801209688186646,1.0186338424682617,held_out,True,0.0869140625,0.10696392967587426,pooled_controls,bf16
L30_N4012,30,4012,ambiguity,amb_ctrl_0099,2.617166519165039,2.614353656768799,-0.0028128623962402344,0.35361507534980774,0.35377588868141174,1.0186338424682617,held_out,True,0.22265625,0.10696392967587426,pooled_controls,bf16
L30_N4012,30,4012,ambiguity,amb_ctrl_0100,3.230755090713501,3.2335598468780518,0.0028047561645507812,0.21227960288524628,0.21224567294120789,1.0186338424682617,held_out,True,-0.019287109375,0.10696392967587426,pooled_controls,bf16
L30_N4012,30,4012,ambiguity,amb_ctrl_0101,2.5137133598327637,2.4603309631347656,-0.05338239669799805,0.3411417007446289,0.36633726954460144,1.0186338424682617,held_out,True,0.05419921875,0.10696392967587426,pooled_controls,bf16
L30_N4012,30,4012,ambiguity,amb_ctrl_0102,3.382952928543091,3.383701801300049,0.0007488727569580078,0.4389851689338684,0.43757501244544983,1.0186338424682617,held_out,True,-0.0159912109375,0.10696392967587426,pooled_controls,bf16
L30_N4012,30,4012,ambiguity,amb_ctrl_0103,1.2881443500518799,1.2982754707336426,0.010131120681762695,0.6099465489387512,0.6070826649665833,1.0186338424682617,held_out,True,0.2060546875,0.10696392967587426,pooled_controls,bf16
L30_N4012,30,4012,ambiguity,amb_ctrl_0104,1.2201045751571655,1.2197620868682861,-0.00034248828887939453,0.6614540815353394,0.6614828109741211,1.0186338424682617,held_out,True,0.07421875,0.10696392967587426,pooled_controls,bf16
L30_N4012,30,4012,ambiguity,amb_ctrl_0105,1.7128682136535645,1.7015063762664795,-0.011361837387084961,0.42329180240631104,0.4062788784503937,1.0186338424682617,held_out,True,0.003387451171875,0.10696392967587426,pooled_controls,bf16
L30_N4012,30,4012,ambiguity,amb_ctrl_0106,4.290400505065918,4.288393020629883,-0.0020074844360351562,0.12830117344856262,0.1280190348625183,1.0186338424682617,held_out,True,0.1513671875,0.10696392967587426,pooled_controls,bf16
L30_N4012,30,4012,ambiguity,amb_ctrl_0107,1.973547339439392,1.9766925573349,0.0031452178955078125,0.5560788512229919,0.5557096600532532,1.0186338424682617,held_out,True,0.1572265625,0.10696392967587426,pooled_controls,bf16
L30_N4012,30,4012,ambiguity,amb_ctrl_0108,5.345915794372559,5.344632625579834,-0.0012831687927246094,0.19730085134506226,0.19671010971069336,1.0186338424682617,held_out,True,0.1455078125,0.10696392967587426,pooled_controls,bf16
L30_N4012,30,4012,ambiguity,amb_ctrl_0109,2.405097723007202,2.40500545501709,-9.226799011230469e-05,0.5640195608139038,0.5641869306564331,1.0186338424682617,held_out,True,0.091796875,0.10696392967587426,pooled_controls,bf16
L30_N4012,30,4012,ambiguity,amb_ctrl_0110,2.2092509269714355,2.208731174468994,-0.0005197525024414062,0.2498709261417389,0.24990002810955048,1.0186338424682617,held_out,True,0.173828125,0.10696392967587426,pooled_controls,bf16
L30_N4012,30,4012,ambiguity,amb_ctrl_0111,2.009219169616699,2.015629291534424,0.006410121917724609,0.44997212290763855,0.4444844722747803,1.0186338424682617,held_out,True,0.1337890625,0.10696392967587426,pooled_controls,bf16
L30_N4012,30,4012,ambiguity,amb_ctrl_0112,1.7968382835388184,1.7947585582733154,-0.0020797252655029297,0.5710203051567078,0.5713223814964294,1.0186338424682617,held_out,True,0.1875,0.10696392967587426,pooled_controls,bf16
L30_N4012,30,4012,ambiguity,amb_ctrl_0113,4.333885192871094,4.332357406616211,-0.0015277862548828125,0.34712934494018555,0.34742483496665955,1.0186338424682617,held_out,True,0.005340576171875,0.10696392967587426,pooled_controls,bf16
L30_N4012,30,4012,ambiguity,amb_ctrl_0114,1.9962888956069946,1.9969210624694824,0.000632166862487793,0.3115333616733551,0.3114592134952545,1.0186338424682617,held_out,True,0.16796875,0.10696392967587426,pooled_controls,bf16
L30_N4012,30,4012,ambiguity,amb_ctrl_0115,2.317293643951416,2.313807487487793,-0.003486156463623047,0.4041188955307007,0.4050842523574829,1.0186338424682617,held_out,True,0.1826171875,0.10696392967587426,pooled_controls,bf16
L30_N4012,30,4012,ambiguity,amb_ctrl_0116,2.3295745849609375,2.3343148231506348,0.004740238189697266,0.3391643166542053,0.33639830350875854,1.0186338424682617,held_out,True,0.23046875,0.10696392967587426,pooled_controls,bf16
L30_N4012,30,4012,ambiguity,amb_ctrl_0117,1.5883352756500244,1.588439702987671,0.00010442733764648438,0.574742317199707,0.5747333765029907,1.0186338424682617,held_out,True,0.08740234375,0.10696392967587426,pooled_controls,bf16
L30_N4012,30,4012,ambiguity,amb_ctrl_0118,2.7129154205322266,2.7123866081237793,-0.0005288124084472656,0.21529023349285126,0.21531648933887482,1.0186338424682617,held_out,True,0.1396484375,0.10696392967587426,pooled_controls,bf16
L30_N4012,30,4012,ambiguity,amb_ctrl_0119,3.844236135482788,3.8566348552703857,0.012398719787597656,0.126031756401062,0.11928535252809525,1.0186338424682617,held_out,True,0.046630859375,0.10696392967587426,pooled_controls,bf16
L29_N2286,29,2286,ambiguity,amb_0000,2.131409168243408,2.1297450065612793,-0.0016641616821289062,0.3043592870235443,0.3078242838382721,0.14744162559509277,working,False,0.004241943359375,-0.02817473986319133,pooled_controls,bf16
L29_N2286,29,2286,ambiguity,amb_0001,4.559041500091553,4.567502498626709,0.00846099853515625,0.1691441833972931,0.169024258852005,0.14744162559509277,working,False,-0.1064453125,-0.02817473986319133,pooled_controls,bf16
L29_N2286,29,2286,ambiguity,amb_0002,0.5591363906860352,0.5561822056770325,-0.0029541850090026855,0.7746531963348389,0.7749584913253784,0.14744162559509277,working,False,0.0027313232421875,-0.02817473986319133,pooled_controls,bf16
L29_N2286,29,2286,ambiguity,amb_0003,0.7737653255462646,0.7711031436920166,-0.002662181854248047,0.8860874176025391,0.8866135478019714,0.14744162559509277,working,False,-0.050048828125,-0.02817473986319133,pooled_controls,bf16
L29_N2286,29,2286,ambiguity,amb_0004,3.214151620864868,3.162938356399536,-0.05121326446533203,0.3810039460659027,0.3956812620162964,0.14744162559509277,working,False,-0.1640625,-0.02817473986319133,pooled_controls,bf16
L29_N2286,29,2286,ambiguity,amb_0005,0.40345656871795654,0.40353941917419434,8.285045623779297e-05,0.9331170916557312,0.9331092238426208,0.14744162559509277,working,False,-0.07080078125,-0.02817473986319133,pooled_controls,bf16
L29_N2286,29,2286,ambiguity,amb_0006,2.6447858810424805,2.6473841667175293,0.002598285675048828,0.3364722430706024,0.3361344039440155,0.14744162559509277,working,False,-0.045166015625,-0.02817473986319133,pooled_controls,bf16
L29_N2286,29,2286,ambiguity,amb_0007,2.73992919921875,2.7343294620513916,-0.0055997371673583984,0.3336516320705414,0.334868848323822,0.14744162559509277,working,False,0.0120849609375,-0.02817473986319133,pooled_controls,bf16
L29_N2286,29,2286,ambiguity,amb_0008,3.0731167793273926,3.072660207748413,-0.0004565715789794922,0.321990430355072,0.3221469521522522,0.14744162559509277,working,False,-0.0079345703125,-0.02817473986319133,pooled_controls,bf16
L29_N2286,29,2286,ambiguity,amb_0009,2.3017964363098145,2.305763006210327,0.003966569900512695,0.3590010106563568,0.3582468628883362,0.14744162559509277,working,False,-0.008056640625,-0.02817473986319133,pooled_controls,bf16
L29_N2286,29,2286,ambiguity,amb_0010,3.0725746154785156,3.0567421913146973,-0.01583242416381836,0.32308200001716614,0.3192894458770752,0.14744162559509277,working,False,-0.0247802734375,-0.02817473986319133,pooled_controls,bf16
L29_N2286,29,2286,ambiguity,amb_0011,0.1853773295879364,0.1832355558872223,-0.0021417737007141113,0.9783462882041931,0.9787036776542664,0.14744162559509277,working,False,0.0234375,-0.02817473986319133,pooled_controls,bf16
L29_N2286,29,2286,ambiguity,amb_0012,0.2827058434486389,0.2817673087120056,-0.0009385347366333008,0.9530503153800964,0.9531790018081665,0.14744162559509277,working,False,-0.0057373046875,-0.02817473986319133,pooled_controls,bf16
L29_N2286,29,2286,ambiguity,amb_0013,2.846848487854004,2.8429837226867676,-0.003864765167236328,0.23987779021263123,0.24118757247924805,0.14744162559509277,working,False,-0.040283203125,-0.02817473986319133,pooled_controls,bf16
L29_N2286,29,2286,ambiguity,amb_0014,1.7274397611618042,1.7257167100906372,-0.0017230510711669922,0.6531180739402771,0.6537739634513855,0.14744162559509277,working,False,-0.0224609375,-0.02817473986319133,pooled_controls,bf16
L29_N2286,29,2286,ambiguity,amb_0015,2.646392345428467,2.650435447692871,0.004043102264404297,0.2669826149940491,0.2661694884300232,0.14744162559509277,working,False,-0.00921630859375,-0.02817473986319133,pooled_controls,bf16
L29_N2286,29,2286,ambiguity,amb_0016,2.1020545959472656,2.1016745567321777,-0.0003800392150878906,0.356288343667984,0.3500783443450928,0.14744162559509277,working,False,-0.05810546875,-0.02817473986319133,pooled_controls,bf16
L29_N2286,29,2286,ambiguity,amb_0017,2.545952796936035,2.5475780963897705,0.0016252994537353516,0.3178497850894928,0.3175271153450012,0.14744162559509277,working,False,-0.0172119140625,-0.02817473986319133,pooled_controls,bf16
L29_N2286,29,2286,ambiguity,amb_0018,2.6739742755889893,2.669717311859131,-0.0042569637298583984,0.5581860542297363,0.5589810609817505,0.14744162559509277,working,False,-0.10986328125,-0.02817473986319133,pooled_controls,bf16
L29_N2286,29,2286,ambiguity,amb_0019,3.003119945526123,3.007591724395752,0.004471778869628906,0.26456767320632935,0.2638791799545288,0.14744162559509277,working,False,-0.034423828125,-0.02817473986319133,pooled_controls,bf16
L29_N2286,29,2286,ambiguity,amb_0020,3.019925832748413,3.0197501182556152,-0.00017571449279785156,0.2309427112340927,0.2309410125017166,0.14744162559509277,working,False,-0.11962890625,-0.02817473986319133,pooled_controls,bf16
L29_N2286,29,2286,ambiguity,amb_0021,0.8744735717773438,0.8758328557014465,0.0013592839241027832,0.78462815284729,0.7844564914703369,0.14744162559509277,working,False,-0.076171875,-0.02817473986319133,pooled_controls,bf16
L29_N2286,29,2286,ambiguity,amb_0022,1.4463167190551758,1.4531049728393555,0.0067882537841796875,0.6989033222198486,0.6975173950195312,0.14744162559509277,working,False,0.103515625,-0.02817473986319133,pooled_controls,bf16
L29_N2286,29,2286,ambiguity,amb_0023,2.3588614463806152,2.354038953781128,-0.004822492599487305,0.3514297902584076,0.3527601659297943,0.14744162559509277,working,False,-0.01251220703125,-0.02817473986319133,pooled_controls,bf16
L29_N2286,29,2286,ambiguity,amb_0024,2.423225164413452,2.4170663356781006,-0.0061588287353515625,0.163632333278656,0.18338455259799957,0.14744162559509277,working,False,-0.08837890625,-0.02817473986319133,pooled_controls,bf16
L29_N2286,29,2286,ambiguity,amb_0025,2.3594460487365723,2.425018310546875,0.06557226181030273,0.38730406761169434,0.3581199049949646,0.14744162559509277,working,False,-0.041015625,-0.02817473986319133,pooled_controls,bf16
L29_N2286,29,2286,ambiguity,amb_0026,3.7028703689575195,3.6969473361968994,-0.005923032760620117,0.3228043019771576,0.32070133090019226,0.14744162559509277,working,False,-0.15234375,-0.02817473986319133,pooled_controls,bf16
L29_N2286,29,2286,ambiguity,amb_0027,1.8813252449035645,1.8825353384017944,0.0012100934982299805,0.6477286219596863,0.6472765803337097,0.14744162559509277,working,False,-0.0654296875,-0.02817473986319133,pooled_controls,bf16
L29_N2286,29,2286,ambiguity,amb_0028,2.591080665588379,2.591059684753418,-2.09808349609375e-05,0.5235283970832825,0.5244801044464111,0.14744162559509277,working,False,-0.0064697265625,-0.02817473986319133,pooled_controls,bf16
L29_N2286,29,2286,ambiguity,amb_0029,2.0469510555267334,2.0462546348571777,-0.0006964206695556641,0.5000725388526917,0.5001436471939087,0.14744162559509277,working,False,-0.11865234375,-0.02817473986319133,pooled_controls,bf16
L29_N2286,29,2286,ambiguity,amb_0030,1.3423449993133545,1.3421554565429688,-0.0001895427703857422,0.5465922355651855,0.5466068387031555,0.14744162559509277,working,False,0.04052734375,-0.02817473986319133,pooled_controls,bf16
L29_N2286,29,2286,ambiguity,amb_0031,2.5924174785614014,2.5470447540283203,-0.045372724533081055,0.2651655673980713,0.29309985041618347,0.14744162559509277,working,False,-0.04443359375,-0.02817473986319133,pooled_controls,bf16
L29_N2286,29,2286,ambiguity,amb_0032,0.7734093070030212,0.790297269821167,0.016887962818145752,0.7512880563735962,0.7443597316741943,0.14744162559509277,working,False,-0.045654296875,-0.02817473986319133,pooled_controls,bf16
L29_N2286,29,2286,ambiguity,amb_0033,0.3125807046890259,0.3065587282180786,-0.006021976470947266,0.9496376514434814,0.9508413076400757,0.14744162559509277,working,False,0.00799560546875,-0.02817473986319133,pooled_controls,bf16
L29_N2286,29,2286,ambiguity,amb_0034,0.06319817155599594,0.0632300078868866,3.183633089065552e-05,0.9920816421508789,0.9920755624771118,0.14744162559509277,working,False,-0.0093994140625,-0.02817473986319133,pooled_controls,bf16
L29_N2286,29,2286,ambiguity,amb_0035,3.2133400440216064,3.2063026428222656,-0.00703740119934082,0.14269918203353882,0.14349526166915894,0.14744162559509277,working,False,-0.09228515625,-0.02817473986319133,pooled_controls,bf16
L29_N2286,29,2286,ambiguity,amb_0036,0.27980995178222656,0.2855650782585144,0.005755126476287842,0.956149697303772,0.9549142122268677,0.14744162559509277,working,False,-0.029541015625,-0.02817473986319133,pooled_controls,bf16
L29_N2286,29,2286,ambiguity,amb_0037,2.2706377506256104,2.2718963623046875,0.0012586116790771484,0.2931281328201294,0.2930777668952942,0.14744162559509277,working,False,-0.03369140625,-0.02817473986319133,pooled_controls,bf16
L29_N2286,29,2286,ambiguity,amb_0038,1.907806158065796,1.9089763164520264,0.0011701583862304688,0.5503026843070984,0.5501382946968079,0.14744162559509277,working,False,-0.03076171875,-0.02817473986319133,pooled_controls,bf16
L29_N2286,29,2286,ambiguity,amb_0039,0.4548197090625763,0.45496806502342224,0.00014835596084594727,0.8976051807403564,0.8975935578346252,0.14744162559509277,working,False,-4.744529724121094e-05,-0.02817473986319133,pooled_controls,bf16
L29_N2286,29,2286,ambiguity,amb_0040,2.049222946166992,2.0486600399017334,-0.0005629062652587891,0.47096139192581177,0.4710142910480499,0.14744162559509277,working,False,-0.09619140625,-0.02817473986319133,pooled_controls,bf16
L29_N2286,29,2286,ambiguity,amb_0041,0.4766418933868408,0.47813305258750916,0.001491159200668335,0.9048458933830261,0.9046463370323181,0.14744162559509277,working,False,-0.0576171875,-0.02817473986319133,pooled_controls,bf16
L29_N2286,29,2286,ambiguity,amb_0042,3.4453678131103516,3.447092056274414,0.0017242431640625,0.12374655902385712,0.12339669466018677,0.14744162559509277,working,False,-0.03271484375,-0.02817473986319133,pooled_controls,bf16
L29_N2286,29,2286,ambiguity,amb_0043,2.176589012145996,2.1834278106689453,0.006838798522949219,0.3841998279094696,0.3829798400402069,0.14744162559509277,working,False,0.0059814453125,-0.02817473986319133,pooled_controls,bf16
L29_N2286,29,2286,ambiguity,amb_0044,2.562283515930176,2.5644783973693848,0.0021948814392089844,0.3696751594543457,0.37154388427734375,0.14744162559509277,working,False,-0.1181640625,-0.02817473986319133,pooled_controls,bf16
L29_N2286,29,2286,ambiguity,amb_0045,2.8056182861328125,2.8109259605407715,0.005307674407958984,0.22283335030078888,0.2221890240907669,0.14744162559509277,working,False,-0.12109375,-0.02817473986319133,pooled_controls,bf16
L29_N2286,29,2286,ambiguity,amb_0046,1.8792414665222168,1.8735179901123047,-0.005723476409912109,0.43458327651023865,0.4355033338069916,0.14744162559509277,working,False,0.0986328125,-0.02817473986319133,pooled_controls,bf16
L29_N2286,29,2286,ambiguity,amb_0047,3.5664448738098145,3.562901020050049,-0.003543853759765625,0.1757456362247467,0.17644207179546356,0.14744162559509277,working,False,-0.064453125,-0.02817473986319133,pooled_controls,bf16
L29_N2286,29,2286,ambiguity,amb_0048,2.5035877227783203,2.5074820518493652,0.003894329071044922,0.38110023736953735,0.3768109381198883,0.14744162559509277,working,False,-0.126953125,-0.02817473986319133,pooled_controls,bf16
L29_N2286,29,2286,ambiguity,amb_0049,4.102269172668457,4.104185104370117,0.0019159317016601562,0.16889438033103943,0.16878053545951843,0.14744162559509277,working,False,-0.0869140625,-0.02817473986319133,pooled_controls,bf16
L29_N2286,29,2286,ambiguity,amb_0050,0.5448554754257202,0.5448704957962036,1.5020370483398438e-05,0.9203320145606995,0.9203163385391235,0.14744162559509277,working,False,0.00072479248046875,-0.02817473986319133,pooled_controls,bf16
L29_N2286,29,2286,ambiguity,amb_0051,2.2842979431152344,2.2806382179260254,-0.0036597251892089844,0.3175898790359497,0.3178849220275879,0.14744162559509277,working,False,0.044921875,-0.02817473986319133,pooled_controls,bf16
L29_N2286,29,2286,ambiguity,amb_0052,2.544663667678833,2.5501351356506348,0.005471467971801758,0.3059062957763672,0.30460795760154724,0.14744162559509277,working,False,-0.09716796875,-0.02817473986319133,pooled_controls,bf16
L29_N2286,29,2286,ambiguity,amb_0053,0.26553624868392944,0.26527708768844604,-0.00025916099548339844,0.9484477639198303,0.9484782218933105,0.14744162559509277,working,False,-0.028076171875,-0.02817473986319133,pooled_controls,bf16
L29_N2286,29,2286,ambiguity,amb_0054,3.3073582649230957,3.30538272857666,-0.001975536346435547,0.20128417015075684,0.20215879380702972,0.14744162559509277,working,False,-0.016845703125,-0.02817473986319133,pooled_controls,bf16
L29_N2286,29,2286,ambiguity,amb_0055,2.3507449626922607,2.28395414352417,-0.06679081916809082,0.3764025568962097,0.40606439113616943,0.14744162559509277,working,False,-0.12890625,-0.02817473986319133,pooled_controls,bf16
L29_N2286,29,2286,ambiguity,amb_0056,2.9696860313415527,2.969729423522949,4.3392181396484375e-05,0.3324529230594635,0.33249732851982117,0.14744162559509277,working,False,0.01116943359375,-0.02817473986319133,pooled_controls,bf16
L29_N2286,29,2286,ambiguity,amb_0057,3.6951136589050293,3.694451332092285,-0.0006623268127441406,0.2154395580291748,0.21520304679870605,0.14744162559509277,working,False,0.09765625,-0.02817473986319133,pooled_controls,bf16
L29_N2286,29,2286,ambiguity,amb_0058,0.6380835771560669,0.6491236686706543,0.011040091514587402,0.8878673315048218,0.8850827217102051,0.14744162559509277,working,False,-0.025634765625,-0.02817473986319133,pooled_controls,bf16
L29_N2286,29,2286,ambiguity,amb_0059,1.6167001724243164,1.6089026927947998,-0.0077974796295166016,0.4122750759124756,0.4133920967578888,0.14744162559509277,working,False,-5.781650543212891e-06,-0.02817473986319133,pooled_controls,bf16
L29_N2286,29,2286,ambiguity,amb_0060,2.2315759658813477,2.2297682762145996,-0.0018076896667480469,0.4630894958972931,0.46268102526664734,0.14744162559509277,working,False,0.029296875,-0.02817473986319133,pooled_controls,bf16
L29_N2286,29,2286,ambiguity,amb_0061,2.1432714462280273,2.1507456302642822,0.007474184036254883,0.34881308674812317,0.34750986099243164,0.14744162559509277,working,False,0.000640869140625,-0.02817473986319133,pooled_controls,bf16
L29_N2286,29,2286,ambiguity,amb_0062,0.42451727390289307,0.42906615138053894,0.004548877477645874,0.9445533156394958,0.943854808807373,0.14744162559509277,working,False,-0.03173828125,-0.02817473986319133,pooled_controls,bf16
L29_N2286,29,2286,ambiguity,amb_0063,3.6907150745391846,3.6943345069885254,0.0036194324493408203,0.31620991230010986,0.3148099184036255,0.14744162559509277,working,False,-0.0703125,-0.02817473986319133,pooled_controls,bf16
L29_N2286,29,2286,ambiguity,amb_0064,2.0356671810150146,2.03653883934021,0.0008716583251953125,0.33568695187568665,0.3356367349624634,0.14744162559509277,working,False,0.010986328125,-0.02817473986319133,pooled_controls,bf16
L29_N2286,29,2286,ambiguity,amb_0065,0.09549930691719055,0.09497632086277008,-0.0005229860544204712,0.9887312054634094,0.9888118505477905,0.14744162559509277,working,False,-0.017333984375,-0.02817473986319133,pooled_controls,bf16
L29_N2286,29,2286,ambiguity,amb_0066,2.0707223415374756,2.0777807235717773,0.007058382034301758,0.32435888051986694,0.3150967061519623,0.14744162559509277,working,False,-0.01092529296875,-0.02817473986319133,pooled_controls,bf16
L29_N2286,29,2286,ambiguity,amb_0067,3.4030425548553467,3.4054346084594727,0.0023920536041259766,0.2503643333911896,0.24981318414211273,0.14744162559509277,working,False,-0.1005859375,-0.02817473986319133,pooled_controls,bf16
L29_N2286,29,2286,ambiguity,amb_0068,0.27864107489585876,0.28137218952178955,0.002731114625930786,0.9491060376167297,0.9486377239227295,0.14744162559509277,working,False,-0.0050048828125,-0.02817473986319133,pooled_controls,bf16
L29_N2286,29,2286,ambiguity,amb_0069,3.569601058959961,3.569657325744629,5.626678466796875e-05,0.23654481768608093,0.2377358376979828,0.14744162559509277,working,False,-0.04345703125,-0.02817473986319133,pooled_controls,bf16
L29_N2286,29,2286,ambiguity,amb_0070,1.2353311777114868,1.2330704927444458,-0.0022606849670410156,0.7235127687454224,0.7250493764877319,0.14744162559509277,working,False,0.00127410888671875,-0.02817473986319133,pooled_controls,bf16
L29_N2286,29,2286,ambiguity,amb_0071,0.5878744125366211,0.5947420597076416,0.006867647171020508,0.9036218523979187,0.9023083448410034,0.14744162559509277,working,False,0.017333984375,-0.02817473986319133,pooled_controls,bf16
L29_N2286,29,2286,ambiguity,amb_0072,1.4870750904083252,1.597609281539917,0.1105341911315918,0.7113951444625854,0.6812375783920288,0.14744162559509277,working,False,-0.02978515625,-0.02817473986319133,pooled_controls,bf16
L29_N2286,29,2286,ambiguity,amb_0073,2.011209487915039,2.0133583545684814,0.002148866653442383,0.25993621349334717,0.2597396969795227,0.14744162559509277,working,False,0.01007080078125,-0.02817473986319133,pooled_controls,bf16
L29_N2286,29,2286,ambiguity,amb_0074,1.8976142406463623,1.9729115962982178,0.07529735565185547,0.5668606758117676,0.5439797043800354,0.14744162559509277,working,False,-0.1474609375,-0.02817473986319133,pooled_controls,bf16
L29_N2286,29,2286,ambiguity,amb_0075,2.3578433990478516,2.3645081520080566,0.006664752960205078,0.483648419380188,0.4827117919921875,0.14744162559509277,working,False,0.002899169921875,-0.02817473986319133,pooled_controls,bf16
L29_N2286,29,2286,ambiguity,amb_0076,2.618499994277954,2.6159472465515137,-0.0025527477264404297,0.2548840641975403,0.25508368015289307,0.14744162559509277,working,False,0.0240478515625,-0.02817473986319133,pooled_controls,bf16
L29_N2286,29,2286,ambiguity,amb_0077,2.4425735473632812,2.443838596343994,0.0012650489807128906,0.5396357774734497,0.5394331812858582,0.14744162559509277,working,False,0.052978515625,-0.02817473986319133,pooled_controls,bf16
L29_N2286,29,2286,ambiguity,amb_0078,1.1666830778121948,1.2393344640731812,0.07265138626098633,0.7637596130371094,0.7443295121192932,0.14744162559509277,working,False,0.08349609375,-0.02817473986319133,pooled_controls,bf16
L29_N2286,29,2286,ambiguity,amb_0079,2.033189535140991,2.0202834606170654,-0.012906074523925781,0.3496057987213135,0.33335572481155396,0.14744162559509277,working,False,-0.000476837158203125,-0.02817473986319133,pooled_controls,bf16
L29_N2286,29,2286,ambiguity,amb_0080,2.0369515419006348,2.0354278087615967,-0.001523733139038086,0.4895094633102417,0.48973870277404785,0.14744162559509277,working,False,-0.06201171875,-0.02817473986319133,pooled_controls,bf16
L29_N2286,29,2286,ambiguity,amb_0081,3.092586040496826,3.0903120040893555,-0.002274036407470703,0.5298091173171997,0.5311760306358337,0.14744162559509277,working,False,-0.03466796875,-0.02817473986319133,pooled_controls,bf16
L29_N2286,29,2286,ambiguity,amb_0082,1.6431922912597656,1.6484489440917969,0.00525665283203125,0.7570251226425171,0.7562878131866455,0.14744162559509277,working,False,-0.0262451171875,-0.02817473986319133,pooled_controls,bf16
L29_N2286,29,2286,ambiguity,amb_0083,5.554958343505859,5.567498683929443,0.012540340423583984,0.07461758702993393,0.07462017983198166,0.14744162559509277,working,False,-0.044189453125,-0.02817473986319133,pooled_controls,bf16
L29_N2286,29,2286,ambiguity,amb_0084,2.906287670135498,2.9970879554748535,0.09080028533935547,0.4053276777267456,0.3774715065956116,0.14744162559509277,held_out,False,0.00628662109375,-0.02817473986319133,pooled_controls,bf16
L29_N2286,29,2286,ambiguity,amb_0085,3.2369580268859863,3.2352216243743896,-0.0017364025115966797,0.4754219353199005,0.4769030809402466,0.14744162559509277,held_out,False,-0.035888671875,-0.02817473986319133,pooled_controls,bf16
L29_N2286,29,2286,ambiguity,amb_0086,3.4680352210998535,3.4591774940490723,-0.00885772705078125,0.16339129209518433,0.16206738352775574,0.14744162559509277,held_out,False,-0.150390625,-0.02817473986319133,pooled_controls,bf16
L29_N2286,29,2286,ambiguity,amb_0087,0.21132242679595947,0.21236054599285126,0.0010381191968917847,0.9734991192817688,0.9733442664146423,0.14744162559509277,held_out,False,0.058349609375,-0.02817473986319133,pooled_controls,bf16
L29_N2286,29,2286,ambiguity,amb_0088,3.366471767425537,3.3660597801208496,-0.0004119873046875,0.26610100269317627,0.2661098539829254,0.14744162559509277,held_out,False,-0.12109375,-0.02817473986319133,pooled_controls,bf16
L29_N2286,29,2286,ambiguity,amb_0089,3.781087636947632,3.790191411972046,0.009103775024414062,0.3369584083557129,0.3337528705596924,0.14744162559509277,held_out,False,0.1357421875,-0.02817473986319133,pooled_controls,bf16
L29_N2286,29,2286,ambiguity,amb_0090,0.8448827266693115,0.8450168371200562,0.0001341104507446289,0.7932525873184204,0.7932348251342773,0.14744162559509277,held_out,False,0.0057373046875,-0.02817473986319133,pooled_controls,bf16
L29_N2286,29,2286,ambiguity,amb_0091,1.8923972845077515,1.8877122402191162,-0.004685044288635254,0.5461603403091431,0.5470439195632935,0.14744162559509277,held_out,False,0.03271484375,-0.02817473986319133,pooled_controls,bf16
L29_N2286,29,2286,ambiguity,amb_0092,1.6362665891647339,1.634817361831665,-0.0014492273330688477,0.7017658948898315,0.7023301124572754,0.14744162559509277,held_out,False,0.0035400390625,-0.02817473986319133,pooled_controls,bf16
L29_N2286,29,2286,ambiguity,amb_0093,0.8634747862815857,0.8687589764595032,0.0052841901779174805,0.8298888802528381,0.8287866711616516,0.14744162559509277,held_out,False,-0.019287109375,-0.02817473986319133,pooled_controls,bf16
L29_N2286,29,2286,ambiguity,amb_0094,1.7390378713607788,1.7374796867370605,-0.0015581846237182617,0.4728764593601227,0.47302210330963135,0.14744162559509277,held_out,False,-0.01904296875,-0.02817473986319133,pooled_controls,bf16
L29_N2286,29,2286,ambiguity,amb_0095,0.821681022644043,0.8212559223175049,-0.00042510032653808594,0.8072279691696167,0.8072625398635864,0.14744162559509277,held_out,False,-0.1552734375,-0.02817473986319133,pooled_controls,bf16
L29_N2286,29,2286,ambiguity,amb_0096,2.501300573348999,2.500807285308838,-0.0004932880401611328,0.2968878149986267,0.29704025387763977,0.14744162559509277,held_out,False,-0.036865234375,-0.02817473986319133,pooled_controls,bf16
L29_N2286,29,2286,ambiguity,amb_0097,2.996896743774414,2.9238810539245605,-0.07301568984985352,0.2316855490207672,0.2471616119146347,0.14744162559509277,held_out,False,-0.0247802734375,-0.02817473986319133,pooled_controls,bf16
L29_N2286,29,2286,ambiguity,amb_0098,2.3167881965637207,2.3170530796051025,0.00026488304138183594,0.26292508840560913,0.262903094291687,0.14744162559509277,held_out,False,-0.051513671875,-0.02817473986319133,pooled_controls,bf16
L29_N2286,29,2286,ambiguity,amb_0099,2.436516284942627,2.436023235321045,-0.0004930496215820312,0.35596418380737305,0.3570100665092468,0.14744162559509277,held_out,False,-0.057861328125,-0.02817473986319133,pooled_controls,bf16
L29_N2286,29,2286,ambiguity,amb_0100,1.7052080631256104,1.6251342296600342,-0.08007383346557617,0.5621854066848755,0.5926538705825806,0.14744162559509277,held_out,False,-0.06103515625,-0.02817473986319133,pooled_controls,bf16
L29_N2286,29,2286,ambiguity,amb_0101,2.0023765563964844,2.0002777576446533,-0.0020987987518310547,0.4655653238296509,0.46574828028678894,0.14744162559509277,held_out,False,-0.09130859375,-0.02817473986319133,pooled_controls,bf16
L29_N2286,29,2286,ambiguity,amb_0102,2.005124568939209,1.9964497089385986,-0.008674860000610352,0.29406610131263733,0.296528697013855,0.14744162559509277,held_out,False,-0.002227783203125,-0.02817473986319133,pooled_controls,bf16
L29_N2286,29,2286,ambiguity,amb_0103,4.778031349182129,4.773208141326904,-0.004823207855224609,0.10608897358179092,0.10583027452230453,0.14744162559509277,held_out,False,-0.1044921875,-0.02817473986319133,pooled_controls,bf16
L29_N2286,29,2286,ambiguity,amb_0104,1.1206187009811401,1.1294400691986084,0.008821368217468262,0.7675607800483704,0.7642613053321838,0.14744162559509277,held_out,False,-0.0751953125,-0.02817473986319133,pooled_controls,bf16
L29_N2286,29,2286,ambiguity,amb_0105,2.1002590656280518,2.0992579460144043,-0.001001119613647461,0.5084797739982605,0.5151088833808899,0.14744162559509277,held_out,False,-0.000888824462890625,-0.02817473986319133,pooled_controls,bf16
L29_N2286,29,2286,ambiguity,amb_0106,0.5232242941856384,0.5192470550537109,-0.00397723913192749,0.9280524849891663,0.9289355874061584,0.14744162559509277,held_out,False,0.10498046875,-0.02817473986319133,pooled_controls,bf16
L29_N2286,29,2286,ambiguity,amb_0107,2.999772548675537,3.008451223373413,0.008678674697875977,0.1862751543521881,0.18797162175178528,0.14744162559509277,held_out,False,-0.080078125,-0.02817473986319133,pooled_controls,bf16
L29_N2286,29,2286,ambiguity,amb_0108,2.6803855895996094,2.681847095489502,0.0014615058898925781,0.1892421841621399,0.18850773572921753,0.14744162559509277,held_out,False,0.00970458984375,-0.02817473986319133,pooled_controls,bf16
L29_N2286,29,2286,ambiguity,amb_0109,0.34986984729766846,0.34859445691108704,-0.001275390386581421,0.9464108347892761,0.9466182589530945,0.14744162559509277,held_out,False,-0.052490234375,-0.02817473986319133,pooled_controls,bf16
L29_N2286,29,2286,ambiguity,amb_0110,1.9645905494689941,1.964078426361084,-0.0005121231079101562,0.4899759590625763,0.4900294840335846,0.14744162559509277,held_out,False,-0.038818359375,-0.02817473986319133,pooled_controls,bf16
L29_N2286,29,2286,ambiguity,amb_0111,3.8684067726135254,3.864238739013672,-0.004168033599853516,0.20527321100234985,0.20417654514312744,0.14744162559509277,held_out,False,-0.039306640625,-0.02817473986319133,pooled_controls,bf16
L29_N2286,29,2286,ambiguity,amb_0112,2.176384449005127,2.178351879119873,0.0019674301147460938,0.3407977223396301,0.3404853641986847,0.14744162559509277,held_out,False,-0.00872802734375,-0.02817473986319133,pooled_controls,bf16
L29_N2286,29,2286,ambiguity,amb_0113,0.9256861805915833,0.9269909262657166,0.0013047456741333008,0.8043229579925537,0.8041406869888306,0.14744162559509277,held_out,False,-0.04541015625,-0.02817473986319133,pooled_controls,bf16
L29_N2286,29,2286,ambiguity,amb_0114,0.7204865217208862,0.7203987836837769,-8.7738037109375e-05,0.8451882004737854,0.845196545124054,0.14744162559509277,held_out,False,-0.005096435546875,-0.02817473986319133,pooled_controls,bf16
L29_N2286,29,2286,ambiguity,amb_0115,2.9680774211883545,2.971114158630371,0.0030367374420166016,0.34782540798187256,0.3468065559864044,0.14744162559509277,held_out,False,-0.0546875,-0.02817473986319133,pooled_controls,bf16
L29_N2286,29,2286,ambiguity,amb_0116,1.9323124885559082,1.9403914213180542,0.008078932762145996,0.5209304094314575,0.5195438265800476,0.14744162559509277,held_out,False,-0.22265625,-0.02817473986319133,pooled_controls,bf16
L29_N2286,29,2286,ambiguity,amb_0117,0.41895708441734314,0.4120911955833435,-0.006865888833999634,0.9367285370826721,0.9385928511619568,0.14744162559509277,held_out,False,0.0262451171875,-0.02817473986319133,pooled_controls,bf16
L29_N2286,29,2286,ambiguity,amb_0118,2.198213577270508,2.1933889389038086,-0.004824638366699219,0.43398311734199524,0.4259142279624939,0.14744162559509277,held_out,False,-0.0162353515625,-0.02817473986319133,pooled_controls,bf16
L29_N2286,29,2286,ambiguity,amb_0119,2.812081813812256,2.8196160793304443,0.0075342655181884766,0.23698896169662476,0.23238268494606018,0.14744162559509277,held_out,False,-0.035400390625,-0.02817473986319133,pooled_controls,bf16
L29_N2286,29,2286,ambiguity,amb_ctrl_0000,0.7766406536102295,0.7761753797531128,-0.0004652738571166992,0.8515368700027466,0.8515914082527161,0.14744162559509277,working,True,0.09716796875,-0.02817473986319133,pooled_controls,bf16
L29_N2286,29,2286,ambiguity,amb_ctrl_0001,0.09729471802711487,0.09767681360244751,0.0003820955753326416,0.9864110350608826,0.9863561391830444,0.14744162559509277,working,True,-0.011474609375,-0.02817473986319133,pooled_controls,bf16
L29_N2286,29,2286,ambiguity,amb_ctrl_0002,1.1501094102859497,1.1502307653427124,0.00012135505676269531,0.5672774314880371,0.5672691464424133,0.14744162559509277,working,True,0.0159912109375,-0.02817473986319133,pooled_controls,bf16
L29_N2286,29,2286,ambiguity,amb_ctrl_0003,2.734994411468506,2.7359209060668945,0.0009264945983886719,0.21374362707138062,0.21365003287792206,0.14744162559509277,working,True,-0.005279541015625,-0.02817473986319133,pooled_controls,bf16
L29_N2286,29,2286,ambiguity,amb_ctrl_0004,1.2866910696029663,1.2809218168258667,-0.005769252777099609,0.5674577355384827,0.5902745723724365,0.14744162559509277,working,True,0.0022430419921875,-0.02817473986319133,pooled_controls,bf16
L29_N2286,29,2286,ambiguity,amb_ctrl_0005,2.6738407611846924,2.7379255294799805,0.06408476829528809,0.4896385371685028,0.4724043011665344,0.14744162559509277,working,True,0.0294189453125,-0.02817473986319133,pooled_controls,bf16
L29_N2286,29,2286,ambiguity,amb_ctrl_0006,0.201217919588089,0.20107124745845795,-0.00014667212963104248,0.9678196907043457,0.9678342938423157,0.14744162559509277,working,True,-0.021728515625,-0.02817473986319133,pooled_controls,bf16
L29_N2286,29,2286,ambiguity,amb_ctrl_0007,0.2947760224342346,0.29521623253822327,0.00044021010398864746,0.949904203414917,0.9498388171195984,0.14744162559509277,working,True,0.10205078125,-0.02817473986319133,pooled_controls,bf16
L29_N2286,29,2286,ambiguity,amb_ctrl_0008,1.9313079118728638,1.9315974712371826,0.00028955936431884766,0.36000311374664307,0.35997825860977173,0.14744162559509277,working,True,-0.07958984375,-0.02817473986319133,pooled_controls,bf16
L29_N2286,29,2286,ambiguity,amb_ctrl_0009,0.604310154914856,0.6056093573570251,0.0012992024421691895,0.8772097826004028,0.8770349621772766,0.14744162559509277,working,True,0.0174560546875,-0.02817473986319133,pooled_controls,bf16
L29_N2286,29,2286,ambiguity,amb_ctrl_0010,0.12707942724227905,0.1270512193441391,-2.8207898139953613e-05,0.9798086285591125,0.9798112511634827,0.14744162559509277,working,True,-0.03515625,-0.02817473986319133,pooled_controls,bf16
L29_N2286,29,2286,ambiguity,amb_ctrl_0011,4.238875389099121,4.229002952575684,-0.0098724365234375,0.10977223515510559,0.10907675325870514,0.14744162559509277,working,True,-0.0361328125,-0.02817473986319133,pooled_controls,bf16
L29_N2286,29,2286,ambiguity,amb_ctrl_0012,2.522399425506592,2.5180277824401855,-0.00437164306640625,0.2560243010520935,0.25663530826568604,0.14744162559509277,working,True,-0.0693359375,-0.02817473986319133,pooled_controls,bf16
L29_N2286,29,2286,ambiguity,amb_ctrl_0013,5.372662544250488,5.369032859802246,-0.0036296844482421875,0.10198619961738586,0.10204441100358963,0.14744162559509277,working,True,-0.0172119140625,-0.02817473986319133,pooled_controls,bf16
L29_N2286,29,2286,ambiguity,amb_ctrl_0014,0.5423544645309448,0.5426085591316223,0.00025409460067749023,0.9037502408027649,0.9037213325500488,0.14744162559509277,working,True,-0.037353515625,-0.02817473986319133,pooled_controls,bf16
L29_N2286,29,2286,ambiguity,amb_ctrl_0015,4.3377366065979,4.33375358581543,-0.003983020782470703,0.2934378981590271,0.29115262627601624,0.14744162559509277,working,True,-0.1240234375,-0.02817473986319133,pooled_controls,bf16
L29_N2286,29,2286,ambiguity,amb_ctrl_0016,2.8179564476013184,2.8168797492980957,-0.0010766983032226562,0.24184849858283997,0.24036291241645813,0.14744162559509277,working,True,-0.1572265625,-0.02817473986319133,pooled_controls,bf16
L29_N2286,29,2286,ambiguity,amb_ctrl_0017,1.3171398639678955,1.3055579662322998,-0.011581897735595703,0.773847758769989,0.7785091996192932,0.14744162559509277,working,True,0.0279541015625,-0.02817473986319133,pooled_controls,bf16
L29_N2286,29,2286,ambiguity,amb_ctrl_0018,2.9222288131713867,2.9180450439453125,-0.004183769226074219,0.24335934221744537,0.24370141327381134,0.14744162559509277,working,True,-0.033447265625,-0.02817473986319133,pooled_controls,bf16
L29_N2286,29,2286,ambiguity,amb_ctrl_0019,5.361654281616211,5.364640235900879,0.0029859542846679688,0.09632216393947601,0.09633199125528336,0.14744162559509277,working,True,0.022705078125,-0.02817473986319133,pooled_controls,bf16
L29_N2286,29,2286,ambiguity,amb_ctrl_0020,4.601905822753906,4.597798824310303,-0.004106998443603516,0.2898511588573456,0.29111799597740173,0.14744162559509277,working,True,-0.1875,-0.02817473986319133,pooled_controls,bf16
L29_N2286,29,2286,ambiguity,amb_ctrl_0021,2.9766604900360107,2.964567184448242,-0.012093305587768555,0.27002450823783875,0.26767078042030334,0.14744162559509277,working,True,0.044677734375,-0.02817473986319133,pooled_controls,bf16
L29_N2286,29,2286,ambiguity,amb_ctrl_0022,2.5405263900756836,2.541306495666504,0.0007801055908203125,0.5305885672569275,0.5305241346359253,0.14744162559509277,working,True,-0.061279296875,-0.02817473986319133,pooled_controls,bf16
L29_N2286,29,2286,ambiguity,amb_ctrl_0023,2.682981014251709,2.6808061599731445,-0.002174854278564453,0.25725501775741577,0.25820690393447876,0.14744162559509277,working,True,-0.059326171875,-0.02817473986319133,pooled_controls,bf16
L29_N2286,29,2286,ambiguity,amb_ctrl_0024,2.4536571502685547,2.450779438018799,-0.0028777122497558594,0.5255476832389832,0.5278539061546326,0.14744162559509277,working,True,0.005828857421875,-0.02817473986319133,pooled_controls,bf16
L29_N2286,29,2286,ambiguity,amb_ctrl_0025,1.1939071416854858,1.1044089794158936,-0.08949816226959229,0.7682332992553711,0.789982259273529,0.14744162559509277,working,True,0.00482177734375,-0.02817473986319133,pooled_controls,bf16
L29_N2286,29,2286,ambiguity,amb_ctrl_0026,0.9327545166015625,0.9325321912765503,-0.00022232532501220703,0.7439746260643005,0.7439936995506287,0.14744162559509277,working,True,-0.01043701171875,-0.02817473986319133,pooled_controls,bf16
L29_N2286,29,2286,ambiguity,amb_ctrl_0027,1.6260687112808228,1.6342990398406982,0.008230328559875488,0.53364098072052,0.5308995842933655,0.14744162559509277,working,True,-0.0869140625,-0.02817473986319133,pooled_controls,bf16
L29_N2286,29,2286,ambiguity,amb_ctrl_0028,1.9965972900390625,1.9423421621322632,-0.054255127906799316,0.6128343939781189,0.6229496002197266,0.14744162559509277,working,True,0.028564453125,-0.02817473986319133,pooled_controls,bf16
L29_N2286,29,2286,ambiguity,amb_ctrl_0029,1.5382331609725952,1.5381208658218384,-0.00011229515075683594,0.38559937477111816,0.3856551945209503,0.14744162559509277,working,True,-0.0186767578125,-0.02817473986319133,pooled_controls,bf16
L29_N2286,29,2286,ambiguity,amb_ctrl_0030,1.825148344039917,1.9027241468429565,0.07757580280303955,0.5318348407745361,0.500630795955658,0.14744162559509277,working,True,-0.0211181640625,-0.02817473986319133,pooled_controls,bf16
L29_N2286,29,2286,ambiguity,amb_ctrl_0031,3.056546926498413,3.055911064147949,-0.0006358623504638672,0.17859788239002228,0.17861683666706085,0.14744162559509277,working,True,-0.06103515625,-0.02817473986319133,pooled_controls,bf16
L29_N2286,29,2286,ambiguity,amb_ctrl_0032,2.7289576530456543,2.7092833518981934,-0.019674301147460938,0.24979281425476074,0.26437655091285706,0.14744162559509277,working,True,0.054443359375,-0.02817473986319133,pooled_controls,bf16
L29_N2286,29,2286,ambiguity,amb_ctrl_0033,0.5639548897743225,0.5606857538223267,-0.0032691359519958496,0.8955055475234985,0.8962916731834412,0.14744162559509277,working,True,0.0546875,-0.02817473986319133,pooled_controls,bf16
L29_N2286,29,2286,ambiguity,amb_ctrl_0034,0.46364283561706543,0.4642508924007416,0.0006080567836761475,0.9274066090583801,0.927270770072937,0.14744162559509277,working,True,0.041259765625,-0.02817473986319133,pooled_controls,bf16
L29_N2286,29,2286,ambiguity,amb_ctrl_0035,4.913356781005859,4.9125447273254395,-0.0008120536804199219,0.07138054817914963,0.07151388376951218,0.14744162559509277,working,True,0.049072265625,-0.02817473986319133,pooled_controls,bf16
L29_N2286,29,2286,ambiguity,amb_ctrl_0036,2.8000435829162598,2.8055381774902344,0.005494594573974609,0.42631012201309204,0.43146029114723206,0.14744162559509277,working,True,-0.130859375,-0.02817473986319133,pooled_controls,bf16
L29_N2286,29,2286,ambiguity,amb_ctrl_0037,2.7010412216186523,2.7109150886535645,0.00987386703491211,0.38632428646087646,0.37930047512054443,0.14744162559509277,working,True,-0.01556396484375,-0.02817473986319133,pooled_controls,bf16
L29_N2286,29,2286,ambiguity,amb_ctrl_0038,3.2420296669006348,3.2440829277038574,0.0020532608032226562,0.1702917218208313,0.170982226729393,0.14744162559509277,working,True,-0.18359375,-0.02817473986319133,pooled_controls,bf16
L29_N2286,29,2286,ambiguity,amb_ctrl_0039,0.3799930214881897,0.3798091411590576,-0.00018388032913208008,0.9415091276168823,0.9415340423583984,0.14744162559509277,working,True,-0.091796875,-0.02817473986319133,pooled_controls,bf16
L29_N2286,29,2286,ambiguity,amb_ctrl_0040,2.988630533218384,2.9867756366729736,-0.0018548965454101562,0.30050066113471985,0.30169570446014404,0.14744162559509277,working,True,0.032958984375,-0.02817473986319133,pooled_controls,bf16
L29_N2286,29,2286,ambiguity,amb_ctrl_0041,1.9082388877868652,1.9120817184448242,0.0038428306579589844,0.5990794897079468,0.5961450338363647,0.14744162559509277,working,True,0.036865234375,-0.02817473986319133,pooled_controls,bf16
L29_N2286,29,2286,ambiguity,amb_ctrl_0042,3.304969549179077,3.3049168586730957,-5.269050598144531e-05,0.3426487445831299,0.3443426191806793,0.14744162559509277,working,True,0.08642578125,-0.02817473986319133,pooled_controls,bf16
L29_N2286,29,2286,ambiguity,amb_ctrl_0043,0.3423001766204834,0.34214508533477783,-0.0001550912857055664,0.9096891283988953,0.9097068309783936,0.14744162559509277,working,True,-0.005859375,-0.02817473986319133,pooled_controls,bf16
L29_N2286,29,2286,ambiguity,amb_ctrl_0044,5.378116607666016,5.386362075805664,0.008245468139648438,0.1182311624288559,0.1181311160326004,0.14744162559509277,working,True,-0.193359375,-0.02817473986319133,pooled_controls,bf16
L29_N2286,29,2286,ambiguity,amb_ctrl_0045,2.304725170135498,2.307692527770996,0.002967357635498047,0.26542025804519653,0.2651424705982208,0.14744162559509277,working,True,-0.006378173828125,-0.02817473986319133,pooled_controls,bf16
L29_N2286,29,2286,ambiguity,amb_ctrl_0046,3.76407527923584,3.7515316009521484,-0.012543678283691406,0.13274690508842468,0.13217972218990326,0.14744162559509277,working,True,-0.10400390625,-0.02817473986319133,pooled_controls,bf16
L29_N2286,29,2286,ambiguity,amb_ctrl_0047,3.065524101257324,3.0665416717529297,0.0010175704956054688,0.3836395740509033,0.3775939643383026,0.14744162559509277,working,True,-0.1484375,-0.02817473986319133,pooled_controls,bf16
L29_N2286,29,2286,ambiguity,amb_ctrl_0048,5.083179473876953,5.078129768371582,-0.005049705505371094,0.18745993077754974,0.18793202936649323,0.14744162559509277,working,True,-0.1044921875,-0.02817473986319133,pooled_controls,bf16
L29_N2286,29,2286,ambiguity,amb_ctrl_0049,1.2665965557098389,1.2738571166992188,0.007260560989379883,0.7476392984390259,0.745198130607605,0.14744162559509277,working,True,-0.0157470703125,-0.02817473986319133,pooled_controls,bf16
L29_N2286,29,2286,ambiguity,amb_ctrl_0050,3.729827642440796,3.7290658950805664,-0.0007617473602294922,0.26900753378868103,0.26917707920074463,0.14744162559509277,working,True,-0.171875,-0.02817473986319133,pooled_controls,bf16
L29_N2286,29,2286,ambiguity,amb_ctrl_0051,2.2200121879577637,2.2196943759918213,-0.0003178119659423828,0.5213475823402405,0.519874095916748,0.14744162559509277,working,True,0.022216796875,-0.02817473986319133,pooled_controls,bf16
L29_N2286,29,2286,ambiguity,amb_ctrl_0052,3.310584545135498,3.313588857650757,0.003004312515258789,0.14980924129486084,0.15008544921875,0.14744162559509277,working,True,-0.041748046875,-0.02817473986319133,pooled_controls,bf16
L29_N2286,29,2286,ambiguity,amb_ctrl_0053,2.4620916843414307,2.4413986206054688,-0.020693063735961914,0.3166545331478119,0.31073883175849915,0.14744162559509277,working,True,0.052978515625,-0.02817473986319133,pooled_controls,bf16
L29_N2286,29,2286,ambiguity,amb_ctrl_0054,4.114995956420898,4.11116886138916,-0.0038270950317382812,0.2303536981344223,0.2307974100112915,0.14744162559509277,working,True,-0.1611328125,-0.02817473986319133,pooled_controls,bf16
L29_N2286,29,2286,ambiguity,amb_ctrl_0055,2.642899990081787,2.6373555660247803,-0.005544424057006836,0.32313698530197144,0.32598331570625305,0.14744162559509277,working,True,0.1142578125,-0.02817473986319133,pooled_controls,bf16
L29_N2286,29,2286,ambiguity,amb_ctrl_0056,4.992990493774414,4.961811065673828,-0.031179428100585938,0.13981656730175018,0.1466062217950821,0.14744162559509277,working,True,-0.04931640625,-0.02817473986319133,pooled_controls,bf16
L29_N2286,29,2286,ambiguity,amb_ctrl_0057,0.72358238697052,0.7231670022010803,-0.00041538476943969727,0.6951943039894104,0.6952372193336487,0.14744162559509277,working,True,-0.0576171875,-0.02817473986319133,pooled_controls,bf16
L29_N2286,29,2286,ambiguity,amb_ctrl_0058,3.0716848373413086,3.0708022117614746,-0.0008826255798339844,0.17631740868091583,0.17635253071784973,0.14744162559509277,working,True,-0.0191650390625,-0.02817473986319133,pooled_controls,bf16
L29_N2286,29,2286,ambiguity,amb_ctrl_0059,2.4294238090515137,2.4345784187316895,0.005154609680175781,0.5226604342460632,0.5206205248832703,0.14744162559509277,working,True,-0.00653076171875,-0.02817473986319133,pooled_controls,bf16
L29_N2286,29,2286,ambiguity,amb_ctrl_0060,1.0038834810256958,1.0064672231674194,0.002583742141723633,0.8310943841934204,0.8304131627082825,0.14744162559509277,working,True,-0.040771484375,-0.02817473986319133,pooled_controls,bf16
L29_N2286,29,2286,ambiguity,amb_ctrl_0061,3.0814852714538574,3.1308133602142334,0.04932808876037598,0.42257410287857056,0.40944454073905945,0.14744162559509277,working,True,-0.007354736328125,-0.02817473986319133,pooled_controls,bf16
L29_N2286,29,2286,ambiguity,amb_ctrl_0062,6.099908351898193,6.114821434020996,0.014913082122802734,0.0454409196972847,0.04258907958865166,0.14744162559509277,working,True,-0.00029754638671875,-0.02817473986319133,pooled_controls,bf16
L29_N2286,29,2286,ambiguity,amb_ctrl_0063,3.982426166534424,3.9840822219848633,0.0016560554504394531,0.19488677382469177,0.19513386487960815,0.14744162559509277,working,True,0.039794921875,-0.02817473986319133,pooled_controls,bf16
L29_N2286,29,2286,ambiguity,amb_ctrl_0064,1.2800276279449463,1.2803574800491333,0.0003298521041870117,0.7049450278282166,0.70491623878479,0.14744162559509277,working,True,-0.06884765625,-0.02817473986319133,pooled_controls,bf16
L29_N2286,29,2286,ambiguity,amb_ctrl_0065,1.728804349899292,1.7171292304992676,-0.011675119400024414,0.5687795877456665,0.573326051235199,0.14744162559509277,working,True,0.044921875,-0.02817473986319133,pooled_controls,bf16
L29_N2286,29,2286,ambiguity,amb_ctrl_0066,2.0725255012512207,2.076371908187866,0.003846406936645508,0.38031232357025146,0.37990471720695496,0.14744162559509277,working,True,-0.00897216796875,-0.02817473986319133,pooled_controls,bf16
L29_N2286,29,2286,ambiguity,amb_ctrl_0067,3.082766532897949,3.0811548233032227,-0.0016117095947265625,0.21626727283000946,0.21596914529800415,0.14744162559509277,working,True,-0.032470703125,-0.02817473986319133,pooled_controls,bf16
L29_N2286,29,2286,ambiguity,amb_ctrl_0068,2.5241587162017822,2.52748966217041,0.0033309459686279297,0.29160362482070923,0.29096895456314087,0.14744162559509277,working,True,0.04541015625,-0.02817473986319133,pooled_controls,bf16
L29_N2286,29,2286,ambiguity,amb_ctrl_0069,1.3749003410339355,1.3886971473693848,0.013796806335449219,0.7211427688598633,0.7181582450866699,0.14744162559509277,working,True,0.08154296875,-0.02817473986319133,pooled_controls,bf16
L29_N2286,29,2286,ambiguity,amb_ctrl_0070,1.204169511795044,1.2089035511016846,0.004734039306640625,0.7618666887283325,0.7593147158622742,0.14744162559509277,working,True,-0.123046875,-0.02817473986319133,pooled_controls,bf16
L29_N2286,29,2286,ambiguity,amb_ctrl_0071,2.7363505363464355,2.733900547027588,-0.0024499893188476562,0.2670269310474396,0.26720982789993286,0.14744162559509277,working,True,-0.0478515625,-0.02817473986319133,pooled_controls,bf16
L29_N2286,29,2286,ambiguity,amb_ctrl_0072,0.3991299271583557,0.3984608054161072,-0.0006691217422485352,0.9259452819824219,0.9260088801383972,0.14744162559509277,working,True,-0.010009765625,-0.02817473986319133,pooled_controls,bf16
L29_N2286,29,2286,ambiguity,amb_ctrl_0073,2.7911183834075928,2.7264316082000732,-0.06468677520751953,0.31099262833595276,0.33961936831474304,0.14744162559509277,working,True,-0.1005859375,-0.02817473986319133,pooled_controls,bf16
L29_N2286,29,2286,ambiguity,amb_ctrl_0074,2.8901166915893555,2.8853001594543457,-0.004816532135009766,0.2257860153913498,0.22624145448207855,0.14744162559509277,working,True,-0.015625,-0.02817473986319133,pooled_controls,bf16
L29_N2286,29,2286,ambiguity,amb_ctrl_0075,2.611227512359619,2.615907669067383,0.004680156707763672,0.5451282262802124,0.5444263815879822,0.14744162559509277,working,True,0.002227783203125,-0.02817473986319133,pooled_controls,bf16
L29_N2286,29,2286,ambiguity,amb_ctrl_0076,3.449631690979004,3.4488768577575684,-0.0007548332214355469,0.2657425105571747,0.26565951108932495,0.14744162559509277,working,True,-0.0283203125,-0.02817473986319133,pooled_controls,bf16
L29_N2286,29,2286,ambiguity,amb_ctrl_0077,1.4236340522766113,1.4134626388549805,-0.01017141342163086,0.6163606643676758,0.6189261674880981,0.14744162559509277,working,True,0.171875,-0.02817473986319133,pooled_controls,bf16
L29_N2286,29,2286,ambiguity,amb_ctrl_0078,2.2226996421813965,2.2232556343078613,0.0005559921264648438,0.41798335313796997,0.41793468594551086,0.14744162559509277,working,True,-0.00494384765625,-0.02817473986319133,pooled_controls,bf16
L29_N2286,29,2286,ambiguity,amb_ctrl_0079,2.553337574005127,2.6372570991516113,0.08391952514648438,0.43941590189933777,0.4156974256038666,0.14744162559509277,working,True,-0.01104736328125,-0.02817473986319133,pooled_controls,bf16
L29_N2286,29,2286,ambiguity,amb_ctrl_0080,2.430419445037842,2.408100128173828,-0.022319316864013672,0.27730607986450195,0.27061906456947327,0.14744162559509277,working,True,-0.123046875,-0.02817473986319133,pooled_controls,bf16
L29_N2286,29,2286,ambiguity,amb_ctrl_0081,1.4725465774536133,1.4721159934997559,-0.0004305839538574219,0.5391753315925598,0.5392131209373474,0.14744162559509277,working,True,-0.0203857421875,-0.02817473986319133,pooled_controls,bf16
L29_N2286,29,2286,ambiguity,amb_ctrl_0082,2.0238261222839355,2.028046131134033,0.004220008850097656,0.4524519741535187,0.45195746421813965,0.14744162559509277,working,True,-0.09716796875,-0.02817473986319133,pooled_controls,bf16
L29_N2286,29,2286,ambiguity,amb_ctrl_0083,1.331174373626709,1.3261775970458984,-0.004996776580810547,0.5272114872932434,0.5283944606781006,0.14744162559509277,working,True,-0.00140380859375,-0.02817473986319133,pooled_controls,bf16
L29_N2286,29,2286,ambiguity,amb_ctrl_0084,3.23014760017395,3.2318363189697266,0.0016887187957763672,0.43897515535354614,0.4382169842720032,0.14744162559509277,held_out,True,0.041259765625,-0.02817473986319133,pooled_controls,bf16
L29_N2286,29,2286,ambiguity,amb_ctrl_0085,2.178281784057617,2.1439952850341797,-0.0342864990234375,0.3071621358394623,0.3281312882900238,0.14744162559509277,held_out,True,-0.1357421875,-0.02817473986319133,pooled_controls,bf16
L29_N2286,29,2286,ambiguity,amb_ctrl_0086,1.1892834901809692,1.1877211332321167,-0.001562356948852539,0.6098666191101074,0.6100144982337952,0.14744162559509277,held_out,True,-0.04541015625,-0.02817473986319133,pooled_controls,bf16
L29_N2286,29,2286,ambiguity,amb_ctrl_0087,4.720757007598877,4.716855049133301,-0.003901958465576172,0.18051175773143768,0.18036676943302155,0.14744162559509277,held_out,True,-0.052490234375,-0.02817473986319133,pooled_controls,bf16
L29_N2286,29,2286,ambiguity,amb_ctrl_0088,1.8164480924606323,1.8152730464935303,-0.0011750459671020508,0.3447813093662262,0.34503480792045593,0.14744162559509277,held_out,True,-0.078125,-0.02817473986319133,pooled_controls,bf16
L29_N2286,29,2286,ambiguity,amb_ctrl_0089,0.8166414499282837,0.8117512464523315,-0.0048902034759521484,0.8653537631034851,0.8663474321365356,0.14744162559509277,held_out,True,0.06298828125,-0.02817473986319133,pooled_controls,bf16
L29_N2286,29,2286,ambiguity,amb_ctrl_0090,0.7313582897186279,0.7306458950042725,-0.0007123947143554688,0.8488500714302063,0.8489736318588257,0.14744162559509277,held_out,True,-0.076171875,-0.02817473986319133,pooled_controls,bf16
L29_N2286,29,2286,ambiguity,amb_ctrl_0091,0.7912845611572266,0.7831180095672607,-0.00816655158996582,0.8505407571792603,0.8537790775299072,0.14744162559509277,held_out,True,-0.00823974609375,-0.02817473986319133,pooled_controls,bf16
L29_N2286,29,2286,ambiguity,amb_ctrl_0092,0.20004436373710632,0.19955606758594513,-0.0004882961511611938,0.9656380414962769,0.9657064080238342,0.14744162559509277,held_out,True,-0.068359375,-0.02817473986319133,pooled_controls,bf16
L29_N2286,29,2286,ambiguity,amb_ctrl_0093,0.8184689283370972,0.8180228471755981,-0.00044608116149902344,0.7807179093360901,0.7807708978652954,0.14744162559509277,held_out,True,-0.0272216796875,-0.02817473986319133,pooled_controls,bf16
L29_N2286,29,2286,ambiguity,amb_ctrl_0094,1.9382219314575195,1.9372210502624512,-0.0010008811950683594,0.47598159313201904,0.4761631488800049,0.14744162559509277,held_out,True,0.0380859375,-0.02817473986319133,pooled_controls,bf16
L29_N2286,29,2286,ambiguity,amb_ctrl_0095,0.1967904269695282,0.1971672922372818,0.0003768652677536011,0.9730347990989685,0.97298264503479,0.14744162559509277,held_out,True,-0.07763671875,-0.02817473986319133,pooled_controls,bf16
L29_N2286,29,2286,ambiguity,amb_ctrl_0096,0.27954334020614624,0.30463406443595886,0.025090724229812622,0.9592352509498596,0.9548655152320862,0.14744162559509277,held_out,True,-0.03857421875,-0.02817473986319133,pooled_controls,bf16
L29_N2286,29,2286,ambiguity,amb_ctrl_0097,4.615304946899414,4.617797374725342,0.0024924278259277344,0.2903858721256256,0.29015877842903137,0.14744162559509277,held_out,True,0.0003814697265625,-0.02817473986319133,pooled_controls,bf16
L29_N2286,29,2286,ambiguity,amb_ctrl_0098,1.0526940822601318,1.052486538887024,-0.00020754337310791016,0.7801284193992615,0.7801668047904968,0.14744162559509277,held_out,True,-0.000965118408203125,-0.02817473986319133,pooled_controls,bf16
L29_N2286,29,2286,ambiguity,amb_ctrl_0099,2.617166519165039,2.6201398372650146,0.002973318099975586,0.35361507534980774,0.35318782925605774,0.14744162559509277,held_out,True,0.00421142578125,-0.02817473986319133,pooled_controls,bf16
L29_N2286,29,2286,ambiguity,amb_ctrl_0100,3.230755090713501,3.2322885990142822,0.00153350830078125,0.21227960288524628,0.21274447441101074,0.14744162559509277,held_out,True,0.015380859375,-0.02817473986319133,pooled_controls,bf16
L29_N2286,29,2286,ambiguity,amb_ctrl_0101,2.5137133598327637,2.4512863159179688,-0.06242704391479492,0.3411417007446289,0.3696199059486389,0.14744162559509277,held_out,True,-0.07470703125,-0.02817473986319133,pooled_controls,bf16
L29_N2286,29,2286,ambiguity,amb_ctrl_0102,3.382952928543091,3.383016347885132,6.341934204101562e-05,0.4389851689338684,0.44092559814453125,0.14744162559509277,held_out,True,-0.1796875,-0.02817473986319133,pooled_controls,bf16
L29_N2286,29,2286,ambiguity,amb_ctrl_0103,1.2881443500518799,1.2988886833190918,0.010744333267211914,0.6099465489387512,0.606992244720459,0.14744162559509277,held_out,True,0.01953125,-0.02817473986319133,pooled_controls,bf16
L29_N2286,29,2286,ambiguity,amb_ctrl_0104,1.2201045751571655,1.22791588306427,0.007811307907104492,0.6614540815353394,0.6599349975585938,0.14744162559509277,held_out,True,0.384765625,-0.02817473986319133,pooled_controls,bf16
L29_N2286,29,2286,ambiguity,amb_ctrl_0105,1.7128682136535645,1.6985851526260376,-0.014283061027526855,0.42329180240631104,0.40668630599975586,0.14744162559509277,held_out,True,0.03466796875,-0.02817473986319133,pooled_controls,bf16
L29_N2286,29,2286,ambiguity,amb_ctrl_0106,4.290400505065918,4.294455528259277,0.004055023193359375,0.12830117344856262,0.12817245721817017,0.14744162559509277,held_out,True,-0.0167236328125,-0.02817473986319133,pooled_controls,bf16
L29_N2286,29,2286,ambiguity,amb_ctrl_0107,1.973547339439392,1.96913743019104,-0.004409909248352051,0.5560788512229919,0.5573729872703552,0.14744162559509277,held_out,True,-0.09033203125,-0.02817473986319133,pooled_controls,bf16
L29_N2286,29,2286,ambiguity,amb_ctrl_0108,5.345915794372559,5.342379570007324,-0.003536224365234375,0.19730085134506226,0.19696387648582458,0.14744162559509277,held_out,True,-0.0234375,-0.02817473986319133,pooled_controls,bf16
L29_N2286,29,2286,ambiguity,amb_ctrl_0109,2.405097723007202,2.4055838584899902,0.00048613548278808594,0.5640195608139038,0.5641124844551086,0.14744162559509277,held_out,True,-0.004974365234375,-0.02817473986319133,pooled_controls,bf16
L29_N2286,29,2286,ambiguity,amb_ctrl_0110,2.2092509269714355,2.2041234970092773,-0.005127429962158203,0.2498709261417389,0.25043877959251404,0.14744162559509277,held_out,True,0.0167236328125,-0.02817473986319133,pooled_controls,bf16
L29_N2286,29,2286,ambiguity,amb_ctrl_0111,2.009219169616699,2.0087549686431885,-0.0004642009735107422,0.44997212290763855,0.45000723004341125,0.14744162559509277,held_out,True,-0.0017852783203125,-0.02817473986319133,pooled_controls,bf16
L29_N2286,29,2286,ambiguity,amb_ctrl_0112,1.7968382835388184,1.8783295154571533,0.08149123191833496,0.5710203051567078,0.5457061529159546,0.14744162559509277,held_out,True,0.00058746337890625,-0.02817473986319133,pooled_controls,bf16
L29_N2286,29,2286,ambiguity,amb_ctrl_0113,4.333885192871094,4.322517395019531,-0.0113677978515625,0.34712934494018555,0.34983891248703003,0.14744162559509277,held_out,True,0.03515625,-0.02817473986319133,pooled_controls,bf16
L29_N2286,29,2286,ambiguity,amb_ctrl_0114,1.9962888956069946,1.988126277923584,-0.008162617683410645,0.3115333616733551,0.3199397921562195,0.14744162559509277,held_out,True,-0.051025390625,-0.02817473986319133,pooled_controls,bf16
L29_N2286,29,2286,ambiguity,amb_ctrl_0115,2.317293643951416,2.3133316040039062,-0.003962039947509766,0.4041188955307007,0.4061758518218994,0.14744162559509277,held_out,True,-0.0166015625,-0.02817473986319133,pooled_controls,bf16
L29_N2286,29,2286,ambiguity,amb_ctrl_0116,2.3295745849609375,2.345776081085205,0.016201496124267578,0.3391643166542053,0.33386915922164917,0.14744162559509277,held_out,True,-0.1396484375,-0.02817473986319133,pooled_controls,bf16
L29_N2286,29,2286,ambiguity,amb_ctrl_0117,1.5883352756500244,1.5621402263641357,-0.026195049285888672,0.574742317199707,0.5903359055519104,0.14744162559509277,held_out,True,-0.11767578125,-0.02817473986319133,pooled_controls,bf16
L29_N2286,29,2286,ambiguity,amb_ctrl_0118,2.7129154205322266,2.7109506130218506,-0.0019648075103759766,0.21529023349285126,0.21566185355186462,0.14744162559509277,held_out,True,-0.0244140625,-0.02817473986319133,pooled_controls,bf16
L29_N2286,29,2286,ambiguity,amb_ctrl_0119,3.844236135482788,3.872649908065796,0.028413772583007812,0.126031756401062,0.1204841285943985,0.14744162559509277,held_out,True,0.028564453125,-0.02817473986319133,pooled_controls,bf16
L20_N11087,20,11087,ambiguity,amb_0000,2.131409168243408,2.139132022857666,0.0077228546142578125,0.3043592870235443,0.3060404658317566,0.35338181257247925,working,False,0.002593994140625,0.010254462560017904,pooled_controls,bf16
L20_N11087,20,11087,ambiguity,amb_0001,4.559041500091553,4.5356855392456055,-0.023355960845947266,0.1691441833972931,0.1682128757238388,0.35338181257247925,working,False,0.05615234375,0.010254462560017904,pooled_controls,bf16
L20_N11087,20,11087,ambiguity,amb_0002,0.5591363906860352,0.5592973828315735,0.00016099214553833008,0.7746531963348389,0.7746391892433167,0.35338181257247925,working,False,0.034423828125,0.010254462560017904,pooled_controls,bf16
L20_N11087,20,11087,ambiguity,amb_0003,0.7737653255462646,0.7804974317550659,0.0067321062088012695,0.8860874176025391,0.884593665599823,0.35338181257247925,working,False,-0.00095367431640625,0.010254462560017904,pooled_controls,bf16
L20_N11087,20,11087,ambiguity,amb_0004,3.214151620864868,3.17086124420166,-0.04329037666320801,0.3810039460659027,0.3895420730113983,0.35338181257247925,working,False,0.013916015625,0.010254462560017904,pooled_controls,bf16
L20_N11087,20,11087,ambiguity,amb_0005,0.40345656871795654,0.40329721570014954,-0.00015935301780700684,0.9331170916557312,0.933190107345581,0.35338181257247925,working,False,-0.0281982421875,0.010254462560017904,pooled_controls,bf16
L20_N11087,20,11087,ambiguity,amb_0006,2.6447858810424805,2.648071050643921,0.0032851696014404297,0.3364722430706024,0.3359876871109009,0.35338181257247925,working,False,-0.0595703125,0.010254462560017904,pooled_controls,bf16
L20_N11087,20,11087,ambiguity,amb_0007,2.73992919921875,2.709810256958008,-0.030118942260742188,0.3336516320705414,0.33911749720573425,0.35338181257247925,working,False,-0.0196533203125,0.010254462560017904,pooled_controls,bf16
L20_N11087,20,11087,ambiguity,amb_0008,3.0731167793273926,3.075460910797119,0.0023441314697265625,0.321990430355072,0.3210611641407013,0.35338181257247925,working,False,0.001007080078125,0.010254462560017904,pooled_controls,bf16
L20_N11087,20,11087,ambiguity,amb_0009,2.3017964363098145,2.298278570175171,-0.0035178661346435547,0.3590010106563568,0.35955750942230225,0.35338181257247925,working,False,0.026611328125,0.010254462560017904,pooled_controls,bf16
L20_N11087,20,11087,ambiguity,amb_0010,3.0725746154785156,3.0889718532562256,0.01639723777770996,0.32308200001716614,0.30593767762184143,0.35338181257247925,working,False,0.04443359375,0.010254462560017904,pooled_controls,bf16
L20_N11087,20,11087,ambiguity,amb_0011,0.1853773295879364,0.18346825242042542,-0.0019090771675109863,0.9783462882041931,0.9786848425865173,0.35338181257247925,working,False,-0.00170135498046875,0.010254462560017904,pooled_controls,bf16
L20_N11087,20,11087,ambiguity,amb_0012,0.2827058434486389,0.27392593026161194,-0.008779913187026978,0.9530503153800964,0.9551344513893127,0.35338181257247925,working,False,-0.0020751953125,0.010254462560017904,pooled_controls,bf16
L20_N11087,20,11087,ambiguity,amb_0013,2.846848487854004,2.846886157989502,3.7670135498046875e-05,0.23987779021263123,0.23984961211681366,0.35338181257247925,working,False,0.04931640625,0.010254462560017904,pooled_controls,bf16
L20_N11087,20,11087,ambiguity,amb_0014,1.7274397611618042,1.7218924760818481,-0.005547285079956055,0.6531180739402771,0.6539818644523621,0.35338181257247925,working,False,0.0255126953125,0.010254462560017904,pooled_controls,bf16
L20_N11087,20,11087,ambiguity,amb_0015,2.646392345428467,2.651721954345703,0.005329608917236328,0.2669826149940491,0.26615655422210693,0.35338181257247925,working,False,0.00872802734375,0.010254462560017904,pooled_controls,bf16
L20_N11087,20,11087,ambiguity,amb_0016,2.1020545959472656,2.1141109466552734,0.012056350708007812,0.356288343667984,0.3525504171848297,0.35338181257247925,working,False,-0.002471923828125,0.010254462560017904,pooled_controls,bf16
L20_N11087,20,11087,ambiguity,amb_0017,2.545952796936035,2.582834482192993,0.03688168525695801,0.3178497850894928,0.2855987548828125,0.35338181257247925,working,False,-0.05615234375,0.010254462560017904,pooled_controls,bf16
L20_N11087,20,11087,ambiguity,amb_0018,2.6739742755889893,2.6019697189331055,-0.07200455665588379,0.5581860542297363,0.5777915120124817,0.35338181257247925,working,False,0.01318359375,0.010254462560017904,pooled_controls,bf16
L20_N11087,20,11087,ambiguity,amb_0019,3.003119945526123,3.0113372802734375,0.008217334747314453,0.26456767320632935,0.2612319588661194,0.35338181257247925,working,False,-0.001678466796875,0.010254462560017904,pooled_controls,bf16
L20_N11087,20,11087,ambiguity,amb_0020,3.019925832748413,3.029973030090332,0.010047197341918945,0.2309427112340927,0.23228192329406738,0.35338181257247925,working,False,-0.00506591796875,0.010254462560017904,pooled_controls,bf16
L20_N11087,20,11087,ambiguity,amb_0021,0.8744735717773438,0.8858240246772766,0.011350452899932861,0.78462815284729,0.7817116379737854,0.35338181257247925,working,False,0.0751953125,0.010254462560017904,pooled_controls,bf16
L20_N11087,20,11087,ambiguity,amb_0022,1.4463167190551758,1.4516172409057617,0.0053005218505859375,0.6989033222198486,0.6976217031478882,0.35338181257247925,working,False,-0.033447265625,0.010254462560017904,pooled_controls,bf16
L20_N11087,20,11087,ambiguity,amb_0023,2.3588614463806152,2.358808755874634,-5.269050598144531e-05,0.3514297902584076,0.35059574246406555,0.35338181257247925,working,False,-0.004669189453125,0.010254462560017904,pooled_controls,bf16
L20_N11087,20,11087,ambiguity,amb_0024,2.423225164413452,2.407289505004883,-0.015935659408569336,0.163632333278656,0.1629721224308014,0.35338181257247925,working,False,0.004547119140625,0.010254462560017904,pooled_controls,bf16
L20_N11087,20,11087,ambiguity,amb_0025,2.3594460487365723,2.419365406036377,0.05991935729980469,0.38730406761169434,0.35881364345550537,0.35338181257247925,working,False,0.00494384765625,0.010254462560017904,pooled_controls,bf16
L20_N11087,20,11087,ambiguity,amb_0026,3.7028703689575195,3.762054443359375,0.05918407440185547,0.3228043019771576,0.306852787733078,0.35338181257247925,working,False,0.01544189453125,0.010254462560017904,pooled_controls,bf16
L20_N11087,20,11087,ambiguity,amb_0027,1.8813252449035645,1.889980435371399,0.008655190467834473,0.6477286219596863,0.6429809927940369,0.35338181257247925,working,False,0.01904296875,0.010254462560017904,pooled_controls,bf16
L20_N11087,20,11087,ambiguity,amb_0028,2.591080665588379,2.5858078002929688,-0.005272865295410156,0.5235283970832825,0.5252438187599182,0.35338181257247925,working,False,0.1279296875,0.010254462560017904,pooled_controls,bf16
L20_N11087,20,11087,ambiguity,amb_0029,2.0469510555267334,2.0645599365234375,0.0176088809967041,0.5000725388526917,0.49308955669403076,0.35338181257247925,working,False,-0.0040283203125,0.010254462560017904,pooled_controls,bf16
L20_N11087,20,11087,ambiguity,amb_0030,1.3423449993133545,1.378897786140442,0.0365527868270874,0.5465922355651855,0.5235980749130249,0.35338181257247925,working,False,0.0194091796875,0.010254462560017904,pooled_controls,bf16
L20_N11087,20,11087,ambiguity,amb_0031,2.5924174785614014,2.549808979034424,-0.04260849952697754,0.2651655673980713,0.2900978624820709,0.35338181257247925,working,False,-0.09765625,0.010254462560017904,pooled_controls,bf16
L20_N11087,20,11087,ambiguity,amb_0032,0.7734093070030212,0.771048903465271,-0.002360403537750244,0.7512880563735962,0.7516471147537231,0.35338181257247925,working,False,-0.00096893310546875,0.010254462560017904,pooled_controls,bf16
L20_N11087,20,11087,ambiguity,amb_0033,0.3125807046890259,0.3071656823158264,-0.005415022373199463,0.9496376514434814,0.9507514834403992,0.35338181257247925,working,False,0.0830078125,0.010254462560017904,pooled_controls,bf16
L20_N11087,20,11087,ambiguity,amb_0034,0.06319817155599594,0.060597870498895645,-0.002600301057100296,0.9920816421508789,0.9925245642662048,0.35338181257247925,working,False,-0.0284423828125,0.010254462560017904,pooled_controls,bf16
L20_N11087,20,11087,ambiguity,amb_0035,3.2133400440216064,3.2052502632141113,-0.008089780807495117,0.14269918203353882,0.14340439438819885,0.35338181257247925,working,False,0.0223388671875,0.010254462560017904,pooled_controls,bf16
L20_N11087,20,11087,ambiguity,amb_0036,0.27980995178222656,0.3115655779838562,0.03175562620162964,0.956149697303772,0.9498124718666077,0.35338181257247925,working,False,0.00604248046875,0.010254462560017904,pooled_controls,bf16
L20_N11087,20,11087,ambiguity,amb_0037,2.2706377506256104,2.2780847549438477,0.007447004318237305,0.2931281328201294,0.28949233889579773,0.35338181257247925,working,False,0.0003643035888671875,0.010254462560017904,pooled_controls,bf16
L20_N11087,20,11087,ambiguity,amb_0038,1.907806158065796,1.9204906225204468,0.012684464454650879,0.5503026843070984,0.5482109189033508,0.35338181257247925,working,False,-0.004302978515625,0.010254462560017904,pooled_controls,bf16
L20_N11087,20,11087,ambiguity,amb_0039,0.4548197090625763,0.41727232933044434,-0.03754737973213196,0.8976051807403564,0.9085063338279724,0.35338181257247925,working,False,0.041015625,0.010254462560017904,pooled_controls,bf16
L20_N11087,20,11087,ambiguity,amb_0040,2.049222946166992,2.047194719314575,-0.002028226852416992,0.47096139192581177,0.47116395831108093,0.35338181257247925,working,False,0.0218505859375,0.010254462560017904,pooled_controls,bf16
L20_N11087,20,11087,ambiguity,amb_0041,0.4766418933868408,0.4807991087436676,0.004157215356826782,0.9048458933830261,0.9042236804962158,0.35338181257247925,working,False,-0.00063323974609375,0.010254462560017904,pooled_controls,bf16
L20_N11087,20,11087,ambiguity,amb_0042,3.4453678131103516,3.443903923034668,-0.0014638900756835938,0.12374655902385712,0.12357407808303833,0.35338181257247925,working,False,-0.0030364990234375,0.010254462560017904,pooled_controls,bf16
L20_N11087,20,11087,ambiguity,amb_0043,2.176589012145996,2.169243812561035,-0.0073451995849609375,0.3841998279094696,0.38498759269714355,0.35338181257247925,working,False,0.0035552978515625,0.010254462560017904,pooled_controls,bf16
L20_N11087,20,11087,ambiguity,amb_0044,2.562283515930176,2.5735111236572266,0.011227607727050781,0.3696751594543457,0.36812517046928406,0.35338181257247925,working,False,-0.00567626953125,0.010254462560017904,pooled_controls,bf16
L20_N11087,20,11087,ambiguity,amb_0045,2.8056182861328125,2.805145740509033,-0.0004725456237792969,0.22283335030078888,0.22371649742126465,0.35338181257247925,working,False,0.057861328125,0.010254462560017904,pooled_controls,bf16
L20_N11087,20,11087,ambiguity,amb_0046,1.8792414665222168,1.8712977170944214,-0.00794374942779541,0.43458327651023865,0.436035692691803,0.35338181257247925,working,False,0.0654296875,0.010254462560017904,pooled_controls,bf16
L20_N11087,20,11087,ambiguity,amb_0047,3.5664448738098145,3.58307147026062,0.016626596450805664,0.1757456362247467,0.17765970528125763,0.35338181257247925,working,False,0.007720947265625,0.010254462560017904,pooled_controls,bf16
L20_N11087,20,11087,ambiguity,amb_0048,2.5035877227783203,2.510406017303467,0.006818294525146484,0.38110023736953735,0.3796939253807068,0.35338181257247925,working,False,-0.00396728515625,0.010254462560017904,pooled_controls,bf16
L20_N11087,20,11087,ambiguity,amb_0049,4.102269172668457,4.1133551597595215,0.011085987091064453,0.16889438033103943,0.16937753558158875,0.35338181257247925,working,False,0.0042724609375,0.010254462560017904,pooled_controls,bf16
L20_N11087,20,11087,ambiguity,amb_0050,0.5448554754257202,0.5525720119476318,0.007716536521911621,0.9203320145606995,0.9186160564422607,0.35338181257247925,working,False,0.0400390625,0.010254462560017904,pooled_controls,bf16
L20_N11087,20,11087,ambiguity,amb_0051,2.2842979431152344,2.2825257778167725,-0.001772165298461914,0.3175898790359497,0.31768253445625305,0.35338181257247925,working,False,-0.01507568359375,0.010254462560017904,pooled_controls,bf16
L20_N11087,20,11087,ambiguity,amb_0052,2.544663667678833,2.5408315658569336,-0.003832101821899414,0.3059062957763672,0.3065717816352844,0.35338181257247925,working,False,0.00151824951171875,0.010254462560017904,pooled_controls,bf16
L20_N11087,20,11087,ambiguity,amb_0053,0.26553624868392944,0.2626483738422394,-0.0028878748416900635,0.9484477639198303,0.9488672614097595,0.35338181257247925,working,False,0.07275390625,0.010254462560017904,pooled_controls,bf16
L20_N11087,20,11087,ambiguity,amb_0054,3.3073582649230957,3.3059492111206055,-0.0014090538024902344,0.20128417015075684,0.20246660709381104,0.35338181257247925,working,False,-0.000507354736328125,0.010254462560017904,pooled_controls,bf16
L20_N11087,20,11087,ambiguity,amb_0055,2.3507449626922607,2.354954719543457,0.004209756851196289,0.3764025568962097,0.3759721517562866,0.35338181257247925,working,False,-0.023193359375,0.010254462560017904,pooled_controls,bf16
L20_N11087,20,11087,ambiguity,amb_0056,2.9696860313415527,2.973099708557129,0.003413677215576172,0.3324529230594635,0.3281763792037964,0.35338181257247925,working,False,-0.01220703125,0.010254462560017904,pooled_controls,bf16
L20_N11087,20,11087,ambiguity,amb_0057,3.6951136589050293,3.688760757446289,-0.006352901458740234,0.2154395580291748,0.21395304799079895,0.35338181257247925,working,False,-0.0125732421875,0.010254462560017904,pooled_controls,bf16
L20_N11087,20,11087,ambiguity,amb_0058,0.6380835771560669,0.6697289943695068,0.03164541721343994,0.8878673315048218,0.8796082139015198,0.35338181257247925,working,False,-0.006378173828125,0.010254462560017904,pooled_controls,bf16
L20_N11087,20,11087,ambiguity,amb_0059,1.6167001724243164,1.6055223941802979,-0.011177778244018555,0.4122750759124756,0.41370415687561035,0.35338181257247925,working,False,0.02294921875,0.010254462560017904,pooled_controls,bf16
L20_N11087,20,11087,ambiguity,amb_0060,2.2315759658813477,2.2311043739318848,-0.0004715919494628906,0.4630894958972931,0.4636835753917694,0.35338181257247925,working,False,-0.0260009765625,0.010254462560017904,pooled_controls,bf16
L20_N11087,20,11087,ambiguity,amb_0061,2.1432714462280273,2.1405189037323,-0.002752542495727539,0.34881308674812317,0.3489338755607605,0.35338181257247925,working,False,-0.15234375,0.010254462560017904,pooled_controls,bf16
L20_N11087,20,11087,ambiguity,amb_0062,0.42451727390289307,0.38987910747528076,-0.034638166427612305,0.9445533156394958,0.9497984051704407,0.35338181257247925,working,False,0.0250244140625,0.010254462560017904,pooled_controls,bf16
L20_N11087,20,11087,ambiguity,amb_0063,3.6907150745391846,3.691187858581543,0.00047278404235839844,0.31620991230010986,0.3183175027370453,0.35338181257247925,working,False,0.0084228515625,0.010254462560017904,pooled_controls,bf16
L20_N11087,20,11087,ambiguity,amb_0064,2.0356671810150146,2.0349349975585938,-0.0007321834564208984,0.33568695187568665,0.33574631810188293,0.35338181257247925,working,False,0.01470947265625,0.010254462560017904,pooled_controls,bf16
L20_N11087,20,11087,ambiguity,amb_0065,0.09549930691719055,0.0955171138048172,1.780688762664795e-05,0.9887312054634094,0.9887455105781555,0.35338181257247925,working,False,-0.006195068359375,0.010254462560017904,pooled_controls,bf16
L20_N11087,20,11087,ambiguity,amb_0066,2.0707223415374756,2.0596811771392822,-0.01104116439819336,0.32435888051986694,0.3251771032810211,0.35338181257247925,working,False,-0.00201416015625,0.010254462560017904,pooled_controls,bf16
L20_N11087,20,11087,ambiguity,amb_0067,3.4030425548553467,3.400367021560669,-0.0026755332946777344,0.2503643333911896,0.2495010644197464,0.35338181257247925,working,False,0.0162353515625,0.010254462560017904,pooled_controls,bf16
L20_N11087,20,11087,ambiguity,amb_0068,0.27864107489585876,0.2784602642059326,-0.00018081068992614746,0.9491060376167297,0.9491267204284668,0.35338181257247925,working,False,0.07373046875,0.010254462560017904,pooled_controls,bf16
L20_N11087,20,11087,ambiguity,amb_0069,3.569601058959961,3.571495532989502,0.0018944740295410156,0.23654481768608093,0.23712760210037231,0.35338181257247925,working,False,0.07177734375,0.010254462560017904,pooled_controls,bf16
L20_N11087,20,11087,ambiguity,amb_0070,1.2353311777114868,1.2287120819091797,-0.006619095802307129,0.7235127687454224,0.7268685102462769,0.35338181257247925,working,False,0.00250244140625,0.010254462560017904,pooled_controls,bf16
L20_N11087,20,11087,ambiguity,amb_0071,0.5878744125366211,0.5893868207931519,0.0015124082565307617,0.9036218523979187,0.9032726287841797,0.35338181257247925,working,False,0.0269775390625,0.010254462560017904,pooled_controls,bf16
L20_N11087,20,11087,ambiguity,amb_0072,1.4870750904083252,1.500525712966919,0.01345062255859375,0.7113951444625854,0.706798791885376,0.35338181257247925,working,False,0.0208740234375,0.010254462560017904,pooled_controls,bf16
L20_N11087,20,11087,ambiguity,amb_0073,2.011209487915039,2.014461040496826,0.0032515525817871094,0.25993621349334717,0.25972846150398254,0.35338181257247925,working,False,-0.007049560546875,0.010254462560017904,pooled_controls,bf16
L20_N11087,20,11087,ambiguity,amb_0074,1.8976142406463623,1.9700498580932617,0.07243561744689941,0.5668606758117676,0.5449252128601074,0.35338181257247925,working,False,0.006195068359375,0.010254462560017904,pooled_controls,bf16
L20_N11087,20,11087,ambiguity,amb_0075,2.3578433990478516,2.366370916366577,0.008527517318725586,0.483648419380188,0.4842364490032196,0.35338181257247925,working,False,0.0225830078125,0.010254462560017904,pooled_controls,bf16
L20_N11087,20,11087,ambiguity,amb_0076,2.618499994277954,2.574831485748291,-0.043668508529663086,0.2548840641975403,0.27939504384994507,0.35338181257247925,working,False,0.02734375,0.010254462560017904,pooled_controls,bf16
L20_N11087,20,11087,ambiguity,amb_0077,2.4425735473632812,2.4368226528167725,-0.005750894546508789,0.5396357774734497,0.5429187417030334,0.35338181257247925,working,False,-0.02392578125,0.010254462560017904,pooled_controls,bf16
L20_N11087,20,11087,ambiguity,amb_0078,1.1666830778121948,1.2270528078079224,0.06036972999572754,0.7637596130371094,0.7492554187774658,0.35338181257247925,working,False,0.0012664794921875,0.010254462560017904,pooled_controls,bf16
L20_N11087,20,11087,ambiguity,amb_0079,2.033189535140991,2.0294628143310547,-0.0037267208099365234,0.3496057987213135,0.34302327036857605,0.35338181257247925,working,False,-0.003692626953125,0.010254462560017904,pooled_controls,bf16
L20_N11087,20,11087,ambiguity,amb_0080,2.0369515419006348,2.040543794631958,0.003592252731323242,0.4895094633102417,0.4891264736652374,0.35338181257247925,working,False,-0.0048828125,0.010254462560017904,pooled_controls,bf16
L20_N11087,20,11087,ambiguity,amb_0081,3.092586040496826,3.0112552642822266,-0.08133077621459961,0.5298091173171997,0.5457030534744263,0.35338181257247925,working,False,0.031494140625,0.010254462560017904,pooled_controls,bf16
L20_N11087,20,11087,ambiguity,amb_0082,1.6431922912597656,1.644508719444275,0.0013164281845092773,0.7570251226425171,0.7574771046638489,0.35338181257247925,working,False,0.0267333984375,0.010254462560017904,pooled_controls,bf16
L20_N11087,20,11087,ambiguity,amb_0083,5.554958343505859,5.559196949005127,0.004238605499267578,0.07461758702993393,0.0747833251953125,0.35338181257247925,working,False,0.0093994140625,0.010254462560017904,pooled_controls,bf16
L20_N11087,20,11087,ambiguity,amb_0084,2.906287670135498,2.902059555053711,-0.004228115081787109,0.4053276777267456,0.40647217631340027,0.35338181257247925,held_out,False,-0.0189208984375,0.010254462560017904,pooled_controls,bf16
L20_N11087,20,11087,ambiguity,amb_0085,3.2369580268859863,3.234628200531006,-0.0023298263549804688,0.4754219353199005,0.47660282254219055,0.35338181257247925,held_out,False,-0.009521484375,0.010254462560017904,pooled_controls,bf16
L20_N11087,20,11087,ambiguity,amb_0086,3.4680352210998535,3.4693045616149902,0.0012693405151367188,0.16339129209518433,0.16424702107906342,0.35338181257247925,held_out,False,0.0224609375,0.010254462560017904,pooled_controls,bf16
L20_N11087,20,11087,ambiguity,amb_0087,0.21132242679595947,0.2160404473543167,0.004718020558357239,0.9734991192817688,0.9726560711860657,0.35338181257247925,held_out,False,0.03369140625,0.010254462560017904,pooled_controls,bf16
L20_N11087,20,11087,ambiguity,amb_0088,3.366471767425537,3.396317481994629,0.029845714569091797,0.26610100269317627,0.25174033641815186,0.35338181257247925,held_out,False,0.036376953125,0.010254462560017904,pooled_controls,bf16
L20_N11087,20,11087,ambiguity,amb_0089,3.781087636947632,3.7725772857666016,-0.008510351181030273,0.3369584083557129,0.3334226906299591,0.35338181257247925,held_out,False,0.0751953125,0.010254462560017904,pooled_controls,bf16
L20_N11087,20,11087,ambiguity,amb_0090,0.8448827266693115,0.8429630994796753,-0.0019196271896362305,0.7932525873184204,0.7935144901275635,0.35338181257247925,held_out,False,-0.00286865234375,0.010254462560017904,pooled_controls,bf16
L20_N11087,20,11087,ambiguity,amb_0091,1.8923972845077515,1.886724591255188,-0.0056726932525634766,0.5461603403091431,0.5472002625465393,0.35338181257247925,held_out,False,-0.004150390625,0.010254462560017904,pooled_controls,bf16
L20_N11087,20,11087,ambiguity,amb_0092,1.6362665891647339,1.719125509262085,0.08285892009735107,0.7017658948898315,0.6861819624900818,0.35338181257247925,held_out,False,0.08203125,0.010254462560017904,pooled_controls,bf16
L20_N11087,20,11087,ambiguity,amb_0093,0.8634747862815857,0.8619115352630615,-0.00156325101852417,0.8298888802528381,0.8301184773445129,0.35338181257247925,held_out,False,-0.00086212158203125,0.010254462560017904,pooled_controls,bf16
L20_N11087,20,11087,ambiguity,amb_0094,1.7390378713607788,1.7277183532714844,-0.011319518089294434,0.4728764593601227,0.47525548934936523,0.35338181257247925,held_out,False,-0.000698089599609375,0.010254462560017904,pooled_controls,bf16
L20_N11087,20,11087,ambiguity,amb_0095,0.821681022644043,0.8212502598762512,-0.00043076276779174805,0.8072279691696167,0.8073013424873352,0.35338181257247925,held_out,False,-0.0155029296875,0.010254462560017904,pooled_controls,bf16
L20_N11087,20,11087,ambiguity,amb_0096,2.501300573348999,2.430980682373047,-0.07031989097595215,0.2968878149986267,0.31017452478408813,0.35338181257247925,held_out,False,0.0024871826171875,0.010254462560017904,pooled_controls,bf16
L20_N11087,20,11087,ambiguity,amb_0097,2.996896743774414,2.9306142330169678,-0.06628251075744629,0.2316855490207672,0.24765734374523163,0.35338181257247925,held_out,False,-0.00128936767578125,0.010254462560017904,pooled_controls,bf16
L20_N11087,20,11087,ambiguity,amb_0098,2.3167881965637207,2.3171584606170654,0.00037026405334472656,0.26292508840560913,0.26303616166114807,0.35338181257247925,held_out,False,-0.0009765625,0.010254462560017904,pooled_controls,bf16
L20_N11087,20,11087,ambiguity,amb_0099,2.436516284942627,2.439258098602295,0.0027418136596679688,0.35596418380737305,0.35549184679985046,0.35338181257247925,held_out,False,0.000598907470703125,0.010254462560017904,pooled_controls,bf16
L20_N11087,20,11087,ambiguity,amb_0100,1.7052080631256104,1.6998227834701538,-0.005385279655456543,0.5621854066848755,0.5634816884994507,0.35338181257247925,held_out,False,0.06201171875,0.010254462560017904,pooled_controls,bf16
L20_N11087,20,11087,ambiguity,amb_0101,2.0023765563964844,2.0163981914520264,0.014021635055541992,0.4655653238296509,0.46183645725250244,0.35338181257247925,held_out,False,-0.01470947265625,0.010254462560017904,pooled_controls,bf16
L20_N11087,20,11087,ambiguity,amb_0102,2.005124568939209,2.00455641746521,-0.0005681514739990234,0.29406610131263733,0.29408490657806396,0.35338181257247925,held_out,False,-0.00274658203125,0.010254462560017904,pooled_controls,bf16
L20_N11087,20,11087,ambiguity,amb_0103,4.778031349182129,4.768433570861816,-0.0095977783203125,0.10608897358179092,0.11371997743844986,0.35338181257247925,held_out,False,0.00732421875,0.010254462560017904,pooled_controls,bf16
L20_N11087,20,11087,ambiguity,amb_0104,1.1206187009811401,1.0524781942367554,-0.06814050674438477,0.7675607800483704,0.7854148745536804,0.35338181257247925,held_out,False,0.00347900390625,0.010254462560017904,pooled_controls,bf16
L20_N11087,20,11087,ambiguity,amb_0105,2.1002590656280518,2.0949363708496094,-0.005322694778442383,0.5084797739982605,0.5111756324768066,0.35338181257247925,held_out,False,-0.0235595703125,0.010254462560017904,pooled_controls,bf16
L20_N11087,20,11087,ambiguity,amb_0106,0.5232242941856384,0.5163091421127319,-0.006915152072906494,0.9280524849891663,0.9293817281723022,0.35338181257247925,held_out,False,0.021484375,0.010254462560017904,pooled_controls,bf16
L20_N11087,20,11087,ambiguity,amb_0107,2.999772548675537,2.999580144882202,-0.00019240379333496094,0.1862751543521881,0.18575459718704224,0.35338181257247925,held_out,False,-0.0021209716796875,0.010254462560017904,pooled_controls,bf16
L20_N11087,20,11087,ambiguity,amb_0108,2.6803855895996094,2.661506175994873,-0.018879413604736328,0.1892421841621399,0.1841495782136917,0.35338181257247925,held_out,False,0.043701171875,0.010254462560017904,pooled_controls,bf16
L20_N11087,20,11087,ambiguity,amb_0109,0.34986984729766846,0.3431645929813385,-0.006705254316329956,0.9464108347892761,0.9479349255561829,0.35338181257247925,held_out,False,-0.0712890625,0.010254462560017904,pooled_controls,bf16
L20_N11087,20,11087,ambiguity,amb_0110,1.9645905494689941,1.9728468656539917,0.008256316184997559,0.4899759590625763,0.48761841654777527,0.35338181257247925,held_out,False,-8.940696716308594e-06,0.010254462560017904,pooled_controls,bf16
L20_N11087,20,11087,ambiguity,amb_0111,3.8684067726135254,3.867954969406128,-0.00045180320739746094,0.20527321100234985,0.20649752020835876,0.35338181257247925,held_out,False,0.0732421875,0.010254462560017904,pooled_controls,bf16
L20_N11087,20,11087,ambiguity,amb_0112,2.176384449005127,2.1605629920959473,-0.015821456909179688,0.3407977223396301,0.34365683794021606,0.35338181257247925,held_out,False,0.01348876953125,0.010254462560017904,pooled_controls,bf16
L20_N11087,20,11087,ambiguity,amb_0113,0.9256861805915833,0.859824001789093,-0.06586217880249023,0.8043229579925537,0.8227580785751343,0.35338181257247925,held_out,False,-0.03955078125,0.010254462560017904,pooled_controls,bf16
L20_N11087,20,11087,ambiguity,amb_0114,0.7204865217208862,0.7796812057495117,0.05919468402862549,0.8451882004737854,0.8282131552696228,0.35338181257247925,held_out,False,0.01336669921875,0.010254462560017904,pooled_controls,bf16
L20_N11087,20,11087,ambiguity,amb_0115,2.9680774211883545,2.9667015075683594,-0.0013759136199951172,0.34782540798187256,0.3485471308231354,0.35338181257247925,held_out,False,0.016357421875,0.010254462560017904,pooled_controls,bf16
L20_N11087,20,11087,ambiguity,amb_0116,1.9323124885559082,1.9363149404525757,0.0040024518966674805,0.5209304094314575,0.5196224451065063,0.35338181257247925,held_out,False,0.0032958984375,0.010254462560017904,pooled_controls,bf16
L20_N11087,20,11087,ambiguity,amb_0117,0.41895708441734314,0.45732399821281433,0.03836691379547119,0.9367285370826721,0.9299920201301575,0.35338181257247925,held_out,False,0.041015625,0.010254462560017904,pooled_controls,bf16
L20_N11087,20,11087,ambiguity,amb_0118,2.198213577270508,2.1946115493774414,-0.0036020278930664062,0.43398311734199524,0.43429383635520935,0.35338181257247925,held_out,False,-0.01361083984375,0.010254462560017904,pooled_controls,bf16
L20_N11087,20,11087,ambiguity,amb_0119,2.812081813812256,2.814995288848877,0.0029134750366210938,0.23698896169662476,0.23301345109939575,0.35338181257247925,held_out,False,0.00116729736328125,0.010254462560017904,pooled_controls,bf16
L20_N11087,20,11087,ambiguity,amb_ctrl_0000,0.7766406536102295,0.7776305675506592,0.0009899139404296875,0.8515368700027466,0.8513959050178528,0.35338181257247925,working,True,-0.005218505859375,0.010254462560017904,pooled_controls,bf16
L20_N11087,20,11087,ambiguity,amb_ctrl_0001,0.09729471802711487,0.09540824592113495,-0.0018864721059799194,0.9864110350608826,0.9867592453956604,0.35338181257247925,working,True,0.041748046875,0.010254462560017904,pooled_controls,bf16
L20_N11087,20,11087,ambiguity,amb_ctrl_0002,1.1501094102859497,1.12887704372406,-0.02123236656188965,0.5672774314880371,0.5944260358810425,0.35338181257247925,working,True,0.004730224609375,0.010254462560017904,pooled_controls,bf16
L20_N11087,20,11087,ambiguity,amb_ctrl_0003,2.734994411468506,2.7353129386901855,0.0003185272216796875,0.21374362707138062,0.21286539733409882,0.35338181257247925,working,True,-0.043212890625,0.010254462560017904,pooled_controls,bf16
L20_N11087,20,11087,ambiguity,amb_ctrl_0004,1.2866910696029663,1.3294771909713745,0.0427861213684082,0.5674577355384827,0.5605008602142334,0.35338181257247925,working,True,0.052490234375,0.010254462560017904,pooled_controls,bf16
L20_N11087,20,11087,ambiguity,amb_ctrl_0005,2.6738407611846924,2.719614267349243,0.04577350616455078,0.4896385371685028,0.484486848115921,0.35338181257247925,working,True,0.0419921875,0.010254462560017904,pooled_controls,bf16
L20_N11087,20,11087,ambiguity,amb_ctrl_0006,0.201217919588089,0.2020663172006607,0.0008483976125717163,0.9678196907043457,0.9677263498306274,0.35338181257247925,working,True,0.00848388671875,0.010254462560017904,pooled_controls,bf16
L20_N11087,20,11087,ambiguity,amb_ctrl_0007,0.2947760224342346,0.2831694781780243,-0.011606544256210327,0.949904203414917,0.9529456496238708,0.35338181257247925,working,True,0.03173828125,0.010254462560017904,pooled_controls,bf16
L20_N11087,20,11087,ambiguity,amb_ctrl_0008,1.9313079118728638,1.9311864376068115,-0.0001214742660522461,0.36000311374664307,0.3600212633609772,0.35338181257247925,working,True,0.0047607421875,0.010254462560017904,pooled_controls,bf16
L20_N11087,20,11087,ambiguity,amb_ctrl_0009,0.604310154914856,0.6268633604049683,0.022553205490112305,0.8772097826004028,0.8675850629806519,0.35338181257247925,working,True,0.0021514892578125,0.010254462560017904,pooled_controls,bf16
L20_N11087,20,11087,ambiguity,amb_ctrl_0010,0.12707942724227905,0.12705643475055695,-2.2992491722106934e-05,0.9798086285591125,0.979810893535614,0.35338181257247925,working,True,-0.001983642578125,0.010254462560017904,pooled_controls,bf16
L20_N11087,20,11087,ambiguity,amb_ctrl_0011,4.238875389099121,4.232247352600098,-0.0066280364990234375,0.10977223515510559,0.11650163680315018,0.35338181257247925,working,True,0.07568359375,0.010254462560017904,pooled_controls,bf16
L20_N11087,20,11087,ambiguity,amb_ctrl_0012,2.522399425506592,2.5415375232696533,0.019138097763061523,0.2560243010520935,0.2645198404788971,0.35338181257247925,working,True,-0.004608154296875,0.010254462560017904,pooled_controls,bf16
L20_N11087,20,11087,ambiguity,amb_ctrl_0013,5.372662544250488,5.3742523193359375,0.0015897750854492188,0.10198619961738586,0.1032116711139679,0.35338181257247925,working,True,0.021484375,0.010254462560017904,pooled_controls,bf16
L20_N11087,20,11087,ambiguity,amb_ctrl_0014,0.5423544645309448,0.5441561937332153,0.0018017292022705078,0.9037502408027649,0.903529942035675,0.35338181257247925,working,True,0.005706787109375,0.010254462560017904,pooled_controls,bf16
L20_N11087,20,11087,ambiguity,amb_ctrl_0015,4.3377366065979,4.331447601318359,-0.006289005279541016,0.2934378981590271,0.28973761200904846,0.35338181257247925,working,True,-0.0013885498046875,0.010254462560017904,pooled_controls,bf16
L20_N11087,20,11087,ambiguity,amb_ctrl_0016,2.8179564476013184,2.8104662895202637,-0.0074901580810546875,0.24184849858283997,0.23610402643680573,0.35338181257247925,working,True,-0.00159454345703125,0.010254462560017904,pooled_controls,bf16
L20_N11087,20,11087,ambiguity,amb_ctrl_0017,1.3171398639678955,1.30372154712677,-0.013418316841125488,0.773847758769989,0.7761579751968384,0.35338181257247925,working,True,0.05810546875,0.010254462560017904,pooled_controls,bf16
L20_N11087,20,11087,ambiguity,amb_ctrl_0018,2.9222288131713867,2.9313859939575195,0.009157180786132812,0.24335934221744537,0.2418917566537857,0.35338181257247925,working,True,0.04833984375,0.010254462560017904,pooled_controls,bf16
L20_N11087,20,11087,ambiguity,amb_ctrl_0019,5.361654281616211,5.355294704437256,-0.006359577178955078,0.09632216393947601,0.09586580097675323,0.35338181257247925,working,True,0.0296630859375,0.010254462560017904,pooled_controls,bf16
L20_N11087,20,11087,ambiguity,amb_ctrl_0020,4.601905822753906,4.599229335784912,-0.0026764869689941406,0.2898511588573456,0.2910615801811218,0.35338181257247925,working,True,0.0189208984375,0.010254462560017904,pooled_controls,bf16
L20_N11087,20,11087,ambiguity,amb_ctrl_0021,2.9766604900360107,2.9818339347839355,0.005173444747924805,0.27002450823783875,0.2687474191188812,0.35338181257247925,working,True,0.09033203125,0.010254462560017904,pooled_controls,bf16
L20_N11087,20,11087,ambiguity,amb_ctrl_0022,2.5405263900756836,2.48252010345459,-0.05800628662109375,0.5305885672569275,0.5472183227539062,0.35338181257247925,working,True,0.0361328125,0.010254462560017904,pooled_controls,bf16
L20_N11087,20,11087,ambiguity,amb_ctrl_0023,2.682981014251709,2.752364158630371,0.06938314437866211,0.25725501775741577,0.24268211424350739,0.35338181257247925,working,True,-0.00457763671875,0.010254462560017904,pooled_controls,bf16
L20_N11087,20,11087,ambiguity,amb_ctrl_0024,2.4536571502685547,2.509326457977295,0.055669307708740234,0.5255476832389832,0.5101926922798157,0.35338181257247925,working,True,-0.01202392578125,0.010254462560017904,pooled_controls,bf16
L20_N11087,20,11087,ambiguity,amb_ctrl_0025,1.1939071416854858,1.1876037120819092,-0.00630342960357666,0.7682332992553711,0.7692080140113831,0.35338181257247925,working,True,0.02197265625,0.010254462560017904,pooled_controls,bf16
L20_N11087,20,11087,ambiguity,amb_ctrl_0026,0.9327545166015625,0.9424216151237488,0.00966709852218628,0.7439746260643005,0.7423014640808105,0.35338181257247925,working,True,-0.0011138916015625,0.010254462560017904,pooled_controls,bf16
L20_N11087,20,11087,ambiguity,amb_ctrl_0027,1.6260687112808228,1.7015454769134521,0.0754767656326294,0.53364098072052,0.49947258830070496,0.35338181257247925,working,True,-0.0230712890625,0.010254462560017904,pooled_controls,bf16
L20_N11087,20,11087,ambiguity,amb_ctrl_0028,1.9965972900390625,2.0020012855529785,0.005403995513916016,0.6128343939781189,0.6046000719070435,0.35338181257247925,working,True,-0.0115966796875,0.010254462560017904,pooled_controls,bf16
L20_N11087,20,11087,ambiguity,amb_ctrl_0029,1.5382331609725952,1.5545029640197754,0.016269803047180176,0.38559937477111816,0.4017939865589142,0.35338181257247925,working,True,0.07080078125,0.010254462560017904,pooled_controls,bf16
L20_N11087,20,11087,ambiguity,amb_ctrl_0030,1.825148344039917,1.9023621082305908,0.07721376419067383,0.5318348407745361,0.5006545782089233,0.35338181257247925,working,True,0.007415771484375,0.010254462560017904,pooled_controls,bf16
L20_N11087,20,11087,ambiguity,amb_ctrl_0031,3.056546926498413,3.053744077682495,-0.0028028488159179688,0.17859788239002228,0.1785430759191513,0.35338181257247925,working,True,0.013427734375,0.010254462560017904,pooled_controls,bf16
L20_N11087,20,11087,ambiguity,amb_ctrl_0032,2.7289576530456543,2.7063989639282227,-0.02255868911743164,0.24979281425476074,0.2432183027267456,0.35338181257247925,working,True,0.0147705078125,0.010254462560017904,pooled_controls,bf16
L20_N11087,20,11087,ambiguity,amb_ctrl_0033,0.5639548897743225,0.5589131116867065,-0.005041778087615967,0.8955055475234985,0.8965485095977783,0.35338181257247925,working,True,0.015869140625,0.010254462560017904,pooled_controls,bf16
L20_N11087,20,11087,ambiguity,amb_ctrl_0034,0.46364283561706543,0.46599408984184265,0.0023512542247772217,0.9274066090583801,0.9270225167274475,0.35338181257247925,working,True,-0.006317138671875,0.010254462560017904,pooled_controls,bf16
L20_N11087,20,11087,ambiguity,amb_ctrl_0035,4.913356781005859,4.903465747833252,-0.009891033172607422,0.07138054817914963,0.07071888446807861,0.35338181257247925,working,True,-0.00421142578125,0.010254462560017904,pooled_controls,bf16
L20_N11087,20,11087,ambiguity,amb_ctrl_0036,2.8000435829162598,2.794404983520508,-0.005638599395751953,0.42631012201309204,0.42737314105033875,0.35338181257247925,working,True,0.02294921875,0.010254462560017904,pooled_controls,bf16
L20_N11087,20,11087,ambiguity,amb_ctrl_0037,2.7010412216186523,2.7041749954223633,0.0031337738037109375,0.38632428646087646,0.3828035891056061,0.35338181257247925,working,True,0.01409912109375,0.010254462560017904,pooled_controls,bf16
L20_N11087,20,11087,ambiguity,amb_ctrl_0038,3.2420296669006348,3.249490737915039,0.007461071014404297,0.1702917218208313,0.17393672466278076,0.35338181257247925,working,True,-0.01220703125,0.010254462560017904,pooled_controls,bf16
L20_N11087,20,11087,ambiguity,amb_ctrl_0039,0.3799930214881897,0.4049034118652344,0.024910390377044678,0.9415091276168823,0.9368921518325806,0.35338181257247925,working,True,-0.017333984375,0.010254462560017904,pooled_controls,bf16
L20_N11087,20,11087,ambiguity,amb_ctrl_0040,2.988630533218384,2.9845027923583984,-0.0041277408599853516,0.30050066113471985,0.2964123487472534,0.35338181257247925,working,True,-0.004302978515625,0.010254462560017904,pooled_controls,bf16
L20_N11087,20,11087,ambiguity,amb_ctrl_0041,1.9082388877868652,1.9011237621307373,-0.00711512565612793,0.5990794897079468,0.6006094813346863,0.35338181257247925,working,True,0.0380859375,0.010254462560017904,pooled_controls,bf16
L20_N11087,20,11087,ambiguity,amb_ctrl_0042,3.304969549179077,3.2605981826782227,-0.04437136650085449,0.3426487445831299,0.36063244938850403,0.35338181257247925,working,True,-0.0257568359375,0.010254462560017904,pooled_controls,bf16
L20_N11087,20,11087,ambiguity,amb_ctrl_0043,0.3423001766204834,0.34242501854896545,0.00012484192848205566,0.9096891283988953,0.9096858501434326,0.35338181257247925,working,True,0.0576171875,0.010254462560017904,pooled_controls,bf16
L20_N11087,20,11087,ambiguity,amb_ctrl_0044,5.378116607666016,5.361509323120117,-0.016607284545898438,0.1182311624288559,0.11794339865446091,0.35338181257247925,working,True,0.053955078125,0.010254462560017904,pooled_controls,bf16
L20_N11087,20,11087,ambiguity,amb_ctrl_0045,2.304725170135498,2.335557460784912,0.030832290649414062,0.26542025804519653,0.24180474877357483,0.35338181257247925,working,True,-0.006744384765625,0.010254462560017904,pooled_controls,bf16
L20_N11087,20,11087,ambiguity,amb_ctrl_0046,3.76407527923584,3.765791893005371,0.00171661376953125,0.13274690508842468,0.13265667855739594,0.35338181257247925,working,True,0.054931640625,0.010254462560017904,pooled_controls,bf16
L20_N11087,20,11087,ambiguity,amb_ctrl_0047,3.065524101257324,3.0649609565734863,-0.0005631446838378906,0.3836395740509033,0.3775668144226074,0.35338181257247925,working,True,0.005126953125,0.010254462560017904,pooled_controls,bf16
L20_N11087,20,11087,ambiguity,amb_ctrl_0048,5.083179473876953,5.097002983093262,0.013823509216308594,0.18745993077754974,0.19046546518802643,0.35338181257247925,working,True,-0.01226806640625,0.010254462560017904,pooled_controls,bf16
L20_N11087,20,11087,ambiguity,amb_ctrl_0049,1.2665965557098389,1.2784960269927979,0.011899471282958984,0.7476392984390259,0.744417130947113,0.35338181257247925,working,True,-0.06640625,0.010254462560017904,pooled_controls,bf16
L20_N11087,20,11087,ambiguity,amb_ctrl_0050,3.729827642440796,3.7340168952941895,0.004189252853393555,0.26900753378868103,0.27079805731773376,0.35338181257247925,working,True,-0.08251953125,0.010254462560017904,pooled_controls,bf16
L20_N11087,20,11087,ambiguity,amb_ctrl_0051,2.2200121879577637,2.219484806060791,-0.0005273818969726562,0.5213475823402405,0.5191773772239685,0.35338181257247925,working,True,0.0771484375,0.010254462560017904,pooled_controls,bf16
L20_N11087,20,11087,ambiguity,amb_ctrl_0052,3.310584545135498,3.295088052749634,-0.015496492385864258,0.14980924129486084,0.15874655544757843,0.35338181257247925,working,True,0.044189453125,0.010254462560017904,pooled_controls,bf16
L20_N11087,20,11087,ambiguity,amb_ctrl_0053,2.4620916843414307,2.4472498893737793,-0.014841794967651367,0.3166545331478119,0.31454896926879883,0.35338181257247925,working,True,0.024658203125,0.010254462560017904,pooled_controls,bf16
L20_N11087,20,11087,ambiguity,amb_ctrl_0054,4.114995956420898,4.107808589935303,-0.007187366485595703,0.2303536981344223,0.23151947557926178,0.35338181257247925,working,True,0.060791015625,0.010254462560017904,pooled_controls,bf16
L20_N11087,20,11087,ambiguity,amb_ctrl_0055,2.642899990081787,2.6470277309417725,0.0041277408599853516,0.32313698530197144,0.324749618768692,0.35338181257247925,working,True,0.037109375,0.010254462560017904,pooled_controls,bf16
L20_N11087,20,11087,ambiguity,amb_ctrl_0056,4.992990493774414,4.966457366943359,-0.026533126831054688,0.13981656730175018,0.14743869006633759,0.35338181257247925,working,True,0.0142822265625,0.010254462560017904,pooled_controls,bf16
L20_N11087,20,11087,ambiguity,amb_ctrl_0057,0.72358238697052,0.7223818898200989,-0.0012004971504211426,0.6951943039894104,0.6953023672103882,0.35338181257247925,working,True,0.0615234375,0.010254462560017904,pooled_controls,bf16
L20_N11087,20,11087,ambiguity,amb_ctrl_0058,3.0716848373413086,3.109652519226074,0.037967681884765625,0.17631740868091583,0.18232043087482452,0.35338181257247925,working,True,0.000911712646484375,0.010254462560017904,pooled_controls,bf16
L20_N11087,20,11087,ambiguity,amb_ctrl_0059,2.4294238090515137,2.540869951248169,0.11144614219665527,0.5226604342460632,0.48404431343078613,0.35338181257247925,working,True,0.03564453125,0.010254462560017904,pooled_controls,bf16
L20_N11087,20,11087,ambiguity,amb_ctrl_0060,1.0038834810256958,1.012927770614624,0.009044289588928223,0.8310943841934204,0.829437255859375,0.35338181257247925,working,True,0.01214599609375,0.010254462560017904,pooled_controls,bf16
L20_N11087,20,11087,ambiguity,amb_ctrl_0061,3.0814852714538574,3.0250983238220215,-0.05638694763183594,0.42257410287857056,0.43443289399147034,0.35338181257247925,working,True,0.0634765625,0.010254462560017904,pooled_controls,bf16
L20_N11087,20,11087,ambiguity,amb_ctrl_0062,6.099908351898193,6.105110168457031,0.005201816558837891,0.0454409196972847,0.042101435363292694,0.35338181257247925,working,True,-0.017333984375,0.010254462560017904,pooled_controls,bf16
L20_N11087,20,11087,ambiguity,amb_ctrl_0063,3.982426166534424,4.005855560302734,0.023429393768310547,0.19488677382469177,0.18432989716529846,0.35338181257247925,working,True,0.0189208984375,0.010254462560017904,pooled_controls,bf16
L20_N11087,20,11087,ambiguity,amb_ctrl_0064,1.2800276279449463,1.2799335718154907,-9.40561294555664e-05,0.7049450278282166,0.7049698233604431,0.35338181257247925,working,True,0.006378173828125,0.010254462560017904,pooled_controls,bf16
L20_N11087,20,11087,ambiguity,amb_ctrl_0065,1.728804349899292,1.6968318223953247,-0.031972527503967285,0.5687795877456665,0.5789557099342346,0.35338181257247925,working,True,-0.0284423828125,0.010254462560017904,pooled_controls,bf16
L20_N11087,20,11087,ambiguity,amb_ctrl_0066,2.0725255012512207,2.074924945831299,0.002399444580078125,0.38031232357025146,0.37997353076934814,0.35338181257247925,working,True,-0.00396728515625,0.010254462560017904,pooled_controls,bf16
L20_N11087,20,11087,ambiguity,amb_ctrl_0067,3.082766532897949,3.0656049251556396,-0.01716160774230957,0.21626727283000946,0.21240371465682983,0.35338181257247925,working,True,-0.00177764892578125,0.010254462560017904,pooled_controls,bf16
L20_N11087,20,11087,ambiguity,amb_ctrl_0068,2.5241587162017822,2.479999542236328,-0.0441591739654541,0.29160362482070923,0.3163395822048187,0.35338181257247925,working,True,0.040771484375,0.010254462560017904,pooled_controls,bf16
L20_N11087,20,11087,ambiguity,amb_ctrl_0069,1.3749003410339355,1.3761467933654785,0.0012464523315429688,0.7211427688598633,0.7207828760147095,0.35338181257247925,working,True,0.00848388671875,0.010254462560017904,pooled_controls,bf16
L20_N11087,20,11087,ambiguity,amb_ctrl_0070,1.204169511795044,1.2933762073516846,0.08920669555664062,0.7618666887283325,0.7401694059371948,0.35338181257247925,working,True,0.021240234375,0.010254462560017904,pooled_controls,bf16
L20_N11087,20,11087,ambiguity,amb_ctrl_0071,2.7363505363464355,2.7342278957366943,-0.002122640609741211,0.2670269310474396,0.26720237731933594,0.35338181257247925,working,True,-0.002105712890625,0.010254462560017904,pooled_controls,bf16
L20_N11087,20,11087,ambiguity,amb_ctrl_0072,0.3991299271583557,0.3993595242500305,0.0002295970916748047,0.9259452819824219,0.9258995056152344,0.35338181257247925,working,True,-0.02734375,0.010254462560017904,pooled_controls,bf16
L20_N11087,20,11087,ambiguity,amb_ctrl_0073,2.7911183834075928,2.792696475982666,0.0015780925750732422,0.31099262833595276,0.31232890486717224,0.35338181257247925,working,True,0.0017852783203125,0.010254462560017904,pooled_controls,bf16
L20_N11087,20,11087,ambiguity,amb_ctrl_0074,2.8901166915893555,2.894467830657959,0.004351139068603516,0.2257860153913498,0.22394300997257233,0.35338181257247925,working,True,-0.004425048828125,0.010254462560017904,pooled_controls,bf16
L20_N11087,20,11087,ambiguity,amb_ctrl_0075,2.611227512359619,2.6201419830322266,0.008914470672607422,0.5451282262802124,0.5412474274635315,0.35338181257247925,working,True,0.01214599609375,0.010254462560017904,pooled_controls,bf16
L20_N11087,20,11087,ambiguity,amb_ctrl_0076,3.449631690979004,3.4445619583129883,-0.005069732666015625,0.2657425105571747,0.26605895161628723,0.35338181257247925,working,True,0.0235595703125,0.010254462560017904,pooled_controls,bf16
L20_N11087,20,11087,ambiguity,amb_ctrl_0077,1.4236340522766113,1.4357095956802368,0.012075543403625488,0.6163606643676758,0.6109588742256165,0.35338181257247925,working,True,0.0537109375,0.010254462560017904,pooled_controls,bf16
L20_N11087,20,11087,ambiguity,amb_ctrl_0078,2.2226996421813965,2.234635829925537,0.011936187744140625,0.41798335313796997,0.4112400710582733,0.35338181257247925,working,True,0.000972747802734375,0.010254462560017904,pooled_controls,bf16
L20_N11087,20,11087,ambiguity,amb_ctrl_0079,2.553337574005127,2.633504867553711,0.08016729354858398,0.43941590189933777,0.4203476905822754,0.35338181257247925,working,True,-0.1279296875,0.010254462560017904,pooled_controls,bf16
L20_N11087,20,11087,ambiguity,amb_ctrl_0080,2.430419445037842,2.4111287593841553,-0.019290685653686523,0.27730607986450195,0.27028247714042664,0.35338181257247925,working,True,-0.00775146484375,0.010254462560017904,pooled_controls,bf16
L20_N11087,20,11087,ambiguity,amb_ctrl_0081,1.4725465774536133,1.4126797914505005,-0.05986678600311279,0.5391753315925598,0.5706132650375366,0.35338181257247925,working,True,-0.0006866455078125,0.010254462560017904,pooled_controls,bf16
L20_N11087,20,11087,ambiguity,amb_ctrl_0082,2.0238261222839355,2.0455970764160156,0.021770954132080078,0.4524519741535187,0.44440987706184387,0.35338181257247925,working,True,-0.00933837890625,0.010254462560017904,pooled_controls,bf16
L20_N11087,20,11087,ambiguity,amb_ctrl_0083,1.331174373626709,1.3745763301849365,0.04340195655822754,0.5272114872932434,0.49651071429252625,0.35338181257247925,working,True,0.00098419189453125,0.010254462560017904,pooled_controls,bf16
L20_N11087,20,11087,ambiguity,amb_ctrl_0084,3.23014760017395,3.167961359024048,-0.062186241149902344,0.43897515535354614,0.4537012577056885,0.35338181257247925,held_out,True,0.0172119140625,0.010254462560017904,pooled_controls,bf16
L20_N11087,20,11087,ambiguity,amb_ctrl_0085,2.178281784057617,2.1709847450256348,-0.007297039031982422,0.3071621358394623,0.3081211745738983,0.35338181257247925,held_out,True,-0.0045166015625,0.010254462560017904,pooled_controls,bf16
L20_N11087,20,11087,ambiguity,amb_ctrl_0086,1.1892834901809692,1.2389943599700928,0.049710869789123535,0.6098666191101074,0.5800167918205261,0.35338181257247925,held_out,True,0.0027008056640625,0.010254462560017904,pooled_controls,bf16
L20_N11087,20,11087,ambiguity,amb_ctrl_0087,4.720757007598877,4.720020771026611,-0.000736236572265625,0.18051175773143768,0.18020206689834595,0.35338181257247925,held_out,True,0.0458984375,0.010254462560017904,pooled_controls,bf16
L20_N11087,20,11087,ambiguity,amb_ctrl_0088,1.8164480924606323,1.8105823993682861,-0.005865693092346191,0.3447813093662262,0.3453574478626251,0.35338181257247925,held_out,True,0.0003490447998046875,0.010254462560017904,pooled_controls,bf16
L20_N11087,20,11087,ambiguity,amb_ctrl_0089,0.8166414499282837,0.8211888074874878,0.0045473575592041016,0.8653537631034851,0.8636913895606995,0.35338181257247925,held_out,True,0.009521484375,0.010254462560017904,pooled_controls,bf16
L20_N11087,20,11087,ambiguity,amb_ctrl_0090,0.7313582897186279,0.7298769950866699,-0.0014812946319580078,0.8488500714302063,0.849069356918335,0.35338181257247925,held_out,True,-0.00872802734375,0.010254462560017904,pooled_controls,bf16
L20_N11087,20,11087,ambiguity,amb_ctrl_0091,0.7912845611572266,0.7828695178031921,-0.008415043354034424,0.8505407571792603,0.8538581132888794,0.35338181257247925,held_out,True,0.04833984375,0.010254462560017904,pooled_controls,bf16
L20_N11087,20,11087,ambiguity,amb_ctrl_0092,0.20004436373710632,0.20004978775978088,5.424022674560547e-06,0.9656380414962769,0.9656370878219604,0.35338181257247925,held_out,True,-0.00787353515625,0.010254462560017904,pooled_controls,bf16
L20_N11087,20,11087,ambiguity,amb_ctrl_0093,0.8184689283370972,0.8324531316757202,0.013984203338623047,0.7807179093360901,0.7663635611534119,0.35338181257247925,held_out,True,0.0174560546875,0.010254462560017904,pooled_controls,bf16
L20_N11087,20,11087,ambiguity,amb_ctrl_0094,1.9382219314575195,1.9296014308929443,-0.008620500564575195,0.47598159313201904,0.4812861680984497,0.35338181257247925,held_out,True,-0.0242919921875,0.010254462560017904,pooled_controls,bf16
L20_N11087,20,11087,ambiguity,amb_ctrl_0095,0.1967904269695282,0.19932880997657776,0.0025383830070495605,0.9730347990989685,0.972652018070221,0.35338181257247925,held_out,True,-0.0096435546875,0.010254462560017904,pooled_controls,bf16
L20_N11087,20,11087,ambiguity,amb_ctrl_0096,0.27954334020614624,0.27697721123695374,-0.002566128969192505,0.9592352509498596,0.9596502780914307,0.35338181257247925,held_out,True,0.007720947265625,0.010254462560017904,pooled_controls,bf16
L20_N11087,20,11087,ambiguity,amb_ctrl_0097,4.615304946899414,4.604091644287109,-0.011213302612304688,0.2903858721256256,0.29017171263694763,0.35338181257247925,held_out,True,0.1337890625,0.010254462560017904,pooled_controls,bf16
L20_N11087,20,11087,ambiguity,amb_ctrl_0098,1.0526940822601318,1.13258957862854,0.0798954963684082,0.7801284193992615,0.7579461932182312,0.35338181257247925,held_out,True,-0.00537109375,0.010254462560017904,pooled_controls,bf16
L20_N11087,20,11087,ambiguity,amb_ctrl_0099,2.617166519165039,2.6255710124969482,0.00840449333190918,0.35361507534980774,0.35271164774894714,0.35338181257247925,held_out,True,0.0291748046875,0.010254462560017904,pooled_controls,bf16
L20_N11087,20,11087,ambiguity,amb_ctrl_0100,3.230755090713501,3.230811834335327,5.6743621826171875e-05,0.21227960288524628,0.21318471431732178,0.35338181257247925,held_out,True,0.00010251998901367188,0.010254462560017904,pooled_controls,bf16
L20_N11087,20,11087,ambiguity,amb_ctrl_0101,2.5137133598327637,2.515573501586914,0.0018601417541503906,0.3411417007446289,0.33941954374313354,0.35338181257247925,held_out,True,8.605420589447021e-07,0.010254462560017904,pooled_controls,bf16
L20_N11087,20,11087,ambiguity,amb_ctrl_0102,3.382952928543091,3.3824267387390137,-0.0005261898040771484,0.4389851689338684,0.44172802567481995,0.35338181257247925,held_out,True,-0.0091552734375,0.010254462560017904,pooled_controls,bf16
L20_N11087,20,11087,ambiguity,amb_ctrl_0103,1.2881443500518799,1.2876379489898682,-0.0005064010620117188,0.6099465489387512,0.6100680828094482,0.35338181257247925,held_out,True,-0.007354736328125,0.010254462560017904,pooled_controls,bf16
L20_N11087,20,11087,ambiguity,amb_ctrl_0104,1.2201045751571655,1.1576073169708252,-0.06249725818634033,0.6614540815353394,0.6882447004318237,0.35338181257247925,held_out,True,-0.0067138671875,0.010254462560017904,pooled_controls,bf16
L20_N11087,20,11087,ambiguity,amb_ctrl_0105,1.7128682136535645,1.697202444076538,-0.015665769577026367,0.42329180240631104,0.40675702691078186,0.35338181257247925,held_out,True,0.00189971923828125,0.010254462560017904,pooled_controls,bf16
L20_N11087,20,11087,ambiguity,amb_ctrl_0106,4.290400505065918,4.289100646972656,-0.0012998580932617188,0.12830117344856262,0.12896350026130676,0.35338181257247925,held_out,True,0.00482177734375,0.010254462560017904,pooled_controls,bf16
L20_N11087,20,11087,ambiguity,amb_ctrl_0107,1.973547339439392,1.9676868915557861,-0.005860447883605957,0.5560788512229919,0.5576692223548889,0.35338181257247925,held_out,True,-0.00164031982421875,0.010254462560017904,pooled_controls,bf16
L20_N11087,20,11087,ambiguity,amb_ctrl_0108,5.345915794372559,5.337126731872559,-0.0087890625,0.19730085134506226,0.19686639308929443,0.35338181257247925,held_out,True,-0.005340576171875,0.010254462560017904,pooled_controls,bf16
L20_N11087,20,11087,ambiguity,amb_ctrl_0109,2.405097723007202,2.403994560241699,-0.0011031627655029297,0.5640195608139038,0.5628001093864441,0.35338181257247925,held_out,True,0.031494140625,0.010254462560017904,pooled_controls,bf16
L20_N11087,20,11087,ambiguity,amb_ctrl_0110,2.2092509269714355,2.2127652168273926,0.0035142898559570312,0.2498709261417389,0.24961668252944946,0.35338181257247925,held_out,True,-0.00726318359375,0.010254462560017904,pooled_controls,bf16
L20_N11087,20,11087,ambiguity,amb_ctrl_0111,2.009219169616699,2.0110840797424316,0.0018649101257324219,0.44997212290763855,0.44976332783699036,0.35338181257247925,held_out,True,-0.1630859375,0.010254462560017904,pooled_controls,bf16
L20_N11087,20,11087,ambiguity,amb_ctrl_0112,1.7968382835388184,1.8084046840667725,0.011566400527954102,0.5710203051567078,0.5643200278282166,0.35338181257247925,held_out,True,0.00052642822265625,0.010254462560017904,pooled_controls,bf16
L20_N11087,20,11087,ambiguity,amb_ctrl_0113,4.333885192871094,4.321405410766602,-0.012479782104492188,0.34712934494018555,0.3502388000488281,0.35338181257247925,held_out,True,0.09130859375,0.010254462560017904,pooled_controls,bf16
L20_N11087,20,11087,ambiguity,amb_ctrl_0114,1.9962888956069946,1.9871690273284912,-0.009119868278503418,0.3115333616733551,0.31443116068840027,0.35338181257247925,held_out,True,0.0137939453125,0.010254462560017904,pooled_controls,bf16
L20_N11087,20,11087,ambiguity,amb_ctrl_0115,2.317293643951416,2.3144969940185547,-0.002796649932861328,0.4041188955307007,0.39851272106170654,0.35338181257247925,held_out,True,0.0322265625,0.010254462560017904,pooled_controls,bf16
L20_N11087,20,11087,ambiguity,amb_ctrl_0116,2.3295745849609375,2.3255727291107178,-0.0040018558502197266,0.3391643166542053,0.32914483547210693,0.35338181257247925,held_out,True,-0.005096435546875,0.010254462560017904,pooled_controls,bf16
L20_N11087,20,11087,ambiguity,amb_ctrl_0117,1.5883352756500244,1.5699340105056763,-0.018401265144348145,0.574742317199707,0.5884581804275513,0.35338181257247925,held_out,True,0.006927490234375,0.010254462560017904,pooled_controls,bf16
L20_N11087,20,11087,ambiguity,amb_ctrl_0118,2.7129154205322266,2.709167957305908,-0.0037474632263183594,0.21529023349285126,0.2155861258506775,0.35338181257247925,held_out,True,-0.006591796875,0.010254462560017904,pooled_controls,bf16
L20_N11087,20,11087,ambiguity,amb_ctrl_0119,3.844236135482788,3.8550760746002197,0.01083993911743164,0.126031756401062,0.11907906830310822,0.35338181257247925,held_out,True,0.0174560546875,0.010254462560017904,pooled_controls,bf16
L20_N9674,20,9674,ambiguity,amb_0000,2.131409168243408,2.135032892227173,0.0036237239837646484,0.3043592870235443,0.3065398931503296,0.11318346112966537,working,False,0.01055908203125,0.0019439061482747395,pooled_controls,bf16
L20_N9674,20,9674,ambiguity,amb_0001,4.559041500091553,4.575167179107666,0.01612567901611328,0.1691441833972931,0.16013891994953156,0.11318346112966537,working,False,0.001617431640625,0.0019439061482747395,pooled_controls,bf16
L20_N9674,20,9674,ambiguity,amb_0002,0.5591363906860352,0.5592942833900452,0.00015789270401000977,0.7746531963348389,0.7746405005455017,0.11318346112966537,working,False,0.02880859375,0.0019439061482747395,pooled_controls,bf16
L20_N9674,20,9674,ambiguity,amb_0003,0.7737653255462646,0.7769213914871216,0.0031560659408569336,0.8860874176025391,0.8851953744888306,0.11318346112966537,working,False,0.03076171875,0.0019439061482747395,pooled_controls,bf16
L20_N9674,20,9674,ambiguity,amb_0004,3.214151620864868,3.1623458862304688,-0.051805734634399414,0.3810039460659027,0.3903968334197998,0.11318346112966537,working,False,0.004638671875,0.0019439061482747395,pooled_controls,bf16
L20_N9674,20,9674,ambiguity,amb_0005,0.40345656871795654,0.40231937170028687,-0.0011371970176696777,0.9331170916557312,0.9332942962646484,0.11318346112966537,working,False,0.00186920166015625,0.0019439061482747395,pooled_controls,bf16
L20_N9674,20,9674,ambiguity,amb_0006,2.6447858810424805,2.639960289001465,-0.004825592041015625,0.3364722430706024,0.339225709438324,0.11318346112966537,working,False,-0.00518798828125,0.0019439061482747395,pooled_controls,bf16
L20_N9674,20,9674,ambiguity,amb_0007,2.73992919921875,2.740253210067749,0.00032401084899902344,0.3336516320705414,0.3338494598865509,0.11318346112966537,working,False,-0.000873565673828125,0.0019439061482747395,pooled_controls,bf16
L20_N9674,20,9674,ambiguity,amb_0008,3.0731167793273926,3.0785930156707764,0.005476236343383789,0.321990430355072,0.32098525762557983,0.11318346112966537,working,False,-0.0213623046875,0.0019439061482747395,pooled_controls,bf16
L20_N9674,20,9674,ambiguity,amb_0009,2.3017964363098145,2.314271926879883,0.01247549057006836,0.3590010106563568,0.3570338785648346,0.11318346112966537,working,False,-0.050537109375,0.0019439061482747395,pooled_controls,bf16
L20_N9674,20,9674,ambiguity,amb_0010,3.0725746154785156,3.08815598487854,0.015581369400024414,0.32308200001716614,0.32891660928726196,0.11318346112966537,working,False,0.027587890625,0.0019439061482747395,pooled_controls,bf16
L20_N9674,20,9674,ambiguity,amb_0011,0.1853773295879364,0.20647349953651428,0.02109616994857788,0.9783462882041931,0.9754917621612549,0.11318346112966537,working,False,-0.004364013671875,0.0019439061482747395,pooled_controls,bf16
L20_N9674,20,9674,ambiguity,amb_0012,0.2827058434486389,0.27493816614151,-0.007767677307128906,0.9530503153800964,0.9549957513809204,0.11318346112966537,working,False,-0.0020599365234375,0.0019439061482747395,pooled_controls,bf16
L20_N9674,20,9674,ambiguity,amb_0013,2.846848487854004,2.8506267070770264,0.003778219223022461,0.23987779021263123,0.24322086572647095,0.11318346112966537,working,False,0.003875732421875,0.0019439061482747395,pooled_controls,bf16
L20_N9674,20,9674,ambiguity,amb_0014,1.7274397611618042,1.720713496208191,-0.006726264953613281,0.6531180739402771,0.6546601057052612,0.11318346112966537,working,False,0.01239013671875,0.0019439061482747395,pooled_controls,bf16
L20_N9674,20,9674,ambiguity,amb_0015,2.646392345428467,2.646663188934326,0.000270843505859375,0.2669826149940491,0.2665354609489441,0.11318346112966537,working,False,-0.05322265625,0.0019439061482747395,pooled_controls,bf16
L20_N9674,20,9674,ambiguity,amb_0016,2.1020545959472656,2.125251293182373,0.023196697235107422,0.356288343667984,0.36878857016563416,0.11318346112966537,working,False,0.0130615234375,0.0019439061482747395,pooled_controls,bf16
L20_N9674,20,9674,ambiguity,amb_0017,2.545952796936035,2.5947775840759277,0.04882478713989258,0.3178497850894928,0.2920056879520416,0.11318346112966537,working,False,-0.01336669921875,0.0019439061482747395,pooled_controls,bf16
L20_N9674,20,9674,ambiguity,amb_0018,2.6739742755889893,2.596113681793213,-0.07786059379577637,0.5581860542297363,0.5751358866691589,0.11318346112966537,working,False,-0.028076171875,0.0019439061482747395,pooled_controls,bf16
L20_N9674,20,9674,ambiguity,amb_0019,3.003119945526123,2.9988696575164795,-0.004250288009643555,0.26456767320632935,0.257531076669693,0.11318346112966537,working,False,-0.0286865234375,0.0019439061482747395,pooled_controls,bf16
L20_N9674,20,9674,ambiguity,amb_0020,3.019925832748413,3.024754047393799,0.004828214645385742,0.2309427112340927,0.23325976729393005,0.11318346112966537,working,False,-0.01507568359375,0.0019439061482747395,pooled_controls,bf16
L20_N9674,20,9674,ambiguity,amb_0021,0.8744735717773438,0.8344229459762573,-0.040050625801086426,0.78462815284729,0.7932665944099426,0.11318346112966537,working,False,0.01556396484375,0.0019439061482747395,pooled_controls,bf16
L20_N9674,20,9674,ambiguity,amb_0022,1.4463167190551758,1.444180965423584,-0.002135753631591797,0.6989033222198486,0.7029167413711548,0.11318346112966537,working,False,-0.000469207763671875,0.0019439061482747395,pooled_controls,bf16
L20_N9674,20,9674,ambiguity,amb_0023,2.3588614463806152,2.3611154556274414,0.002254009246826172,0.3514297902584076,0.35138487815856934,0.11318346112966537,working,False,-0.00469970703125,0.0019439061482747395,pooled_controls,bf16
L20_N9674,20,9674,ambiguity,amb_0024,2.423225164413452,2.4228296279907227,-0.0003955364227294922,0.163632333278656,0.16736139357089996,0.11318346112966537,working,False,0.00689697265625,0.0019439061482747395,pooled_controls,bf16
L20_N9674,20,9674,ambiguity,amb_0025,2.3594460487365723,2.3700432777404785,0.01059722900390625,0.38730406761169434,0.3854270577430725,0.11318346112966537,working,False,-0.06689453125,0.0019439061482747395,pooled_controls,bf16
L20_N9674,20,9674,ambiguity,amb_0026,3.7028703689575195,3.704754590988159,0.0018842220306396484,0.3228043019771576,0.31972798705101013,0.11318346112966537,working,False,-0.00836181640625,0.0019439061482747395,pooled_controls,bf16
L20_N9674,20,9674,ambiguity,amb_0027,1.8813252449035645,1.891499400138855,0.010174155235290527,0.6477286219596863,0.6457318067550659,0.11318346112966537,working,False,-0.0115966796875,0.0019439061482747395,pooled_controls,bf16
L20_N9674,20,9674,ambiguity,amb_0028,2.591080665588379,2.5853359699249268,-0.0057446956634521484,0.5235283970832825,0.5261223316192627,0.11318346112966537,working,False,0.000942230224609375,0.0019439061482747395,pooled_controls,bf16
L20_N9674,20,9674,ambiguity,amb_0029,2.0469510555267334,2.047696113586426,0.0007450580596923828,0.5000725388526917,0.499723345041275,0.11318346112966537,working,False,-0.01336669921875,0.0019439061482747395,pooled_controls,bf16
L20_N9674,20,9674,ambiguity,amb_0030,1.3423449993133545,1.3783659934997559,0.03602099418640137,0.5465922355651855,0.5237205624580383,0.11318346112966537,working,False,-0.0002727508544921875,0.0019439061482747395,pooled_controls,bf16
L20_N9674,20,9674,ambiguity,amb_0031,2.5924174785614014,2.5913290977478027,-0.0010883808135986328,0.2651655673980713,0.274850070476532,0.11318346112966537,working,False,-0.021240234375,0.0019439061482747395,pooled_controls,bf16
L20_N9674,20,9674,ambiguity,amb_0032,0.7734093070030212,0.7709959745407104,-0.002413332462310791,0.7512880563735962,0.7516524195671082,0.11318346112966537,working,False,-0.061767578125,0.0019439061482747395,pooled_controls,bf16
L20_N9674,20,9674,ambiguity,amb_0033,0.3125807046890259,0.3063672184944153,-0.006213486194610596,0.9496376514434814,0.9508779048919678,0.11318346112966537,working,False,0.0244140625,0.0019439061482747395,pooled_controls,bf16
L20_N9674,20,9674,ambiguity,amb_0034,0.06319817155599594,0.06089437007904053,-0.002303801476955414,0.9920816421508789,0.9924883842468262,0.11318346112966537,working,False,0.0322265625,0.0019439061482747395,pooled_controls,bf16
L20_N9674,20,9674,ambiguity,amb_0035,3.2133400440216064,3.2076258659362793,-0.0057141780853271484,0.14269918203353882,0.14341983199119568,0.11318346112966537,working,False,-0.00164031982421875,0.0019439061482747395,pooled_controls,bf16
L20_N9674,20,9674,ambiguity,amb_0036,0.27980995178222656,0.2925015389919281,0.012691587209701538,0.956149697303772,0.9530926942825317,0.11318346112966537,working,False,0.04150390625,0.0019439061482747395,pooled_controls,bf16
L20_N9674,20,9674,ambiguity,amb_0037,2.2706377506256104,2.2710118293762207,0.00037407875061035156,0.2931281328201294,0.292890727519989,0.11318346112966537,working,False,-0.031982421875,0.0019439061482747395,pooled_controls,bf16
L20_N9674,20,9674,ambiguity,amb_0038,1.907806158065796,1.9086034297943115,0.000797271728515625,0.5503026843070984,0.5506712794303894,0.11318346112966537,working,False,-0.0185546875,0.0019439061482747395,pooled_controls,bf16
L20_N9674,20,9674,ambiguity,amb_0039,0.4548197090625763,0.4553694427013397,0.0005497336387634277,0.8976051807403564,0.8975338339805603,0.11318346112966537,working,False,-0.0062255859375,0.0019439061482747395,pooled_controls,bf16
L20_N9674,20,9674,ambiguity,amb_0040,2.049222946166992,2.0493197441101074,9.679794311523438e-05,0.47096139192581177,0.46710675954818726,0.11318346112966537,working,False,-0.0004253387451171875,0.0019439061482747395,pooled_controls,bf16
L20_N9674,20,9674,ambiguity,amb_0041,0.4766418933868408,0.47927266359329224,0.002630770206451416,0.9048458933830261,0.9045112133026123,0.11318346112966537,working,False,0.0004177093505859375,0.0019439061482747395,pooled_controls,bf16
L20_N9674,20,9674,ambiguity,amb_0042,3.4453678131103516,3.4427709579467773,-0.0025968551635742188,0.12374655902385712,0.12411829084157944,0.11318346112966537,working,False,0.00885009765625,0.0019439061482747395,pooled_controls,bf16
L20_N9674,20,9674,ambiguity,amb_0043,2.176589012145996,2.1710925102233887,-0.005496501922607422,0.3841998279094696,0.3852222263813019,0.11318346112966537,working,False,-0.03369140625,0.0019439061482747395,pooled_controls,bf16
L20_N9674,20,9674,ambiguity,amb_0044,2.562283515930176,2.569730520248413,0.007447004318237305,0.3696751594543457,0.36613237857818604,0.11318346112966537,working,False,0.00075531005859375,0.0019439061482747395,pooled_controls,bf16
L20_N9674,20,9674,ambiguity,amb_0045,2.8056182861328125,2.8096232414245605,0.004004955291748047,0.22283335030078888,0.22310708463191986,0.11318346112966537,working,False,0.05517578125,0.0019439061482747395,pooled_controls,bf16
L20_N9674,20,9674,ambiguity,amb_0046,1.8792414665222168,1.887481451034546,0.008239984512329102,0.43458327651023865,0.43311765789985657,0.11318346112966537,working,False,0.0213623046875,0.0019439061482747395,pooled_controls,bf16
L20_N9674,20,9674,ambiguity,amb_0047,3.5664448738098145,3.5555248260498047,-0.010920047760009766,0.1757456362247467,0.17783322930335999,0.11318346112966537,working,False,0.033203125,0.0019439061482747395,pooled_controls,bf16
L20_N9674,20,9674,ambiguity,amb_0048,2.5035877227783203,2.5042200088500977,0.0006322860717773438,0.38110023736953735,0.3810166120529175,0.11318346112966537,working,False,-0.0133056640625,0.0019439061482747395,pooled_controls,bf16
L20_N9674,20,9674,ambiguity,amb_0049,4.102269172668457,4.103420257568359,0.0011510848999023438,0.16889438033103943,0.16739849746227264,0.11318346112966537,working,False,0.022705078125,0.0019439061482747395,pooled_controls,bf16
L20_N9674,20,9674,ambiguity,amb_0050,0.5448554754257202,0.5536080598831177,0.008752584457397461,0.9203320145606995,0.9183061122894287,0.11318346112966537,working,False,0.07080078125,0.0019439061482747395,pooled_controls,bf16
L20_N9674,20,9674,ambiguity,amb_0051,2.2842979431152344,2.2878975868225098,0.0035996437072753906,0.3175898790359497,0.31680142879486084,0.11318346112966537,working,False,-0.053955078125,0.0019439061482747395,pooled_controls,bf16
L20_N9674,20,9674,ambiguity,amb_0052,2.544663667678833,2.54514217376709,0.00047850608825683594,0.3059062957763672,0.30588939785957336,0.11318346112966537,working,False,-0.00029754638671875,0.0019439061482747395,pooled_controls,bf16
L20_N9674,20,9674,ambiguity,amb_0053,0.26553624868392944,0.26534560322761536,-0.00019064545631408691,0.9484477639198303,0.9484670758247375,0.11318346112966537,working,False,0.010498046875,0.0019439061482747395,pooled_controls,bf16
L20_N9674,20,9674,ambiguity,amb_0054,3.3073582649230957,3.30812406539917,0.0007658004760742188,0.20128417015075684,0.20089848339557648,0.11318346112966537,working,False,0.0040283203125,0.0019439061482747395,pooled_controls,bf16
L20_N9674,20,9674,ambiguity,amb_0055,2.3507449626922607,2.351940631866455,0.001195669174194336,0.3764025568962097,0.37628838419914246,0.11318346112966537,working,False,-0.03515625,0.0019439061482747395,pooled_controls,bf16
L20_N9674,20,9674,ambiguity,amb_0056,2.9696860313415527,2.970499277114868,0.0008132457733154297,0.3324529230594635,0.3325382173061371,0.11318346112966537,working,False,-0.005157470703125,0.0019439061482747395,pooled_controls,bf16
L20_N9674,20,9674,ambiguity,amb_0057,3.6951136589050293,3.7368061542510986,0.041692495346069336,0.2154395580291748,0.20787547528743744,0.11318346112966537,working,False,0.046142578125,0.0019439061482747395,pooled_controls,bf16
L20_N9674,20,9674,ambiguity,amb_0058,0.6380835771560669,0.6437731981277466,0.0056896209716796875,0.8878673315048218,0.8859743475914001,0.11318346112966537,working,False,-0.01190185546875,0.0019439061482747395,pooled_controls,bf16
L20_N9674,20,9674,ambiguity,amb_0059,1.6167001724243164,1.6059389114379883,-0.010761260986328125,0.4122750759124756,0.4139743745326996,0.11318346112966537,working,False,0.000865936279296875,0.0019439061482747395,pooled_controls,bf16
L20_N9674,20,9674,ambiguity,amb_0060,2.2315759658813477,2.2396929264068604,0.008116960525512695,0.4630894958972931,0.469441294670105,0.11318346112966537,working,False,-0.0184326171875,0.0019439061482747395,pooled_controls,bf16
L20_N9674,20,9674,ambiguity,amb_0061,2.1432714462280273,2.096311092376709,-0.04696035385131836,0.34881308674812317,0.37715643644332886,0.11318346112966537,working,False,-0.0172119140625,0.0019439061482747395,pooled_controls,bf16
L20_N9674,20,9674,ambiguity,amb_0062,0.42451727390289307,0.38364335894584656,-0.04087391495704651,0.9445533156394958,0.9508649706840515,0.11318346112966537,working,False,0.041015625,0.0019439061482747395,pooled_controls,bf16
L20_N9674,20,9674,ambiguity,amb_0063,3.6907150745391846,3.6948609352111816,0.00414586067199707,0.31620991230010986,0.31835514307022095,0.11318346112966537,working,False,0.016357421875,0.0019439061482747395,pooled_controls,bf16
L20_N9674,20,9674,ambiguity,amb_0064,2.0356671810150146,2.0714263916015625,0.03575921058654785,0.33568695187568665,0.34964942932128906,0.11318346112966537,working,False,-0.00994873046875,0.0019439061482747395,pooled_controls,bf16
L20_N9674,20,9674,ambiguity,amb_0065,0.09549930691719055,0.09451550245285034,-0.00098380446434021,0.9887312054634094,0.9888627529144287,0.11318346112966537,working,False,0.0308837890625,0.0019439061482747395,pooled_controls,bf16
L20_N9674,20,9674,ambiguity,amb_0066,2.0707223415374756,2.0648446083068848,-0.00587773323059082,0.32435888051986694,0.32470640540122986,0.11318346112966537,working,False,0.004730224609375,0.0019439061482747395,pooled_controls,bf16
L20_N9674,20,9674,ambiguity,amb_0067,3.4030425548553467,3.3998780250549316,-0.003164529800415039,0.2503643333911896,0.24924755096435547,0.11318346112966537,working,False,0.0054931640625,0.0019439061482747395,pooled_controls,bf16
L20_N9674,20,9674,ambiguity,amb_0068,0.27864107489585876,0.306566059589386,0.02792498469352722,0.9491060376167297,0.9427286386489868,0.11318346112966537,working,False,-0.00531005859375,0.0019439061482747395,pooled_controls,bf16
L20_N9674,20,9674,ambiguity,amb_0069,3.569601058959961,3.593846321105957,0.024245262145996094,0.23654481768608093,0.22725079953670502,0.11318346112966537,working,False,-0.037353515625,0.0019439061482747395,pooled_controls,bf16
L20_N9674,20,9674,ambiguity,amb_0070,1.2353311777114868,1.2883515357971191,0.053020358085632324,0.7235127687454224,0.7120679020881653,0.11318346112966537,working,False,-0.0137939453125,0.0019439061482747395,pooled_controls,bf16
L20_N9674,20,9674,ambiguity,amb_0071,0.5878744125366211,0.5873172283172607,-0.0005571842193603516,0.9036218523979187,0.903657078742981,0.11318346112966537,working,False,0.0018463134765625,0.0019439061482747395,pooled_controls,bf16
L20_N9674,20,9674,ambiguity,amb_0072,1.4870750904083252,1.496382474899292,0.009307384490966797,0.7113951444625854,0.7075547575950623,0.11318346112966537,working,False,-0.0247802734375,0.0019439061482747395,pooled_controls,bf16
L20_N9674,20,9674,ambiguity,amb_0073,2.011209487915039,2.011289119720459,7.963180541992188e-05,0.25993621349334717,0.25985825061798096,0.11318346112966537,working,False,-0.04296875,0.0019439061482747395,pooled_controls,bf16
L20_N9674,20,9674,ambiguity,amb_0074,1.8976142406463623,1.8815979957580566,-0.016016244888305664,0.5668606758117676,0.5734120011329651,0.11318346112966537,working,False,0.017578125,0.0019439061482747395,pooled_controls,bf16
L20_N9674,20,9674,ambiguity,amb_0075,2.3578433990478516,2.360154628753662,0.002311229705810547,0.483648419380188,0.485064297914505,0.11318346112966537,working,False,0.0262451171875,0.0019439061482747395,pooled_controls,bf16
L20_N9674,20,9674,ambiguity,amb_0076,2.618499994277954,2.6238412857055664,0.005341291427612305,0.2548840641975403,0.25436723232269287,0.11318346112966537,working,False,-0.0101318359375,0.0019439061482747395,pooled_controls,bf16
L20_N9674,20,9674,ambiguity,amb_0077,2.4425735473632812,2.444852590560913,0.002279043197631836,0.5396357774734497,0.539352297782898,0.11318346112966537,working,False,0.00799560546875,0.0019439061482747395,pooled_controls,bf16
L20_N9674,20,9674,ambiguity,amb_0078,1.1666830778121948,1.2147150039672852,0.04803192615509033,0.7637596130371094,0.7520350217819214,0.11318346112966537,working,False,-0.027099609375,0.0019439061482747395,pooled_controls,bf16
L20_N9674,20,9674,ambiguity,amb_0079,2.033189535140991,2.012925863265991,-0.020263671875,0.3496057987213135,0.3341296315193176,0.11318346112966537,working,False,-0.0169677734375,0.0019439061482747395,pooled_controls,bf16
L20_N9674,20,9674,ambiguity,amb_0080,2.0369515419006348,2.034543991088867,-0.002407550811767578,0.4895094633102417,0.489912211894989,0.11318346112966537,working,False,-0.0130615234375,0.0019439061482747395,pooled_controls,bf16
L20_N9674,20,9674,ambiguity,amb_0081,3.092586040496826,3.086146354675293,-0.006439685821533203,0.5298091173171997,0.5320132970809937,0.11318346112966537,working,False,-0.01513671875,0.0019439061482747395,pooled_controls,bf16
L20_N9674,20,9674,ambiguity,amb_0082,1.6431922912597656,1.657375454902649,0.0141831636428833,0.7570251226425171,0.7533751726150513,0.11318346112966537,working,False,0.01092529296875,0.0019439061482747395,pooled_controls,bf16
L20_N9674,20,9674,ambiguity,amb_0083,5.554958343505859,5.567941665649414,0.012983322143554688,0.07461758702993393,0.07468798011541367,0.11318346112966537,working,False,-0.020263671875,0.0019439061482747395,pooled_controls,bf16
L20_N9674,20,9674,ambiguity,amb_0084,2.906287670135498,2.9084677696228027,0.0021800994873046875,0.4053276777267456,0.4035297632217407,0.11318346112966537,held_out,False,-0.00689697265625,0.0019439061482747395,pooled_controls,bf16
L20_N9674,20,9674,ambiguity,amb_0085,3.2369580268859863,3.1715455055236816,-0.06541252136230469,0.4754219353199005,0.4908235967159271,0.11318346112966537,held_out,False,0.0284423828125,0.0019439061482747395,pooled_controls,bf16
L20_N9674,20,9674,ambiguity,amb_0086,3.4680352210998535,3.467829704284668,-0.00020551681518554688,0.16339129209518433,0.16277477145195007,0.11318346112966537,held_out,False,0.019775390625,0.0019439061482747395,pooled_controls,bf16
L20_N9674,20,9674,ambiguity,amb_0087,0.21132242679595947,0.21484920382499695,0.0035267770290374756,0.9734991192817688,0.9729232788085938,0.11318346112966537,held_out,False,-0.0033416748046875,0.0019439061482747395,pooled_controls,bf16
L20_N9674,20,9674,ambiguity,amb_0088,3.366471767425537,3.3657021522521973,-0.0007696151733398438,0.26610100269317627,0.2628345787525177,0.11318346112966537,held_out,False,-0.007171630859375,0.0019439061482747395,pooled_controls,bf16
L20_N9674,20,9674,ambiguity,amb_0089,3.781087636947632,3.8337836265563965,0.05269598960876465,0.3369584083557129,0.3175644278526306,0.11318346112966537,held_out,False,-0.00836181640625,0.0019439061482747395,pooled_controls,bf16
L20_N9674,20,9674,ambiguity,amb_0090,0.8448827266693115,0.8583500981330872,0.013467371463775635,0.7932525873184204,0.7880309820175171,0.11318346112966537,held_out,False,-0.0057373046875,0.0019439061482747395,pooled_controls,bf16
L20_N9674,20,9674,ambiguity,amb_0091,1.8923972845077515,1.8922507762908936,-0.00014650821685791016,0.5461603403091431,0.5462440848350525,0.11318346112966537,held_out,False,-0.00433349609375,0.0019439061482747395,pooled_controls,bf16
L20_N9674,20,9674,ambiguity,amb_0092,1.6362665891647339,1.7283897399902344,0.09212315082550049,0.7017658948898315,0.6834928393363953,0.11318346112966537,held_out,False,0.02001953125,0.0019439061482747395,pooled_controls,bf16
L20_N9674,20,9674,ambiguity,amb_0093,0.8634747862815857,0.8724159002304077,0.008941113948822021,0.8298888802528381,0.8277530074119568,0.11318346112966537,held_out,False,0.0081787109375,0.0019439061482747395,pooled_controls,bf16
L20_N9674,20,9674,ambiguity,amb_0094,1.7390378713607788,1.719186544418335,-0.019851326942443848,0.4728764593601227,0.47644591331481934,0.11318346112966537,held_out,False,0.0281982421875,0.0019439061482747395,pooled_controls,bf16
L20_N9674,20,9674,ambiguity,amb_0095,0.821681022644043,0.8217238187789917,4.279613494873047e-05,0.8072279691696167,0.8072203397750854,0.11318346112966537,held_out,False,-0.0120849609375,0.0019439061482747395,pooled_controls,bf16
L20_N9674,20,9674,ambiguity,amb_0096,2.501300573348999,2.429835319519043,-0.07146525382995605,0.2968878149986267,0.3102148771286011,0.11318346112966537,held_out,False,0.00531005859375,0.0019439061482747395,pooled_controls,bf16
L20_N9674,20,9674,ambiguity,amb_0097,2.996896743774414,2.9983034133911133,0.0014066696166992188,0.2316855490207672,0.23368942737579346,0.11318346112966537,held_out,False,0.01177978515625,0.0019439061482747395,pooled_controls,bf16
L20_N9674,20,9674,ambiguity,amb_0098,2.3167881965637207,2.314918279647827,-0.0018699169158935547,0.26292508840560913,0.26300302147865295,0.11318346112966537,held_out,False,-0.0228271484375,0.0019439061482747395,pooled_controls,bf16
L20_N9674,20,9674,ambiguity,amb_0099,2.436516284942627,2.4399001598358154,0.0033838748931884766,0.35596418380737305,0.3565463423728943,0.11318346112966537,held_out,False,0.00147247314453125,0.0019439061482747395,pooled_controls,bf16
L20_N9674,20,9674,ambiguity,amb_0100,1.7052080631256104,1.7090189456939697,0.003810882568359375,0.5621854066848755,0.5616453289985657,0.11318346112966537,held_out,False,0.00070953369140625,0.0019439061482747395,pooled_controls,bf16
L20_N9674,20,9674,ambiguity,amb_0101,2.0023765563964844,2.0020885467529297,-0.0002880096435546875,0.4655653238296509,0.4654303789138794,0.11318346112966537,held_out,False,-0.013427734375,0.0019439061482747395,pooled_controls,bf16
L20_N9674,20,9674,ambiguity,amb_0102,2.005124568939209,2.006171703338623,0.0010471343994140625,0.29406610131263733,0.2885265350341797,0.11318346112966537,held_out,False,-0.01483154296875,0.0019439061482747395,pooled_controls,bf16
L20_N9674,20,9674,ambiguity,amb_0103,4.778031349182129,4.760865211486816,-0.0171661376953125,0.10608897358179092,0.11272751539945602,0.11318346112966537,held_out,False,0.002288818359375,0.0019439061482747395,pooled_controls,bf16
L20_N9674,20,9674,ambiguity,amb_0104,1.1206187009811401,1.1500768661499023,0.029458165168762207,0.7675607800483704,0.7581835985183716,0.11318346112966537,held_out,False,0.00433349609375,0.0019439061482747395,pooled_controls,bf16
L20_N9674,20,9674,ambiguity,amb_0105,2.1002590656280518,2.0833470821380615,-0.016911983489990234,0.5084797739982605,0.5251412987709045,0.11318346112966537,held_out,False,-0.0078125,0.0019439061482747395,pooled_controls,bf16
L20_N9674,20,9674,ambiguity,amb_0106,0.5232242941856384,0.5284856557846069,0.005261361598968506,0.9280524849891663,0.9268274903297424,0.11318346112966537,held_out,False,0.017578125,0.0019439061482747395,pooled_controls,bf16
L20_N9674,20,9674,ambiguity,amb_0107,2.999772548675537,3.0012712478637695,0.0014986991882324219,0.1862751543521881,0.1878397911787033,0.11318346112966537,held_out,False,-0.041015625,0.0019439061482747395,pooled_controls,bf16
L20_N9674,20,9674,ambiguity,amb_0108,2.6803855895996094,2.6845974922180176,0.004211902618408203,0.1892421841621399,0.1873413473367691,0.11318346112966537,held_out,False,0.00087738037109375,0.0019439061482747395,pooled_controls,bf16
L20_N9674,20,9674,ambiguity,amb_0109,0.34986984729766846,0.3421875834465027,-0.0076822638511657715,0.9464108347892761,0.9480444192886353,0.11318346112966537,held_out,False,0.0283203125,0.0019439061482747395,pooled_controls,bf16
L20_N9674,20,9674,ambiguity,amb_0110,1.9645905494689941,1.9448280334472656,-0.019762516021728516,0.4899759590625763,0.494010865688324,0.11318346112966537,held_out,False,0.00640869140625,0.0019439061482747395,pooled_controls,bf16
L20_N9674,20,9674,ambiguity,amb_0111,3.8684067726135254,3.867307662963867,-0.0010991096496582031,0.20527321100234985,0.20739281177520752,0.11318346112966537,held_out,False,-0.03466796875,0.0019439061482747395,pooled_controls,bf16
L20_N9674,20,9674,ambiguity,amb_0112,2.176384449005127,2.177788496017456,0.0014040470123291016,0.3407977223396301,0.3405013084411621,0.11318346112966537,held_out,False,-0.041015625,0.0019439061482747395,pooled_controls,bf16
L20_N9674,20,9674,ambiguity,amb_0113,0.9256861805915833,0.8632643222808838,-0.06242185831069946,0.8043229579925537,0.8221226334571838,0.11318346112966537,held_out,False,-0.040771484375,0.0019439061482747395,pooled_controls,bf16
L20_N9674,20,9674,ambiguity,amb_0114,0.7204865217208862,0.7780006527900696,0.05751413106918335,0.8451882004737854,0.8284130096435547,0.11318346112966537,held_out,False,0.0556640625,0.0019439061482747395,pooled_controls,bf16
L20_N9674,20,9674,ambiguity,amb_0115,2.9680774211883545,2.9656529426574707,-0.002424478530883789,0.34782540798187256,0.3474739193916321,0.11318346112966537,held_out,False,0.0123291015625,0.0019439061482747395,pooled_controls,bf16
L20_N9674,20,9674,ambiguity,amb_0116,1.9323124885559082,1.9381914138793945,0.005878925323486328,0.5209304094314575,0.5197710394859314,0.11318346112966537,held_out,False,0.004852294921875,0.0019439061482747395,pooled_controls,bf16
L20_N9674,20,9674,ambiguity,amb_0117,0.41895708441734314,0.4516650140285492,0.032707929611206055,0.9367285370826721,0.9311814904212952,0.11318346112966537,held_out,False,0.00179290771484375,0.0019439061482747395,pooled_controls,bf16
L20_N9674,20,9674,ambiguity,amb_0118,2.198213577270508,2.194641590118408,-0.0035719871520996094,0.43398311734199524,0.43435725569725037,0.11318346112966537,held_out,False,0.02490234375,0.0019439061482747395,pooled_controls,bf16
L20_N9674,20,9674,ambiguity,amb_0119,2.812081813812256,2.8147025108337402,0.002620697021484375,0.23698896169662476,0.23640085756778717,0.11318346112966537,held_out,False,-0.01068115234375,0.0019439061482747395,pooled_controls,bf16
L20_N9674,20,9674,ambiguity,amb_ctrl_0000,0.7766406536102295,0.7555524110794067,-0.021088242530822754,0.8515368700027466,0.8602063655853271,0.11318346112966537,working,True,0.0037689208984375,0.0019439061482747395,pooled_controls,bf16
L20_N9674,20,9674,ambiguity,amb_ctrl_0001,0.09729471802711487,0.09773609042167664,0.0004413723945617676,0.9864110350608826,0.98634934425354,0.11318346112966537,working,True,0.01904296875,0.0019439061482747395,pooled_controls,bf16
L20_N9674,20,9674,ambiguity,amb_ctrl_0002,1.1501094102859497,1.1470481157302856,-0.0030612945556640625,0.5672774314880371,0.5882649421691895,0.11318346112966537,working,True,-0.00994873046875,0.0019439061482747395,pooled_controls,bf16
L20_N9674,20,9674,ambiguity,amb_ctrl_0003,2.734994411468506,2.7427539825439453,0.007759571075439453,0.21374362707138062,0.21123462915420532,0.11318346112966537,working,True,-0.0263671875,0.0019439061482747395,pooled_controls,bf16
L20_N9674,20,9674,ambiguity,amb_ctrl_0004,1.2866910696029663,1.3264760971069336,0.039785027503967285,0.5674577355384827,0.5609841346740723,0.11318346112966537,working,True,-0.0020751953125,0.0019439061482747395,pooled_controls,bf16
L20_N9674,20,9674,ambiguity,amb_ctrl_0005,2.6738407611846924,2.7317612171173096,0.05792045593261719,0.4896385371685028,0.48030760884284973,0.11318346112966537,working,True,0.01214599609375,0.0019439061482747395,pooled_controls,bf16
L20_N9674,20,9674,ambiguity,amb_ctrl_0006,0.201217919588089,0.20145368576049805,0.00023576617240905762,0.9678196907043457,0.967796802520752,0.11318346112966537,working,True,0.00885009765625,0.0019439061482747395,pooled_controls,bf16
L20_N9674,20,9674,ambiguity,amb_ctrl_0007,0.2947760224342346,0.2826489210128784,-0.012127101421356201,0.949904203414917,0.9530102610588074,0.11318346112966537,working,True,-0.005889892578125,0.0019439061482747395,pooled_controls,bf16
L20_N9674,20,9674,ambiguity,amb_ctrl_0008,1.9313079118728638,1.935778260231018,0.004470348358154297,0.36000311374664307,0.35897955298423767,0.11318346112966537,working,True,-0.0152587890625,0.0019439061482747395,pooled_controls,bf16
L20_N9674,20,9674,ambiguity,amb_ctrl_0009,0.604310154914856,0.6069551110267639,0.002644956111907959,0.8772097826004028,0.8769320845603943,0.11318346112966537,working,True,0.0098876953125,0.0019439061482747395,pooled_controls,bf16
L20_N9674,20,9674,ambiguity,amb_ctrl_0010,0.12707942724227905,0.12707966566085815,2.384185791015625e-07,0.9798086285591125,0.9798088669776917,0.11318346112966537,working,True,0.04833984375,0.0019439061482747395,pooled_controls,bf16
L20_N9674,20,9674,ambiguity,amb_ctrl_0011,4.238875389099121,4.231141090393066,-0.0077342987060546875,0.10977223515510559,0.10924926400184631,0.11318346112966537,working,True,0.044921875,0.0019439061482747395,pooled_controls,bf16
L20_N9674,20,9674,ambiguity,amb_ctrl_0012,2.522399425506592,2.486416816711426,-0.035982608795166016,0.2560243010520935,0.28029870986938477,0.11318346112966537,working,True,0.0003833770751953125,0.0019439061482747395,pooled_controls,bf16
L20_N9674,20,9674,ambiguity,amb_ctrl_0013,5.372662544250488,5.369091033935547,-0.0035715103149414062,0.10198619961738586,0.1032068207859993,0.11318346112966537,working,True,0.0021209716796875,0.0019439061482747395,pooled_controls,bf16
L20_N9674,20,9674,ambiguity,amb_ctrl_0014,0.5423544645309448,0.545059323310852,0.0027048587799072266,0.9037502408027649,0.9033890962600708,0.11318346112966537,working,True,-0.0013275146484375,0.0019439061482747395,pooled_controls,bf16
L20_N9674,20,9674,ambiguity,amb_ctrl_0015,4.3377366065979,4.333334922790527,-0.004401683807373047,0.2934378981590271,0.2910580635070801,0.11318346112966537,working,True,0.00087738037109375,0.0019439061482747395,pooled_controls,bf16
L20_N9674,20,9674,ambiguity,amb_ctrl_0016,2.8179564476013184,2.817432165145874,-0.0005242824554443359,0.24184849858283997,0.23546679317951202,0.11318346112966537,working,True,0.0020751953125,0.0019439061482747395,pooled_controls,bf16
L20_N9674,20,9674,ambiguity,amb_ctrl_0017,1.3171398639678955,1.317586064338684,0.0004462003707885742,0.773847758769989,0.7740648984909058,0.11318346112966537,working,True,-0.033447265625,0.0019439061482747395,pooled_controls,bf16
L20_N9674,20,9674,ambiguity,amb_ctrl_0018,2.9222288131713867,2.9204187393188477,-0.0018100738525390625,0.24335934221744537,0.24354462325572968,0.11318346112966537,working,True,-0.0240478515625,0.0019439061482747395,pooled_controls,bf16
L20_N9674,20,9674,ambiguity,amb_ctrl_0019,5.361654281616211,5.384149551391602,0.022495269775390625,0.09632216393947601,0.09773964434862137,0.11318346112966537,working,True,-0.0023651123046875,0.0019439061482747395,pooled_controls,bf16
L20_N9674,20,9674,ambiguity,amb_ctrl_0020,4.601905822753906,4.665131568908691,0.06322574615478516,0.2898511588573456,0.2791357636451721,0.11318346112966537,working,True,-0.0012969970703125,0.0019439061482747395,pooled_controls,bf16
L20_N9674,20,9674,ambiguity,amb_ctrl_0021,2.9766604900360107,2.962141752243042,-0.01451873779296875,0.27002450823783875,0.2633821964263916,0.11318346112966537,working,True,0.06396484375,0.0019439061482747395,pooled_controls,bf16
L20_N9674,20,9674,ambiguity,amb_ctrl_0022,2.5405263900756836,2.5893139839172363,0.048787593841552734,0.5305885672569275,0.5241376757621765,0.11318346112966537,working,True,0.0238037109375,0.0019439061482747395,pooled_controls,bf16
L20_N9674,20,9674,ambiguity,amb_ctrl_0023,2.682981014251709,2.7544755935668945,0.07149457931518555,0.25725501775741577,0.24261082708835602,0.11318346112966537,working,True,-0.01953125,0.0019439061482747395,pooled_controls,bf16
L20_N9674,20,9674,ambiguity,amb_ctrl_0024,2.4536571502685547,2.508316993713379,0.05465984344482422,0.5255476832389832,0.514162003993988,0.11318346112966537,working,True,0.00933837890625,0.0019439061482747395,pooled_controls,bf16
L20_N9674,20,9674,ambiguity,amb_ctrl_0025,1.1939071416854858,1.1177036762237549,-0.07620346546173096,0.7682332992553711,0.7804955244064331,0.11318346112966537,working,True,0.0145263671875,0.0019439061482747395,pooled_controls,bf16
L20_N9674,20,9674,ambiguity,amb_ctrl_0026,0.9327545166015625,0.9730706810951233,0.04031616449356079,0.7439746260643005,0.7265369892120361,0.11318346112966537,working,True,-0.01312255859375,0.0019439061482747395,pooled_controls,bf16
L20_N9674,20,9674,ambiguity,amb_ctrl_0027,1.6260687112808228,1.6364895105361938,0.010420799255371094,0.53364098072052,0.530707061290741,0.11318346112966537,working,True,0.0036163330078125,0.0019439061482747395,pooled_controls,bf16
L20_N9674,20,9674,ambiguity,amb_ctrl_0028,1.9965972900390625,2.01100492477417,0.014407634735107422,0.6128343939781189,0.6034978628158569,0.11318346112966537,working,True,0.02197265625,0.0019439061482747395,pooled_controls,bf16
L20_N9674,20,9674,ambiguity,amb_ctrl_0029,1.5382331609725952,1.5406075716018677,0.002374410629272461,0.38559937477111816,0.3854343891143799,0.11318346112966537,working,True,0.08740234375,0.0019439061482747395,pooled_controls,bf16
L20_N9674,20,9674,ambiguity,amb_ctrl_0030,1.825148344039917,1.832665205001831,0.0075168609619140625,0.5318348407745361,0.5267621278762817,0.11318346112966537,working,True,0.0038299560546875,0.0019439061482747395,pooled_controls,bf16
L20_N9674,20,9674,ambiguity,amb_ctrl_0031,3.056546926498413,3.053576707839966,-0.0029702186584472656,0.17859788239002228,0.17649491131305695,0.11318346112966537,working,True,0.01104736328125,0.0019439061482747395,pooled_controls,bf16
L20_N9674,20,9674,ambiguity,amb_ctrl_0032,2.7289576530456543,2.6928296089172363,-0.03612804412841797,0.24979281425476074,0.26133742928504944,0.11318346112966537,working,True,0.0052490234375,0.0019439061482747395,pooled_controls,bf16
L20_N9674,20,9674,ambiguity,amb_ctrl_0033,0.5639548897743225,0.5639961361885071,4.124641418457031e-05,0.8955055475234985,0.8954769968986511,0.11318346112966537,working,True,0.01361083984375,0.0019439061482747395,pooled_controls,bf16
L20_N9674,20,9674,ambiguity,amb_ctrl_0034,0.46364283561706543,0.4649277627468109,0.0012849271297454834,0.9274066090583801,0.9271615147590637,0.11318346112966537,working,True,0.002685546875,0.0019439061482747395,pooled_controls,bf16
L20_N9674,20,9674,ambiguity,amb_ctrl_0035,4.913356781005859,4.905949592590332,-0.007407188415527344,0.07138054817914963,0.07606305181980133,0.11318346112966537,working,True,0.0203857421875,0.0019439061482747395,pooled_controls,bf16
L20_N9674,20,9674,ambiguity,amb_ctrl_0036,2.8000435829162598,2.8023862838745117,0.002342700958251953,0.42631012201309204,0.4259454905986786,0.11318346112966537,working,True,0.0159912109375,0.0019439061482747395,pooled_controls,bf16
L20_N9674,20,9674,ambiguity,amb_ctrl_0037,2.7010412216186523,2.7011613845825195,0.0001201629638671875,0.38632428646087646,0.38333892822265625,0.11318346112966537,working,True,0.027587890625,0.0019439061482747395,pooled_controls,bf16
L20_N9674,20,9674,ambiguity,amb_ctrl_0038,3.2420296669006348,3.2339141368865967,-0.008115530014038086,0.1702917218208313,0.17345702648162842,0.11318346112966537,working,True,-0.001678466796875,0.0019439061482747395,pooled_controls,bf16
L20_N9674,20,9674,ambiguity,amb_ctrl_0039,0.3799930214881897,0.4097737967967987,0.02978077530860901,0.9415091276168823,0.9357802867889404,0.11318346112966537,working,True,-0.0186767578125,0.0019439061482747395,pooled_controls,bf16
L20_N9674,20,9674,ambiguity,amb_ctrl_0040,2.988630533218384,2.989964008331299,0.001333475112915039,0.30050066113471985,0.30037403106689453,0.11318346112966537,working,True,-0.06787109375,0.0019439061482747395,pooled_controls,bf16
L20_N9674,20,9674,ambiguity,amb_ctrl_0041,1.9082388877868652,1.9117878675460815,0.0035489797592163086,0.5990794897079468,0.5958788394927979,0.11318346112966537,working,True,0.005615234375,0.0019439061482747395,pooled_controls,bf16
L20_N9674,20,9674,ambiguity,amb_ctrl_0042,3.304969549179077,3.3080196380615234,0.003050088882446289,0.3426487445831299,0.3425927460193634,0.11318346112966537,working,True,0.03466796875,0.0019439061482747395,pooled_controls,bf16
L20_N9674,20,9674,ambiguity,amb_ctrl_0043,0.3423001766204834,0.3408902883529663,-0.0014098882675170898,0.9096891283988953,0.9098734259605408,0.11318346112966537,working,True,0.000110626220703125,0.0019439061482747395,pooled_controls,bf16
L20_N9674,20,9674,ambiguity,amb_ctrl_0044,5.378116607666016,5.3749542236328125,-0.003162384033203125,0.1182311624288559,0.11941799521446228,0.11318346112966537,working,True,0.0146484375,0.0019439061482747395,pooled_controls,bf16
L20_N9674,20,9674,ambiguity,amb_ctrl_0045,2.304725170135498,2.3337249755859375,0.028999805450439453,0.26542025804519653,0.2422836422920227,0.11318346112966537,working,True,-0.006927490234375,0.0019439061482747395,pooled_controls,bf16
L20_N9674,20,9674,ambiguity,amb_ctrl_0046,3.76407527923584,3.733691930770874,-0.03038334846496582,0.13274690508842468,0.13718947768211365,0.11318346112966537,working,True,-0.00173187255859375,0.0019439061482747395,pooled_controls,bf16
L20_N9674,20,9674,ambiguity,amb_ctrl_0047,3.065524101257324,3.124239206314087,0.058715105056762695,0.3836395740509033,0.3608914315700531,0.11318346112966537,working,True,0.000225067138671875,0.0019439061482747395,pooled_controls,bf16
L20_N9674,20,9674,ambiguity,amb_ctrl_0048,5.083179473876953,5.0892486572265625,0.006069183349609375,0.18745993077754974,0.1891201287508011,0.11318346112966537,working,True,-0.006805419921875,0.0019439061482747395,pooled_controls,bf16
L20_N9674,20,9674,ambiguity,amb_ctrl_0049,1.2665965557098389,1.280945897102356,0.01434934139251709,0.7476392984390259,0.7440586686134338,0.11318346112966537,working,True,-0.005828857421875,0.0019439061482747395,pooled_controls,bf16
L20_N9674,20,9674,ambiguity,amb_ctrl_0050,3.729827642440796,3.7378616333007812,0.008033990859985352,0.26900753378868103,0.26850882172584534,0.11318346112966537,working,True,0.037109375,0.0019439061482747395,pooled_controls,bf16
L20_N9674,20,9674,ambiguity,amb_ctrl_0051,2.2200121879577637,2.2188215255737305,-0.0011906623840332031,0.5213475823402405,0.5242390632629395,0.11318346112966537,working,True,0.00168609619140625,0.0019439061482747395,pooled_controls,bf16
L20_N9674,20,9674,ambiguity,amb_ctrl_0052,3.310584545135498,3.3141298294067383,0.0035452842712402344,0.14980924129486084,0.1501065343618393,0.11318346112966537,working,True,-0.0006103515625,0.0019439061482747395,pooled_controls,bf16
L20_N9674,20,9674,ambiguity,amb_ctrl_0053,2.4620916843414307,2.439685821533203,-0.02240586280822754,0.3166545331478119,0.3166544437408447,0.11318346112966537,working,True,-0.00689697265625,0.0019439061482747395,pooled_controls,bf16
L20_N9674,20,9674,ambiguity,amb_ctrl_0054,4.114995956420898,4.115482807159424,0.0004868507385253906,0.2303536981344223,0.23321667313575745,0.11318346112966537,working,True,0.06982421875,0.0019439061482747395,pooled_controls,bf16
L20_N9674,20,9674,ambiguity,amb_ctrl_0055,2.642899990081787,2.633923292160034,-0.00897669792175293,0.32313698530197144,0.3271413743495941,0.11318346112966537,working,True,0.007659912109375,0.0019439061482747395,pooled_controls,bf16
L20_N9674,20,9674,ambiguity,amb_ctrl_0056,4.992990493774414,5.000606060028076,0.007615566253662109,0.13981656730175018,0.13949447870254517,0.11318346112966537,working,True,0.0208740234375,0.0019439061482747395,pooled_controls,bf16
L20_N9674,20,9674,ambiguity,amb_ctrl_0057,0.72358238697052,0.7240049839019775,0.00042259693145751953,0.6951943039894104,0.6951372027397156,0.11318346112966537,working,True,-0.006317138671875,0.0019439061482747395,pooled_controls,bf16
L20_N9674,20,9674,ambiguity,amb_ctrl_0058,3.0716848373413086,3.0901098251342773,0.01842498779296875,0.17631740868091583,0.18114300072193146,0.11318346112966537,working,True,-0.0074462890625,0.0019439061482747395,pooled_controls,bf16
L20_N9674,20,9674,ambiguity,amb_ctrl_0059,2.4294238090515137,2.4874160289764404,0.05799221992492676,0.5226604342460632,0.5018131136894226,0.11318346112966537,working,True,0.0107421875,0.0019439061482747395,pooled_controls,bf16
L20_N9674,20,9674,ambiguity,amb_ctrl_0060,1.0038834810256958,1.010389804840088,0.00650632381439209,0.8310943841934204,0.8298867344856262,0.11318346112966537,working,True,0.003997802734375,0.0019439061482747395,pooled_controls,bf16
L20_N9674,20,9674,ambiguity,amb_ctrl_0061,3.0814852714538574,3.080284595489502,-0.0012006759643554688,0.42257410287857056,0.4193032681941986,0.11318346112966537,working,True,0.038330078125,0.0019439061482747395,pooled_controls,bf16
L20_N9674,20,9674,ambiguity,amb_ctrl_0062,6.099908351898193,6.109545707702637,0.00963735580444336,0.0454409196972847,0.04243570938706398,0.11318346112966537,working,True,0.0030670166015625,0.0019439061482747395,pooled_controls,bf16
L20_N9674,20,9674,ambiguity,amb_ctrl_0063,3.982426166534424,4.021237850189209,0.038811683654785156,0.19488677382469177,0.18588609993457794,0.11318346112966537,working,True,0.000797271728515625,0.0019439061482747395,pooled_controls,bf16
L20_N9674,20,9674,ambiguity,amb_ctrl_0064,1.2800276279449463,1.2793707847595215,-0.0006568431854248047,0.7049450278282166,0.7053139209747314,0.11318346112966537,working,True,-0.00482177734375,0.0019439061482747395,pooled_controls,bf16
L20_N9674,20,9674,ambiguity,amb_ctrl_0065,1.728804349899292,1.7161946296691895,-0.012609720230102539,0.5687795877456665,0.5733469128608704,0.11318346112966537,working,True,-0.001007080078125,0.0019439061482747395,pooled_controls,bf16
L20_N9674,20,9674,ambiguity,amb_ctrl_0066,2.0725255012512207,2.0745859146118164,0.002060413360595703,0.38031232357025146,0.38007432222366333,0.11318346112966537,working,True,0.026123046875,0.0019439061482747395,pooled_controls,bf16
L20_N9674,20,9674,ambiguity,amb_ctrl_0067,3.082766532897949,3.0987496376037598,0.015983104705810547,0.21626727283000946,0.20541433990001678,0.11318346112966537,working,True,-0.01263427734375,0.0019439061482747395,pooled_controls,bf16
L20_N9674,20,9674,ambiguity,amb_ctrl_0068,2.5241587162017822,2.526559591293335,0.0024008750915527344,0.29160362482070923,0.2908695936203003,0.11318346112966537,working,True,0.00579833984375,0.0019439061482747395,pooled_controls,bf16
L20_N9674,20,9674,ambiguity,amb_ctrl_0069,1.3749003410339355,1.383152723312378,0.008252382278442383,0.7211427688598633,0.7192977070808411,0.11318346112966537,working,True,-0.009521484375,0.0019439061482747395,pooled_controls,bf16
L20_N9674,20,9674,ambiguity,amb_ctrl_0070,1.204169511795044,1.3107595443725586,0.10659003257751465,0.7618666887283325,0.7320752739906311,0.11318346112966537,working,True,0.0103759765625,0.0019439061482747395,pooled_controls,bf16
L20_N9674,20,9674,ambiguity,amb_ctrl_0071,2.7363505363464355,2.7356467247009277,-0.0007038116455078125,0.2670269310474396,0.2671353220939636,0.11318346112966537,working,True,-0.0028839111328125,0.0019439061482747395,pooled_controls,bf16
L20_N9674,20,9674,ambiguity,amb_ctrl_0072,0.3991299271583557,0.402223140001297,0.003093212842941284,0.9259452819824219,0.9253941178321838,0.11318346112966537,working,True,0.021240234375,0.0019439061482747395,pooled_controls,bf16
L20_N9674,20,9674,ambiguity,amb_ctrl_0073,2.7911183834075928,2.7212185859680176,-0.0698997974395752,0.31099262833595276,0.3323574662208557,0.11318346112966537,working,True,-0.0078125,0.0019439061482747395,pooled_controls,bf16
L20_N9674,20,9674,ambiguity,amb_ctrl_0074,2.8901166915893555,2.9153857231140137,0.025269031524658203,0.2257860153913498,0.20629093050956726,0.11318346112966537,working,True,-0.037109375,0.0019439061482747395,pooled_controls,bf16
L20_N9674,20,9674,ambiguity,amb_ctrl_0075,2.611227512359619,2.616300106048584,0.005072593688964844,0.5451282262802124,0.5434277057647705,0.11318346112966537,working,True,0.042236328125,0.0019439061482747395,pooled_controls,bf16
L20_N9674,20,9674,ambiguity,amb_ctrl_0076,3.449631690979004,3.447671890258789,-0.0019598007202148438,0.2657425105571747,0.26580482721328735,0.11318346112966537,working,True,-0.00106048583984375,0.0019439061482747395,pooled_controls,bf16
L20_N9674,20,9674,ambiguity,amb_ctrl_0077,1.4236340522766113,1.4265574216842651,0.0029233694076538086,0.6163606643676758,0.6133731007575989,0.11318346112966537,working,True,0.00103759765625,0.0019439061482747395,pooled_controls,bf16
L20_N9674,20,9674,ambiguity,amb_ctrl_0078,2.2226996421813965,2.229788303375244,0.007088661193847656,0.41798335313796997,0.4160466194152832,0.11318346112966537,working,True,-0.00518798828125,0.0019439061482747395,pooled_controls,bf16
L20_N9674,20,9674,ambiguity,amb_ctrl_0079,2.553337574005127,2.6281235218048096,0.07478594779968262,0.43941590189933777,0.42177391052246094,0.11318346112966537,working,True,-0.01318359375,0.0019439061482747395,pooled_controls,bf16
L20_N9674,20,9674,ambiguity,amb_ctrl_0080,2.430419445037842,2.427889823913574,-0.002529621124267578,0.27730607986450195,0.2777917683124542,0.11318346112966537,working,True,-0.0245361328125,0.0019439061482747395,pooled_controls,bf16
L20_N9674,20,9674,ambiguity,amb_ctrl_0081,1.4725465774536133,1.478134036064148,0.005587458610534668,0.5391753315925598,0.5385411977767944,0.11318346112966537,working,True,0.042236328125,0.0019439061482747395,pooled_controls,bf16
L20_N9674,20,9674,ambiguity,amb_ctrl_0082,2.0238261222839355,2.0385055541992188,0.014679431915283203,0.4524519741535187,0.4500183165073395,0.11318346112966537,working,True,0.010986328125,0.0019439061482747395,pooled_controls,bf16
L20_N9674,20,9674,ambiguity,amb_ctrl_0083,1.331174373626709,1.3697282075881958,0.038553833961486816,0.5272114872932434,0.49714741110801697,0.11318346112966537,working,True,0.046630859375,0.0019439061482747395,pooled_controls,bf16
L20_N9674,20,9674,ambiguity,amb_ctrl_0084,3.23014760017395,3.297560214996338,0.0674126148223877,0.43897515535354614,0.42132407426834106,0.11318346112966537,held_out,True,-0.00732421875,0.0019439061482747395,pooled_controls,bf16
L20_N9674,20,9674,ambiguity,amb_ctrl_0085,2.178281784057617,2.1737849712371826,-0.00449681282043457,0.3071621358394623,0.30771493911743164,0.11318346112966537,held_out,True,-0.005126953125,0.0019439061482747395,pooled_controls,bf16
L20_N9674,20,9674,ambiguity,amb_ctrl_0086,1.1892834901809692,1.2376800775527954,0.04839658737182617,0.6098666191101074,0.5802611708641052,0.11318346112966537,held_out,True,-0.0087890625,0.0019439061482747395,pooled_controls,bf16
L20_N9674,20,9674,ambiguity,amb_ctrl_0087,4.720757007598877,4.712979793548584,-0.007777214050292969,0.18051175773143768,0.1810697764158249,0.11318346112966537,held_out,True,-0.017333984375,0.0019439061482747395,pooled_controls,bf16
L20_N9674,20,9674,ambiguity,amb_ctrl_0088,1.8164480924606323,1.8163363933563232,-0.00011169910430908203,0.3447813093662262,0.34478041529655457,0.11318346112966537,held_out,True,0.030517578125,0.0019439061482747395,pooled_controls,bf16
L20_N9674,20,9674,ambiguity,amb_ctrl_0089,0.8166414499282837,0.8268108367919922,0.010169386863708496,0.8653537631034851,0.8631389737129211,0.11318346112966537,held_out,True,0.0240478515625,0.0019439061482747395,pooled_controls,bf16
L20_N9674,20,9674,ambiguity,amb_ctrl_0090,0.7313582897186279,0.7299988865852356,-0.001359403133392334,0.8488500714302063,0.8490470051765442,0.11318346112966537,held_out,True,-0.0035400390625,0.0019439061482747395,pooled_controls,bf16
L20_N9674,20,9674,ambiguity,amb_ctrl_0091,0.7912845611572266,0.7928985357284546,0.0016139745712280273,0.8505407571792603,0.8503289222717285,0.11318346112966537,held_out,True,0.032958984375,0.0019439061482747395,pooled_controls,bf16
L20_N9674,20,9674,ambiguity,amb_ctrl_0092,0.20004436373710632,0.1900646984577179,-0.009979665279388428,0.9656380414962769,0.9672524333000183,0.11318346112966537,held_out,True,-0.00439453125,0.0019439061482747395,pooled_controls,bf16
L20_N9674,20,9674,ambiguity,amb_ctrl_0093,0.8184689283370972,0.8255539536476135,0.007085025310516357,0.7807179093360901,0.7677573561668396,0.11318346112966537,held_out,True,0.140625,0.0019439061482747395,pooled_controls,bf16
L20_N9674,20,9674,ambiguity,amb_ctrl_0094,1.9382219314575195,1.9317517280578613,-0.006470203399658203,0.47598159313201904,0.48251792788505554,0.11318346112966537,held_out,True,0.0166015625,0.0019439061482747395,pooled_controls,bf16
L20_N9674,20,9674,ambiguity,amb_ctrl_0095,0.1967904269695282,0.19689208269119263,0.00010165572166442871,0.9730347990989685,0.9730247855186462,0.11318346112966537,held_out,True,0.0103759765625,0.0019439061482747395,pooled_controls,bf16
L20_N9674,20,9674,ambiguity,amb_ctrl_0096,0.27954334020614624,0.30557161569595337,0.02602827548980713,0.9592352509498596,0.9547303318977356,0.11318346112966537,held_out,True,0.005615234375,0.0019439061482747395,pooled_controls,bf16
L20_N9674,20,9674,ambiguity,amb_ctrl_0097,4.615304946899414,4.614177227020264,-0.0011277198791503906,0.2903858721256256,0.2903730571269989,0.11318346112966537,held_out,True,-0.0079345703125,0.0019439061482747395,pooled_controls,bf16
L20_N9674,20,9674,ambiguity,amb_ctrl_0098,1.0526940822601318,1.0556280612945557,0.002933979034423828,0.7801284193992615,0.7797637581825256,0.11318346112966537,held_out,True,0.001434326171875,0.0019439061482747395,pooled_controls,bf16
L20_N9674,20,9674,ambiguity,amb_ctrl_0099,2.617166519165039,2.612797737121582,-0.004368782043457031,0.35361507534980774,0.3541736900806427,0.11318346112966537,held_out,True,0.0250244140625,0.0019439061482747395,pooled_controls,bf16
L20_N9674,20,9674,ambiguity,amb_ctrl_0100,3.230755090713501,3.234933853149414,0.004178762435913086,0.21227960288524628,0.2125028520822525,0.11318346112966537,held_out,True,-0.00112152099609375,0.0019439061482747395,pooled_controls,bf16
L20_N9674,20,9674,ambiguity,amb_ctrl_0101,2.5137133598327637,2.5116381645202637,-0.0020751953125,0.3411417007446289,0.3398781716823578,0.11318346112966537,held_out,True,-0.00482177734375,0.0019439061482747395,pooled_controls,bf16
L20_N9674,20,9674,ambiguity,amb_ctrl_0102,3.382952928543091,3.38944935798645,0.006496429443359375,0.4389851689338684,0.44184204936027527,0.11318346112966537,held_out,True,0.0172119140625,0.0019439061482747395,pooled_controls,bf16
L20_N9674,20,9674,ambiguity,amb_ctrl_0103,1.2881443500518799,1.3145041465759277,0.02635979652404785,0.6099465489387512,0.60326087474823,0.11318346112966537,held_out,True,-0.01556396484375,0.0019439061482747395,pooled_controls,bf16
L20_N9674,20,9674,ambiguity,amb_ctrl_0104,1.2201045751571655,1.2068276405334473,-0.013276934623718262,0.6614540815353394,0.6821553111076355,0.11318346112966537,held_out,True,0.037841796875,0.0019439061482747395,pooled_controls,bf16
L20_N9674,20,9674,ambiguity,amb_ctrl_0105,1.7128682136535645,1.6976306438446045,-0.015237569808959961,0.42329180240631104,0.4067354202270508,0.11318346112966537,held_out,True,-0.004669189453125,0.0019439061482747395,pooled_controls,bf16
L20_N9674,20,9674,ambiguity,amb_ctrl_0106,4.290400505065918,4.289114475250244,-0.0012860298156738281,0.12830117344856262,0.12887881696224213,0.11318346112966537,held_out,True,-0.01275634765625,0.0019439061482747395,pooled_controls,bf16
L20_N9674,20,9674,ambiguity,amb_ctrl_0107,1.973547339439392,1.9647084474563599,-0.008838891983032227,0.5560788512229919,0.5580772161483765,0.11318346112966537,held_out,True,-0.006622314453125,0.0019439061482747395,pooled_controls,bf16
L20_N9674,20,9674,ambiguity,amb_ctrl_0108,5.345915794372559,5.3382720947265625,-0.007643699645996094,0.19730085134506226,0.19699060916900635,0.11318346112966537,held_out,True,0.17578125,0.0019439061482747395,pooled_controls,bf16
L20_N9674,20,9674,ambiguity,amb_ctrl_0109,2.405097723007202,2.4102964401245117,0.00519871711730957,0.5640195608139038,0.5626319646835327,0.11318346112966537,held_out,True,0.0283203125,0.0019439061482747395,pooled_controls,bf16
L20_N9674,20,9674,ambiguity,amb_ctrl_0110,2.2092509269714355,2.2133443355560303,0.0040934085845947266,0.2498709261417389,0.24957175552845,0.11318346112966537,held_out,True,0.02001953125,0.0019439061482747395,pooled_controls,bf16
L20_N9674,20,9674,ambiguity,amb_ctrl_0111,2.009219169616699,2.018871784210205,0.00965261459350586,0.44997212290763855,0.4441754221916199,0.11318346112966537,held_out,True,0.0021820068359375,0.0019439061482747395,pooled_controls,bf16
L20_N9674,20,9674,ambiguity,amb_ctrl_0112,1.7968382835388184,1.8052338361740112,0.008395552635192871,0.5710203051567078,0.5646589398384094,0.11318346112966537,held_out,True,0.002899169921875,0.0019439061482747395,pooled_controls,bf16
L20_N9674,20,9674,ambiguity,amb_ctrl_0113,4.333885192871094,4.329672813415527,-0.004212379455566406,0.34712934494018555,0.3484440743923187,0.11318346112966537,held_out,True,0.01220703125,0.0019439061482747395,pooled_controls,bf16
L20_N9674,20,9674,ambiguity,amb_ctrl_0114,1.9962888956069946,1.9950954914093018,-0.001193404197692871,0.3115333616733551,0.31204670667648315,0.11318346112966537,held_out,True,-0.0062255859375,0.0019439061482747395,pooled_controls,bf16
L20_N9674,20,9674,ambiguity,amb_ctrl_0115,2.317293643951416,2.3111586570739746,-0.006134986877441406,0.4041188955307007,0.40662118792533875,0.11318346112966537,held_out,True,-0.0029296875,0.0019439061482747395,pooled_controls,bf16
L20_N9674,20,9674,ambiguity,amb_ctrl_0116,2.3295745849609375,2.3297784328460693,0.00020384788513183594,0.3391643166542053,0.3418669104576111,0.11318346112966537,held_out,True,-0.03125,0.0019439061482747395,pooled_controls,bf16
L20_N9674,20,9674,ambiguity,amb_ctrl_0117,1.5883352756500244,1.5614476203918457,-0.02688765525817871,0.574742317199707,0.5904045104980469,0.11318346112966537,held_out,True,-0.0076904296875,0.0019439061482747395,pooled_controls,bf16
L20_N9674,20,9674,ambiguity,amb_ctrl_0118,2.7129154205322266,2.706584930419922,-0.0063304901123046875,0.21529023349285126,0.2158215194940567,0.11318346112966537,held_out,True,-0.01361083984375,0.0019439061482747395,pooled_controls,bf16
L20_N9674,20,9674,ambiguity,amb_ctrl_0119,3.844236135482788,3.8593037128448486,0.015067577362060547,0.126031756401062,0.11958079040050507,0.11318346112966537,held_out,True,-0.00567626953125,0.0019439061482747395,pooled_controls,bf16
